値段,株数,金額,時刻
3546,200,709200,09:59:36
3546,100,354600,09:59:36
3545,600,2127000,09:59:35
3545,100,354500,09:59:34
3545,200,709000,09:59:31
3545,500,1772500,09:59:31
3545,100,354500,09:59:30
3545,400,1418000,09:59:30
3544,300,1063200,09:59:30
3545,300,1063500,09:59:26
3545,500,1772500,09:59:26
3545,400,1418000,09:59:26
3545,100,354500,09:59:26
3545,100,354500,09:59:26
3546,300,1063800,09:59:23
3545,100,354500,09:59:22
3545,100,354500,09:59:22
3546,200,709200,09:59:22
3545,100,354500,09:59:21
3545,100,354500,09:59:21
3546,300,1063800,09:59:21
3546,400,1418400,09:59:21
3546,100,354600,09:59:21
3546,400,1418400,09:59:21
3546,200,709200,09:59:20
3546,100,354600,09:59:20
3547,1500,5320500,09:59:19
3547,200,709400,09:59:18
3547,300,1064100,09:59:18
3547,200,709400,09:59:18
3547,200,709400,09:59:18
3548,300,1064400,09:59:17
3548,400,1419200,09:59:17
3549,100,354900,09:59:17
3548,200,709600,09:59:15
3548,900,3193200,09:59:14
3548,100,354800,09:59:14
3548,100,354800,09:59:13
3548,200,709600,09:59:12
3548,100,354800,09:59:12
3548,200,709600,09:59:12
3548,700,2483600,09:59:12
3548,300,1064400,09:59:12
3548,600,2128800,09:59:12
3548,400,1419200,09:59:12
3548,200,709600,09:59:12
3548,100,354800,09:59:12
3548,100,354800,09:59:12
3548,100,354800,09:59:12
3549,100,354900,09:59:09
3549,100,354900,09:59:09
3549,100,354900,09:59:09
3549,100,354900,09:59:08
3549,1100,3903900,09:59:08
3549,200,709800,09:59:08
3550,100,355000,09:59:08
3550,500,1775000,09:59:06
3549,100,354900,09:59:05
3550,100,355000,09:59:05
3550,300,1065000,09:59:05
3549,100,354900,09:59:02
3549,100,354900,09:59:02
3549,100,354900,09:59:01
3549,200,709800,09:59:00
3549,100,354900,09:59:00
3549,100,354900,09:59:00
3549,200,709800,09:58:56
3550,200,710000,09:58:55
3550,100,355000,09:58:53
3549,100,354900,09:58:53
3549,200,709800,09:58:52
3549,100,354900,09:58:52
3548,300,1064400,09:58:51
3549,100,354900,09:58:51
3548,200,709600,09:58:50
3549,2200,7807800,09:58:50
3549,1500,5323500,09:58:50
3550,100,355000,09:58:50
3550,100,355000,09:58:48
3550,1900,6745000,09:58:47
3551,4700,16689700,09:58:47
3551,200,710200,09:58:47
3551,200,710200,09:58:47
3551,200,710200,09:58:47
3551,400,1420400,09:58:47
3551,100,355100,09:58:47
3551,300,1065300,09:58:47
3551,100,355100,09:58:46
3550,100,355000,09:58:45
3550,100,355000,09:58:44
3551,100,355100,09:58:42
3551,100,355100,09:58:40
3551,100,355100,09:58:39
3551,100,355100,09:58:39
3552,1000,3552000,09:58:39
3551,1500,5326500,09:58:39
3551,100,355100,09:58:39
3551,100,355100,09:58:39
3551,400,1420400,09:58:39
3551,200,710200,09:58:38
3551,300,1065300,09:58:38
3551,100,355100,09:58:38
3551,400,1420400,09:58:38
3551,100,355100,09:58:38
3551,100,355100,09:58:38
3551,100,355100,09:58:38
3551,100,355100,09:58:38
3551,100,355100,09:58:38
3550,1000,3550000,09:58:38
3550,200,710000,09:58:38
3550,200,710000,09:58:38
3550,300,1065000,09:58:38
3549,100,354900,09:58:38
3550,2400,8520000,09:58:38
3549,3800,13486200,09:58:38
3549,100,354900,09:58:37
3549,100,354900,09:58:37
3548,100,354800,09:58:36
3548,2600,9224800,09:58:36
3548,300,1064400,09:58:35
3548,100,354800,09:58:30
3547,200,709400,09:58:30
3547,1100,3901700,09:58:29
3546,100,354600,09:58:27
3546,100,354600,09:58:24
3547,100,354700,09:58:23
3546,100,354600,09:58:22
3546,900,3191400,09:58:22
3546,100,354600,09:58:22
3545,2400,8508000,09:58:22
3545,200,709000,09:58:22
3545,800,2836000,09:58:20
3544,100,354400,09:58:19
3544,100,354400,09:58:18
3544,300,1063200,09:58:11
3544,100,354400,09:58:09
3544,200,708800,09:58:09
3544,200,708800,09:58:09
3543,200,708600,09:58:08
3544,100,354400,09:58:07
3544,100,354400,09:58:05
3543,100,354300,09:58:05
3543,100,354300,09:58:05
3544,200,708800,09:58:05
3544,100,354400,09:58:05
3544,1100,3898400,09:58:05
3545,1100,3899500,09:58:04
3545,100,354500,09:58:00
3545,300,1063500,09:58:00
3545,100,354500,09:58:00
3545,700,2481500,09:57:58
3545,1300,4608500,09:57:58
3544,1200,4252800,09:57:57
3544,400,1417600,09:57:57
3544,200,708800,09:57:57
3544,500,1772000,09:57:57
3544,200,708800,09:57:57
3544,200,708800,09:57:57
3544,200,708800,09:57:57
3545,100,354500,09:57:56
3545,200,709000,09:57:55
3544,100,354400,09:57:52
3545,200,709000,09:57:47
3546,300,1063800,09:57:46
3546,100,354600,09:57:46
3545,100,354500,09:57:46
3545,100,354500,09:57:44
3545,1600,5672000,09:57:44
3545,700,2481500,09:57:44
3545,800,2836000,09:57:44
3545,700,2481500,09:57:44
3545,700,2481500,09:57:44
3545,200,709000,09:57:44
3545,400,1418000,09:57:44
3544,200,708800,09:57:38
3544,100,354400,09:57:38
3543,400,1417200,09:57:37
3543,2400,8503200,09:57:36
3543,300,1062900,09:57:34
3543,200,708600,09:57:34
3543,500,1771500,09:57:34
3543,100,354300,09:57:33
3543,100,354300,09:57:30
3544,800,2835200,09:57:30
3543,1300,4605900,09:57:28
3543,100,354300,09:57:28
3543,100,354300,09:57:28
3543,200,708600,09:57:28
3543,200,708600,09:57:28
3544,100,354400,09:57:27
3544,300,1063200,09:57:24
3544,200,708800,09:57:24
3543,1000,3543000,09:57:23
3543,100,354300,09:57:21
3543,100,354300,09:57:21
3543,200,708600,09:57:21
3543,300,1062900,09:57:20
3543,200,708600,09:57:20
3544,100,354400,09:57:20
3543,200,708600,09:57:20
3543,100,354300,09:57:19
3543,100,354300,09:57:19
3543,500,1771500,09:57:18
3543,400,1417200,09:57:18
3543,200,708600,09:57:18
3544,500,1772000,09:57:18
3544,100,354400,09:57:16
3545,100,354500,09:57:14
3544,200,708800,09:57:13
3544,200,708800,09:57:13
3545,600,2127000,09:57:12
3543,100,354300,09:57:12
3543,1200,4251600,09:57:12
3544,200,708800,09:57:12
3544,100,354400,09:57:11
3544,900,3189600,09:57:11
3544,300,1063200,09:57:11
3544,100,354400,09:57:11
3545,100,354500,09:57:10
3545,1800,6381000,09:57:09
3546,100,354600,09:57:09
3546,100,354600,09:57:08
3546,100,354600,09:57:08
3546,100,354600,09:57:08
3546,100,354600,09:57:07
3547,2000,7094000,09:57:07
3546,500,1773000,09:57:07
3546,100,354600,09:57:06
3545,100,354500,09:57:04
3545,100,354500,09:57:04
3546,100,354600,09:57:02
3546,200,709200,09:57:02
3545,100,354500,09:57:01
3545,100,354500,09:57:01
3546,200,709200,09:57:00
3546,100,354600,09:57:00
3546,100,354600,09:57:00
3546,1700,6028200,09:56:59
3547,100,354700,09:56:59
3547,300,1064100,09:56:56
3547,100,354700,09:56:56
3547,100,354700,09:56:55
3546,100,354600,09:56:55
3547,100,354700,09:56:53
3547,100,354700,09:56:52
3546,100,354600,09:56:52
3547,100,354700,09:56:51
3547,900,3192300,09:56:51
3548,500,1774000,09:56:51
3548,100,354800,09:56:50
3548,100,354800,09:56:50
3548,300,1064400,09:56:49
3548,400,1419200,09:56:48
3547,2000,7094000,09:56:47
3547,400,1418800,09:56:47
3547,200,709400,09:56:46
3547,500,1773500,09:56:46
3547,200,709400,09:56:46
3546,100,354600,09:56:46
3546,1200,4255200,09:56:45
3546,100,354600,09:56:45
3546,1200,4255200,09:56:45
3546,100,354600,09:56:45
3545,100,354500,09:56:43
3546,100,354600,09:56:43
3546,100,354600,09:56:42
3546,500,1773000,09:56:42
3546,300,1063800,09:56:42
3545,5300,18788500,09:56:42
3544,600,2126400,09:56:40
3544,200,708800,09:56:40
3544,200,708800,09:56:39
3542,900,3187800,09:56:38
3543,3400,12046200,09:56:38
3544,200,708800,09:56:38
3544,100,354400,09:56:37
3544,200,708800,09:56:37
3544,2000,7088000,09:56:35
3544,100,354400,09:56:35
3544,4300,15239200,09:56:35
3544,500,1772000,09:56:35
3544,100,354400,09:56:35
3543,600,2125800,09:56:34
3543,200,708600,09:56:33
3543,100,354300,09:56:31
3543,100,354300,09:56:30
3543,100,354300,09:56:30
3543,100,354300,09:56:29
3544,1400,4961600,09:56:27
3543,100,354300,09:56:24
3543,100,354300,09:56:23
3543,300,1062900,09:56:23
3543,100,354300,09:56:23
3543,100,354300,09:56:21
3543,200,708600,09:56:21
3543,200,708600,09:56:21
3543,200,708600,09:56:21
3542,500,1771000,09:56:20
3541,100,354100,09:56:19
3541,100,354100,09:56:18
3541,100,354100,09:56:18
3541,100,354100,09:56:18
3540,100,354000,09:56:17
3540,100,354000,09:56:17
3540,2600,9204000,09:56:17
3541,300,1062300,09:56:17
3541,100,354100,09:56:15
3541,300,1062300,09:56:14
3541,200,708200,09:56:13
3541,100,354100,09:56:13
3542,300,1062600,09:56:13
3541,500,1770500,09:56:13
3541,800,2832800,09:56:12
3541,100,354100,09:56:10
3541,300,1062300,09:56:10
3541,200,708200,09:56:10
3541,200,708200,09:56:10
3541,200,708200,09:56:10
3541,200,708200,09:56:10
3541,200,708200,09:56:10
3542,400,1416800,09:56:09
3541,700,2478700,09:56:08
3542,400,1416800,09:56:08
3542,100,354200,09:56:08
3542,200,708400,09:56:08
3542,100,354200,09:56:08
3542,100,354200,09:56:08
3542,100,354200,09:56:08
3542,100,354200,09:56:08
3542,200,708400,09:56:08
3542,300,1062600,09:56:07
3542,200,708400,09:56:06
3542,300,1062600,09:56:06
3542,100,354200,09:56:06
3542,1700,6021400,09:56:05
3542,100,354200,09:56:05
3542,200,708400,09:56:05
3542,100,354200,09:56:05
3542,200,708400,09:56:05
3542,200,708400,09:56:05
3543,100,354300,09:56:01
3543,300,1062900,09:56:01
3543,1000,3543000,09:56:01
3544,2300,8151200,09:55:57
3545,300,1063500,09:55:56
3544,600,2126400,09:55:55
3544,200,708800,09:55:54
3544,2800,9923200,09:55:54
3544,5900,20909600,09:55:54
3544,800,2835200,09:55:54
3543,3800,13463400,09:55:54
3543,200,708600,09:55:54
3543,200,708600,09:55:54
3543,200,708600,09:55:54
3543,300,1062900,09:55:54
3543,200,708600,09:55:54
3542,1000,3542000,09:55:51
3542,300,1062600,09:55:51
3542,200,708400,09:55:51
3542,100,354200,09:55:51
3542,100,354200,09:55:51
3542,100,354200,09:55:51
3542,100,354200,09:55:50
3542,100,354200,09:55:49
3542,100,354200,09:55:45
3542,100,354200,09:55:44
3542,200,708400,09:55:44
3542,100,354200,09:55:43
3542,100,354200,09:55:38
3542,100,354200,09:55:38
3543,1000,3543000,09:55:36
3542,400,1416800,09:55:36
3542,100,354200,09:55:36
3541,300,1062300,09:55:36
3541,300,1062300,09:55:36
3541,700,2478700,09:55:36
3541,800,2832800,09:55:36
3541,600,2124600,09:55:36
3541,200,708200,09:55:36
3541,100,354100,09:55:36
3542,300,1062600,09:55:32
3542,200,708400,09:55:30
3542,200,708400,09:55:30
3542,200,708400,09:55:30
3542,200,708400,09:55:30
3542,400,1416800,09:55:30
3542,100,354200,09:55:30
3542,200,708400,09:55:30
3542,400,1416800,09:55:29
3542,200,708400,09:55:29
3542,100,354200,09:55:29
3543,200,708600,09:55:29
3543,200,708600,09:55:28
3543,200,708600,09:55:25
3544,100,354400,09:55:23
3543,10000,35430000,09:55:23
3543,400,1417200,09:55:23
3543,1200,4251600,09:55:23
3543,200,708600,09:55:23
3543,100,354300,09:55:23
3543,400,1417200,09:55:23
3543,100,354300,09:55:23
3542,100,354200,09:55:21
3542,100,354200,09:55:19
3542,100,354200,09:55:17
3542,100,354200,09:55:15
3542,100,354200,09:55:15
3542,100,354200,09:55:14
3542,100,354200,09:55:14
3542,100,354200,09:55:13
3542,100,354200,09:55:13
3542,200,708400,09:55:12
3542,200,708400,09:55:12
3542,200,708400,09:55:12
3541,100,354100,09:55:12
3541,800,2832800,09:55:09
3542,100,354200,09:55:09
3542,200,708400,09:55:09
3541,100,354100,09:55:08
3542,100,354200,09:55:07
3542,100,354200,09:55:07
3542,1000,3542000,09:55:07
3542,200,708400,09:55:07
3542,200,708400,09:55:07
3542,200,708400,09:55:07
3542,200,708400,09:55:07
3542,100,354200,09:55:06
3542,100,354200,09:55:06
3543,100,354300,09:55:05
3543,200,708600,09:55:04
3542,200,708400,09:55:03
3543,100,354300,09:55:03
3543,100,354300,09:55:03
3543,100,354300,09:55:03
3543,100,354300,09:55:02
3543,2100,7440300,09:55:02
3543,500,1771500,09:55:02
3543,100,354300,09:55:02
3543,100,354300,09:55:02
3543,100,354300,09:55:00
3543,100,354300,09:55:00
3544,200,708800,09:55:00
3543,400,1417200,09:55:00
3542,100,354200,09:54:59
3543,300,1062900,09:54:59
3543,100,354300,09:54:59
3543,1000,3543000,09:54:58
3543,200,708600,09:54:58
3543,100,354300,09:54:58
3543,100,354300,09:54:57
3543,100,354300,09:54:55
3543,100,354300,09:54:49
3544,200,708800,09:54:49
3543,1300,4605900,09:54:49
3543,100,354300,09:54:48
3543,100,354300,09:54:48
3542,700,2479400,09:54:47
3542,600,2125200,09:54:47
3541,100,354100,09:54:47
3541,100,354100,09:54:46
3541,200,708200,09:54:45
3542,900,3187800,09:54:42
3542,400,1416800,09:54:42
3542,100,354200,09:54:41
3543,300,1062900,09:54:41
3543,100,354300,09:54:39
3542,800,2833600,09:54:39
3543,100,354300,09:54:36
3543,100,354300,09:54:36
3542,600,2125200,09:54:35
3543,200,708600,09:54:34
3543,200,708600,09:54:33
3543,100,354300,09:54:33
3543,100,354300,09:54:33
3543,100,354300,09:54:32
3543,300,1062900,09:54:32
3543,200,708600,09:54:32
3543,300,1062900,09:54:31
3542,300,1062600,09:54:31
3543,300,1062900,09:54:30
3543,100,354300,09:54:30
3544,100,354400,09:54:28
3543,100,354300,09:54:27
3544,300,1063200,09:54:27
3543,300,1062900,09:54:26
3543,100,354300,09:54:25
3543,1200,4251600,09:54:25
3543,300,1062900,09:54:25
3543,100,354300,09:54:24
3543,100,354300,09:54:23
3543,1600,5668800,09:54:23
3543,600,2125800,09:54:23
3543,100,354300,09:54:20
3543,100,354300,09:54:18
3542,200,708400,09:54:18
3542,100,354200,09:54:14
3541,200,708200,09:54:14
3542,100,354200,09:54:14
3542,200,708400,09:54:14
3542,100,354200,09:54:14
3542,100,354200,09:54:14
3542,100,354200,09:54:13
3542,100,354200,09:54:13
3542,100,354200,09:54:11
3542,300,1062600,09:54:11
3542,300,1062600,09:54:11
3542,300,1062600,09:54:11
3542,300,1062600,09:54:11
3542,300,1062600,09:54:11
3542,200,708400,09:54:11
3541,6600,23370600,09:54:11
3542,1900,6729800,09:54:11
3542,100,354200,09:54:10
3543,200,708600,09:54:09
3542,100,354200,09:54:09
3542,1100,3896200,09:54:06
3542,1300,4604600,09:54:04
3542,100,354200,09:54:04
3542,200,708400,09:54:04
3542,200,708400,09:54:04
3542,100,354200,09:54:04
3542,100,354200,09:54:03
3542,200,708400,09:54:02
3542,300,1062600,09:54:02
3542,100,354200,09:54:01
3542,200,708400,09:54:01
3543,100,354300,09:54:01
3542,2700,9563400,09:54:00
3543,100,354300,09:53:59
3543,900,3188700,09:53:58
3543,1000,3543000,09:53:58
3542,100,354200,09:53:56
3542,100,354200,09:53:55
3541,200,708200,09:53:53
3542,300,1062600,09:53:53
3542,100,354200,09:53:53
3542,100,354200,09:53:52
3542,200,708400,09:53:52
3542,2000,7084000,09:53:51
3541,100,354100,09:53:50
3542,100,354200,09:53:50
3542,100,354200,09:53:50
3542,300,1062600,09:53:50
3542,200,708400,09:53:50
3542,4100,14522200,09:53:50
3541,100,354100,09:53:50
3541,100,354100,09:53:49
3541,100,354100,09:53:46
3542,100,354200,09:53:45
3541,100,354100,09:53:45
3541,200,708200,09:53:45
3542,100,354200,09:53:44
3542,100,354200,09:53:44
3542,100,354200,09:53:44
3541,100,354100,09:53:44
3542,300,1062600,09:53:42
3541,100,354100,09:53:42
3542,200,708400,09:53:41
3542,4300,15230600,09:53:41
3542,100,354200,09:53:41
3542,100,354200,09:53:41
3542,100,354200,09:53:41
3542,500,1771000,09:53:40
3543,100,354300,09:53:40
3543,1500,5314500,09:53:40
3543,3200,11337600,09:53:40
3544,4400,15593600,09:53:40
3544,300,1063200,09:53:39
3544,400,1417600,09:53:39
3545,100,354500,09:53:36
3544,200,708800,09:53:33
3545,200,709000,09:53:30
3545,100,354500,09:53:30
3545,200,709000,09:53:28
3545,500,1772500,09:53:28
3545,100,354500,09:53:26
3545,300,1063500,09:53:26
3545,100,354500,09:53:26
3545,100,354500,09:53:26
3545,100,354500,09:53:25
3545,600,2127000,09:53:25
3545,200,709000,09:53:25
3546,100,354600,09:53:25
3545,300,1063500,09:53:24
3545,100,354500,09:53:22
3545,100,354500,09:53:21
3545,100,354500,09:53:21
3545,100,354500,09:53:20
3545,100,354500,09:53:18
3545,100,354500,09:53:18
3545,100,354500,09:53:17
3545,100,354500,09:53:16
3545,200,709000,09:53:15
3545,2700,9571500,09:53:13
3544,100,354400,09:53:12
3544,100,354400,09:53:12
3544,100,354400,09:53:11
3544,100,354400,09:53:10
3544,100,354400,09:53:10
3544,100,354400,09:53:10
3544,100,354400,09:53:10
3544,100,354400,09:53:10
3544,100,354400,09:53:09
3544,1000,3544000,09:53:09
3545,100,354500,09:53:08
3545,500,1772500,09:53:07
3545,100,354500,09:53:07
3545,300,1063500,09:53:06
3545,200,709000,09:53:06
3544,100,354400,09:53:05
3545,100,354500,09:53:05
3545,200,709000,09:53:05
3545,200,709000,09:53:04
3545,200,709000,09:53:04
3546,100,354600,09:53:02
3545,200,709000,09:53:01
3544,100,354400,09:53:01
3545,600,2127000,09:53:01
3545,600,2127000,09:53:01
3545,100,354500,09:53:00
3545,200,709000,09:53:00
3546,100,354600,09:52:59
3546,100,354600,09:52:59
3545,200,709000,09:52:59
3545,100,354500,09:52:59
3544,200,708800,09:52:59
3545,100,354500,09:52:58
3545,100,354500,09:52:58
3545,1000,3545000,09:52:58
3545,100,354500,09:52:58
3544,400,1417600,09:52:56
3543,200,708600,09:52:55
3544,100,354400,09:52:55
3543,100,354300,09:52:50
3544,200,708800,09:52:49
3543,100,354300,09:52:48
3544,200,708800,09:52:48
3544,100,354400,09:52:48
3544,100,354400,09:52:47
3544,100,354400,09:52:47
3544,100,354400,09:52:47
3544,200,708800,09:52:47
3545,7700,27296500,09:52:47
3544,3300,11695200,09:52:47
3543,100,354300,09:52:45
3543,100,354300,09:52:45
3543,100,354300,09:52:43
3543,100,354300,09:52:43
3543,100,354300,09:52:43
3543,300,1062900,09:52:40
3544,200,708800,09:52:40
3544,100,354400,09:52:39
3544,2100,7442400,09:52:39
3543,300,1062900,09:52:39
3543,400,1417200,09:52:39
3543,100,354300,09:52:38
3543,100,354300,09:52:36
3543,100,354300,09:52:35
3543,100,354300,09:52:34
3543,100,354300,09:52:34
3543,100,354300,09:52:33
3543,300,1062900,09:52:32
3543,100,354300,09:52:32
3543,100,354300,09:52:31
3542,100,354200,09:52:30
3544,300,1063200,09:52:28
3543,200,708600,09:52:28
3544,100,354400,09:52:27
3543,500,1771500,09:52:27
3543,100,354300,09:52:26
3543,100,354300,09:52:26
3543,100,354300,09:52:25
3542,200,708400,09:52:23
3543,200,708600,09:52:23
3543,100,354300,09:52:23
3543,400,1417200,09:52:23
3542,200,708400,09:52:22
3543,100,354300,09:52:21
3542,300,1062600,09:52:21
3543,100,354300,09:52:21
3543,300,1062900,09:52:19
3542,3300,11688600,09:52:19
3543,1700,6023100,09:52:19
3544,100,354400,09:52:18
3543,100,354300,09:52:16
3543,100,354300,09:52:16
3543,2300,8148900,09:52:15
3543,700,2480100,09:52:15
3543,2100,7440300,09:52:15
3543,800,2834400,09:52:15
3543,100,354300,09:52:15
3543,100,354300,09:52:15
3543,200,708600,09:52:15
3544,400,1417600,09:52:13
3544,100,354400,09:52:12
3543,100,354300,09:52:11
3543,100,354300,09:52:10
3543,200,708600,09:52:09
3543,1000,3543000,09:52:09
3543,100,354300,09:52:08
3544,100,354400,09:52:06
3543,1100,3897300,09:52:06
3543,100,354300,09:52:05
3543,2700,9566100,09:52:05
3543,100,354300,09:52:04
3543,300,1062900,09:52:02
3543,100,354300,09:52:02
3544,100,354400,09:52:01
3544,100,354400,09:52:01
3543,100,354300,09:52:00
3543,400,1417200,09:52:00
3543,400,1417200,09:52:00
3542,100,354200,09:52:00
3543,100,354300,09:51:59
3543,100,354300,09:51:59
3543,100,354300,09:51:59
3543,100,354300,09:51:58
3543,100,354300,09:51:58
3543,200,708600,09:51:58
3543,200,708600,09:51:57
3543,200,708600,09:51:57
3544,200,708800,09:51:56
3545,100,354500,09:51:56
3545,200,709000,09:51:55
3545,200,709000,09:51:53
3545,3100,10989500,09:51:53
3545,100,354500,09:51:51
3545,100,354500,09:51:51
3544,10000,35440000,09:51:51
3543,300,1062900,09:51:50
3543,400,1417200,09:51:50
3543,100,354300,09:51:49
3543,400,1417200,09:51:49
3543,200,708600,09:51:48
3543,100,354300,09:51:48
3543,200,708600,09:51:48
3543,100,354300,09:51:47
3542,200,708400,09:51:46
3542,300,1062600,09:51:45
3542,400,1416800,09:51:45
3542,200,708400,09:51:45
3543,100,354300,09:51:44
3543,2100,7440300,09:51:44
3542,100,354200,09:51:44
3543,800,2834400,09:51:43
3543,100,354300,09:51:42
3544,400,1417600,09:51:41
3543,100,354300,09:51:40
3544,100,354400,09:51:39
3544,100,354400,09:51:38
3543,100,354300,09:51:38
3543,300,1062900,09:51:38
3543,300,1062900,09:51:38
3542,100,354200,09:51:38
3542,100,354200,09:51:36
3542,700,2479400,09:51:36
3542,100,354200,09:51:36
3541,100,354100,09:51:36
3541,100,354100,09:51:34
3541,100,354100,09:51:32
3541,100,354100,09:51:32
3541,100,354100,09:51:31
3542,200,708400,09:51:31
3542,200,708400,09:51:31
3541,100,354100,09:51:30
3542,500,1771000,09:51:30
3542,400,1416800,09:51:30
3542,100,354200,09:51:30
3542,100,354200,09:51:29
3542,400,1416800,09:51:29
3542,500,1771000,09:51:28
3541,100,354100,09:51:28
3541,100,354100,09:51:28
3542,100,354200,09:51:28
3542,200,708400,09:51:28
3542,200,708400,09:51:28
3541,1000,3541000,09:51:28
3541,100,354100,09:51:28
3541,100,354100,09:51:28
3541,100,354100,09:51:28
3541,100,354100,09:51:28
3541,600,2124600,09:51:28
3542,900,3187800,09:51:28
3542,100,354200,09:51:27
3542,300,1062600,09:51:27
3542,100,354200,09:51:27
3542,100,354200,09:51:27
3542,100,354200,09:51:27
3542,100,354200,09:51:27
3542,500,1771000,09:51:27
3542,100,354200,09:51:27
3541,100,354100,09:51:27
3541,100,354100,09:51:27
3541,500,1770500,09:51:27
3540,200,708000,09:51:27
3541,1200,4249200,09:51:27
3541,100,354100,09:51:27
3541,100,354100,09:51:27
3542,1200,4250400,09:51:27
3540,100,354000,09:51:27
3541,100,354100,09:51:27
3541,100,354100,09:51:26
3541,200,708200,09:51:26
3541,200,708200,09:51:26
3541,200,708200,09:51:26
3541,200,708200,09:51:26
3541,100,354100,09:51:26
3541,1800,6373800,09:51:26
3541,8500,30098500,09:51:26
3541,500,1770500,09:51:26
3542,1500,5313000,09:51:26
3542,100,354200,09:51:26
3542,200,708400,09:51:26
3542,1000,3542000,09:51:26
3543,3200,11337600,09:51:26
3544,2600,9214400,09:51:26
3544,700,2480800,09:51:26
3545,8000,28360000,09:51:26
3545,100,354500,09:51:26
3545,100,354500,09:51:26
3545,100,354500,09:51:25
3546,300,1063800,09:51:25
3545,300,1063500,09:51:25
3545,300,1063500,09:51:24
3546,100,354600,09:51:23
3546,300,1063800,09:51:21
3546,400,1418400,09:51:19
3546,200,709200,09:51:18
3546,200,709200,09:51:18
3546,100,354600,09:51:17
3546,100,354600,09:51:16
3546,200,709200,09:51:16
3546,200,709200,09:51:16
3546,100,354600,09:51:15
3546,100,354600,09:51:15
3545,200,709000,09:51:14
3546,200,709200,09:51:13
3546,200,709200,09:51:13
3546,100,354600,09:51:12
3546,200,709200,09:51:12
3546,200,709200,09:51:11
3546,100,354600,09:51:10
3545,100,354500,09:51:09
3545,500,1772500,09:51:09
3546,100,354600,09:51:08
3546,200,709200,09:51:07
3546,300,1063800,09:51:07
3546,400,1418400,09:51:06
3546,500,1773000,09:51:04
3546,100,354600,09:51:04
3546,100,354600,09:51:03
3546,100,354600,09:51:03
3546,600,2127600,09:51:00
3546,200,709200,09:51:00
3546,100,354600,09:51:00
3546,200,709200,09:51:00
3546,300,1063800,09:51:00
3546,200,709200,09:51:00
3546,200,709200,09:51:00
3546,200,709200,09:51:00
3547,200,709400,09:51:00
3547,100,354700,09:51:00
3547,100,354700,09:51:00
3547,100,354700,09:51:00
3548,100,354800,09:50:59
3547,100,354700,09:50:58
3548,100,354800,09:50:56
3548,200,709600,09:50:56
3548,200,709600,09:50:56
3548,100,354800,09:50:56
3549,100,354900,09:50:54
3548,100,354800,09:50:53
3548,500,1774000,09:50:53
3548,900,3193200,09:50:53
3548,100,354800,09:50:53
3547,500,1773500,09:50:53
3546,100,354600,09:50:53
3547,100,354700,09:50:52
3547,100,354700,09:50:51
3547,200,709400,09:50:51
3547,100,354700,09:50:50
3547,500,1773500,09:50:50
3546,100,354600,09:50:46
3547,100,354700,09:50:46
3546,100,354600,09:50:46
3547,400,1418800,09:50:44
3547,100,354700,09:50:44
3547,200,709400,09:50:44
3547,400,1418800,09:50:44
3547,200,709400,09:50:44
3547,200,709400,09:50:44
3547,200,709400,09:50:44
3547,200,709400,09:50:44
3547,200,709400,09:50:44
3547,100,354700,09:50:44
3546,200,709200,09:50:44
3546,100,354600,09:50:43
3546,100,354600,09:50:43
3547,500,1773500,09:50:42
3546,200,709200,09:50:42
3546,100,354600,09:50:41
3546,100,354600,09:50:41
3546,100,354600,09:50:41
3546,200,709200,09:50:40
3546,600,2127600,09:50:40
3546,100,354600,09:50:39
3547,500,1773500,09:50:39
3546,100,354600,09:50:39
3546,800,2836800,09:50:38
3546,600,2127600,09:50:38
3546,1100,3900600,09:50:38
3545,100,354500,09:50:38
3546,4300,15247800,09:50:38
3547,2000,7094000,09:50:38
3547,900,3192300,09:50:38
3546,500,1773000,09:50:38
3546,100,354600,09:50:37
3546,100,354600,09:50:37
3545,300,1063500,09:50:37
3545,400,1418000,09:50:37
3546,100,354600,09:50:37
3546,100,354600,09:50:36
3546,800,2836800,09:50:36
3545,100,354500,09:50:36
3545,100,354500,09:50:36
3545,200,709000,09:50:36
3545,100,354500,09:50:36
3545,100,354500,09:50:36
3545,200,709000,09:50:36
3545,100,354500,09:50:36
3545,400,1418000,09:50:36
3544,500,1772000,09:50:36
3545,400,1418000,09:50:36
3545,100,354500,09:50:36
3545,200,709000,09:50:36
3545,200,709000,09:50:36
3545,200,709000,09:50:36
3545,400,1418000,09:50:36
3545,100,354500,09:50:36
3545,200,709000,09:50:36
3544,100,354400,09:50:36
3545,200,709000,09:50:36
3545,200,709000,09:50:36
3545,15300,54238500,09:50:36
3545,100,354500,09:50:36
3545,300,1063500,09:50:36
3546,300,1063800,09:50:36
3546,200,709200,09:50:36
3546,100,354600,09:50:36
3546,100,354600,09:50:36
3546,200,709200,09:50:35
3546,100,354600,09:50:35
3545,100,354500,09:50:35
3545,700,2481500,09:50:35
3545,100,354500,09:50:35
3545,100,354500,09:50:35
3545,100,354500,09:50:35
3546,400,1418400,09:50:35
3546,200,709200,09:50:35
3546,100,354600,09:50:35
3546,100,354600,09:50:35
3546,200,709200,09:50:35
3547,300,1064100,09:50:33
3546,100,354600,09:50:32
3546,700,2482200,09:50:32
3546,100,354600,09:50:32
3546,400,1418400,09:50:31
3547,300,1064100,09:50:31
3546,300,1063800,09:50:31
3546,800,2836800,09:50:31
3546,300,1063800,09:50:31
3546,200,709200,09:50:31
3546,100,354600,09:50:31
3546,1200,4255200,09:50:31
3546,200,709200,09:50:31
3548,300,1064400,09:50:31
3547,700,2482900,09:50:31
3546,100,354600,09:50:31
3547,100,354700,09:50:30
3547,100,354700,09:50:30
3547,100,354700,09:50:30
3547,700,2482900,09:50:30
3546,200,709200,09:50:30
3546,300,1063800,09:50:30
3546,200,709200,09:50:30
3546,100,354600,09:50:29
3547,100,354700,09:50:29
3546,100,354600,09:50:29
3546,400,1418400,09:50:29
3546,500,1773000,09:50:29
3546,100,354600,09:50:29
3546,200,709200,09:50:29
3546,100,354600,09:50:29
3546,800,2836800,09:50:29
3546,600,2127600,09:50:29
3546,100,354600,09:50:29
3546,100,354600,09:50:29
3546,200,709200,09:50:29
3546,100,354600,09:50:29
3547,1000,3547000,09:50:29
3546,200,709200,09:50:28
3546,300,1063800,09:50:28
3546,100,354600,09:50:28
3546,100,354600,09:50:28
3546,100,354600,09:50:28
3546,100,354600,09:50:28
3546,3500,12411000,09:50:28
3546,100,354600,09:50:28
3546,300,1063800,09:50:28
3547,100,354700,09:50:28
3547,100,354700,09:50:28
3547,100,354700,09:50:28
3546,100,354600,09:50:28
3547,100,354700,09:50:28
3547,400,1418800,09:50:28
3547,100,354700,09:50:28
3547,200,709400,09:50:28
3547,100,354700,09:50:28
3547,100,354700,09:50:28
3547,100,354700,09:50:28
3547,100,354700,09:50:28
3547,1600,5675200,09:50:28
3547,400,1418800,09:50:28
3547,400,1418800,09:50:28
3547,100,354700,09:50:28
3547,100,354700,09:50:28
3547,100,354700,09:50:28
3547,200,709400,09:50:28
3547,100,354700,09:50:28
3547,200,709400,09:50:28
3546,200,709200,09:50:28
3547,500,1773500,09:50:28
3547,100,354700,09:50:28
3546,100,354600,09:50:28
3546,3400,12056400,09:50:28
3547,1300,4611100,09:50:28
3547,200,709400,09:50:28
3547,200,709400,09:50:28
3547,200,709400,09:50:28
3547,100,354700,09:50:28
3548,100,354800,09:50:27
3548,2100,7450800,09:50:27
3548,100,354800,09:50:27
3548,300,1064400,09:50:27
3548,1600,5676800,09:50:27
3548,100,354800,09:50:27
3548,300,1064400,09:50:27
3549,2300,8162700,09:50:27
3549,100,354900,09:50:27
3549,100,354900,09:50:27
3549,300,1064700,09:50:27
3549,200,709800,09:50:27
3549,300,1064700,09:50:27
3549,100,354900,09:50:27
3550,100,355000,09:50:27
3550,100,355000,09:50:27
3550,100,355000,09:50:27
3550,400,1420000,09:50:27
3550,200,710000,09:50:27
3550,500,1775000,09:50:27
3550,200,710000,09:50:27
3550,100,355000,09:50:27
3549,200,709800,09:50:27
3549,100,354900,09:50:27
3549,300,1064700,09:50:27
3549,100,354900,09:50:27
3549,100,354900,09:50:27
3550,2200,7810000,09:50:27
3550,400,1420000,09:50:27
3550,200,710000,09:50:27
3550,100,355000,09:50:27
3550,7900,28045000,09:50:27
3550,18900,67095000,09:50:27
3550,200,710000,09:50:27
3550,200,710000,09:50:27
3550,200,710000,09:50:27
3550,11100,39405000,09:50:27
3550,200,710000,09:50:27
3550,4400,15620000,09:50:27
3550,2600,9230000,09:50:27
3550,100,355000,09:50:27
3550,100,355000,09:50:27
3550,5000,17750000,09:50:27
3550,200,710000,09:50:27
3550,4200,14910000,09:50:27
3550,100,355000,09:50:27
3550,1400,4970000,09:50:27
3550,300,1065000,09:50:27
3550,1700,6035000,09:50:27
3550,100,355000,09:50:27
3550,15900,56445000,09:50:27
3551,300,1065300,09:50:27
3551,500,1775500,09:50:27
3551,300,1065300,09:50:26
3551,300,1065300,09:50:26
3551,100,355100,09:50:26
3551,100,355100,09:50:26
3551,200,710200,09:50:26
3551,1400,4971400,09:50:26
3551,2800,9942800,09:50:25
3551,100,355100,09:50:25
3551,200,710200,09:50:25
3551,100,355100,09:50:25
3551,100,355100,09:50:25
3551,400,1420400,09:50:25
3551,1000,3551000,09:50:25
3551,500,1775500,09:50:25
3551,100,355100,09:50:25
3551,100,355100,09:50:25
3551,200,710200,09:50:25
3552,1000,3552000,09:50:25
3552,1800,6393600,09:50:25
3552,100,355200,09:50:24
3552,100,355200,09:50:24
3552,100,355200,09:50:24
3552,300,1065600,09:50:24
3552,100,355200,09:50:24
3553,3300,11724900,09:50:24
3553,100,355300,09:50:24
3555,200,711000,09:50:24
3554,2000,7108000,09:50:24
3554,1400,4975600,09:50:24
3554,100,355400,09:50:24
3555,19600,69678000,09:50:23
3556,3100,11023600,09:50:23
3557,300,1067100,09:50:23
3557,100,355700,09:50:23
3557,100,355700,09:50:23
3557,500,1778500,09:50:22
3556,100,355600,09:50:22
3557,600,2134200,09:50:22
3557,100,355700,09:50:22
3557,200,711400,09:50:22
3557,300,1067100,09:50:21
3556,200,711200,09:50:21
3557,1300,4624100,09:50:20
3557,100,355700,09:50:20
3557,500,1778500,09:50:20
3557,400,1422800,09:50:20
3557,100,355700,09:50:20
3557,100,355700,09:50:20
3557,100,355700,09:50:19
3558,100,355800,09:50:18
3558,100,355800,09:50:18
3558,100,355800,09:50:18
3559,100,355900,09:50:16
3559,100,355900,09:50:16
3559,200,711800,09:50:15
3559,400,1423600,09:50:12
3558,100,355800,09:50:11
3558,100,355800,09:50:09
3559,100,355900,09:50:09
3558,100,355800,09:50:09
3558,100,355800,09:50:07
3559,100,355900,09:50:07
3559,300,1067700,09:50:05
3559,100,355900,09:50:05
3559,100,355900,09:50:03
3560,100,356000,09:50:03
3558,100,355800,09:50:02
3558,100,355800,09:50:01
3558,400,1423200,09:50:01
3558,200,711600,09:50:01
3558,200,711600,09:50:01
3558,100,355800,09:50:01
3558,100,355800,09:50:01
3559,900,3203100,09:50:01
3559,100,355900,09:50:01
3559,200,711800,09:50:01
3559,200,711800,09:50:01
3559,200,711800,09:50:01
3560,100,356000,09:50:00
3559,200,711800,09:50:00
3560,100,356000,09:49:57
3560,100,356000,09:49:55
3559,400,1423600,09:49:54
3560,100,356000,09:49:52
3560,100,356000,09:49:52
3560,100,356000,09:49:52
3560,100,356000,09:49:51
3560,1200,4272000,09:49:51
3560,4100,14596000,09:49:51
3559,200,711800,09:49:48
3559,100,355900,09:49:47
3559,100,355900,09:49:47
3559,200,711800,09:49:47
3559,100,355900,09:49:47
3559,100,355900,09:49:47
3559,200,711800,09:49:46
3559,200,711800,09:49:46
3559,300,1067700,09:49:45
3559,500,1779500,09:49:45
3559,200,711800,09:49:43
3559,100,355900,09:49:43
3559,200,711800,09:49:43
3559,200,711800,09:49:42
3560,100,356000,09:49:41
3560,100,356000,09:49:41
3559,100,355900,09:49:38
3559,1200,4270800,09:49:38
3559,100,355900,09:49:35
3558,100,355800,09:49:34
3558,100,355800,09:49:34
3558,100,355800,09:49:34
3558,100,355800,09:49:34
3558,100,355800,09:49:34
3557,100,355700,09:49:34
3557,1100,3912700,09:49:33
3558,2100,7471800,09:49:33
3558,600,2134800,09:49:31
3558,100,355800,09:49:31
3558,400,1423200,09:49:29
3559,100,355900,09:49:28
3559,100,355900,09:49:27
3559,300,1067700,09:49:25
3559,100,355900,09:49:21
3559,100,355900,09:49:19
3559,200,711800,09:49:19
3559,300,1067700,09:49:19
3560,100,356000,09:49:19
3559,100,355900,09:49:19
3559,100,355900,09:49:16
3560,200,712000,09:49:15
3560,200,712000,09:49:15
3560,100,356000,09:49:15
3559,200,711800,09:49:15
3559,100,355900,09:49:14
3558,200,711600,09:49:13
3559,100,355900,09:49:13
3559,500,1779500,09:49:12
3559,200,711800,09:49:10
3559,100,355900,09:49:09
3559,100,355900,09:49:08
3559,300,1067700,09:49:08
3559,1400,4982600,09:49:06
3559,100,355900,09:49:06
3559,100,355900,09:49:06
3559,1800,6406200,09:49:06
3559,300,1067700,09:49:06
3558,200,711600,09:49:05
3557,500,1778500,09:49:03
3557,200,711400,09:49:03
3557,100,355700,09:49:03
3557,100,355700,09:49:02
3557,300,1067100,09:48:53
3558,500,1779000,09:48:53
3559,400,1423600,09:48:51
3558,100,355800,09:48:51
3558,200,711600,09:48:50
3558,1000,3558000,09:48:50
3557,100,355700,09:48:49
3557,100,355700,09:48:49
3557,200,711400,09:48:49
3557,200,711400,09:48:49
3557,200,711400,09:48:49
3557,200,711400,09:48:49
3556,600,2133600,09:48:48
3556,2000,7112000,09:48:48
3555,100,355500,09:48:47
3555,100,355500,09:48:46
3555,100,355500,09:48:45
3556,100,355600,09:48:45
3555,100,355500,09:48:45
3555,100,355500,09:48:45
3555,300,1066500,09:48:45
3555,100,355500,09:48:45
3555,100,355500,09:48:44
3556,100,355600,09:48:44
3556,100,355600,09:48:44
3556,100,355600,09:48:44
3557,500,1778500,09:48:44
3556,100,355600,09:48:44
3556,200,711200,09:48:43
3556,100,355600,09:48:43
3556,200,711200,09:48:43
3556,200,711200,09:48:43
3556,200,711200,09:48:43
3556,200,711200,09:48:43
3556,1500,5334000,09:48:43
3556,100,355600,09:48:42
3557,100,355700,09:48:42
3556,100,355600,09:48:42
3556,200,711200,09:48:42
3556,800,2844800,09:48:42
3557,200,711400,09:48:41
3557,300,1067100,09:48:41
3557,100,355700,09:48:40
3557,100,355700,09:48:40
3557,100,355700,09:48:40
3557,100,355700,09:48:40
3557,400,1422800,09:48:39
3557,100,355700,09:48:39
3557,100,355700,09:48:39
3556,100,355600,09:48:37
3556,100,355600,09:48:37
3556,100,355600,09:48:37
3557,700,2489900,09:48:37
3557,1800,6402600,09:48:37
3557,400,1422800,09:48:37
3557,200,711400,09:48:37
3558,1600,5692800,09:48:36
3558,200,711600,09:48:36
3558,300,1067400,09:48:36
3559,2100,7473900,09:48:35
3560,100,356000,09:48:34
3560,100,356000,09:48:34
3560,100,356000,09:48:33
3560,2500,8900000,09:48:33
3560,100,356000,09:48:33
3561,100,356100,09:48:29
3561,900,3204900,09:48:29
3562,100,356200,09:48:26
3562,200,712400,09:48:25
3562,200,712400,09:48:25
3562,100,356200,09:48:25
3561,100,356100,09:48:24
3561,300,1068300,09:48:24
3562,100,356200,09:48:22
3561,100,356100,09:48:21
3562,300,1068600,09:48:21
3562,800,2849600,09:48:20
3561,100,356100,09:48:19
3561,400,1424400,09:48:19
3560,100,356000,09:48:16
3560,2000,7120000,09:48:16
3561,100,356100,09:48:14
3560,100,356000,09:48:14
3560,500,1780000,09:48:12
3561,2500,8902500,09:48:12
3562,700,2493400,09:48:11
3562,3200,11398400,09:48:11
3561,100,356100,09:48:10
3561,100,356100,09:48:10
3562,300,1068600,09:48:07
3561,100,356100,09:48:07
3562,200,712400,09:48:04
3562,100,356200,09:48:04
3562,100,356200,09:48:02
3562,300,1068600,09:48:02
3562,200,712400,09:48:02
3562,100,356200,09:48:02
3563,200,712600,09:48:02
3562,100,356200,09:48:01
3562,300,1068600,09:47:59
3562,200,712400,09:47:59
3562,1100,3918200,09:47:59
3562,200,712400,09:47:56
3562,200,712400,09:47:55
3562,100,356200,09:47:54
3562,800,2849600,09:47:52
3562,1000,3562000,09:47:52
3562,100,356200,09:47:51
3562,100,356200,09:47:51
3563,100,356300,09:47:48
3563,600,2137800,09:47:48
3563,100,356300,09:47:48
3563,100,356300,09:47:43
3563,300,1068900,09:47:42
3563,100,356300,09:47:42
3562,500,1781000,09:47:40
3563,200,712600,09:47:40
3563,900,3206700,09:47:40
3563,200,712600,09:47:40
3563,4700,16746100,09:47:40
3563,2800,9976400,09:47:40
3565,1200,4278000,09:47:35
3564,300,1069200,09:47:35
3564,1000,3564000,09:47:34
3563,100,356300,09:47:34
3563,100,356300,09:47:33
3564,2100,7484400,09:47:33
3565,400,1426000,09:47:31
3565,200,713000,09:47:31
3565,100,356500,09:47:31
3565,100,356500,09:47:28
3565,100,356500,09:47:28
3565,100,356500,09:47:28
3565,100,356500,09:47:28
3565,300,1069500,09:47:25
3565,300,1069500,09:47:25
3565,100,356500,09:47:25
3565,100,356500,09:47:24
3565,100,356500,09:47:23
3565,100,356500,09:47:23
3565,1000,3565000,09:47:22
3565,400,1426000,09:47:21
3565,500,1782500,09:47:21
3566,100,356600,09:47:20
3565,100,356500,09:47:19
3565,300,1069500,09:47:17
3565,100,356500,09:47:16
3565,100,356500,09:47:13
3565,1000,3565000,09:47:13
3565,200,713000,09:47:13
3565,200,713000,09:47:13
3565,300,1069500,09:47:13
3565,300,1069500,09:47:13
3566,100,356600,09:47:13
3566,300,1069800,09:47:13
3566,100,356600,09:47:12
3565,100,356500,09:47:12
3566,200,713200,09:47:12
3566,200,713200,09:47:12
3566,400,1426400,09:47:12
3566,100,356600,09:47:12
3566,100,356600,09:47:12
3567,300,1070100,09:47:10
3567,200,713400,09:47:10
3567,3800,13554600,09:47:10
3566,100,356600,09:47:09
3566,100,356600,09:47:07
3566,100,356600,09:47:07
3566,200,713200,09:47:06
3567,600,2140200,09:47:05
3566,400,1426400,09:47:05
3566,400,1426400,09:47:05
3566,1000,3566000,09:47:05
3566,700,2496200,09:47:03
3566,3500,12481000,09:47:01
3565,100,356500,09:47:01
3565,100,356500,09:47:00
3565,100,356500,09:47:00
3565,100,356500,09:47:00
3565,600,2139000,09:46:59
3565,200,713000,09:46:58
3565,100,356500,09:46:58
3565,100,356500,09:46:54
3565,400,1426000,09:46:54
3565,100,356500,09:46:53
3565,300,1069500,09:46:48
3565,600,2139000,09:46:46
3565,100,356500,09:46:46
3565,200,713000,09:46:46
3565,100,356500,09:46:46
3565,100,356500,09:46:46
3565,200,713000,09:46:46
3565,300,1069500,09:46:46
3564,100,356400,09:46:45
3564,200,712800,09:46:45
3564,300,1069200,09:46:42
3564,700,2494800,09:46:42
3564,100,356400,09:46:40
3564,100,356400,09:46:40
3563,200,712600,09:46:39
3564,2100,7484400,09:46:39
3564,200,712800,09:46:39
3564,100,356400,09:46:39
3564,100,356400,09:46:39
3564,200,712800,09:46:39
3564,200,712800,09:46:39
3564,200,712800,09:46:39
3565,1000,3565000,09:46:34
3565,100,356500,09:46:31
3565,100,356500,09:46:31
3565,200,713000,09:46:31
3565,200,713000,09:46:30
3565,200,713000,09:46:30
3565,200,713000,09:46:30
3565,100,356500,09:46:30
3565,100,356500,09:46:30
3565,100,356500,09:46:30
3565,100,356500,09:46:30
3565,100,356500,09:46:27
3565,2500,8912500,09:46:27
3565,200,713000,09:46:27
3565,100,356500,09:46:25
3565,500,1782500,09:46:25
3565,100,356500,09:46:22
3565,100,356500,09:46:21
3564,200,712800,09:46:20
3565,1100,3921500,09:46:20
3565,100,356500,09:46:20
3565,100,356500,09:46:19
3564,200,712800,09:46:18
3564,100,356400,09:46:18
3564,100,356400,09:46:18
3564,100,356400,09:46:18
3564,200,712800,09:46:17
3564,100,356400,09:46:16
3564,400,1425600,09:46:15
3565,200,713000,09:46:15
3565,3700,13190500,09:46:15
3565,100,356500,09:46:14
3564,100,356400,09:46:14
3565,100,356500,09:46:13
3564,100,356400,09:46:11
3564,100,356400,09:46:11
3564,200,712800,09:46:11
3564,2500,8910000,09:46:11
3563,100,356300,09:46:10
3563,100,356300,09:46:06
3563,400,1425200,09:46:05
3564,100,356400,09:46:05
3563,200,712600,09:46:04
3563,500,1781500,09:46:04
3562,200,712400,09:46:02
3562,200,712400,09:46:02
3562,600,2137200,09:46:00
3562,100,356200,09:45:59
3562,700,2493400,09:45:59
3561,100,356100,09:45:58
3561,100,356100,09:45:57
3561,200,712200,09:45:57
3561,100,356100,09:45:57
3561,100,356100,09:45:57
3561,100,356100,09:45:57
3561,100,356100,09:45:57
3561,100,356100,09:45:57
3561,100,356100,09:45:57
3561,100,356100,09:45:57
3561,100,356100,09:45:57
3561,600,2136600,09:45:57
3560,200,712000,09:45:56
3560,100,356000,09:45:56
3560,100,356000,09:45:56
3560,200,712000,09:45:56
3560,200,712000,09:45:56
3560,200,712000,09:45:56
3559,100,355900,09:45:55
3559,200,711800,09:45:53
3559,1500,5338500,09:45:53
3559,200,711800,09:45:53
3559,1400,4982600,09:45:53
3559,200,711800,09:45:53
3559,200,711800,09:45:53
3559,200,711800,09:45:53
3560,1100,3916000,09:45:52
3560,200,712000,09:45:52
3561,100,356100,09:45:52
3560,100,356000,09:45:51
3560,300,1068000,09:45:44
3560,200,712000,09:45:44
3560,1100,3916000,09:45:44
3561,100,356100,09:45:40
3560,200,712000,09:45:40
3560,200,712000,09:45:40
3560,100,356000,09:45:38
3560,100,356000,09:45:38
3559,100,355900,09:45:38
3560,100,356000,09:45:37
3559,100,355900,09:45:36
3559,800,2847200,09:45:36
3560,4600,16376000,09:45:35
3560,4000,14240000,09:45:35
3561,800,2848800,09:45:34
3561,1900,6765900,09:45:34
3561,100,356100,09:45:34
3562,400,1424800,09:45:33
3562,1100,3918200,09:45:32
3563,200,712600,09:45:31
3562,100,356200,09:45:31
3562,100,356200,09:45:30
3562,600,2137200,09:45:27
3563,100,356300,09:45:27
3563,200,712600,09:45:27
3563,100,356300,09:45:26
3563,200,712600,09:45:26
3563,100,356300,09:45:26
3563,900,3206700,09:45:24
3564,100,356400,09:45:24
3564,100,356400,09:45:24
3564,100,356400,09:45:24
3564,400,1425600,09:45:24
3564,400,1425600,09:45:24
3564,800,2851200,09:45:24
3565,12400,44206000,09:45:24
3566,300,1069800,09:45:22
3566,1700,6062200,09:45:22
3566,100,356600,09:45:22
3566,200,713200,09:45:22
3566,200,713200,09:45:22
3566,100,356600,09:45:13
3566,100,356600,09:45:12
3566,1000,3566000,09:45:12
3566,300,1069800,09:45:12
3566,300,1069800,09:45:12
3566,300,1069800,09:45:12
3566,300,1069800,09:45:12
3567,100,356700,09:45:09
3567,100,356700,09:45:08
3567,100,356700,09:45:08
3567,100,356700,09:45:07
3567,100,356700,09:45:07
3567,100,356700,09:45:07
3567,100,356700,09:45:07
3567,100,356700,09:45:07
3566,200,713200,09:45:06
3567,200,713400,09:45:06
3567,100,356700,09:45:06
3567,300,1070100,09:45:06
3567,2200,7847400,09:45:06
3567,1400,4993800,09:45:06
3567,200,713400,09:45:06
3566,100,356600,09:45:03
3567,300,1070100,09:45:01
3566,400,1426400,09:44:55
3565,100,356500,09:44:54
3566,300,1069800,09:44:53
3565,600,2139000,09:44:53
3566,1200,4279200,09:44:52
3566,100,356600,09:44:50
3566,200,713200,09:44:50
3567,200,713400,09:44:47
3567,100,356700,09:44:47
3566,200,713200,09:44:47
3566,300,1069800,09:44:46
3566,200,713200,09:44:46
3566,300,1069800,09:44:46
3566,300,1069800,09:44:46
3566,300,1069800,09:44:46
3565,300,1069500,09:44:46
3564,1900,6771600,09:44:46
3562,800,2849600,09:44:44
3563,700,2494100,09:44:44
3563,100,356300,09:44:43
3563,200,712600,09:44:43
3563,200,712600,09:44:43
3563,100,356300,09:44:43
3563,1900,6769700,09:44:43
3564,1300,4633200,09:44:43
3564,200,712800,09:44:43
3564,200,712800,09:44:43
3564,200,712800,09:44:43
3565,500,1782500,09:44:39
3565,300,1069500,09:44:39
3565,200,713000,09:44:39
3565,200,713000,09:44:39
3565,200,713000,09:44:39
3566,1300,4635800,09:44:34
3565,200,713000,09:44:33
3566,100,356600,09:44:29
3566,100,356600,09:44:27
3566,100,356600,09:44:27
3565,600,2139000,09:44:22
3565,100,356500,09:44:22
3564,100,356400,09:44:22
3564,100,356400,09:44:20
3564,100,356400,09:44:20
3564,1300,4633200,09:44:17
3564,100,356400,09:44:17
3563,1000,3563000,09:44:17
3564,200,712800,09:44:17
3564,200,712800,09:44:17
3564,200,712800,09:44:17
3564,100,356400,09:44:14
3564,200,712800,09:44:14
3564,100,356400,09:44:14
3564,100,356400,09:44:14
3564,300,1069200,09:44:13
3564,100,356400,09:44:13
3564,100,356400,09:44:13
3564,100,356400,09:44:13
3563,200,712600,09:44:13
3563,200,712600,09:44:13
3562,100,356200,09:44:12
3563,1500,5344500,09:44:10
3564,600,2138400,09:44:10
3564,300,1069200,09:44:10
3564,300,1069200,09:44:10
3564,300,1069200,09:44:10
3564,300,1069200,09:44:10
3564,200,712800,09:44:08
3565,200,713000,09:44:07
3565,100,356500,09:44:07
3565,100,356500,09:44:06
3565,1300,4634500,09:44:06
3566,100,356600,09:44:06
3565,200,713000,09:44:05
3565,400,1426000,09:44:04
3565,400,1426000,09:44:03
3565,200,713000,09:44:03
3565,3500,12477500,09:44:03
3565,100,356500,09:44:01
3565,100,356500,09:44:01
3565,300,1069500,09:44:01
3564,600,2138400,09:44:01
3564,100,356400,09:44:01
3564,100,356400,09:44:01
3564,100,356400,09:44:01
3564,100,356400,09:44:01
3564,400,1425600,09:44:01
3564,1400,4989600,09:44:01
3564,100,356400,09:44:01
3564,200,712800,09:44:01
3565,100,356500,09:44:01
3564,5500,19602000,09:44:01
3563,4000,14252000,09:44:01
3562,400,1424800,09:44:00
3562,200,712400,09:43:57
3562,100,356200,09:43:57
3562,900,3205800,09:43:56
3562,300,1068600,09:43:56
3562,300,1068600,09:43:56
3562,300,1068600,09:43:56
3562,300,1068600,09:43:56
3562,300,1068600,09:43:55
3561,400,1424400,09:43:55
3561,2100,7478100,09:43:55
3560,100,356000,09:43:53
3560,400,1424000,09:43:53
3560,100,356000,09:43:53
3560,200,712000,09:43:53
3560,200,712000,09:43:53
3560,200,712000,09:43:53
3560,200,712000,09:43:53
3560,200,712000,09:43:53
3561,200,712200,09:43:51
3561,100,356100,09:43:51
3561,200,712200,09:43:51
3561,100,356100,09:43:50
3560,200,712000,09:43:46
3561,100,356100,09:43:45
3561,200,712200,09:43:45
3561,200,712200,09:43:45
3561,200,712200,09:43:45
3561,300,1068300,09:43:45
3562,100,356200,09:43:42
3561,1000,3561000,09:43:39
3560,1000,3560000,09:43:38
3561,4700,16736700,09:43:37
3561,100,356100,09:43:37
3561,200,712200,09:43:37
3561,200,712200,09:43:37
3560,100,356000,09:43:31
3560,200,712000,09:43:31
3560,200,712000,09:43:31
3561,600,2136600,09:43:28
3561,100,356100,09:43:28
3561,200,712200,09:43:28
3561,2200,7834200,09:43:27
3562,100,356200,09:43:25
3561,100,356100,09:43:24
3561,500,1780500,09:43:24
3561,2800,9970800,09:43:24
3561,600,2136600,09:43:24
3561,700,2492700,09:43:24
3561,200,712200,09:43:24
3560,1900,6764000,09:43:22
3560,100,356000,09:43:21
3560,500,1780000,09:43:21
3560,200,712000,09:43:20
3560,100,356000,09:43:19
3559,100,355900,09:43:18
3559,1700,6050300,09:43:18
3559,100,355900,09:43:17
3558,200,711600,09:43:16
3558,300,1067400,09:43:16
3558,600,2134800,09:43:15
3558,800,2846400,09:43:15
3558,200,711600,09:43:15
3557,400,1422800,09:43:12
3557,300,1067100,09:43:12
3557,200,711400,09:43:12
3557,200,711400,09:43:12
3557,200,711400,09:43:12
3557,100,355700,09:43:11
3557,800,2845600,09:43:11
3557,100,355700,09:43:11
3557,100,355700,09:43:11
3557,400,1422800,09:43:11
3557,300,1067100,09:43:11
3557,200,711400,09:43:11
3557,100,355700,09:43:11
3557,200,711400,09:43:10
3557,100,355700,09:43:10
3558,300,1067400,09:43:09
3557,100,355700,09:43:07
3558,200,711600,09:43:05
3558,200,711600,09:43:05
3558,200,711600,09:43:04
3558,1000,3558000,09:43:04
3557,100,355700,09:43:02
3557,300,1067100,09:43:02
3557,100,355700,09:43:01
3556,2200,7823200,09:43:01
3557,200,711400,09:43:01
3557,2200,7825400,09:43:01
3558,100,355800,09:43:01
3558,100,355800,09:43:01
3558,200,711600,09:43:00
3558,100,355800,09:43:00
3558,300,1067400,09:43:00
3558,200,711600,09:43:00
3558,700,2490600,09:43:00
3558,400,1423200,09:43:00
3559,100,355900,09:43:00
3558,300,1067400,09:42:59
3558,100,355800,09:42:59
3558,100,355800,09:42:58
3558,1100,3913800,09:42:58
3559,200,711800,09:42:58
3558,1300,4625400,09:42:58
3557,300,1067100,09:42:57
3557,300,1067100,09:42:57
3557,100,355700,09:42:57
3557,100,355700,09:42:57
3557,100,355700,09:42:57
3558,300,1067400,09:42:56
3557,100,355700,09:42:55
3557,200,711400,09:42:55
3557,200,711400,09:42:55
3558,2800,9962400,09:42:55
3559,100,355900,09:42:55
3559,200,711800,09:42:55
3559,100,355900,09:42:55
3559,200,711800,09:42:55
3559,100,355900,09:42:55
3559,200,711800,09:42:55
3559,200,711800,09:42:55
3558,700,2490600,09:42:55
3558,100,355800,09:42:55
3558,400,1423200,09:42:55
3557,100,355700,09:42:55
3557,100,355700,09:42:55
3558,8400,29887200,09:42:55
3559,5800,20642200,09:42:55
3560,3800,13528000,09:42:55
3561,2100,7478100,09:42:55
3561,200,712200,09:42:54
3562,100,356200,09:42:51
3562,100,356200,09:42:48
3562,100,356200,09:42:48
3562,2500,8905000,09:42:47
3561,100,356100,09:42:45
3561,100,356100,09:42:45
3561,100,356100,09:42:45
3561,800,2848800,09:42:45
3560,800,2848000,09:42:44
3561,100,356100,09:42:42
3560,100,356000,09:42:42
3561,100,356100,09:42:42
3561,100,356100,09:42:42
3561,200,712200,09:42:42
3561,5300,18873300,09:42:42
3560,300,1068000,09:42:42
3560,100,356000,09:42:40
3560,200,712000,09:42:39
3559,800,2847200,09:42:39
3560,200,712000,09:42:39
3561,100,356100,09:42:39
3560,300,1068000,09:42:38
3560,300,1068000,09:42:38
3560,200,712000,09:42:38
3560,100,356000,09:42:38
3560,100,356000,09:42:36
3560,100,356000,09:42:36
3561,300,1068300,09:42:36
3560,200,712000,09:42:36
3561,1200,4273200,09:42:36
3561,500,1780500,09:42:35
3560,200,712000,09:42:35
3560,200,712000,09:42:35
3560,200,712000,09:42:35
3560,100,356000,09:42:35
3560,100,356000,09:42:35
3560,200,712000,09:42:35
3560,200,712000,09:42:35
3559,200,711800,09:42:34
3560,100,356000,09:42:32
3560,200,712000,09:42:32
3560,200,712000,09:42:32
3560,1500,5340000,09:42:31
3560,700,2492000,09:42:31
3560,100,356000,09:42:29
3560,200,712000,09:42:29
3560,200,712000,09:42:28
3560,1500,5340000,09:42:28
3560,300,1068000,09:42:28
3560,300,1068000,09:42:28
3560,200,712000,09:42:28
3559,100,355900,09:42:27
3559,100,355900,09:42:27
3559,100,355900,09:42:27
3559,100,355900,09:42:27
3559,100,355900,09:42:27
3559,100,355900,09:42:27
3558,1500,5337000,09:42:27
3559,100,355900,09:42:26
3558,300,1067400,09:42:23
3559,1300,4626700,09:42:23
3559,200,711800,09:42:23
3559,100,355900,09:42:23
3559,300,1067700,09:42:23
3559,100,355900,09:42:21
3559,100,355900,09:42:21
3559,200,711800,09:42:21
3559,200,711800,09:42:21
3559,100,355900,09:42:20
3559,100,355900,09:42:20
3559,200,711800,09:42:20
3559,200,711800,09:42:19
3560,100,356000,09:42:19
3560,100,356000,09:42:19
3559,100,355900,09:42:19
3560,400,1424000,09:42:19
3560,1200,4272000,09:42:18
3560,500,1780000,09:42:18
3560,700,2492000,09:42:18
3560,100,356000,09:42:18
3560,800,2848000,09:42:18
3560,100,356000,09:42:18
3560,400,1424000,09:42:18
3560,100,356000,09:42:17
3561,100,356100,09:42:17
3560,100,356000,09:42:16
3560,400,1424000,09:42:15
3561,100,356100,09:42:15
3560,1700,6052000,09:42:15
3561,100,356100,09:42:12
3561,200,712200,09:42:12
3561,700,2492700,09:42:12
3561,100,356100,09:42:12
3561,200,712200,09:42:12
3561,200,712200,09:42:12
3562,600,2137200,09:42:11
3561,100,356100,09:42:11
3562,100,356200,09:42:10
3561,100,356100,09:42:10
3562,300,1068600,09:42:08
3562,100,356200,09:42:08
3562,200,712400,09:42:08
3562,200,712400,09:42:08
3562,100,356200,09:42:08
3562,300,1068600,09:42:08
3561,100,356100,09:42:05
3561,1500,5341500,09:42:04
3561,500,1780500,09:42:03
3562,100,356200,09:42:03
3562,100,356200,09:42:03
3562,1000,3562000,09:42:03
3562,400,1424800,09:42:02
3562,200,712400,09:42:02
3561,100,356100,09:42:02
3561,100,356100,09:42:01
3561,300,1068300,09:42:01
3561,600,2136600,09:42:00
3560,500,1780000,09:41:59
3561,200,712200,09:41:59
3561,600,2136600,09:41:59
3561,600,2136600,09:41:57
3561,500,1780500,09:41:57
3561,200,712200,09:41:57
3561,100,356100,09:41:57
3561,100,356100,09:41:57
3561,600,2136600,09:41:54
3561,200,712200,09:41:53
3561,600,2136600,09:41:53
3561,200,712200,09:41:53
3561,100,356100,09:41:53
3562,100,356200,09:41:53
3561,200,712200,09:41:52
3561,200,712200,09:41:52
3560,200,712000,09:41:52
3560,100,356000,09:41:52
3560,100,356000,09:41:52
3560,300,1068000,09:41:51
3560,100,356000,09:41:51
3560,200,712000,09:41:51
3560,300,1068000,09:41:51
3560,100,356000,09:41:51
3560,100,356000,09:41:51
3560,100,356000,09:41:51
3560,100,356000,09:41:51
3561,5400,19229400,09:41:51
3562,4600,16385200,09:41:51
3562,200,712400,09:41:51
3563,3000,10689000,09:41:47
3563,100,356300,09:41:47
3564,2000,7128000,09:41:47
3564,200,712800,09:41:47
3565,300,1069500,09:41:47
3565,1000,3565000,09:41:46
3565,300,1069500,09:41:46
3565,100,356500,09:41:45
3565,100,356500,09:41:44
3565,200,713000,09:41:44
3565,300,1069500,09:41:43
3565,100,356500,09:41:43
3565,300,1069500,09:41:43
3564,100,356400,09:41:40
3564,100,356400,09:41:40
3564,100,356400,09:41:40
3564,100,356400,09:41:40
3565,300,1069500,09:41:38
3565,200,713000,09:41:38
3565,100,356500,09:41:37
3565,100,356500,09:41:36
3565,200,713000,09:41:36
3565,100,356500,09:41:36
3565,100,356500,09:41:36
3565,100,356500,09:41:34
3565,100,356500,09:41:34
3565,700,2495500,09:41:33
3565,100,356500,09:41:33
3565,1200,4278000,09:41:31
3566,200,713200,09:41:31
3565,700,2495500,09:41:30
3565,100,356500,09:41:29
3565,200,713000,09:41:29
3565,100,356500,09:41:29
3565,100,356500,09:41:29
3564,200,712800,09:41:28
3564,300,1069200,09:41:27
3564,400,1425600,09:41:25
3565,1000,3565000,09:41:25
3565,100,356500,09:41:24
3565,500,1782500,09:41:24
3565,100,356500,09:41:23
3564,100,356400,09:41:23
3565,200,713000,09:41:21
3564,100,356400,09:41:21
3564,100,356400,09:41:21
3565,100,356500,09:41:21
3564,400,1425600,09:41:20
3564,100,356400,09:41:20
3565,200,713000,09:41:20
3565,400,1426000,09:41:20
3565,700,2495500,09:41:20
3565,100,356500,09:41:20
3564,100,356400,09:41:20
3565,100,356500,09:41:20
3564,100,356400,09:41:19
3564,100,356400,09:41:19
3564,200,712800,09:41:19
3564,100,356400,09:41:19
3565,200,713000,09:41:18
3565,100,356500,09:41:18
3564,100,356400,09:41:18
3565,200,713000,09:41:18
3564,500,1782000,09:41:18
3565,400,1426000,09:41:18
3565,200,713000,09:41:18
3565,200,713000,09:41:18
3565,200,713000,09:41:18
3565,200,713000,09:41:18
3565,400,1426000,09:41:18
3565,100,356500,09:41:18
3565,200,713000,09:41:18
3565,200,713000,09:41:18
3565,1400,4991000,09:41:18
3566,100,356600,09:41:18
3566,600,2139600,09:41:18
3565,3300,11764500,09:41:18
3565,200,713000,09:41:18
3566,1400,4992400,09:41:18
3567,3000,10701000,09:41:18
3567,200,713400,09:41:18
3568,900,3211200,09:41:18
3569,900,3212100,09:41:18
3570,1500,5355000,09:41:18
3570,100,357000,09:41:18
3571,200,714200,09:41:17
3571,100,357100,09:41:16
3571,300,1071300,09:41:16
3571,100,357100,09:41:16
3572,200,714400,09:41:15
3572,200,714400,09:41:15
3572,200,714400,09:41:15
3570,500,1785000,09:41:15
3571,2000,7142000,09:41:15
3572,100,357200,09:41:15
3572,700,2500400,09:41:15
3571,100,357100,09:41:14
3571,300,1071300,09:41:13
3571,100,357100,09:41:12
3571,100,357100,09:41:12
3571,100,357100,09:41:12
3572,100,357200,09:41:10
3572,100,357200,09:41:09
3572,700,2500400,09:41:09
3573,200,714600,09:41:09
3573,200,714600,09:41:08
3572,100,357200,09:41:06
3572,200,714400,09:41:06
3572,400,1428800,09:41:05
3572,100,357200,09:41:05
3572,100,357200,09:41:04
3572,1100,3929200,09:41:04
3571,100,357100,09:41:01
3571,100,357100,09:41:01
3571,1400,4999400,09:41:01
3571,600,2142600,09:41:01
3571,400,1428400,09:41:01
3571,100,357100,09:41:01
3571,100,357100,09:41:01
3570,100,357000,09:41:01
3571,100,357100,09:41:01
3570,200,714000,09:40:59
3571,100,357100,09:40:59
3571,100,357100,09:40:59
3571,100,357100,09:40:58
3571,600,2142600,09:40:58
3571,1400,4999400,09:40:58
3570,100,357000,09:40:58
3570,1000,3570000,09:40:57
3570,1200,4284000,09:40:57
3571,300,1071300,09:40:56
3571,100,357100,09:40:56
3571,300,1071300,09:40:56
3571,100,357100,09:40:56
3571,100,357100,09:40:56
3571,200,714200,09:40:56
3571,200,714200,09:40:56
3571,200,714200,09:40:56
3572,100,357200,09:40:56
3572,200,714400,09:40:56
3572,100,357200,09:40:55
3572,100,357200,09:40:54
3572,700,2500400,09:40:54
3572,100,357200,09:40:53
3572,100,357200,09:40:52
3572,100,357200,09:40:52
3573,2100,7503300,09:40:52
3573,1100,3930300,09:40:52
3573,100,357300,09:40:52
3573,100,357300,09:40:52
3574,100,357400,09:40:51
3574,100,357400,09:40:51
3574,100,357400,09:40:51
3574,100,357400,09:40:51
3574,100,357400,09:40:51
3574,100,357400,09:40:51
3574,100,357400,09:40:51
3574,100,357400,09:40:51
3573,100,357300,09:40:50
3574,200,714800,09:40:50
3574,200,714800,09:40:50
3575,100,357500,09:40:50
3574,300,1072200,09:40:49
3574,100,357400,09:40:48
3574,100,357400,09:40:46
3574,900,3216600,09:40:45
3574,100,357400,09:40:45
3573,100,357300,09:40:45
3573,200,714600,09:40:44
3574,200,714800,09:40:44
3574,800,2859200,09:40:43
3575,300,1072500,09:40:41
3575,900,3217500,09:40:41
3575,200,715000,09:40:41
3575,100,357500,09:40:41
3575,200,715000,09:40:41
3574,200,714800,09:40:40
3574,1300,4646200,09:40:39
3574,700,2501800,09:40:39
3575,200,715000,09:40:38
3574,200,714800,09:40:38
3574,100,357400,09:40:38
3575,100,357500,09:40:37
3574,500,1787000,09:40:37
3575,400,1430000,09:40:36
3574,100,357400,09:40:35
3575,200,715000,09:40:35
3574,300,1072200,09:40:35
3575,100,357500,09:40:35
3575,100,357500,09:40:34
3575,300,1072500,09:40:34
3575,200,715000,09:40:34
3575,300,1072500,09:40:33
3575,100,357500,09:40:33
3576,200,715200,09:40:33
3576,100,357600,09:40:33
3576,100,357600,09:40:33
3576,100,357600,09:40:33
3576,100,357600,09:40:33
3576,100,357600,09:40:33
3576,100,357600,09:40:33
3576,400,1430400,09:40:32
3575,100,357500,09:40:32
3575,400,1430000,09:40:32
3574,800,2859200,09:40:32
3574,100,357400,09:40:32
3575,700,2502500,09:40:32
3575,500,1787500,09:40:31
3576,100,357600,09:40:31
3575,200,715000,09:40:31
3575,200,715000,09:40:29
3577,100,357700,09:40:29
3576,100,357600,09:40:29
3577,100,357700,09:40:28
3576,100,357600,09:40:28
3577,400,1430800,09:40:28
3575,200,715000,09:40:27
3576,100,357600,09:40:27
3576,100,357600,09:40:27
3576,400,1430400,09:40:26
3577,100,357700,09:40:26
3576,100,357600,09:40:26
3576,100,357600,09:40:26
3576,1300,4648800,09:40:25
3576,200,715200,09:40:25
3576,100,357600,09:40:25
3577,100,357700,09:40:24
3577,900,3219300,09:40:24
3576,100,357600,09:40:23
3577,300,1073100,09:40:23
3578,100,357800,09:40:23
3577,800,2861600,09:40:22
3578,100,357800,09:40:22
3576,100,357600,09:40:22
3576,100,357600,09:40:22
3577,100,357700,09:40:22
3577,100,357700,09:40:21
3577,200,715400,09:40:21
3577,200,715400,09:40:20
3577,200,715400,09:40:20
3576,100,357600,09:40:20
3577,100,357700,09:40:20
3577,600,2146200,09:40:20
3578,100,357800,09:40:18
3577,100,357700,09:40:18
3577,1700,6080900,09:40:18
3576,100,357600,09:40:18
3575,100,357500,09:40:18
3576,100,357600,09:40:17
3576,100,357600,09:40:17
3575,100,357500,09:40:17
3577,100,357700,09:40:15
3577,100,357700,09:40:15
3576,100,357600,09:40:15
3576,100,357600,09:40:15
3576,300,1072800,09:40:15
3577,100,357700,09:40:14
3575,100,357500,09:40:14
3576,200,715200,09:40:14
3576,100,357600,09:40:13
3576,500,1788000,09:40:13
3576,100,357600,09:40:12
3575,200,715000,09:40:12
3575,100,357500,09:40:12
3576,100,357600,09:40:12
3576,100,357600,09:40:11
3574,1700,6075800,09:40:08
3575,200,715000,09:40:08
3575,100,357500,09:40:08
3575,100,357500,09:40:06
3575,200,715000,09:40:05
3575,300,1072500,09:40:05
3575,800,2860000,09:40:05
3575,2500,8937500,09:40:05
3575,2500,8937500,09:40:05
3575,5800,20735000,09:40:05
3575,200,715000,09:40:05
3575,300,1072500,09:40:05
3575,200,715000,09:40:05
3574,200,714800,09:40:05
3574,200,714800,09:40:05
3574,100,357400,09:40:05
3574,200,714800,09:40:05
3574,200,714800,09:40:05
3575,100,357500,09:40:05
3574,400,1429600,09:40:05
3574,100,357400,09:40:05
3574,200,714800,09:40:05
3574,200,714800,09:40:05
3574,2700,9649800,09:40:05
3574,100,357400,09:40:05
3574,1100,3931400,09:40:05
3574,1500,5361000,09:40:05
3574,200,714800,09:40:05
3573,5800,20723400,09:40:05
3572,4200,15002400,09:40:05
3571,300,1071300,09:40:05
3571,100,357100,09:40:05
3571,300,1071300,09:40:05
3571,1900,6784900,09:40:05
3570,2700,9639000,09:40:05
3569,100,356900,09:40:00
3569,100,356900,09:40:00
3569,100,356900,09:40:00
3569,200,713800,09:40:00
3569,5200,18558800,09:40:00
3568,300,1070400,09:40:00
3567,300,1070100,09:39:58
3567,400,1426800,09:39:58
3567,100,356700,09:39:56
3567,1100,3923700,09:39:55
3568,100,356800,09:39:54
3567,200,713400,09:39:53
3567,100,356700,09:39:51
3566,100,356600,09:39:50
3566,400,1426400,09:39:49
3567,500,1783500,09:39:49
3567,200,713400,09:39:49
3567,300,1070100,09:39:47
3567,100,356700,09:39:46
3567,100,356700,09:39:45
3567,900,3210300,09:39:44
3568,200,713600,09:39:44
3569,100,356900,09:39:43
3568,200,713600,09:39:40
3568,200,713600,09:39:40
3568,200,713600,09:39:40
3568,200,713600,09:39:40
3568,100,356800,09:39:38
3568,200,713600,09:39:38
3568,200,713600,09:39:38
3569,200,713800,09:39:34
3570,400,1428000,09:39:34
3570,100,357000,09:39:33
3571,100,357100,09:39:31
3571,100,357100,09:39:31
3571,300,1071300,09:39:31
3571,200,714200,09:39:31
3571,300,1071300,09:39:31
3571,3100,11070100,09:39:31
3570,1800,6426000,09:39:30
3569,500,1784500,09:39:29
3569,2100,7494900,09:39:26
3569,200,713800,09:39:26
3569,200,713800,09:39:26
3569,200,713800,09:39:26
3569,200,713800,09:39:26
3569,100,356900,09:39:26
3567,100,356700,09:39:25
3568,200,713600,09:39:25
3567,100,356700,09:39:24
3568,100,356800,09:39:23
3567,100,356700,09:39:22
3568,1600,5708800,09:39:22
3567,900,3210300,09:39:22
3566,100,356600,09:39:22
3566,200,713200,09:39:21
3566,100,356600,09:39:21
3566,500,1783000,09:39:19
3566,400,1426400,09:39:19
3565,100,356500,09:39:18
3565,500,1782500,09:39:17
3565,100,356500,09:39:14
3565,100,356500,09:39:14
3565,100,356500,09:39:14
3565,200,713000,09:39:14
3565,200,713000,09:39:14
3565,100,356500,09:39:14
3564,100,356400,09:39:12
3565,100,356500,09:39:12
3565,100,356500,09:39:07
3564,200,712800,09:39:06
3565,400,1426000,09:39:06
3566,700,2496200,09:39:06
3565,100,356500,09:39:06
3565,200,713000,09:39:06
3564,400,1425600,09:39:05
3564,100,356400,09:39:05
3565,700,2495500,09:39:05
3565,400,1426000,09:39:05
3565,200,713000,09:39:05
3565,200,713000,09:39:05
3565,200,713000,09:39:05
3565,600,2139000,09:39:05
3565,100,356500,09:39:05
3565,100,356500,09:39:05
3565,200,713000,09:39:04
3565,100,356500,09:39:03
3565,200,713000,09:39:02
3566,100,356600,09:38:59
3566,200,713200,09:38:59
3566,200,713200,09:38:58
3566,100,356600,09:38:57
3566,100,356600,09:38:57
3566,300,1069800,09:38:57
3565,100,356500,09:38:57
3565,100,356500,09:38:57
3565,1100,3921500,09:38:57
3565,100,356500,09:38:57
3566,100,356600,09:38:56
3566,900,3209400,09:38:54
3566,1600,5705600,09:38:54
3566,300,1069800,09:38:54
3567,100,356700,09:38:54
3566,100,356600,09:38:53
3566,400,1426400,09:38:53
3567,400,1426800,09:38:53
3567,300,1070100,09:38:51
3567,100,356700,09:38:50
3567,1400,4993800,09:38:50
3568,100,356800,09:38:49
3568,700,2497600,09:38:49
3568,1500,5352000,09:38:49
3569,200,713800,09:38:47
3569,100,356900,09:38:46
3569,1500,5353500,09:38:46
3570,200,714000,09:38:42
3570,100,357000,09:38:41
3570,100,357000,09:38:40
3570,400,1428000,09:38:40
3570,200,714000,09:38:39
3570,200,714000,09:38:39
3570,400,1428000,09:38:39
3570,400,1428000,09:38:39
3570,1100,3927000,09:38:37
3570,1500,5355000,09:38:35
3570,100,357000,09:38:35
3570,100,357000,09:38:31
3570,200,714000,09:38:31
3570,1200,4284000,09:38:31
3570,700,2499000,09:38:31
3570,1700,6069000,09:38:31
3570,200,714000,09:38:31
3569,100,356900,09:38:30
3569,400,1427600,09:38:30
3569,1700,6067300,09:38:28
3569,200,713800,09:38:28
3569,600,2141400,09:38:28
3568,200,713600,09:38:28
3568,100,356800,09:38:28
3569,100,356900,09:38:24
3568,1400,4995200,09:38:23
3568,200,713600,09:38:23
3568,100,356800,09:38:20
3568,400,1427200,09:38:16
3568,100,356800,09:38:13
3567,400,1426800,09:38:13
3568,1300,4638400,09:38:13
3569,700,2498300,09:38:10
3568,100,356800,09:38:10
3567,100,356700,09:38:09
3568,500,1784000,09:38:09
3568,300,1070400,09:38:09
3568,100,356800,09:38:07
3568,100,356800,09:38:07
3568,500,1784000,09:38:07
3568,200,713600,09:38:07
3568,300,1070400,09:38:07
3568,200,713600,09:38:06
3568,1300,4638400,09:38:06
3568,200,713600,09:38:06
3568,400,1427200,09:38:06
3568,100,356800,09:38:06
3568,100,356800,09:38:06
3568,100,356800,09:38:06
3570,100,357000,09:38:02
3569,100,356900,09:38:02
3569,100,356900,09:38:02
3569,400,1427600,09:38:01
3569,400,1427600,09:38:00
3569,1000,3569000,09:37:59
3568,100,356800,09:37:58
3568,100,356800,09:37:57
3569,300,1070700,09:37:52
3568,100,356800,09:37:52
3568,1500,5352000,09:37:51
3568,700,2497600,09:37:50
3568,300,1070400,09:37:50
3569,500,1784500,09:37:50
3569,200,713800,09:37:50
3569,200,713800,09:37:50
3569,1400,4996600,09:37:50
3569,100,356900,09:37:49
3570,200,714000,09:37:49
3569,100,356900,09:37:49
3570,300,1071000,09:37:46
3570,400,1428000,09:37:46
3570,6500,23205000,09:37:46
3570,300,1071000,09:37:46
3570,200,714000,09:37:46
3570,700,2499000,09:37:46
3570,1200,4284000,09:37:46
3569,100,356900,09:37:41
3570,100,357000,09:37:40
3569,300,1070700,09:37:39
3569,300,1070700,09:37:39
3569,200,713800,09:37:39
3569,500,1784500,09:37:38
3569,100,356900,09:37:37
3570,1000,3570000,09:37:37
3569,100,356900,09:37:36
3569,100,356900,09:37:36
3569,200,713800,09:37:36
3568,1900,6779200,09:37:35
3568,300,1070400,09:37:35
3568,700,2497600,09:37:35
3568,1400,4995200,09:37:35
3569,400,1427600,09:37:35
3570,700,2499000,09:37:35
3569,2300,8208700,09:37:35
3568,100,356800,09:37:35
3569,300,1070700,09:37:34
3569,1500,5353500,09:37:34
3570,4600,16422000,09:37:32
3570,100,357000,09:37:30
3571,600,2142600,09:37:30
3571,700,2499700,09:37:30
3571,200,714200,09:37:30
3571,200,714200,09:37:30
3571,200,714200,09:37:30
3571,100,357100,09:37:30
3570,100,357000,09:37:30
3570,200,714000,09:37:29
3570,100,357000,09:37:26
3570,200,714000,09:37:24
3570,200,714000,09:37:24
3570,200,714000,09:37:24
3570,500,1785000,09:37:24
3570,500,1785000,09:37:24
3570,300,1071000,09:37:24
3570,200,714000,09:37:23
3571,700,2499700,09:37:22
3571,100,357100,09:37:22
3571,200,714200,09:37:21
3571,100,357100,09:37:21
3571,200,714200,09:37:21
3571,400,1428400,09:37:20
3571,200,714200,09:37:19
3571,100,357100,09:37:19
3571,100,357100,09:37:19
3571,700,2499700,09:37:19
3572,900,3214800,09:37:18
3571,100,357100,09:37:18
3571,100,357100,09:37:16
3571,200,714200,09:37:16
3571,300,1071300,09:37:16
3571,200,714200,09:37:14
3571,400,1428400,09:37:13
3571,100,357100,09:37:13
3571,100,357100,09:37:12
3571,100,357100,09:37:12
3571,100,357100,09:37:12
3571,100,357100,09:37:12
3571,200,714200,09:37:12
3571,200,714200,09:37:12
3570,300,1071000,09:37:12
3571,100,357100,09:37:11
3571,100,357100,09:37:11
3570,100,357000,09:37:11
3571,100,357100,09:37:10
3571,200,714200,09:37:10
3571,200,714200,09:37:10
3571,200,714200,09:37:09
3571,100,357100,09:37:09
3571,100,357100,09:37:08
3570,200,714000,09:37:08
3570,100,357000,09:37:08
3571,100,357100,09:37:08
3571,100,357100,09:37:08
3571,500,1785500,09:37:07
3571,100,357100,09:37:07
3572,600,2143200,09:37:04
3571,500,1785500,09:37:04
3571,500,1785500,09:37:03
3571,300,1071300,09:37:01
3571,1000,3571000,09:36:59
3570,700,2499000,09:36:59
3570,100,357000,09:36:58
3570,200,714000,09:36:58
3570,1600,5712000,09:36:58
3571,400,1428400,09:36:58
3571,1100,3928100,09:36:58
3571,200,714200,09:36:58
3571,200,714200,09:36:58
3571,200,714200,09:36:58
3572,100,357200,09:36:56
3572,200,714400,09:36:55
3572,100,357200,09:36:54
3572,200,714400,09:36:53
3572,300,1071600,09:36:53
3572,100,357200,09:36:52
3572,300,1071600,09:36:52
3571,100,357100,09:36:50
3571,300,1071300,09:36:50
3571,200,714200,09:36:50
3571,100,357100,09:36:50
3571,300,1071300,09:36:50
3570,100,357000,09:36:50
3570,200,714000,09:36:49
3571,200,714200,09:36:49
3571,300,1071300,09:36:49
3571,500,1785500,09:36:48
3570,100,357000,09:36:48
3571,100,357100,09:36:48
3571,1500,5356500,09:36:47
3570,1600,5712000,09:36:47
3570,700,2499000,09:36:47
3570,500,1785000,09:36:47
3570,300,1071000,09:36:47
3570,100,357000,09:36:44
3570,100,357000,09:36:44
3570,200,714000,09:36:43
3570,200,714000,09:36:43
3568,100,356800,09:36:43
3569,5200,18558800,09:36:43
3568,4800,17126400,09:36:43
3568,100,356800,09:36:43
3567,800,2853600,09:36:41
3568,200,713600,09:36:41
3568,100,356800,09:36:40
3567,100,356700,09:36:40
3567,100,356700,09:36:37
3567,100,356700,09:36:35
3567,200,713400,09:36:35
3567,400,1426800,09:36:34
3567,300,1070100,09:36:34
3567,200,713400,09:36:34
3567,300,1070100,09:36:34
3567,100,356700,09:36:33
3567,100,356700,09:36:33
3568,200,713600,09:36:32
3566,500,1783000,09:36:31
3568,100,356800,09:36:30
3567,100,356700,09:36:29
3568,100,356800,09:36:29
3567,200,713400,09:36:28
3567,300,1070100,09:36:26
3567,100,356700,09:36:26
3567,1600,5707200,09:36:24
3567,100,356700,09:36:24
3566,100,356600,09:36:24
3567,100,356700,09:36:23
3567,3700,13197900,09:36:23
3566,200,713200,09:36:23
3565,200,713000,09:36:23
3566,200,713200,09:36:23
3566,200,713200,09:36:22
3566,2500,8915000,09:36:22
3565,100,356500,09:36:22
3565,100,356500,09:36:20
3565,1000,3565000,09:36:20
3564,100,356400,09:36:16
3564,100,356400,09:36:16
3564,300,1069200,09:36:16
3563,1500,5344500,09:36:16
3564,200,712800,09:36:15
3564,1500,5346000,09:36:14
3564,900,3207600,09:36:14
3565,500,1782500,09:36:14
3565,500,1782500,09:36:13
3565,300,1069500,09:36:12
3565,300,1069500,09:36:12
3565,100,356500,09:36:12
3565,600,2139000,09:36:12
3565,200,713000,09:36:12
3565,400,1426000,09:36:11
3565,200,713000,09:36:09
3565,100,356500,09:36:09
3565,100,356500,09:36:07
3565,200,713000,09:36:07
3565,200,713000,09:36:07
3565,100,356500,09:36:03
3565,500,1782500,09:36:02
3565,100,356500,09:36:02
3565,100,356500,09:36:00
3565,100,356500,09:36:00
3565,200,713000,09:36:00
3565,800,2852000,09:36:00
3565,100,356500,09:36:00
3566,100,356600,09:35:59
3566,200,713200,09:35:58
3566,300,1069800,09:35:57
3566,1700,6062200,09:35:57
3566,1700,6062200,09:35:57
3566,200,713200,09:35:57
3566,300,1069800,09:35:55
3566,100,356600,09:35:55
3564,100,356400,09:35:55
3565,800,2852000,09:35:55
3565,700,2495500,09:35:55
3565,400,1426000,09:35:55
3565,500,1782500,09:35:55
3565,100,356500,09:35:54
3565,200,713000,09:35:52
3566,300,1069800,09:35:52
3566,100,356600,09:35:52
3566,100,356600,09:35:50
3566,200,713200,09:35:49
3566,100,356600,09:35:47
3565,100,356500,09:35:47
3565,200,713000,09:35:46
3565,200,713000,09:35:46
3565,700,2495500,09:35:44
3564,100,356400,09:35:41
3564,100,356400,09:35:41
3564,100,356400,09:35:41
3564,100,356400,09:35:40
3565,100,356500,09:35:40
3565,1200,4278000,09:35:39
3565,300,1069500,09:35:39
3565,2100,7486500,09:35:39
3565,200,713000,09:35:39
3565,500,1782500,09:35:39
3565,600,2139000,09:35:39
3565,2100,7486500,09:35:39
3564,200,712800,09:35:39
3564,800,2851200,09:35:39
3563,100,356300,09:35:39
3564,100,356400,09:35:39
3564,800,2851200,09:35:38
3564,200,712800,09:35:38
3564,100,356400,09:35:35
3564,100,356400,09:35:35
3564,100,356400,09:35:35
3564,100,356400,09:35:35
3564,200,712800,09:35:34
3564,200,712800,09:35:34
3564,200,712800,09:35:34
3564,100,356400,09:35:34
3564,200,712800,09:35:32
3564,2000,7128000,09:35:31
3564,100,356400,09:35:31
3564,100,356400,09:35:31
3563,100,356300,09:35:29
3563,400,1425200,09:35:27
3563,200,712600,09:35:27
3563,200,712600,09:35:27
3563,200,712600,09:35:27
3562,100,356200,09:35:24
3562,100,356200,09:35:24
3562,200,712400,09:35:23
3562,200,712400,09:35:23
3562,200,712400,09:35:23
3562,100,356200,09:35:23
3562,200,712400,09:35:23
3562,200,712400,09:35:23
3562,200,712400,09:35:23
3563,100,356300,09:35:22
3563,100,356300,09:35:21
3563,300,1068900,09:35:21
3563,200,712600,09:35:20
3563,1800,6413400,09:35:20
3562,100,356200,09:35:20
3563,500,1781500,09:35:19
3563,100,356300,09:35:19
3563,300,1068900,09:35:19
3563,300,1068900,09:35:19
3563,100,356300,09:35:19
3563,2200,7838600,09:35:19
3562,800,2849600,09:35:19
3562,200,712400,09:35:19
3562,200,712400,09:35:19
3562,100,356200,09:35:19
3562,200,712400,09:35:19
3562,100,356200,09:35:18
3562,100,356200,09:35:16
3561,100,356100,09:35:13
3561,1100,3917100,09:35:13
3560,300,1068000,09:35:13
3560,200,712000,09:35:13
3560,200,712000,09:35:13
3560,100,356000,09:35:12
3560,1900,6764000,09:35:12
3560,200,712000,09:35:12
3560,100,356000,09:35:11
3560,800,2848000,09:35:10
3560,200,712000,09:35:08
3560,100,356000,09:35:06
3560,200,712000,09:35:06
3560,200,712000,09:35:06
3560,100,356000,09:35:06
3559,100,355900,09:35:04
3560,100,356000,09:35:04
3559,900,3203100,09:35:03
3559,200,711800,09:35:03
3559,200,711800,09:35:03
3559,200,711800,09:35:03
3559,200,711800,09:35:03
3559,200,711800,09:35:03
3559,100,355900,09:34:59
3559,200,711800,09:34:58
3559,200,711800,09:34:58
3559,200,711800,09:34:58
3559,300,1067700,09:34:58
3559,100,355900,09:34:58
3559,200,711800,09:34:58
3560,200,712000,09:34:55
3560,300,1068000,09:34:55
3560,200,712000,09:34:55
3560,300,1068000,09:34:55
3561,100,356100,09:34:54
3561,600,2136600,09:34:54
3561,100,356100,09:34:54
3561,100,356100,09:34:54
3561,100,356100,09:34:53
3560,100,356000,09:34:53
3560,300,1068000,09:34:50
3560,300,1068000,09:34:50
3560,100,356000,09:34:50
3560,300,1068000,09:34:50
3559,100,355900,09:34:47
3560,100,356000,09:34:47
3560,100,356000,09:34:47
3560,100,356000,09:34:46
3560,1600,5696000,09:34:45
3560,300,1068000,09:34:45
3558,3800,13520400,09:34:44
3559,2800,9965200,09:34:44
3560,2100,7476000,09:34:44
3560,100,356000,09:34:44
3561,100,356100,09:34:44
3561,200,712200,09:34:44
3561,800,2848800,09:34:44
3561,100,356100,09:34:44
3561,200,712200,09:34:44
3561,200,712200,09:34:44
3562,100,356200,09:34:43
3562,100,356200,09:34:43
3562,200,712400,09:34:43
3562,200,712400,09:34:43
3562,200,712400,09:34:43
3562,200,712400,09:34:43
3561,200,712200,09:34:41
3561,100,356100,09:34:40
3562,100,356200,09:34:35
3562,100,356200,09:34:34
3562,300,1068600,09:34:34
3562,600,2137200,09:34:34
3562,100,356200,09:34:34
3562,200,712400,09:34:34
3562,200,712400,09:34:34
3562,200,712400,09:34:34
3562,200,712400,09:34:34
3562,400,1424800,09:34:34
3561,300,1068300,09:34:33
3562,100,356200,09:34:33
3562,200,712400,09:34:33
3562,200,712400,09:34:33
3562,200,712400,09:34:33
3563,100,356300,09:34:32
3562,600,2137200,09:34:32
3562,1000,3562000,09:34:32
3562,100,356200,09:34:31
3562,100,356200,09:34:31
3563,200,712600,09:34:30
3562,400,1424800,09:34:30
3562,100,356200,09:34:30
3562,100,356200,09:34:30
3562,100,356200,09:34:30
3562,200,712400,09:34:30
3561,100,356100,09:34:29
3562,200,712400,09:34:28
3562,100,356200,09:34:28
3562,400,1424800,09:34:28
3563,300,1068900,09:34:28
3562,500,1781000,09:34:27
3562,100,356200,09:34:27
3563,300,1068900,09:34:27
3563,100,356300,09:34:27
3563,300,1068900,09:34:27
3562,200,712400,09:34:27
3562,200,712400,09:34:27
3561,100,356100,09:34:27
3561,100,356100,09:34:27
3561,100,356100,09:34:27
3562,1900,6767800,09:34:27
3561,100,356100,09:34:27
3561,100,356100,09:34:27
3559,6800,24201200,09:34:27
3560,5200,18512000,09:34:27
3561,3700,13175700,09:34:27
3562,200,712400,09:34:27
3563,100,356300,09:34:27
3562,200,712400,09:34:27
3562,200,712400,09:34:26
3562,900,3205800,09:34:26
3563,100,356300,09:34:26
3562,1500,5343000,09:34:26
3561,1400,4985400,09:34:26
3560,200,712000,09:34:25
3560,100,356000,09:34:25
3560,500,1780000,09:34:24
3559,100,355900,09:34:24
3560,600,2136000,09:34:24
3559,100,355900,09:34:24
3559,100,355900,09:34:24
3559,100,355900,09:34:24
3560,300,1068000,09:34:23
3560,100,356000,09:34:23
3560,100,356000,09:34:23
3560,100,356000,09:34:23
3560,100,356000,09:34:22
3560,2300,8188000,09:34:22
3560,200,712000,09:34:22
3560,100,356000,09:34:22
3560,500,1780000,09:34:22
3559,1000,3559000,09:34:16
3558,200,711600,09:34:14
3558,100,355800,09:34:11
3558,100,355800,09:34:11
3558,100,355800,09:34:10
3558,3100,11029800,09:34:09
3556,100,355600,09:34:09
3557,100,355700,09:34:09
3557,100,355700,09:34:09
3556,200,711200,09:34:09
3556,1400,4978400,09:34:09
3556,200,711200,09:34:09
3556,2000,7112000,09:34:09
3558,100,355800,09:34:07
3558,500,1779000,09:34:07
3556,100,355600,09:34:07
3557,100,355700,09:34:07
3557,200,711400,09:34:07
3557,200,711400,09:34:07
3557,200,711400,09:34:07
3556,100,355600,09:34:06
3556,200,711200,09:34:06
3556,200,711200,09:34:04
3556,200,711200,09:34:04
3556,200,711200,09:34:04
3556,200,711200,09:34:04
3556,300,1066800,09:34:04
3557,200,711400,09:34:04
3557,100,355700,09:34:04
3556,200,711200,09:34:04
3557,100,355700,09:34:04
3557,100,355700,09:34:04
3556,100,355600,09:34:03
3556,400,1422400,09:34:03
3556,200,711200,09:34:03
3557,100,355700,09:34:03
3557,100,355700,09:34:03
3557,200,711400,09:34:03
3557,100,355700,09:34:03
3557,200,711400,09:34:03
3557,100,355700,09:34:03
3556,100,355600,09:34:02
3557,200,711400,09:34:02
3557,100,355700,09:34:02
3557,100,355700,09:34:02
3557,100,355700,09:34:02
3557,100,355700,09:34:02
3557,200,711400,09:34:02
3557,100,355700,09:34:02
3558,200,711600,09:34:02
3557,100,355700,09:34:02
3557,200,711400,09:34:02
3555,8100,28795500,09:34:02
3556,7700,27381200,09:34:02
3557,8100,28811700,09:34:02
3558,2400,8539200,09:34:02
3560,300,1068000,09:34:02
3559,700,2491300,09:34:02
3559,200,711800,09:34:01
3559,200,711800,09:34:01
3558,400,1423200,09:34:00
3558,100,355800,09:34:00
3558,100,355800,09:34:00
3558,100,355800,09:34:00
3558,100,355800,09:34:00
3558,100,355800,09:34:00
3558,100,355800,09:33:58
3557,200,711400,09:33:58
3558,100,355800,09:33:58
3558,200,711600,09:33:58
3558,100,355800,09:33:57
3558,300,1067400,09:33:57
3558,100,355800,09:33:57
3558,200,711600,09:33:57
3558,100,355800,09:33:57
3559,1000,3559000,09:33:57
3558,700,2490600,09:33:56
3559,100,355900,09:33:55
3559,100,355900,09:33:54
3559,700,2491300,09:33:54
3559,400,1423600,09:33:54
3559,300,1067700,09:33:54
3559,100,355900,09:33:52
3559,500,1779500,09:33:52
3559,100,355900,09:33:50
3560,1100,3916000,09:33:49
3560,100,356000,09:33:49
3560,100,356000,09:33:49
3560,100,356000,09:33:49
3560,100,356000,09:33:49
3559,100,355900,09:33:48
3559,1000,3559000,09:33:48
3559,600,2135400,09:33:47
3559,400,1423600,09:33:47
3557,100,355700,09:33:47
3558,100,355800,09:33:46
3558,100,355800,09:33:46
3558,200,711600,09:33:46
3558,600,2134800,09:33:46
3558,100,355800,09:33:46
3558,100,355800,09:33:46
3558,100,355800,09:33:46
3557,100,355700,09:33:46
3557,300,1067100,09:33:45
3558,100,355800,09:33:45
3558,100,355800,09:33:44
3558,100,355800,09:33:44
3558,300,1067400,09:33:44
3558,200,711600,09:33:44
3558,400,1423200,09:33:44
3558,100,355800,09:33:44
3558,3700,13164600,09:33:44
3558,900,3202200,09:33:44
3558,100,355800,09:33:42
3559,100,355900,09:33:41
3558,100,355800,09:33:41
3558,200,711600,09:33:41
3558,100,355800,09:33:40
3558,100,355800,09:33:40
3558,300,1067400,09:33:40
3558,300,1067400,09:33:40
3559,200,711800,09:33:40
3558,300,1067400,09:33:40
3559,100,355900,09:33:39
3559,100,355900,09:33:38
3559,200,711800,09:33:38
3559,800,2847200,09:33:38
3559,100,355900,09:33:38
3559,1500,5338500,09:33:38
3559,300,1067700,09:33:38
3559,200,711800,09:33:38
3559,400,1423600,09:33:38
3559,200,711800,09:33:38
3559,200,711800,09:33:38
3559,200,711800,09:33:38
3560,100,356000,09:33:38
3560,500,1780000,09:33:36
3559,100,355900,09:33:36
3559,100,355900,09:33:36
3559,300,1067700,09:33:36
3559,100,355900,09:33:36
3559,100,355900,09:33:36
3559,100,355900,09:33:36
3559,100,355900,09:33:36
3559,200,711800,09:33:36
3559,100,355900,09:33:35
3559,100,355900,09:33:35
3559,200,711800,09:33:35
3559,100,355900,09:33:35
3559,200,711800,09:33:35
3559,100,355900,09:33:35
3559,100,355900,09:33:35
3559,100,355900,09:33:35
3560,100,356000,09:33:35
3559,100,355900,09:33:35
3559,100,355900,09:33:35
3559,100,355900,09:33:35
3559,500,1779500,09:33:35
3559,1300,4626700,09:33:35
3560,200,712000,09:33:35
3560,2300,8188000,09:33:35
3560,7600,27056000,09:33:35
3561,100,356100,09:33:34
3561,100,356100,09:33:34
3561,200,712200,09:33:34
3561,3400,12107400,09:33:33
3561,100,356100,09:33:33
3561,200,712200,09:33:33
3562,100,356200,09:33:33
3562,400,1424800,09:33:31
3562,1200,4274400,09:33:31
3562,400,1424800,09:33:31
3563,600,2137800,09:33:27
3563,100,356300,09:33:26
3564,100,356400,09:33:26
3563,100,356300,09:33:25
3563,200,712600,09:33:23
3562,200,712400,09:33:22
3563,100,356300,09:33:22
3562,100,356200,09:33:22
3563,200,712600,09:33:19
3563,100,356300,09:33:19
3563,300,1068900,09:33:19
3563,100,356300,09:33:19
3563,100,356300,09:33:19
3562,200,712400,09:33:18
3563,1000,3563000,09:33:18
3561,100,356100,09:33:16
3562,300,1068600,09:33:16
3562,2400,8548800,09:33:16
3562,200,712400,09:33:16
3563,2400,8551200,09:33:16
3564,2900,10335600,09:33:16
3565,3700,13190500,09:33:16
3565,100,356500,09:33:16
3566,100,356600,09:33:14
3566,400,1426400,09:33:14
3566,100,356600,09:33:14
3566,100,356600,09:33:14
3566,100,356600,09:33:14
3566,100,356600,09:33:14
3566,100,356600,09:33:14
3566,100,356600,09:33:12
3567,2600,9274200,09:33:12
3567,100,356700,09:33:11
3567,100,356700,09:33:10
3567,100,356700,09:33:09
3568,900,3211200,09:33:08
3567,200,713400,09:33:04
3567,100,356700,09:33:03
3567,100,356700,09:33:03
3567,100,356700,09:33:03
3568,100,356800,09:33:00
3567,100,356700,09:33:00
3567,100,356700,09:33:00
3567,200,713400,09:33:00
3566,100,356600,09:32:58
3566,100,356600,09:32:58
3566,200,713200,09:32:58
3566,300,1069800,09:32:58
3566,100,356600,09:32:58
3566,100,356600,09:32:58
3567,200,713400,09:32:58
3566,300,1069800,09:32:58
3566,100,356600,09:32:58
3567,100,356700,09:32:56
3567,100,356700,09:32:56
3567,200,713400,09:32:56
3568,100,356800,09:32:54
3568,100,356800,09:32:54
3568,100,356800,09:32:53
3567,100,356700,09:32:52
3567,100,356700,09:32:52
3567,3100,11057700,09:32:52
3566,100,356600,09:32:50
3567,300,1070100,09:32:48
3566,200,713200,09:32:48
3566,400,1426400,09:32:45
3566,100,356600,09:32:45
3566,100,356600,09:32:43
3566,100,356600,09:32:43
3566,200,713200,09:32:42
3566,100,356600,09:32:41
3567,200,713400,09:32:40
3566,200,713200,09:32:39
3566,200,713200,09:32:39
3566,200,713200,09:32:38
3566,100,356600,09:32:37
3566,200,713200,09:32:37
3566,200,713200,09:32:37
3566,200,713200,09:32:37
3566,200,713200,09:32:36
3567,200,713400,09:32:36
3566,200,713200,09:32:35
3567,100,356700,09:32:34
3567,100,356700,09:32:30
3566,300,1069800,09:32:29
3566,200,713200,09:32:29
3566,300,1069800,09:32:29
3566,100,356600,09:32:25
3566,200,713200,09:32:23
3566,100,356600,09:32:23
3566,200,713200,09:32:22
3566,1300,4635800,09:32:22
3567,100,356700,09:32:21
3566,100,356600,09:32:21
3566,100,356600,09:32:20
3566,100,356600,09:32:20
3566,200,713200,09:32:19
3566,100,356600,09:32:19
3566,200,713200,09:32:19
3567,100,356700,09:32:19
3567,100,356700,09:32:18
3566,200,713200,09:32:18
3566,100,356600,09:32:18
3567,300,1070100,09:32:17
3567,100,356700,09:32:17
3567,200,713400,09:32:17
3567,200,713400,09:32:16
3567,2300,8204100,09:32:16
3567,700,2496900,09:32:16
3567,100,356700,09:32:16
3567,100,356700,09:32:16
3567,100,356700,09:32:16
3567,300,1070100,09:32:16
3567,500,1783500,09:32:16
3566,100,356600,09:32:16
3566,100,356600,09:32:14
3566,100,356600,09:32:14
3566,100,356600,09:32:12
3565,100,356500,09:32:11
3566,100,356600,09:32:11
3566,100,356600,09:32:11
3566,100,356600,09:32:11
3567,200,713400,09:32:11
3566,100,356600,09:32:11
3565,100,356500,09:32:11
3567,100,356700,09:32:10
3566,100,356600,09:32:10
3566,500,1783000,09:32:09
3566,100,356600,09:32:09
3567,200,713400,09:32:09
3566,100,356600,09:32:09
3566,100,356600,09:32:07
3565,100,356500,09:32:06
3566,200,713200,09:32:06
3566,100,356600,09:32:06
3566,200,713200,09:32:06
3565,100,356500,09:32:05
3566,100,356600,09:32:05
3566,200,713200,09:32:05
3566,200,713200,09:32:05
3566,200,713200,09:32:05
3566,100,356600,09:32:05
3566,400,1426400,09:32:05
3567,200,713400,09:32:03
3567,500,1783500,09:32:03
3566,200,713200,09:32:02
3567,100,356700,09:32:01
3567,600,2140200,09:32:00
3567,600,2140200,09:32:00
3566,100,356600,09:31:59
3566,200,713200,09:31:59
3566,100,356600,09:31:58
3566,200,713200,09:31:57
3566,1100,3922600,09:31:56
3566,100,356600,09:31:56
3565,300,1069500,09:31:53
3565,100,356500,09:31:53
3565,100,356500,09:31:53
3565,100,356500,09:31:53
3565,100,356500,09:31:51
3564,200,712800,09:31:50
3564,400,1425600,09:31:49
3564,1600,5702400,09:31:48
3564,100,356400,09:31:48
3564,200,712800,09:31:48
3564,300,1069200,09:31:47
3564,200,712800,09:31:46
3564,100,356400,09:31:45
3564,200,712800,09:31:44
3564,100,356400,09:31:44
3564,100,356400,09:31:43
3564,400,1425600,09:31:41
3564,100,356400,09:31:41
3565,300,1069500,09:31:40
3565,300,1069500,09:31:39
3565,100,356500,09:31:39
3565,100,356500,09:31:38
3566,100,356600,09:31:37
3565,900,3208500,09:31:37
3565,100,356500,09:31:37
3564,400,1425600,09:31:34
3564,100,356400,09:31:34
3565,1600,5704000,09:31:33
3565,100,356500,09:31:33
3566,300,1069800,09:31:31
3566,100,356600,09:31:31
3566,100,356600,09:31:31
3566,100,356600,09:31:31
3566,100,356600,09:31:31
3566,100,356600,09:31:31
3566,300,1069800,09:31:31
3566,200,713200,09:31:31
3565,200,713000,09:31:27
3565,100,356500,09:31:27
3565,500,1782500,09:31:27
3564,100,356400,09:31:27
3565,400,1426000,09:31:26
3565,100,356500,09:31:26
3565,200,713000,09:31:25
3565,200,713000,09:31:25
3565,100,356500,09:31:25
3565,100,356500,09:31:25
3565,1100,3921500,09:31:23
3564,1300,4633200,09:31:23
3564,500,1782000,09:31:23
3565,300,1069500,09:31:23
3566,100,356600,09:31:23
3566,200,713200,09:31:23
3566,200,713200,09:31:23
3566,300,1069800,09:31:23
3567,100,356700,09:31:22
3567,100,356700,09:31:22
3567,100,356700,09:31:22
3567,200,713400,09:31:22
3567,200,713400,09:31:22
3566,100,356600,09:31:21
3567,200,713400,09:31:19
3568,800,2854400,09:31:18
3567,100,356700,09:31:18
3567,100,356700,09:31:17
3567,100,356700,09:31:17
3567,100,356700,09:31:17
3567,200,713400,09:31:17
3566,200,713200,09:31:17
3567,200,713400,09:31:17
3568,300,1070400,09:31:16
3567,700,2496900,09:31:15
3567,100,356700,09:31:15
3567,200,713400,09:31:15
3567,100,356700,09:31:15
3567,200,713400,09:31:15
3568,100,356800,09:31:15
3568,100,356800,09:31:15
3568,900,3211200,09:31:14
3568,100,356800,09:31:14
3568,100,356800,09:31:14
3568,5500,19624000,09:31:14
3567,100,356700,09:31:13
3567,100,356700,09:31:13
3567,100,356700,09:31:13
3567,2000,7134000,09:31:13
3566,700,2496200,09:31:13
3566,400,1426400,09:31:13
3566,2000,7132000,09:31:13
3566,100,356600,09:31:13
3565,200,713000,09:31:12
3565,600,2139000,09:31:12
3565,100,356500,09:31:11
3565,100,356500,09:31:11
3565,100,356500,09:31:11
3565,200,713000,09:31:11
3565,4200,14973000,09:31:11
3564,200,712800,09:31:11
3563,400,1425200,09:31:11
3562,1400,4986800,09:31:11
3563,100,356300,09:31:10
3563,300,1068900,09:31:10
3563,100,356300,09:31:10
3564,100,356400,09:31:10
3564,100,356400,09:31:10
3564,100,356400,09:31:09
3565,300,1069500,09:31:09
3564,3700,13186800,09:31:09
3563,400,1425200,09:31:08
3563,200,712600,09:31:08
3563,400,1425200,09:31:08
3563,300,1068900,09:31:08
3563,100,356300,09:31:07
3563,100,356300,09:31:05
3563,100,356300,09:31:04
3563,200,712600,09:31:04
3564,100,356400,09:31:02
3564,100,356400,09:31:02
3564,300,1069200,09:31:01
3564,100,356400,09:31:01
3564,100,356400,09:31:01
3565,300,1069500,09:31:00
3564,200,712800,09:30:58
3564,100,356400,09:30:58
3564,500,1782000,09:30:58
3564,800,2851200,09:30:58
3564,100,356400,09:30:57
3565,200,713000,09:30:57
3565,100,356500,09:30:56
3565,100,356500,09:30:54
3565,200,713000,09:30:54
3565,600,2139000,09:30:54
3565,100,356500,09:30:52
3565,500,1782500,09:30:52
3566,100,356600,09:30:52
3566,100,356600,09:30:51
3566,200,713200,09:30:51
3566,4500,16047000,09:30:51
3566,200,713200,09:30:51
3565,500,1782500,09:30:50
3566,100,356600,09:30:50
3566,100,356600,09:30:49
3565,100,356500,09:30:49
3565,300,1069500,09:30:48
3565,200,713000,09:30:48
3565,900,3208500,09:30:48
3565,200,713000,09:30:48
3564,100,356400,09:30:47
3564,100,356400,09:30:45
3564,200,712800,09:30:45
3564,100,356400,09:30:45
3564,100,356400,09:30:45
3564,200,712800,09:30:44
3564,100,356400,09:30:43
3563,100,356300,09:30:42
3564,200,712800,09:30:41
3564,200,712800,09:30:41
3563,300,1068900,09:30:41
3563,100,356300,09:30:40
3563,100,356300,09:30:40
3563,100,356300,09:30:40
3563,100,356300,09:30:40
3563,200,712600,09:30:40
3562,300,1068600,09:30:40
3562,100,356200,09:30:40
3562,100,356200,09:30:39
3562,100,356200,09:30:39
3562,300,1068600,09:30:39
3561,100,356100,09:30:39
3563,100,356300,09:30:39
3562,100,356200,09:30:39
3561,100,356100,09:30:39
3562,100,356200,09:30:39
3562,200,712400,09:30:39
3561,600,2136600,09:30:39
3562,300,1068600,09:30:39
3562,200,712400,09:30:39
3562,200,712400,09:30:39
3562,600,2137200,09:30:38
3562,400,1424800,09:30:38
3562,100,356200,09:30:38
3562,200,712400,09:30:38
3562,300,1068600,09:30:38
3562,100,356200,09:30:38
3562,200,712400,09:30:38
3562,200,712400,09:30:38
3562,200,712400,09:30:38
3562,600,2137200,09:30:38
3563,400,1425200,09:30:38
3563,100,356300,09:30:38
3563,100,356300,09:30:38
3564,100,356400,09:30:38
3565,400,1426000,09:30:37
3565,500,1782500,09:30:37
3565,1100,3921500,09:30:37
3564,100,356400,09:30:36
3563,3400,12114200,09:30:36
3564,4600,16394400,09:30:36
3565,1000,3565000,09:30:36
3566,100,356600,09:30:35
3566,1600,5705600,09:30:31
3565,500,1782500,09:30:30
3565,100,356500,09:30:30
3564,200,712800,09:30:29
3565,100,356500,09:30:28
3565,300,1069500,09:30:28
3565,100,356500,09:30:28
3566,300,1069800,09:30:28
3565,100,356500,09:30:27
3566,100,356600,09:30:26
3565,100,356500,09:30:26
3565,100,356500,09:30:25
3565,200,713000,09:30:25
3566,200,713200,09:30:24
3566,400,1426400,09:30:24
3566,300,1069800,09:30:24
3564,800,2851200,09:30:23
3565,700,2495500,09:30:23
3565,100,356500,09:30:22
3565,3300,11764500,09:30:22
3565,100,356500,09:30:21
3564,400,1425600,09:30:19
3564,200,712800,09:30:19
3564,100,356400,09:30:19
3564,100,356400,09:30:19
3564,100,356400,09:30:19
3563,200,712600,09:30:18
3565,600,2139000,09:30:18
3564,1200,4276800,09:30:18
3563,100,356300,09:30:17
3563,300,1068900,09:30:17
3563,200,712600,09:30:17
3563,300,1068900,09:30:17
3563,100,356300,09:30:17
3563,200,712600,09:30:16
3563,200,712600,09:30:16
3563,300,1068900,09:30:16
3563,200,712600,09:30:16
3563,100,356300,09:30:16
3565,100,356500,09:30:16
3564,200,712800,09:30:16
3565,300,1069500,09:30:15
3564,200,712800,09:30:15
3564,200,712800,09:30:15
3565,200,713000,09:30:15
3565,400,1426000,09:30:14
3563,100,356300,09:30:14
3564,200,712800,09:30:14
3564,100,356400,09:30:14
3564,300,1069200,09:30:14
3563,400,1425200,09:30:14
3564,4300,15325200,09:30:14
3565,3800,13547000,09:30:14
3566,2000,7132000,09:30:11
3567,100,356700,09:30:11
3567,100,356700,09:30:11
3567,500,1783500,09:30:11
3568,1800,6422400,09:30:11
3568,200,713600,09:30:11
3568,100,356800,09:30:11
3569,1500,5353500,09:30:10
3570,1800,6426000,09:30:10
3569,2400,8565600,09:30:10
3569,2200,7851800,09:30:10
3569,500,1784500,09:30:10
3569,6700,23912300,09:30:10
3569,700,2498300,09:30:10
3568,100,356800,09:30:10
3568,100,356800,09:30:10
3568,200,713600,09:30:10
3568,300,1070400,09:30:08
3567,100,356700,09:30:08
3568,100,356800,09:30:07
3568,100,356800,09:30:07
3568,200,713600,09:30:06
3568,100,356800,09:30:06
3568,2300,8206400,09:30:05
3568,3100,11060800,09:30:05
3567,5300,18905100,09:30:05
3567,100,356700,09:30:04
3566,100,356600,09:30:03
3566,200,713200,09:30:03
3566,100,356600,09:30:02
3566,100,356600,09:30:02
3566,100,356600,09:30:02
3566,100,356600,09:30:02
3566,100,356600,09:30:01
3566,100,356600,09:30:01
3566,100,356600,09:30:01
3566,100,356600,09:30:01
3566,100,356600,09:30:01
3566,200,713200,09:30:01
3566,100,356600,09:30:01
3567,600,2140200,09:30:00
3567,100,356700,09:30:00
3567,100,356700,09:30:00
3567,100,356700,09:30:00
3567,100,356700,09:30:00
3567,100,356700,09:30:00
3566,600,2139600,09:29:59
3566,200,713200,09:29:59
3566,200,713200,09:29:59
3566,100,356600,09:29:59
3566,100,356600,09:29:59
3566,100,356600,09:29:58
3566,100,356600,09:29:58
3566,100,356600,09:29:58
3566,100,356600,09:29:58
3565,100,356500,09:29:58
3566,100,356600,09:29:58
3566,100,356600,09:29:57
3566,200,713200,09:29:57
3566,600,2139600,09:29:57
3566,200,713200,09:29:57
3566,200,713200,09:29:57
3566,200,713200,09:29:57
3566,100,356600,09:29:57
3566,100,356600,09:29:57
3566,500,1783000,09:29:55
3566,100,356600,09:29:55
3566,200,713200,09:29:55
3566,100,356600,09:29:49
3566,1200,4279200,09:29:47
3566,100,356600,09:29:45
3567,100,356700,09:29:43
3567,200,713400,09:29:43
3567,100,356700,09:29:42
3567,1200,4280400,09:29:42
3566,400,1426400,09:29:41
3566,100,356600,09:29:39
3566,4900,17473400,09:29:39
3566,100,356600,09:29:39
3566,2100,7488600,09:29:39
3566,100,356600,09:29:39
3567,100,356700,09:29:39
3566,300,1069800,09:29:39
3565,200,713000,09:29:38
3566,100,356600,09:29:38
3566,100,356600,09:29:38
3567,100,356700,09:29:38
3566,100,356600,09:29:38
3566,100,356600,09:29:37
3566,200,713200,09:29:37
3566,100,356600,09:29:37
3566,200,713200,09:29:37
3566,200,713200,09:29:37
3566,200,713200,09:29:37
3567,100,356700,09:29:36
3567,600,2140200,09:29:34
3566,400,1426400,09:29:33
3567,200,713400,09:29:33
3567,100,356700,09:29:33
3567,100,356700,09:29:33
3566,200,713200,09:29:32
3566,100,356600,09:29:31
3566,100,356600,09:29:30
3566,100,356600,09:29:30
3566,100,356600,09:29:30
3566,200,713200,09:29:29
3565,100,356500,09:29:29
3565,100,356500,09:29:26
3566,100,356600,09:29:26
3565,100,356500,09:29:26
3565,200,713000,09:29:26
3565,100,356500,09:29:26
3565,100,356500,09:29:26
3565,300,1069500,09:29:24
3566,400,1426400,09:29:23
3566,1300,4635800,09:29:23
3568,100,356800,09:29:22
3568,700,2497600,09:29:21
3567,900,3210300,09:29:21
3567,600,2140200,09:29:21
3567,300,1070100,09:29:21
3567,200,713400,09:29:21
3567,100,356700,09:29:20
3567,100,356700,09:29:18
3567,700,2496900,09:29:15
3565,800,2852000,09:29:14
3566,200,713200,09:29:14
3566,200,713200,09:29:13
3566,100,356600,09:29:13
3567,2200,7847400,09:29:12
3566,200,713200,09:29:12
3566,300,1069800,09:29:12
3566,300,1069800,09:29:12
3566,100,356600,09:29:12
3565,1000,3565000,09:29:11
3565,100,356500,09:29:11
3565,100,356500,09:29:11
3566,100,356600,09:29:11
3565,100,356500,09:29:10
3565,100,356500,09:29:09
3565,100,356500,09:29:09
3565,1300,4634500,09:29:08
3565,100,356500,09:29:08
3565,100,356500,09:29:08
3564,100,356400,09:29:08
3565,100,356500,09:29:07
3565,100,356500,09:29:07
3565,200,713000,09:29:06
3565,100,356500,09:29:06
3565,200,713000,09:29:06
3565,100,356500,09:29:06
3565,200,713000,09:29:04
3566,500,1783000,09:29:03
3566,300,1069800,09:29:03
3565,100,356500,09:29:03
3565,100,356500,09:29:02
3565,100,356500,09:29:02
3565,200,713000,09:29:02
3565,100,356500,09:29:02
3565,100,356500,09:29:02
3565,100,356500,09:29:02
3565,100,356500,09:29:02
3565,300,1069500,09:29:02
3565,700,2495500,09:29:02
3564,100,356400,09:29:01
3565,200,713000,09:29:01
3564,100,356400,09:29:00
3564,200,712800,09:29:00
3564,100,356400,09:28:59
3564,200,712800,09:28:59
3565,100,356500,09:28:59
3565,200,713000,09:28:59
3565,700,2495500,09:28:59
3564,200,712800,09:28:59
3565,300,1069500,09:28:59
3565,4000,14260000,09:28:59
3565,400,1426000,09:28:59
3565,100,356500,09:28:59
3565,100,356500,09:28:59
3565,200,713000,09:28:59
3565,200,713000,09:28:59
3565,200,713000,09:28:59
3566,300,1069800,09:28:58
3565,100,356500,09:28:58
3565,100,356500,09:28:58
3566,200,713200,09:28:57
3566,100,356600,09:28:57
3566,1100,3922600,09:28:57
3566,100,356600,09:28:57
3566,100,356600,09:28:57
3566,100,356600,09:28:57
3566,100,356600,09:28:57
3566,100,356600,09:28:56
3566,100,356600,09:28:55
3566,200,713200,09:28:55
3566,200,713200,09:28:55
3566,100,356600,09:28:54
3566,300,1069800,09:28:54
3566,100,356600,09:28:53
3566,100,356600,09:28:53
3566,100,356600,09:28:52
3566,100,356600,09:28:52
3566,200,713200,09:28:51
3566,200,713200,09:28:51
3566,200,713200,09:28:51
3566,100,356600,09:28:51
3566,900,3209400,09:28:51
3566,1300,4635800,09:28:51
3566,100,356600,09:28:50
3566,100,356600,09:28:49
3566,100,356600,09:28:49
3567,100,356700,09:28:49
3566,500,1783000,09:28:49
3566,200,713200,09:28:49
3566,500,1783000,09:28:48
3565,100,356500,09:28:47
3565,100,356500,09:28:47
3565,100,356500,09:28:46
3566,100,356600,09:28:45
3566,100,356600,09:28:45
3566,100,356600,09:28:45
3565,200,713000,09:28:44
3566,200,713200,09:28:44
3567,100,356700,09:28:44
3565,200,713000,09:28:44
3566,700,2496200,09:28:44
3566,100,356600,09:28:43
3566,100,356600,09:28:43
3566,100,356600,09:28:43
3565,100,356500,09:28:43
3566,200,713200,09:28:42
3565,100,356500,09:28:42
3565,100,356500,09:28:42
3565,100,356500,09:28:42
3565,100,356500,09:28:42
3566,200,713200,09:28:42
3566,200,713200,09:28:42
3566,200,713200,09:28:42
3566,100,356600,09:28:42
3565,200,713000,09:28:42
3566,400,1426400,09:28:42
3566,200,713200,09:28:41
3565,100,356500,09:28:41
3566,1600,5705600,09:28:41
3566,300,1069800,09:28:41
3566,300,1069800,09:28:41
3566,300,1069800,09:28:41
3566,300,1069800,09:28:41
3566,200,713200,09:28:41
3566,300,1069800,09:28:41
3566,100,356600,09:28:41
3566,100,356600,09:28:41
3567,2400,8560800,09:28:41
3568,100,356800,09:28:41
3568,1000,3568000,09:28:40
3568,400,1427200,09:28:40
3568,300,1070400,09:28:40
3568,200,713600,09:28:40
3568,200,713600,09:28:40
3569,1200,4282800,09:28:38
3569,600,2141400,09:28:38
3569,300,1070700,09:28:38
3570,200,714000,09:28:36
3570,100,357000,09:28:35
3570,400,1428000,09:28:34
3570,200,714000,09:28:32
3570,100,357000,09:28:31
3570,100,357000,09:28:31
3570,100,357000,09:28:31
3570,200,714000,09:28:31
3570,100,357000,09:28:30
3570,100,357000,09:28:30
3570,100,357000,09:28:30
3570,100,357000,09:28:30
3571,100,357100,09:28:26
3571,300,1071300,09:28:26
3571,500,1785500,09:28:25
3570,400,1428000,09:28:25
3569,100,356900,09:28:25
3570,300,1071000,09:28:25
3571,100,357100,09:28:25
3570,300,1071000,09:28:25
3569,100,356900,09:28:24
3570,400,1428000,09:28:24
3570,200,714000,09:28:24
3570,1300,4641000,09:28:23
3570,100,357000,09:28:23
3569,900,3212100,09:28:21
3568,900,3211200,09:28:21
3569,1100,3925900,09:28:21
3569,100,356900,09:28:21
3569,100,356900,09:28:21
3569,200,713800,09:28:21
3569,200,713800,09:28:20
3569,100,356900,09:28:20
3569,100,356900,09:28:20
3569,200,713800,09:28:19
3569,200,713800,09:28:19
3569,100,356900,09:28:19
3569,200,713800,09:28:19
3569,300,1070700,09:28:19
3570,100,357000,09:28:18
3569,200,713800,09:28:16
3570,600,2142000,09:28:16
3570,100,357000,09:28:16
3570,100,357000,09:28:16
3569,100,356900,09:28:15
3569,700,2498300,09:28:15
3570,100,357000,09:28:15
3570,3600,12852000,09:28:14
3569,100,356900,09:28:14
3569,100,356900,09:28:14
3569,200,713800,09:28:11
3568,100,356800,09:28:11
3568,300,1070400,09:28:10
3569,200,713800,09:28:10
3569,200,713800,09:28:10
3569,200,713800,09:28:10
3569,100,356900,09:28:09
3568,100,356800,09:28:08
3569,200,713800,09:28:08
3569,100,356900,09:28:08
3569,200,713800,09:28:08
3569,200,713800,09:28:07
3569,100,356900,09:28:07
3569,200,713800,09:28:07
3569,200,713800,09:28:07
3569,200,713800,09:28:07
3569,300,1070700,09:28:06
3568,300,1070400,09:28:06
3569,600,2141400,09:28:06
3568,800,2854400,09:28:06
3567,100,356700,09:28:05
3567,100,356700,09:28:05
3567,100,356700,09:28:05
3568,300,1070400,09:28:04
3567,400,1426800,09:28:04
3567,100,356700,09:28:04
3566,500,1783000,09:28:04
3567,3300,11771100,09:28:04
3568,300,1070400,09:28:03
3568,100,356800,09:28:03
3568,100,356800,09:28:03
3568,200,713600,09:28:03
3567,100,356700,09:28:01
3567,100,356700,09:28:01
3567,300,1070100,09:28:01
3567,500,1783500,09:28:01
3567,300,1070100,09:28:01
3567,100,356700,09:28:01
3567,100,356700,09:28:01
3567,900,3210300,09:28:01
3567,300,1070100,09:28:01
3567,500,1783500,09:28:01
3567,700,2496900,09:28:01
3567,100,356700,09:28:01
3568,300,1070400,09:28:01
3567,100,356700,09:28:00
3567,1900,6777300,09:28:00
3568,400,1427200,09:28:00
3568,100,356800,09:27:59
3568,100,356800,09:27:58
3568,100,356800,09:27:58
3568,100,356800,09:27:58
3568,100,356800,09:27:58
3568,100,356800,09:27:58
3568,300,1070400,09:27:57
3568,100,356800,09:27:57
3568,200,713600,09:27:57
3568,100,356800,09:27:57
3568,100,356800,09:27:56
3569,100,356900,09:27:56
3569,200,713800,09:27:55
3569,200,713800,09:27:55
3569,200,713800,09:27:55
3569,200,713800,09:27:55
3569,200,713800,09:27:55
3570,500,1785000,09:27:55
3570,700,2499000,09:27:55
3570,100,357000,09:27:55
3570,100,357000,09:27:55
3571,100,357100,09:27:55
3571,200,714200,09:27:53
3571,100,357100,09:27:53
3571,100,357100,09:27:53
3570,100,357000,09:27:51
3571,200,714200,09:27:51
3571,100,357100,09:27:48
3571,100,357100,09:27:47
3572,100,357200,09:27:47
3570,100,357000,09:27:47
3571,100,357100,09:27:47
3571,200,714200,09:27:45
3571,300,1071300,09:27:45
3571,100,357100,09:27:45
3571,100,357100,09:27:45
3570,200,714000,09:27:45
3569,200,713800,09:27:44
3570,900,3213000,09:27:43
3570,200,714000,09:27:42
3569,100,356900,09:27:42
3569,100,356900,09:27:42
3569,100,356900,09:27:41
3568,100,356800,09:27:41
3569,400,1427600,09:27:41
3569,100,356900,09:27:40
3569,100,356900,09:27:40
3569,800,2855200,09:27:40
3568,100,356800,09:27:40
3568,100,356800,09:27:39
3568,200,713600,09:27:39
3568,100,356800,09:27:39
3568,100,356800,09:27:39
3568,200,713600,09:27:39
3568,400,1427200,09:27:39
3568,100,356800,09:27:39
3568,100,356800,09:27:39
3568,200,713600,09:27:38
3568,200,713600,09:27:37
3568,100,356800,09:27:37
3568,100,356800,09:27:36
3568,200,713600,09:27:36
3568,900,3211200,09:27:36
3567,100,356700,09:27:36
3569,100,356900,09:27:36
3567,200,713400,09:27:36
3568,200,713600,09:27:36
3567,200,713400,09:27:35
3567,100,356700,09:27:35
3568,100,356800,09:27:35
3568,200,713600,09:27:35
3567,100,356700,09:27:35
3568,100,356800,09:27:35
3568,100,356800,09:27:35
3568,200,713600,09:27:35
3569,200,713800,09:27:35
3568,100,356800,09:27:35
3568,100,356800,09:27:35
3568,200,713600,09:27:35
3567,2800,9987600,09:27:35
3568,100,356800,09:27:35
3568,200,713600,09:27:35
3568,100,356800,09:27:34
3568,100,356800,09:27:34
3568,100,356800,09:27:34
3568,100,356800,09:27:34
3568,300,1070400,09:27:34
3568,200,713600,09:27:34
3568,100,356800,09:27:33
3568,400,1427200,09:27:33
3568,100,356800,09:27:33
3568,200,713600,09:27:33
3568,100,356800,09:27:33
3568,100,356800,09:27:33
3568,100,356800,09:27:33
3568,100,356800,09:27:33
3568,200,713600,09:27:33
3568,100,356800,09:27:33
3568,100,356800,09:27:33
3568,500,1784000,09:27:32
3568,100,356800,09:27:32
3568,100,356800,09:27:32
3568,100,356800,09:27:32
3568,100,356800,09:27:32
3568,600,2140800,09:27:32
3568,100,356800,09:27:31
3568,100,356800,09:27:31
3568,100,356800,09:27:31
3569,1800,6424200,09:27:31
3569,800,2855200,09:27:31
3570,3400,12138000,09:27:30
3570,100,357000,09:27:30
3571,200,714200,09:27:30
3571,200,714200,09:27:30
3571,200,714200,09:27:30
3570,100,357000,09:27:28
3570,100,357000,09:27:28
3571,100,357100,09:27:28
3571,100,357100,09:27:28
3570,100,357000,09:27:25
3571,100,357100,09:27:25
3571,200,714200,09:27:25
3570,200,714000,09:27:24
3570,100,357000,09:27:23
3571,300,1071300,09:27:22
3572,100,357200,09:27:22
3572,300,1071600,09:27:21
3572,500,1786000,09:27:20
3571,100,357100,09:27:19
3571,100,357100,09:27:19
3572,200,714400,09:27:18
3572,100,357200,09:27:18
3572,200,714400,09:27:18
3572,300,1071600,09:27:18
3572,100,357200,09:27:17
3572,100,357200,09:27:17
3572,100,357200,09:27:17
3572,100,357200,09:27:17
3573,200,714600,09:27:15
3573,200,714600,09:27:15
3573,100,357300,09:27:15
3573,100,357300,09:27:15
3574,200,714800,09:27:14
3574,100,357400,09:27:13
3573,100,357300,09:27:13
3573,100,357300,09:27:13
3573,100,357300,09:27:12
3574,100,357400,09:27:11
3573,100,357300,09:27:11
3574,100,357400,09:27:10
3574,200,714800,09:27:10
3574,100,357400,09:27:10
3574,200,714800,09:27:10
3575,200,715000,09:27:10
3574,100,357400,09:27:10
3574,200,714800,09:27:10
3574,2300,8220200,09:27:10
3573,200,714600,09:27:10
3573,2500,8932500,09:27:10
3572,200,714400,09:27:10
3572,100,357200,09:27:10
3572,200,714400,09:27:10
3572,200,714400,09:27:10
3572,3800,13573600,09:27:10
3572,100,357200,09:27:10
3572,100,357200,09:27:10
3571,200,714200,09:27:10
3570,300,1071000,09:27:09
3570,200,714000,09:27:09
3571,500,1785500,09:27:09
3570,500,1785000,09:27:08
3570,100,357000,09:27:07
3570,200,714000,09:27:07
3570,100,357000,09:27:05
3570,100,357000,09:27:05
3571,500,1785500,09:27:04
3570,100,357000,09:27:03
3570,1300,4641000,09:27:03
3571,300,1071300,09:27:03
3570,1200,4284000,09:27:03
3571,100,357100,09:27:03
3571,300,1071300,09:27:03
3571,1700,6070700,09:27:03
3570,600,2142000,09:27:03
3570,200,714000,09:27:03
3570,100,357000,09:27:03
3570,300,1071000,09:27:03
3570,100,357000,09:27:02
3570,200,714000,09:27:02
3570,100,357000,09:27:02
3570,200,714000,09:27:02
3570,1300,4641000,09:27:01
3570,200,714000,09:27:01
3570,100,357000,09:27:01
3570,100,357000,09:27:00
3570,100,357000,09:27:00
3570,100,357000,09:27:00
3571,100,357100,09:26:59
3571,200,714200,09:26:59
3571,100,357100,09:26:59
3571,100,357100,09:26:59
3571,100,357100,09:26:57
3571,100,357100,09:26:56
3571,100,357100,09:26:56
3571,100,357100,09:26:56
3571,1100,3928100,09:26:56
3570,200,714000,09:26:55
3570,200,714000,09:26:55
3570,100,357000,09:26:55
3570,100,357000,09:26:54
3570,2300,8211000,09:26:54
3570,500,1785000,09:26:54
3570,1000,3570000,09:26:53
3570,100,357000,09:26:53
3570,100,357000,09:26:53
3570,500,1785000,09:26:53
3570,100,357000,09:26:52
3570,300,1071000,09:26:52
3570,100,357000,09:26:52
3570,300,1071000,09:26:52
3571,100,357100,09:26:52
3569,600,2141400,09:26:52
3570,200,714000,09:26:52
3570,100,357000,09:26:51
3570,100,357000,09:26:51
3569,3500,12491500,09:26:51
3570,1500,5355000,09:26:51
3570,500,1785000,09:26:51
3571,200,714200,09:26:51
3571,100,357100,09:26:50
3571,200,714200,09:26:50
3571,4800,17140800,09:26:50
3571,200,714200,09:26:50
3571,100,357100,09:26:50
3570,100,357000,09:26:50
3570,100,357000,09:26:50
3570,100,357000,09:26:50
3570,100,357000,09:26:50
3570,200,714000,09:26:50
3570,300,1071000,09:26:50
3569,100,356900,09:26:50
3570,300,1071000,09:26:50
3570,100,357000,09:26:50
3570,100,357000,09:26:50
3570,200,714000,09:26:50
3570,300,1071000,09:26:50
3570,1000,3570000,09:26:50
3570,200,714000,09:26:49
3570,100,357000,09:26:49
3570,100,357000,09:26:49
3570,300,1071000,09:26:49
3570,300,1071000,09:26:49
3570,200,714000,09:26:49
3570,300,1071000,09:26:49
3570,200,714000,09:26:49
3570,200,714000,09:26:49
3570,100,357000,09:26:49
3570,100,357000,09:26:49
3570,100,357000,09:26:49
3570,100,357000,09:26:48
3570,200,714000,09:26:48
3570,100,357000,09:26:48
3570,100,357000,09:26:48
3570,100,357000,09:26:48
3570,100,357000,09:26:48
3570,100,357000,09:26:48
3570,100,357000,09:26:48
3570,200,714000,09:26:48
3571,400,1428400,09:26:47
3571,300,1071300,09:26:47
3571,100,357100,09:26:47
3571,100,357100,09:26:47
3571,200,714200,09:26:47
3571,300,1071300,09:26:47
3572,100,357200,09:26:46
3571,200,714200,09:26:46
3571,200,714200,09:26:46
3571,200,714200,09:26:46
3572,100,357200,09:26:46
3572,200,714400,09:26:46
3572,900,3214800,09:26:46
3571,100,357100,09:26:45
3571,100,357100,09:26:45
3571,100,357100,09:26:45
3571,100,357100,09:26:44
3571,100,357100,09:26:44
3571,100,357100,09:26:44
3570,100,357000,09:26:44
3571,200,714200,09:26:44
3571,100,357100,09:26:44
3570,200,714000,09:26:43
3570,100,357000,09:26:43
3571,100,357100,09:26:43
3571,100,357100,09:26:43
3571,400,1428400,09:26:43
3571,100,357100,09:26:43
3570,200,714000,09:26:43
3570,200,714000,09:26:43
3570,100,357000,09:26:43
3570,200,714000,09:26:43
3570,100,357000,09:26:43
3570,100,357000,09:26:43
3570,100,357000,09:26:43
3570,100,357000,09:26:42
3570,100,357000,09:26:42
3571,400,1428400,09:26:42
3570,100,357000,09:26:42
3570,100,357000,09:26:42
3570,100,357000,09:26:42
3570,100,357000,09:26:42
3570,100,357000,09:26:42
3570,300,1071000,09:26:42
3570,100,357000,09:26:42
3570,100,357000,09:26:42
3571,100,357100,09:26:42
3571,100,357100,09:26:42
3571,300,1071300,09:26:42
3570,1100,3927000,09:26:42
3571,400,1428400,09:26:42
3571,100,357100,09:26:42
3571,100,357100,09:26:42
3571,100,357100,09:26:42
3571,600,2142600,09:26:42
3571,600,2142600,09:26:42
3572,100,357200,09:26:42
3572,500,1786000,09:26:41
3573,100,357300,09:26:41
3573,300,1071900,09:26:41
3573,200,714600,09:26:41
3573,200,714600,09:26:41
3574,200,714800,09:26:40
3574,200,714800,09:26:40
3574,200,714800,09:26:40
3574,100,357400,09:26:40
3574,100,357400,09:26:40
3574,100,357400,09:26:38
3575,300,1072500,09:26:38
3574,200,714800,09:26:38
3574,100,357400,09:26:38
3574,200,714800,09:26:38
3574,900,3216600,09:26:37
3574,100,357400,09:26:37
3575,200,715000,09:26:37
3574,500,1787000,09:26:36
3574,200,714800,09:26:36
3574,200,714800,09:26:36
3574,100,357400,09:26:36
3574,100,357400,09:26:36
3574,200,714800,09:26:36
3573,200,714600,09:26:35
3573,200,714600,09:26:35
3573,200,714600,09:26:35
3573,200,714600,09:26:35
3572,1400,5000800,09:26:35
3573,100,357300,09:26:35
3573,100,357300,09:26:35
3573,100,357300,09:26:34
3573,100,357300,09:26:34
3573,100,357300,09:26:34
3573,300,1071900,09:26:34
3573,200,714600,09:26:33
3573,300,1071900,09:26:33
3573,300,1071900,09:26:33
3573,100,357300,09:26:33
3573,100,357300,09:26:33
3573,100,357300,09:26:33
3573,100,357300,09:26:33
3574,300,1072200,09:26:33
3573,100,357300,09:26:33
3573,100,357300,09:26:33
3573,100,357300,09:26:33
3573,100,357300,09:26:33
3573,100,357300,09:26:32
3573,100,357300,09:26:32
3573,100,357300,09:26:32
3573,100,357300,09:26:32
3573,800,2858400,09:26:32
3572,600,2143200,09:26:32
3573,200,714600,09:26:32
3573,100,357300,09:26:32
3573,700,2501100,09:26:32
3573,100,357300,09:26:32
3573,100,357300,09:26:32
3574,200,714800,09:26:32
3573,100,357300,09:26:32
3573,200,714600,09:26:32
3572,400,1428800,09:26:32
3572,100,357200,09:26:32
3573,1400,5002200,09:26:32
3573,100,357300,09:26:32
3573,2300,8217900,09:26:32
3573,2100,7503300,09:26:32
3573,600,2143800,09:26:31
3573,100,357300,09:26:31
3573,300,1071900,09:26:31
3573,100,357300,09:26:31
3573,100,357300,09:26:31
3573,100,357300,09:26:31
3573,100,357300,09:26:31
3573,300,1071900,09:26:31
3573,1000,3573000,09:26:31
3573,200,714600,09:26:31
3573,100,357300,09:26:30
3574,300,1072200,09:26:30
3574,100,357400,09:26:30
3574,600,2144400,09:26:30
3574,400,1429600,09:26:30
3574,200,714800,09:26:30
3574,100,357400,09:26:30
3574,100,357400,09:26:30
3574,200,714800,09:26:30
3574,100,357400,09:26:30
3574,400,1429600,09:26:30
3575,1600,5720000,09:26:30
3575,200,715000,09:26:30
3575,400,1430000,09:26:30
3575,100,357500,09:26:30
3575,100,357500,09:26:30
3575,100,357500,09:26:30
3575,200,715000,09:26:30
3575,200,715000,09:26:30
3575,200,715000,09:26:30
3575,100,357500,09:26:30
3575,500,1787500,09:26:30
3575,100,357500,09:26:30
3575,100,357500,09:26:30
3575,100,357500,09:26:30
3575,100,357500,09:26:30
3575,100,357500,09:26:30
3575,100,357500,09:26:30
3575,100,357500,09:26:30
3575,100,357500,09:26:30
3576,100,357600,09:26:28
3576,100,357600,09:26:28
3576,200,715200,09:26:28
3576,300,1072800,09:26:28
3576,200,715200,09:26:28
3576,200,715200,09:26:28
3576,200,715200,09:26:28
3576,400,1430400,09:26:28
3576,2400,8582400,09:26:27
3576,200,715200,09:26:27
3576,100,357600,09:26:27
3577,400,1430800,09:26:27
3577,100,357700,09:26:27
3577,900,3219300,09:26:27
3577,400,1430800,09:26:27
3577,100,357700,09:26:27
3577,100,357700,09:26:27
3577,100,357700,09:26:27
3577,200,715400,09:26:26
3577,100,357700,09:26:26
3577,100,357700,09:26:26
3577,100,357700,09:26:26
3577,100,357700,09:26:25
3578,400,1431200,09:26:25
3578,5000,17890000,09:26:25
3579,100,357900,09:26:25
3579,100,357900,09:26:25
3579,100,357900,09:26:25
3579,300,1073700,09:26:25
3579,100,357900,09:26:25
3579,100,357900,09:26:25
3579,300,1073700,09:26:25
3579,100,357900,09:26:25
3579,100,357900,09:26:24
3579,200,715800,09:26:24
3579,100,357900,09:26:23
3580,100,358000,09:26:23
3580,2300,8234000,09:26:23
3580,500,1790000,09:26:23
3580,200,716000,09:26:23
3580,200,716000,09:26:23
3580,200,716000,09:26:23
3580,100,358000,09:26:22
3580,100,358000,09:26:22
3580,100,358000,09:26:22
3580,100,358000,09:26:22
3580,100,358000,09:26:22
3580,200,716000,09:26:21
3580,500,1790000,09:26:21
3580,200,716000,09:26:21
3580,100,358000,09:26:21
3580,100,358000,09:26:21
3580,500,1790000,09:26:21
3580,300,1074000,09:26:21
3580,100,358000,09:26:21
3580,100,358000,09:26:20
3580,300,1074000,09:26:20
3580,200,716000,09:26:20
3581,200,716200,09:26:19
3581,100,358100,09:26:18
3580,100,358000,09:26:18
3580,100,358000,09:26:18
3580,100,358000,09:26:18
3580,100,358000,09:26:18
3580,100,358000,09:26:18
3580,900,3222000,09:26:18
3580,100,358000,09:26:18
3580,100,358000,09:26:18
3581,2900,10384900,09:26:18
3581,100,358100,09:26:18
3581,100,358100,09:26:15
3582,300,1074600,09:26:15
3582,200,716400,09:26:14
3581,100,358100,09:26:13
3582,100,358200,09:26:13
3582,200,716400,09:26:13
3582,100,358200,09:26:12
3582,200,716400,09:26:12
3582,200,716400,09:26:12
3582,100,358200,09:26:12
3583,400,1433200,09:26:10
3583,100,358300,09:26:10
3583,100,358300,09:26:10
3583,100,358300,09:26:10
3583,200,716600,09:26:10
3583,100,358300,09:26:10
3583,100,358300,09:26:10
3583,100,358300,09:26:10
3583,100,358300,09:26:10
3583,100,358300,09:26:10
3583,200,716600,09:26:10
3584,100,358400,09:26:08
3584,100,358400,09:26:07
3584,200,716800,09:26:07
3585,200,717000,09:26:07
3584,200,716800,09:26:06
3584,300,1075200,09:26:05
3583,100,358300,09:26:04
3583,100,358300,09:26:04
3584,800,2867200,09:26:02
3585,100,358500,09:26:02
3584,1400,5017600,09:26:01
3585,200,717000,09:26:01
3585,100,358500,09:26:01
3585,100,358500,09:26:00
3585,100,358500,09:26:00
3586,100,358600,09:26:00
3585,100,358500,09:26:00
3584,100,358400,09:26:00
3584,100,358400,09:26:00
3585,600,2151000,09:26:00
3585,200,717000,09:26:00
3585,100,358500,09:25:59
3585,300,1075500,09:25:58
3585,900,3226500,09:25:56
3584,100,358400,09:25:56
3584,600,2150400,09:25:54
3582,100,358200,09:25:50
3583,800,2866400,09:25:50
3583,100,358300,09:25:50
3582,100,358200,09:25:50
3582,500,1791000,09:25:50
3582,400,1432800,09:25:50
3582,400,1432800,09:25:50
3583,100,358300,09:25:50
3582,100,358200,09:25:49
3582,100,358200,09:25:49
3583,100,358300,09:25:48
3583,500,1791500,09:25:48
3582,4900,17551800,09:25:47
3583,100,358300,09:25:47
3584,100,358400,09:25:46
3582,100,358200,09:25:45
3583,300,1074900,09:25:45
3583,100,358300,09:25:45
3583,100,358300,09:25:45
3583,100,358300,09:25:45
3583,100,358300,09:25:45
3583,100,358300,09:25:45
3583,200,716600,09:25:45
3583,200,716600,09:25:45
3583,700,2508100,09:25:43
3584,200,716800,09:25:41
3583,100,358300,09:25:40
3583,400,1433200,09:25:39
3583,200,716600,09:25:38
3583,100,358300,09:25:38
3583,300,1074900,09:25:38
3583,200,716600,09:25:38
3582,200,716400,09:25:38
3582,100,358200,09:25:38
3583,100,358300,09:25:37
3583,200,716600,09:25:37
3582,300,1074600,09:25:37
3583,1200,4299600,09:25:37
3583,600,2149800,09:25:37
3583,100,358300,09:25:37
3583,100,358300,09:25:37
3583,100,358300,09:25:37
3583,300,1074900,09:25:37
3583,100,358300,09:25:37
3583,100,358300,09:25:37
3583,100,358300,09:25:35
3583,100,358300,09:25:35
3583,100,358300,09:25:35
3583,100,358300,09:25:35
3583,100,358300,09:25:34
3583,100,358300,09:25:33
3583,500,1791500,09:25:33
3584,300,1075200,09:25:33
3584,100,358400,09:25:32
3584,200,716800,09:25:31
3584,100,358400,09:25:31
3585,2000,7170000,09:25:31
3584,100,358400,09:25:31
3584,600,2150400,09:25:31
3585,200,717000,09:25:30
3585,100,358500,09:25:30
3585,100,358500,09:25:30
3585,100,358500,09:25:30
3585,100,358500,09:25:29
3586,300,1075800,09:25:29
3586,200,717200,09:25:29
3585,100,358500,09:25:28
3585,900,3226500,09:25:27
3586,100,358600,09:25:26
3585,100,358500,09:25:26
3585,1100,3943500,09:25:25
3585,100,358500,09:25:25
3586,100,358600,09:25:25
3586,100,358600,09:25:24
3586,100,358600,09:25:24
3586,1800,6454800,09:25:23
3586,100,358600,09:25:23
3586,400,1434400,09:25:23
3587,100,358700,09:25:23
3588,200,717600,09:25:23
3587,100,358700,09:25:22
3587,300,1076100,09:25:22
3587,100,358700,09:25:22
3587,200,717400,09:25:21
3587,100,358700,09:25:21
3587,100,358700,09:25:20
3588,600,2152800,09:25:20
3587,1700,6097900,09:25:20
3586,200,717200,09:25:20
3587,2400,8608800,09:25:20
3588,3100,11122800,09:25:19
3588,300,1076400,09:25:17
3589,100,358900,09:25:17
3589,100,358900,09:25:17
3589,200,717800,09:25:16
3588,100,358800,09:25:16
3589,700,2512300,09:25:15
3589,200,717800,09:25:14
3589,100,358900,09:25:13
3591,100,359100,09:25:13
3590,200,718000,09:25:12
3590,100,359000,09:25:12
3590,600,2154000,09:25:12
3590,100,359000,09:25:12
3590,100,359000,09:25:11
3590,100,359000,09:25:11
3590,200,718000,09:25:11
3590,200,718000,09:25:11
3590,200,718000,09:25:11
3590,300,1077000,09:25:11
3590,200,718000,09:25:11
3590,400,1436000,09:25:11
3591,200,718200,09:25:11
3592,100,359200,09:25:10
3591,100,359100,09:25:10
3591,100,359100,09:25:09
3591,200,718200,09:25:09
3591,200,718200,09:25:09
3591,100,359100,09:25:08
3592,200,718400,09:25:08
3591,600,2154600,09:25:08
3591,200,718200,09:25:07
3592,100,359200,09:25:07
3592,200,718400,09:25:06
3592,100,359200,09:25:06
3591,1100,3950100,09:25:05
3592,100,359200,09:25:05
3592,100,359200,09:25:05
3592,2700,9698400,09:25:05
3590,100,359000,09:25:04
3591,300,1077300,09:25:04
3591,100,359100,09:25:04
3592,100,359200,09:25:02
3592,100,359200,09:25:02
3590,200,718000,09:25:01
3591,600,2154600,09:25:01
3591,100,359100,09:25:01
3592,800,2873600,09:25:00
3590,100,359000,09:25:00
3591,100,359100,09:25:00
3591,400,1436400,09:25:00
3592,100,359200,09:25:00
3591,200,718200,09:24:59
3590,300,1077000,09:24:58
3590,200,718000,09:24:57
3591,1000,3591000,09:24:57
3590,700,2513000,09:24:57
3590,400,1436000,09:24:57
3590,1400,5026000,09:24:56
3590,100,359000,09:24:56
3590,500,1795000,09:24:56
3590,200,718000,09:24:56
3590,100,359000,09:24:56
3590,100,359000,09:24:56
3590,100,359000,09:24:56
3590,100,359000,09:24:56
3589,100,358900,09:24:56
3589,200,717800,09:24:56
3589,200,717800,09:24:56
3588,200,717600,09:24:55
3589,100,358900,09:24:55
3590,100,359000,09:24:55
3589,900,3230100,09:24:55
3589,600,2153400,09:24:55
3590,300,1077000,09:24:54
3590,200,718000,09:24:54
3590,100,359000,09:24:54
3590,100,359000,09:24:54
3590,100,359000,09:24:54
3591,100,359100,09:24:53
3591,300,1077300,09:24:51
3591,200,718200,09:24:51
3591,200,718200,09:24:51
3590,100,359000,09:24:50
3590,500,1795000,09:24:49
3590,100,359000,09:24:49
3590,1100,3949000,09:24:49
3591,100,359100,09:24:49
3591,200,718200,09:24:49
3591,500,1795500,09:24:49
3590,100,359000,09:24:48
3591,200,718200,09:24:48
3590,100,359000,09:24:48
3590,100,359000,09:24:48
3591,500,1795500,09:24:48
3589,100,358900,09:24:48
3590,300,1077000,09:24:48
3590,200,718000,09:24:48
3590,300,1077000,09:24:48
3590,100,359000,09:24:48
3590,200,718000,09:24:48
3590,200,718000,09:24:48
3590,100,359000,09:24:48
3590,200,718000,09:24:48
3591,500,1795500,09:24:48
3591,3200,11491200,09:24:48
3591,900,3231900,09:24:48
3591,1500,5386500,09:24:48
3589,100,358900,09:24:48
3589,100,358900,09:24:48
3589,100,358900,09:24:48
3589,100,358900,09:24:48
3589,100,358900,09:24:48
3590,28700,103033000,09:24:48
3590,200,718000,09:24:48
3589,300,1076700,09:24:48
3589,11400,40914600,09:24:48
3588,1700,6099600,09:24:48
3588,200,717600,09:24:48
3588,300,1076400,09:24:48
3587,100,358700,09:24:48
3587,100,358700,09:24:47
3587,200,717400,09:24:46
3587,100,358700,09:24:44
3588,700,2511600,09:24:43
3588,300,1076400,09:24:43
3588,200,717600,09:24:43
3588,200,717600,09:24:42
3588,100,358800,09:24:42
3588,100,358800,09:24:41
3588,100,358800,09:24:41
3588,200,717600,09:24:40
3588,100,358800,09:24:40
3588,900,3229200,09:24:40
3588,500,1794000,09:24:40
3588,200,717600,09:24:39
3588,400,1435200,09:24:39
3588,600,2152800,09:24:38
3588,100,358800,09:24:38
3587,200,717400,09:24:36
3587,200,717400,09:24:35
3587,200,717400,09:24:35
3589,500,1794500,09:24:35
3588,500,1794000,09:24:35
3588,200,717600,09:24:35
3588,100,358800,09:24:35
3588,400,1435200,09:24:35
3588,100,358800,09:24:34
3588,200,717600,09:24:34
3588,100,358800,09:24:34
3588,400,1435200,09:24:34
3588,8300,29780400,09:24:34
3587,4900,17576300,09:24:34
3587,200,717400,09:24:34
3586,200,717200,09:24:32
3586,600,2151600,09:24:32
3586,200,717200,09:24:32
3586,300,1075800,09:24:30
3586,100,358600,09:24:29
3586,100,358600,09:24:28
3586,100,358600,09:24:28
3586,100,358600,09:24:27
3585,100,358500,09:24:26
3585,300,1075500,09:24:26
3585,100,358500,09:24:24
3585,100,358500,09:24:24
3584,2800,10035200,09:24:23
3585,700,2509500,09:24:23
3585,100,358500,09:24:23
3585,200,717000,09:24:23
3586,1000,3586000,09:24:23
3585,300,1075500,09:24:23
3585,200,717000,09:24:22
3585,100,358500,09:24:22
3585,200,717000,09:24:22
3585,200,717000,09:24:22
3585,200,717000,09:24:22
3584,200,716800,09:24:22
3584,100,358400,09:24:22
3585,200,717000,09:24:20
3584,100,358400,09:24:20
3585,100,358500,09:24:18
3584,100,358400,09:24:18
3585,100,358500,09:24:17
3584,200,716800,09:24:17
3585,100,358500,09:24:17
3584,100,358400,09:24:16
3584,6700,24012800,09:24:16
3584,300,1075200,09:24:16
3584,100,358400,09:24:16
3585,100,358500,09:24:16
3585,1100,3943500,09:24:16
3585,200,717000,09:24:16
3585,600,2151000,09:24:16
3584,200,716800,09:24:15
3584,100,358400,09:24:15
3584,500,1792000,09:24:15
3584,1600,5734400,09:24:14
3585,300,1075500,09:24:14
3586,200,717200,09:24:14
3586,900,3227400,09:24:14
3586,600,2151600,09:24:14
3585,800,2868000,09:24:14
3586,2900,10399400,09:24:14
3585,15900,57001500,09:24:14
3585,300,1075500,09:24:14
3583,100,358300,09:24:14
3584,300,1075200,09:24:14
3584,200,716800,09:24:14
3584,100,358400,09:24:13
3584,5400,19353600,09:24:13
3583,4100,14690300,09:24:13
3582,300,1074600,09:24:12
3581,600,2148600,09:24:12
3582,100,358200,09:24:12
3582,200,716400,09:24:12
3582,200,716400,09:24:12
3581,100,358100,09:24:12
3582,100,358200,09:24:11
3582,200,716400,09:24:10
3582,400,1432800,09:24:10
3582,100,358200,09:24:09
3582,100,358200,09:24:09
3582,100,358200,09:24:09
3581,300,1074300,09:24:08
3582,200,716400,09:24:05
3581,200,716200,09:24:05
3583,100,358300,09:24:05
3582,300,1074600,09:24:04
3582,100,358200,09:24:04
3581,100,358100,09:24:03
3582,300,1074600,09:24:03
3582,100,358200,09:24:03
3582,300,1074600,09:24:03
3582,200,716400,09:24:00
3582,300,1074600,09:24:00
3582,100,358200,09:23:59
3582,2100,7522200,09:23:59
3582,100,358200,09:23:59
3581,200,716200,09:23:59
3582,100,358200,09:23:59
3582,100,358200,09:23:58
3582,1900,6805800,09:23:58
3582,100,358200,09:23:58
3582,300,1074600,09:23:58
3582,500,1791000,09:23:58
3581,100,358100,09:23:57
3581,100,358100,09:23:56
3582,200,716400,09:23:55
3582,200,716400,09:23:55
3582,200,716400,09:23:53
3582,300,1074600,09:23:50
3582,100,358200,09:23:50
3582,600,2149200,09:23:49
3581,600,2148600,09:23:47
3582,700,2507400,09:23:47
3582,600,2149200,09:23:47
3582,100,358200,09:23:47
3581,100,358100,09:23:45
3581,200,716200,09:23:45
3580,1000,3580000,09:23:41
3581,400,1432400,09:23:41
3581,600,2148600,09:23:41
3580,200,716000,09:23:40
3581,200,716200,09:23:40
3581,100,358100,09:23:40
3581,600,2148600,09:23:40
3581,300,1074300,09:23:40
3580,400,1432000,09:23:37
3580,300,1074000,09:23:36
3580,400,1432000,09:23:36
3580,400,1432000,09:23:36
3580,300,1074000,09:23:36
3580,1300,4654000,09:23:36
3580,100,358000,09:23:36
3580,100,358000,09:23:36
3580,100,358000,09:23:35
3581,100,358100,09:23:34
3580,200,716000,09:23:34
3581,400,1432400,09:23:34
3580,1800,6444000,09:23:33
3581,200,716200,09:23:33
3581,100,358100,09:23:31
3581,300,1074300,09:23:31
3581,100,358100,09:23:30
3581,100,358100,09:23:30
3581,300,1074300,09:23:30
3581,100,358100,09:23:29
3581,300,1074300,09:23:29
3580,100,358000,09:23:28
3581,200,716200,09:23:28
3582,100,358200,09:23:28
3581,100,358100,09:23:28
3581,400,1432400,09:23:28
3583,3400,12182200,09:23:28
3582,6500,23283000,09:23:28
3581,100,358100,09:23:28
3581,200,716200,09:23:28
3581,200,716200,09:23:27
3581,200,716200,09:23:27
3582,100,358200,09:23:26
3581,100,358100,09:23:25
3580,1500,5370000,09:23:25
3581,400,1432400,09:23:25
3581,100,358100,09:23:25
3581,100,358100,09:23:20
3581,300,1074300,09:23:20
3581,300,1074300,09:23:20
3580,100,358000,09:23:20
3581,100,358100,09:23:20
3581,1300,4655300,09:23:20
3580,100,358000,09:23:20
3580,3900,13962000,09:23:20
3580,200,716000,09:23:19
3580,1400,5012000,09:23:19
3580,100,358000,09:23:19
3580,100,358000,09:23:19
3580,900,3222000,09:23:17
3580,200,716000,09:23:16
3580,100,358000,09:23:15
3581,500,1790500,09:23:14
3581,100,358100,09:23:14
3582,400,1432800,09:23:12
3581,100,358100,09:23:09
3580,1100,3938000,09:23:07
3581,400,1432400,09:23:07
3581,100,358100,09:23:06
3581,100,358100,09:23:06
3581,200,716200,09:23:05
3581,100,358100,09:23:05
3581,100,358100,09:23:05
3581,100,358100,09:23:05
3581,100,358100,09:23:05
3581,200,716200,09:23:05
3582,300,1074600,09:23:04
3582,300,1074600,09:23:03
3582,400,1432800,09:23:02
3582,100,358200,09:23:01
3582,100,358200,09:23:00
3582,400,1432800,09:22:59
3582,500,1791000,09:22:59
3581,600,2148600,09:22:58
3582,400,1432800,09:22:58
3582,2300,8238600,09:22:58
3581,100,358100,09:22:57
3580,1200,4296000,09:22:56
3581,600,2148600,09:22:56
3581,400,1432400,09:22:56
3581,100,358100,09:22:56
3581,100,358100,09:22:56
3582,100,358200,09:22:55
3581,1000,3581000,09:22:55
3582,200,716400,09:22:54
3581,300,1074300,09:22:54
3581,200,716200,09:22:54
3581,200,716200,09:22:54
3581,200,716200,09:22:54
3581,200,716200,09:22:54
3580,100,358000,09:22:52
3580,1100,3938000,09:22:51
3580,200,716000,09:22:51
3580,200,716000,09:22:51
3580,200,716000,09:22:51
3580,100,358000,09:22:51
3579,100,357900,09:22:49
3580,300,1074000,09:22:49
3579,100,357900,09:22:48
3579,200,715800,09:22:47
3579,200,715800,09:22:47
3579,100,357900,09:22:47
3579,200,715800,09:22:47
3581,200,716200,09:22:45
3580,100,358000,09:22:45
3580,400,1432000,09:22:45
3580,100,358000,09:22:44
3580,200,716000,09:22:44
3580,100,358000,09:22:42
3581,400,1432400,09:22:41
3581,100,358100,09:22:40
3581,200,716200,09:22:40
3581,200,716200,09:22:40
3581,200,716200,09:22:40
3581,200,716200,09:22:40
3582,100,358200,09:22:38
3582,100,358200,09:22:38
3581,100,358100,09:22:38
3582,400,1432800,09:22:38
3582,100,358200,09:22:38
3582,300,1074600,09:22:38
3582,1100,3940200,09:22:38
3582,200,716400,09:22:36
3582,200,716400,09:22:36
3582,200,716400,09:22:36
3582,200,716400,09:22:36
3582,200,716400,09:22:36
3581,100,358100,09:22:34
3581,700,2506700,09:22:33
3580,1600,5728000,09:22:33
3580,100,358000,09:22:33
3580,100,358000,09:22:33
3580,100,358000,09:22:33
3580,100,358000,09:22:33
3579,100,357900,09:22:32
3578,100,357800,09:22:31
3579,200,715800,09:22:31
3579,300,1073700,09:22:31
3579,200,715800,09:22:31
3579,200,715800,09:22:31
3579,200,715800,09:22:31
3579,100,357900,09:22:30
3580,100,358000,09:22:29
3580,800,2864000,09:22:29
3580,200,716000,09:22:29
3581,400,1432400,09:22:29
3581,100,358100,09:22:28
3582,400,1432800,09:22:28
3581,300,1074300,09:22:28
3582,300,1074600,09:22:27
3582,1700,6089400,09:22:27
3582,200,716400,09:22:27
3583,2200,7882600,09:22:27
3582,100,358200,09:22:27
3582,200,716400,09:22:26
3583,300,1074900,09:22:26
3582,100,358200,09:22:26
3581,300,1074300,09:22:26
3582,200,716400,09:22:26
3582,200,716400,09:22:26
3582,100,358200,09:22:26
3582,100,358200,09:22:26
3582,100,358200,09:22:26
3582,500,1791000,09:22:26
3581,100,358100,09:22:26
3582,100,358200,09:22:25
3582,200,716400,09:22:25
3582,4300,15402600,09:22:25
3581,100,358100,09:22:24
3581,1700,6087700,09:22:22
3581,100,358100,09:22:21
3581,100,358100,09:22:21
3581,100,358100,09:22:21
3581,100,358100,09:22:21
3581,1600,5729600,09:22:21
3581,100,358100,09:22:21
3582,600,2149200,09:22:21
3581,300,1074300,09:22:21
3581,500,1790500,09:22:19
3581,100,358100,09:22:18
3580,100,358000,09:22:18
3581,500,1790500,09:22:18
3580,100,358000,09:22:17
3581,400,1432400,09:22:17
3581,100,358100,09:22:16
3581,100,358100,09:22:16
3580,100,358000,09:22:16
3580,100,358000,09:22:15
3580,100,358000,09:22:15
3580,100,358000,09:22:15
3581,200,716200,09:22:15
3581,700,2506700,09:22:15
3580,200,716000,09:22:15
3580,200,716000,09:22:15
3580,200,716000,09:22:15
3581,200,716200,09:22:15
3581,900,3222900,09:22:15
3580,100,358000,09:22:15
3580,16200,57996000,09:22:15
3579,200,715800,09:22:15
3578,600,2146800,09:22:14
3578,100,357800,09:22:14
3578,100,357800,09:22:13
3578,100,357800,09:22:13
3578,100,357800,09:22:13
3578,200,715600,09:22:13
3578,200,715600,09:22:13
3578,200,715600,09:22:13
3577,200,715400,09:22:09
3576,300,1072800,09:22:08
3576,600,2145600,09:22:07
3577,200,715400,09:22:07
3577,100,357700,09:22:07
3577,100,357700,09:22:06
3577,100,357700,09:22:06
3578,100,357800,09:22:05
3576,100,357600,09:22:03
3576,200,715200,09:22:02
3576,400,1430400,09:22:02
3577,100,357700,09:22:02
3578,100,357800,09:22:02
3577,100,357700,09:22:02
3578,500,1789000,09:22:01
3577,100,357700,09:22:01
3577,500,1788500,09:22:01
3577,300,1073100,09:22:01
3577,100,357700,09:22:01
3577,100,357700,09:22:00
3577,700,2503900,09:22:00
3577,1700,6080900,09:22:00
3577,100,357700,09:22:00
3577,200,715400,09:22:00
3577,200,715400,09:22:00
3577,200,715400,09:22:00
3577,100,357700,09:22:00
3577,500,1788500,09:22:00
3578,100,357800,09:22:00
3577,100,357700,09:22:00
3577,200,715400,09:22:00
3577,100,357700,09:21:58
3578,700,2504600,09:21:58
3578,100,357800,09:21:58
3579,100,357900,09:21:58
3579,200,715800,09:21:58
3579,100,357900,09:21:58
3579,100,357900,09:21:58
3579,300,1073700,09:21:58
3579,100,357900,09:21:58
3580,100,358000,09:21:57
3579,900,3221100,09:21:55
3579,100,357900,09:21:55
3580,300,1074000,09:21:55
3580,300,1074000,09:21:55
3580,100,358000,09:21:55
3580,100,358000,09:21:54
3580,300,1074000,09:21:54
3579,100,357900,09:21:53
3580,200,716000,09:21:53
3580,200,716000,09:21:53
3580,200,716000,09:21:51
3580,100,358000,09:21:51
3580,300,1074000,09:21:50
3581,100,358100,09:21:49
3580,900,3222000,09:21:49
3579,100,357900,09:21:47
3579,100,357900,09:21:46
3579,400,1431600,09:21:45
3578,100,357800,09:21:45
3578,100,357800,09:21:45
3578,200,715600,09:21:45
3578,200,715600,09:21:45
3577,100,357700,09:21:45
3576,200,715200,09:21:43
3577,100,357700,09:21:43
3577,200,715400,09:21:43
3577,100,357700,09:21:42
3578,100,357800,09:21:42
3577,100,357700,09:21:42
3577,100,357700,09:21:42
3576,200,715200,09:21:42
3577,800,2861600,09:21:42
3577,100,357700,09:21:42
3577,100,357700,09:21:42
3577,300,1073100,09:21:42
3577,200,715400,09:21:42
3577,100,357700,09:21:41
3576,1500,5364000,09:21:41
3576,300,1072800,09:21:41
3576,200,715200,09:21:40
3577,500,1788500,09:21:40
3578,100,357800,09:21:39
3577,500,1788500,09:21:38
3577,100,357700,09:21:38
3577,100,357700,09:21:37
3577,200,715400,09:21:36
3576,300,1072800,09:21:36
3576,200,715200,09:21:36
3576,100,357600,09:21:36
3577,3000,10731000,09:21:36
3577,100,357700,09:21:36
3578,1000,3578000,09:21:35
3578,100,357800,09:21:35
3578,200,715600,09:21:35
3578,100,357800,09:21:35
3578,100,357800,09:21:35
3578,100,357800,09:21:35
3579,200,715800,09:21:35
3579,100,357900,09:21:35
3579,100,357900,09:21:35
3579,300,1073700,09:21:35
3579,100,357900,09:21:34
3579,300,1073700,09:21:34
3580,100,358000,09:21:34
3580,200,716000,09:21:34
3580,200,716000,09:21:34
3581,100,358100,09:21:34
3581,300,1074300,09:21:34
3581,100,358100,09:21:34
3581,300,1074300,09:21:33
3581,100,358100,09:21:33
3580,300,1074000,09:21:33
3581,1200,4297200,09:21:33
3582,1100,3940200,09:21:33
3581,100,358100,09:21:30
3581,300,1074300,09:21:30
3582,100,358200,09:21:29
3582,100,358200,09:21:29
3582,100,358200,09:21:29
3582,300,1074600,09:21:29
3582,300,1074600,09:21:28
3582,100,358200,09:21:28
3582,100,358200,09:21:28
3582,100,358200,09:21:28
3582,100,358200,09:21:28
3581,100,358100,09:21:28
3581,200,716200,09:21:28
3581,100,358100,09:21:28
3582,900,3223800,09:21:27
3581,100,358100,09:21:27
3581,100,358100,09:21:26
3581,300,1074300,09:21:26
3581,900,3222900,09:21:26
3580,100,358000,09:21:26
3580,100,358000,09:21:25
3580,500,1790000,09:21:25
3580,300,1074000,09:21:25
3580,700,2506000,09:21:25
3580,100,358000,09:21:25
3580,100,358000,09:21:25
3582,600,2149200,09:21:25
3581,200,716200,09:21:25
3581,900,3222900,09:21:25
3581,100,358100,09:21:25
3581,100,358100,09:21:25
3581,100,358100,09:21:25
3581,100,358100,09:21:25
3581,200,716200,09:21:25
3581,100,358100,09:21:25
3581,100,358100,09:21:25
3581,100,358100,09:21:25
3581,100,358100,09:21:25
3581,100,358100,09:21:25
3581,2700,9668700,09:21:25
3579,1400,5010600,09:21:25
3580,600,2148000,09:21:25
3580,100,358000,09:21:25
3580,300,1074000,09:21:24
3581,100,358100,09:21:24
3580,200,716000,09:21:23
3580,200,716000,09:21:23
3580,1400,5012000,09:21:23
3579,200,715800,09:21:23
3579,200,715800,09:21:23
3578,100,357800,09:21:23
3579,600,2147400,09:21:23
3579,600,2147400,09:21:23
3578,300,1073400,09:21:23
3579,100,357900,09:21:23
3579,200,715800,09:21:23
3579,300,1073700,09:21:23
3578,100,357800,09:21:22
3579,400,1431600,09:21:21
3578,100,357800,09:21:21
3579,100,357900,09:21:21
3579,600,2147400,09:21:21
3579,300,1073700,09:21:21
3578,100,357800,09:21:20
3578,200,715600,09:21:20
3578,100,357800,09:21:20
3578,500,1789000,09:21:20
3577,100,357700,09:21:19
3578,100,357800,09:21:19
3578,100,357800,09:21:19
3578,200,715600,09:21:19
3578,200,715600,09:21:18
3578,100,357800,09:21:18
3578,100,357800,09:21:18
3578,100,357800,09:21:18
3578,100,357800,09:21:18
3577,100,357700,09:21:18
3578,400,1431200,09:21:18
3578,200,715600,09:21:18
3579,400,1431600,09:21:17
3578,400,1431200,09:21:17
3578,100,357800,09:21:17
3578,100,357800,09:21:17
3579,100,357900,09:21:17
3578,200,715600,09:21:17
3578,100,357800,09:21:16
3578,500,1789000,09:21:16
3578,200,715600,09:21:16
3578,100,357800,09:21:15
3578,100,357800,09:21:15
3578,200,715600,09:21:14
3578,200,715600,09:21:14
3578,400,1431200,09:21:14
3578,200,715600,09:21:13
3578,200,715600,09:21:13
3578,100,357800,09:21:13
3578,300,1073400,09:21:12
3578,100,357800,09:21:12
3578,100,357800,09:21:12
3578,200,715600,09:21:12
3578,100,357800,09:21:12
3578,200,715600,09:21:11
3579,100,357900,09:21:11
3579,1000,3579000,09:21:11
3580,1100,3938000,09:21:10
3580,100,358000,09:21:10
3580,100,358000,09:21:10
3580,100,358000,09:21:10
3580,100,358000,09:21:10
3580,800,2864000,09:21:09
3580,200,716000,09:21:09
3579,200,715800,09:21:08
3580,400,1432000,09:21:08
3579,100,357900,09:21:08
3579,200,715800,09:21:07
3580,1200,4296000,09:21:07
3580,1400,5012000,09:21:07
3580,100,358000,09:21:06
3580,100,358000,09:21:06
3581,200,716200,09:21:06
3581,2400,8594400,09:21:06
3579,100,357900,09:21:06
3580,900,3222000,09:21:06
3580,100,358000,09:21:06
3581,100,358100,09:21:06
3580,100,358000,09:21:05
3581,400,1432400,09:21:05
3581,100,358100,09:21:05
3582,200,716400,09:21:04
3582,100,358200,09:21:04
3582,700,2507400,09:21:04
3582,100,358200,09:21:04
3582,100,358200,09:21:04
3581,100,358100,09:21:04
3582,100,358200,09:21:04
3582,100,358200,09:21:04
3582,800,2865600,09:21:04
3582,400,1432800,09:21:04
3582,100,358200,09:21:02
3583,200,716600,09:21:02
3583,100,358300,09:21:02
3583,100,358300,09:21:02
3583,300,1074900,09:21:02
3583,400,1433200,09:21:02
3583,1600,5732800,09:21:01
3582,1100,3940200,09:21:01
3581,200,716200,09:21:00
3581,100,358100,09:21:00
3581,2300,8236300,09:21:00
3580,400,1432000,09:20:59
3580,9500,34010000,09:20:59
3578,200,715600,09:20:59
3579,200,715800,09:20:58
3579,900,3221100,09:20:58
3578,100,357800,09:20:58
3578,100,357800,09:20:58
3578,500,1789000,09:20:58
3578,100,357800,09:20:57
3578,200,715600,09:20:56
3578,200,715600,09:20:56
3578,200,715600,09:20:56
3578,100,357800,09:20:55
3577,100,357700,09:20:55
3578,1200,4293600,09:20:55
3577,100,357700,09:20:55
3577,100,357700,09:20:55
3577,1400,5007800,09:20:55
3577,200,715400,09:20:55
3576,1700,6079200,09:20:54
3577,600,2146200,09:20:54
3577,100,357700,09:20:54
3577,200,715400,09:20:53
3577,400,1430800,09:20:53
3577,700,2503900,09:20:53
3577,100,357700,09:20:53
3578,1100,3935800,09:20:53
3577,200,715400,09:20:52
3577,200,715400,09:20:52
3577,200,715400,09:20:52
3577,100,357700,09:20:52
3577,300,1073100,09:20:52
3577,100,357700,09:20:51
3577,100,357700,09:20:50
3577,200,715400,09:20:50
3577,100,357700,09:20:50
3577,100,357700,09:20:50
3577,100,357700,09:20:50
3577,100,357700,09:20:50
3577,100,357700,09:20:49
3577,100,357700,09:20:49
3577,500,1788500,09:20:49
3577,100,357700,09:20:47
3577,300,1073100,09:20:47
3578,200,715600,09:20:47
3578,100,357800,09:20:47
3578,300,1073400,09:20:47
3578,300,1073400,09:20:47
3578,100,357800,09:20:47
3578,100,357800,09:20:47
3578,200,715600,09:20:47
3579,100,357900,09:20:47
3579,3500,12526500,09:20:47
3578,100,357800,09:20:46
3578,100,357800,09:20:46
3578,100,357800,09:20:46
3579,500,1789500,09:20:45
3580,100,358000,09:20:45
3579,200,715800,09:20:43
3579,100,357900,09:20:43
3579,600,2147400,09:20:43
3579,200,715800,09:20:43
3579,800,2863200,09:20:43
3578,200,715600,09:20:42
3579,500,1789500,09:20:41
3578,1500,5367000,09:20:41
3578,100,357800,09:20:41
3578,100,357800,09:20:41
3578,100,357800,09:20:41
3577,600,2146200,09:20:41
3578,400,1431200,09:20:41
3578,200,715600,09:20:40
3578,100,357800,09:20:40
3578,100,357800,09:20:40
3578,100,357800,09:20:40
3579,200,715800,09:20:39
3579,800,2863200,09:20:39
3580,2300,8234000,09:20:38
3581,100,358100,09:20:37
3581,900,3222900,09:20:35
3581,200,716200,09:20:35
3581,200,716200,09:20:35
3581,200,716200,09:20:35
3582,200,716400,09:20:35
3582,200,716400,09:20:35
3582,200,716400,09:20:35
3582,200,716400,09:20:35
3583,1800,6449400,09:20:35
3583,300,1074900,09:20:35
3583,200,716600,09:20:35
3583,100,358300,09:20:35
3583,200,716600,09:20:34
3582,100,358200,09:20:34
3583,400,1433200,09:20:34
3583,100,358300,09:20:34
3583,100,358300,09:20:34
3583,100,358300,09:20:34
3583,100,358300,09:20:34
3583,100,358300,09:20:34
3583,200,716600,09:20:34
3584,1100,3942400,09:20:34
3583,300,1074900,09:20:34
3583,100,358300,09:20:34
3583,2400,8599200,09:20:34
3582,100,358200,09:20:33
3582,100,358200,09:20:31
3581,100,358100,09:20:31
3582,600,2149200,09:20:31
3581,100,358100,09:20:31
3581,200,716200,09:20:30
3581,500,1790500,09:20:30
3581,100,358100,09:20:28
3582,100,358200,09:20:28
3582,200,716400,09:20:28
3581,200,716200,09:20:28
3582,300,1074600,09:20:27
3582,100,358200,09:20:27
3582,300,1074600,09:20:26
3581,100,358100,09:20:26
3582,100,358200,09:20:25
3582,400,1432800,09:20:25
3582,1600,5731200,09:20:25
3581,100,358100,09:20:24
3582,100,358200,09:20:24
3581,500,1790500,09:20:24
3582,200,716400,09:20:24
3581,100,358100,09:20:24
3581,100,358100,09:20:24
3581,600,2148600,09:20:24
3580,100,358000,09:20:22
3580,400,1432000,09:20:22
3580,200,716000,09:20:22
3580,800,2864000,09:20:22
3580,200,716000,09:20:22
3580,100,358000,09:20:22
3580,200,716000,09:20:22
3580,1500,5370000,09:20:22
3579,200,715800,09:20:20
3580,100,358000,09:20:18
3579,400,1431600,09:20:18
3579,100,357900,09:20:18
3579,100,357900,09:20:18
3579,300,1073700,09:20:17
3580,100,358000,09:20:17
3579,100,357900,09:20:17
3579,1400,5010600,09:20:17
3578,400,1431200,09:20:16
3578,300,1073400,09:20:16
3578,200,715600,09:20:16
3578,200,715600,09:20:16
3578,200,715600,09:20:16
3578,200,715600,09:20:16
3578,200,715600,09:20:16
3578,100,357800,09:20:16
3577,100,357700,09:20:16
3578,100,357800,09:20:16
3577,500,1788500,09:20:15
3577,100,357700,09:20:15
3578,100,357800,09:20:14
3578,100,357800,09:20:14
3578,100,357800,09:20:14
3578,100,357800,09:20:13
3578,100,357800,09:20:13
3578,100,357800,09:20:13
3578,100,357800,09:20:13
3578,100,357800,09:20:13
3578,400,1431200,09:20:12
3578,500,1789000,09:20:12
3578,200,715600,09:20:11
3578,100,357800,09:20:10
3578,200,715600,09:20:10
3578,100,357800,09:20:09
3578,200,715600,09:20:09
3577,200,715400,09:20:09
3578,200,715600,09:20:09
3578,200,715600,09:20:09
3578,1000,3578000,09:20:08
3577,100,357700,09:20:07
3577,100,357700,09:20:07
3577,200,715400,09:20:07
3577,200,715400,09:20:07
3576,100,357600,09:20:06
3576,200,715200,09:20:06
3577,100,357700,09:20:06
3576,4600,16449600,09:20:06
3577,100,357700,09:20:06
3577,500,1788500,09:20:06
3577,500,1788500,09:20:06
3577,100,357700,09:20:06
3577,400,1430800,09:20:06
3577,100,357700,09:20:05
3577,100,357700,09:20:05
3577,200,715400,09:20:05
3577,100,357700,09:20:05
3577,100,357700,09:20:04
3577,100,357700,09:20:04
3577,100,357700,09:20:04
3578,100,357800,09:20:04
3578,400,1431200,09:20:03
3578,1300,4651400,09:20:03
3577,100,357700,09:20:03
3577,100,357700,09:20:03
3577,200,715400,09:20:03
3577,100,357700,09:20:02
3578,200,715600,09:20:02
3578,100,357800,09:20:02
3577,300,1073100,09:20:02
3578,100,357800,09:20:02
3577,100,357700,09:20:02
3578,300,1073400,09:20:02
3578,100,357800,09:20:02
3578,100,357800,09:20:02
3578,400,1431200,09:20:02
3578,100,357800,09:20:02
3578,100,357800,09:20:02
3578,700,2504600,09:20:02
3578,500,1789000,09:20:02
3578,500,1789000,09:20:02
3578,200,715600,09:20:02
3578,200,715600,09:20:02
3578,200,715600,09:20:02
3579,800,2863200,09:20:01
3579,100,357900,09:20:01
3579,100,357900,09:20:01
3580,200,716000,09:20:01
3579,200,715800,09:20:01
3579,100,357900,09:20:01
3579,100,357900,09:20:01
3579,100,357900,09:20:01
3580,100,358000,09:20:01
3580,100,358000,09:20:01
3580,100,358000,09:20:01
3580,100,358000,09:20:01
3579,100,357900,09:20:00
3579,100,357900,09:20:00
3579,100,357900,09:20:00
3579,300,1073700,09:20:00
3580,400,1432000,09:19:59
3580,100,358000,09:19:57
3580,300,1074000,09:19:57
3579,100,357900,09:19:57
3580,400,1432000,09:19:56
3580,200,716000,09:19:56
3579,100,357900,09:19:56
3580,800,2864000,09:19:56
3580,600,2148000,09:19:56
3580,3900,13962000,09:19:56
3580,300,1074000,09:19:56
3580,300,1074000,09:19:56
3580,400,1432000,09:19:56
3580,500,1790000,09:19:56
3580,100,358000,09:19:56
3580,100,358000,09:19:56
3580,100,358000,09:19:56
3580,100,358000,09:19:56
3581,900,3222900,09:19:55
3582,400,1432800,09:19:54
3582,200,716400,09:19:54
3582,200,716400,09:19:52
3582,100,358200,09:19:51
3582,100,358200,09:19:51
3582,100,358200,09:19:51
3581,400,1432400,09:19:51
3582,100,358200,09:19:51
3581,6900,24708900,09:19:51
3581,100,358100,09:19:51
3581,200,716200,09:19:51
3581,1000,3581000,09:19:51
3581,100,358100,09:19:50
3582,200,716400,09:19:50
3582,100,358200,09:19:50
3582,700,2507400,09:19:50
3582,300,1074600,09:19:49
3582,200,716400,09:19:49
3582,100,358200,09:19:49
3582,100,358200,09:19:49
3582,500,1791000,09:19:49
3581,100,358100,09:19:49
3581,200,716200,09:19:49
3581,200,716200,09:19:48
3580,200,716000,09:19:48
3580,100,358000,09:19:48
3580,200,716000,09:19:48
3580,400,1432000,09:19:48
3580,100,358000,09:19:48
3580,400,1432000,09:19:48
3581,100,358100,09:19:48
3581,300,1074300,09:19:47
3581,1800,6445800,09:19:46
3581,200,716200,09:19:45
3582,300,1074600,09:19:44
3582,200,716400,09:19:43
3582,200,716400,09:19:43
3582,100,358200,09:19:43
3581,800,2864800,09:19:43
3582,200,716400,09:19:43
3582,100,358200,09:19:43
3582,100,358200,09:19:42
3582,200,716400,09:19:42
3581,100,358100,09:19:42
3582,900,3223800,09:19:41
3581,400,1432400,09:19:41
3581,1700,6087700,09:19:41
3581,1500,5371500,09:19:41
3581,2700,9668700,09:19:41
3581,300,1074300,09:19:41
3581,300,1074300,09:19:41
3581,100,358100,09:19:41
3582,100,358200,09:19:40
3582,200,716400,09:19:40
3582,100,358200,09:19:40
3582,100,358200,09:19:40
3582,100,358200,09:19:40
3582,700,2507400,09:19:39
3582,200,716400,09:19:38
3582,1000,3582000,09:19:37
3583,100,358300,09:19:37
3582,100,358200,09:19:37
3582,200,716400,09:19:36
3582,200,716400,09:19:36
3581,100,358100,09:19:36
3581,300,1074300,09:19:35
3581,100,358100,09:19:35
3581,200,716200,09:19:35
3582,1100,3940200,09:19:35
3582,300,1074600,09:19:35
3583,700,2508100,09:19:35
3584,1600,5734400,09:19:33
3584,700,2508800,09:19:33
3584,200,716800,09:19:33
3584,300,1075200,09:19:31
3585,600,2151000,09:19:30
3585,200,717000,09:19:28
3585,300,1075500,09:19:26
3584,100,358400,09:19:26
3584,100,358400,09:19:26
3585,100,358500,09:19:26
3585,100,358500,09:19:26
3584,200,716800,09:19:25
3584,200,716800,09:19:23
3584,100,358400,09:19:23
3584,100,358400,09:19:23
3584,200,716800,09:19:23
3583,200,716600,09:19:23
3584,1300,4659200,09:19:22
3584,100,358400,09:19:22
3585,100,358500,09:19:21
3584,100,358400,09:19:21
3585,3400,12189000,09:19:21
3585,800,2868000,09:19:21
3585,100,358500,09:19:21
3585,1900,6811500,09:19:21
3585,3700,13264500,09:19:21
3584,1100,3942400,09:19:21
3583,400,1433200,09:19:21
3582,200,716400,09:19:20
3582,100,358200,09:19:20
3583,100,358300,09:19:20
3582,100,358200,09:19:19
3582,100,358200,09:19:19
3582,100,358200,09:19:19
3582,2400,8596800,09:19:19
3582,300,1074600,09:19:19
3583,200,716600,09:19:19
3583,100,358300,09:19:18
3583,1700,6091100,09:19:18
3583,3000,10749000,09:19:18
3583,200,716600,09:19:18
3583,200,716600,09:19:18
3583,200,716600,09:19:18
3583,200,716600,09:19:18
3584,1100,3942400,09:19:17
3585,300,1075500,09:19:16
3585,200,717000,09:19:16
3585,100,358500,09:19:16
3585,300,1075500,09:19:16
3585,300,1075500,09:19:16
3585,300,1075500,09:19:16
3586,200,717200,09:19:15
3586,200,717200,09:19:15
3587,100,358700,09:19:15
3586,100,358600,09:19:15
3586,400,1434400,09:19:15
3586,300,1075800,09:19:15
3586,300,1075800,09:19:15
3586,100,358600,09:19:14
3586,200,717200,09:19:12
3585,100,358500,09:19:12
3586,300,1075800,09:19:11
3586,300,1075800,09:19:11
3586,1700,6096200,09:19:11
3586,200,717200,09:19:10
3587,100,358700,09:19:10
3587,1200,4304400,09:19:10
3586,100,358600,09:19:08
3587,600,2152200,09:19:06
3586,100,358600,09:19:05
3586,100,358600,09:19:05
3587,400,1434800,09:19:05
3587,100,358700,09:19:05
3587,200,717400,09:19:05
3587,200,717400,09:19:05
3587,500,1793500,09:19:05
3585,200,717000,09:19:04
3586,1600,5737600,09:19:04
3587,100,358700,09:19:04
3587,200,717400,09:19:04
3587,100,358700,09:19:03
3587,800,2869600,09:19:03
3586,100,358600,09:19:00
3587,2800,10043600,09:19:00
3585,2300,8245500,09:19:00
3586,200,717200,09:19:00
3586,300,1075800,09:18:59
3585,100,358500,09:18:59
3586,200,717200,09:18:57
3587,100,358700,09:18:56
3587,200,717400,09:18:56
3586,100,358600,09:18:56
3586,100,358600,09:18:56
3586,100,358600,09:18:55
3586,100,358600,09:18:55
3585,100,358500,09:18:55
3585,100,358500,09:18:55
3585,100,358500,09:18:55
3585,100,358500,09:18:55
3585,100,358500,09:18:55
3586,3700,13268200,09:18:55
3585,200,717000,09:18:55
3585,100,358500,09:18:55
3585,900,3226500,09:18:55
3584,100,358400,09:18:55
3584,500,1792000,09:18:53
3584,400,1433600,09:18:51
3584,100,358400,09:18:51
3583,200,716600,09:18:49
3583,100,358300,09:18:48
3583,100,358300,09:18:47
3583,700,2508100,09:18:47
3582,100,358200,09:18:47
3582,100,358200,09:18:46
3582,1000,3582000,09:18:46
3582,100,358200,09:18:45
3583,200,716600,09:18:45
3583,100,358300,09:18:44
3583,100,358300,09:18:44
3584,100,358400,09:18:44
3584,100,358400,09:18:44
3584,100,358400,09:18:43
3584,300,1075200,09:18:43
3584,300,1075200,09:18:43
3584,300,1075200,09:18:43
3583,600,2149800,09:18:43
3582,100,358200,09:18:43
3583,600,2149800,09:18:43
3583,200,716600,09:18:43
3583,100,358300,09:18:42
3583,100,358300,09:18:40
3583,200,716600,09:18:40
3583,200,716600,09:18:39
3583,300,1074900,09:18:39
3582,100,358200,09:18:38
3583,1000,3583000,09:18:38
3584,300,1075200,09:18:38
3583,100,358300,09:18:38
3584,100,358400,09:18:38
3583,300,1074900,09:18:36
3584,600,2150400,09:18:36
3584,100,358400,09:18:36
3584,100,358400,09:18:36
3585,200,717000,09:18:35
3585,100,358500,09:18:35
3585,200,717000,09:18:35
3585,200,717000,09:18:35
3585,300,1075500,09:18:35
3586,200,717200,09:18:35
3586,100,358600,09:18:33
3587,300,1076100,09:18:32
3586,100,358600,09:18:32
3586,200,717200,09:18:32
3586,100,358600,09:18:32
3585,300,1075500,09:18:32
3585,100,358500,09:18:32
3584,100,358400,09:18:31
3584,800,2867200,09:18:31
3583,200,716600,09:18:29
3583,100,358300,09:18:28
3583,100,358300,09:18:27
3582,100,358200,09:18:26
3583,500,1791500,09:18:26
3583,100,358300,09:18:25
3584,600,2150400,09:18:24
3584,500,1792000,09:18:24
3584,100,358400,09:18:24
3584,100,358400,09:18:24
3585,700,2509500,09:18:23
3585,100,358500,09:18:23
3586,100,358600,09:18:23
3586,100,358600,09:18:22
3587,800,2869600,09:18:22
3587,100,358700,09:18:22
3587,100,358700,09:18:22
3588,100,358800,09:18:22
3587,700,2510900,09:18:22
3588,100,358800,09:18:22
3588,200,717600,09:18:21
3587,4300,15424100,09:18:21
3586,100,358600,09:18:20
3586,100,358600,09:18:20
3586,200,717200,09:18:20
3586,100,358600,09:18:20
3586,100,358600,09:18:20
3586,100,358600,09:18:19
3586,300,1075800,09:18:19
3585,1000,3585000,09:18:19
3586,200,717200,09:18:18
3586,100,358600,09:18:17
3585,100,358500,09:18:17
3585,500,1792500,09:18:17
3585,700,2509500,09:18:17
3586,300,1075800,09:18:17
3586,100,358600,09:18:17
3585,100,358500,09:18:17
3585,100,358500,09:18:16
3586,100,358600,09:18:16
3586,100,358600,09:18:16
3586,200,717200,09:18:16
3586,100,358600,09:18:16
3586,100,358600,09:18:16
3586,100,358600,09:18:16
3585,200,717000,09:18:16
3585,100,358500,09:18:16
3586,2700,9682200,09:18:16
3585,200,717000,09:18:16
3585,200,717000,09:18:16
3585,3500,12547500,09:18:16
3584,100,358400,09:18:16
3584,200,716800,09:18:16
3584,200,716800,09:18:16
3584,100,358400,09:18:15
3584,100,358400,09:18:15
3584,300,1075200,09:18:14
3585,500,1792500,09:18:14
3583,100,358300,09:18:14
3584,100,358400,09:18:14
3584,100,358400,09:18:14
3585,100,358500,09:18:14
3584,200,716800,09:18:14
3584,4000,14336000,09:18:14
3583,100,358300,09:18:14
3583,100,358300,09:18:13
3583,400,1433200,09:18:13
3582,100,358200,09:18:12
3582,100,358200,09:18:10
3582,100,358200,09:18:10
3583,500,1791500,09:18:09
3582,200,716400,09:18:09
3582,100,358200,09:18:08
3582,200,716400,09:18:08
3582,200,716400,09:18:08
3582,600,2149200,09:18:07
3582,600,2149200,09:18:06
3582,400,1432800,09:18:06
3583,200,716600,09:18:06
3583,100,358300,09:18:05
3581,3100,11101100,09:18:05
3582,6700,23999400,09:18:05
3583,4000,14332000,09:18:05
3583,300,1074900,09:18:05
3584,200,716800,09:18:05
3584,200,716800,09:18:05
3583,100,358300,09:18:04
3584,100,358400,09:18:04
3584,200,716800,09:18:04
3584,300,1075200,09:18:04
3584,1500,5376000,09:18:04
3583,200,716600,09:18:02
3583,100,358300,09:18:02
3583,300,1074900,09:18:01
3582,100,358200,09:18:01
3583,500,1791500,09:18:00
3583,300,1074900,09:18:00
3583,100,358300,09:18:00
3583,100,358300,09:18:00
3583,100,358300,09:17:59
3583,100,358300,09:17:58
3583,2000,7166000,09:17:58
3583,100,358300,09:17:58
3582,100,358200,09:17:57
3583,200,716600,09:17:56
3583,200,716600,09:17:56
3584,100,358400,09:17:56
3583,100,358300,09:17:56
3583,1000,3583000,09:17:56
3582,200,716400,09:17:55
3582,100,358200,09:17:55
3582,6700,23999400,09:17:55
3581,1500,5371500,09:17:55
3580,100,358000,09:17:54
3580,400,1432000,09:17:54
3580,200,716000,09:17:54
3578,100,357800,09:17:54
3580,100,358000,09:17:54
3578,100,357800,09:17:53
3580,100,358000,09:17:53
3579,300,1073700,09:17:52
3578,100,357800,09:17:51
3579,100,357900,09:17:51
3579,800,2863200,09:17:50
3579,1000,3579000,09:17:50
3579,200,715800,09:17:50
3579,300,1073700,09:17:50
3579,100,357900,09:17:50
3579,200,715800,09:17:50
3579,100,357900,09:17:49
3580,100,358000,09:17:49
3580,100,358000,09:17:49
3580,100,358000,09:17:49
3580,100,358000,09:17:49
3580,100,358000,09:17:49
3580,100,358000,09:17:49
3580,100,358000,09:17:48
3581,100,358100,09:17:48
3581,100,358100,09:17:48
3580,100,358000,09:17:47
3580,100,358000,09:17:47
3580,100,358000,09:17:47
3580,100,358000,09:17:47
3580,100,358000,09:17:47
3580,100,358000,09:17:47
3579,2200,7873800,09:17:46
3580,1700,6086000,09:17:46
3580,100,358000,09:17:46
3581,200,716200,09:17:46
3581,600,2148600,09:17:46
3580,300,1074000,09:17:46
3580,100,358000,09:17:46
3580,200,716000,09:17:45
3580,200,716000,09:17:45
3580,200,716000,09:17:45
3580,200,716000,09:17:45
3579,100,357900,09:17:45
3579,600,2147400,09:17:44
3580,100,358000,09:17:44
3579,100,357900,09:17:43
3579,100,357900,09:17:43
3579,1400,5010600,09:17:43
3578,400,1431200,09:17:43
3579,100,357900,09:17:43
3579,100,357900,09:17:43
3579,300,1073700,09:17:43
3579,100,357900,09:17:42
3579,100,357900,09:17:42
3579,100,357900,09:17:42
3579,400,1431600,09:17:42
3578,100,357800,09:17:41
3578,200,715600,09:17:41
3578,300,1073400,09:17:41
3578,100,357800,09:17:41
3579,100,357900,09:17:41
3578,100,357800,09:17:40
3578,100,357800,09:17:40
3578,100,357800,09:17:40
3578,100,357800,09:17:39
3579,100,357900,09:17:38
3579,300,1073700,09:17:38
3579,100,357900,09:17:38
3579,100,357900,09:17:38
3580,200,716000,09:17:38
3579,100,357900,09:17:38
3580,400,1432000,09:17:38
3580,100,358000,09:17:37
3581,1000,3581000,09:17:36
3580,100,358000,09:17:36
3580,400,1432000,09:17:36
3580,400,1432000,09:17:36
3579,1200,4294800,09:17:36
3578,200,715600,09:17:35
3578,100,357800,09:17:35
3578,800,2862400,09:17:35
3578,100,357800,09:17:35
3578,400,1431200,09:17:35
3578,100,357800,09:17:35
3579,200,715800,09:17:33
3578,300,1073400,09:17:33
3579,200,715800,09:17:33
3579,100,357900,09:17:33
3579,100,357900,09:17:33
3579,100,357900,09:17:33
3580,100,358000,09:17:33
3580,2100,7518000,09:17:33
3579,100,357900,09:17:33
3578,100,357800,09:17:33
3579,700,2505300,09:17:32
3579,300,1073700,09:17:32
3579,100,357900,09:17:32
3579,100,357900,09:17:32
3579,100,357900,09:17:32
3579,100,357900,09:17:32
3579,300,1073700,09:17:32
3580,5700,20406000,09:17:32
3580,200,716000,09:17:32
3580,100,358000,09:17:32
3580,100,358000,09:17:32
3580,100,358000,09:17:32
3580,200,716000,09:17:32
3580,100,358000,09:17:32
3580,200,716000,09:17:32
3580,400,1432000,09:17:32
3581,300,1074300,09:17:32
3582,100,358200,09:17:29
3581,200,716200,09:17:28
3581,200,716200,09:17:27
3581,200,716200,09:17:27
3581,100,358100,09:17:27
3581,200,716200,09:17:27
3581,400,1432400,09:17:27
3581,400,1432400,09:17:27
3581,100,358100,09:17:27
3581,300,1074300,09:17:27
3581,200,716200,09:17:27
3582,100,358200,09:17:26
3581,200,716200,09:17:26
3582,200,716400,09:17:24
3583,100,358300,09:17:24
3582,400,1432800,09:17:24
3582,100,358200,09:17:22
3582,200,716400,09:17:22
3583,300,1074900,09:17:21
3582,200,716400,09:17:21
3581,500,1790500,09:17:18
3581,100,358100,09:17:17
3581,100,358100,09:17:17
3581,200,716200,09:17:17
3580,100,358000,09:17:16
3581,1900,6803900,09:17:16
3581,2200,7878200,09:17:16
3581,100,358100,09:17:16
3582,600,2149200,09:17:15
3582,400,1432800,09:17:15
3582,100,358200,09:17:15
3582,100,358200,09:17:15
3582,100,358200,09:17:15
3582,100,358200,09:17:15
3582,100,358200,09:17:15
3582,200,716400,09:17:15
3582,200,716400,09:17:14
3582,200,716400,09:17:14
3582,100,358200,09:17:14
3583,100,358300,09:17:14
3583,100,358300,09:17:14
3584,100,358400,09:17:13
3584,100,358400,09:17:13
3583,100,358300,09:17:13
3583,300,1074900,09:17:13
3583,400,1433200,09:17:13
3583,400,1433200,09:17:13
3584,200,716800,09:17:12
3584,300,1075200,09:17:12
3584,600,2150400,09:17:12
3584,400,1433600,09:17:12
3584,100,358400,09:17:12
3584,100,358400,09:17:12
3585,200,717000,09:17:12
3585,500,1792500,09:17:12
3585,2800,10038000,09:17:12
3586,100,358600,09:17:12
3586,100,358600,09:17:12
3586,200,717200,09:17:11
3586,100,358600,09:17:10
3586,100,358600,09:17:10
3586,500,1793000,09:17:10
3587,300,1076100,09:17:10
3587,300,1076100,09:17:10
3587,100,358700,09:17:09
3587,100,358700,09:17:08
3588,100,358800,09:17:08
3587,100,358700,09:17:08
3587,900,3228300,09:17:06
3586,200,717200,09:17:04
3586,200,717200,09:17:04
3586,100,358600,09:17:04
3586,100,358600,09:17:03
3587,200,717400,09:17:03
3586,100,358600,09:17:03
3587,100,358700,09:17:03
3587,300,1076100,09:17:03
3585,100,358500,09:17:02
3585,400,1434000,09:17:02
3586,1600,5737600,09:17:02
3585,6300,22585500,09:17:02
3584,1000,3584000,09:17:02
3583,400,1433200,09:17:02
3582,100,358200,09:17:01
3584,200,716800,09:17:00
3584,700,2508800,09:16:59
3584,400,1433600,09:16:59
3583,100,358300,09:16:59
3583,2200,7882600,09:16:58
3583,300,1074900,09:16:58
3583,1000,3583000,09:16:58
3583,100,358300,09:16:58
3584,100,358400,09:16:58
3583,100,358300,09:16:57
3583,100,358300,09:16:57
3584,100,358400,09:16:57
3582,200,716400,09:16:57
3583,200,716600,09:16:57
3583,300,1074900,09:16:57
3582,1100,3940200,09:16:56
3582,400,1432800,09:16:56
3582,600,2149200,09:16:56
3582,100,358200,09:16:56
3582,2700,9671400,09:16:56
3583,300,1074900,09:16:55
3583,100,358300,09:16:55
3583,100,358300,09:16:55
3583,100,358300,09:16:55
3583,1300,4657900,09:16:54
3583,200,716600,09:16:54
3583,300,1074900,09:16:54
3583,400,1433200,09:16:53
3583,2300,8240900,09:16:52
3583,300,1074900,09:16:51
3583,100,358300,09:16:51
3583,400,1433200,09:16:50
3583,100,358300,09:16:48
3583,100,358300,09:16:48
3583,100,358300,09:16:48
3583,100,358300,09:16:47
3583,200,716600,09:16:47
3583,300,1074900,09:16:47
3583,100,358300,09:16:47
3584,100,358400,09:16:47
3583,500,1791500,09:16:47
3583,100,358300,09:16:47
3584,300,1075200,09:16:46
3584,100,358400,09:16:46
3584,100,358400,09:16:46
3584,500,1792000,09:16:45
3584,100,358400,09:16:43
3583,100,358300,09:16:42
3584,100,358400,09:16:41
3583,200,716600,09:16:41
3584,100,358400,09:16:41
3585,100,358500,09:16:40
3584,700,2508800,09:16:40
3584,100,358400,09:16:40
3584,100,358400,09:16:40
3584,100,358400,09:16:40
3584,100,358400,09:16:40
3583,4600,16481800,09:16:40
3582,400,1432800,09:16:40
3582,100,358200,09:16:39
3582,100,358200,09:16:38
3581,300,1074300,09:16:38
3581,100,358100,09:16:37
3582,200,716400,09:16:37
3582,100,358200,09:16:36
3582,200,716400,09:16:36
3582,100,358200,09:16:36
3582,1800,6447600,09:16:36
3582,200,716400,09:16:36
3582,400,1432800,09:16:35
3583,100,358300,09:16:35
3583,100,358300,09:16:33
3583,300,1074900,09:16:32
3583,200,716600,09:16:32
3583,100,358300,09:16:32
3583,300,1074900,09:16:31
3583,100,358300,09:16:31
3583,200,716600,09:16:31
3583,200,716600,09:16:31
3583,100,358300,09:16:31
3583,100,358300,09:16:30
3583,100,358300,09:16:29
3583,300,1074900,09:16:26
3583,200,716600,09:16:25
3583,400,1433200,09:16:25
3583,400,1433200,09:16:25
3582,500,1791000,09:16:25
3582,300,1074600,09:16:24
3582,200,716400,09:16:24
3581,100,358100,09:16:24
3582,1000,3582000,09:16:24
3581,100,358100,09:16:24
3581,100,358100,09:16:23
3580,100,358000,09:16:22
3581,200,716200,09:16:22
3581,100,358100,09:16:22
3581,100,358100,09:16:22
3581,100,358100,09:16:21
3581,200,716200,09:16:21
3582,200,716400,09:16:20
3581,800,2864800,09:16:20
3581,100,358100,09:16:19
3581,200,716200,09:16:19
3581,600,2148600,09:16:19
3581,100,358100,09:16:19
3581,100,358100,09:16:18
3581,100,358100,09:16:18
3582,200,716400,09:16:18
3581,100,358100,09:16:17
3583,300,1074900,09:16:17
3581,100,358100,09:16:17
3581,200,716200,09:16:17
3582,200,716400,09:16:16
3581,1200,4297200,09:16:16
3582,100,358200,09:16:16
3582,100,358200,09:16:16
3582,100,358200,09:16:16
3582,100,358200,09:16:16
3582,300,1074600,09:16:14
3582,100,358200,09:16:14
3581,200,716200,09:16:14
3582,200,716400,09:16:14
3582,1800,6447600,09:16:14
3582,100,358200,09:16:13
3582,100,358200,09:16:13
3582,1000,3582000,09:16:13
3582,100,358200,09:16:13
3582,100,358200,09:16:13
3582,100,358200,09:16:13
3583,100,358300,09:16:12
3583,200,716600,09:16:12
3584,100,358400,09:16:11
3582,100,358200,09:16:11
3583,1700,6091100,09:16:11
3584,200,716800,09:16:10
3584,100,358400,09:16:10
3584,500,1792000,09:16:10
3583,300,1074900,09:16:10
3583,200,716600,09:16:10
3584,100,358400,09:16:10
3583,200,716600,09:16:10
3583,100,358300,09:16:09
3583,100,358300,09:16:09
3584,100,358400,09:16:09
3584,100,358400,09:16:08
3584,100,358400,09:16:08
3584,100,358400,09:16:08
3583,200,716600,09:16:08
3583,100,358300,09:16:07
3583,100,358300,09:16:07
3583,500,1791500,09:16:07
3583,100,358300,09:16:06
3582,400,1432800,09:16:06
3583,100,358300,09:16:05
3583,200,716600,09:16:05
3583,100,358300,09:16:05
3583,100,358300,09:16:05
3583,200,716600,09:16:05
3583,100,358300,09:16:04
3583,500,1791500,09:16:04
3583,200,716600,09:16:03
3582,500,1791000,09:16:03
3582,100,358200,09:16:03
3583,100,358300,09:16:03
3583,400,1433200,09:16:03
3582,200,716400,09:16:03
3583,400,1433200,09:16:03
3583,400,1433200,09:16:02
3584,600,2150400,09:16:02
3585,100,358500,09:16:02
3586,100,358600,09:16:02
3585,200,717000,09:16:01
3583,2000,7166000,09:16:01
3584,3700,13260800,09:16:01
3585,2000,7170000,09:16:01
3586,200,717200,09:16:01
3586,100,358600,09:16:01
3586,100,358600,09:16:01
3587,200,717400,09:16:00
3587,100,358700,09:16:00
3587,200,717400,09:16:00
3588,100,358800,09:15:59
3588,400,1435200,09:15:59
3587,300,1076100,09:15:59
3587,100,358700,09:15:59
3587,100,358700,09:15:59
3586,100,358600,09:15:58
3586,700,2510200,09:15:58
3587,100,358700,09:15:58
3587,200,717400,09:15:58
3587,300,1076100,09:15:58
3587,100,358700,09:15:58
3588,100,358800,09:15:58
3586,2800,10040800,09:15:58
3587,4700,16858900,09:15:58
3588,3000,10764000,09:15:58
3588,100,358800,09:15:58
3589,500,1794500,09:15:58
3589,100,358900,09:15:57
3590,200,718000,09:15:57
3589,700,2512300,09:15:57
3589,200,717800,09:15:57
3589,200,717800,09:15:57
3589,100,358900,09:15:57
3590,100,359000,09:15:56
3590,1000,3590000,09:15:56
3590,1700,6103000,09:15:56
3589,100,358900,09:15:56
3590,400,1436000,09:15:55
3590,100,359000,09:15:55
3589,100,358900,09:15:54
3589,100,358900,09:15:54
3589,100,358900,09:15:54
3589,100,358900,09:15:54
3589,400,1435600,09:15:54
3588,300,1076400,09:15:53
3589,200,717800,09:15:53
3588,100,358800,09:15:53
3588,100,358800,09:15:53
3588,200,717600,09:15:53
3588,100,358800,09:15:53
3589,400,1435600,09:15:53
3588,100,358800,09:15:52
3589,100,358900,09:15:52
3589,100,358900,09:15:52
3589,100,358900,09:15:52
3590,100,359000,09:15:52
3589,600,2153400,09:15:52
3589,600,2153400,09:15:52
3589,200,717800,09:15:52
3589,100,358900,09:15:52
3589,1500,5383500,09:15:52
3589,200,717800,09:15:52
3589,100,358900,09:15:52
3589,100,358900,09:15:52
3589,100,358900,09:15:52
3589,100,358900,09:15:52
3589,300,1076700,09:15:52
3589,200,717800,09:15:52
3589,100,358900,09:15:52
3589,100,358900,09:15:52
3589,100,358900,09:15:52
3589,100,358900,09:15:52
3589,1900,6819100,09:15:52
3588,5600,20092800,09:15:52
3588,100,358800,09:15:52
3587,100,358700,09:15:52
3586,100,358600,09:15:52
3587,200,717400,09:15:51
3587,300,1076100,09:15:51
3587,1400,5021800,09:15:51
3587,100,358700,09:15:51
3586,100,358600,09:15:51
3585,100,358500,09:15:51
3585,100,358500,09:15:51
3585,100,358500,09:15:51
3586,400,1434400,09:15:51
3586,100,358600,09:15:50
3586,100,358600,09:15:50
3586,100,358600,09:15:50
3585,500,1792500,09:15:49
3585,100,358500,09:15:49
3585,100,358500,09:15:49
3585,200,717000,09:15:49
3586,200,717200,09:15:48
3586,200,717200,09:15:48
3586,200,717200,09:15:48
3586,100,358600,09:15:48
3586,200,717200,09:15:48
3586,300,1075800,09:15:48
3586,200,717200,09:15:48
3585,100,358500,09:15:47
3586,300,1075800,09:15:47
3585,200,717000,09:15:47
3585,100,358500,09:15:47
3584,200,716800,09:15:47
3585,100,358500,09:15:47
3585,200,717000,09:15:47
3585,600,2151000,09:15:47
3585,300,1075500,09:15:46
3585,100,358500,09:15:46
3585,100,358500,09:15:46
3585,1400,5019000,09:15:46
3584,300,1075200,09:15:46
3584,100,358400,09:15:46
3585,100,358500,09:15:46
3585,200,717000,09:15:46
3585,100,358500,09:15:45
3585,100,358500,09:15:45
3585,100,358500,09:15:45
3585,700,2509500,09:15:45
3585,200,717000,09:15:45
3585,100,358500,09:15:45
3585,200,717000,09:15:45
3585,200,717000,09:15:45
3585,200,717000,09:15:45
3584,100,358400,09:15:45
3584,100,358400,09:15:45
3585,200,717000,09:15:45
3584,100,358400,09:15:45
3585,100,358500,09:15:45
3584,300,1075200,09:15:45
3584,300,1075200,09:15:45
3584,1000,3584000,09:15:45
3582,100,358200,09:15:44
3583,200,716600,09:15:44
3583,200,716600,09:15:44
3583,900,3224700,09:15:44
3583,200,716600,09:15:44
3582,100,358200,09:15:43
3582,100,358200,09:15:43
3582,100,358200,09:15:43
3583,200,716600,09:15:43
3582,100,358200,09:15:43
3582,100,358200,09:15:43
3582,500,1791000,09:15:42
3582,400,1432800,09:15:42
3582,100,358200,09:15:42
3583,200,716600,09:15:42
3583,200,716600,09:15:42
3582,100,358200,09:15:42
3582,200,716400,09:15:42
3582,300,1074600,09:15:41
3582,100,358200,09:15:41
3582,200,716400,09:15:41
3582,100,358200,09:15:41
3582,100,358200,09:15:41
3582,100,358200,09:15:40
3582,1000,3582000,09:15:40
3582,500,1791000,09:15:40
3581,100,358100,09:15:40
3581,100,358100,09:15:40
3581,100,358100,09:15:40
3580,400,1432000,09:15:40
3580,100,358000,09:15:40
3580,300,1074000,09:15:40
3581,200,716200,09:15:39
3580,100,358000,09:15:39
3580,100,358000,09:15:39
3581,100,358100,09:15:39
3581,200,716200,09:15:39
3580,200,716000,09:15:39
3581,800,2864800,09:15:39
3581,100,358100,09:15:39
3581,300,1074300,09:15:39
3581,300,1074300,09:15:39
3581,100,358100,09:15:39
3581,300,1074300,09:15:39
3580,800,2864000,09:15:39
3581,200,716200,09:15:39
3581,100,358100,09:15:39
3581,100,358100,09:15:39
3581,200,716200,09:15:39
3581,100,358100,09:15:39
3581,800,2864800,09:15:39
3580,100,358000,09:15:39
3581,200,716200,09:15:39
3580,100,358000,09:15:39
3581,200,716200,09:15:39
3581,200,716200,09:15:39
3580,100,358000,09:15:38
3580,1300,4654000,09:15:38
3579,300,1073700,09:15:38
3579,300,1073700,09:15:38
3578,400,1431200,09:15:38
3579,100,357900,09:15:38
3579,200,715800,09:15:38
3579,300,1073700,09:15:38
3579,1800,6442200,09:15:38
3578,100,357800,09:15:38
3578,200,715600,09:15:38
3578,100,357800,09:15:38
3578,300,1073400,09:15:38
3578,100,357800,09:15:38
3578,400,1431200,09:15:38
3578,100,357800,09:15:38
3578,400,1431200,09:15:38
3579,400,1431600,09:15:38
3579,200,715800,09:15:38
3580,700,2506000,09:15:38
3580,100,358000,09:15:38
3580,100,358000,09:15:38
3580,100,358000,09:15:38
3580,200,716000,09:15:38
3580,300,1074000,09:15:38
3581,300,1074300,09:15:38
3581,300,1074300,09:15:38
3581,700,2506700,09:15:38
3581,800,2864800,09:15:37
3581,700,2506700,09:15:37
3580,400,1432000,09:15:37
3579,3100,11094900,09:15:37
3580,400,1432000,09:15:37
3580,300,1074000,09:15:37
3579,200,715800,09:15:37
3579,300,1073700,09:15:37
3579,100,357900,09:15:37
3579,200,715800,09:15:37
3579,600,2147400,09:15:37
3579,200,715800,09:15:37
3580,100,358000,09:15:37
3579,100,357900,09:15:37
3579,100,357900,09:15:37
3579,400,1431600,09:15:37
3579,100,357900,09:15:37
3579,100,357900,09:15:37
3579,400,1431600,09:15:37
3580,100,358000,09:15:37
3580,200,716000,09:15:37
3580,200,716000,09:15:36
3580,100,358000,09:15:36
3580,100,358000,09:15:36
3580,400,1432000,09:15:36
3580,300,1074000,09:15:36
3580,300,1074000,09:15:36
3580,300,1074000,09:15:36
3580,800,2864000,09:15:36
3580,200,716000,09:15:36
3580,500,1790000,09:15:36
3580,800,2864000,09:15:36
3580,800,2864000,09:15:36
3580,100,358000,09:15:36
3580,100,358000,09:15:36
3580,100,358000,09:15:36
3580,400,1432000,09:15:36
3581,300,1074300,09:15:36
3580,200,716000,09:15:36
3581,300,1074300,09:15:36
3580,100,358000,09:15:36
3582,100,358200,09:15:36
3581,100,358100,09:15:35
3581,100,358100,09:15:35
3581,100,358100,09:15:35
3581,100,358100,09:15:35
3581,100,358100,09:15:35
3580,100,358000,09:15:35
3581,200,716200,09:15:35
3581,200,716200,09:15:35
3581,300,1074300,09:15:35
3581,400,1432400,09:15:35
3581,600,2148600,09:15:35
3581,100,358100,09:15:35
3581,100,358100,09:15:35
3581,100,358100,09:15:35
3582,100,358200,09:15:35
3582,200,716400,09:15:35
3581,100,358100,09:15:35
3582,400,1432800,09:15:35
3581,100,358100,09:15:35
3581,100,358100,09:15:35
3582,100,358200,09:15:35
3582,200,716400,09:15:35
3581,600,2148600,09:15:35
3581,100,358100,09:15:34
3581,300,1074300,09:15:34
3581,100,358100,09:15:34
3581,100,358100,09:15:34
3582,100,358200,09:15:34
3580,300,1074000,09:15:34
3581,2700,9668700,09:15:34
3581,100,358100,09:15:34
3582,100,358200,09:15:34
3581,100,358100,09:15:34
3582,200,716400,09:15:34
3582,100,358200,09:15:34
3583,100,358300,09:15:34
3582,200,716400,09:15:34
3582,400,1432800,09:15:34
3581,1900,6803900,09:15:34
3582,1600,5731200,09:15:34
3582,100,358200,09:15:33
3582,100,358200,09:15:33
3582,100,358200,09:15:33
3583,100,358300,09:15:33
3583,800,2866400,09:15:33
3583,900,3224700,09:15:33
3583,200,716600,09:15:33
3583,300,1074900,09:15:32
3583,100,358300,09:15:32
3583,100,358300,09:15:32
3583,100,358300,09:15:32
3583,100,358300,09:15:32
3583,100,358300,09:15:31
3583,100,358300,09:15:31
3584,100,358400,09:15:31
3584,100,358400,09:15:31
3584,100,358400,09:15:30
3585,200,717000,09:15:29
3584,200,716800,09:15:29
3583,100,358300,09:15:29
3584,200,716800,09:15:29
3585,100,358500,09:15:29
3584,400,1433600,09:15:29
3583,100,358300,09:15:29
3585,100,358500,09:15:28
3584,200,716800,09:15:28
3584,200,716800,09:15:28
3584,100,358400,09:15:28
3584,200,716800,09:15:28
3584,300,1075200,09:15:28
3584,100,358400,09:15:28
3584,100,358400,09:15:28
3584,100,358400,09:15:28
3584,100,358400,09:15:27
3584,200,716800,09:15:27
3584,100,358400,09:15:27
3584,400,1433600,09:15:27
3584,200,716800,09:15:27
3584,200,716800,09:15:27
3584,300,1075200,09:15:27
3584,100,358400,09:15:27
3586,1100,3944600,09:15:26
3585,2800,10038000,09:15:26
3585,100,358500,09:15:26
3583,200,716600,09:15:26
3583,300,1074900,09:15:26
3584,100,358400,09:15:26
3584,200,716800,09:15:26
3584,300,1075200,09:15:26
3584,600,2150400,09:15:26
3584,100,358400,09:15:26
3584,100,358400,09:15:26
3584,100,358400,09:15:26
3584,100,358400,09:15:26
3584,100,358400,09:15:26
3585,200,717000,09:15:26
3584,200,716800,09:15:26
3584,100,358400,09:15:26
3585,100,358500,09:15:26
3585,3400,12189000,09:15:26
3586,400,1434400,09:15:25
3586,100,358600,09:15:24
3587,100,358700,09:15:24
3586,200,717200,09:15:24
3586,100,358600,09:15:24
3586,100,358600,09:15:24
3586,100,358600,09:15:23
3586,500,1793000,09:15:23
3587,400,1434800,09:15:23
3587,100,358700,09:15:23
3588,400,1435200,09:15:23
3587,500,1793500,09:15:23
3587,100,358700,09:15:23
3586,100,358600,09:15:22
3587,600,2152200,09:15:22
3587,100,358700,09:15:22
3587,100,358700,09:15:21
3587,100,358700,09:15:21
3587,100,358700,09:15:20
3587,100,358700,09:15:20
3587,400,1434800,09:15:20
3587,100,358700,09:15:20
3587,100,358700,09:15:20
3587,100,358700,09:15:20
3587,100,358700,09:15:20
3587,100,358700,09:15:19
3587,200,717400,09:15:19
3586,100,358600,09:15:19
3586,100,358600,09:15:19
3587,500,1793500,09:15:19
3587,100,358700,09:15:19
3587,200,717400,09:15:19
3586,500,1793000,09:15:19
3587,300,1076100,09:15:19
3587,200,717400,09:15:18
3589,200,717800,09:15:17
3588,100,358800,09:15:17
3588,100,358800,09:15:17
3588,100,358800,09:15:17
3588,500,1794000,09:15:17
3587,200,717400,09:15:16
3587,100,358700,09:15:16
3588,300,1076400,09:15:16
3588,200,717600,09:15:16
3587,200,717400,09:15:16
3586,100,358600,09:15:16
3586,900,3227400,09:15:16
3587,100,358700,09:15:16
3587,2400,8608800,09:15:15
3587,300,1076100,09:15:15
3587,200,717400,09:15:15
3587,500,1793500,09:15:15
3588,100,358800,09:15:15
3588,100,358800,09:15:15
3588,100,358800,09:15:15
3588,200,717600,09:15:15
3588,100,358800,09:15:15
3588,100,358800,09:15:15
3589,100,358900,09:15:14
3588,100,358800,09:15:14
3590,100,359000,09:15:13
3588,800,2870400,09:15:13
3589,600,2153400,09:15:13
3590,200,718000,09:15:13
3590,2800,10052000,09:15:13
3589,1700,6101300,09:15:13
3589,1500,5383500,09:15:13
3590,100,359000,09:15:12
3590,300,1077000,09:15:12
3590,100,359000,09:15:12
3590,400,1436000,09:15:12
3591,200,718200,09:15:11
3590,100,359000,09:15:11
3592,100,359200,09:15:11
3591,600,2154600,09:15:11
3590,100,359000,09:15:11
3591,100,359100,09:15:10
3591,100,359100,09:15:10
3590,100,359000,09:15:10
3590,200,718000,09:15:10
3590,100,359000,09:15:10
3590,100,359000,09:15:10
3590,100,359000,09:15:10
3591,100,359100,09:15:08
3591,800,2872800,09:15:08
3590,100,359000,09:15:08
3590,200,718000,09:15:08
3590,200,718000,09:15:08
3591,400,1436400,09:15:08
3590,100,359000,09:15:08
3590,200,718000,09:15:08
3590,100,359000,09:15:08
3589,200,717800,09:15:07
3590,500,1795000,09:15:07
3589,600,2153400,09:15:07
3590,100,359000,09:15:07
3590,200,718000,09:15:07
3590,100,359000,09:15:07
3590,200,718000,09:15:07
3590,200,718000,09:15:07
3590,200,718000,09:15:07
3589,200,717800,09:15:07
3589,100,358900,09:15:07
3589,100,358900,09:15:07
3589,300,1076700,09:15:07
3589,100,358900,09:15:07
3589,100,358900,09:15:07
3589,2500,8972500,09:15:07
3588,100,358800,09:15:07
3588,300,1076400,09:15:07
3588,200,717600,09:15:07
3586,100,358600,09:15:06
3587,300,1076100,09:15:06
3586,100,358600,09:15:06
3587,200,717400,09:15:06
3586,100,358600,09:15:06
3586,300,1075800,09:15:06
3586,100,358600,09:15:06
3586,200,717200,09:15:06
3586,500,1793000,09:15:06
3587,300,1076100,09:15:06
3586,100,358600,09:15:06
3586,200,717200,09:15:06
3587,100,358700,09:15:06
3586,100,358600,09:15:06
3587,300,1076100,09:15:05
3587,100,358700,09:15:05
3588,300,1076400,09:15:05
3587,100,358700,09:15:05
3587,200,717400,09:15:05
3587,100,358700,09:15:05
3588,100,358800,09:15:05
3588,100,358800,09:15:05
3588,100,358800,09:15:05
3588,100,358800,09:15:05
3588,800,2870400,09:15:04
3588,100,358800,09:15:04
3588,100,358800,09:15:04
3588,100,358800,09:15:04
3588,200,717600,09:15:04
3588,100,358800,09:15:04
3588,2200,7893600,09:15:04
3588,100,358800,09:15:04
3589,100,358900,09:15:04
3589,100,358900,09:15:04
3588,300,1076400,09:15:04
3589,200,717800,09:15:04
3589,100,358900,09:15:04
3589,100,358900,09:15:04
3589,300,1076700,09:15:04
3589,400,1435600,09:15:03
3589,400,1435600,09:15:03
3589,400,1435600,09:15:03
3589,200,717800,09:15:03
3590,400,1436000,09:15:03
3590,700,2513000,09:15:03
3590,100,359000,09:15:03
3590,500,1795000,09:15:03
3590,100,359000,09:15:03
3590,100,359000,09:15:03
3590,400,1436000,09:15:03
3590,200,718000,09:15:03
3590,200,718000,09:15:02
3590,200,718000,09:15:02
3591,300,1077300,09:15:02
3591,800,2872800,09:15:02
3591,200,718200,09:15:02
3591,400,1436400,09:15:02
3592,500,1796000,09:15:02
3592,100,359200,09:15:02
3592,2800,10057600,09:15:01
3592,500,1796000,09:15:01
3593,200,718600,09:15:01
3593,200,718600,09:15:01
3593,200,718600,09:15:01
3593,300,1077900,09:15:01
3593,300,1077900,09:15:01
3593,200,718600,09:15:01
3593,300,1077900,09:15:01
3593,200,718600,09:15:01
3593,200,718600,09:15:01
3594,100,359400,09:15:01
3595,100,359500,09:15:01
3594,200,718800,09:15:01
3594,2300,8266200,09:15:01
3594,900,3234600,09:15:01
3595,1900,6830500,09:15:00
3596,300,1078800,09:15:00
3595,500,1797500,09:15:00
3595,100,359500,09:15:00
3596,100,359600,09:14:59
3596,100,359600,09:14:58
3596,100,359600,09:14:58
3595,100,359500,09:14:58
3595,300,1078500,09:14:58
3595,100,359500,09:14:57
3594,100,359400,09:14:57
3595,500,1797500,09:14:57
3595,900,3235500,09:14:57
3594,100,359400,09:14:57
3595,700,2516500,09:14:57
3595,100,359500,09:14:57
3595,400,1438000,09:14:57
3596,100,359600,09:14:57
3596,100,359600,09:14:56
3596,100,359600,09:14:56
3596,100,359600,09:14:56
3596,800,2876800,09:14:56
3597,100,359700,09:14:56
3597,500,1798500,09:14:56
3596,100,359600,09:14:56
3597,1900,6834300,09:14:55
3596,4400,15822400,09:14:55
3597,100,359700,09:14:55
3598,100,359800,09:14:55
3598,1000,3598000,09:14:54
3597,100,359700,09:14:54
3597,300,1079100,09:14:54
3596,100,359600,09:14:54
3597,100,359700,09:14:54
3597,100,359700,09:14:54
3597,300,1079100,09:14:54
3597,100,359700,09:14:54
3597,100,359700,09:14:54
3597,100,359700,09:14:54
3597,100,359700,09:14:54
3597,100,359700,09:14:54
3597,100,359700,09:14:54
3598,400,1439200,09:14:54
3597,1800,6474600,09:14:54
3597,800,2877600,09:14:54
3598,1100,3957800,09:14:54
3599,200,719800,09:14:54
3599,500,1799500,09:14:54
3599,3400,12236600,09:14:54
3597,400,1438800,09:14:54
3597,500,1798500,09:14:54
3597,1000,3597000,09:14:54
3598,29400,105781200,09:14:54
3597,3200,11510400,09:14:54
3597,13200,47480400,09:14:54
3597,100,359700,09:14:54
3596,100,359600,09:14:54
3597,1100,3956700,09:14:54
3596,100,359600,09:14:54
3597,100,359700,09:14:54
3596,200,719200,09:14:54
3596,6800,24452800,09:14:53
3596,400,1438400,09:14:53
3596,600,2157600,09:14:53
3596,600,2157600,09:14:53
3596,600,2157600,09:14:53
3595,10200,36669000,09:14:53
3595,500,1797500,09:14:53
3595,1000,3595000,09:14:53
3595,100,359500,09:14:52
3595,300,1078500,09:14:52
3594,100,359400,09:14:52
3594,100,359400,09:14:51
3595,600,2157000,09:14:50
3594,100,359400,09:14:49
3595,100,359500,09:14:49
3593,2200,7904600,09:14:48
3594,1800,6469200,09:14:48
3594,100,359400,09:14:47
3595,100,359500,09:14:46
3595,100,359500,09:14:46
3594,100,359400,09:14:46
3594,800,2875200,09:14:46
3594,200,718800,09:14:45
3594,300,1078200,09:14:45
3594,200,718800,09:14:45
3594,600,2156400,09:14:44
3594,100,359400,09:14:44
3595,100,359500,09:14:44
3595,100,359500,09:14:44
3595,1200,4314000,09:14:44
3594,1600,5750400,09:14:44
3594,100,359400,09:14:43
3594,100,359400,09:14:42
3593,100,359300,09:14:42
3593,100,359300,09:14:42
3593,100,359300,09:14:41
3593,100,359300,09:14:41
3593,100,359300,09:14:41
3593,100,359300,09:14:41
3594,600,2156400,09:14:41
3593,100,359300,09:14:40
3595,100,359500,09:14:40
3595,100,359500,09:14:40
3594,500,1797000,09:14:40
3594,7700,27673800,09:14:40
3594,400,1437600,09:14:39
3593,300,1077900,09:14:38
3593,100,359300,09:14:37
3593,800,2874400,09:14:37
3593,100,359300,09:14:37
3593,100,359300,09:14:37
3593,100,359300,09:14:36
3593,100,359300,09:14:36
3593,100,359300,09:14:36
3593,100,359300,09:14:36
3593,400,1437200,09:14:35
3593,100,359300,09:14:35
3593,100,359300,09:14:35
3592,100,359200,09:14:35
3592,300,1077600,09:14:34
3592,500,1796000,09:14:34
3593,400,1437200,09:14:34
3593,100,359300,09:14:34
3593,100,359300,09:14:34
3592,100,359200,09:14:34
3593,2000,7186000,09:14:34
3593,200,718600,09:14:33
3593,100,359300,09:14:33
3594,300,1078200,09:14:33
3594,100,359400,09:14:33
3593,200,718600,09:14:33
3593,7100,25510300,09:14:33
3592,100,359200,09:14:32
3592,100,359200,09:14:32
3592,1500,5388000,09:14:32
3592,100,359200,09:14:32
3592,1600,5747200,09:14:31
3592,300,1077600,09:14:31
3591,100,359100,09:14:31
3591,200,718200,09:14:30
3592,200,718400,09:14:30
3592,100,359200,09:14:30
3591,100,359100,09:14:30
3591,100,359100,09:14:28
3592,1400,5028800,09:14:28
3591,200,718200,09:14:28
3591,300,1077300,09:14:28
3591,100,359100,09:14:28
3591,800,2872800,09:14:27
3592,100,359200,09:14:27
3592,1100,3951200,09:14:27
3592,100,359200,09:14:27
3592,5700,20474400,09:14:27
3592,200,718400,09:14:27
3591,100,359100,09:14:27
3592,200,718400,09:14:27
3591,100,359100,09:14:26
3591,400,1436400,09:14:26
3590,500,1795000,09:14:25
3590,200,718000,09:14:25
3591,100,359100,09:14:25
3590,100,359000,09:14:25
3590,100,359000,09:14:25
3591,1100,3950100,09:14:25
3590,100,359000,09:14:25
3590,300,1077000,09:14:24
3590,3900,14001000,09:14:24
3590,200,718000,09:14:24
3590,100,359000,09:14:24
3591,1400,5027400,09:14:24
3591,100,359100,09:14:24
3590,100,359000,09:14:24
3591,100,359100,09:14:23
3591,100,359100,09:14:23
3591,300,1077300,09:14:23
3592,500,1796000,09:14:22
3590,100,359000,09:14:22
3591,400,1436400,09:14:21
3591,700,2513700,09:14:21
3591,7300,26214300,09:14:21
3590,100,359000,09:14:21
3590,600,2154000,09:14:20
3590,200,718000,09:14:20
3589,300,1076700,09:14:19
3590,100,359000,09:14:19
3590,100,359000,09:14:19
3590,100,359000,09:14:19
3590,1700,6103000,09:14:19
3591,200,718200,09:14:19
3590,100,359000,09:14:19
3591,200,718200,09:14:19
3591,400,1436400,09:14:19
3591,300,1077300,09:14:19
3589,200,717800,09:14:19
3590,3600,12924000,09:14:19
3590,7800,28002000,09:14:19
3590,800,2872000,09:14:19
3589,100,358900,09:14:19
3590,22500,80775000,09:14:19
3589,1200,4306800,09:14:19
3589,100,358900,09:14:19
3589,100,358900,09:14:19
3589,500,1794500,09:14:19
3589,100,358900,09:14:19
3589,100,358900,09:14:19
3589,700,2512300,09:14:19
3589,100,358900,09:14:19
3589,100,358900,09:14:19
3590,400,1436000,09:14:19
3589,6800,24405200,09:14:19
3588,3200,11481600,09:14:19
3587,100,358700,09:14:18
3587,7300,26185100,09:14:18
3586,100,358600,09:14:18
3586,4500,16137000,09:14:18
3586,100,358600,09:14:18
3586,100,358600,09:14:18
3585,100,358500,09:14:17
3585,200,717000,09:14:16
3585,200,717000,09:14:15
3585,100,358500,09:14:15
3585,100,358500,09:14:15
3585,100,358500,09:14:15
3585,2000,7170000,09:14:15
3584,100,358400,09:14:15
3584,100,358400,09:14:15
3584,100,358400,09:14:14
3584,100,358400,09:14:14
3584,400,1433600,09:14:14
3583,200,716600,09:14:13
3583,500,1791500,09:14:13
3582,100,358200,09:14:13
3582,200,716400,09:14:12
3581,200,716200,09:14:12
3582,1700,6089400,09:14:12
3582,200,716400,09:14:12
3582,100,358200,09:14:12
3582,100,358200,09:14:11
3583,100,358300,09:14:11
3583,200,716600,09:14:11
3583,100,358300,09:14:11
3583,100,358300,09:14:11
3583,200,716600,09:14:10
3584,100,358400,09:14:10
3583,100,358300,09:14:10
3584,500,1792000,09:14:09
3583,100,358300,09:14:09
3583,300,1074900,09:14:08
3584,100,358400,09:14:08
3583,200,716600,09:14:07
3584,100,358400,09:14:07
3583,100,358300,09:14:07
3584,100,358400,09:14:07
3584,600,2150400,09:14:07
3582,100,358200,09:14:07
3584,300,1075200,09:14:07
3582,600,2149200,09:14:06
3583,100,358300,09:14:06
3583,200,716600,09:14:06
3584,100,358400,09:14:06
3584,200,716800,09:14:06
3582,200,716400,09:14:06
3583,200,716600,09:14:06
3583,200,716600,09:14:06
3583,100,358300,09:14:06
3583,400,1433200,09:14:06
3583,200,716600,09:14:06
3583,100,358300,09:14:06
3583,1000,3583000,09:14:06
3583,800,2866400,09:14:06
3583,600,2149800,09:14:06
3583,600,2149800,09:14:06
3583,600,2149800,09:14:06
3583,600,2149800,09:14:06
3584,3300,11827200,09:14:06
3585,5400,19359000,09:14:06
3585,100,358500,09:14:06
3586,200,717200,09:14:05
3586,200,717200,09:14:05
3586,1000,3586000,09:14:05
3586,200,717200,09:14:05
3586,100,358600,09:14:03
3586,100,358600,09:14:03
3586,100,358600,09:14:03
3587,500,1793500,09:14:02
3587,100,358700,09:14:02
3586,100,358600,09:14:01
3587,200,717400,09:14:01
3588,100,358800,09:14:01
3587,100,358700,09:14:00
3587,100,358700,09:14:00
3588,200,717600,09:14:00
3587,1000,3587000,09:14:00
3586,100,358600,09:13:59
3587,300,1076100,09:13:59
3588,300,1076400,09:13:59
3587,200,717400,09:13:58
3587,300,1076100,09:13:58
3586,400,1434400,09:13:58
3586,100,358600,09:13:57
3586,100,358600,09:13:57
3587,100,358700,09:13:57
3587,200,717400,09:13:56
3587,500,1793500,09:13:56
3587,100,358700,09:13:56
3587,500,1793500,09:13:55
3587,600,2152200,09:13:55
3587,200,717400,09:13:55
3587,1700,6097900,09:13:55
3586,100,358600,09:13:55
3586,400,1434400,09:13:55
3586,400,1434400,09:13:55
3585,200,717000,09:13:54
3586,100,358600,09:13:54
3586,300,1075800,09:13:53
3586,600,2151600,09:13:53
3586,100,358600,09:13:52
3587,700,2510900,09:13:52
3588,100,358800,09:13:52
3588,100,358800,09:13:52
3588,100,358800,09:13:52
3588,100,358800,09:13:52
3588,200,717600,09:13:52
3588,900,3229200,09:13:52
3588,300,1076400,09:13:52
3588,3200,11481600,09:13:52
3587,5200,18652400,09:13:52
3586,1100,3944600,09:13:52
3586,800,2868800,09:13:52
3585,200,717000,09:13:51
3585,100,358500,09:13:50
3585,100,358500,09:13:49
3585,100,358500,09:13:48
3585,300,1075500,09:13:48
3585,300,1075500,09:13:48
3585,200,717000,09:13:47
3585,100,358500,09:13:47
3584,100,358400,09:13:47
3585,100,358500,09:13:46
3584,100,358400,09:13:46
3585,300,1075500,09:13:46
3585,300,1075500,09:13:46
3585,100,358500,09:13:46
3585,200,717000,09:13:46
3585,100,358500,09:13:46
3585,2600,9321000,09:13:46
3585,100,358500,09:13:45
3586,400,1434400,09:13:44
3586,100,358600,09:13:44
3586,100,358600,09:13:43
3586,100,358600,09:13:42
3586,100,358600,09:13:42
3586,100,358600,09:13:41
3587,100,358700,09:13:41
3586,100,358600,09:13:41
3586,700,2510200,09:13:41
3586,100,358600,09:13:41
3586,700,2510200,09:13:41
3585,100,358500,09:13:40
3585,200,717000,09:13:40
3585,100,358500,09:13:39
3585,100,358500,09:13:38
3585,100,358500,09:13:38
3585,200,717000,09:13:37
3585,600,2151000,09:13:37
3585,2400,8604000,09:13:37
3585,100,358500,09:13:36
3585,100,358500,09:13:36
3586,100,358600,09:13:35
3587,100,358700,09:13:34
3587,1100,3945700,09:13:33
3587,200,717400,09:13:33
3587,1000,3587000,09:13:33
3587,1500,5380500,09:13:33
3587,400,1434800,09:13:33
3586,500,1793000,09:13:33
3586,200,717200,09:13:33
3585,1400,5019000,09:13:32
3585,400,1434000,09:13:32
3585,400,1434000,09:13:32
3585,200,717000,09:13:32
3586,100,358600,09:13:31
3586,200,717200,09:13:31
3586,100,358600,09:13:30
3586,200,717200,09:13:30
3586,1600,5737600,09:13:30
3585,200,717000,09:13:30
3585,100,358500,09:13:30
3586,300,1075800,09:13:29
3585,100,358500,09:13:29
3585,300,1075500,09:13:29
3585,300,1075500,09:13:29
3585,300,1075500,09:13:29
3584,100,358400,09:13:29
3585,200,717000,09:13:25
3585,300,1075500,09:13:25
3585,100,358500,09:13:25
3585,100,358500,09:13:24
3585,100,358500,09:13:24
3584,100,358400,09:13:24
3585,200,717000,09:13:23
3584,100,358400,09:13:23
3585,3700,13264500,09:13:22
3586,400,1434400,09:13:22
3586,1700,6096200,09:13:22
3585,400,1434000,09:13:22
3586,100,358600,09:13:22
3584,500,1792000,09:13:22
3585,400,1434000,09:13:22
3585,500,1792500,09:13:22
3585,100,358500,09:13:21
3584,100,358400,09:13:20
3585,100,358500,09:13:19
3585,100,358500,09:13:19
3585,100,358500,09:13:19
3585,100,358500,09:13:19
3586,100,358600,09:13:18
3585,100,358500,09:13:18
3585,200,717000,09:13:18
3585,200,717000,09:13:18
3585,100,358500,09:13:18
3585,100,358500,09:13:18
3585,600,2151000,09:13:17
3584,100,358400,09:13:16
3584,100,358400,09:13:16
3584,100,358400,09:13:16
3584,300,1075200,09:13:16
3585,100,358500,09:13:16
3584,600,2150400,09:13:15
3584,200,716800,09:13:15
3584,800,2867200,09:13:15
3584,200,716800,09:13:15
3584,500,1792000,09:13:15
3584,1800,6451200,09:13:15
3584,900,3225600,09:13:15
3584,100,358400,09:13:15
3584,500,1792000,09:13:14
3585,200,717000,09:13:14
3585,400,1434000,09:13:14
3585,100,358500,09:13:14
3586,200,717200,09:13:13
3586,200,717200,09:13:13
3586,100,358600,09:13:13
3586,300,1075800,09:13:13
3586,2700,9682200,09:13:13
3586,1200,4303200,09:13:13
3585,2400,8604000,09:13:13
3585,100,358500,09:13:13
3585,100,358500,09:13:12
3585,100,358500,09:13:12
3585,100,358500,09:13:12
3585,100,358500,09:13:12
3584,100,358400,09:13:12
3584,100,358400,09:13:11
3585,100,358500,09:13:11
3585,200,717000,09:13:11
3585,1800,6453000,09:13:11
3585,100,358500,09:13:11
3585,200,717000,09:13:11
3585,200,717000,09:13:11
3585,200,717000,09:13:11
3585,200,717000,09:13:11
3585,200,717000,09:13:11
3585,100,358500,09:13:11
3585,100,358500,09:13:11
3586,100,358600,09:13:09
3585,100,358500,09:13:08
3586,300,1075800,09:13:08
3586,500,1793000,09:13:08
3586,500,1793000,09:13:08
3586,100,358600,09:13:08
3586,100,358600,09:13:08
3587,100,358700,09:13:08
3587,200,717400,09:13:08
3586,400,1434400,09:13:07
3587,100,358700,09:13:07
3587,3100,11119700,09:13:07
3587,1900,6815300,09:13:07
3587,1400,5021800,09:13:07
3588,100,358800,09:13:06
3587,100,358700,09:13:06
3588,100,358800,09:13:06
3588,100,358800,09:13:05
3588,100,358800,09:13:05
3588,100,358800,09:13:05
3588,100,358800,09:13:05
3588,100,358800,09:13:05
3589,100,358900,09:13:04
3587,1400,5021800,09:13:04
3588,2500,8970000,09:13:04
3589,100,358900,09:13:04
3589,700,2512300,09:13:03
3589,100,358900,09:13:03
3588,100,358800,09:13:03
3590,100,359000,09:13:02
3589,100,358900,09:13:02
3589,500,1794500,09:13:02
3589,200,717800,09:13:02
3589,200,717800,09:13:02
3588,100,358800,09:13:02
3589,700,2512300,09:13:02
3588,300,1076400,09:13:02
3588,500,1794000,09:13:01
3587,300,1076100,09:13:01
3588,1500,5382000,09:13:01
3589,100,358900,09:13:01
3589,200,717800,09:13:01
3589,200,717800,09:13:01
3589,200,717800,09:13:01
3589,100,358900,09:13:01
3589,200,717800,09:13:01
3589,100,358900,09:13:01
3589,400,1435600,09:13:01
3589,900,3230100,09:13:01
3589,2300,8254700,09:13:01
3588,200,717600,09:13:01
3588,300,1076400,09:13:00
3588,900,3229200,09:13:00
3588,100,358800,09:13:00
3588,200,717600,09:13:00
3588,300,1076400,09:13:00
3588,200,717600,09:13:00
3586,700,2510200,09:13:00
3587,3900,13989300,09:13:00
3588,1100,3946800,09:13:00
3589,100,358900,09:13:00
3589,100,358900,09:13:00
3589,200,717800,09:13:00
3589,1900,6819100,09:13:00
3588,100,358800,09:13:00
3587,600,2152200,09:13:00
3588,300,1076400,09:13:00
3588,900,3229200,09:13:00
3589,200,717800,09:13:00
3588,700,2511600,09:13:00
3589,200,717800,09:13:00
3589,200,717800,09:13:00
3589,100,358900,09:13:00
3588,100,358800,09:13:00
3588,600,2152800,09:13:00
3588,100,358800,09:13:00
3589,7900,28353100,09:13:00
3588,100,358800,09:13:00
3588,200,717600,09:13:00
3588,100,358800,09:13:00
3588,300,1076400,09:13:00
3588,300,1076400,09:13:00
3589,300,1076700,09:13:00
3588,400,1435200,09:13:00
3588,2500,8970000,09:13:00
3588,300,1076400,09:13:00
3588,5500,19734000,09:13:00
3587,100,358700,09:13:00
3587,100,358700,09:13:00
3587,200,717400,09:13:00
3587,500,1793500,09:13:00
3587,400,1434800,09:13:00
3587,1500,5380500,09:13:00
3587,1500,5380500,09:13:00
3587,100,358700,09:13:00
3587,100,358700,09:12:59
3587,600,2152200,09:12:59
3587,300,1076100,09:12:58
3587,100,358700,09:12:58
3586,100,358600,09:12:57
3586,200,717200,09:12:57
3586,100,358600,09:12:57
3586,100,358600,09:12:57
3586,300,1075800,09:12:56
3586,100,358600,09:12:56
3586,300,1075800,09:12:56
3586,300,1075800,09:12:56
3586,500,1793000,09:12:56
3586,100,358600,09:12:56
3586,500,1793000,09:12:56
3586,100,358600,09:12:56
3586,100,358600,09:12:56
3586,400,1434400,09:12:56
3585,300,1075500,09:12:56
3584,3400,12185600,09:12:56
3585,100,358500,09:12:56
3586,300,1075800,09:12:55
3585,300,1075500,09:12:55
3585,100,358500,09:12:55
3585,100,358500,09:12:54
3586,200,717200,09:12:54
3585,100,358500,09:12:54
3585,100,358500,09:12:54
3585,100,358500,09:12:54
3585,100,358500,09:12:54
3585,200,717000,09:12:54
3584,100,358400,09:12:54
3585,400,1434000,09:12:54
3585,200,717000,09:12:53
3584,100,358400,09:12:53
3586,1500,5379000,09:12:53
3585,600,2151000,09:12:53
3585,200,717000,09:12:53
3585,100,358500,09:12:53
3585,500,1792500,09:12:52
3585,600,2151000,09:12:52
3585,100,358500,09:12:52
3584,300,1075200,09:12:52
3585,100,358500,09:12:52
3585,400,1434000,09:12:51
3584,200,716800,09:12:51
3584,600,2150400,09:12:51
3585,100,358500,09:12:51
3584,100,358400,09:12:50
3585,200,717000,09:12:50
3585,1100,3943500,09:12:50
3585,800,2868000,09:12:50
3585,200,717000,09:12:49
3585,100,358500,09:12:49
3585,200,717000,09:12:49
3585,100,358500,09:12:48
3585,100,358500,09:12:48
3584,100,358400,09:12:47
3584,100,358400,09:12:47
3584,100,358400,09:12:47
3585,600,2151000,09:12:47
3585,100,358500,09:12:47
3584,100,358400,09:12:46
3584,400,1433600,09:12:46
3584,400,1433600,09:12:46
3584,200,716800,09:12:46
3584,200,716800,09:12:46
3584,200,716800,09:12:46
3584,100,358400,09:12:46
3586,200,717200,09:12:45
3585,200,717000,09:12:45
3585,900,3226500,09:12:45
3585,200,717000,09:12:45
3585,100,358500,09:12:45
3586,100,358600,09:12:45
3586,1200,4303200,09:12:44
3586,100,358600,09:12:44
3586,400,1434400,09:12:44
3586,400,1434400,09:12:44
3586,100,358600,09:12:44
3586,100,358600,09:12:43
3586,100,358600,09:12:43
3586,100,358600,09:12:43
3586,100,358600,09:12:43
3585,100,358500,09:12:43
3585,100,358500,09:12:42
3585,200,717000,09:12:42
3585,100,358500,09:12:42
3584,100,358400,09:12:41
3584,200,716800,09:12:41
3584,1800,6451200,09:12:41
3584,200,716800,09:12:41
3584,200,716800,09:12:41
3585,100,358500,09:12:41
3585,5000,17925000,09:12:41
3585,100,358500,09:12:41
3585,100,358500,09:12:40
3586,1500,5379000,09:12:40
3587,100,358700,09:12:40
3586,200,717200,09:12:40
3586,100,358600,09:12:39
3586,100,358600,09:12:38
3587,100,358700,09:12:38
3586,100,358600,09:12:38
3586,200,717200,09:12:38
3586,400,1434400,09:12:38
3586,400,1434400,09:12:38
3586,400,1434400,09:12:38
3586,300,1075800,09:12:38
3586,1200,4303200,09:12:36
3586,100,358600,09:12:36
3586,200,717200,09:12:36
3587,500,1793500,09:12:36
3587,100,358700,09:12:36
3588,200,717600,09:12:35
3588,200,717600,09:12:35
3588,2100,7534800,09:12:35
3587,100,358700,09:12:35
3587,100,358700,09:12:35
3587,200,717400,09:12:35
3587,200,717400,09:12:35
3587,100,358700,09:12:35
3587,100,358700,09:12:35
3588,500,1794000,09:12:35
3588,600,2152800,09:12:34
3587,1900,6815300,09:12:34
3586,100,358600,09:12:34
3586,100,358600,09:12:34
3587,100,358700,09:12:34
3586,100,358600,09:12:34
3587,100,358700,09:12:33
3587,700,2510900,09:12:33
3586,100,358600,09:12:33
3586,300,1075800,09:12:33
3587,100,358700,09:12:32
3586,100,358600,09:12:32
3587,100,358700,09:12:32
3586,100,358600,09:12:31
3586,100,358600,09:12:31
3587,100,358700,09:12:31
3586,200,717200,09:12:31
3586,300,1075800,09:12:31
3586,100,358600,09:12:31
3586,100,358600,09:12:31
3586,100,358600,09:12:31
3586,100,358600,09:12:31
3586,200,717200,09:12:31
3586,100,358600,09:12:31
3586,100,358600,09:12:31
3586,100,358600,09:12:31
3587,100,358700,09:12:31
3587,300,1076100,09:12:31
3587,100,358700,09:12:31
3587,200,717400,09:12:31
3587,200,717400,09:12:31
3587,200,717400,09:12:31
3587,1100,3945700,09:12:30
3587,100,358700,09:12:30
3587,200,717400,09:12:30
3587,300,1076100,09:12:29
3587,100,358700,09:12:29
3587,300,1076100,09:12:29
3587,100,358700,09:12:28
3586,100,358600,09:12:28
3588,100,358800,09:12:28
3587,100,358700,09:12:28
3587,100,358700,09:12:28
3587,400,1434800,09:12:28
3587,400,1434800,09:12:28
3587,100,358700,09:12:28
3588,100,358800,09:12:27
3587,100,358700,09:12:27
3586,100,358600,09:12:27
3587,100,358700,09:12:27
3587,100,358700,09:12:27
3587,100,358700,09:12:27
3587,2200,7891400,09:12:27
3587,400,1434800,09:12:26
3587,1500,5380500,09:12:26
3585,300,1075500,09:12:25
3586,200,717200,09:12:25
3587,1700,6097900,09:12:25
3586,300,1075800,09:12:25
3585,300,1075500,09:12:25
3586,500,1793000,09:12:25
3586,1100,3944600,09:12:25
3586,700,2510200,09:12:25
3586,100,358600,09:12:25
3587,300,1076100,09:12:25
3586,1900,6813400,09:12:24
3586,100,358600,09:12:24
3587,100,358700,09:12:24
3587,400,1434800,09:12:24
3586,100,358600,09:12:24
3586,700,2510200,09:12:24
3586,800,2868800,09:12:24
3586,100,358600,09:12:23
3586,100,358600,09:12:23
3586,400,1434400,09:12:23
3587,100,358700,09:12:23
3586,100,358600,09:12:22
3586,100,358600,09:12:22
3585,100,358500,09:12:22
3586,100,358600,09:12:22
3586,100,358600,09:12:22
3587,100,358700,09:12:22
3587,700,2510900,09:12:21
3586,100,358600,09:12:21
3586,200,717200,09:12:21
3586,100,358600,09:12:21
3586,200,717200,09:12:21
3586,2600,9323600,09:12:21
3586,300,1075800,09:12:21
3586,1200,4303200,09:12:21
3586,1500,5379000,09:12:21
3586,100,358600,09:12:20
3585,2800,10038000,09:12:20
3585,100,358500,09:12:20
3585,4600,16491000,09:12:20
3585,200,717000,09:12:20
3585,100,358500,09:12:20
3585,100,358500,09:12:20
3585,600,2151000,09:12:20
3585,400,1434000,09:12:20
3585,100,358500,09:12:20
3585,200,717000,09:12:20
3585,100,358500,09:12:19
3585,200,717000,09:12:19
3585,900,3226500,09:12:19
3585,1400,5019000,09:12:19
3585,100,358500,09:12:19
3584,200,716800,09:12:19
3584,100,358400,09:12:19
3585,300,1075500,09:12:18
3584,400,1433600,09:12:18
3584,200,716800,09:12:18
3585,500,1792500,09:12:18
3585,200,717000,09:12:18
3585,300,1075500,09:12:18
3585,300,1075500,09:12:18
3585,300,1075500,09:12:18
3585,300,1075500,09:12:18
3585,300,1075500,09:12:18
3585,300,1075500,09:12:18
3584,100,358400,09:12:17
3585,100,358500,09:12:17
3584,300,1075200,09:12:17
3584,400,1433600,09:12:17
3583,100,358300,09:12:17
3583,100,358300,09:12:17
3584,500,1792000,09:12:16
3583,100,358300,09:12:16
3583,100,358300,09:12:16
3583,1500,5374500,09:12:16
3583,100,358300,09:12:16
3584,1900,6809600,09:12:16
3584,100,358400,09:12:16
3584,200,716800,09:12:16
3584,400,1433600,09:12:16
3584,500,1792000,09:12:16
3583,17900,64135700,09:12:16
3583,400,1433200,09:12:16
3583,2400,8599200,09:12:16
3583,100,358300,09:12:15
3582,300,1074600,09:12:14
3582,100,358200,09:12:14
3583,100,358300,09:12:12
3582,100,358200,09:12:12
3582,200,716400,09:12:12
3582,100,358200,09:12:12
3583,100,358300,09:12:12
3582,100,358200,09:12:11
3582,100,358200,09:12:11
3582,200,716400,09:12:11
3582,300,1074600,09:12:11
3582,300,1074600,09:12:11
3582,300,1074600,09:12:11
3581,100,358100,09:12:11
3581,2100,7520100,09:12:10
3580,100,358000,09:12:10
3581,100,358100,09:12:09
3581,100,358100,09:12:08
3581,2300,8236300,09:12:08
3582,100,358200,09:12:08
3582,300,1074600,09:12:08
3581,100,358100,09:12:07
3581,500,1790500,09:12:07
3581,100,358100,09:12:07
3582,100,358200,09:12:06
3582,100,358200,09:12:06
3582,5400,19342800,09:12:05
3582,100,358200,09:12:05
3581,200,716200,09:12:04
3581,100,358100,09:12:03
3581,200,716200,09:12:03
3581,100,358100,09:12:03
3581,100,358100,09:12:02
3581,200,716200,09:12:02
3581,300,1074300,09:12:02
3580,400,1432000,09:12:01
3580,200,716000,09:12:01
3581,200,716200,09:12:01
3581,2500,8952500,09:12:01
3580,100,358000,09:12:01
3580,500,1790000,09:12:01
3578,100,357800,09:12:01
3579,1400,5010600,09:12:01
3577,1000,3577000,09:12:01
3579,100,357900,09:12:01
3579,100,357900,09:12:01
3578,100,357800,09:12:01
3578,600,2146800,09:12:01
3577,100,357700,09:12:01
3577,100,357700,09:12:01
3578,400,1431200,09:12:01
3579,300,1073700,09:12:01
3577,500,1788500,09:12:00
3578,300,1073400,09:12:00
3578,3700,13238600,09:12:00
3579,100,357900,09:12:00
3579,2300,8231700,09:12:00
3579,100,357900,09:12:00
3580,7200,25776000,09:12:00
3580,1000,3580000,09:12:00
3582,100,358200,09:12:00
3581,1100,3939100,09:12:00
3581,100,358100,09:12:00
3580,100,358000,09:12:00
3580,100,358000,09:11:59
3581,400,1432400,09:11:58
3580,100,358000,09:11:58
3581,100,358100,09:11:58
3581,100,358100,09:11:58
3582,100,358200,09:11:58
3581,1400,5013400,09:11:57
3581,300,1074300,09:11:57
3580,100,358000,09:11:56
3580,200,716000,09:11:56
3581,200,716200,09:11:56
3581,100,358100,09:11:55
3581,100,358100,09:11:55
3582,100,358200,09:11:54
3582,200,716400,09:11:54
3582,1300,4656600,09:11:54
3581,100,358100,09:11:54
3581,200,716200,09:11:54
3581,100,358100,09:11:54
3581,300,1074300,09:11:54
3581,200,716200,09:11:54
3581,100,358100,09:11:54
3581,100,358100,09:11:53
3580,700,2506000,09:11:53
3581,300,1074300,09:11:53
3581,100,358100,09:11:53
3582,200,716400,09:11:52
3582,900,3223800,09:11:52
3581,500,1790500,09:11:52
3580,100,358000,09:11:52
3580,100,358000,09:11:52
3581,400,1432400,09:11:51
3582,100,358200,09:11:51
3581,400,1432400,09:11:51
3581,100,358100,09:11:51
3581,100,358100,09:11:51
3582,100,358200,09:11:51
3582,100,358200,09:11:51
3582,100,358200,09:11:51
3582,200,716400,09:11:51
3582,200,716400,09:11:51
3582,1000,3582000,09:11:51
3582,100,358200,09:11:51
3581,100,358100,09:11:51
3582,100,358200,09:11:51
3581,600,2148600,09:11:51
3582,100,358200,09:11:51
3582,100,358200,09:11:51
3581,300,1074300,09:11:51
3581,600,2148600,09:11:51
3582,200,716400,09:11:51
3582,200,716400,09:11:51
3582,600,2149200,09:11:51
3582,200,716400,09:11:51
3583,100,358300,09:11:51
3582,6000,21492000,09:11:51
3581,2000,7162000,09:11:51
3580,100,358000,09:11:50
3579,400,1431600,09:11:49
3580,2000,7160000,09:11:49
3581,100,358100,09:11:49
3581,500,1790500,09:11:49
3581,500,1790500,09:11:49
3580,6100,21838000,09:11:49
3580,4800,17184000,09:11:49
3580,2400,8592000,09:11:49
3580,15000,53700000,09:11:49
3580,300,1074000,09:11:49
3580,800,2864000,09:11:48
3579,400,1431600,09:11:48
3580,100,358000,09:11:48
3579,200,715800,09:11:48
3579,100,357900,09:11:47
3580,1000,3580000,09:11:47
3580,100,358000,09:11:46
3578,100,357800,09:11:46
3579,800,2863200,09:11:46
3579,100,357900,09:11:46
3579,100,357900,09:11:46
3579,200,715800,09:11:46
3579,200,715800,09:11:46
3578,500,1789000,09:11:46
3579,2500,8947500,09:11:46
3580,600,2148000,09:11:46
3579,1500,5368500,09:11:46
3579,200,715800,09:11:46
3579,100,357900,09:11:46
3579,200,715800,09:11:46
3579,300,1073700,09:11:46
3579,200,715800,09:11:46
3579,100,357900,09:11:46
3579,200,715800,09:11:46
3579,200,715800,09:11:46
3579,1600,5726400,09:11:46
3579,1100,3936900,09:11:46
3579,200,715800,09:11:46
3579,3200,11452800,09:11:46
3578,600,2146800,09:11:46
3579,500,1789500,09:11:45
3579,400,1431600,09:11:45
3578,100,357800,09:11:45
3579,100,357900,09:11:45
3579,200,715800,09:11:45
3579,100,357900,09:11:45
3578,300,1073400,09:11:44
3578,100,357800,09:11:44
3578,200,715600,09:11:44
3578,100,357800,09:11:44
3578,200,715600,09:11:44
3578,100,357800,09:11:43
3578,1000,3578000,09:11:43
3578,500,1789000,09:11:43
3578,200,715600,09:11:43
3579,100,357900,09:11:43
3578,1200,4293600,09:11:43
3578,7800,27908400,09:11:43
3578,100,357800,09:11:42
3577,800,2861600,09:11:42
3576,100,357600,09:11:42
3576,400,1430400,09:11:42
3577,200,715400,09:11:42
3577,200,715400,09:11:42
3577,200,715400,09:11:42
3577,100,357700,09:11:42
3577,200,715400,09:11:42
3576,100,357600,09:11:41
3577,100,357700,09:11:41
3577,200,715400,09:11:41
3576,400,1430400,09:11:41
3577,100,357700,09:11:41
3577,300,1073100,09:11:41
3577,100,357700,09:11:41
3576,200,715200,09:11:41
3576,200,715200,09:11:41
3577,200,715400,09:11:41
3577,100,357700,09:11:41
3576,600,2145600,09:11:41
3577,100,357700,09:11:41
3577,100,357700,09:11:41
3576,200,715200,09:11:41
3577,100,357700,09:11:41
3577,100,357700,09:11:41
3577,100,357700,09:11:41
3577,100,357700,09:11:41
3576,2000,7152000,09:11:41
3576,200,715200,09:11:41
3577,200,715400,09:11:41
3577,100,357700,09:11:41
3577,100,357700,09:11:41
3577,8600,30762200,09:11:41
3577,6800,24323600,09:11:41
3577,600,2146200,09:11:41
3576,1600,5721600,09:11:41
3575,100,357500,09:11:40
3576,100,357600,09:11:40
3575,100,357500,09:11:40
3575,100,357500,09:11:40
3575,200,715000,09:11:40
3575,600,2145000,09:11:39
3574,100,357400,09:11:39
3575,1100,3932500,09:11:39
3575,900,3217500,09:11:39
3575,200,715000,09:11:39
3575,100,357500,09:11:39
3575,300,1072500,09:11:39
3575,300,1072500,09:11:39
3575,300,1072500,09:11:39
3576,300,1072800,09:11:37
3575,200,715000,09:11:37
3575,300,1072500,09:11:37
3577,200,715400,09:11:37
3576,100,357600,09:11:37
3575,100,357500,09:11:37
3575,100,357500,09:11:37
3576,200,715200,09:11:37
3576,100,357600,09:11:37
3576,200,715200,09:11:36
3576,100,357600,09:11:36
3576,400,1430400,09:11:36
3576,300,1072800,09:11:36
3576,200,715200,09:11:36
3576,200,715200,09:11:36
3576,100,357600,09:11:36
3576,100,357600,09:11:36
3576,100,357600,09:11:36
3576,100,357600,09:11:36
3576,300,1072800,09:11:36
3576,200,715200,09:11:36
3575,100,357500,09:11:36
3577,200,715400,09:11:36
3576,100,357600,09:11:35
3577,100,357700,09:11:35
3577,500,1788500,09:11:35
3576,100,357600,09:11:35
3576,100,357600,09:11:35
3576,300,1072800,09:11:35
3576,100,357600,09:11:35
3577,100,357700,09:11:35
3577,100,357700,09:11:34
3576,100,357600,09:11:34
3576,400,1430400,09:11:33
3576,100,357600,09:11:33
3576,400,1430400,09:11:33
3576,300,1072800,09:11:33
3575,500,1787500,09:11:33
3575,100,357500,09:11:32
3574,200,714800,09:11:32
3574,100,357400,09:11:32
3574,600,2144400,09:11:32
3575,3300,11797500,09:11:32
3575,1000,3575000,09:11:32
3575,100,357500,09:11:32
3576,100,357600,09:11:32
3576,600,2145600,09:11:31
3576,1100,3933600,09:11:31
3576,400,1430400,09:11:31
3576,300,1072800,09:11:31
3576,500,1788000,09:11:31
3576,2200,7867200,09:11:31
3576,100,357600,09:11:31
3576,500,1788000,09:11:31
3576,1000,3576000,09:11:31
3575,100,357500,09:11:30
3576,200,715200,09:11:30
3575,100,357500,09:11:30
3576,200,715200,09:11:29
3575,200,715000,09:11:29
3576,300,1072800,09:11:29
3576,100,357600,09:11:28
3575,100,357500,09:11:28
3575,5400,19305000,09:11:28
3574,100,357400,09:11:27
3574,300,1072200,09:11:27
3574,200,714800,09:11:26
3574,100,357400,09:11:26
3573,100,357300,09:11:25
3574,500,1787000,09:11:24
3572,100,357200,09:11:24
3573,900,3215700,09:11:23
3572,100,357200,09:11:22
3572,400,1428800,09:11:22
3572,200,714400,09:11:21
3572,200,714400,09:11:21
3572,100,357200,09:11:21
3572,100,357200,09:11:21
3572,100,357200,09:11:20
3573,1400,5002200,09:11:20
3572,800,2857600,09:11:20
3570,100,357000,09:11:20
3572,100,357200,09:11:19
3571,100,357100,09:11:19
3571,200,714200,09:11:18
3571,1100,3928100,09:11:18
3571,1400,4999400,09:11:18
3571,200,714200,09:11:18
3571,200,714200,09:11:18
3571,100,357100,09:11:18
3571,200,714200,09:11:18
3571,300,1071300,09:11:17
3571,300,1071300,09:11:16
3572,200,714400,09:11:16
3572,400,1428800,09:11:16
3573,100,357300,09:11:16
3573,200,714600,09:11:16
3573,1100,3930300,09:11:15
3574,600,2144400,09:11:15
3574,100,357400,09:11:15
3574,100,357400,09:11:15
3573,100,357300,09:11:15
3574,200,714800,09:11:14
3573,100,357300,09:11:13
3573,100,357300,09:11:13
3573,100,357300,09:11:13
3573,200,714600,09:11:13
3573,100,357300,09:11:12
3573,100,357300,09:11:12
3574,100,357400,09:11:12
3573,100,357300,09:11:12
3573,200,714600,09:11:12
3574,1000,3574000,09:11:11
3573,1300,4644900,09:11:11
3573,100,357300,09:11:11
3574,100,357400,09:11:10
3574,100,357400,09:11:10
3574,100,357400,09:11:10
3575,200,715000,09:11:10
3574,400,1429600,09:11:10
3574,200,714800,09:11:10
3574,100,357400,09:11:10
3573,100,357300,09:11:09
3574,100,357400,09:11:09
3574,200,714800,09:11:09
3574,200,714800,09:11:09
3574,500,1787000,09:11:09
3574,500,1787000,09:11:09
3573,100,357300,09:11:08
3574,200,714800,09:11:08
3574,300,1072200,09:11:08
3574,200,714800,09:11:08
3573,500,1786500,09:11:07
3573,100,357300,09:11:07
3574,100,357400,09:11:07
3574,200,714800,09:11:07
3574,100,357400,09:11:07
3573,300,1071900,09:11:07
3573,300,1071900,09:11:07
3573,500,1786500,09:11:06
3573,100,357300,09:11:06
3572,200,714400,09:11:06
3571,100,357100,09:11:06
3572,100,357200,09:11:06
3572,100,357200,09:11:06
3572,100,357200,09:11:06
3572,200,714400,09:11:06
3573,100,357300,09:11:06
3573,100,357300,09:11:06
3574,100,357400,09:11:05
3573,200,714600,09:11:05
3572,100,357200,09:11:05
3573,100,357300,09:11:05
3573,100,357300,09:11:05
3573,100,357300,09:11:05
3573,300,1071900,09:11:05
3573,100,357300,09:11:05
3574,2000,7148000,09:11:05
3573,2800,10004400,09:11:05
3572,200,714400,09:11:05
3572,500,1786000,09:11:05
3573,100,357300,09:11:05
3572,100,357200,09:11:05
3572,300,1071600,09:11:05
3572,300,1071600,09:11:05
3571,2000,7142000,09:11:05
3572,500,1786000,09:11:05
3573,700,2501100,09:11:05
3574,100,357400,09:11:05
3573,200,714600,09:11:05
3574,500,1787000,09:11:05
3575,100,357500,09:11:05
3575,200,715000,09:11:05
3575,100,357500,09:11:05
3575,100,357500,09:11:05
3575,700,2502500,09:11:05
3575,11000,39325000,09:11:05
3574,200,714800,09:11:05
3574,6300,22516200,09:11:05
3574,100,357400,09:11:05
3573,300,1071900,09:11:04
3573,2600,9289800,09:11:04
3573,1700,6074100,09:11:04
3572,4300,15359600,09:11:04
3571,200,714200,09:11:04
3571,2000,7142000,09:11:04
3570,100,357000,09:11:04
3570,300,1071000,09:11:04
3571,1200,4285200,09:11:04
3570,1800,6426000,09:11:04
3568,800,2854400,09:11:04
3568,200,713600,09:11:04
3569,200,713800,09:11:04
3569,500,1784500,09:11:04
3569,500,1784500,09:11:04
3569,300,1070700,09:11:04
3570,100,357000,09:11:03
3568,600,2140800,09:11:03
3569,300,1070700,09:11:03
3568,100,356800,09:11:03
3569,100,356900,09:11:03
3570,4400,15708000,09:11:03
3569,200,713800,09:11:03
3569,3100,11063900,09:11:03
3568,1300,4638400,09:11:03
3567,100,356700,09:11:03
3567,100,356700,09:11:03
3567,100,356700,09:11:03
3567,100,356700,09:11:03
3567,100,356700,09:11:03
3567,500,1783500,09:11:03
3568,200,713600,09:11:02
3568,200,713600,09:11:02
3568,1800,6422400,09:11:02
3567,100,356700,09:11:02
3567,200,713400,09:11:02
3567,100,356700,09:11:02
3569,600,2141400,09:11:02
3568,3500,12488000,09:11:02
3567,400,1426800,09:11:02
3566,300,1069800,09:11:02
3566,100,356600,09:11:02
3567,1000,3567000,09:11:01
3567,300,1070100,09:11:01
3567,400,1426800,09:11:01
3567,600,2140200,09:11:01
3567,1000,3567000,09:11:01
3567,700,2496900,09:11:01
3567,100,356700,09:11:01
3568,100,356800,09:11:01
3567,100,356700,09:11:00
3569,100,356900,09:11:00
3568,100,356800,09:11:00
3568,100,356800,09:11:00
3568,100,356800,09:11:00
3568,300,1070400,09:11:00
3568,400,1427200,09:11:00
3568,400,1427200,09:11:00
3568,400,1427200,09:11:00
3568,300,1070400,09:11:00
3568,200,713600,09:10:59
3569,100,356900,09:10:59
3568,2200,7849600,09:10:59
3568,100,356800,09:10:59
3569,200,713800,09:10:58
3568,300,1070400,09:10:58
3568,100,356800,09:10:58
3568,100,356800,09:10:58
3567,200,713400,09:10:58
3568,200,713600,09:10:58
3568,900,3211200,09:10:58
3568,200,713600,09:10:58
3568,300,1070400,09:10:58
3568,200,713600,09:10:58
3568,800,2854400,09:10:58
3568,200,713600,09:10:58
3568,200,713600,09:10:58
3568,200,713600,09:10:58
3568,100,356800,09:10:58
3568,200,713600,09:10:58
3568,300,1070400,09:10:58
3569,300,1070700,09:10:56
3569,100,356900,09:10:56
3569,300,1070700,09:10:56
3569,100,356900,09:10:56
3569,200,713800,09:10:55
3569,200,713800,09:10:55
3569,200,713800,09:10:55
3569,200,713800,09:10:55
3569,200,713800,09:10:55
3569,100,356900,09:10:55
3569,600,2141400,09:10:55
3570,100,357000,09:10:55
3570,200,714000,09:10:55
3569,1600,5710400,09:10:54
3569,200,713800,09:10:54
3569,100,356900,09:10:54
3569,100,356900,09:10:53
3568,200,713600,09:10:52
3568,100,356800,09:10:51
3568,100,356800,09:10:50
3568,200,713600,09:10:50
3568,100,356800,09:10:50
3568,100,356800,09:10:49
3568,100,356800,09:10:49
3568,100,356800,09:10:48
3568,100,356800,09:10:48
3568,100,356800,09:10:48
3568,100,356800,09:10:48
3568,100,356800,09:10:48
3567,200,713400,09:10:47
3567,300,1070100,09:10:47
3567,100,356700,09:10:47
3567,100,356700,09:10:47
3567,100,356700,09:10:47
3567,300,1070100,09:10:47
3567,100,356700,09:10:46
3568,100,356800,09:10:46
3568,100,356800,09:10:45
3568,800,2854400,09:10:44
3568,300,1070400,09:10:44
3568,1500,5352000,09:10:44
3568,100,356800,09:10:44
3569,100,356900,09:10:44
3569,200,713800,09:10:44
3569,200,713800,09:10:44
3569,700,2498300,09:10:44
3569,100,356900,09:10:44
3570,200,714000,09:10:44
3570,200,714000,09:10:44
3570,200,714000,09:10:44
3570,200,714000,09:10:44
3569,100,356900,09:10:43
3569,1300,4639700,09:10:43
3569,200,713800,09:10:43
3570,2600,9282000,09:10:43
3571,100,357100,09:10:43
3571,100,357100,09:10:43
3571,200,714200,09:10:42
3571,600,2142600,09:10:42
3571,100,357100,09:10:42
3571,100,357100,09:10:42
3571,100,357100,09:10:42
3571,100,357100,09:10:42
3571,100,357100,09:10:41
3572,100,357200,09:10:41
3571,700,2499700,09:10:41
3571,100,357100,09:10:41
3570,100,357000,09:10:41
3571,300,1071300,09:10:41
3571,1200,4285200,09:10:41
3571,2400,8570400,09:10:41
3571,300,1071300,09:10:41
3571,1700,6070700,09:10:41
3571,100,357100,09:10:41
3571,200,714200,09:10:40
3570,200,714000,09:10:40
3570,200,714000,09:10:40
3569,200,713800,09:10:39
3570,200,714000,09:10:39
3569,200,713800,09:10:39
3569,100,356900,09:10:39
3570,300,1071000,09:10:38
3570,100,357000,09:10:38
3570,200,714000,09:10:38
3570,1700,6069000,09:10:38
3570,100,357000,09:10:38
3570,100,357000,09:10:38
3570,100,357000,09:10:38
3570,2700,9639000,09:10:38
3570,4000,14280000,09:10:38
3570,1700,6069000,09:10:38
3570,100,357000,09:10:38
3570,100,357000,09:10:38
3570,4400,15708000,09:10:38
3569,4800,17131200,09:10:38
3569,200,713800,09:10:38
3569,400,1427600,09:10:38
3569,1200,4282800,09:10:38
3570,200,714000,09:10:37
3570,600,2142000,09:10:36
3569,200,713800,09:10:35
3568,100,356800,09:10:34
3570,100,357000,09:10:34
3569,200,713800,09:10:34
3569,100,356900,09:10:34
3569,300,1070700,09:10:34
3568,100,356800,09:10:34
3569,100,356900,09:10:33
3568,700,2497600,09:10:32
3569,500,1784500,09:10:32
3569,300,1070700,09:10:32
3568,100,356800,09:10:31
3568,100,356800,09:10:31
3569,100,356900,09:10:30
3569,100,356900,09:10:30
3569,100,356900,09:10:30
3570,100,357000,09:10:30
3569,100,356900,09:10:30
3569,200,713800,09:10:30
3569,100,356900,09:10:30
3568,1400,4995200,09:10:30
3569,500,1784500,09:10:30
3569,1900,6781100,09:10:30
3570,1300,4641000,09:10:30
3570,200,714000,09:10:30
3570,1100,3927000,09:10:30
3569,800,2855200,09:10:29
3569,100,356900,09:10:29
3569,100,356900,09:10:29
3569,200,713800,09:10:29
3568,200,713600,09:10:28
3569,100,356900,09:10:28
3569,500,1784500,09:10:28
3569,100,356900,09:10:28
3569,100,356900,09:10:28
3568,100,356800,09:10:28
3568,100,356800,09:10:27
3569,100,356900,09:10:27
3569,200,713800,09:10:27
3569,100,356900,09:10:27
3569,100,356900,09:10:27
3569,600,2141400,09:10:27
3568,200,713600,09:10:27
3568,100,356800,09:10:27
3568,100,356800,09:10:27
3568,100,356800,09:10:26
3568,100,356800,09:10:26
3567,100,356700,09:10:26
3568,100,356800,09:10:26
3567,100,356700,09:10:25
3568,300,1070400,09:10:25
3568,100,356800,09:10:25
3568,100,356800,09:10:25
3568,100,356800,09:10:25
3568,100,356800,09:10:24
3568,100,356800,09:10:24
3569,100,356900,09:10:24
3568,100,356800,09:10:24
3568,100,356800,09:10:24
3568,100,356800,09:10:23
3567,1000,3567000,09:10:23
3568,100,356800,09:10:23
3568,100,356800,09:10:23
3568,200,713600,09:10:21
3568,100,356800,09:10:21
3568,100,356800,09:10:19
3568,700,2497600,09:10:18
3569,300,1070700,09:10:18
3569,200,713800,09:10:18
3569,1200,4282800,09:10:18
3569,2600,9279400,09:10:18
3568,200,713600,09:10:17
3568,3400,12131200,09:10:17
3567,2100,7490700,09:10:17
3566,200,713200,09:10:17
3566,100,356600,09:10:16
3566,100,356600,09:10:16
3566,100,356600,09:10:16
3566,100,356600,09:10:16
3566,100,356600,09:10:16
3566,100,356600,09:10:15
3567,300,1070100,09:10:15
3567,100,356700,09:10:15
3566,500,1783000,09:10:14
3566,200,713200,09:10:14
3566,200,713200,09:10:14
3566,100,356600,09:10:14
3565,200,713000,09:10:14
3565,100,356500,09:10:14
3565,100,356500,09:10:14
3566,100,356600,09:10:14
3565,100,356500,09:10:14
3565,100,356500,09:10:13
3564,200,712800,09:10:12
3565,400,1426000,09:10:12
3564,100,356400,09:10:12
3565,100,356500,09:10:11
3565,100,356500,09:10:11
3563,100,356300,09:10:09
3564,200,712800,09:10:09
3565,100,356500,09:10:09
3564,200,712800,09:10:09
3564,100,356400,09:10:09
3564,700,2494800,09:10:09
3564,300,1069200,09:10:09
3564,100,356400,09:10:09
3564,100,356400,09:10:08
3564,400,1425600,09:10:08
3565,200,713000,09:10:08
3565,200,713000,09:10:08
3565,100,356500,09:10:08
3565,400,1426000,09:10:08
3565,200,713000,09:10:08
3565,200,713000,09:10:08
3565,100,356500,09:10:07
3565,100,356500,09:10:07
3565,100,356500,09:10:07
3565,200,713000,09:10:07
3565,200,713000,09:10:07
3564,100,356400,09:10:07
3565,100,356500,09:10:07
3565,100,356500,09:10:07
3566,100,356600,09:10:07
3565,100,356500,09:10:07
3566,100,356600,09:10:07
3566,400,1426400,09:10:06
3566,300,1069800,09:10:06
3565,1000,3565000,09:10:06
3566,100,356600,09:10:06
3566,100,356600,09:10:06
3566,100,356600,09:10:06
3566,100,356600,09:10:06
3566,100,356600,09:10:06
3566,100,356600,09:10:06
3566,100,356600,09:10:06
3566,100,356600,09:10:06
3566,100,356600,09:10:06
3566,200,713200,09:10:06
3566,100,356600,09:10:06
3566,100,356600,09:10:05
3566,100,356600,09:10:05
3565,400,1426000,09:10:05
3565,100,356500,09:10:05
3565,2100,7486500,09:10:04
3566,200,713200,09:10:04
3566,100,356600,09:10:04
3566,500,1783000,09:10:04
3566,100,356600,09:10:04
3566,100,356600,09:10:03
3567,100,356700,09:10:03
3567,2100,7490700,09:10:03
3567,100,356700,09:10:03
3566,400,1426400,09:10:02
3566,300,1069800,09:10:02
3566,300,1069800,09:10:02
3567,200,713400,09:10:02
3567,100,356700,09:10:02
3567,100,356700,09:10:02
3567,300,1070100,09:10:02
3568,200,713600,09:10:02
3568,300,1070400,09:10:02
3567,300,1070100,09:10:01
3567,100,356700,09:10:01
3568,200,713600,09:10:00
3567,300,1070100,09:10:00
3567,100,356700,09:10:00
3566,900,3209400,09:10:00
3567,1000,3567000,09:10:00
3567,100,356700,09:10:00
3567,100,356700,09:09:59
3566,200,713200,09:09:59
3566,400,1426400,09:09:59
3566,200,713200,09:09:57
3566,100,356600,09:09:57
3567,100,356700,09:09:57
3567,100,356700,09:09:57
3567,100,356700,09:09:56
3568,100,356800,09:09:56
3568,100,356800,09:09:56
3568,600,2140800,09:09:56
3566,100,356600,09:09:56
3567,400,1426800,09:09:56
3567,200,713400,09:09:56
3568,200,713600,09:09:55
3567,500,1783500,09:09:55
3568,300,1070400,09:09:55
3567,100,356700,09:09:54
3568,100,356800,09:09:54
3567,100,356700,09:09:54
3567,100,356700,09:09:54
3567,100,356700,09:09:54
3567,300,1070100,09:09:54
3568,500,1784000,09:09:54
3567,900,3210300,09:09:54
3568,1300,4638400,09:09:54
3570,100,357000,09:09:54
3569,100,356900,09:09:54
3569,300,1070700,09:09:53
3569,200,713800,09:09:53
3569,400,1427600,09:09:53
3569,300,1070700,09:09:53
3570,200,714000,09:09:53
3569,2500,8922500,09:09:53
3569,300,1070700,09:09:53
3569,4500,16060500,09:09:53
3568,100,356800,09:09:53
3568,100,356800,09:09:53
3569,100,356900,09:09:53
3568,8200,29257600,09:09:53
3568,3400,12131200,09:09:53
3567,3800,13554600,09:09:53
3566,300,1069800,09:09:53
3566,100,356600,09:09:53
3566,200,713200,09:09:53
3566,200,713200,09:09:53
3566,200,713200,09:09:53
3566,200,713200,09:09:52
3565,200,713000,09:09:52
3566,100,356600,09:09:51
3566,100,356600,09:09:51
3566,1800,6418800,09:09:51
3566,300,1069800,09:09:51
3565,200,713000,09:09:51
3565,1600,5704000,09:09:49
3564,300,1069200,09:09:49
3564,100,356400,09:09:49
3564,600,2138400,09:09:49
3564,500,1782000,09:09:47
3565,200,713000,09:09:46
3564,100,356400,09:09:46
3563,100,356300,09:09:46
3563,200,712600,09:09:45
3562,100,356200,09:09:45
3562,300,1068600,09:09:44
3562,300,1068600,09:09:43
3562,100,356200,09:09:43
3562,1000,3562000,09:09:43
3561,200,712200,09:09:42
3561,200,712200,09:09:39
3562,400,1424800,09:09:39
3561,100,356100,09:09:39
3562,100,356200,09:09:39
3561,300,1068300,09:09:38
3562,400,1424800,09:09:37
3561,800,2848800,09:09:37
3562,200,712400,09:09:37
3562,1000,3562000,09:09:37
3563,100,356300,09:09:36
3562,600,2137200,09:09:36
3562,300,1068600,09:09:36
3563,100,356300,09:09:36
3563,300,1068900,09:09:35
3563,200,712600,09:09:35
3563,1000,3563000,09:09:35
3564,700,2494800,09:09:35
3565,600,2139000,09:09:35
3566,100,356600,09:09:35
3566,3300,11767800,09:09:35
3566,200,713200,09:09:35
3565,4700,16755500,09:09:35
3565,200,713000,09:09:35
3565,6000,21390000,09:09:35
3565,100,356500,09:09:35
3564,900,3207600,09:09:34
3564,700,2494800,09:09:34
3564,1100,3920400,09:09:34
3563,700,2494100,09:09:34
3563,300,1068900,09:09:34
3563,300,1068900,09:09:34
3562,1400,4986800,09:09:34
3563,700,2494100,09:09:34
3564,600,2138400,09:09:34
3564,5400,19245600,09:09:34
3564,300,1069200,09:09:34
3563,100,356300,09:09:34
3563,100,356300,09:09:34
3563,6800,24228400,09:09:34
3562,300,1068600,09:09:34
3562,9900,35263800,09:09:34
3561,300,1068300,09:09:34
3561,300,1068300,09:09:34
3562,6500,23153000,09:09:34
3561,700,2492700,09:09:34
3560,100,356000,09:09:33
3560,100,356000,09:09:33
3560,100,356000,09:09:33
3560,100,356000,09:09:33
3560,100,356000,09:09:33
3560,200,712000,09:09:33
3560,100,356000,09:09:33
3561,200,712200,09:09:32
3561,200,712200,09:09:31
3560,300,1068000,09:09:30
3560,100,356000,09:09:30
3561,100,356100,09:09:30
3561,100,356100,09:09:30
3561,100,356100,09:09:30
3561,100,356100,09:09:30
3561,100,356100,09:09:30
3561,100,356100,09:09:30
3561,100,356100,09:09:30
3561,100,356100,09:09:30
3561,200,712200,09:09:30
3561,200,712200,09:09:29
3561,200,712200,09:09:29
3560,100,356000,09:09:28
3561,500,1780500,09:09:28
3561,3300,11751300,09:09:28
3561,3000,10683000,09:09:28
3560,200,712000,09:09:27
3560,2700,9612000,09:09:27
3560,200,712000,09:09:27
3560,300,1068000,09:09:27
3559,200,711800,09:09:26
3559,1500,5338500,09:09:26
3559,100,355900,09:09:26
3559,100,355900,09:09:26
3559,200,711800,09:09:26
3559,100,355900,09:09:26
3559,100,355900,09:09:26
3559,100,355900,09:09:26
3559,100,355900,09:09:26
3559,100,355900,09:09:26
3559,100,355900,09:09:26
3560,400,1424000,09:09:25
3559,100,355900,09:09:25
3560,800,2848000,09:09:25
3560,200,712000,09:09:24
3560,400,1424000,09:09:24
3560,100,356000,09:09:24
3560,500,1780000,09:09:23
3560,1500,5340000,09:09:23
3560,400,1424000,09:09:22
3560,100,356000,09:09:22
3559,100,355900,09:09:21
3560,200,712000,09:09:21
3559,100,355900,09:09:20
3560,100,356000,09:09:20
3560,100,356000,09:09:20
3560,200,712000,09:09:20
3559,100,355900,09:09:19
3560,500,1780000,09:09:19
3560,500,1780000,09:09:19
3559,100,355900,09:09:18
3559,200,711800,09:09:18
3559,1000,3559000,09:09:17
3560,200,712000,09:09:17
3560,100,356000,09:09:16
3559,100,355900,09:09:16
3560,100,356000,09:09:16
3558,100,355800,09:09:15
3560,200,712000,09:09:15
3560,500,1780000,09:09:15
3559,100,355900,09:09:15
3560,1100,3916000,09:09:15
3560,300,1068000,09:09:15
3560,5000,17800000,09:09:15
3559,100,355900,09:09:15
3558,200,711600,09:09:14
3558,100,355800,09:09:14
3558,100,355800,09:09:14
3558,100,355800,09:09:14
3558,200,711600,09:09:14
3558,100,355800,09:09:14
3558,500,1779000,09:09:14
3558,100,355800,09:09:14
3559,1400,4982600,09:09:14
3559,1900,6762100,09:09:14
3558,2000,7116000,09:09:14
3558,300,1067400,09:09:13
3557,100,355700,09:09:13
3557,100,355700,09:09:13
3556,200,711200,09:09:12
3556,100,355600,09:09:12
3556,100,355600,09:09:12
3557,1300,4624100,09:09:12
3557,200,711400,09:09:12
3557,200,711400,09:09:12
3557,100,355700,09:09:11
3557,100,355700,09:09:11
3557,100,355700,09:09:11
3556,200,711200,09:09:09
3557,400,1422800,09:09:09
3556,200,711200,09:09:08
3556,100,355600,09:09:08
3556,100,355600,09:09:08
3556,100,355600,09:09:08
3557,100,355700,09:09:08
3557,100,355700,09:09:08
3557,200,711400,09:09:08
3557,100,355700,09:09:08
3558,300,1067400,09:09:08
3557,100,355700,09:09:07
3557,100,355700,09:09:06
3557,100,355700,09:09:06
3556,100,355600,09:09:06
3557,400,1422800,09:09:06
3557,100,355700,09:09:06
3557,300,1067100,09:09:05
3556,200,711200,09:09:05
3557,200,711400,09:09:05
3557,100,355700,09:09:05
3557,100,355700,09:09:03
3557,400,1422800,09:09:03
3557,200,711400,09:09:03
3557,100,355700,09:09:03
3556,100,355600,09:09:01
3557,100,355700,09:09:01
3557,100,355700,09:09:01
3557,100,355700,09:09:01
3557,100,355700,09:09:01
3557,100,355700,09:09:01
3557,100,355700,09:09:01
3557,100,355700,09:09:01
3557,400,1422800,09:09:00
3557,100,355700,09:09:00
3557,100,355700,09:09:00
3557,100,355700,09:09:00
3557,100,355700,09:09:00
3557,100,355700,09:09:00
3557,1800,6402600,09:09:00
3558,100,355800,09:09:00
3558,100,355800,09:09:00
3558,100,355800,09:09:00
3558,100,355800,09:09:00
3557,100,355700,09:09:00
3558,100,355800,09:09:00
3558,100,355800,09:08:58
3558,100,355800,09:08:58
3558,100,355800,09:08:58
3558,100,355800,09:08:58
3558,2800,9962400,09:08:58
3557,700,2489900,09:08:58
3556,600,2133600,09:08:58
3555,200,711000,09:08:58
3556,300,1066800,09:08:58
3557,100,355700,09:08:58
3556,100,355600,09:08:58
3556,300,1066800,09:08:58
3556,3400,12090400,09:08:58
3556,8700,30937200,09:08:58
3556,2700,9601200,09:08:58
3556,4600,16357600,09:08:58
3557,600,2134200,09:08:58
3557,100,355700,09:08:57
3557,200,711400,09:08:57
3557,900,3201300,09:08:57
3556,100,355600,09:08:56
3556,400,1422400,09:08:53
3557,200,711400,09:08:52
3557,1500,5335500,09:08:52
3557,400,1422800,09:08:52
3558,1000,3558000,09:08:52
3558,3800,13520400,09:08:52
3557,1100,3912700,09:08:52
3556,300,1066800,09:08:52
3557,100,355700,09:08:50
3556,400,1422400,09:08:49
3556,600,2133600,09:08:49
3556,500,1778000,09:08:49
3556,900,3200400,09:08:49
3556,100,355600,09:08:49
3557,200,711400,09:08:48
3557,200,711400,09:08:45
3556,100,355600,09:08:45
3557,200,711400,09:08:45
3557,200,711400,09:08:45
3558,400,1423200,09:08:44
3557,100,355700,09:08:43
3557,100,355700,09:08:43
3556,100,355600,09:08:41
3556,100,355600,09:08:41
3556,100,355600,09:08:41
3557,200,711400,09:08:40
3557,200,711400,09:08:40
3556,100,355600,09:08:40
3556,100,355600,09:08:40
3556,300,1066800,09:08:39
3556,100,355600,09:08:39
3555,100,355500,09:08:38
3556,100,355600,09:08:38
3556,100,355600,09:08:38
3557,100,355700,09:08:38
3557,800,2845600,09:08:38
3556,200,711200,09:08:37
3556,800,2844800,09:08:37
3556,100,355600,09:08:37
3555,100,355500,09:08:37
3556,200,711200,09:08:37
3556,100,355600,09:08:37
3556,100,355600,09:08:37
3556,100,355600,09:08:37
3555,200,711000,09:08:37
3555,200,711000,09:08:37
3555,300,1066500,09:08:37
3555,100,355500,09:08:37
3555,100,355500,09:08:37
3555,100,355500,09:08:37
3555,100,355500,09:08:37
3554,300,1066200,09:08:37
3555,100,355500,09:08:36
3555,100,355500,09:08:36
3555,100,355500,09:08:36
3555,1200,4266000,09:08:36
3554,100,355400,09:08:35
3555,200,711000,09:08:35
3556,200,711200,09:08:35
3555,600,2133000,09:08:35
3554,100,355400,09:08:34
3555,200,711000,09:08:34
3556,300,1066800,09:08:34
3557,200,711400,09:08:34
3556,500,1778000,09:08:34
3556,1600,5689600,09:08:34
3555,100,355500,09:08:34
3555,300,1066500,09:08:33
3554,200,710800,09:08:33
3555,200,711000,09:08:33
3555,200,711000,09:08:32
3555,200,711000,09:08:32
3554,800,2843200,09:08:32
3553,100,355300,09:08:31
3553,100,355300,09:08:31
3553,100,355300,09:08:31
3553,100,355300,09:08:31
3553,100,355300,09:08:30
3553,200,710600,09:08:30
3553,100,355300,09:08:30
3553,100,355300,09:08:30
3553,100,355300,09:08:30
3553,300,1065900,09:08:30
3553,600,2131800,09:08:30
3553,400,1421200,09:08:29
3554,100,355400,09:08:29
3553,100,355300,09:08:29
3554,300,1066200,09:08:28
3555,100,355500,09:08:28
3556,400,1422400,09:08:28
3556,100,355600,09:08:28
3556,300,1066800,09:08:27
3556,400,1422400,09:08:27
3556,100,355600,09:08:27
3556,100,355600,09:08:27
3555,100,355500,09:08:26
3556,900,3200400,09:08:25
3556,100,355600,09:08:25
3557,100,355700,09:08:25
3557,100,355700,09:08:25
3557,200,711400,09:08:25
3557,500,1778500,09:08:25
3556,300,1066800,09:08:25
3556,100,355600,09:08:25
3555,100,355500,09:08:24
3555,100,355500,09:08:24
3555,100,355500,09:08:23
3555,600,2133000,09:08:23
3555,100,355500,09:08:23
3556,500,1778000,09:08:23
3556,200,711200,09:08:23
3556,100,355600,09:08:23
3556,100,355600,09:08:23
3556,500,1778000,09:08:23
3557,100,355700,09:08:23
3558,100,355800,09:08:23
3557,100,355700,09:08:23
3557,100,355700,09:08:23
3557,200,711400,09:08:23
3557,100,355700,09:08:23
3556,100,355600,09:08:23
3558,5100,18145800,09:08:23
3557,600,2134200,09:08:23
3556,100,355600,09:08:23
3555,200,711000,09:08:23
3556,100,355600,09:08:23
3556,100,355600,09:08:23
3556,200,711200,09:08:23
3556,100,355600,09:08:23
3556,100,355600,09:08:23
3556,100,355600,09:08:23
3556,500,1778000,09:08:23
3556,1900,6756400,09:08:23
3555,300,1066500,09:08:23
3555,2400,8532000,09:08:23
3554,1200,4264800,09:08:23
3553,2000,7106000,09:08:23
3551,700,2485700,09:08:23
3551,300,1065300,09:08:23
3552,300,1065600,09:08:23
3552,1200,4262400,09:08:23
3551,100,355100,09:08:22
3551,100,355100,09:08:22
3551,400,1420400,09:08:22
3551,900,3195900,09:08:22
3550,100,355000,09:08:22
3550,100,355000,09:08:22
3550,500,1775000,09:08:22
3550,200,710000,09:08:22
3550,300,1065000,09:08:22
3550,100,355000,09:08:22
3550,100,355000,09:08:22
3550,200,710000,09:08:22
3550,600,2130000,09:08:22
3550,200,710000,09:08:22
3551,200,710200,09:08:21
3551,400,1420400,09:08:21
3551,100,355100,09:08:21
3551,100,355100,09:08:21
3551,3400,12073400,09:08:21
3551,100,355100,09:08:21
3552,100,355200,09:08:21
3552,100,355200,09:08:21
3552,100,355200,09:08:21
3551,2000,7102000,09:08:21
3552,200,710400,09:08:21
3552,600,2131200,09:08:20
3552,1400,4972800,09:08:20
3552,200,710400,09:08:20
3552,100,355200,09:08:20
3552,300,1065600,09:08:20
3552,100,355200,09:08:20
3552,200,710400,09:08:19
3553,200,710600,09:08:19
3554,100,355400,09:08:19
3553,200,710600,09:08:19
3553,6400,22739200,09:08:18
3553,100,355300,09:08:18
3553,100,355300,09:08:18
3553,200,710600,09:08:18
3554,100,355400,09:08:16
3554,1000,3554000,09:08:16
3555,7900,28084500,09:08:16
3555,200,711000,09:08:16
3556,500,1778000,09:08:16
3556,500,1778000,09:08:16
3557,100,355700,09:08:16
3557,400,1422800,09:08:15
3557,2000,7114000,09:08:15
3558,100,355800,09:08:14
3559,100,355900,09:08:14
3558,100,355800,09:08:14
3558,100,355800,09:08:14
3558,100,355800,09:08:12
3558,1100,3913800,09:08:12
3559,2200,7829800,09:08:12
3559,200,711800,09:08:11
3559,200,711800,09:08:11
3559,200,711800,09:08:11
3559,200,711800,09:08:10
3559,200,711800,09:08:10
3560,1100,3916000,09:08:09
3559,100,355900,09:08:09
3559,200,711800,09:08:09
3558,200,711600,09:08:07
3559,100,355900,09:08:07
3558,200,711600,09:08:06
3559,300,1067700,09:08:06
3559,1800,6406200,09:08:06
3560,100,356000,09:08:06
3560,200,712000,09:08:06
3560,100,356000,09:08:05
3560,100,356000,09:08:05
3560,500,1780000,09:08:05
3560,100,356000,09:08:04
3560,100,356000,09:08:04
3560,200,712000,09:08:04
3560,100,356000,09:08:04
3560,200,712000,09:08:04
3560,100,356000,09:08:04
3560,100,356000,09:08:04
3560,100,356000,09:08:04
3560,100,356000,09:08:04
3560,100,356000,09:08:02
3561,100,356100,09:08:02
3561,1000,3561000,09:08:02
3562,100,356200,09:08:02
3561,100,356100,09:08:01
3561,100,356100,09:08:01
3561,100,356100,09:08:01
3561,800,2848800,09:08:01
3561,100,356100,09:08:01
3561,100,356100,09:08:01
3561,200,712200,09:08:00
3561,200,712200,09:08:00
3561,100,356100,09:08:00
3561,100,356100,09:08:00
3561,100,356100,09:08:00
3561,200,712200,09:08:00
3561,1000,3561000,09:08:00
3560,200,712000,09:07:58
3560,200,712000,09:07:57
3560,100,356000,09:07:57
3560,400,1424000,09:07:57
3559,500,1779500,09:07:57
3560,2500,8900000,09:07:57
3560,1200,4272000,09:07:57
3560,300,1068000,09:07:57
3560,300,1068000,09:07:57
3560,300,1068000,09:07:57
3560,100,356000,09:07:57
3560,200,712000,09:07:57
3560,100,356000,09:07:57
3559,1800,6406200,09:07:55
3558,100,355800,09:07:55
3558,200,711600,09:07:54
3558,100,355800,09:07:53
3558,300,1067400,09:07:52
3558,100,355800,09:07:51
3558,200,711600,09:07:49
3558,100,355800,09:07:49
3558,100,355800,09:07:49
3558,100,355800,09:07:49
3558,300,1067400,09:07:49
3558,100,355800,09:07:49
3558,2200,7827600,09:07:49
3558,100,355800,09:07:48
3557,200,711400,09:07:48
3557,200,711400,09:07:47
3557,200,711400,09:07:47
3557,600,2134200,09:07:46
3556,100,355600,09:07:46
3556,100,355600,09:07:46
3556,100,355600,09:07:46
3556,300,1066800,09:07:46
3557,300,1067100,09:07:45
3556,100,355600,09:07:45
3556,500,1778000,09:07:45
3556,300,1066800,09:07:45
3555,100,355500,09:07:45
3555,100,355500,09:07:45
3555,100,355500,09:07:45
3554,600,2132400,09:07:45
3555,1300,4621500,09:07:45
3555,200,711000,09:07:45
3555,100,355500,09:07:45
3555,1300,4621500,09:07:45
3555,5200,18486000,09:07:45
3555,300,1066500,09:07:45
3555,100,355500,09:07:45
3555,200,711000,09:07:45
3555,100,355500,09:07:45
3555,100,355500,09:07:45
3556,400,1422400,09:07:45
3556,100,355600,09:07:44
3556,200,711200,09:07:44
3556,200,711200,09:07:44
3556,200,711200,09:07:44
3556,100,355600,09:07:44
3558,1200,4269600,09:07:43
3557,1700,6046900,09:07:43
3556,400,1422400,09:07:43
3556,300,1066800,09:07:43
3556,200,711200,09:07:43
3556,300,1066800,09:07:43
3556,500,1778000,09:07:43
3557,300,1067100,09:07:43
3557,400,1422800,09:07:43
3558,300,1067400,09:07:42
3558,200,711600,09:07:42
3558,800,2846400,09:07:42
3558,200,711600,09:07:42
3558,400,1423200,09:07:42
3558,300,1067400,09:07:42
3559,2900,10321100,09:07:42
3559,100,355900,09:07:42
3559,2000,7118000,09:07:42
3559,400,1423600,09:07:42
3559,200,711800,09:07:42
3559,100,355900,09:07:41
3559,200,711800,09:07:41
3559,100,355900,09:07:41
3559,100,355900,09:07:40
3559,100,355900,09:07:40
3559,100,355900,09:07:40
3559,100,355900,09:07:40
3559,100,355900,09:07:40
3559,400,1423600,09:07:40
3559,300,1067700,09:07:40
3560,1700,6052000,09:07:39
3561,3000,10683000,09:07:39
3561,200,712200,09:07:39
3562,200,712400,09:07:38
3562,200,712400,09:07:38
3562,100,356200,09:07:38
3562,100,356200,09:07:38
3562,100,356200,09:07:36
3562,100,356200,09:07:36
3562,200,712400,09:07:35
3562,300,1068600,09:07:35
3562,100,356200,09:07:35
3562,800,2849600,09:07:35
3563,200,712600,09:07:35
3564,100,356400,09:07:34
3563,100,356300,09:07:34
3563,300,1068900,09:07:32
3563,100,356300,09:07:32
3563,100,356300,09:07:31
3562,100,356200,09:07:30
3563,100,356300,09:07:29
3562,1800,6411600,09:07:29
3563,600,2137800,09:07:29
3563,200,712600,09:07:29
3564,300,1069200,09:07:28
3564,100,356400,09:07:28
3564,100,356400,09:07:28
3564,300,1069200,09:07:27
3564,200,712800,09:07:27
3565,300,1069500,09:07:27
3565,1100,3921500,09:07:27
3567,800,2853600,09:07:27
3565,500,1782500,09:07:27
3565,200,713000,09:07:27
3566,100,356600,09:07:27
3565,100,356500,09:07:26
3566,100,356600,09:07:26
3566,100,356600,09:07:26
3564,100,356400,09:07:26
3565,2000,7130000,09:07:26
3566,100,356600,09:07:26
3567,200,713400,09:07:26
3566,200,713200,09:07:26
3566,100,356600,09:07:26
3567,100,356700,09:07:26
3567,100,356700,09:07:26
3567,300,1070100,09:07:26
3567,100,356700,09:07:26
3567,100,356700,09:07:26
3567,200,713400,09:07:26
3567,1700,6063900,09:07:26
3565,100,356500,09:07:26
3566,400,1426400,09:07:26
3567,4800,17121600,09:07:26
3567,2000,7134000,09:07:26
3566,3300,11767800,09:07:26
3566,800,2852800,09:07:26
3566,1100,3922600,09:07:26
3565,7800,27807000,09:07:26
3564,400,1425600,09:07:26
3564,100,356400,09:07:26
3563,100,356300,09:07:26
3563,200,712600,09:07:26
3565,600,2139000,09:07:25
3565,1300,4634500,09:07:24
3564,4300,15325200,09:07:24
3563,100,356300,09:07:24
3563,100,356300,09:07:24
3563,100,356300,09:07:24
3563,1000,3563000,09:07:24
3562,1700,6055400,09:07:24
3561,100,356100,09:07:24
3561,1400,4985400,09:07:24
3560,1200,4272000,09:07:24
3559,1400,4982600,09:07:24
3559,100,355900,09:07:23
3558,100,355800,09:07:23
3559,100,355900,09:07:23
3559,400,1423600,09:07:23
3559,400,1423600,09:07:22
3559,100,355900,09:07:22
3558,100,355800,09:07:22
3559,100,355900,09:07:22
3559,100,355900,09:07:22
3559,1000,3559000,09:07:22
3560,900,3204000,09:07:22
3560,200,712000,09:07:22
3560,200,712000,09:07:22
3560,200,712000,09:07:22
3560,2000,7120000,09:07:22
3560,500,1780000,09:07:21
3560,200,712000,09:07:21
3560,100,356000,09:07:21
3560,500,1780000,09:07:20
3561,100,356100,09:07:20
3561,100,356100,09:07:20
3561,1100,3917100,09:07:19
3561,200,712200,09:07:19
3562,400,1424800,09:07:19
3564,200,712800,09:07:18
3563,1800,6413400,09:07:18
3562,500,1781000,09:07:18
3562,200,712400,09:07:18
3562,200,712400,09:07:18
3562,200,712400,09:07:18
3562,100,356200,09:07:18
3561,100,356100,09:07:17
3561,100,356100,09:07:16
3561,200,712200,09:07:16
3561,700,2492700,09:07:16
3561,100,356100,09:07:16
3561,900,3204900,09:07:16
3561,200,712200,09:07:16
3561,100,356100,09:07:15
3561,100,356100,09:07:15
3562,200,712400,09:07:14
3562,200,712400,09:07:14
3562,100,356200,09:07:13
3561,100,356100,09:07:12
3561,100,356100,09:07:12
3561,100,356100,09:07:12
3561,100,356100,09:07:12
3561,400,1424400,09:07:12
3561,300,1068300,09:07:12
3561,300,1068300,09:07:12
3561,300,1068300,09:07:12
3561,300,1068300,09:07:12
3561,100,356100,09:07:12
3562,100,356200,09:07:11
3562,800,2849600,09:07:11
3563,200,712600,09:07:09
3562,400,1424800,09:07:09
3563,100,356300,09:07:08
3563,100,356300,09:07:08
3563,100,356300,09:07:08
3563,100,356300,09:07:07
3563,100,356300,09:07:07
3563,100,356300,09:07:06
3562,100,356200,09:07:06
3563,100,356300,09:07:06
3562,500,1781000,09:07:05
3563,200,712600,09:07:05
3564,200,712800,09:07:05
3563,100,356300,09:07:05
3563,100,356300,09:07:05
3563,100,356300,09:07:05
3562,200,712400,09:07:05
3563,100,356300,09:07:05
3563,100,356300,09:07:05
3563,600,2137800,09:07:05
3563,1300,4631900,09:07:05
3562,600,2137200,09:07:04
3562,100,356200,09:07:04
3562,100,356200,09:07:04
3561,100,356100,09:07:04
3562,100,356200,09:07:01
3562,100,356200,09:07:01
3562,200,712400,09:06:59
3561,500,1780500,09:06:59
3562,100,356200,09:06:59
3563,100,356300,09:06:58
3562,100,356200,09:06:58
3562,100,356200,09:06:58
3563,1200,4275600,09:06:58
3562,200,712400,09:06:57
3562,100,356200,09:06:57
3563,300,1068900,09:06:57
3562,100,356200,09:06:57
3561,100,356100,09:06:56
3562,100,356200,09:06:56
3562,300,1068600,09:06:56
3562,100,356200,09:06:56
3561,100,356100,09:06:55
3562,100,356200,09:06:55
3562,100,356200,09:06:55
3560,1500,5340000,09:06:55
3561,200,712200,09:06:55
3560,100,356000,09:06:54
3561,200,712200,09:06:54
3561,200,712200,09:06:53
3561,200,712200,09:06:53
3561,100,356100,09:06:53
3560,400,1424000,09:06:53
3559,700,2491300,09:06:52
3559,300,1067700,09:06:52
3559,100,355900,09:06:52
3560,400,1424000,09:06:51
3561,1000,3561000,09:06:51
3562,100,356200,09:06:51
3560,100,356000,09:06:51
3561,300,1068300,09:06:50
3561,100,356100,09:06:50
3560,200,712000,09:06:49
3560,300,1068000,09:06:48
3560,100,356000,09:06:47
3561,100,356100,09:06:47
3561,100,356100,09:06:47
3561,900,3204900,09:06:47
3560,1000,3560000,09:06:47
3560,1500,5340000,09:06:47
3560,200,712000,09:06:47
3560,200,712000,09:06:47
3560,200,712000,09:06:47
3560,100,356000,09:06:47
3560,100,356000,09:06:47
3560,100,356000,09:06:47
3560,100,356000,09:06:47
3560,100,356000,09:06:47
3560,100,356000,09:06:47
3560,100,356000,09:06:47
3561,100,356100,09:06:46
3561,200,712200,09:06:46
3562,100,356200,09:06:46
3561,700,2492700,09:06:45
3561,100,356100,09:06:45
3561,300,1068300,09:06:44
3561,300,1068300,09:06:44
3562,1200,4274400,09:06:44
3562,100,356200,09:06:44
3563,100,356300,09:06:43
3564,500,1782000,09:06:42
3564,100,356400,09:06:41
3563,100,356300,09:06:41
3563,800,2850400,09:06:41
3563,1600,5700800,09:06:39
3564,300,1069200,09:06:39
3564,100,356400,09:06:39
3564,100,356400,09:06:39
3564,100,356400,09:06:38
3564,600,2138400,09:06:38
3565,100,356500,09:06:38
3565,100,356500,09:06:37
3565,100,356500,09:06:37
3565,100,356500,09:06:37
3566,200,713200,09:06:36
3565,100,356500,09:06:36
3565,1100,3921500,09:06:35
3565,100,356500,09:06:35
3563,300,1068900,09:06:34
3564,100,356400,09:06:34
3564,100,356400,09:06:34
3564,100,356400,09:06:34
3564,200,712800,09:06:34
3565,100,356500,09:06:34
3564,200,712800,09:06:33
3564,100,356400,09:06:33
3564,700,2494800,09:06:33
3565,2300,8199500,09:06:33
3566,800,2852800,09:06:32
3566,100,356600,09:06:32
3565,300,1069500,09:06:30
3565,400,1426000,09:06:30
3565,200,713000,09:06:29
3565,100,356500,09:06:29
3565,100,356500,09:06:29
3564,100,356400,09:06:29
3565,100,356500,09:06:29
3565,100,356500,09:06:29
3565,100,356500,09:06:29
3565,200,713000,09:06:29
3565,200,713000,09:06:28
3565,100,356500,09:06:28
3565,2000,7130000,09:06:28
3566,100,356600,09:06:28
3563,500,1781500,09:06:28
3564,3400,12117600,09:06:28
3565,1100,3921500,09:06:28
3566,100,356600,09:06:28
3566,1400,4992400,09:06:28
3566,2000,7132000,09:06:28
3566,100,356600,09:06:28
3566,100,356600,09:06:28
3566,100,356600,09:06:27
3566,100,356600,09:06:27
3565,100,356500,09:06:26
3565,200,713000,09:06:26
3565,100,356500,09:06:26
3565,10000,35650000,09:06:26
3565,700,2495500,09:06:26
3565,200,713000,09:06:26
3565,3500,12477500,09:06:26
3565,200,713000,09:06:26
3565,200,713000,09:06:26
3565,4500,16042500,09:06:26
3565,200,713000,09:06:26
3565,500,1782500,09:06:26
3565,200,713000,09:06:26
3564,700,2494800,09:06:25
3564,100,356400,09:06:25
3564,800,2851200,09:06:25
3564,200,712800,09:06:25
3563,300,1068900,09:06:23
3563,300,1068900,09:06:23
3564,100,356400,09:06:23
3563,100,356300,09:06:23
3563,100,356300,09:06:23
3562,100,356200,09:06:21
3562,1200,4274400,09:06:21
3562,500,1781000,09:06:20
3563,800,2850400,09:06:20
3564,700,2494800,09:06:20
3563,1800,6413400,09:06:20
3562,500,1781000,09:06:20
3561,600,2136600,09:06:19
3563,100,356300,09:06:19
3562,100,356200,09:06:19
3562,100,356200,09:06:19
3562,300,1068600,09:06:19
3563,100,356300,09:06:18
3563,100,356300,09:06:18
3563,300,1068900,09:06:18
3563,200,712600,09:06:18
3563,200,712600,09:06:18
3563,200,712600,09:06:18
3563,100,356300,09:06:17
3563,100,356300,09:06:17
3564,100,356400,09:06:16
3564,200,712800,09:06:16
3565,100,356500,09:06:16
3564,100,356400,09:06:16
3564,100,356400,09:06:16
3565,100,356500,09:06:15
3564,100,356400,09:06:15
3564,200,712800,09:06:15
3564,100,356400,09:06:14
3564,200,712800,09:06:14
3564,200,712800,09:06:14
3563,100,356300,09:06:14
3564,100,356400,09:06:13
3563,100,356300,09:06:13
3563,500,1781500,09:06:13
3562,1000,3562000,09:06:12
3563,100,356300,09:06:12
3563,100,356300,09:06:12
3564,100,356400,09:06:11
3563,300,1068900,09:06:11
3564,100,356400,09:06:11
3564,100,356400,09:06:11
3564,100,356400,09:06:11
3563,400,1425200,09:06:11
3562,100,356200,09:06:10
3564,100,356400,09:06:09
3563,300,1068900,09:06:09
3562,700,2493400,09:06:09
3562,100,356200,09:06:08
3561,600,2136600,09:06:07
3561,200,712200,09:06:07
3562,100,356200,09:06:07
3562,100,356200,09:06:07
3562,1600,5699200,09:06:06
3563,500,1781500,09:06:06
3563,100,356300,09:06:06
3564,200,712800,09:06:05
3563,800,2850400,09:06:05
3564,1300,4633200,09:06:05
3564,600,2138400,09:06:05
3564,1600,5702400,09:06:05
3564,1300,4633200,09:06:05
3564,100,356400,09:06:05
3564,700,2494800,09:06:05
3563,12300,43824900,09:06:05
3563,2800,9976400,09:06:05
3562,100,356200,09:06:05
3563,100,356300,09:06:04
3562,300,1068600,09:06:04
3562,400,1424800,09:06:03
3562,200,712400,09:06:03
3562,200,712400,09:06:03
3562,100,356200,09:06:03
3563,100,356300,09:06:02
3562,1600,5699200,09:06:02
3562,400,1424800,09:06:02
3562,5700,20303400,09:06:01
3561,800,2848800,09:06:01
3560,200,712000,09:06:01
3560,100,356000,09:06:01
3561,400,1424400,09:06:00
3561,100,356100,09:06:00
3561,1200,4273200,09:06:00
3561,600,2136600,09:06:00
3561,700,2492700,09:06:00
3560,100,356000,09:06:00
3560,100,356000,09:05:59
3561,400,1424400,09:05:59
3561,100,356100,09:05:59
3561,1100,3917100,09:05:59
3561,4800,17092800,09:05:59
3561,200,712200,09:05:59
3561,300,1068300,09:05:59
3560,800,2848000,09:05:59
3560,200,712000,09:05:58
3560,100,356000,09:05:58
3560,100,356000,09:05:57
3560,100,356000,09:05:56
3560,400,1424000,09:05:55
3559,100,355900,09:05:54
3559,200,711800,09:05:54
3559,100,355900,09:05:54
3559,100,355900,09:05:54
3560,1400,4984000,09:05:53
3559,100,355900,09:05:52
3558,100,355800,09:05:51
3558,100,355800,09:05:51
3558,100,355800,09:05:51
3557,800,2845600,09:05:50
3558,100,355800,09:05:50
3556,100,355600,09:05:50
3556,100,355600,09:05:49
3555,200,711000,09:05:49
3556,400,1422400,09:05:49
3557,100,355700,09:05:49
3557,100,355700,09:05:49
3557,100,355700,09:05:49
3558,200,711600,09:05:48
3557,100,355700,09:05:48
3557,200,711400,09:05:48
3557,100,355700,09:05:48
3556,200,711200,09:05:48
3556,1000,3556000,09:05:48
3555,200,711000,09:05:48
3555,100,355500,09:05:48
3556,3400,12090400,09:05:48
3557,1800,6402600,09:05:48
3558,1100,3913800,09:05:48
3559,300,1067700,09:05:48
3559,100,355900,09:05:47
3560,100,356000,09:05:47
3561,100,356100,09:05:47
3560,200,712000,09:05:46
3560,100,356000,09:05:46
3558,300,1067400,09:05:45
3559,100,355900,09:05:45
3559,300,1067700,09:05:45
3558,400,1423200,09:05:44
3559,100,355900,09:05:44
3559,100,355900,09:05:44
3559,400,1423600,09:05:43
3559,1100,3914900,09:05:43
3560,3100,11036000,09:05:43
3560,300,1068000,09:05:43
3559,400,1423600,09:05:43
3558,200,711600,09:05:43
3558,100,355800,09:05:43
3557,400,1422800,09:05:42
3557,100,355700,09:05:41
3557,100,355700,09:05:40
3558,900,3202200,09:05:40
3558,100,355800,09:05:40
3558,100,355800,09:05:40
3558,200,711600,09:05:40
3557,100,355700,09:05:40
3557,100,355700,09:05:39
3557,100,355700,09:05:39
3557,700,2489900,09:05:39
3556,200,711200,09:05:39
3557,400,1422800,09:05:39
3557,100,355700,09:05:39
3557,400,1422800,09:05:39
3556,400,1422400,09:05:39
3556,1200,4267200,09:05:39
3555,200,711000,09:05:38
3556,200,711200,09:05:38
3556,100,355600,09:05:38
3556,100,355600,09:05:38
3555,100,355500,09:05:38
3556,200,711200,09:05:37
3556,500,1778000,09:05:37
3555,200,711000,09:05:36
3556,300,1066800,09:05:36
3555,100,355500,09:05:36
3556,100,355600,09:05:36
3555,100,355500,09:05:36
3556,100,355600,09:05:34
3556,800,2844800,09:05:33
3555,100,355500,09:05:33
3555,200,711000,09:05:33
3555,200,711000,09:05:33
3555,100,355500,09:05:32
3556,100,355600,09:05:32
3555,100,355500,09:05:30
3556,100,355600,09:05:29
3556,100,355600,09:05:29
3556,200,711200,09:05:29
3555,400,1422000,09:05:29
3555,100,355500,09:05:29
3554,100,355400,09:05:29
3554,100,355400,09:05:29
3554,300,1066200,09:05:29
3554,100,355400,09:05:29
3555,2500,8887500,09:05:28
3556,400,1422400,09:05:28
3556,400,1422400,09:05:28
3557,1400,4979800,09:05:28
3557,100,355700,09:05:28
3557,100,355700,09:05:28
3557,200,711400,09:05:28
3558,1300,4625400,09:05:27
3558,800,2846400,09:05:27
3558,100,355800,09:05:27
3559,500,1779500,09:05:25
3559,100,355900,09:05:25
3559,100,355900,09:05:25
3559,100,355900,09:05:25
3559,100,355900,09:05:25
3559,100,355900,09:05:25
3559,100,355900,09:05:25
3559,100,355900,09:05:25
3560,100,356000,09:05:24
3558,100,355800,09:05:24
3558,100,355800,09:05:24
3559,200,711800,09:05:24
3558,200,711600,09:05:24
3559,400,1423600,09:05:24
3559,100,355900,09:05:24
3560,800,2848000,09:05:24
3559,200,711800,09:05:24
3559,900,3203100,09:05:24
3559,1400,4982600,09:05:24
3560,100,356000,09:05:23
3560,200,712000,09:05:23
3560,100,356000,09:05:23
3561,300,1068300,09:05:23
3561,200,712200,09:05:23
3561,100,356100,09:05:23
3561,100,356100,09:05:22
3561,100,356100,09:05:22
3561,100,356100,09:05:22
3561,100,356100,09:05:22
3561,100,356100,09:05:22
3562,400,1424800,09:05:21
3562,400,1424800,09:05:21
3561,100,356100,09:05:21
3560,100,356000,09:05:20
3560,100,356000,09:05:20
3560,200,712000,09:05:19
3561,100,356100,09:05:19
3561,100,356100,09:05:19
3560,100,356000,09:05:19
3560,300,1068000,09:05:19
3561,300,1068300,09:05:18
3562,100,356200,09:05:18
3562,400,1424800,09:05:18
3562,600,2137200,09:05:18
3562,100,356200,09:05:18
3562,100,356200,09:05:18
3562,1800,6411600,09:05:18
3562,1100,3918200,09:05:18
3561,100,356100,09:05:16
3561,100,356100,09:05:16
3560,100,356000,09:05:16
3561,100,356100,09:05:16
3562,200,712400,09:05:16
3561,100,356100,09:05:15
3561,100,356100,09:05:15
3561,100,356100,09:05:15
3561,200,712200,09:05:15
3560,200,712000,09:05:15
3560,100,356000,09:05:15
3559,100,355900,09:05:15
3560,100,356000,09:05:14
3560,100,356000,09:05:14
3560,300,1068000,09:05:14
3560,200,712000,09:05:14
3560,100,356000,09:05:14
3560,100,356000,09:05:14
3560,100,356000,09:05:14
3560,100,356000,09:05:14
3560,400,1424000,09:05:14
3562,200,712400,09:05:14
3561,200,712200,09:05:14
3561,100,356100,09:05:14
3561,100,356100,09:05:14
3561,100,356100,09:05:14
3561,600,2136600,09:05:14
3560,100,356000,09:05:13
3560,200,712000,09:05:13
3560,100,356000,09:05:13
3560,100,356000,09:05:13
3560,100,356000,09:05:13
3560,2700,9612000,09:05:13
3560,400,1424000,09:05:13
3559,600,2135400,09:05:13
3558,100,355800,09:05:13
3559,500,1779500,09:05:13
3558,100,355800,09:05:13
3558,100,355800,09:05:12
3557,100,355700,09:05:12
3557,200,711400,09:05:11
3557,1100,3912700,09:05:11
3558,200,711600,09:05:10
3559,100,355900,09:05:10
3559,100,355900,09:05:10
3558,100,355800,09:05:08
3558,300,1067400,09:05:08
3560,100,356000,09:05:07
3559,100,355900,09:05:07
3559,100,355900,09:05:07
3560,200,712000,09:05:07
3559,300,1067700,09:05:06
3558,400,1423200,09:05:06
3556,200,711200,09:05:06
3556,100,355600,09:05:05
3557,100,355700,09:05:05
3555,100,355500,09:05:05
3555,100,355500,09:05:05
3555,300,1066500,09:05:04
3556,100,355600,09:05:04
3556,200,711200,09:05:04
3556,100,355600,09:05:04
3556,200,711200,09:05:04
3558,100,355800,09:05:04
3558,100,355800,09:05:04
3558,600,2134800,09:05:03
3559,100,355900,09:05:03
3559,100,355900,09:05:03
3559,100,355900,09:05:03
3559,100,355900,09:05:03
3560,300,1068000,09:05:03
3560,200,712000,09:05:02
3560,100,356000,09:05:02
3559,1000,3559000,09:05:01
3560,200,712000,09:05:01
3561,100,356100,09:05:01
3561,400,1424400,09:05:01
3560,1600,5696000,09:05:01
3560,100,356000,09:05:01
3560,12300,43788000,09:05:01
3560,200,712000,09:05:01
3560,100,356000,09:05:01
3560,100,356000,09:05:01
3559,100,355900,09:05:01
3560,400,1424000,09:05:01
3559,500,1779500,09:05:00
3558,2800,9962400,09:05:00
3558,100,355800,09:05:00
3558,100,355800,09:05:00
3558,2400,8539200,09:05:00
3557,1600,5691200,09:05:00
3557,100,355700,09:05:00
3556,100,355600,09:05:00
3556,100,355600,09:05:00
3556,400,1422400,09:04:59
3556,100,355600,09:04:59
3555,300,1066500,09:04:57
3556,100,355600,09:04:57
3556,100,355600,09:04:57
3556,100,355600,09:04:57
3555,100,355500,09:04:57
3556,300,1066800,09:04:56
3555,100,355500,09:04:56
3554,1300,4620200,09:04:55
3553,400,1421200,09:04:55
3554,100,355400,09:04:55
3554,100,355400,09:04:55
3554,100,355400,09:04:55
3554,200,710800,09:04:54
3554,100,355400,09:04:54
3554,100,355400,09:04:54
3554,100,355400,09:04:54
3554,200,710800,09:04:54
3554,100,355400,09:04:54
3554,100,355400,09:04:54
3554,300,1066200,09:04:54
3555,200,711000,09:04:53
3556,600,2133600,09:04:53
3555,400,1422000,09:04:53
3555,400,1422000,09:04:52
3555,200,711000,09:04:52
3554,300,1066200,09:04:51
3555,1000,3555000,09:04:50
3556,100,355600,09:04:49
3556,400,1422400,09:04:49
3556,100,355600,09:04:49
3557,100,355700,09:04:49
3556,100,355600,09:04:49
3557,100,355700,09:04:48
3557,100,355700,09:04:47
3556,300,1066800,09:04:47
3555,400,1422000,09:04:47
3555,100,355500,09:04:47
3556,100,355600,09:04:46
3555,100,355500,09:04:46
3555,500,1777500,09:04:46
3556,700,2489200,09:04:45
3555,100,355500,09:04:45
3554,200,710800,09:04:45
3554,200,710800,09:04:44
3554,500,1777000,09:04:44
3554,400,1421600,09:04:44
3554,100,355400,09:04:44
3554,100,355400,09:04:44
3554,100,355400,09:04:44
3554,100,355400,09:04:43
3555,100,355500,09:04:43
3555,100,355500,09:04:43
3555,100,355500,09:04:43
3555,100,355500,09:04:42
3555,200,711000,09:04:42
3555,200,711000,09:04:42
3555,2300,8176500,09:04:42
3555,200,711000,09:04:42
3555,200,711000,09:04:42
3555,100,355500,09:04:42
3554,100,355400,09:04:42
3554,100,355400,09:04:41
3553,500,1776500,09:04:41
3552,100,355200,09:04:41
3552,100,355200,09:04:40
3551,700,2485700,09:04:40
3552,300,1065600,09:04:40
3552,100,355200,09:04:39
3552,100,355200,09:04:39
3552,200,710400,09:04:39
3551,300,1065300,09:04:39
3552,100,355200,09:04:39
3552,100,355200,09:04:39
3552,100,355200,09:04:39
3552,100,355200,09:04:38
3551,200,710200,09:04:38
3552,100,355200,09:04:38
3552,100,355200,09:04:38
3552,100,355200,09:04:38
3552,100,355200,09:04:38
3552,3300,11721600,09:04:38
3553,3500,12435500,09:04:38
3553,100,355300,09:04:38
3553,900,3197700,09:04:38
3554,100,355400,09:04:38
3554,100,355400,09:04:38
3554,200,710800,09:04:38
3554,200,710800,09:04:38
3554,4600,16348400,09:04:38
3553,500,1776500,09:04:37
3553,100,355300,09:04:37
3553,100,355300,09:04:37
3553,100,355300,09:04:36
3554,200,710800,09:04:36
3554,2000,7108000,09:04:36
3555,100,355500,09:04:36
3555,700,2488500,09:04:36
3555,1300,4621500,09:04:36
3556,100,355600,09:04:36
3555,100,355500,09:04:36
3556,100,355600,09:04:35
3556,100,355600,09:04:35
3557,100,355700,09:04:35
3556,2100,7467600,09:04:35
3556,700,2489200,09:04:35
3556,400,1422400,09:04:35
3556,100,355600,09:04:34
3556,200,711200,09:04:34
3556,1200,4267200,09:04:34
3556,100,355600,09:04:34
3556,200,711200,09:04:34
3556,200,711200,09:04:34
3556,100,355600,09:04:34
3556,200,711200,09:04:34
3556,100,355600,09:04:34
3558,100,355800,09:04:34
3557,2000,7114000,09:04:34
3556,100,355600,09:04:33
3556,100,355600,09:04:33
3556,100,355600,09:04:33
3556,100,355600,09:04:33
3556,300,1066800,09:04:33
3556,400,1422400,09:04:33
3557,500,1778500,09:04:33
3557,100,355700,09:04:32
3557,100,355700,09:04:32
3557,100,355700,09:04:30
3557,100,355700,09:04:30
3558,300,1067400,09:04:30
3558,100,355800,09:04:30
3559,400,1423600,09:04:30
3558,200,711600,09:04:29
3558,100,355800,09:04:29
3558,200,711600,09:04:29
3558,100,355800,09:04:29
3557,100,355700,09:04:29
3557,400,1422800,09:04:28
3557,500,1778500,09:04:28
3557,100,355700,09:04:28
3556,1000,3556000,09:04:27
3557,500,1778500,09:04:27
3556,800,2844800,09:04:27
3558,200,711600,09:04:27
3557,500,1778500,09:04:27
3558,300,1067400,09:04:26
3558,400,1423200,09:04:26
3557,300,1067100,09:04:26
3556,100,355600,09:04:25
3557,100,355700,09:04:25
3556,100,355600,09:04:25
3556,100,355600,09:04:25
3556,100,355600,09:04:24
3555,400,1422000,09:04:24
3556,400,1422400,09:04:24
3556,100,355600,09:04:24
3556,100,355600,09:04:24
3556,100,355600,09:04:24
3555,500,1777500,09:04:24
3555,1200,4266000,09:04:24
3554,2000,7108000,09:04:24
3554,500,1777000,09:04:24
3555,200,711000,09:04:24
3555,100,355500,09:04:24
3555,200,711000,09:04:23
3554,800,2843200,09:04:23
3555,200,711000,09:04:23
3556,600,2133600,09:04:23
3555,200,711000,09:04:23
3554,100,355400,09:04:22
3555,100,355500,09:04:22
3554,100,355400,09:04:22
3554,200,710800,09:04:21
3554,200,710800,09:04:21
3555,600,2133000,09:04:21
3556,100,355600,09:04:21
3556,100,355600,09:04:21
3555,200,711000,09:04:21
3556,100,355600,09:04:21
3556,100,355600,09:04:21
3556,1800,6400800,09:04:21
3556,100,355600,09:04:21
3556,500,1778000,09:04:21
3555,200,711000,09:04:21
3555,200,711000,09:04:21
3555,2500,8887500,09:04:21
3556,300,1066800,09:04:21
3556,100,355600,09:04:21
3556,100,355600,09:04:21
3556,100,355600,09:04:21
3556,400,1422400,09:04:21
3555,100,355500,09:04:20
3555,300,1066500,09:04:20
3555,100,355500,09:04:20
3555,100,355500,09:04:20
3556,3200,11379200,09:04:20
3556,100,355600,09:04:20
3557,100,355700,09:04:20
3557,100,355700,09:04:20
3557,100,355700,09:04:20
3556,100,355600,09:04:20
3557,100,355700,09:04:20
3557,100,355700,09:04:20
3556,100,355600,09:04:19
3557,400,1422800,09:04:19
3557,200,711400,09:04:19
3557,200,711400,09:04:19
3557,100,355700,09:04:19
3557,100,355700,09:04:19
3557,100,355700,09:04:19
3557,100,355700,09:04:18
3558,100,355800,09:04:18
3557,100,355700,09:04:18
3558,500,1779000,09:04:18
3558,100,355800,09:04:18
3559,100,355900,09:04:17
3559,100,355900,09:04:17
3558,300,1067400,09:04:17
3558,100,355800,09:04:17
3558,2800,9962400,09:04:17
3559,100,355900,09:04:16
3559,400,1423600,09:04:16
3559,100,355900,09:04:16
3559,200,711800,09:04:16
3559,100,355900,09:04:16
3559,100,355900,09:04:16
3559,100,355900,09:04:16
3559,100,355900,09:04:16
3560,1300,4628000,09:04:15
3560,500,1780000,09:04:15
3561,100,356100,09:04:15
3561,900,3204900,09:04:14
3562,400,1424800,09:04:14
3562,100,356200,09:04:14
3562,100,356200,09:04:14
3561,100,356100,09:04:14
3562,300,1068600,09:04:14
3562,100,356200,09:04:14
3562,300,1068600,09:04:13
3561,200,712200,09:04:13
3562,100,356200,09:04:13
3561,100,356100,09:04:13
3561,100,356100,09:04:12
3561,500,1780500,09:04:12
3561,2900,10326900,09:04:12
3561,600,2136600,09:04:12
3561,200,712200,09:04:12
3561,200,712200,09:04:12
3561,200,712200,09:04:12
3561,200,712200,09:04:12
3561,100,356100,09:04:12
3561,100,356100,09:04:11
3561,100,356100,09:04:11
3562,100,356200,09:04:11
3562,800,2849600,09:04:10
3562,100,356200,09:04:10
3563,100,356300,09:04:09
3563,300,1068900,09:04:09
3563,100,356300,09:04:08
3563,200,712600,09:04:08
3564,100,356400,09:04:08
3563,100,356300,09:04:08
3563,300,1068900,09:04:08
3563,300,1068900,09:04:08
3562,100,356200,09:04:08
3563,100,356300,09:04:07
3563,100,356300,09:04:07
3563,600,2137800,09:04:07
3563,100,356300,09:04:07
3562,100,356200,09:04:07
3562,200,712400,09:04:07
3561,400,1424400,09:04:06
3562,200,712400,09:04:06
3562,100,356200,09:04:06
3562,100,356200,09:04:05
3562,100,356200,09:04:05
3562,100,356200,09:04:05
3562,100,356200,09:04:05
3562,200,712400,09:04:04
3563,100,356300,09:04:04
3562,100,356200,09:04:04
3562,100,356200,09:04:04
3563,200,712600,09:04:03
3562,200,712400,09:04:03
3562,200,712400,09:04:03
3562,200,712400,09:04:03
3562,600,2137200,09:04:03
3562,100,356200,09:04:03
3563,200,712600,09:04:03
3564,300,1069200,09:04:03
3564,200,712800,09:04:03
3564,200,712800,09:04:03
3564,200,712800,09:04:03
3564,100,356400,09:04:03
3564,100,356400,09:04:03
3565,100,356500,09:04:02
3565,100,356500,09:04:02
3565,300,1069500,09:04:02
3563,300,1068900,09:04:02
3564,700,2494800,09:04:02
3565,100,356500,09:04:01
3565,100,356500,09:04:01
3565,100,356500,09:04:01
3565,100,356500,09:04:01
3565,100,356500,09:04:01
3565,2200,7843000,09:04:01
3564,200,712800,09:04:01
3565,100,356500,09:04:01
3565,200,713000,09:04:01
3564,11400,40629600,09:04:01
3563,4500,16033500,09:04:01
3562,200,712400,09:04:01
3562,100,356200,09:04:01
3562,900,3205800,09:04:00
3561,200,712200,09:04:00
3561,100,356100,09:04:00
3561,300,1068300,09:04:00
3561,100,356100,09:04:00
3561,100,356100,09:04:00
3561,100,356100,09:03:59
3561,500,1780500,09:03:59
3560,100,356000,09:03:59
3561,1200,4273200,09:03:59
3560,100,356000,09:03:59
3560,1000,3560000,09:03:59
3560,100,356000,09:03:59
3560,100,356000,09:03:59
3560,100,356000,09:03:58
3560,400,1424000,09:03:58
3559,300,1067700,09:03:58
3559,100,355900,09:03:58
3559,200,711800,09:03:58
3559,100,355900,09:03:58
3560,2400,8544000,09:03:58
3560,200,712000,09:03:58
3560,100,356000,09:03:58
3560,200,712000,09:03:58
3560,600,2136000,09:03:58
3561,400,1424400,09:03:58
3562,100,356200,09:03:58
3562,400,1424800,09:03:57
3561,200,712200,09:03:57
3562,900,3205800,09:03:57
3561,500,1780500,09:03:57
3561,400,1424400,09:03:57
3562,100,356200,09:03:57
3562,100,356200,09:03:57
3562,100,356200,09:03:57
3563,100,356300,09:03:56
3562,100,356200,09:03:56
3562,100,356200,09:03:56
3561,100,356100,09:03:55
3561,100,356100,09:03:55
3561,100,356100,09:03:55
3561,2300,8190300,09:03:55
3561,400,1424400,09:03:55
3562,100,356200,09:03:55
3562,100,356200,09:03:55
3561,100,356100,09:03:55
3561,100,356100,09:03:55
3561,300,1068300,09:03:55
3561,100,356100,09:03:55
3562,100,356200,09:03:54
3562,100,356200,09:03:54
3562,100,356200,09:03:54
3562,1800,6411600,09:03:54
3562,200,712400,09:03:54
3563,300,1068900,09:03:54
3563,100,356300,09:03:54
3563,300,1068900,09:03:53
3563,500,1781500,09:03:53
3563,200,712600,09:03:53
3563,400,1425200,09:03:53
3563,800,2850400,09:03:53
3563,200,712600,09:03:53
3564,100,356400,09:03:52
3564,100,356400,09:03:52
3564,100,356400,09:03:51
3564,100,356400,09:03:51
3563,100,356300,09:03:51
3564,100,356400,09:03:51
3563,100,356300,09:03:50
3564,100,356400,09:03:50
3564,100,356400,09:03:50
3564,100,356400,09:03:50
3564,200,712800,09:03:50
3564,500,1782000,09:03:50
3564,300,1069200,09:03:49
3564,100,356400,09:03:49
3565,100,356500,09:03:49
3565,700,2495500,09:03:48
3565,100,356500,09:03:48
3566,2200,7845200,09:03:48
3566,2000,7132000,09:03:48
3566,500,1783000,09:03:48
3564,300,1069200,09:03:48
3565,200,713000,09:03:48
3565,1300,4634500,09:03:48
3565,200,713000,09:03:48
3565,100,356500,09:03:48
3564,100,356400,09:03:48
3564,200,712800,09:03:48
3564,100,356400,09:03:48
3564,100,356400,09:03:48
3564,100,356400,09:03:48
3564,200,712800,09:03:48
3564,100,356400,09:03:48
3564,100,356400,09:03:47
3564,1300,4633200,09:03:47
3563,100,356300,09:03:47
3563,100,356300,09:03:47
3563,100,356300,09:03:47
3563,100,356300,09:03:47
3562,100,356200,09:03:47
3562,1600,5699200,09:03:47
3563,500,1781500,09:03:47
3563,100,356300,09:03:47
3563,100,356300,09:03:47
3564,100,356400,09:03:47
3563,100,356300,09:03:47
3564,100,356400,09:03:46
3564,300,1069200,09:03:46
3563,200,712600,09:03:46
3564,200,712800,09:03:46
3564,200,712800,09:03:46
3563,1000,3563000,09:03:46
3562,200,712400,09:03:46
3563,100,356300,09:03:45
3563,500,1781500,09:03:45
3563,100,356300,09:03:45
3563,500,1781500,09:03:45
3564,100,356400,09:03:45
3564,100,356400,09:03:45
3564,700,2494800,09:03:45
3564,300,1069200,09:03:45
3564,200,712800,09:03:45
3564,100,356400,09:03:45
3563,300,1068900,09:03:44
3564,400,1425600,09:03:44
3564,100,356400,09:03:43
3563,200,712600,09:03:43
3563,100,356300,09:03:43
3562,100,356200,09:03:42
3562,1000,3562000,09:03:42
3563,100,356300,09:03:41
3563,200,712600,09:03:41
3563,500,1781500,09:03:41
3563,100,356300,09:03:41
3563,100,356300,09:03:40
3564,100,356400,09:03:40
3565,100,356500,09:03:40
3567,1200,4280400,09:03:40
3566,5800,20682800,09:03:40
3565,2100,7486500,09:03:40
3564,400,1425600,09:03:39
3563,100,356300,09:03:39
3564,100,356400,09:03:39
3563,800,2850400,09:03:39
3563,200,712600,09:03:39
3564,100,356400,09:03:39
3564,100,356400,09:03:38
3564,700,2494800,09:03:38
3564,100,356400,09:03:38
3564,100,356400,09:03:38
3564,300,1069200,09:03:38
3563,100,356300,09:03:38
3564,100,356400,09:03:38
3563,100,356300,09:03:38
3563,100,356300,09:03:37
3563,100,356300,09:03:37
3563,200,712600,09:03:37
3563,100,356300,09:03:37
3563,100,356300,09:03:37
3563,100,356300,09:03:37
3563,200,712600,09:03:37
3563,100,356300,09:03:37
3563,100,356300,09:03:37
3563,100,356300,09:03:36
3564,300,1069200,09:03:36
3564,200,712800,09:03:36
3565,100,356500,09:03:36
3565,300,1069500,09:03:36
3565,100,356500,09:03:36
3565,300,1069500,09:03:35
3565,200,713000,09:03:35
3565,100,356500,09:03:35
3564,100,356400,09:03:35
3565,200,713000,09:03:35
3565,100,356500,09:03:35
3564,100,356400,09:03:35
3565,300,1069500,09:03:35
3565,200,713000,09:03:35
3566,1600,5705600,09:03:35
3565,200,713000,09:03:35
3565,600,2139000,09:03:35
3565,2200,7843000,09:03:35
3565,200,713000,09:03:35
3565,2200,7843000,09:03:35
3564,200,712800,09:03:34
3564,600,2138400,09:03:34
3564,100,356400,09:03:34
3563,100,356300,09:03:34
3564,100,356400,09:03:34
3564,100,356400,09:03:34
3564,200,712800,09:03:34
3564,100,356400,09:03:34
3564,100,356400,09:03:34
3564,300,1069200,09:03:34
3565,100,356500,09:03:34
3564,1300,4633200,09:03:34
3564,300,1069200,09:03:34
3564,100,356400,09:03:34
3564,200,712800,09:03:34
3564,100,356400,09:03:34
3564,100,356400,09:03:34
3564,200,712800,09:03:34
3564,200,712800,09:03:34
3565,100,356500,09:03:34
3564,200,712800,09:03:34
3564,2500,8910000,09:03:33
3564,700,2494800,09:03:33
3563,2900,10332700,09:03:33
3562,100,356200,09:03:33
3562,100,356200,09:03:33
3562,100,356200,09:03:33
3562,100,356200,09:03:33
3562,800,2849600,09:03:33
3563,100,356300,09:03:33
3562,100,356200,09:03:33
3563,200,712600,09:03:33
3563,3000,10689000,09:03:33
3564,600,2138400,09:03:33
3565,100,356500,09:03:33
3565,200,713000,09:03:33
3565,300,1069500,09:03:33
3565,200,713000,09:03:33
3566,100,356600,09:03:33
3566,300,1069800,09:03:33
3565,100,356500,09:03:32
3565,100,356500,09:03:32
3565,100,356500,09:03:32
3566,200,713200,09:03:32
3566,400,1426400,09:03:32
3565,100,356500,09:03:31
3565,200,713000,09:03:31
3565,700,2495500,09:03:31
3564,500,1782000,09:03:31
3564,200,712800,09:03:31
3565,300,1069500,09:03:31
3565,100,356500,09:03:31
3566,200,713200,09:03:30
3566,200,713200,09:03:30
3566,600,2139600,09:03:30
3566,100,356600,09:03:30
3566,500,1783000,09:03:30
3565,600,2139000,09:03:30
3564,100,356400,09:03:30
3565,100,356500,09:03:29
3564,100,356400,09:03:29
3564,100,356400,09:03:28
3563,100,356300,09:03:28
3564,100,356400,09:03:28
3564,300,1069200,09:03:28
3563,200,712600,09:03:28
3564,600,2138400,09:03:28
3563,300,1068900,09:03:28
3564,200,712800,09:03:28
3564,300,1069200,09:03:28
3564,200,712800,09:03:27
3564,100,356400,09:03:26
3565,100,356500,09:03:26
3564,200,712800,09:03:26
3564,100,356400,09:03:26
3563,100,356300,09:03:26
3563,800,2850400,09:03:26
3563,100,356300,09:03:26
3563,100,356300,09:03:26
3564,100,356400,09:03:26
3564,200,712800,09:03:26
3564,400,1425600,09:03:25
3564,100,356400,09:03:25
3564,300,1069200,09:03:25
3564,100,356400,09:03:25
3565,200,713000,09:03:25
3565,100,356500,09:03:25
3565,100,356500,09:03:25
3565,100,356500,09:03:25
3565,100,356500,09:03:25
3565,100,356500,09:03:25
3565,100,356500,09:03:25
3565,200,713000,09:03:25
3565,200,713000,09:03:25
3565,900,3208500,09:03:25
3566,200,713200,09:03:25
3566,2600,9271600,09:03:25
3564,400,1425600,09:03:23
3565,100,356500,09:03:23
3565,100,356500,09:03:23
3565,100,356500,09:03:23
3565,200,713000,09:03:23
3565,100,356500,09:03:23
3565,4100,14616500,09:03:23
3564,800,2851200,09:03:23
3563,200,712600,09:03:23
3563,100,356300,09:03:23
3563,400,1425200,09:03:23
3563,100,356300,09:03:23
3563,100,356300,09:03:23
3562,200,712400,09:03:22
3563,500,1781500,09:03:22
3563,200,712600,09:03:22
3563,2400,8551200,09:03:22
3563,100,356300,09:03:22
3562,200,712400,09:03:22
3562,100,356200,09:03:22
3562,100,356200,09:03:22
3561,100,356100,09:03:21
3563,100,356300,09:03:21
3561,100,356100,09:03:21
3562,700,2493400,09:03:21
3561,500,1780500,09:03:21
3560,200,712000,09:03:21
3560,200,712000,09:03:21
3560,200,712000,09:03:21
3560,100,356000,09:03:20
3560,200,712000,09:03:20
3560,100,356000,09:03:20
3560,100,356000,09:03:20
3561,200,712200,09:03:20
3561,300,1068300,09:03:20
3561,100,356100,09:03:20
3561,100,356100,09:03:19
3561,100,356100,09:03:19
3561,200,712200,09:03:19
3562,100,356200,09:03:19
3562,100,356200,09:03:19
3562,1300,4630600,09:03:19
3562,300,1068600,09:03:19
3561,300,1068300,09:03:19
3561,100,356100,09:03:19
3561,200,712200,09:03:19
3561,200,712200,09:03:19
3561,200,712200,09:03:19
3560,400,1424000,09:03:18
3560,100,356000,09:03:18
3560,100,356000,09:03:17
3560,200,712000,09:03:17
3560,200,712000,09:03:17
3560,200,712000,09:03:17
3560,200,712000,09:03:17
3560,500,1780000,09:03:17
3560,100,356000,09:03:17
3560,100,356000,09:03:17
3560,100,356000,09:03:16
3561,400,1424400,09:03:16
3560,400,1424000,09:03:16
3560,300,1068000,09:03:16
3562,600,2137200,09:03:16
3561,700,2492700,09:03:16
3560,200,712000,09:03:15
3560,100,356000,09:03:15
3560,300,1068000,09:03:15
3560,1000,3560000,09:03:15
3561,600,2136600,09:03:15
3560,100,356000,09:03:15
3560,100,356000,09:03:15
3560,200,712000,09:03:15
3560,100,356000,09:03:15
3561,100,356100,09:03:15
3561,200,712200,09:03:15
3561,100,356100,09:03:15
3561,100,356100,09:03:15
3561,100,356100,09:03:15
3561,400,1424400,09:03:15
3560,300,1068000,09:03:15
3560,200,712000,09:03:15
3560,100,356000,09:03:15
3560,100,356000,09:03:15
3561,100,356100,09:03:14
3560,400,1424000,09:03:14
3561,300,1068300,09:03:14
3561,100,356100,09:03:14
3561,200,712200,09:03:14
3561,400,1424400,09:03:14
3561,200,712200,09:03:14
3560,100,356000,09:03:14
3560,1500,5340000,09:03:14
3560,1000,3560000,09:03:14
3560,300,1068000,09:03:13
3560,200,712000,09:03:13
3561,100,356100,09:03:13
3561,500,1780500,09:03:13
3561,600,2136600,09:03:13
3560,700,2492000,09:03:13
3560,1900,6764000,09:03:13
3558,100,355800,09:03:13
3559,100,355900,09:03:13
3559,100,355900,09:03:13
3559,200,711800,09:03:13
3559,100,355900,09:03:13
3559,100,355900,09:03:13
3558,100,355800,09:03:13
3558,200,711600,09:03:13
3558,100,355800,09:03:12
3558,100,355800,09:03:12
3557,100,355700,09:03:12
3558,200,711600,09:03:12
3559,700,2491300,09:03:12
3558,100,355800,09:03:12
3558,1300,4625400,09:03:12
3559,300,1067700,09:03:12
3559,100,355900,09:03:12
3559,400,1423600,09:03:12
3559,100,355900,09:03:11
3559,500,1779500,09:03:11
3558,100,355800,09:03:10
3558,100,355800,09:03:10
3558,200,711600,09:03:10
3558,100,355800,09:03:10
3558,100,355800,09:03:10
3558,100,355800,09:03:10
3558,100,355800,09:03:10
3557,100,355700,09:03:10
3557,200,711400,09:03:09
3557,100,355700,09:03:09
3556,100,355600,09:03:09
3557,100,355700,09:03:09
3557,100,355700,09:03:09
3556,100,355600,09:03:08
3557,200,711400,09:03:08
3557,100,355700,09:03:08
3557,100,355700,09:03:08
3557,100,355700,09:03:08
3557,100,355700,09:03:08
3557,200,711400,09:03:08
3556,100,355600,09:03:07
3556,200,711200,09:03:07
3557,100,355700,09:03:07
3556,300,1066800,09:03:07
3557,100,355700,09:03:07
3557,200,711400,09:03:06
3556,500,1778000,09:03:06
3557,900,3201300,09:03:06
3557,100,355700,09:03:06
3556,200,711200,09:03:06
3557,200,711400,09:03:06
3558,100,355800,09:03:06
3558,100,355800,09:03:06
3557,400,1422800,09:03:06
3557,100,355700,09:03:06
3557,200,711400,09:03:06
3556,300,1066800,09:03:06
3557,100,355700,09:03:06
3557,100,355700,09:03:06
3557,200,711400,09:03:05
3557,200,711400,09:03:05
3557,100,355700,09:03:05
3557,100,355700,09:03:05
3556,300,1066800,09:03:05
3557,100,355700,09:03:05
3557,300,1067100,09:03:04
3557,200,711400,09:03:04
3557,200,711400,09:03:04
3557,300,1067100,09:03:04
3557,300,1067100,09:03:03
3557,400,1422800,09:03:03
3556,300,1066800,09:03:03
3556,100,355600,09:03:03
3556,100,355600,09:03:03
3556,200,711200,09:03:03
3557,200,711400,09:03:03
3556,500,1778000,09:03:03
3557,100,355700,09:03:03
3557,100,355700,09:03:03
3557,300,1067100,09:03:03
3557,100,355700,09:03:02
3557,300,1067100,09:03:02
3557,500,1778500,09:03:02
3557,200,711400,09:03:02
3556,100,355600,09:03:02
3556,100,355600,09:03:02
3556,100,355600,09:03:02
3556,100,355600,09:03:02
3556,300,1066800,09:03:02
3556,100,355600,09:03:02
3557,300,1067100,09:03:02
3558,300,1067400,09:03:02
3557,200,711400,09:03:02
3557,200,711400,09:03:02
3558,200,711600,09:03:02
3557,300,1067100,09:03:02
3558,100,355800,09:03:02
3557,100,355700,09:03:02
3560,3500,12460000,09:03:02
3559,2800,9965200,09:03:02
3558,2100,7471800,09:03:02
3557,500,1778500,09:03:02
3556,400,1422400,09:03:01
3556,100,355600,09:03:01
3556,700,2489200,09:03:01
3556,900,3200400,09:03:01
3555,100,355500,09:03:01
3555,100,355500,09:03:01
3555,300,1066500,09:03:01
3555,300,1066500,09:03:01
3555,200,711000,09:03:01
3555,100,355500,09:03:01
3555,100,355500,09:03:01
3554,100,355400,09:03:01
3554,200,710800,09:03:01
3553,100,355300,09:03:01
3554,400,1421600,09:03:01
3555,200,711000,09:03:00
3555,100,355500,09:03:00
3555,1300,4621500,09:03:00
3554,800,2843200,09:03:00
3553,100,355300,09:03:00
3553,100,355300,09:03:00
3554,300,1066200,09:03:00
3553,600,2131800,09:03:00
3553,300,1065900,09:03:00
3554,100,355400,09:03:00
3554,100,355400,09:03:00
3554,100,355400,09:03:00
3554,100,355400,09:03:00
3554,200,710800,09:03:00
3554,100,355400,09:02:59
3553,100,355300,09:02:59
3553,200,710600,09:02:59
3555,500,1777500,09:02:59
3554,1100,3909400,09:02:59
3553,100,355300,09:02:59
3552,100,355200,09:02:59
3552,500,1776000,09:02:59
3553,400,1421200,09:02:59
3555,100,355500,09:02:58
3554,300,1066200,09:02:58
3554,100,355400,09:02:58
3554,300,1066200,09:02:58
3555,100,355500,09:02:58
3554,200,710800,09:02:56
3554,200,710800,09:02:56
3554,200,710800,09:02:56
3553,100,355300,09:02:56
3553,700,2487100,09:02:56
3553,100,355300,09:02:56
3553,100,355300,09:02:56
3553,100,355300,09:02:55
3553,100,355300,09:02:55
3553,200,710600,09:02:55
3553,100,355300,09:02:55
3552,100,355200,09:02:55
3554,100,355400,09:02:55
3553,100,355300,09:02:54
3554,100,355400,09:02:54
3553,800,2842400,09:02:54
3554,100,355400,09:02:54
3554,100,355400,09:02:54
3554,100,355400,09:02:54
3555,100,355500,09:02:54
3555,100,355500,09:02:54
3554,1000,3554000,09:02:53
3554,1600,5686400,09:02:53
3556,1300,4622800,09:02:53
3555,200,711000,09:02:53
3555,100,355500,09:02:53
3556,100,355600,09:02:53
3556,100,355600,09:02:53
3556,100,355600,09:02:53
3554,100,355400,09:02:52
3554,100,355400,09:02:52
3555,100,355500,09:02:52
3555,100,355500,09:02:52
3555,100,355500,09:02:52
3555,300,1066500,09:02:52
3554,400,1421600,09:02:52
3553,200,710600,09:02:51
3553,200,710600,09:02:51
3554,100,355400,09:02:51
3554,100,355400,09:02:51
3554,300,1066200,09:02:50
3553,300,1065900,09:02:50
3554,100,355400,09:02:50
3553,100,355300,09:02:50
3552,100,355200,09:02:49
3553,100,355300,09:02:49
3552,200,710400,09:02:49
3552,300,1065600,09:02:49
3552,100,355200,09:02:49
3553,300,1065900,09:02:48
3553,100,355300,09:02:48
3555,200,711000,09:02:48
3554,1400,4975600,09:02:48
3552,200,710400,09:02:48
3553,500,1776500,09:02:48
3553,100,355300,09:02:48
3554,1500,5331000,09:02:48
3555,4500,15997500,09:02:48
3557,1000,3557000,09:02:48
3555,400,1422000,09:02:48
3555,100,355500,09:02:48
3555,100,355500,09:02:48
3555,100,355500,09:02:48
3556,1200,4267200,09:02:47
3559,100,355900,09:02:47
3558,900,3202200,09:02:47
3556,200,711200,09:02:47
3556,100,355600,09:02:47
3556,100,355600,09:02:47
3557,100,355700,09:02:47
3557,100,355700,09:02:47
3557,300,1067100,09:02:47
3557,300,1067100,09:02:47
3558,2600,9250800,09:02:47
3559,2300,8185700,09:02:46
3560,9100,32396000,09:02:46
3560,100,356000,09:02:46
3560,200,712000,09:02:46
3561,100,356100,09:02:46
3561,100,356100,09:02:46
3562,100,356200,09:02:46
3561,100,356100,09:02:46
3561,200,712200,09:02:46
3562,200,712400,09:02:46
3562,200,712400,09:02:45
3561,200,712200,09:02:45
3561,200,712200,09:02:45
3561,100,356100,09:02:45
3561,500,1780500,09:02:45
3561,1400,4985400,09:02:45
3561,200,712200,09:02:45
3562,2400,8548800,09:02:45
3562,600,2137200,09:02:45
3563,1500,5344500,09:02:45
3563,600,2137800,09:02:45
3564,100,356400,09:02:44
3564,100,356400,09:02:44
3564,100,356400,09:02:44
3564,100,356400,09:02:43
3564,100,356400,09:02:43
3563,700,2494100,09:02:43
3563,100,356300,09:02:42
3564,100,356400,09:02:42
3563,100,356300,09:02:41
3564,100,356400,09:02:41
3564,100,356400,09:02:41
3565,100,356500,09:02:41
3565,100,356500,09:02:41
3564,400,1425600,09:02:40
3564,400,1425600,09:02:40
3564,200,712800,09:02:40
3564,200,712800,09:02:40
3564,300,1069200,09:02:40
3564,300,1069200,09:02:40
3564,300,1069200,09:02:40
3564,100,356400,09:02:40
3565,400,1426000,09:02:40
3565,800,2852000,09:02:40
3567,200,713400,09:02:39
3566,200,713200,09:02:39
3566,100,356600,09:02:39
3566,100,356600,09:02:39
3566,100,356600,09:02:39
3566,100,356600,09:02:39
3566,500,1783000,09:02:39
3566,100,356600,09:02:39
3566,200,713200,09:02:38
3566,200,713200,09:02:38
3566,100,356600,09:02:38
3566,100,356600,09:02:38
3567,100,356700,09:02:37
3566,100,356600,09:02:37
3566,800,2852800,09:02:37
3565,100,356500,09:02:37
3565,100,356500,09:02:36
3565,300,1069500,09:02:36
3565,200,713000,09:02:36
3565,100,356500,09:02:35
3565,100,356500,09:02:35
3564,100,356400,09:02:34
3564,300,1069200,09:02:34
3565,300,1069500,09:02:34
3566,100,356600,09:02:34
3566,100,356600,09:02:34
3566,100,356600,09:02:34
3565,500,1782500,09:02:34
3564,100,356400,09:02:34
3564,400,1425600,09:02:33
3565,100,356500,09:02:33
3565,200,713000,09:02:33
3565,100,356500,09:02:33
3564,900,3207600,09:02:33
3564,100,356400,09:02:33
3564,100,356400,09:02:33
3564,100,356400,09:02:32
3564,2300,8197200,09:02:32
3565,200,713000,09:02:32
3565,500,1782500,09:02:32
3565,100,356500,09:02:31
3565,100,356500,09:02:31
3565,100,356500,09:02:31
3566,100,356600,09:02:30
3565,2400,8556000,09:02:30
3566,200,713200,09:02:29
3565,100,356500,09:02:29
3567,100,356700,09:02:29
3566,100,356600,09:02:28
3566,200,713200,09:02:28
3566,200,713200,09:02:28
3566,100,356600,09:02:28
3566,200,713200,09:02:28
3566,100,356600,09:02:28
3566,100,356600,09:02:27
3566,1400,4992400,09:02:27
3567,100,356700,09:02:27
3567,200,713400,09:02:27
3568,300,1070400,09:02:27
3568,200,713600,09:02:27
3568,100,356800,09:02:27
3567,100,356700,09:02:26
3566,100,356600,09:02:26
3566,100,356600,09:02:26
3567,200,713400,09:02:26
3567,500,1783500,09:02:26
3567,100,356700,09:02:26
3567,100,356700,09:02:26
3567,500,1783500,09:02:25
3565,300,1069500,09:02:25
3565,100,356500,09:02:24
3567,800,2853600,09:02:24
3566,1300,4635800,09:02:24
3566,100,356600,09:02:24
3565,100,356500,09:02:23
3565,1000,3565000,09:02:23
3565,100,356500,09:02:23
3566,200,713200,09:02:23
3565,100,356500,09:02:23
3565,100,356500,09:02:22
3566,400,1426400,09:02:22
3565,100,356500,09:02:21
3567,300,1070100,09:02:21
3566,400,1426400,09:02:21
3566,100,356600,09:02:21
3565,100,356500,09:02:20
3565,100,356500,09:02:20
3566,200,713200,09:02:20
3566,1000,3566000,09:02:20
3565,100,356500,09:02:20
3566,200,713200,09:02:20
3567,100,356700,09:02:19
3566,600,2139600,09:02:19
3567,100,356700,09:02:19
3568,300,1070400,09:02:19
3567,100,356700,09:02:18
3568,100,356800,09:02:18
3567,300,1070100,09:02:18
3566,2600,9271600,09:02:18
3565,1100,3921500,09:02:18
3565,200,713000,09:02:18
3565,600,2139000,09:02:18
3566,7000,24962000,09:02:18
3566,2800,9984800,09:02:18
3567,200,713400,09:02:18
3566,100,356600,09:02:18
3566,500,1783000,09:02:18
3566,1500,5349000,09:02:17
3567,400,1426800,09:02:17
3568,100,356800,09:02:17
3567,100,356700,09:02:17
3568,100,356800,09:02:17
3569,100,356900,09:02:17
3567,100,356700,09:02:17
3568,300,1070400,09:02:17
3568,300,1070400,09:02:17
3568,100,356800,09:02:16
3567,100,356700,09:02:16
3567,100,356700,09:02:16
3567,100,356700,09:02:16
3566,200,713200,09:02:16
3567,1600,5707200,09:02:16
3568,1300,4638400,09:02:16
3570,200,714000,09:02:16
3569,100,356900,09:02:16
3569,700,2498300,09:02:16
3570,300,1071000,09:02:16
3571,100,357100,09:02:16
3570,100,357000,09:02:16
3570,300,1071000,09:02:16
3570,200,714000,09:02:15
3571,100,357100,09:02:15
3570,100,357000,09:02:15
3570,100,357000,09:02:15
3570,1300,4641000,09:02:15
3571,1200,4285200,09:02:15
3571,900,3213900,09:02:15
3570,17100,61047000,09:02:15
3570,200,714000,09:02:15
3570,100,357000,09:02:15
3569,100,356900,09:02:15
3567,200,713400,09:02:15
3568,800,2854400,09:02:15
3570,500,1785000,09:02:15
3570,300,1071000,09:02:15
3569,200,713800,09:02:15
3568,500,1784000,09:02:14
3569,500,1784500,09:02:14
3568,200,713600,09:02:14
3569,200,713800,09:02:14
3569,4800,17131200,09:02:14
3568,100,356800,09:02:14
3569,100,356900,09:02:14
3568,300,1070400,09:02:14
3568,2100,7492800,09:02:14
3568,200,713600,09:02:14
3567,1800,6420600,09:02:14
3566,1800,6418800,09:02:14
3566,1000,3566000,09:02:14
3566,1900,6775400,09:02:14
3565,800,2852000,09:02:14
3565,1000,3565000,09:02:14
3565,5100,18181500,09:02:14
3564,9900,35283600,09:02:14
3563,1400,4988200,09:02:14
3563,100,356300,09:02:13
3562,100,356200,09:02:13
3562,100,356200,09:02:13
3561,300,1068300,09:02:13
3560,500,1780000,09:02:13
3561,1200,4273200,09:02:13
3562,100,356200,09:02:13
3561,600,2136600,09:02:13
3562,100,356200,09:02:12
3562,100,356200,09:02:12
3562,100,356200,09:02:12
3562,100,356200,09:02:12
3562,100,356200,09:02:12
3561,600,2136600,09:02:12
3561,100,356100,09:02:12
3561,100,356100,09:02:12
3562,300,1068600,09:02:11
3562,100,356200,09:02:11
3562,100,356200,09:02:11
3562,100,356200,09:02:11
3562,100,356200,09:02:11
3562,100,356200,09:02:11
3562,100,356200,09:02:10
3562,2000,7124000,09:02:10
3560,100,356000,09:02:09
3561,100,356100,09:02:08
3561,800,2848800,09:02:08
3561,100,356100,09:02:08
3561,100,356100,09:02:08
3562,100,356200,09:02:08
3561,100,356100,09:02:08
3561,100,356100,09:02:08
3561,100,356100,09:02:08
3561,100,356100,09:02:08
3562,200,712400,09:02:07
3562,300,1068600,09:02:07
3562,200,712400,09:02:07
3561,100,356100,09:02:07
3561,100,356100,09:02:07
3561,100,356100,09:02:07
3561,100,356100,09:02:07
3560,100,356000,09:02:07
3560,100,356000,09:02:07
3560,200,712000,09:02:07
3560,1000,3560000,09:02:07
3560,100,356000,09:02:06
3561,100,356100,09:02:06
3562,100,356200,09:02:05
3562,100,356200,09:02:05
3562,100,356200,09:02:05
3560,500,1780000,09:02:05
3562,100,356200,09:02:05
3561,100,356100,09:02:05
3561,100,356100,09:02:05
3561,100,356100,09:02:05
3561,200,712200,09:02:04
3562,300,1068600,09:02:04
3562,200,712400,09:02:04
3562,100,356200,09:02:04
3561,100,356100,09:02:04
3562,200,712400,09:02:04
3563,100,356300,09:02:04
3563,200,712600,09:02:03
3562,100,356200,09:02:03
3562,100,356200,09:02:03
3563,200,712600,09:02:03
3563,100,356300,09:02:03
3562,200,712400,09:02:03
3563,100,356300,09:02:03
3561,900,3204900,09:02:03
3562,600,2137200,09:02:03
3563,100,356300,09:02:03
3563,100,356300,09:02:02
3561,100,356100,09:02:02
3561,100,356100,09:02:01
3561,600,2136600,09:02:01
3562,800,2849600,09:02:00
3564,500,1782000,09:01:59
3564,100,356400,09:01:59
3564,100,356400,09:01:59
3563,100,356300,09:01:58
3562,100,356200,09:01:58
3562,300,1068600,09:01:58
3565,100,356500,09:01:57
3564,100,356400,09:01:57
3565,400,1426000,09:01:57
3565,800,2852000,09:01:57
3565,7000,24955000,09:01:57
3565,7000,24955000,09:01:57
3565,200,713000,09:01:57
3564,100,356400,09:01:56
3564,100,356400,09:01:56
3563,200,712600,09:01:56
3564,1200,4276800,09:01:56
3563,200,712600,09:01:56
3563,500,1781500,09:01:56
3563,300,1068900,09:01:56
3562,400,1424800,09:01:55
3561,300,1068300,09:01:55
3561,200,712200,09:01:55
3561,300,1068300,09:01:55
3560,300,1068000,09:01:55
3560,2500,8900000,09:01:55
3560,400,1424000,09:01:55
3560,300,1068000,09:01:55
3560,100,356000,09:01:55
3562,100,356200,09:01:55
3562,2300,8192600,09:01:54
3562,1400,4986800,09:01:54
3561,200,712200,09:01:54
3561,1200,4273200,09:01:54
3561,100,356100,09:01:54
3561,200,712200,09:01:54
3562,100,356200,09:01:54
3562,200,712400,09:01:54
3562,100,356200,09:01:53
3561,100,356100,09:01:53
3562,1400,4986800,09:01:53
3563,1700,6057100,09:01:53
3563,100,356300,09:01:53
3563,100,356300,09:01:53
3563,100,356300,09:01:53
3565,400,1426000,09:01:53
3564,200,712800,09:01:53
3564,300,1069200,09:01:53
3565,500,1782500,09:01:53
3564,400,1425600,09:01:53
3565,100,356500,09:01:52
3565,300,1069500,09:01:52
3564,100,356400,09:01:52
3565,200,713000,09:01:52
3564,100,356400,09:01:52
3563,100,356300,09:01:52
3564,200,712800,09:01:52
3564,200,712800,09:01:52
3564,100,356400,09:01:52
3564,100,356400,09:01:52
3564,100,356400,09:01:52
3564,100,356400,09:01:52
3564,100,356400,09:01:52
3564,200,712800,09:01:52
3564,100,356400,09:01:51
3564,200,712800,09:01:51
3564,100,356400,09:01:51
3564,500,1782000,09:01:51
3564,300,1069200,09:01:50
3564,100,356400,09:01:50
3563,100,356300,09:01:50
3565,700,2495500,09:01:50
3564,100,356400,09:01:49
3564,200,712800,09:01:49
3564,200,712800,09:01:49
3564,200,712800,09:01:49
3564,100,356400,09:01:49
3564,100,356400,09:01:49
3564,200,712800,09:01:49
3564,100,356400,09:01:48
3564,100,356400,09:01:48
3563,100,356300,09:01:48
3564,100,356400,09:01:48
3563,100,356300,09:01:47
3565,100,356500,09:01:47
3563,100,356300,09:01:47
3563,100,356300,09:01:47
3563,300,1068900,09:01:47
3564,100,356400,09:01:47
3564,200,712800,09:01:46
3563,600,2137800,09:01:46
3564,100,356400,09:01:46
3563,800,2850400,09:01:46
3564,2500,8910000,09:01:46
3563,100,356300,09:01:46
3562,100,356200,09:01:45
3564,100,356400,09:01:45
3563,100,356300,09:01:45
3563,100,356300,09:01:45
3563,100,356300,09:01:45
3563,100,356300,09:01:45
3562,100,356200,09:01:44
3563,700,2494100,09:01:44
3563,1800,6413400,09:01:44
3562,100,356200,09:01:44
3562,100,356200,09:01:44
3561,100,356100,09:01:44
3561,100,356100,09:01:43
3561,100,356100,09:01:43
3561,100,356100,09:01:43
3562,400,1424800,09:01:43
3562,300,1068600,09:01:43
3561,100,356100,09:01:43
3563,100,356300,09:01:42
3562,100,356200,09:01:42
3561,200,712200,09:01:41
3563,100,356300,09:01:41
3562,600,2137200,09:01:41
3562,200,712400,09:01:41
3560,200,712000,09:01:41
3561,300,1068300,09:01:41
3561,300,1068300,09:01:40
3560,100,356000,09:01:40
3559,200,711800,09:01:40
3559,500,1779500,09:01:40
3560,2900,10324000,09:01:40
3561,2000,7122000,09:01:40
3562,200,712400,09:01:40
3563,100,356300,09:01:40
3562,100,356200,09:01:40
3561,100,356100,09:01:40
3562,100,356200,09:01:40
3561,700,2492700,09:01:40
3561,200,712200,09:01:39
3561,200,712200,09:01:39
3562,100,356200,09:01:37
3561,200,712200,09:01:36
3562,100,356200,09:01:36
3562,100,356200,09:01:36
3562,100,356200,09:01:34
3562,100,356200,09:01:34
3560,100,356000,09:01:34
3561,100,356100,09:01:34
3561,100,356100,09:01:34
3562,100,356200,09:01:34
3562,100,356200,09:01:33
3560,200,712000,09:01:33
3561,400,1424400,09:01:33
3561,200,712200,09:01:33
3560,100,356000,09:01:33
3560,100,356000,09:01:33
3561,400,1424400,09:01:33
3561,100,356100,09:01:32
3561,200,712200,09:01:32
3561,200,712200,09:01:32
3561,100,356100,09:01:32
3561,100,356100,09:01:32
3562,100,356200,09:01:31
3564,100,356400,09:01:31
3563,100,356300,09:01:30
3564,100,356400,09:01:30
3563,400,1425200,09:01:30
3563,300,1068900,09:01:29
3564,200,712800,09:01:29
3564,100,356400,09:01:29
3564,100,356400,09:01:29
3566,100,356600,09:01:29
3565,200,713000,09:01:29
3565,100,356500,09:01:29
3566,1000,3566000,09:01:28
3567,500,1783500,09:01:28
3567,100,356700,09:01:28
3567,1600,5707200,09:01:28
3566,400,1426400,09:01:28
3565,100,356500,09:01:28
3564,100,356400,09:01:28
3565,800,2852000,09:01:28
3564,200,712800,09:01:27
3564,100,356400,09:01:27
3564,100,356400,09:01:27
3564,100,356400,09:01:27
3565,4500,16042500,09:01:27
3565,700,2495500,09:01:27
3564,1200,4276800,09:01:27
3563,100,356300,09:01:27
3563,300,1068900,09:01:27
3563,500,1781500,09:01:27
3562,200,712400,09:01:27
3562,100,356200,09:01:27
3563,100,356300,09:01:26
3562,200,712400,09:01:26
3562,1400,4986800,09:01:25
3564,100,356400,09:01:25
3564,700,2494800,09:01:25
3563,800,2850400,09:01:25
3562,400,1424800,09:01:25
3564,300,1069200,09:01:25
3563,200,712600,09:01:24
3563,100,356300,09:01:24
3563,100,356300,09:01:24
3563,100,356300,09:01:24
3563,300,1068900,09:01:24
3564,700,2494800,09:01:24
3564,100,356400,09:01:24
3562,700,2493400,09:01:23
3563,300,1068900,09:01:23
3563,400,1425200,09:01:23
3562,200,712400,09:01:23
3565,1900,6773500,09:01:23
3564,1100,3920400,09:01:23
3563,400,1425200,09:01:23
3563,400,1425200,09:01:23
3563,100,356300,09:01:23
3563,1800,6413400,09:01:23
3563,200,712600,09:01:23
3563,1200,4275600,09:01:22
3564,500,1782000,09:01:22
3563,100,356300,09:01:22
3564,100,356400,09:01:22
3564,100,356400,09:01:22
3563,100,356300,09:01:21
3566,100,356600,09:01:20
3565,100,356500,09:01:20
3566,200,713200,09:01:20
3566,100,356600,09:01:20
3565,100,356500,09:01:20
3564,100,356400,09:01:20
3565,500,1782500,09:01:20
3564,100,356400,09:01:20
3566,100,356600,09:01:20
3565,200,713000,09:01:20
3565,200,713000,09:01:20
3566,100,356600,09:01:19
3565,400,1426000,09:01:19
3565,300,1069500,09:01:19
3566,100,356600,09:01:19
3565,300,1069500,09:01:19
3565,100,356500,09:01:19
3566,200,713200,09:01:19
3566,200,713200,09:01:19
3566,200,713200,09:01:19
3564,100,356400,09:01:19
3566,500,1783000,09:01:18
3566,100,356600,09:01:18
3565,100,356500,09:01:18
3564,200,712800,09:01:18
3566,100,356600,09:01:18
3565,3300,11764500,09:01:18
3564,100,356400,09:01:18
3564,100,356400,09:01:18
3565,100,356500,09:01:16
3565,300,1069500,09:01:16
3563,100,356300,09:01:15
3565,100,356500,09:01:15
3564,100,356400,09:01:15
3564,200,712800,09:01:15
3564,200,712800,09:01:15
3564,300,1069200,09:01:15
3563,100,356300,09:01:15
3564,100,356400,09:01:15
3564,100,356400,09:01:14
3564,200,712800,09:01:14
3564,100,356400,09:01:14
3565,100,356500,09:01:14
3565,100,356500,09:01:14
3565,300,1069500,09:01:13
3565,200,713000,09:01:13
3564,300,1069200,09:01:13
3563,100,356300,09:01:13
3562,100,356200,09:01:12
3562,200,712400,09:01:12
3563,500,1781500,09:01:12
3564,100,356400,09:01:12
3563,200,712600,09:01:11
3562,500,1781000,09:01:11
3563,100,356300,09:01:11
3563,100,356300,09:01:11
3564,200,712800,09:01:10
3564,100,356400,09:01:10
3564,900,3207600,09:01:10
3565,400,1426000,09:01:10
3565,200,713000,09:01:10
3565,100,356500,09:01:10
3564,100,356400,09:01:10
3564,200,712800,09:01:10
3563,1000,3563000,09:01:10
3564,400,1425600,09:01:10
3565,3300,11764500,09:01:10
3564,100,356400,09:01:10
3564,400,1425600,09:01:10
3564,100,356400,09:01:10
3565,100,356500,09:01:10
3564,300,1069200,09:01:10
3562,100,356200,09:01:09
3563,200,712600,09:01:08
3563,500,1781500,09:01:08
3562,100,356200,09:01:08
3563,200,712600,09:01:08
3562,200,712400,09:01:08
3561,600,2136600,09:01:08
3563,100,356300,09:01:08
3561,300,1068300,09:01:08
3561,500,1780500,09:01:08
3563,1000,3563000,09:01:08
3564,100,356400,09:01:08
3564,100,356400,09:01:08
3564,100,356400,09:01:08
3564,100,356400,09:01:08
3564,100,356400,09:01:08
3564,100,356400,09:01:08
3564,600,2138400,09:01:08
3562,500,1781000,09:01:08
3563,1100,3919300,09:01:08
3564,100,356400,09:01:08
3564,100,356400,09:01:08
3565,100,356500,09:01:08
3564,100,356400,09:01:08
3564,100,356400,09:01:08
3564,600,2138400,09:01:08
3563,100,356300,09:01:07
3563,200,712600,09:01:07
3563,100,356300,09:01:07
3563,100,356300,09:01:07
3563,900,3206700,09:01:07
3563,100,356300,09:01:07
3562,100,356200,09:01:07
3562,800,2849600,09:01:07
3561,100,356100,09:01:06
3561,100,356100,09:01:06
3561,100,356100,09:01:06
3561,200,712200,09:01:06
3559,100,355900,09:01:06
3559,100,355900,09:01:06
3560,10100,35956000,09:01:06
3560,3400,12104000,09:01:06
3559,3400,12100600,09:01:06
3558,100,355800,09:01:06
3559,800,2847200,09:01:06
3557,100,355700,09:01:06
3557,100,355700,09:01:06
3558,7100,25261800,09:01:06
3557,1000,3557000,09:01:06
3556,200,711200,09:01:06
3556,200,711200,09:01:06
3556,100,355600,09:01:06
3556,100,355600,09:01:06
3557,200,711400,09:01:06
3557,100,355700,09:01:05
3557,200,711400,09:01:05
3557,200,711400,09:01:05
3557,200,711400,09:01:05
3557,100,355700,09:01:05
3557,200,711400,09:01:05
3555,100,355500,09:01:05
3557,600,2134200,09:01:05
3556,100,355600,09:01:05
3555,100,355500,09:01:04
3555,300,1066500,09:01:04
3553,100,355300,09:01:04
3554,500,1777000,09:01:04
3555,2600,9243000,09:01:04
3556,100,355600,09:01:04
3556,200,711200,09:01:04
3556,100,355600,09:01:04
3556,100,355600,09:01:04
3556,100,355600,09:01:04
3556,100,355600,09:01:04
3557,2100,7469700,09:01:04
3556,200,711200,09:01:04
3553,500,1776500,09:01:04
3554,600,2132400,09:01:04
3557,1800,6402600,09:01:04
3556,1000,3556000,09:01:04
3556,1600,5689600,09:01:04
3556,500,1778000,09:01:04
3555,5100,18130500,09:01:04
3554,3100,11017400,09:01:04
3553,2100,7461300,09:01:04
3552,1700,6038400,09:01:04
3551,700,2485700,09:01:04
3550,400,1420000,09:01:04
3550,500,1775000,09:01:04
3549,100,354900,09:01:04
3549,100,354900,09:01:04
3549,600,2129400,09:01:03
3548,100,354800,09:01:03
3550,200,710000,09:01:03
3549,100,354900,09:01:03
3549,100,354900,09:01:03
3549,100,354900,09:01:03
3549,200,709800,09:01:03
3549,200,709800,09:01:03
3550,200,710000,09:01:02
3549,100,354900,09:01:02
3550,100,355000,09:01:02
3549,1100,3903900,09:01:02
3550,100,355000,09:01:02
3550,200,710000,09:01:02
3552,100,355200,09:01:02
3551,500,1775500,09:01:02
3550,200,710000,09:01:02
3550,2700,9585000,09:01:02
3548,100,354800,09:01:02
3547,200,709400,09:01:02
3548,100,354800,09:01:02
3549,100,354900,09:01:02
3548,100,354800,09:01:01
3549,100,354900,09:01:01
3549,100,354900,09:01:01
3548,100,354800,09:01:01
3549,200,709800,09:01:01
3549,800,2839200,09:01:01
3547,100,354700,09:01:00
3548,100,354800,09:01:00
3548,100,354800,09:01:00
3547,200,709400,09:01:00
3549,200,709800,09:01:00
3548,100,354800,09:01:00
3548,200,709600,09:01:00
3548,200,709600,09:01:00
3548,100,354800,09:01:00
3549,100,354900,09:00:59
3549,400,1419600,09:00:59
3549,100,354900,09:00:58
3548,600,2128800,09:00:58
3548,200,709600,09:00:58
3549,500,1774500,09:00:58
3548,100,354800,09:00:57
3548,100,354800,09:00:57
3548,200,709600,09:00:57
3548,300,1064400,09:00:57
3547,200,709400,09:00:57
3546,100,354600,09:00:57
3548,100,354800,09:00:56
3548,100,354800,09:00:56
3547,800,2837600,09:00:56
3546,100,354600,09:00:56
3546,1700,6028200,09:00:56
3547,1000,3547000,09:00:56
3546,100,354600,09:00:56
3546,900,3191400,09:00:56
3547,900,3192300,09:00:56
3545,100,354500,09:00:56
3546,100,354600,09:00:56
3546,200,709200,09:00:56
3545,100,354500,09:00:56
3547,100,354700,09:00:55
3546,100,354600,09:00:55
3546,100,354600,09:00:55
3547,1100,3901700,09:00:55
3545,100,354500,09:00:55
3547,100,354700,09:00:55
3546,200,709200,09:00:55
3546,400,1418400,09:00:55
3547,200,709400,09:00:54
3548,100,354800,09:00:54
3547,100,354700,09:00:54
3547,100,354700,09:00:54
3547,200,709400,09:00:54
3547,200,709400,09:00:54
3546,100,354600,09:00:54
3547,700,2482900,09:00:54
3547,1100,3901700,09:00:54
3549,1000,3549000,09:00:54
3548,1200,4257600,09:00:53
3546,400,1418400,09:00:53
3546,100,354600,09:00:52
3546,200,709200,09:00:52
3548,100,354800,09:00:52
3547,500,1773500,09:00:52
3548,200,709600,09:00:52
3550,300,1065000,09:00:52
3549,1200,4258800,09:00:52
3548,100,354800,09:00:52
3548,200,709600,09:00:52
3548,100,354800,09:00:52
3549,100,354900,09:00:52
3548,100,354800,09:00:52
3548,100,354800,09:00:52
3548,100,354800,09:00:52
3548,100,354800,09:00:52
3548,100,354800,09:00:52
3548,1300,4612400,09:00:52
3549,100,354900,09:00:52
3549,4500,15970500,09:00:52
3550,1200,4260000,09:00:52
3549,100,354900,09:00:51
3549,200,709800,09:00:51
3550,900,3195000,09:00:51
3550,100,355000,09:00:51
3550,100,355000,09:00:51
3551,700,2485700,09:00:51
3553,100,355300,09:00:51
3551,500,1775500,09:00:51
3550,800,2840000,09:00:51
3548,400,1419200,09:00:50
3548,100,354800,09:00:50
3548,100,354800,09:00:50
3549,300,1064700,09:00:50
3549,200,709800,09:00:50
3548,100,354800,09:00:50
3548,100,354800,09:00:49
3548,700,2483600,09:00:49
3549,100,354900,09:00:49
3550,100,355000,09:00:49
3548,100,354800,09:00:49
3550,200,710000,09:00:49
3550,100,355000,09:00:48
3550,100,355000,09:00:48
3550,200,710000,09:00:47
3551,200,710200,09:00:47
3550,400,1420000,09:00:47
3550,200,710000,09:00:47
3550,800,2840000,09:00:47
3551,600,2130600,09:00:47
3552,500,1776000,09:00:46
3551,500,1775500,09:00:46
3550,100,355000,09:00:46
3550,1000,3550000,09:00:46
3549,200,709800,09:00:46
3549,100,354900,09:00:46
3549,1300,4613700,09:00:46
3548,100,354800,09:00:45
3548,100,354800,09:00:45
3548,200,709600,09:00:45
3548,1400,4967200,09:00:45
3549,1200,4258800,09:00:45
3550,7100,25205000,09:00:45
3551,100,355100,09:00:45
3550,100,355000,09:00:45
3550,100,355000,09:00:45
3551,100,355100,09:00:45
3551,100,355100,09:00:45
3551,200,710200,09:00:45
3551,1500,5326500,09:00:45
3552,500,1776000,09:00:45
3553,800,2842400,09:00:45
3553,600,2131800,09:00:44
3554,100,355400,09:00:44
3554,300,1066200,09:00:44
3554,300,1066200,09:00:43
3555,200,711000,09:00:43
3555,200,711000,09:00:42
3554,100,355400,09:00:42
3555,1100,3910500,09:00:42
3554,200,710800,09:00:42
3554,200,710800,09:00:42
3554,400,1421600,09:00:42
3554,100,355400,09:00:42
3554,100,355400,09:00:42
3554,300,1066200,09:00:42
3555,100,355500,09:00:42
3554,100,355400,09:00:41
3554,100,355400,09:00:40
3555,700,2488500,09:00:40
3556,100,355600,09:00:40
3554,600,2132400,09:00:39
3555,100,355500,09:00:39
3555,200,711000,09:00:39
3556,100,355600,09:00:39
3555,100,355500,09:00:39
3555,200,711000,09:00:39
3554,100,355400,09:00:39
3555,100,355500,09:00:39
3554,100,355400,09:00:39
3553,300,1065900,09:00:38
3556,100,355600,09:00:38
3554,200,710800,09:00:37
3553,100,355300,09:00:37
3552,100,355200,09:00:37
3552,200,710400,09:00:37
3551,200,710200,09:00:37
3552,100,355200,09:00:37
3552,900,3196800,09:00:37
3554,200,710800,09:00:37
3553,300,1065900,09:00:37
3553,400,1421200,09:00:37
3553,1400,4974200,09:00:37
3554,3100,11017400,09:00:37
3554,100,355400,09:00:37
3554,400,1421600,09:00:37
3554,100,355400,09:00:37
3554,100,355400,09:00:37
3554,100,355400,09:00:37
3554,1500,5331000,09:00:37
3556,100,355600,09:00:37
3555,100,355500,09:00:35
3555,200,711000,09:00:35
3555,1200,4266000,09:00:35
3556,500,1778000,09:00:35
3556,200,711200,09:00:34
3556,200,711200,09:00:34
3556,100,355600,09:00:33
3557,100,355700,09:00:32
3556,300,1066800,09:00:32
3556,300,1066800,09:00:32
3555,100,355500,09:00:32
3554,100,355400,09:00:31
3555,300,1066500,09:00:31
3556,100,355600,09:00:31
3554,200,710800,09:00:30
3555,600,2133000,09:00:30
3553,100,355300,09:00:30
3553,100,355300,09:00:30
3554,300,1066200,09:00:30
3553,200,710600,09:00:30
3552,900,3196800,09:00:30
3553,200,710600,09:00:30
3553,200,710600,09:00:30
3553,300,1065900,09:00:30
3553,100,355300,09:00:30
3553,200,710600,09:00:30
3553,100,355300,09:00:30
3555,700,2488500,09:00:30
3554,200,710800,09:00:30
3553,100,355300,09:00:30
3553,100,355300,09:00:29
3553,600,2131800,09:00:29
3552,100,355200,09:00:29
3552,700,2486400,09:00:28
3553,100,355300,09:00:28
3552,100,355200,09:00:28
3552,100,355200,09:00:28
3552,200,710400,09:00:27
3552,100,355200,09:00:27
3553,100,355300,09:00:27
3553,100,355300,09:00:27
3553,200,710600,09:00:27
3553,100,355300,09:00:27
3553,100,355300,09:00:27
3552,900,3196800,09:00:27
3552,100,355200,09:00:26
3552,100,355200,09:00:26
3551,100,355100,09:00:26
3554,600,2132400,09:00:26
3552,200,710400,09:00:26
3553,1200,4263600,09:00:26
3552,800,2841600,09:00:26
3551,100,355100,09:00:26
3551,200,710200,09:00:26
3551,100,355100,09:00:26
3552,200,710400,09:00:26
3551,300,1065300,09:00:26
3551,100,355100,09:00:26
3550,800,2840000,09:00:26
3551,600,2130600,09:00:26
3552,700,2486400,09:00:26
3553,300,1065900,09:00:26
3551,100,355100,09:00:26
3554,100,355400,09:00:26
3553,200,710600,09:00:26
3552,200,710400,09:00:25
3553,400,1421200,09:00:25
3554,1300,4620200,09:00:25
3553,500,1776500,09:00:25
3554,200,710800,09:00:25
3552,900,3196800,09:00:25
3553,2000,7106000,09:00:25
3554,400,1421600,09:00:25
3554,1500,5331000,09:00:25
3556,100,355600,09:00:25
3555,100,355500,09:00:24
3555,100,355500,09:00:24
3555,100,355500,09:00:24
3556,300,1066800,09:00:24
3555,100,355500,09:00:24
3556,200,711200,09:00:24
3558,700,2490600,09:00:24
3557,300,1067100,09:00:23
3558,400,1423200,09:00:23
3558,200,711600,09:00:23
3558,200,711600,09:00:23
3557,900,3201300,09:00:23
3559,300,1067700,09:00:23
3558,900,3202200,09:00:23
3557,500,1778500,09:00:23
3554,100,355400,09:00:23
3555,1100,3910500,09:00:23
3558,100,355800,09:00:23
3557,300,1067100,09:00:23
3557,300,1067100,09:00:22
3556,200,711200,09:00:21
3558,300,1067400,09:00:21
3557,600,2134200,09:00:21
3554,100,355400,09:00:21
3555,1100,3910500,09:00:21
3556,200,711200,09:00:21
3556,400,1422400,09:00:21
3555,100,355500,09:00:21
3555,200,711000,09:00:21
3555,300,1066500,09:00:21
3554,1300,4620200,09:00:21
3555,500,1777500,09:00:21
3556,100,355600,09:00:21
3555,200,711000,09:00:21
3555,100,355500,09:00:21
3554,100,355400,09:00:21
3555,1300,4621500,09:00:21
3556,1100,3911600,09:00:21
3557,400,1422800,09:00:20
3557,1000,3557000,09:00:20
3555,400,1422000,09:00:20
3557,200,711400,09:00:20
3556,500,1778000,09:00:20
3556,100,355600,09:00:19
3557,100,355700,09:00:19
3557,200,711400,09:00:19
3557,200,711400,09:00:19
3557,100,355700,09:00:19
3557,100,355700,09:00:19
3556,600,2133600,09:00:19
3556,400,1422400,09:00:19
3556,100,355600,09:00:18
3557,600,2134200,09:00:18
3556,200,711200,09:00:18
3557,500,1778500,09:00:18
3554,300,1066200,09:00:18
3555,700,2488500,09:00:18
3554,500,1777000,09:00:17
3552,100,355200,09:00:17
3553,200,710600,09:00:17
3553,300,1065900,09:00:17
3552,100,355200,09:00:17
3554,200,710800,09:00:17
3554,600,2132400,09:00:17
3553,100,355300,09:00:17
3554,300,1066200,09:00:17
3554,100,355400,09:00:17
3554,100,355400,09:00:17
3554,200,710800,09:00:17
3552,100,355200,09:00:17
3554,200,710800,09:00:17
3553,500,1776500,09:00:17
3554,200,710800,09:00:17
3553,200,710600,09:00:17
3552,100,355200,09:00:16
3551,100,355100,09:00:16
3552,100,355200,09:00:16
3552,100,355200,09:00:16
3552,100,355200,09:00:16
3552,100,355200,09:00:16
3552,100,355200,09:00:16
3554,100,355400,09:00:16
3553,100,355300,09:00:16
3553,300,1065900,09:00:16
3553,300,1065900,09:00:16
3554,100,355400,09:00:16
3554,200,710800,09:00:16
3554,200,710800,09:00:16
3554,200,710800,09:00:16
3554,400,1421600,09:00:15
3551,300,1065300,09:00:15
3553,500,1776500,09:00:15
3552,200,710400,09:00:15
3551,100,355100,09:00:15
3550,700,2485000,09:00:15
3550,100,355000,09:00:15
3549,800,2839200,09:00:15
3548,1500,5322000,09:00:15
3547,1000,3547000,09:00:15
3547,700,2482900,09:00:15
3548,100,354800,09:00:15
3548,200,709600,09:00:15
3548,200,709600,09:00:15
3548,500,1774000,09:00:15
3548,300,1064400,09:00:15
3549,800,2839200,09:00:15
3548,100,354800,09:00:15
3548,400,1419200,09:00:15
3549,200,709800,09:00:15
3549,100,354900,09:00:15
3548,200,709600,09:00:14
3550,100,355000,09:00:14
3549,100,354900,09:00:14
3549,100,354900,09:00:14
3549,1000,3549000,09:00:14
3550,400,1420000,09:00:14
3550,100,355000,09:00:13
3548,100,354800,09:00:13
3548,100,354800,09:00:13
3550,200,710000,09:00:13
3549,100,354900,09:00:13
3549,300,1064700,09:00:13
3548,100,354800,09:00:13
3548,100,354800,09:00:13
3549,100,354900,09:00:12
3550,100,355000,09:00:12
3548,100,354800,09:00:12
3549,200,709800,09:00:12
3548,100,354800,09:00:11
3549,100,354900,09:00:11
3547,100,354700,09:00:11
3548,400,1419200,09:00:11
3548,400,1419200,09:00:11
3549,100,354900,09:00:11
3547,100,354700,09:00:10
3548,200,709600,09:00:10
3548,1600,5676800,09:00:10
3548,700,2483600,09:00:10
3550,500,1775000,09:00:10
3551,1000,3551000,09:00:10
3549,100,354900,09:00:10
3550,100,355000,09:00:10
3550,200,710000,09:00:10
3549,1200,4258800,09:00:10
3551,200,710200,09:00:09
3550,100,355000,09:00:09
3550,100,355000,09:00:09
3550,200,710000,09:00:09
3549,600,2129400,09:00:09
3549,300,1064700,09:00:09
3551,200,710200,09:00:09
3550,200,710000,09:00:09
3550,600,2130000,09:00:09
3550,1100,3905000,09:00:09
3549,100,354900,09:00:08
3551,400,1420400,09:00:08
3551,100,355100,09:00:08
3551,200,710200,09:00:08
3550,100,355000,09:00:08
3553,100,355300,09:00:08
3550,100,355000,09:00:08
3553,200,710600,09:00:08
3550,100,355000,09:00:08
3553,200,710600,09:00:08
3551,100,355100,09:00:07
3550,100,355000,09:00:07
3553,300,1065900,09:00:07
3552,100,355200,09:00:07
3553,900,3197700,09:00:07
3554,300,1066200,09:00:07
3554,100,355400,09:00:07
3556,500,1778000,09:00:07
3556,200,711200,09:00:07
3556,200,711200,09:00:07
3555,200,711000,09:00:06
3557,600,2134200,09:00:06
3559,500,1779500,09:00:06
3558,400,1423200,09:00:06
3558,100,355800,09:00:06
3557,400,1422800,09:00:06
3557,200,711400,09:00:05
3553,100,355300,09:00:05
3556,200,711200,09:00:05
3556,500,1778000,09:00:05
3555,600,2133000,09:00:05
3552,200,710400,09:00:05
3554,800,2843200,09:00:05
3551,200,710200,09:00:05
3555,100,355500,09:00:05
3554,300,1066200,09:00:04
3553,400,1421200,09:00:04
3552,200,710400,09:00:04
3552,200,710400,09:00:04
3554,200,710800,09:00:04
3552,200,710400,09:00:04
3554,300,1066200,09:00:04
3556,100,355600,09:00:04
3556,100,355600,09:00:04
3552,100,355200,09:00:04
3554,200,710800,09:00:04
3551,100,355100,09:00:04
3554,300,1066200,09:00:04
3553,200,710600,09:00:04
3553,100,355300,09:00:04
3553,600,2131800,09:00:03
3554,700,2487800,09:00:03
3556,400,1422400,09:00:03
3554,400,1421600,09:00:03
3556,100,355600,09:00:03
3556,300,1066800,09:00:03
3557,600,2134200,09:00:03
3557,200,711400,09:00:03
3554,300,1066200,09:00:03
3556,200,711200,09:00:03
3555,400,1422000,09:00:03
3556,200,711200,09:00:03
3556,200,711200,09:00:03
3558,100,355800,09:00:03
3558,400,1423200,09:00:03
3560,500,1780000,09:00:03
3558,400,1423200,09:00:03
3556,100,355600,09:00:02
3559,400,1423600,09:00:02
3558,400,1423200,09:00:02
3555,800,2844000,09:00:02
3556,600,2133600,09:00:02
3559,400,1423600,09:00:02
3556,300,1066800,09:00:02
3557,700,2489900,09:00:02
3560,500,1780000,09:00:02
3559,400,1423600,09:00:02
3559,200,711800,09:00:02
3556,1100,3911600,09:00:02
3557,1200,4268400,09:00:02
3558,3600,12808800,09:00:02
3562,300,1068600,09:00:02
3559,800,2847200,09:00:02
3561,200,712200,09:00:02
3562,500,1781000,09:00:02
3561,200,712200,09:00:02
3559,200,711800,09:00:02
3562,200,712400,09:00:02
3561,200,712200,09:00:02
3560,400,1424000,09:00:02
3560,200,712000,09:00:02
3561,200,712200,09:00:02
3560,500,1780000,09:00:02
3558,100,355800,09:00:02
3559,200,711800,09:00:02
3559,200,711800,09:00:02
3561,200,712200,09:00:02
3560,300,1068000,09:00:02
3561,900,3204900,09:00:02
3562,200,712400,09:00:02
3562,100,356200,09:00:02
3563,200,712600,09:00:02
3559,100,355900,09:00:02
3562,600,2137200,09:00:02
3561,700,2492700,09:00:02
3560,500,1780000,09:00:02
3559,400,1423600,09:00:02
3552,100,355200,09:00:02
3557,600,2134200,09:00:02
3556,800,2844800,09:00:02
3555,800,2844000,09:00:02
3550,200,710000,09:00:02
3552,400,1420800,09:00:02
3554,1200,4264800,09:00:02
3553,100,355300,09:00:02
3553,200,710600,09:00:02
3549,300,1064700,09:00:02
3550,200,710000,09:00:02
3553,300,1065900,09:00:02
3552,100,355200,09:00:02
3552,100,355200,09:00:02
3552,100,355200,09:00:02
3552,100,355200,09:00:02
3552,100,355200,09:00:02
3549,3800,13486200,09:00:02
3549,200,709800,09:00:02
3553,100,355300,09:00:02
3552,200,710400,09:00:02
3553,300,1065900,09:00:02
3550,23100,82005000,09:00:02
3550,5100,18105000,09:00:02
3550,3100,11005000,09:00:02
3551,4700,16689700,09:00:02
3552,2400,8524800,09:00:02
3553,1400,4974200,09:00:02
3554,1100,3909400,09:00:02
3555,6300,22396500,09:00:02
3556,1400,4978400,09:00:01
3557,1300,4624100,09:00:01
3558,3300,11741400,09:00:01
3562,100,356200,09:00:01
3562,200,712400,09:00:01
3558,100,355800,09:00:01
3559,100,355900,09:00:01
3559,300,1067700,09:00:01
3563,100,356300,09:00:01
3560,500,1780000,09:00:01
3563,100,356300,09:00:01
3564,500,1782000,09:00:01
3561,600,2136600,09:00:01
3563,600,2137800,09:00:01
3566,100,356600,09:00:01
3564,1300,4633200,09:00:01
3569,100,356900,09:00:00
3569,100,356900,09:00:00
3565,300,1069500,09:00:00
3565,400,1426000,09:00:00
3566,400,1426400,09:00:00
3569,300,1070700,09:00:00
3569,300,1070700,09:00:00
3567,500,1783500,09:00:00
3568,2200,7849600,09:00:00
3568,5100,18196800,09:00:00
3567,1800,6420600,09:00:00
3566,6000,21396000,09:00:00
3565,2400,8556000,09:00:00
3565,700,2495500,09:00:00
3564,2100,7484400,09:00:00
3563,1400,4988200,09:00:00
3562,400,1424800,09:00:00
3562,100,356200,09:00:00
3561,400,1424400,09:00:00
3559,700,2491300,09:00:00
3560,3800,13528000,09:00:00
3560,417600,1486656000,09:00:00