値段,株数,金額,時刻
1605,57600,92448000,15:30:00
1612,600,967200,15:24:54
1614,100,161400,15:24:44
1614,100,161400,15:24:43
1612,300,483600,15:24:37
1612,100,161200,15:24:37
1612,100,161200,15:24:37
1612,1000,1612000,15:24:37
1612,100,161200,15:24:37
1613,1600,2580800,15:24:37
1614,100,161400,15:24:36
1613,100,161300,15:24:33
1613,200,322600,15:24:29
1614,100,161400,15:24:26
1613,100,161300,15:24:20
1613,100,161300,15:24:17
1613,100,161300,15:24:08
1613,100,161300,15:24:07
1615,100,161500,15:24:01
1614,100,161400,15:24:00
1614,300,484200,15:24:00
1615,300,484500,15:23:49
1615,200,323000,15:23:48
1615,100,161500,15:23:48
1615,100,161500,15:23:48
1615,600,969000,15:23:48
1615,200,323000,15:23:48
1616,100,161600,15:23:48
1616,100,161600,15:23:48
1616,100,161600,15:23:48
1616,500,808000,15:23:48
1616,600,969600,15:23:48
1616,2600,4201600,15:23:48
1615,200,323000,15:23:47
1615,100,161500,15:23:47
1615,100,161500,15:23:47
1615,100,161500,15:23:47
1615,500,807500,15:23:42
1614,100,161400,15:23:42
1614,100,161400,15:23:39
1614,100,161400,15:23:33
1616,100,161600,15:23:33
1614,300,484200,15:23:28
1615,200,323000,15:23:25
1615,200,323000,15:23:20
1614,500,807000,15:23:20
1614,200,322800,15:23:18
1615,400,646000,15:23:14
1614,100,161400,15:23:14
1615,500,807500,15:23:08
1614,200,322800,15:23:08
1614,100,161400,15:23:01
1614,100,161400,15:23:01
1614,100,161400,15:23:01
1613,100,161300,15:22:46
1616,1100,1777600,15:22:22
1615,2400,3876000,15:22:22
1614,300,484200,15:22:22
1613,600,967800,15:22:22
1612,100,161200,15:22:18
1612,1100,1773200,15:22:14
1612,200,322400,15:22:14
1612,100,161200,15:22:07
1613,1300,2096900,15:22:03
1613,100,161300,15:22:03
1613,100,161300,15:22:02
1613,500,806500,15:22:02
1613,100,161300,15:22:00
1613,100,161300,15:21:46
1613,200,322600,15:21:45
1614,1000,1614000,15:21:42
1613,100,161300,15:21:42
1613,100,161300,15:21:35
1614,100,161400,15:21:33
1614,500,807000,15:21:32
1614,100,161400,15:21:30
1613,600,967800,15:21:30
1614,1600,2582400,15:21:22
1614,100,161400,15:21:18
1614,100,161400,15:21:17
1613,600,967800,15:21:01
1613,300,483900,15:21:00
1613,100,161300,15:20:50
1613,100,161300,15:20:48
1613,100,161300,15:20:48
1613,600,967800,15:20:40
1613,400,645200,15:20:36
1613,500,806500,15:20:35
1613,400,645200,15:20:28
1611,100,161100,15:20:27
1612,100,161200,15:20:22
1613,400,645200,15:20:21
1613,400,645200,15:20:17
1613,100,161300,15:20:17
1612,100,161200,15:20:17
1614,100,161400,15:20:14
1613,400,645200,15:20:12
1613,200,322600,15:20:10
1613,400,645200,15:20:10
1611,100,161100,15:20:05
1613,100,161300,15:20:04
1612,200,322400,15:20:03
1612,400,644800,15:20:03
1612,200,322400,15:20:03
1612,2700,4352400,15:20:03
1611,100,161100,15:20:01
1611,100,161100,15:19:56
1611,100,161100,15:19:52
1611,100,161100,15:19:52
1611,100,161100,15:19:52
1611,200,322200,15:19:52
1611,100,161100,15:19:51
1611,300,483300,15:19:51
1610,100,161000,15:19:44
1612,100,161200,15:19:40
1612,1000,1612000,15:19:35
1612,100,161200,15:19:33
1611,300,483300,15:19:33
1612,100,161200,15:19:06
1611,1300,2094300,15:19:05
1611,100,161100,15:19:05
1611,500,805500,15:19:05
1612,9500,15314000,15:19:05
1612,100,161200,15:19:05
1612,100,161200,15:19:03
1613,100,161300,15:19:02
1613,100,161300,15:19:00
1613,2200,3548600,15:18:53
1613,800,1290400,15:18:53
1613,100,161300,15:18:42
1611,1600,2577600,15:18:41
1612,200,322400,15:18:41
1613,400,645200,15:18:36
1612,600,967200,15:18:36
1612,100,161200,15:18:30
1613,200,322600,15:18:19
1612,300,483600,15:18:19
1613,200,322600,15:18:16
1611,100,161100,15:18:16
1611,100,161100,15:18:16
1613,300,483900,15:18:10
1611,100,161100,15:18:09
1612,500,806000,15:18:07
1613,200,322600,15:18:07
1613,400,645200,15:18:07
1615,100,161500,15:18:07
1614,1100,1775400,15:18:07
1613,100,161300,15:18:01
1612,100,161200,15:18:01
1613,1000,1613000,15:18:01
1612,900,1450800,15:18:01
1611,400,644400,15:18:00
1611,100,161100,15:18:00
1610,4600,7406000,15:18:00
1610,100,161000,15:17:59
1609,200,321800,15:17:57
1609,300,482700,15:17:49
1608,200,321600,15:17:49
1609,1500,2413500,15:17:48
1609,100,160900,15:17:47
1609,100,160900,15:17:45
1608,200,321600,15:17:44
1609,100,160900,15:17:37
1609,700,1126300,15:17:36
1608,2300,3698400,15:17:36
1607,200,321400,15:17:31
1607,1700,2731900,15:17:31
1608,100,160800,15:17:27
1607,200,321400,15:17:27
1607,1000,1607000,15:17:25
1607,1400,2249800,15:17:25
1607,1600,2571200,15:17:25
1606,100,160600,15:17:23
1606,100,160600,15:17:22
1605,1800,2889000,15:17:21
1605,100,160500,15:17:04
1604,100,160400,15:17:03
1604,100,160400,15:16:32
1605,100,160500,15:16:27
1605,200,321000,15:16:22
1606,100,160600,15:16:22
1605,2900,4654500,15:16:17
1605,800,1284000,15:16:17
1604,100,160400,15:16:17
1604,100,160400,15:16:06
1605,600,963000,15:16:05
1604,3200,5132800,15:16:05
1603,2300,3686900,15:16:05
1602,100,160200,15:16:05
1602,100,160200,15:15:59
1602,200,320400,15:15:53
1603,1200,1923600,15:15:51
1602,300,480600,15:15:46
1601,100,160100,15:15:42
1601,1200,1921200,15:15:42
1601,200,320200,15:15:42
1602,300,480600,15:15:40
1601,900,1440900,15:15:33
1601,100,160100,15:15:33
1601,700,1120700,15:15:33
1601,700,1120700,15:15:25
1601,100,160100,15:15:16
1601,1700,2721700,15:15:16
1602,500,801000,15:15:00
1602,800,1281600,15:15:00
1603,100,160300,15:14:57
1602,100,160200,15:14:38
1602,100,160200,15:14:31
1602,200,320400,15:14:04
1603,300,480900,15:14:02
1602,700,1121400,15:13:56
1603,300,480900,15:13:53
1603,100,160300,15:13:40
1603,100,160300,15:13:35
1602,300,480600,15:13:33
1602,100,160200,15:13:31
1602,100,160200,15:13:19
1602,100,160200,15:13:01
1602,100,160200,15:12:59
1602,400,640800,15:12:59
1602,100,160200,15:12:57
1601,100,160100,15:12:50
1601,100,160100,15:12:50
1599,300,479700,15:12:50
1600,1200,1920000,15:12:50
1601,500,800500,15:12:50
1602,100,160200,15:12:48
1602,100,160200,15:12:48
1602,100,160200,15:12:34
1601,100,160100,15:12:26
1601,100,160100,15:12:26
1602,100,160200,15:12:23
1602,200,320400,15:12:12
1602,200,320400,15:12:11
1603,100,160300,15:12:01
1603,1000,1603000,15:11:59
1602,500,801000,15:11:58
1603,1500,2404500,15:11:58
1602,300,480600,15:11:51
1602,100,160200,15:11:48
1601,500,800500,15:11:42
1601,1200,1921200,15:11:42
1601,100,160100,15:11:39
1601,200,320200,15:11:33
1600,200,320000,15:11:15
1600,100,160000,15:11:13
1600,200,320000,15:11:12
1600,100,160000,15:11:10
1600,100,160000,15:11:10
1600,100,160000,15:11:00
1600,500,800000,15:10:58
1600,1600,2560000,15:10:48
1599,100,159900,15:10:39
1598,200,319600,15:10:37
1598,100,159800,15:10:36
1598,600,958800,15:10:15
1599,100,159900,15:10:03
1599,100,159900,15:10:00
1599,400,639600,15:09:33
1599,100,159900,15:09:30
1599,100,159900,15:09:27
1599,500,799500,15:08:59
1600,100,160000,15:08:58
1600,400,640000,15:08:45
1600,300,480000,15:08:45
1601,200,320200,15:08:19
1603,700,1122100,15:08:00
1602,1200,1922400,15:08:00
1601,1500,2401500,15:08:00
1600,100,160000,15:07:53
1600,100,160000,15:07:44
1600,500,800000,15:07:30
1600,200,320000,15:07:19
1600,700,1120000,15:07:12
1600,400,640000,15:07:11
1600,200,320000,15:06:57
1599,400,639600,15:06:57
1598,100,159800,15:06:34
1598,100,159800,15:06:34
1599,100,159900,15:06:34
1598,100,159800,15:06:33
1599,1200,1918800,15:06:33
1600,1600,2560000,15:06:33
1601,100,160100,15:06:15
1601,400,640400,15:06:14
1601,100,160100,15:06:14
1601,100,160100,15:06:07
1601,100,160100,15:06:02
1600,300,480000,15:05:54
1600,700,1120000,15:05:54
1600,100,160000,15:05:54
1601,100,160100,15:05:50
1601,100,160100,15:05:48
1602,1200,1922400,15:05:10
1602,100,160200,15:04:36
1602,100,160200,15:04:36
1602,200,320400,15:04:33
1602,300,480600,15:04:33
1601,200,320200,15:04:29
1601,1500,2401500,15:04:21
1601,1500,2401500,15:04:21
1602,300,480600,15:04:17
1602,100,160200,15:04:13
1602,100,160200,15:04:00
1602,400,640800,15:04:00
1602,500,801000,15:04:00
1603,100,160300,15:03:59
1603,100,160300,15:03:58
1603,500,801500,15:03:24
1603,100,160300,15:03:18
1602,200,320400,15:03:17
1603,100,160300,15:03:16
1603,100,160300,15:03:15
1603,900,1442700,15:03:09
1603,100,160300,15:03:09
1603,100,160300,15:02:56
1603,600,961800,15:02:52
1602,100,160200,15:02:50
1601,500,800500,15:02:50
1602,800,1281600,15:02:50
1603,200,320600,15:02:50
1603,800,1282400,15:02:50
1601,100,160100,15:02:49
1602,200,320400,15:02:49
1601,1200,1921200,15:02:49
1602,100,160200,15:02:48
1602,100,160200,15:02:48
1602,200,320400,15:02:48
1602,1700,2723400,15:02:48
1603,300,480900,15:02:48
1604,2200,3528800,15:02:43
1605,100,160500,15:02:43
1605,200,321000,15:02:43
1605,200,321000,15:02:41
1605,1100,1765500,15:02:41
1605,100,160500,15:02:41
1605,100,160500,15:02:41
1605,600,963000,15:02:39
1605,100,160500,15:02:37
1606,800,1284800,15:02:37
1607,1400,2249800,15:02:19
1607,700,1124900,15:02:19
1607,100,160700,15:01:57
1607,500,803500,15:01:57
1608,500,804000,15:01:49
1608,100,160800,15:01:45
1607,100,160700,15:01:30
1609,100,160900,15:01:15
1608,100,160800,15:01:07
1608,2200,3537600,15:01:07
1608,100,160800,15:00:55
1609,300,482700,15:00:54
1608,100,160800,15:00:46
1608,100,160800,15:00:42
1608,100,160800,15:00:41
1608,100,160800,15:00:38
1608,100,160800,15:00:32
1609,100,160900,15:00:17
1609,1200,1930800,15:00:17
1609,100,160900,15:00:16
1608,600,964800,15:00:16
1607,100,160700,15:00:10
1607,100,160700,15:00:10
1607,300,482100,15:00:10
1607,100,160700,14:59:55
1607,200,321400,14:59:43
1608,100,160800,14:59:40
1608,100,160800,14:59:16
1608,400,643200,14:59:15
1608,100,160800,14:59:15
1608,500,804000,14:59:15
1608,500,804000,14:59:15
1608,100,160800,14:58:52
1608,300,482400,14:58:46
1609,100,160900,14:58:44
1609,200,321800,14:58:42
1609,200,321800,14:58:29
1609,100,160900,14:58:25
1609,200,321800,14:58:21
1609,100,160900,14:58:14
1609,100,160900,14:58:11
1608,200,321600,14:57:41
1609,200,321800,14:57:30
1608,100,160800,14:57:30
1608,1100,1768800,14:57:30
1607,1200,1928400,14:57:30
1606,100,160600,14:57:27
1605,300,481500,14:57:18
1604,300,481200,14:57:13
1604,100,160400,14:57:13
1605,2600,4173000,14:57:13
1606,100,160600,14:57:08
1606,100,160600,14:56:57
1606,400,642400,14:56:57
1606,500,803000,14:56:52
1606,100,160600,14:56:52
1606,400,642400,14:56:52
1606,200,321200,14:56:52
1606,100,160600,14:56:52
1606,100,160600,14:56:52
1606,100,160600,14:56:52
1606,400,642400,14:56:52
1606,100,160600,14:56:52
1606,500,803000,14:56:52
1606,100,160600,14:56:52
1606,400,642400,14:56:52
1606,400,642400,14:56:52
1606,400,642400,14:56:52
1606,100,160600,14:56:52
1606,100,160600,14:56:52
1606,100,160600,14:56:52
1607,400,642800,14:56:52
1608,100,160800,14:56:46
1608,100,160800,14:56:45
1608,100,160800,14:56:35
1608,100,160800,14:56:35
1610,100,161000,14:56:16
1610,300,483000,14:56:11
1611,900,1449900,14:56:03
1612,200,322400,14:56:03
1612,500,806000,14:56:00
1612,300,483600,14:56:00
1612,200,322400,14:55:58
1612,100,161200,14:55:36
1613,100,161300,14:55:32
1614,900,1452600,14:54:51
1615,100,161500,14:54:47
1615,100,161500,14:54:30
1614,300,484200,14:54:29
1614,200,322800,14:54:29
1614,600,968400,14:54:28
1616,100,161600,14:54:27
1615,100,161500,14:54:27
1614,200,322800,14:54:26
1615,200,323000,14:54:26
1615,2700,4360500,14:54:24
1615,400,646000,14:54:17
1614,400,645600,14:54:17
1614,100,161400,14:54:14
1613,100,161300,14:54:12
1613,1600,2580800,14:54:11
1612,900,1450800,14:54:11
1611,100,161100,14:54:01
1611,100,161100,14:53:58
1612,300,483600,14:53:54
1612,100,161200,14:53:42
1611,1500,2416500,14:53:32
1608,600,964800,14:53:15
1609,400,643600,14:53:15
1610,2300,3703000,14:53:15
1609,300,482700,14:53:14
1609,1300,2091700,14:53:14
1608,200,321600,14:53:14
1607,500,803500,14:53:14
1608,100,160800,14:53:10
1608,200,321600,14:52:48
1608,300,482400,14:52:48
1608,1300,2090400,14:52:48
1608,100,160800,14:52:46
1609,200,321800,14:52:43
1608,100,160800,14:52:42
1608,100,160800,14:52:38
1608,200,321600,14:52:33
1608,100,160800,14:52:20
1608,100,160800,14:52:20
1608,200,321600,14:52:16
1608,100,160800,14:52:16
1608,200,321600,14:52:15
1608,100,160800,14:52:00
1608,100,160800,14:52:00
1608,100,160800,14:51:56
1608,300,482400,14:51:39
1609,100,160900,14:51:38
1609,100,160900,14:51:38
1609,100,160900,14:51:28
1609,100,160900,14:51:28
1609,100,160900,14:51:21
1609,600,965400,14:51:15
1610,100,161000,14:51:04
1608,500,804000,14:51:03
1609,100,160900,14:51:03
1609,400,643600,14:51:03
1610,2800,4508000,14:51:03
1610,100,161000,14:51:03
1610,100,161000,14:51:03
1610,200,322000,14:51:03
1610,500,805000,14:51:03
1610,300,483000,14:51:03
1610,100,161000,14:51:02
1611,100,161100,14:51:00
1610,200,322000,14:50:30
1610,200,322000,14:50:24
1611,300,483300,14:50:23
1610,100,161000,14:50:18
1611,100,161100,14:50:07
1611,200,322200,14:50:03
1610,300,483000,14:50:03
1611,200,322200,14:50:03
1611,300,483300,14:49:50
1611,1300,2094300,14:49:50
1611,100,161100,14:49:50
1611,100,161100,14:49:50
1613,200,322600,14:49:48
1612,100,161200,14:49:48
1612,100,161200,14:49:36
1612,100,161200,14:49:36
1612,100,161200,14:49:31
1612,100,161200,14:49:30
1612,200,322400,14:49:20
1612,200,322400,14:49:19
1612,100,161200,14:49:14
1612,100,161200,14:49:06
1612,100,161200,14:49:03
1611,300,483300,14:48:47
1612,300,483600,14:48:46
1612,300,483600,14:48:44
1612,100,161200,14:48:17
1613,300,483900,14:48:16
1612,1400,2256800,14:48:11
1612,200,322400,14:48:10
1613,200,322600,14:48:02
1612,200,322400,14:48:00
1613,200,322600,14:47:54
1613,200,322600,14:47:48
1612,100,161200,14:47:47
1611,100,161100,14:47:44
1612,200,322400,14:47:44
1613,300,483900,14:47:36
1612,3200,5158400,14:47:35
1613,1500,2419500,14:47:35
1614,1000,1614000,14:47:32
1613,500,806500,14:47:18
1614,200,322800,14:47:17
1612,100,161200,14:47:15
1613,200,322600,14:47:15
1612,200,322400,14:47:11
1613,100,161300,14:47:11
1613,1400,2258200,14:47:09
1613,100,161300,14:47:02
1612,1000,1612000,14:47:01
1612,200,322400,14:47:01
1613,100,161300,14:46:57
1613,100,161300,14:46:57
1612,100,161200,14:46:54
1612,100,161200,14:46:53
1613,200,322600,14:46:50
1612,200,322400,14:46:44
1613,100,161300,14:46:38
1613,100,161300,14:46:38
1613,1000,1613000,14:46:38
1614,200,322800,14:46:36
1614,200,322800,14:46:28
1615,100,161500,14:46:28
1615,300,484500,14:46:28
1615,100,161500,14:46:26
1616,100,161600,14:46:26
1615,100,161500,14:46:25
1615,100,161500,14:46:21
1615,400,646000,14:46:21
1615,100,161500,14:46:19
1614,1600,2582400,14:46:17
1615,400,646000,14:46:17
1615,100,161500,14:45:58
1615,100,161500,14:45:45
1614,100,161400,14:45:44
1614,900,1452600,14:45:44
1615,100,161500,14:45:44
1615,100,161500,14:45:44
1615,100,161500,14:45:41
1615,100,161500,14:45:32
1614,200,322800,14:45:31
1615,300,484500,14:45:29
1616,100,161600,14:45:22
1616,100,161600,14:45:12
1616,100,161600,14:45:06
1616,100,161600,14:45:01
1617,100,161700,14:44:54
1617,200,323400,14:44:53
1616,1000,1616000,14:44:53
1614,600,968400,14:44:51
1615,300,484500,14:44:51
1615,100,161500,14:44:45
1615,100,161500,14:44:45
1614,200,322800,14:44:34
1615,1500,2422500,14:44:32
1613,100,161300,14:44:32
1613,100,161300,14:44:31
1614,1200,1936800,14:44:31
1612,100,161200,14:44:30
1613,200,322600,14:44:28
1612,1400,2256800,14:44:28
1613,2100,3387300,14:44:28
1613,100,161300,14:44:27
1613,200,322600,14:44:21
1613,100,161300,14:44:17
1613,100,161300,14:44:10
1614,100,161400,14:44:07
1614,100,161400,14:43:55
1613,100,161300,14:43:51
1614,200,322800,14:43:51
1613,100,161300,14:43:51
1614,200,322800,14:43:50
1613,200,322600,14:43:50
1614,400,645600,14:43:50
1615,200,323000,14:43:50
1615,100,161500,14:43:49
1616,100,161600,14:43:47
1615,100,161500,14:43:46
1615,100,161500,14:43:44
1616,100,161600,14:43:40
1615,800,1292000,14:43:40
1615,700,1130500,14:43:35
1616,600,969600,14:43:30
1616,200,323200,14:43:20
1616,100,161600,14:43:19
1616,100,161600,14:43:12
1615,100,161500,14:43:08
1616,1700,2747200,14:43:04
1614,300,484200,14:43:02
1615,200,323000,14:43:02
1616,100,161600,14:43:01
1615,100,161500,14:43:00
1616,600,969600,14:42:57
1615,500,807500,14:42:51
1615,1400,2261000,14:42:51
1616,100,161600,14:42:48
1615,100,161500,14:42:48
1616,100,161600,14:42:45
1616,100,161600,14:42:45
1616,400,646400,14:42:38
1616,100,161600,14:42:33
1615,200,323000,14:42:31
1614,200,322800,14:42:31
1615,200,323000,14:42:27
1615,100,161500,14:42:27
1615,300,484500,14:42:25
1614,100,161400,14:42:24
1614,400,645600,14:42:22
1615,100,161500,14:42:20
1615,1100,1776500,14:42:20
1614,1000,1614000,14:42:18
1614,100,161400,14:42:16
1614,100,161400,14:42:13
1614,100,161400,14:42:12
1614,100,161400,14:42:11
1614,100,161400,14:42:09
1612,100,161200,14:42:05
1612,200,322400,14:42:05
1613,100,161300,14:42:04
1613,100,161300,14:42:04
1613,100,161300,14:42:02
1613,100,161300,14:41:58
1613,100,161300,14:41:56
1612,1900,3062800,14:41:53
1612,200,322400,14:41:53
1613,3000,4839000,14:41:53
1614,100,161400,14:41:52
1614,100,161400,14:41:51
1614,300,484200,14:41:51
1615,100,161500,14:41:44
1614,1200,1936800,14:41:41
1614,1100,1775400,14:41:41
1615,100,161500,14:41:40
1614,200,322800,14:41:39
1614,1700,2743800,14:41:39
1615,300,484500,14:41:39
1615,700,1130500,14:41:35
1615,300,484500,14:41:35
1615,100,161500,14:41:30
1615,100,161500,14:41:28
1613,100,161300,14:41:28
1615,300,484500,14:41:19
1614,100,161400,14:41:19
1614,100,161400,14:41:17
1615,100,161500,14:41:16
1615,200,323000,14:41:15
1614,100,161400,14:41:15
1614,100,161400,14:41:15
1613,100,161300,14:41:11
1615,200,323000,14:41:09
1615,100,161500,14:41:09
1614,200,322800,14:41:08
1614,100,161400,14:41:07
1614,500,807000,14:41:07
1613,500,806500,14:41:07
1613,100,161300,14:41:04
1613,200,322600,14:41:03
1613,100,161300,14:41:00
1612,100,161200,14:40:59
1612,200,322400,14:40:56
1611,200,322200,14:40:55
1611,300,483300,14:40:48
1611,100,161100,14:40:44
1610,200,322000,14:40:37
1612,100,161200,14:40:35
1611,100,161100,14:40:35
1613,500,806500,14:40:25
1613,100,161300,14:40:25
1612,300,483600,14:40:25
1613,100,161300,14:40:24
1613,100,161300,14:40:24
1612,200,322400,14:40:24
1612,200,322400,14:40:24
1612,200,322400,14:40:24
1611,800,1288800,14:40:24
1610,7700,12397000,14:40:24
1608,100,160800,14:40:23
1609,200,321800,14:40:21
1609,2100,3378900,14:40:21
1609,100,160900,14:40:21
1609,100,160900,14:40:17
1609,100,160900,14:40:17
1608,300,482400,14:40:15
1608,200,321600,14:40:15
1607,100,160700,14:40:09
1609,100,160900,14:40:02
1608,100,160800,14:40:02
1608,1200,1929600,14:40:01
1607,100,160700,14:40:01
1607,200,321400,14:39:52
1606,100,160600,14:39:52
1608,700,1125600,14:39:49
1607,300,482100,14:39:49
1606,300,481800,14:39:47
1606,500,803000,14:39:47
1606,700,1124200,14:39:47
1607,100,160700,14:39:41
1606,100,160600,14:39:32
1606,200,321200,14:39:32
1606,200,321200,14:39:08
1608,100,160800,14:39:07
1607,500,803500,14:39:06
1608,1200,1929600,14:39:06
1608,400,643200,14:39:06
1608,200,321600,14:39:06
1608,200,321600,14:39:06
1608,100,160800,14:39:04
1608,200,321600,14:38:59
1608,300,482400,14:38:59
1608,400,643200,14:38:56
1608,300,482400,14:38:56
1608,100,160800,14:38:52
1608,200,321600,14:38:49
1607,100,160700,14:38:45
1608,200,321600,14:38:44
1607,500,803500,14:38:44
1606,400,642400,14:38:44
1608,200,321600,14:38:39
1608,100,160800,14:38:33
1607,100,160700,14:38:31
1608,1900,3055200,14:38:31
1608,200,321600,14:38:31
1609,100,160900,14:38:30
1608,1800,2894400,14:38:26
1608,200,321600,14:38:20
1607,100,160700,14:38:20
1607,100,160700,14:38:20
1607,1500,2410500,14:38:20
1607,200,321400,14:38:20
1607,300,482100,14:38:20
1607,500,803500,14:38:19
1606,200,321200,14:38:15
1606,200,321200,14:38:15
1605,1100,1765500,14:38:04
1605,300,481500,14:38:02
1604,100,160400,14:37:59
1603,100,160300,14:37:59
1604,100,160400,14:37:57
1604,100,160400,14:37:56
1603,200,320600,14:37:56
1603,200,320600,14:37:56
1601,200,320200,14:37:45
1602,100,160200,14:37:45
1602,100,160200,14:37:45
1602,300,480600,14:37:40
1603,500,801500,14:37:40
1602,200,320400,14:37:39
1603,200,320600,14:37:39
1604,100,160400,14:37:39
1603,200,320600,14:37:39
1605,200,321000,14:37:37
1604,100,160400,14:37:31
1604,100,160400,14:37:27
1604,100,160400,14:37:27
1604,800,1283200,14:37:27
1603,200,320600,14:37:27
1603,200,320600,14:37:27
1603,200,320600,14:37:27
1601,800,1280800,14:37:27
1602,700,1121400,14:37:27
1603,100,160300,14:37:27
1603,100,160300,14:37:27
1603,100,160300,14:37:22
1604,100,160400,14:37:21
1604,200,320800,14:37:18
1604,200,320800,14:36:59
1603,100,160300,14:36:59
1602,100,160200,14:36:57
1603,200,320600,14:36:57
1602,300,480600,14:36:57
1603,400,641200,14:36:57
1605,200,321000,14:36:55
1605,100,160500,14:36:45
1604,100,160400,14:36:45
1604,100,160400,14:36:45
1605,100,160500,14:36:45
1605,700,1123500,14:36:45
1606,500,803000,14:36:45
1606,1700,2730200,14:36:45
1605,500,802500,14:36:44
1605,100,160500,14:36:44
1606,300,481800,14:36:42
1605,100,160500,14:36:42
1605,200,321000,14:36:39
1605,100,160500,14:36:39
1605,100,160500,14:36:30
1605,100,160500,14:36:23
1606,100,160600,14:36:22
1605,300,481500,14:36:20
1605,100,160500,14:36:20
1604,100,160400,14:36:16
1604,100,160400,14:36:16
1604,100,160400,14:36:07
1604,200,320800,14:36:02
1603,200,320600,14:35:57
1603,200,320600,14:35:54
1603,300,480900,14:35:52
1603,100,160300,14:35:48
1604,100,160400,14:35:48
1605,100,160500,14:35:48
1605,100,160500,14:35:48
1606,100,160600,14:35:48
1605,100,160500,14:35:48
1606,100,160600,14:35:48
1605,4600,7383000,14:35:48
1606,2400,3854400,14:35:48
1605,4400,7062000,14:35:48
1604,1000,1604000,14:35:48
1603,300,480900,14:35:47
1602,400,640800,14:35:45
1601,900,1440900,14:35:45
1600,6600,10560000,14:35:42
1599,400,639600,14:35:42
1599,200,319800,14:35:42
1598,100,159800,14:35:41
1598,400,639200,14:35:41
1598,100,159800,14:35:38
1598,100,159800,14:35:38
1598,200,319600,14:35:38
1598,200,319600,14:35:15
1598,100,159800,14:35:15
1597,100,159700,14:35:03
1598,100,159800,14:34:49
1597,100,159700,14:34:42
1597,200,319400,14:34:22
1598,100,159800,14:34:17
1598,100,159800,14:34:16
1597,700,1117900,14:34:01
1598,100,159800,14:34:01
1598,800,1278400,14:33:55
1597,100,159700,14:33:50
1597,800,1277600,14:33:50
1596,100,159600,14:33:45
1596,100,159600,14:33:44
1596,1300,2074800,14:33:25
1595,600,957000,14:33:25
1594,5300,8448200,14:33:22
1594,3700,5897800,14:33:22
1595,1000,1595000,14:33:22
1596,200,319200,14:33:21
1596,100,159600,14:33:21
1597,100,159700,14:32:48
1598,100,159800,14:32:32
1597,100,159700,14:32:32
1598,100,159800,14:31:57
1597,200,319400,14:31:57
1598,1400,2237200,14:31:57
1597,1600,2555200,14:31:57
1596,200,319200,14:31:41
1596,100,159600,14:31:41
1596,200,319200,14:31:41
1596,600,957600,14:31:41
1596,100,159600,14:31:38
1596,200,319200,14:31:34
1596,200,319200,14:31:28
1596,100,159600,14:31:22
1597,100,159700,14:31:21
1595,1000,1595000,14:31:19
1596,1700,2713200,14:31:19
1597,100,159700,14:31:19
1598,100,159800,14:31:16
1598,100,159800,14:31:16
1598,100,159800,14:31:16
1598,200,319600,14:31:16
1598,100,159800,14:31:08
1598,300,479400,14:31:01
1598,100,159800,14:30:46
1596,600,957600,14:30:46
1597,400,638800,14:30:46
1598,700,1118600,14:30:46
1598,100,159800,14:30:43
1598,100,159800,14:30:43
1598,100,159800,14:30:43
1598,400,639200,14:30:36
1599,100,159900,14:30:36
1598,100,159800,14:30:36
1598,100,159800,14:30:29
1599,100,159900,14:30:29
1599,100,159900,14:30:29
1599,100,159900,14:30:29
1600,100,160000,14:30:17
1599,500,799500,14:30:16
1600,600,960000,14:30:16
1601,200,320200,14:30:14
1603,500,801500,14:30:14
1601,100,160100,14:30:14
1603,5700,9137100,14:30:14
1603,300,480900,14:30:14
1603,1700,2725100,14:30:14
1602,1400,2242800,14:30:14
1601,800,1280800,14:30:14
1600,100,160000,14:30:14
1600,100,160000,14:30:08
1600,100,160000,14:30:00
1600,400,640000,14:30:00
1600,3300,5280000,14:30:00
1599,1100,1758900,14:29:53
1599,100,159900,14:29:38
1599,300,479700,14:29:33
1599,100,159900,14:29:33
1598,2900,4634200,14:29:33
1597,100,159700,14:29:26
1597,100,159700,14:29:26
1596,900,1436400,14:29:26
1597,100,159700,14:29:26
1597,100,159700,14:29:13
1597,200,319400,14:29:13
1597,100,159700,14:29:12
1597,100,159700,14:29:04
1597,100,159700,14:29:02
1597,100,159700,14:28:56
1596,100,159600,14:28:54
1596,500,798000,14:28:41
1596,300,478800,14:28:34
1596,400,638400,14:28:34
1596,100,159600,14:28:27
1597,100,159700,14:28:19
1597,1100,1756700,14:28:19
1597,300,479100,14:28:19
1597,400,638800,14:28:19
1597,100,159700,14:28:19
1597,500,798500,14:28:19
1597,500,798500,14:28:19
1596,5200,8299200,14:28:19
1595,1300,2073500,14:28:19
1594,600,956400,14:28:08
1593,200,318600,14:28:01
1592,100,159200,14:27:55
1592,100,159200,14:27:55
1592,200,318400,14:27:43
1592,100,159200,14:27:06
1592,200,318400,14:26:58
1590,100,159000,14:25:57
1591,100,159100,14:25:55
1589,200,317800,14:25:54
1590,100,159000,14:25:54
1589,100,158900,14:25:53
1590,300,477000,14:25:53
1591,1000,1591000,14:25:37
1592,100,159200,14:25:36
1592,100,159200,14:24:36
1592,100,159200,14:24:36
1592,100,159200,14:24:36
1592,100,159200,14:24:36
1592,100,159200,14:24:36
1592,100,159200,14:24:36
1593,1000,1593000,14:24:36
1592,700,1114400,14:24:36
1591,100,159100,14:24:21
1590,100,159000,14:24:04
1591,200,318200,14:24:04
1590,100,159000,14:24:04
1591,100,159100,14:24:03
1591,100,159100,14:23:58
1591,100,159100,14:23:55
1591,100,159100,14:23:25
1590,100,159000,14:23:25
1590,500,795000,14:23:17
1591,100,159100,14:23:17
1591,100,159100,14:22:48
1592,100,159200,14:22:46
1592,200,318400,14:22:29
1591,400,636400,14:22:29
1592,700,1114400,14:22:29
1592,500,796000,14:22:12
1593,100,159300,14:21:41
1593,500,796500,14:21:41
1593,100,159300,14:21:40
1594,100,159400,14:21:28
1593,200,318600,14:21:17
1593,400,637200,14:21:13
1593,200,318600,14:20:42
1594,100,159400,14:20:27
1593,100,159300,14:20:23
1593,200,318600,14:20:03
1592,100,159200,14:19:57
1592,400,636800,14:19:56
1593,100,159300,14:19:53
1594,600,956400,14:19:47
1593,500,796500,14:19:47
1592,300,477600,14:19:38
1591,200,318200,14:19:37
1590,100,159000,14:19:37
1590,100,159000,14:19:33
1591,100,159100,14:19:33
1589,100,158900,14:19:28
1590,1500,2385000,14:19:28
1591,300,477300,14:19:28
1591,300,477300,14:19:28
1592,100,159200,14:19:28
1593,600,955800,14:19:21
1593,100,159300,14:19:20
1594,800,1275200,14:19:20
1595,2200,3509000,14:19:20
1596,500,798000,14:19:20
1597,200,319400,14:19:20
1597,200,319400,14:19:19
1597,100,159700,14:19:15
1597,100,159700,14:19:15
1597,100,159700,14:19:10
1597,200,319400,14:19:04
1596,200,319200,14:18:56
1598,200,319600,14:18:56
1597,800,1277600,14:18:56
1595,100,159500,14:18:48
1595,600,957000,14:18:37
1596,100,159600,14:18:37
1595,300,478500,14:18:28
1596,800,1276800,14:18:22
1595,1200,1914000,14:18:22
1594,100,159400,14:18:00
1594,400,637600,14:17:30
1594,100,159400,14:17:30
1594,100,159400,14:17:25
1594,200,318800,14:17:25
1594,700,1115800,14:17:25
1594,100,159400,14:17:16
1594,100,159400,14:17:02
1593,1000,1593000,14:16:54
1592,3300,5253600,14:16:54
1591,100,159100,14:16:47
1590,400,636000,14:16:36
1591,500,795500,14:16:36
1590,400,636000,14:16:34
1591,200,318200,14:16:20
1591,100,159100,14:16:14
1591,100,159100,14:16:07
1591,700,1113700,14:15:51
1592,100,159200,14:15:42
1593,100,159300,14:15:24
1593,100,159300,14:15:21
1592,200,318400,14:15:12
1591,200,318200,14:14:59
1591,300,477300,14:14:54
1590,1000,1590000,14:14:37
1589,300,476700,14:14:37
1589,700,1112300,14:14:24
1589,100,158900,14:14:18
1589,600,953400,14:14:12
1588,300,476400,14:14:12
1588,100,158800,14:14:12
1588,200,317600,14:14:11
1589,100,158900,14:14:02
1589,100,158900,14:14:02
1588,200,317600,14:13:57
1589,1500,2383500,14:13:43
1588,200,317600,14:13:39
1589,100,158900,14:13:39
1589,100,158900,14:13:33
1589,100,158900,14:13:30
1588,1600,2540800,14:13:30
1587,1300,2063100,14:13:30
1586,100,158600,14:13:30
1585,100,158500,14:13:30
1585,1100,1743500,14:13:30
1586,1800,2854800,14:13:30
1586,300,475800,14:13:24
1585,100,158500,14:13:23
1585,100,158500,14:13:22
1585,100,158500,14:13:19
1585,500,792500,14:13:14
1584,100,158400,14:13:14
1584,100,158400,14:13:13
1583,100,158300,14:13:12
1584,100,158400,14:13:08
1584,1800,2851200,14:13:08
1583,200,316600,14:13:06
1584,100,158400,14:12:56
1583,100,158300,14:12:54
1583,100,158300,14:12:52
1582,100,158200,14:12:45
1583,100,158300,14:12:41
1583,300,474900,14:12:35
1582,400,632800,14:12:35
1583,1400,2216200,14:12:35
1582,200,316400,14:12:35
1582,100,158200,14:12:28
1582,100,158200,14:12:07
1581,200,316200,14:12:01
1581,200,316200,14:12:01
1581,100,158100,14:12:01
1581,1300,2055300,14:12:01
1582,700,1107400,14:12:01
1582,100,158200,14:12:01
1583,100,158300,14:11:57
1584,100,158400,14:11:55
1586,600,951600,14:11:40
1585,1800,2853000,14:11:40
1584,600,950400,14:11:40
1584,1700,2692800,14:11:40
1584,100,158400,14:11:40
1584,100,158400,14:11:37
1585,100,158500,14:11:34
1585,200,317000,14:11:22
1585,100,158500,14:11:19
1585,500,792500,14:11:08
1585,300,475500,14:11:08
1585,400,634000,14:11:08
1585,100,158500,14:11:08
1585,400,634000,14:11:08
1585,100,158500,14:11:08
1585,1400,2219000,14:11:08
1586,100,158600,14:11:08
1586,300,475800,14:11:00
1587,100,158700,14:10:52
1587,100,158700,14:10:35
1587,100,158700,14:10:35
1587,200,317400,14:10:31
1586,100,158600,14:10:28
1586,100,158600,14:10:28
1585,100,158500,14:10:26
1585,100,158500,14:10:26
1585,100,158500,14:10:25
1585,200,317000,14:10:24
1587,200,317400,14:10:22
1588,100,158800,14:10:19
1589,100,158900,14:10:06
1589,100,158900,14:10:06
1589,100,158900,14:10:06
1589,100,158900,14:10:03
1589,100,158900,14:09:53
1588,100,158800,14:09:53
1587,300,476100,14:09:48
1587,100,158700,14:09:48
1587,100,158700,14:09:48
1586,200,317200,14:09:48
1586,900,1427400,14:09:48
1586,200,317200,14:09:48
1587,200,317400,14:09:48
1587,900,1428300,14:09:48
1588,500,794000,14:09:48
1589,400,635600,14:09:47
1589,100,158900,14:09:47
1588,500,794000,14:09:47
1588,900,1429200,14:09:47
1589,100,158900,14:09:46
1590,500,795000,14:09:46
1589,200,317800,14:09:46
1589,100,158900,14:09:29
1589,500,794500,14:09:29
1589,500,794500,14:09:29
1589,200,317800,14:09:22
1589,100,158900,14:09:21
1590,300,477000,14:09:20
1590,2100,3339000,14:09:20
1590,500,795000,14:09:20
1590,100,159000,14:09:20
1591,100,159100,14:09:12
1592,100,159200,14:09:07
1592,700,1114400,14:09:07
1593,100,159300,14:08:47
1593,100,159300,14:08:47
1593,200,318600,14:08:41
1593,100,159300,14:08:41
1594,200,318800,14:08:22
1594,100,159400,14:08:08
1594,200,318800,14:08:00
1595,100,159500,14:07:47
1595,100,159500,14:07:47
1595,100,159500,14:07:42
1595,100,159500,14:07:41
1596,200,319200,14:07:34
1596,1100,1755600,14:07:22
1595,100,159500,14:07:16
1594,100,159400,14:07:12
1594,100,159400,14:07:08
1595,200,319000,14:07:00
1594,400,637600,14:06:56
1594,100,159400,14:06:56
1594,100,159400,14:06:48
1595,100,159500,14:06:47
1595,200,319000,14:06:47
1594,500,797000,14:06:47
1594,200,318800,14:06:47
1594,100,159400,14:06:47
1595,100,159500,14:06:44
1594,200,318800,14:06:39
1594,200,318800,14:06:38
1593,500,796500,14:06:38
1593,100,159300,14:06:32
1593,100,159300,14:06:25
1595,2100,3349500,14:06:23
1596,300,478800,14:06:23
1596,100,159600,14:06:20
1596,600,957600,14:06:19
1597,400,638800,14:05:43
1596,1100,1755600,14:05:34
1597,100,159700,14:05:32
1597,100,159700,14:05:20
1597,200,319400,14:05:13
1597,100,159700,14:05:13
1596,100,159600,14:04:59
1596,100,159600,14:04:49
1596,100,159600,14:04:40
1595,1300,2073500,14:04:40
1596,200,319200,14:04:40
1596,700,1117200,14:04:40
1597,100,159700,14:04:29
1596,200,319200,14:04:20
1597,100,159700,14:04:16
1597,100,159700,14:04:12
1597,100,159700,14:04:10
1597,1200,1916400,14:04:02
1597,100,159700,14:04:02
1598,300,479400,14:04:00
1598,100,159800,14:03:59
1598,100,159800,14:03:57
1597,100,159700,14:03:49
1598,300,479400,14:03:49
1600,200,320000,14:03:45
1599,200,319800,14:03:45
1598,500,799000,14:03:31
1599,1200,1918800,14:03:31
1600,100,160000,14:03:31
1600,600,960000,14:03:31
1600,2400,3840000,14:03:31
1600,3000,4800000,14:03:31
1600,200,320000,14:03:30
1599,1000,1599000,14:03:29
1599,100,159900,14:03:29
1598,4400,7031200,14:03:29
1597,1100,1756700,14:03:29
1596,600,957600,14:03:02
1596,100,159600,14:02:59
1596,100,159600,14:02:57
1595,100,159500,14:02:40
1595,100,159500,14:02:39
1595,300,478500,14:02:29
1595,1300,2073500,14:02:26
1594,100,159400,14:02:10
1594,100,159400,14:02:06
1594,100,159400,14:02:06
1594,100,159400,14:01:34
1594,1000,1594000,14:01:34
1595,100,159500,14:01:16
1594,100,159400,14:01:16
1594,100,159400,14:00:46
1594,100,159400,14:00:46
1594,400,637600,14:00:40
1594,100,159400,14:00:40
1594,200,318800,14:00:30
1594,100,159400,13:59:58
1595,400,638000,13:59:54
1594,100,159400,13:59:52
1596,1700,2713200,13:59:52
1595,1200,1914000,13:59:52
1594,2200,3506800,13:59:52
1595,200,319000,13:59:43
1594,100,159400,13:59:36
1595,300,478500,13:59:24
1594,600,956400,13:59:24
1594,600,956400,13:59:24
1594,300,478200,13:59:24
1594,100,159400,13:59:17
1594,100,159400,13:59:16
1594,200,318800,13:59:05
1594,100,159400,13:58:44
1594,400,637600,13:58:35
1593,100,159300,13:58:35
1593,100,159300,13:58:17
1593,100,159300,13:57:54
1592,400,636800,13:57:51
1593,100,159300,13:57:49
1592,100,159200,13:57:44
1593,600,955800,13:57:30
1593,100,159300,13:57:26
1593,300,477900,13:57:22
1593,100,159300,13:57:11
1592,100,159200,13:57:07
1593,100,159300,13:56:14
1592,100,159200,13:56:13
1592,100,159200,13:55:51
1592,200,318400,13:55:47
1592,100,159200,13:55:10
1590,100,159000,13:55:05
1591,100,159100,13:55:05
1591,500,795500,13:55:03
1592,200,318400,13:55:02
1593,100,159300,13:54:53
1592,100,159200,13:54:51
1592,100,159200,13:54:51
1593,100,159300,13:54:49
1592,100,159200,13:54:47
1593,100,159300,13:54:47
1592,300,477600,13:54:45
1592,700,1114400,13:54:45
1592,300,477600,13:54:39
1592,300,477600,13:54:39
1592,100,159200,13:54:39
1592,800,1273600,13:54:39
1592,200,318400,13:54:39
1592,500,796000,13:54:32
1592,200,318400,13:54:31
1593,300,477900,13:54:29
1593,100,159300,13:54:27
1593,200,318600,13:54:27
1593,100,159300,13:54:27
1593,500,796500,13:54:15
1594,100,159400,13:54:10
1594,100,159400,13:53:57
1594,200,318800,13:53:57
1593,100,159300,13:53:53
1593,300,477900,13:53:50
1593,500,796500,13:53:45
1593,100,159300,13:53:45
1593,100,159300,13:53:34
1590,2500,3975000,13:53:28
1590,1200,1908000,13:53:28
1590,100,159000,13:53:28
1590,2600,4134000,13:53:28
1591,1900,3022900,13:53:28
1592,1400,2228800,13:53:28
1593,300,477900,13:53:28
1593,100,159300,13:53:28
1593,100,159300,13:53:27
1594,100,159400,13:53:27
1595,300,478500,13:53:27
1595,100,159500,13:53:27
1596,100,159600,13:53:13
1597,1100,1756700,13:53:13
1597,100,159700,13:53:06
1596,100,159600,13:53:05
1597,100,159700,13:52:55
1596,100,159600,13:52:50
1596,200,319200,13:52:50
1596,900,1436400,13:52:45
1595,100,159500,13:52:45
1595,100,159500,13:52:38
1595,200,319000,13:52:38
1595,200,319000,13:52:30
1594,300,478200,13:52:20
1595,600,957000,13:52:20
1594,100,159400,13:52:20
1595,100,159500,13:52:20
1595,100,159500,13:52:20
1596,100,159600,13:52:12
1597,300,479100,13:52:12
1598,200,319600,13:52:08
1597,200,319400,13:52:07
1598,100,159800,13:52:07
1598,400,639200,13:52:01
1598,100,159800,13:51:59
1598,600,958800,13:51:59
1600,100,160000,13:51:52
1599,300,479700,13:51:52
1598,200,319600,13:51:51
1599,100,159900,13:51:49
1599,300,479700,13:51:49
1597,700,1117900,13:51:48
1598,300,479400,13:51:48
1600,100,160000,13:51:48
1599,100,159900,13:51:47
1600,100,160000,13:51:47
1601,300,480300,13:51:47
1600,1100,1760000,13:51:47
1601,200,320200,13:51:47
1602,100,160200,13:51:47
1602,200,320400,13:51:47
1602,100,160200,13:51:47
1601,9700,15529700,13:51:47
1601,600,960600,13:51:47
1601,10000,16010000,13:51:47
1601,500,800500,13:51:47
1600,100,160000,13:51:47
1600,500,800000,13:51:46
1601,100,160100,13:51:46
1601,700,1120700,13:51:46
1601,800,1280800,13:51:46
1599,100,159900,13:51:46
1599,100,159900,13:51:46
1600,17200,27520000,13:51:46
1599,1400,2238600,13:51:46
1598,100,159800,13:51:46
1599,2800,4477200,13:51:46
1598,200,319600,13:51:46
1597,100,159700,13:51:40
1597,200,319400,13:51:31
1598,500,799000,13:51:31
1598,500,799000,13:51:31
1598,500,799000,13:51:29
1598,100,159800,13:51:27
1597,200,319400,13:51:23
1597,100,159700,13:51:15
1597,1200,1916400,13:51:15
1597,1200,1916400,13:51:15
1596,200,319200,13:51:15
1596,200,319200,13:51:15
1596,1800,2872800,13:51:15
1596,100,159600,13:51:14
1596,900,1436400,13:51:05
1595,800,1276000,13:51:05
1594,200,318800,13:51:00
1594,100,159400,13:51:00
1594,100,159400,13:50:48
1594,100,159400,13:50:21
1594,100,159400,13:50:15
1594,100,159400,13:50:15
1594,700,1115800,13:50:15
1594,100,159400,13:50:13
1594,100,159400,13:50:08
1593,700,1115100,13:50:07
1592,200,318400,13:50:02
1593,200,318600,13:49:56
1594,100,159400,13:49:50
1595,200,319000,13:49:48
1594,100,159400,13:49:47
1594,300,478200,13:49:46
1594,200,318800,13:49:46
1595,100,159500,13:49:36
1595,100,159500,13:49:36
1595,100,159500,13:49:35
1595,600,957000,13:49:32
1594,100,159400,13:49:29
1595,100,159500,13:49:27
1596,600,957600,13:49:23
1595,200,319000,13:49:23
1595,200,319000,13:49:23
1595,2000,3190000,13:49:23
1595,800,1276000,13:49:23
1594,1000,1594000,13:49:22
1593,400,637200,13:49:21
1593,100,159300,13:49:18
1593,100,159300,13:49:13
1593,100,159300,13:48:58
1592,100,159200,13:48:26
1592,100,159200,13:48:23
1592,1400,2228800,13:48:02
1592,200,318400,13:48:02
1592,100,159200,13:47:56
1592,400,636800,13:47:41
1593,1100,1752300,13:47:33
1592,200,318400,13:47:33
1592,100,159200,13:47:27
1592,200,318400,13:47:09
1591,600,954600,13:47:04
1592,100,159200,13:47:04
1592,100,159200,13:46:48
1593,100,159300,13:46:45
1593,800,1274400,13:46:42
1593,900,1433700,13:46:42
1593,100,159300,13:46:42
1592,4600,7323200,13:46:42
1591,1000,1591000,13:46:42
1591,100,159100,13:46:42
1590,400,636000,13:46:36
1590,1100,1749000,13:46:36
1589,100,158900,13:46:26
1589,200,317800,13:46:06
1589,200,317800,13:46:00
1589,300,476700,13:45:26
1586,800,1268800,13:45:14
1587,1200,1904400,13:45:14
1588,400,635200,13:45:13
1588,2400,3811200,13:45:11
1588,100,158800,13:45:11
1588,500,794000,13:45:08
1588,700,1111600,13:45:08
1588,100,158800,13:44:45
1589,700,1112300,13:44:29
1590,200,318000,13:44:10
1590,100,159000,13:44:10
1590,100,159000,13:44:10
1590,100,159000,13:43:51
1590,100,159000,13:43:51
1590,1400,2226000,13:43:51
1590,100,159000,13:43:41
1590,100,159000,13:43:05
1590,100,159000,13:43:05
1590,100,159000,13:43:01
1590,500,795000,13:43:01
1590,200,318000,13:43:01
1589,100,158900,13:42:32
1590,1000,1590000,13:42:17
1589,1300,2065700,13:42:16
1589,100,158900,13:42:09
1589,100,158900,13:41:40
1588,100,158800,13:41:34
1588,100,158800,13:41:25
1588,500,794000,13:41:00
1588,500,794000,13:41:00
1588,100,158800,13:40:54
1588,200,317600,13:40:51
1589,100,158900,13:40:33
1590,100,159000,13:40:27
1590,600,954000,13:40:27
1589,100,158900,13:40:21
1588,300,476400,13:40:21
1589,100,158900,13:40:21
1589,600,953400,13:40:15
1589,200,317800,13:39:36
1590,100,159000,13:38:54
1590,400,636000,13:38:39
1590,500,795000,13:38:39
1590,500,795000,13:38:39
1589,100,158900,13:38:26
1589,500,794500,13:38:11
1589,100,158900,13:37:51
1591,200,318200,13:36:44
1592,100,159200,13:36:26
1592,100,159200,13:36:20
1591,100,159100,13:35:58
1591,200,318200,13:35:55
1591,100,159100,13:35:49
1591,100,159100,13:35:42
1591,100,159100,13:35:36
1591,300,477300,13:35:30
1590,2200,3498000,13:35:30
1590,100,159000,13:35:30
1590,100,159000,13:35:09
1589,200,317800,13:35:08
1589,100,158900,13:34:55
1589,200,317800,13:34:53
1589,100,158900,13:34:48
1589,100,158900,13:34:42
1589,100,158900,13:34:33
1589,100,158900,13:34:33
1589,100,158900,13:34:28
1590,100,159000,13:34:24
1589,400,635600,13:34:21
1588,200,317600,13:34:08
1587,100,158700,13:33:59
1586,100,158600,13:33:55
1587,100,158700,13:33:38
1587,100,158700,13:33:36
1587,200,317400,13:33:33
1586,1300,2061800,13:33:33
1585,600,951000,13:33:17
1585,100,158500,13:33:13
1586,200,317200,13:33:13
1587,200,317400,13:33:02
1587,100,158700,13:32:38
1587,1000,1587000,13:32:34
1586,100,158600,13:32:01
1588,200,317600,13:31:50
1589,700,1112300,13:31:16
1589,100,158900,13:31:00
1588,300,476400,13:31:00
1589,100,158900,13:30:39
1588,400,635200,13:30:39
1587,100,158700,13:30:35
1587,100,158700,13:30:25
1587,100,158700,13:30:17
1587,100,158700,13:30:04
1588,200,317600,13:29:56
1587,100,158700,13:29:56
1587,200,317400,13:29:56
1587,100,158700,13:29:56
1586,400,634400,13:29:56
1586,200,317200,13:29:22
1587,200,317400,13:29:22
1588,100,158800,13:29:21
1586,100,158600,13:29:21
1587,300,476100,13:29:21
1588,100,158800,13:29:20
1588,400,635200,13:28:58
1587,200,317400,13:28:50
1587,100,158700,13:28:36
1587,100,158700,13:28:26
1588,400,635200,13:28:12
1587,200,317400,13:28:09
1587,200,317400,13:28:04
1587,600,952200,13:28:04
1587,300,476100,13:28:04
1587,2300,3650100,13:28:04
1587,100,158700,13:27:49
1587,100,158700,13:27:48
1587,100,158700,13:27:45
1588,100,158800,13:27:33
1588,100,158800,13:27:29
1588,100,158800,13:27:21
1588,100,158800,13:27:17
1588,100,158800,13:27:14
1588,100,158800,13:26:58
1588,100,158800,13:26:55
1588,100,158800,13:26:44
1588,100,158800,13:26:39
1588,1900,3017200,13:26:36
1589,100,158900,13:26:21
1590,200,318000,13:26:10
1589,100,158900,13:26:08
1590,1000,1590000,13:26:06
1588,100,158800,13:26:05
1589,100,158900,13:26:02
1590,200,318000,13:26:02
1591,100,159100,13:25:55
1591,100,159100,13:25:49
1590,100,159000,13:25:46
1591,300,477300,13:25:46
1590,1300,2067000,13:25:46
1590,1000,1590000,13:25:46
1589,100,158900,13:25:38
1589,100,158900,13:25:30
1589,100,158900,13:25:30
1590,100,159000,13:25:29
1589,200,317800,13:25:11
1589,100,158900,13:25:01
1589,100,158900,13:24:53
1589,100,158900,13:24:43
1589,300,476700,13:24:27
1589,100,158900,13:24:22
1589,100,158900,13:24:16
1590,100,159000,13:23:52
1588,200,317600,13:23:51
1589,100,158900,13:23:51
1590,100,159000,13:23:50
1588,200,317600,13:23:43
1589,100,158900,13:23:41
1589,100,158900,13:23:38
1590,100,159000,13:23:25
1590,200,318000,13:23:20
1590,100,159000,13:23:09
1589,700,1112300,13:23:05
1589,400,635600,13:23:05
1588,600,952800,13:22:40
1587,200,317400,13:22:38
1588,100,158800,13:22:38
1589,100,158900,13:22:38
1589,100,158900,13:22:25
1588,300,476400,13:22:25
1587,100,158700,13:22:24
1587,100,158700,13:22:24
1587,100,158700,13:22:20
1587,100,158700,13:22:20
1587,100,158700,13:22:19
1588,100,158800,13:22:16
1588,300,476400,13:22:11
1588,800,1270400,13:22:11
1589,100,158900,13:22:07
1589,400,635600,13:22:02
1589,100,158900,13:21:58
1589,100,158900,13:21:58
1589,100,158900,13:21:55
1590,100,159000,13:21:54
1590,300,477000,13:21:54
1589,100,158900,13:21:51
1590,1400,2226000,13:21:51
1590,1000,1590000,13:21:51
1591,500,795500,13:21:45
1592,400,636800,13:21:45
1592,1300,2069600,13:21:45
1592,1100,1751200,13:21:45
1592,1600,2547200,13:21:45
1593,100,159300,13:21:45
1593,500,796500,13:21:43
1593,100,159300,13:21:43
1593,500,796500,13:21:36
1594,100,159400,13:21:28
1595,100,159500,13:21:26
1595,300,478500,13:21:25
1594,100,159400,13:21:24
1595,500,797500,13:21:20
1594,400,637600,13:21:18
1595,200,319000,13:21:16
1595,100,159500,13:21:15
1595,100,159500,13:21:06
1595,100,159500,13:21:03
1594,100,159400,13:21:03
1595,100,159500,13:21:02
1593,300,477900,13:21:02
1594,100,159400,13:20:58
1594,200,318800,13:20:58
1594,100,159400,13:20:57
1595,1100,1754500,13:20:56
1596,100,159600,13:20:56
1598,200,319600,13:20:56
1596,200,319200,13:20:56
1596,100,159600,13:20:56
1597,100,159700,13:20:56
1597,200,319400,13:20:56
1596,100,159600,13:20:56
1596,200,319200,13:20:56
1596,200,319200,13:20:56
1598,3200,5113600,13:20:56
1598,100,159800,13:20:56
1595,200,319000,13:20:56
1595,100,159500,13:20:56
1595,100,159500,13:20:56
1594,1000,1594000,13:20:56
1595,900,1435500,13:20:56
1595,100,159500,13:20:56
1596,400,638400,13:20:56
1597,5100,8144700,13:20:56
1597,300,479100,13:20:56
1597,300,479100,13:20:56
1597,100,159700,13:20:56
1596,3300,5266800,13:20:56
1595,5500,8772500,13:20:56
1594,1100,1753400,13:20:56
1593,200,318600,13:20:45
1593,100,159300,13:20:45
1593,100,159300,13:20:42
1592,300,477600,13:20:40
1592,200,318400,13:20:40
1591,200,318200,13:20:39
1592,100,159200,13:20:34
1592,500,796000,13:20:33
1593,500,796500,13:20:22
1592,100,159200,13:20:22
1592,100,159200,13:20:22
1592,2200,3502400,13:20:22
1592,900,1432800,13:20:22
1592,100,159200,13:20:17
1592,300,477600,13:20:17
1592,1300,2069600,13:19:59
1591,100,159100,13:19:57
1590,100,159000,13:19:53
1591,600,954600,13:19:53
1591,400,636400,13:19:53
1591,100,159100,13:19:50
1591,800,1272800,13:19:45
1590,1000,1590000,13:19:43
1591,500,795500,13:19:41
1591,300,477300,13:19:41
1590,100,159000,13:19:32
1590,100,159000,13:19:30
1590,100,159000,13:19:28
1590,100,159000,13:19:13
1590,100,159000,13:18:56
1589,500,794500,13:18:46
1590,100,159000,13:18:45
1589,100,158900,13:18:28
1591,100,159100,13:18:26
1591,200,318200,13:18:25
1590,800,1272000,13:18:25
1589,300,476700,13:18:19
1589,300,476700,13:18:13
1589,300,476700,13:18:10
1589,100,158900,13:18:05
1589,400,635600,13:17:58
1588,1000,1588000,13:17:58
1587,200,317400,13:17:50
1587,100,158700,13:17:46
1587,200,317400,13:17:43
1587,100,158700,13:17:36
1587,900,1428300,13:17:32
1587,200,317400,13:17:31
1586,100,158600,13:17:31
1586,300,475800,13:17:31
1587,100,158700,13:17:20
1587,200,317400,13:17:17
1587,100,158700,13:17:12
1586,100,158600,13:17:12
1586,100,158600,13:17:12
1585,100,158500,13:17:03
1585,1600,2536000,13:16:59
1585,100,158500,13:16:59
1585,100,158500,13:16:59
1584,100,158400,13:16:29
1584,100,158400,13:16:23
1584,100,158400,13:16:17
1584,100,158400,13:16:08
1584,100,158400,13:16:08
1585,100,158500,13:15:56
1585,500,792500,13:15:54
1584,100,158400,13:15:53
1585,100,158500,13:15:53
1585,500,792500,13:15:48
1586,100,158600,13:15:40
1585,100,158500,13:15:37
1585,100,158500,13:15:32
1585,400,634000,13:15:26
1584,100,158400,13:15:24
1585,100,158500,13:15:18
1585,100,158500,13:15:17
1583,200,316600,13:15:16
1584,400,633600,13:15:16
1584,100,158400,13:15:16
1584,500,792000,13:14:52
1583,100,158300,13:14:52
1583,100,158300,13:14:52
1584,100,158400,13:14:52
1583,1100,1741300,13:14:46
1582,300,474600,13:14:42
1581,300,474300,13:14:42
1581,100,158100,13:14:42
1581,100,158100,13:14:42
1580,3800,6004000,13:14:42
1579,900,1421100,13:14:42
1579,900,1421100,13:14:36
1578,100,157800,13:14:36
1578,100,157800,13:14:31
1579,600,947400,13:14:24
1578,100,157800,13:14:08
1578,200,315600,13:14:01
1578,100,157800,13:13:52
1576,1700,2679200,13:13:51
1577,300,473100,13:13:51
1578,800,1262400,13:13:50
1577,200,315400,13:13:50
1577,100,157700,13:13:37
1578,1000,1578000,13:13:35
1577,100,157700,13:13:27
1576,100,157600,13:13:17
1578,100,157800,13:13:16
1577,200,315400,13:13:16
1576,200,315200,13:13:15
1575,100,157500,13:13:10
1576,100,157600,13:13:10
1576,100,157600,13:13:09
1575,2900,4567500,13:13:09
1576,400,630400,13:13:09
1577,100,157700,13:13:09
1576,100,157600,13:12:59
1576,2300,3624800,13:12:58
1576,200,315200,13:12:58
1577,700,1103900,13:12:54
1578,300,473400,13:12:53
1579,1200,1894800,13:12:52
1580,2200,3476000,13:12:52
1581,1800,2845800,13:12:52
1582,500,791000,13:12:52
1584,100,158400,13:12:46
1582,200,316400,13:12:45
1583,300,474900,13:12:45
1583,200,316600,13:12:44
1582,100,158200,13:12:09
1583,1000,1583000,13:12:08
1584,200,316800,13:12:08
1583,300,474900,13:12:06
1584,100,158400,13:11:58
1584,100,158400,13:11:47
1582,2500,3955000,13:11:29
1582,100,158200,13:11:27
1583,700,1108100,13:11:16
1583,100,158300,13:11:01
1583,1400,2216200,13:10:58
1583,200,316600,13:10:52
1583,1700,2691100,13:10:51
1583,200,316600,13:10:50
1584,100,158400,13:10:45
1584,400,633600,13:10:41
1586,100,158600,13:10:40
1585,100,158500,13:10:40
1583,2500,3957500,13:10:38
1581,100,158100,13:10:28
1582,100,158200,13:10:27
1583,100,158300,13:10:27
1582,700,1107400,13:10:27
1581,100,158100,13:10:26
1581,600,948600,13:10:25
1582,100,158200,13:10:22
1581,100,158100,13:10:21
1580,600,948000,13:10:21
1579,100,157900,13:10:18
1579,600,947400,13:10:16
1578,1600,2524800,13:10:14
1578,1000,1578000,13:10:14
1577,4900,7727300,13:10:08
1577,100,157700,13:10:08
1577,100,157700,13:10:05
1577,200,315400,13:09:59
1577,100,157700,13:09:55
1577,600,946200,13:09:55
1577,100,157700,13:09:53
1577,100,157700,13:09:42
1577,100,157700,13:09:39
1578,100,157800,13:09:39
1576,600,945600,13:09:39
1577,100,157700,13:09:39
1577,400,630800,13:09:36
1578,600,946800,13:09:36
1579,100,157900,13:09:34
1579,900,1421100,13:09:32
1578,300,473400,13:09:32
1577,200,315400,13:09:32
1577,1200,1892400,13:09:32
1578,100,157800,13:09:32
1578,100,157800,13:09:31
1579,100,157900,13:09:31
1579,200,315800,13:09:31
1577,100,157700,13:09:31
1578,200,315600,13:09:31
1579,100,157900,13:09:30
1580,100,158000,13:09:27
1580,300,474000,13:09:23
1581,100,158100,13:09:23
1581,100,158100,13:09:23
1581,100,158100,13:09:22
1580,100,158000,13:09:22
1581,100,158100,13:09:22
1581,100,158100,13:09:21
1581,100,158100,13:09:21
1581,100,158100,13:09:21
1579,1400,2210600,13:09:21
1580,5400,8532000,13:09:21
1581,1800,2845800,13:09:21
1582,2000,3164000,13:09:21
1583,500,791500,13:09:21
1584,500,792000,13:09:21
1584,100,158400,13:09:21
1584,100,158400,13:09:20
1585,300,475500,13:09:20
1586,100,158600,13:09:19
1586,200,317200,13:09:15
1588,700,1111600,13:09:15
1589,100,158900,13:09:15
1590,3700,5883000,13:09:14
1590,200,318000,13:09:14
1591,1400,2227400,13:09:08
1592,2000,3184000,13:09:08
1593,1100,1752300,13:09:08
1593,100,159300,13:09:08
1593,2500,3982500,13:08:48
1592,100,159200,13:08:47
1592,100,159200,13:08:41
1592,100,159200,13:08:35
1592,1200,1910400,13:08:33
1592,800,1273600,13:08:28
1593,100,159300,13:08:23
1593,600,955800,13:08:22
1592,100,159200,13:08:13
1592,100,159200,13:08:11
1592,200,318400,13:08:07
1592,400,636800,13:08:07
1594,200,318800,13:08:06
1593,200,318600,13:08:06
1592,100,159200,13:07:52
1592,100,159200,13:07:45
1592,100,159200,13:07:44
1592,100,159200,13:07:24
1592,100,159200,13:07:22
1591,200,318200,13:07:21
1591,100,159100,13:07:21
1592,100,159200,13:07:20
1592,200,318400,13:07:19
1593,500,796500,13:07:12
1592,100,159200,13:07:07
1593,100,159300,13:07:07
1592,4200,6686400,13:07:07
1592,200,318400,13:07:07
1592,200,318400,13:06:59
1592,100,159200,13:06:59
1593,100,159300,13:06:50
1591,100,159100,13:06:50
1592,100,159200,13:06:50
1592,100,159200,13:06:49
1593,400,637200,13:06:48
1592,700,1114400,13:06:48
1592,100,159200,13:06:48
1591,100,159100,13:06:48
1591,4700,7477700,13:06:48
1591,100,159100,13:06:38
1592,100,159200,13:06:12
1591,100,159100,13:06:12
1590,200,318000,13:06:06
1590,100,159000,13:06:02
1591,100,159100,13:05:59
1590,2300,3657000,13:05:59
1589,2100,3336900,13:05:59
1587,100,158700,13:05:52
1588,100,158800,13:05:52
1589,100,158900,13:05:45
1589,100,158900,13:05:44
1587,400,634800,13:05:44
1588,100,158800,13:05:39
1588,100,158800,13:05:28
1589,100,158900,13:05:12
1587,100,158700,13:05:00
1587,200,317400,13:05:00
1587,100,158700,13:05:00
1587,500,793500,13:05:00
1588,3400,5399200,13:05:00
1588,200,317600,13:05:00
1588,1300,2064400,13:05:00
1590,1100,1749000,13:05:00
1591,200,318200,13:04:53
1591,100,159100,13:04:44
1592,200,318400,13:04:41
1591,100,159100,13:04:37
1591,2100,3341100,13:04:34
1592,100,159200,13:04:22
1591,100,159100,13:04:19
1591,100,159100,13:04:17
1591,100,159100,13:04:11
1591,100,159100,13:04:11
1591,100,159100,13:04:09
1591,100,159100,13:04:09
1591,400,636400,13:04:08
1591,600,954600,13:03:53
1592,700,1114400,13:03:52
1592,800,1273600,13:03:52
1591,300,477300,13:03:52
1592,100,159200,13:03:52
1591,100,159100,13:03:40
1592,200,318400,13:03:39
1592,500,796000,13:03:39
1591,100,159100,13:03:29
1591,200,318200,13:03:18
1592,100,159200,13:03:18
1590,100,159000,13:03:11
1591,600,954600,13:03:08
1590,100,159000,13:03:06
1590,100,159000,13:02:53
1589,100,158900,13:02:53
1589,300,476700,13:02:47
1588,100,158800,13:02:47
1589,600,953400,13:02:41
1588,100,158800,13:02:33
1588,100,158800,13:02:33
1589,200,317800,13:02:24
1588,100,158800,13:02:18
1588,100,158800,13:02:18
1589,300,476700,13:02:14
1589,300,476700,13:02:10
1588,100,158800,13:02:08
1588,400,635200,13:01:47
1586,100,158600,13:01:42
1587,600,952200,13:01:41
1589,100,158900,13:01:41
1589,100,158900,13:01:41
1589,100,158900,13:01:41
1589,500,794500,13:01:41
1589,100,158900,13:01:41
1589,100,158900,13:01:41
1590,100,159000,13:01:41
1589,100,158900,13:01:41
1589,100,158900,13:01:41
1590,3000,4770000,13:01:41
1590,1900,3021000,13:01:41
1590,6500,10335000,13:01:41
1588,100,158800,13:01:41
1589,2200,3495800,13:01:41
1588,200,317600,13:01:35
1587,100,158700,13:01:35
1586,600,951600,13:01:35
1587,200,317400,13:01:35
1587,100,158700,13:01:29
1587,100,158700,13:01:26
1588,400,635200,13:01:19
1587,100,158700,13:01:16
1587,100,158700,13:01:14
1587,100,158700,13:01:04
1586,200,317200,13:01:04
1585,100,158500,13:01:02
1585,100,158500,13:01:00
1586,100,158600,13:00:58
1586,100,158600,13:00:57
1588,2100,3334800,13:00:57
1589,800,1271200,13:00:50
1589,100,158900,13:00:50
1590,100,159000,13:00:43
1589,100,158900,13:00:42
1589,200,317800,13:00:42
1589,900,1430100,13:00:42
1589,700,1112300,13:00:42
1590,200,318000,13:00:34
1590,1500,2385000,13:00:34
1590,100,159000,13:00:31
1589,300,476700,13:00:31
1589,100,158900,13:00:24
1589,100,158900,13:00:24
1589,100,158900,13:00:20
1589,100,158900,13:00:19
1589,200,317800,13:00:14
1589,600,953400,13:00:10
1588,2100,3334800,13:00:10
1587,100,158700,13:00:10
1588,100,158800,13:00:06
1586,300,475800,12:59:50
1586,100,158600,12:59:33
1587,100,158700,12:59:30
1587,600,952200,12:59:28
1587,1000,1587000,12:59:19
1586,900,1427400,12:59:19
1585,200,317000,12:59:19
1585,100,158500,12:59:16
1584,300,475200,12:59:16
1584,100,158400,12:59:16
1584,400,633600,12:59:11
1584,2000,3168000,12:59:11
1582,200,316400,12:59:11
1583,100,158300,12:59:02
1582,200,316400,12:58:57
1583,200,316600,12:58:57
1584,400,633600,12:58:48
1583,100,158300,12:58:48
1582,600,949200,12:58:48
1583,200,316600,12:58:46
1584,300,475200,12:58:36
1585,100,158500,12:58:34
1585,300,475500,12:58:32
1585,500,792500,12:58:32
1585,900,1426500,12:58:32
1585,100,158500,12:58:31
1586,200,317200,12:58:30
1586,100,158600,12:58:27
1586,100,158600,12:58:17
1586,100,158600,12:58:15
1587,400,634800,12:58:06
1587,100,158700,12:57:59
1587,200,317400,12:57:59
1589,100,158900,12:57:57
1588,100,158800,12:57:57
1588,100,158800,12:57:57
1588,900,1429200,12:57:57
1587,700,1110900,12:57:57
1587,100,158700,12:57:56
1586,200,317200,12:57:55
1585,700,1109500,12:57:55
1583,100,158300,12:57:47
1585,400,634000,12:57:46
1584,300,475200,12:57:46
1584,100,158400,12:57:42
1584,300,475200,12:57:41
1584,200,316800,12:57:40
1584,100,158400,12:57:40
1583,200,316600,12:57:38
1583,100,158300,12:57:37
1583,100,158300,12:57:30
1585,200,317000,12:57:30
1583,100,158300,12:57:28
1582,200,316400,12:57:27
1583,100,158300,12:57:27
1584,1300,2059200,12:57:27
1581,100,158100,12:57:27
1583,300,474900,12:57:27
1581,1400,2213400,12:57:27
1582,300,474600,12:57:27
1584,200,316800,12:57:10
1585,100,158500,12:57:10
1584,100,158400,12:57:08
1586,100,158600,12:57:07
1586,300,475800,12:57:05
1585,2200,3487000,12:57:03
1585,1000,1585000,12:57:03
1585,600,951000,12:57:03
1586,400,634400,12:57:03
1585,100,158500,12:57:03
1585,200,317000,12:57:00
1585,100,158500,12:56:57
1585,200,317000,12:56:52
1586,100,158600,12:56:52
1586,1000,1586000,12:56:52
1585,100,158500,12:56:52
1582,900,1423800,12:56:52
1583,1800,2849400,12:56:52
1584,1400,2217600,12:56:52
1585,300,475500,12:56:52
1586,600,951600,12:56:52
1587,100,158700,12:56:49
1587,100,158700,12:56:42
1588,1700,2699600,12:56:41
1587,2300,3650100,12:56:41
1586,100,158600,12:56:41
1584,200,316800,12:56:41
1585,200,317000,12:56:41
1587,100,158700,12:56:25
1587,100,158700,12:56:24
1587,100,158700,12:56:23
1587,300,476100,12:56:13
1588,500,794000,12:56:13
1587,100,158700,12:56:13
1587,200,317400,12:56:13
1587,200,317400,12:56:13
1585,1700,2694500,12:56:13
1586,2200,3489200,12:56:13
1587,100,158700,12:56:13
1587,400,634800,12:56:07
1589,100,158900,12:56:07
1588,400,635200,12:56:07
1589,200,317800,12:55:59
1590,100,159000,12:55:57
1590,200,318000,12:55:57
1590,400,636000,12:55:48
1591,100,159100,12:55:44
1592,100,159200,12:55:40
1592,500,796000,12:55:25
1592,100,159200,12:55:25
1591,500,795500,12:55:25
1591,200,318200,12:55:25
1592,200,318400,12:55:25
1591,300,477300,12:55:25
1592,1400,2228800,12:55:25
1594,100,159400,12:55:21
1595,100,159500,12:55:20
1595,700,1116500,12:55:20
1594,1300,2072200,12:55:20
1593,500,796500,12:55:20
1593,400,637200,12:55:20
1593,100,159300,12:55:13
1591,100,159100,12:55:02
1592,100,159200,12:55:01
1590,500,795000,12:55:01
1591,1800,2863800,12:55:01
1592,300,477600,12:55:01
1592,1000,1592000,12:54:59
1593,1100,1752300,12:54:57
1592,100,159200,12:54:50
1592,100,159200,12:54:50
1592,100,159200,12:54:50
1593,100,159300,12:54:50
1592,100,159200,12:54:45
1592,100,159200,12:54:45
1591,200,318200,12:54:44
1591,100,159100,12:54:44
1591,300,477300,12:54:44
1592,100,159200,12:54:42
1591,100,159100,12:54:40
1591,100,159100,12:54:40
1592,500,796000,12:54:39
1590,4300,6837000,12:54:39
1588,100,158800,12:54:34
1590,600,954000,12:54:34
1589,400,635600,12:54:34
1588,1000,1588000,12:54:34
1587,100,158700,12:54:34
1586,100,158600,12:54:32
1585,700,1109500,12:54:32
1586,100,158600,12:54:32
1586,100,158600,12:54:26
1587,100,158700,12:54:26
1587,400,634800,12:54:23
1587,500,793500,12:54:23
1587,200,317400,12:54:23
1587,100,158700,12:54:22
1588,600,952800,12:54:19
1589,100,158900,12:54:11
1589,100,158900,12:54:07
1589,100,158900,12:54:04
1589,100,158900,12:54:03
1589,300,476700,12:54:00
1589,800,1271200,12:54:00
1590,100,159000,12:53:56
1590,100,159000,12:53:55
1590,1000,1590000,12:53:55
1591,800,1272800,12:53:48
1592,600,955200,12:53:44
1591,600,954600,12:53:44
1590,500,795000,12:53:44
1590,200,318000,12:53:37
1588,100,158800,12:53:35
1589,200,317800,12:53:35
1590,300,477000,12:53:31
1591,600,954600,12:53:28
1590,100,159000,12:53:28
1590,100,159000,12:53:28
1590,300,477000,12:53:26
1590,100,159000,12:53:19
1590,2400,3816000,12:53:19
1591,200,318200,12:53:19
1592,100,159200,12:53:13
1591,1800,2863800,12:53:12
1592,1600,2547200,12:53:12
1593,900,1433700,12:53:12
1593,300,477900,12:53:09
1593,200,318600,12:53:09
1592,200,318400,12:53:06
1592,1900,3024800,12:53:01
1593,700,1115100,12:53:01
1593,100,159300,12:53:01
1592,1600,2547200,12:52:56
1592,400,636800,12:52:52
1592,600,955200,12:52:50
1590,100,159000,12:52:48
1590,100,159000,12:52:48
1590,1100,1749000,12:52:48
1590,2600,4134000,12:52:48
1591,500,795500,12:52:48
1591,100,159100,12:52:44
1595,1600,2552000,12:52:44
1594,1700,2709800,12:52:44
1593,2300,3663900,12:52:44
1592,3000,4776000,12:52:44
1591,1000,1591000,12:52:44
1590,300,477000,12:52:44
1590,100,159000,12:52:43
1590,1200,1908000,12:52:43
1591,700,1113700,12:52:42
1591,300,477300,12:52:42
1590,100,159000,12:52:37
1592,300,477600,12:52:33
1591,100,159100,12:52:33
1590,1800,2862000,12:52:32
1590,300,477000,12:52:31
1590,400,636000,12:52:31
1592,100,159200,12:52:30
1592,100,159200,12:52:25
1591,200,318200,12:52:25
1591,100,159100,12:52:23
1591,200,318200,12:52:23
1592,100,159200,12:52:20
1591,400,636400,12:52:17
1590,500,795000,12:52:12
1591,300,477300,12:52:12
1591,1500,2386500,12:52:12
1592,800,1273600,12:52:12
1594,100,159400,12:52:08
1593,600,955800,12:52:07
1595,500,797500,12:52:04
1594,100,159400,12:51:59
1594,400,637600,12:51:59
1593,1200,1911600,12:51:56
1593,100,159300,12:51:56
1592,1000,1592000,12:51:56
1591,100,159100,12:51:54
1591,500,795500,12:51:44
1590,100,159000,12:51:44
1590,700,1113000,12:51:44
1589,500,794500,12:51:44
1588,500,794000,12:51:44
1587,200,317400,12:51:39
1585,400,634000,12:51:39
1586,1300,2061800,12:51:39
1587,200,317400,12:51:39
1588,200,317600,12:51:38
1587,300,476100,12:51:38
1588,500,794000,12:51:38
1589,100,158900,12:51:38
1588,300,476400,12:51:38
1589,200,317800,12:51:33
1588,100,158800,12:51:30
1589,200,317800,12:51:28
1587,100,158700,12:51:27
1587,100,158700,12:51:27
1587,100,158700,12:51:26
1588,100,158800,12:51:26
1588,100,158800,12:51:25
1589,300,476700,12:51:22
1589,200,317800,12:51:22
1590,100,159000,12:51:19
1590,300,477000,12:51:19
1590,100,159000,12:51:19
1590,1600,2544000,12:51:19
1590,900,1431000,12:51:19
1590,1600,2544000,12:51:19
1590,1000,1590000,12:51:19
1590,2300,3657000,12:51:18
1591,200,318200,12:51:18
1591,100,159100,12:51:09
1592,100,159200,12:51:09
1591,700,1113700,12:51:09
1593,100,159300,12:51:02
1591,100,159100,12:51:01
1592,200,318400,12:51:00
1593,200,318600,12:50:59
1593,200,318600,12:50:57
1593,100,159300,12:50:55
1594,100,159400,12:50:54
1593,100,159300,12:50:54
1594,100,159400,12:50:49
1593,100,159300,12:50:46
1595,100,159500,12:50:44
1594,600,956400,12:50:41
1592,100,159200,12:50:40
1594,800,1275200,12:50:39
1592,100,159200,12:50:39
1593,100,159300,12:50:37
1592,100,159200,12:50:34
1592,300,477600,12:50:34
1590,600,954000,12:50:34
1591,100,159100,12:50:34
1592,300,477600,12:50:34
1593,100,159300,12:50:33
1594,100,159400,12:50:32
1593,100,159300,12:50:32
1593,100,159300,12:50:31
1593,300,477900,12:50:30
1593,100,159300,12:50:29
1594,100,159400,12:50:29
1593,100,159300,12:50:28
1593,800,1274400,12:50:28
1591,100,159100,12:50:28
1591,100,159100,12:50:28
1592,400,636800,12:50:26
1593,400,637200,12:50:23
1592,100,159200,12:50:23
1592,100,159200,12:50:22
1592,100,159200,12:50:22
1592,100,159200,12:50:21
1592,100,159200,12:50:21
1591,200,318200,12:50:21
1591,1700,2704700,12:50:20
1592,100,159200,12:50:20
1593,600,955800,12:50:19
1592,100,159200,12:50:14
1593,100,159300,12:50:12
1595,100,159500,12:50:12
1594,100,159400,12:50:08
1594,900,1434600,12:50:08
1594,1100,1753400,12:50:08
1593,500,796500,12:50:06
1593,500,796500,12:50:06
1592,100,159200,12:50:05
1594,100,159400,12:50:05
1592,1000,1592000,12:50:04
1593,100,159300,12:50:04
1594,100,159400,12:50:03
1593,600,955800,12:50:03
1595,200,319000,12:50:02
1593,100,159300,12:50:01
1593,100,159300,12:50:00
1596,100,159600,12:49:56
1595,400,638000,12:49:56
1594,2200,3506800,12:49:56
1595,200,319000,12:49:56
1595,1100,1754500,12:49:56
1595,100,159500,12:49:56
1596,800,1276800,12:49:55
1596,100,159600,12:49:54
1595,100,159500,12:49:54
1595,100,159500,12:49:50
1596,100,159600,12:49:48
1595,100,159500,12:49:45
1596,100,159600,12:49:44
1595,100,159500,12:49:44
1594,100,159400,12:49:39
1594,100,159400,12:49:37
1595,900,1435500,12:49:37
1595,1300,2073500,12:49:37
1596,400,638400,12:49:37
1596,300,478800,12:49:37
1596,100,159600,12:49:37
1598,200,319600,12:49:37
1597,100,159700,12:49:37
1598,3400,5433200,12:49:33
1597,1500,2395500,12:49:33
1596,400,638400,12:49:33
1595,300,478500,12:49:33
1594,100,159400,12:49:31
1595,100,159500,12:49:29
1595,100,159500,12:49:29
1595,400,638000,12:49:29
1596,100,159600,12:49:29
1596,300,478800,12:49:29
1596,2600,4149600,12:49:29
1595,100,159500,12:49:29
1595,100,159500,12:49:28
1595,1400,2233000,12:49:26
1594,100,159400,12:49:26
1593,100,159300,12:49:26
1595,900,1435500,12:49:26
1594,100,159400,12:49:26
1595,400,638000,12:49:25
1594,100,159400,12:49:25
1594,200,318800,12:49:25
1593,100,159300,12:49:23
1594,100,159400,12:49:19
1593,200,318600,12:49:19
1593,200,318600,12:49:18
1594,100,159400,12:49:18
1593,100,159300,12:49:16
1592,100,159200,12:49:14
1590,200,318000,12:49:12
1591,100,159100,12:49:11
1592,100,159200,12:49:10
1592,100,159200,12:49:10
1595,100,159500,12:49:09
1593,300,477900,12:49:09
1594,1900,3028600,12:49:09
1593,600,955800,12:49:09
1592,700,1114400,12:49:09
1592,100,159200,12:49:06
1591,100,159100,12:49:05
1591,600,954600,12:49:05
1591,200,318200,12:49:05
1590,3300,5247000,12:49:05
1590,2900,4611000,12:49:03
1589,300,476700,12:49:03
1587,100,158700,12:49:03
1588,100,158800,12:48:56
1589,100,158900,12:48:55
1590,1300,2067000,12:48:55
1589,600,953400,12:48:55
1587,100,158700,12:48:51
1589,100,158900,12:48:49
1590,200,318000,12:48:48
1589,500,794500,12:48:48
1589,100,158900,12:48:48
1589,500,794500,12:48:48
1588,200,317600,12:48:48
1588,500,794000,12:48:48
1589,200,317800,12:48:48
1589,100,158900,12:48:48
1589,100,158900,12:48:48
1590,200,318000,12:48:48
1589,100,158900,12:48:48
1589,100,158900,12:48:48
1589,600,953400,12:48:48
1589,200,317800,12:48:48
1589,100,158900,12:48:48
1588,6400,10163200,12:48:48
1588,800,1270400,12:48:48
1587,100,158700,12:48:48
1587,1600,2539200,12:48:47
1587,100,158700,12:48:47
1585,100,158500,12:48:47
1587,900,1428300,12:48:47
1586,11900,18873400,12:48:47
1586,500,793000,12:48:47
1586,100,158600,12:48:47
1586,900,1427400,12:48:47
1585,8300,13155500,12:48:47
1584,2000,3168000,12:48:47
1583,2200,3482600,12:48:47
1582,100,158200,12:48:46
1582,600,949200,12:48:38
1581,200,316200,12:48:34
1582,400,632800,12:48:34
1581,1400,2213400,12:48:34
1580,100,158000,12:48:31
1580,200,316000,12:48:28
1579,600,947400,12:48:24
1580,200,316000,12:48:24
1580,100,158000,12:48:02
1579,300,473700,12:47:54
1579,200,315800,12:47:54
1580,100,158000,12:47:51
1580,200,316000,12:47:50
1580,200,316000,12:47:50
1580,200,316000,12:47:50
1581,100,158100,12:47:25
1579,200,315800,12:47:19
1579,100,157900,12:47:17
1580,400,632000,12:47:15
1580,100,158000,12:47:15
1578,500,789000,12:46:53
1579,400,631600,12:46:53
1580,600,948000,12:46:48
1581,100,158100,12:46:34
1581,200,316200,12:46:32
1580,400,632000,12:46:31
1579,100,157900,12:46:16
1579,100,157900,12:46:15
1579,100,157900,12:46:05
1580,1100,1738000,12:46:05
1581,200,316200,12:46:01
1581,200,316200,12:45:56
1582,500,791000,12:45:52
1582,100,158200,12:45:52
1581,1000,1581000,12:45:44
1580,1200,1896000,12:45:27
1579,1100,1736900,12:45:22
1578,400,631200,12:45:18
1578,100,157800,12:45:17
1578,200,315600,12:44:57
1578,100,157800,12:44:44
1577,200,315400,12:44:40
1579,100,157900,12:44:36
1578,100,157800,12:44:36
1579,200,315800,12:44:30
1580,500,790000,12:44:18
1579,400,631600,12:44:18
1579,200,315800,12:43:59
1580,500,790000,12:43:50
1581,200,316200,12:43:38
1581,100,158100,12:43:38
1581,2100,3320100,12:43:15
1581,400,632400,12:43:15
1582,100,158200,12:43:10
1582,400,632800,12:43:03
1581,100,158100,12:42:59
1581,100,158100,12:42:53
1580,100,158000,12:42:42
1581,200,316200,12:42:42
1581,100,158100,12:42:39
1579,100,157900,12:42:37
1579,400,631600,12:42:37
1580,200,316000,12:42:37
1580,200,316000,12:42:30
1581,100,158100,12:42:30
1581,100,158100,12:42:30
1581,200,316200,12:42:30
1581,1400,2213400,12:42:30
1581,600,948600,12:42:30
1582,200,316400,12:42:25
1581,700,1106700,12:42:13
1581,500,790500,12:42:13
1582,1000,1582000,12:42:04
1581,100,158100,12:41:52
1581,200,316200,12:41:49
1581,100,158100,12:41:47
1580,500,790000,12:41:43
1581,100,158100,12:41:43
1582,100,158200,12:41:43
1581,300,474300,12:41:41
1581,200,316200,12:41:41
1581,100,158100,12:41:37
1581,100,158100,12:41:32
1580,300,474000,12:41:24
1580,100,158000,12:41:21
1581,100,158100,12:41:21
1580,100,158000,12:41:18
1580,500,790000,12:41:11
1582,200,316400,12:41:09
1582,2100,3322200,12:41:09
1582,2600,4113200,12:41:09
1581,300,474300,12:41:09
1581,200,316200,12:41:07
1581,300,474300,12:41:06
1580,1500,2370000,12:41:06
1580,100,158000,12:41:04
1580,300,474000,12:41:00
1579,400,631600,12:40:59
1579,400,631600,12:40:51
1578,100,157800,12:40:47
1578,200,315600,12:40:35
1579,400,631600,12:40:34
1581,200,316200,12:40:30
1581,100,158100,12:40:27
1580,400,632000,12:40:27
1580,100,158000,12:40:25
1580,3100,4898000,12:40:25
1581,100,158100,12:40:25
1581,1800,2845800,12:40:25
1581,100,158100,12:40:21
1581,100,158100,12:40:17
1581,100,158100,12:40:15
1580,100,158000,12:40:13
1580,600,948000,12:40:09
1581,100,158100,12:40:06
1580,500,790000,12:40:06
1580,100,158000,12:40:06
1580,100,158000,12:39:59
1579,100,157900,12:39:56
1578,100,157800,12:39:53
1578,100,157800,12:39:49
1578,100,157800,12:39:48
1578,200,315600,12:39:41
1578,400,631200,12:39:41
1579,100,157900,12:39:41
1579,200,315800,12:39:28
1579,100,157900,12:39:25
1579,200,315800,12:39:25
1579,200,315800,12:39:25
1579,200,315800,12:39:25
1579,1000,1579000,12:39:25
1579,100,157900,12:39:23
1578,200,315600,12:39:15
1579,100,157900,12:39:04
1579,100,157900,12:39:03
1580,100,158000,12:38:58
1581,100,158100,12:38:58
1582,100,158200,12:38:58
1582,100,158200,12:38:58
1582,100,158200,12:38:58
1582,100,158200,12:38:58
1583,100,158300,12:38:58
1582,100,158200,12:38:58
1582,900,1423800,12:38:58
1581,400,632400,12:38:58
1580,6600,10428000,12:38:58
1579,2300,3631700,12:38:58
1578,1000,1578000,12:38:58
1578,1100,1735800,12:38:58
1577,1000,1577000,12:38:58
1577,600,946200,12:38:58
1577,100,157700,12:38:44
1576,100,157600,12:38:42
1576,200,315200,12:38:40
1576,100,157600,12:38:29
1576,600,945600,12:38:27
1576,100,157600,12:38:18
1575,100,157500,12:38:14
1577,100,157700,12:38:11
1576,100,157600,12:38:08
1576,100,157600,12:38:03
1575,100,157500,12:37:53
1576,600,945600,12:37:53
1574,500,787000,12:37:51
1575,100,157500,12:37:51
1576,100,157600,12:37:42
1575,200,315000,12:37:40
1575,600,945000,12:37:40
1576,100,157600,12:37:39
1577,100,157700,12:37:38
1576,100,157600,12:37:29
1576,300,472800,12:37:21
1577,100,157700,12:37:16
1577,100,157700,12:37:14
1576,200,315200,12:37:13
1576,100,157600,12:37:13
1577,500,788500,12:37:12
1576,100,157600,12:37:09
1575,100,157500,12:37:09
1576,100,157600,12:37:08
1576,100,157600,12:37:05
1576,100,157600,12:37:05
1576,200,315200,12:37:05
1577,300,473100,12:37:02
1577,600,946200,12:37:02
1577,500,788500,12:37:02
1576,100,157600,12:37:01
1576,1000,1576000,12:36:55
1575,100,157500,12:36:55
1575,100,157500,12:36:50
1574,1000,1574000,12:36:44
1575,100,157500,12:36:44
1575,100,157500,12:36:44
1575,100,157500,12:36:38
1575,1700,2677500,12:36:38
1574,100,157400,12:36:31
1574,100,157400,12:36:31
1574,100,157400,12:36:30
1574,100,157400,12:36:27
1574,1000,1574000,12:36:26
1574,100,157400,12:36:20
1575,100,157500,12:36:19
1575,200,315000,12:36:06
1574,500,787000,12:36:06
1574,100,157400,12:36:03
1573,100,157300,12:36:02
1572,100,157200,12:35:53
1573,100,157300,12:35:50
1574,100,157400,12:35:42
1572,100,157200,12:35:35
1572,100,157200,12:35:28
1572,200,314400,12:35:28
1573,100,157300,12:35:24
1573,100,157300,12:35:10
1573,300,471900,12:35:07
1572,300,471600,12:35:07
1572,100,157200,12:35:00
1572,100,157200,12:35:00
1572,200,314400,12:35:00
1573,1000,1573000,12:34:57
1573,100,157300,12:34:47
1573,400,629200,12:34:46
1574,1100,1731400,12:34:45
1574,200,314800,12:34:29
1575,100,157500,12:34:27
1575,2500,3937500,12:34:24
1575,1000,1575000,12:34:16
1574,3500,5509000,12:34:15
1573,200,314600,12:34:15
1572,1200,1886400,12:34:15
1571,200,314200,12:34:08
1571,100,157100,12:34:02
1571,100,157100,12:34:00
1571,200,314200,12:33:50
1571,100,157100,12:33:41
1571,200,314200,12:33:34
1572,3100,4873200,12:33:34
1572,100,157200,12:33:27
1572,100,157200,12:33:20
1573,300,471900,12:33:20
1572,500,786000,12:33:12
1572,400,628800,12:33:12
1571,100,157100,12:32:56
1572,500,786000,12:32:56
1572,100,157200,12:32:41
1570,100,157000,12:32:33
1571,100,157100,12:32:32
1571,400,628400,12:32:20
1570,600,942000,12:32:20
1568,400,627200,12:32:10
1569,300,470700,12:32:09
1569,1200,1882800,12:31:56
1570,100,157000,12:31:55
1569,500,784500,12:31:44
1570,400,628000,12:31:44
1571,100,157100,12:31:42
1572,100,157200,12:31:41
1572,300,471600,12:31:38
1572,100,157200,12:31:21
1571,100,157100,12:31:21
1571,200,314200,12:31:19
1572,100,157200,12:31:16
1572,100,157200,12:31:13
1574,300,472200,12:31:07
1575,100,157500,12:31:02
1574,200,314800,12:31:02
1572,500,786000,12:31:01
1573,300,471900,12:31:01
1574,100,157400,12:31:01
1575,100,157500,12:30:55
1575,100,157500,12:30:53
1574,300,472200,12:30:53
1572,1200,1886400,12:30:52
1571,900,1413900,12:30:52
1570,800,1256000,12:30:39
1572,100,157200,12:30:38
1572,200,314400,12:30:14
1573,200,314600,12:30:11
1574,400,629600,12:30:07
1574,100,157400,12:30:05
1574,100,157400,12:30:05
1574,300,472200,12:30:05
1574,300,472200,12:30:05
1573,300,471900,12:30:02
1574,400,629600,12:30:01
1575,1200,1890000,12:30:01
1578,200,315600,12:30:01
1578,200,315600,12:30:00
1577,600,946200,12:30:00
1576,400,630400,12:30:00
1573,100,157300,12:30:00
1574,600,944400,12:30:00
1575,400,630000,12:30:00
1576,100,157600,12:30:00
1577,7700,12142900,12:30:00
1577,400,630800,12:30:00
1576,800,1260800,12:30:00
1575,9600,15120000,12:30:00
1574,100,157400,12:30:00
1574,100,157400,12:30:00
1574,1400,2203600,12:30:00
1573,200,314600,12:30:00
1571,100,157100,12:30:00
1572,300,471600,12:30:00
1572,300,471600,12:30:00
1571,900,1413900,12:30:00
1570,300,471000,12:30:00
1569,500,784500,12:30:00
1569,2700,4236300,12:30:00
1569,5000,7845000,11:30:00
1569,100,156900,11:29:43
1569,100,156900,11:29:28
1570,100,157000,11:29:07
1570,800,1256000,11:28:56
1570,100,157000,11:28:53
1571,800,1256800,11:28:53
1570,200,314000,11:28:53
1569,300,470700,11:28:53
1570,300,471000,11:28:50
1571,400,628400,11:28:39
1571,200,314200,11:28:39
1572,600,943200,11:28:35
1572,300,471600,11:28:28
1572,100,157200,11:28:17
1572,100,157200,11:28:17
1572,200,314400,11:28:16
1572,100,157200,11:28:06
1572,100,157200,11:27:58
1573,200,314600,11:27:50
1573,600,943800,11:27:50
1572,100,157200,11:27:47
1572,300,471600,11:27:46
1573,100,157300,11:27:39
1574,800,1259200,11:27:32
1575,100,157500,11:27:32
1575,200,315000,11:27:32
1575,100,157500,11:27:32
1575,100,157500,11:27:32
1576,100,157600,11:27:32
1576,100,157600,11:27:32
1575,100,157500,11:27:32
1575,200,315000,11:27:32
1576,1600,2521600,11:27:32
1576,100,157600,11:27:32
1575,4600,7245000,11:27:32
1574,1300,2046200,11:27:32
1573,100,157300,11:27:27
1573,100,157300,11:27:25
1573,100,157300,11:27:21
1571,100,157100,11:27:19
1572,100,157200,11:27:19
1573,100,157300,11:27:17
1573,700,1101100,11:27:17
1574,1300,2046200,11:27:17
1573,100,157300,11:27:09
1572,100,157200,11:27:09
1573,200,314600,11:27:09
1572,100,157200,11:27:06
1573,200,314600,11:27:06
1573,100,157300,11:27:01
1573,400,629200,11:26:52
1573,200,314600,11:26:48
1573,100,157300,11:26:17
1573,200,314600,11:26:17
1572,300,471600,11:26:17
1573,500,786500,11:26:17
1573,600,943800,11:26:17
1573,700,1101100,11:25:57
1573,100,157300,11:25:50
1573,400,629200,11:25:47
1572,3500,5502000,11:25:47
1572,400,628800,11:25:42
1572,400,628800,11:25:42
1572,200,314400,11:25:42
1571,500,785500,11:25:37
1572,100,157200,11:25:31
1573,300,471900,11:25:27
1572,200,314400,11:25:27
1572,100,157200,11:25:27
1572,400,628800,11:25:27
1572,100,157200,11:25:21
1573,400,629200,11:25:21
1573,100,157300,11:25:21
1573,900,1415700,11:25:21
1573,100,157300,11:25:20
1573,100,157300,11:25:15
1573,1000,1573000,11:25:07
1572,1800,2829600,11:25:07
1571,100,157100,11:25:07
1571,500,785500,11:25:05
1570,300,471000,11:25:05
1571,300,471300,11:25:05
1571,500,785500,11:25:05
1571,500,785500,11:25:05
1571,100,157100,11:25:05
1570,1500,2355000,11:25:05
1570,5100,8007000,11:25:05
1569,1100,1725900,11:25:05
1568,100,156800,11:25:05
1568,5900,9251200,11:25:05
1567,1300,2037100,11:25:05
1566,700,1096200,11:25:05
1565,200,313000,11:24:37
1565,200,313000,11:24:37
1566,200,313200,11:24:06
1565,100,156500,11:24:03
1564,200,312800,11:24:03
1565,200,313000,11:24:03
1565,300,469500,11:23:22
1564,300,469200,11:23:09
1565,100,156500,11:22:46
1564,100,156400,11:22:34
1563,100,156300,11:22:28
1564,100,156400,11:22:05
1564,200,312800,11:21:44
1563,100,156300,11:21:44
1563,300,468900,11:21:37
1563,100,156300,11:21:37
1564,100,156400,11:21:14
1563,100,156300,11:20:30
1564,200,312800,11:20:30
1564,100,156400,11:20:18
1564,100,156400,11:20:10
1564,100,156400,11:20:10
1564,100,156400,11:20:00
1563,100,156300,11:19:47
1562,100,156200,11:19:44
1561,1200,1873200,11:19:26
1561,800,1248800,11:19:25
1562,300,468600,11:19:00
1562,200,312400,11:18:56
1561,100,156100,11:17:49
1560,200,312000,11:17:35
1560,100,156000,11:17:35
1559,100,155900,11:17:15
1559,400,623600,11:17:04
1560,100,156000,11:16:12
1560,100,156000,11:16:08
1560,100,156000,11:16:07
1560,300,468000,11:16:07
1560,100,156000,11:16:01
1561,200,312200,11:15:57
1561,100,156100,11:15:57
1562,500,781000,11:15:48
1561,100,156100,11:15:44
1561,100,156100,11:15:34
1561,100,156100,11:15:25
1562,200,312400,11:15:25
1561,100,156100,11:15:20
1562,100,156200,11:15:18
1561,100,156100,11:15:18
1561,300,468300,11:15:16
1562,200,312400,11:15:08
1562,100,156200,11:14:33
1561,100,156100,11:14:27
1561,200,312200,11:14:26
1562,200,312400,11:14:23
1562,100,156200,11:13:47
1562,100,156200,11:13:29
1561,100,156100,11:12:40
1561,100,156100,11:12:34
1561,100,156100,11:12:03
1562,100,156200,11:11:57
1562,300,468600,11:11:53
1562,200,312400,11:11:52
1562,500,781000,11:11:52
1561,100,156100,11:11:41
1562,200,312400,11:11:17
1562,100,156200,11:11:17
1562,200,312400,11:11:16
1562,200,312400,11:10:58
1564,300,469200,11:10:55
1564,100,156400,11:10:54
1565,100,156500,11:10:54
1565,1400,2191000,11:10:53
1566,700,1096200,11:10:53
1566,100,156600,11:10:53
1567,700,1096900,11:10:49
1567,1300,2037100,11:10:49
1566,200,313200,11:10:49
1565,1600,2504000,11:10:36
1565,100,156500,11:10:34
1564,100,156400,11:10:32
1564,100,156400,11:10:29
1563,200,312600,11:10:29
1563,2800,4376400,11:10:29
1563,100,156300,11:10:18
1563,300,468900,11:09:57
1563,200,312600,11:09:37
1565,400,626000,11:09:30
1565,100,156500,11:09:30
1565,400,626000,11:09:27
1564,100,156400,11:09:27
1564,300,469200,11:09:26
1564,100,156400,11:09:26
1564,400,625600,11:09:18
1564,100,156400,11:09:18
1564,400,625600,11:09:18
1564,100,156400,11:09:13
1563,900,1406700,11:09:13
1562,100,156200,11:09:13
1562,200,312400,11:08:54
1562,200,312400,11:08:45
1561,100,156100,11:08:44
1560,1100,1716000,11:08:44
1559,5600,8730400,11:08:44
1558,200,311600,11:08:44
1558,100,155800,11:08:40
1559,100,155900,11:08:28
1559,100,155900,11:08:28
1558,300,467400,11:08:28
1557,3200,4982400,11:08:20
1557,1500,2335500,11:08:20
1558,200,311600,11:08:20
1560,800,1248000,11:08:20
1561,100,156100,11:08:16
1561,200,312200,11:08:09
1562,100,156200,11:07:57
1562,100,156200,11:07:27
1562,100,156200,11:07:16
1561,200,312200,11:06:57
1561,200,312200,11:06:57
1561,100,156100,11:06:39
1561,100,156100,11:06:31
1562,100,156200,11:06:12
1562,200,312400,11:06:04
1561,100,156100,11:06:01
1562,300,468600,11:05:55
1563,100,156300,11:05:52
1563,300,468900,11:05:52
1563,400,625200,11:05:52
1563,100,156300,11:05:52
1562,900,1405800,11:05:50
1561,200,312200,11:05:27
1561,500,780500,11:05:27
1559,100,155900,11:05:21
1559,100,155900,11:05:21
1558,300,467400,11:05:21
1559,100,155900,11:05:21
1560,200,312000,11:05:20
1561,400,624400,11:05:04
1561,100,156100,11:04:57
1560,400,624000,11:04:52
1561,100,156100,11:04:52
1562,100,156200,11:04:45
1562,100,156200,11:04:37
1562,500,781000,11:04:35
1562,100,156200,11:04:35
1562,300,468600,11:04:33
1561,200,312200,11:04:32
1560,100,156000,11:04:26
1561,1800,2809800,11:04:09
1560,200,312000,11:03:40
1560,100,156000,11:03:40
1560,100,156000,11:03:40
1560,100,156000,11:03:29
1560,100,156000,11:03:29
1561,100,156100,11:03:14
1561,200,312200,11:03:13
1561,100,156100,11:03:00
1561,100,156100,11:02:55
1561,300,468300,11:02:50
1560,100,156000,11:02:28
1561,100,156100,11:02:22
1560,100,156000,11:02:19
1560,500,780000,11:02:07
1560,200,312000,11:01:40
1560,500,780000,11:01:40
1559,200,311800,11:01:39
1558,500,779000,11:01:36
1557,100,155700,11:01:21
1556,100,155600,11:01:21
1555,500,777500,11:01:21
1555,100,155500,11:01:14
1554,100,155400,11:00:24
1555,200,311000,11:00:22
1556,100,155600,10:59:56
1556,100,155600,10:59:02
1557,100,155700,10:58:04
1557,100,155700,10:58:04
1556,500,778000,10:57:54
1556,100,155600,10:57:54
1555,700,1088500,10:57:53
1554,100,155400,10:57:17
1554,200,310800,10:57:17
1554,100,155400,10:57:14
1554,100,155400,10:56:38
1554,200,310800,10:55:10
1554,700,1087800,10:54:45
1552,300,465600,10:54:19
1553,200,310600,10:54:19
1554,100,155400,10:54:07
1555,1100,1710500,10:54:01
1555,300,466500,10:54:01
1557,100,155700,10:53:38
1556,200,311200,10:53:26
1557,800,1245600,10:52:58
1556,100,155600,10:52:45
1557,800,1245600,10:52:37
1558,100,155800,10:52:17
1558,100,155800,10:52:10
1558,300,467400,10:51:59
1558,100,155800,10:51:50
1558,100,155800,10:51:45
1557,300,467100,10:51:44
1557,200,311400,10:51:11
1556,100,155600,10:51:11
1556,300,466800,10:51:11
1558,100,155800,10:51:03
1558,100,155800,10:50:41
1559,100,155900,10:50:39
1558,100,155800,10:50:38
1560,100,156000,10:50:26
1559,900,1403100,10:50:04
1560,1000,1560000,10:50:04
1561,100,156100,10:50:04
1562,100,156200,10:50:02
1561,200,312200,10:49:51
1561,1400,2185400,10:49:51
1560,100,156000,10:49:50
1561,400,624400,10:49:40
1563,300,468900,10:49:40
1562,100,156200,10:49:40
1562,100,156200,10:49:31
1563,200,312600,10:49:20
1562,200,312400,10:49:20
1561,100,156100,10:49:13
1561,100,156100,10:49:02
1561,100,156100,10:48:47
1560,100,156000,10:48:42
1560,100,156000,10:48:41
1561,200,312200,10:48:38
1561,1100,1717100,10:48:37
1560,2100,3276000,10:48:37
1559,400,623600,10:48:37
1558,400,623200,10:48:37
1557,100,155700,10:48:35
1557,300,467100,10:47:52
1557,200,311400,10:47:33
1555,100,155500,10:46:46
1557,100,155700,10:46:17
1556,200,311200,10:46:09
1555,700,1088500,10:46:00
1554,600,932400,10:46:00
1553,100,155300,10:45:46
1553,100,155300,10:45:46
1553,100,155300,10:45:45
1554,2300,3574200,10:45:45
1555,100,155500,10:45:36
1555,100,155500,10:45:32
1557,300,467100,10:45:22
1556,300,466800,10:45:22
1557,100,155700,10:45:01
1556,100,155600,10:45:01
1557,200,311400,10:44:57
1559,100,155900,10:44:53
1557,100,155700,10:44:50
1557,100,155700,10:44:50
1557,100,155700,10:44:26
1556,100,155600,10:44:26
1554,200,310800,10:44:21
1555,300,466500,10:44:21
1556,400,622400,10:44:02
1559,700,1091300,10:43:19
1559,500,779500,10:43:19
1558,200,311600,10:43:17
1557,200,311400,10:43:03
1556,200,311200,10:43:02
1556,300,466800,10:43:02
1557,300,467100,10:42:49
1558,300,467400,10:42:28
1557,100,155700,10:42:26
1557,100,155700,10:42:21
1557,100,155700,10:41:59
1556,100,155600,10:41:46
1555,100,155500,10:41:36
1554,100,155400,10:41:30
1555,300,466500,10:41:28
1555,300,466500,10:41:23
1555,1300,2021500,10:41:23
1554,100,155400,10:41:21
1553,100,155300,10:40:52
1554,300,466200,10:40:52
1551,800,1240800,10:40:44
1552,100,155200,10:40:44
1552,100,155200,10:40:44
1552,300,465600,10:40:23
1552,100,155200,10:40:16
1553,200,310600,10:40:14
1554,800,1243200,10:40:04
1553,1700,2640100,10:40:04
1552,100,155200,10:40:04
1552,100,155200,10:40:01
1552,100,155200,10:40:01
1552,300,465600,10:39:41
1552,100,155200,10:39:41
1555,500,777500,10:39:26
1554,1100,1709400,10:39:26
1553,500,776500,10:39:26
1552,200,310400,10:39:23
1552,100,155200,10:39:23
1551,300,465300,10:39:18
1550,400,620000,10:39:17
1550,100,155000,10:39:17
1550,800,1240000,10:39:17
1550,100,155000,10:39:15
1548,300,464400,10:39:10
1549,400,619600,10:39:06
1548,400,619200,10:39:00
1548,100,154800,10:38:36
1547,100,154700,10:38:36
1547,100,154700,10:38:34
1546,100,154600,10:38:34
1545,100,154500,10:38:23
1546,100,154600,10:38:18
1545,100,154500,10:38:17
1545,500,772500,10:38:04
1544,100,154400,10:38:04
1544,500,772000,10:38:01
1544,100,154400,10:37:56
1545,200,309000,10:37:56
1546,100,154600,10:37:43
1545,100,154500,10:37:37
1544,1800,2779200,10:37:37
1545,200,309000,10:37:37
1545,400,618000,10:37:31
1546,200,309200,10:37:31
1545,100,154500,10:37:20
1546,100,154600,10:37:20
1546,100,154600,10:37:20
1546,100,154600,10:37:20
1546,1000,1546000,10:37:20
1544,300,463200,10:36:19
1544,100,154400,10:36:13
1544,100,154400,10:36:07
1544,100,154400,10:35:43
1544,100,154400,10:35:36
1544,400,617600,10:35:30
1545,100,154500,10:35:30
1546,100,154600,10:35:17
1544,100,154400,10:35:14
1545,100,154500,10:35:13
1545,100,154500,10:35:13
1543,200,308600,10:35:13
1544,700,1080800,10:35:13
1545,300,463500,10:35:13
1546,400,618400,10:35:11
1547,300,464100,10:35:09
1546,400,618400,10:35:00
1545,900,1390500,10:35:00
1546,200,309200,10:34:52
1546,100,154600,10:34:48
1545,100,154500,10:34:40
1545,100,154500,10:34:38
1545,100,154500,10:34:36
1545,900,1390500,10:34:32
1546,600,927600,10:34:32
1547,100,154700,10:34:24
1547,100,154700,10:34:17
1547,100,154700,10:34:06
1547,100,154700,10:34:04
1548,100,154800,10:33:58
1548,100,154800,10:33:58
1548,300,464400,10:33:57
1549,400,619600,10:33:54
1550,500,775000,10:33:54
1551,200,310200,10:33:51
1550,100,155000,10:33:51
1549,100,154900,10:33:51
1550,1700,2635000,10:33:51
1551,1500,2326500,10:33:51
1553,700,1087100,10:33:51
1556,800,1244800,10:33:10
1555,100,155500,10:33:10
1555,300,466500,10:33:10
1557,100,155700,10:33:00
1556,200,311200,10:32:52
1557,300,467100,10:32:52
1558,4500,7011000,10:32:52
1557,100,155700,10:32:51
1557,100,155700,10:32:48
1558,900,1402200,10:32:48
1556,200,311200,10:32:34
1558,300,467400,10:32:25
1555,100,155500,10:31:59
1554,100,155400,10:31:47
1552,200,310400,10:31:41
1552,200,310400,10:30:52
1554,100,155400,10:30:44
1555,300,466500,10:30:00
1555,100,155500,10:29:23
1556,400,622400,10:29:23
1556,100,155600,10:29:19
1556,300,466800,10:27:41
1557,100,155700,10:27:41
1558,100,155800,10:27:30
1558,100,155800,10:27:22
1557,400,622800,10:27:22
1555,100,155500,10:27:22
1554,200,310800,10:27:19
1553,200,310600,10:27:19
1553,900,1397700,10:27:19
1552,1000,1552000,10:27:19
1551,500,775500,10:27:14
1552,100,155200,10:27:08
1552,300,465600,10:27:00
1551,100,155100,10:26:27
1552,400,620800,10:26:20
1552,1200,1862400,10:26:20
1551,100,155100,10:26:12
1551,300,465300,10:25:57
1551,100,155100,10:25:56
1551,100,155100,10:25:40
1549,300,464700,10:25:29
1549,200,309800,10:25:27
1550,100,155000,10:25:26
1550,200,310000,10:25:26
1549,100,154900,10:25:26
1550,700,1085000,10:25:26
1549,100,154900,10:25:26
1548,200,309600,10:25:26
1548,500,774000,10:25:26
1549,1500,2323500,10:25:26
1550,300,465000,10:25:26
1551,100,155100,10:24:52
1550,100,155000,10:24:46
1550,200,310000,10:24:46
1551,700,1085700,10:24:45
1550,100,155000,10:24:45
1550,100,155000,10:24:45
1550,1000,1550000,10:24:45
1550,200,310000,10:24:45
1552,300,465600,10:24:18
1553,100,155300,10:24:16
1553,800,1242400,10:24:10
1554,100,155400,10:24:10
1554,100,155400,10:24:10
1554,100,155400,10:24:09
1554,100,155400,10:24:09
1553,3000,4659000,10:24:09
1554,4400,6837600,10:24:09
1555,1700,2643500,10:24:09
1556,300,466800,10:24:09
1557,100,155700,10:24:03
1558,100,155800,10:23:55
1556,1100,1711600,10:23:26
1557,1700,2646900,10:23:26
1558,200,311600,10:23:26
1559,100,155900,10:23:21
1560,100,156000,10:23:17
1559,100,155900,10:23:00
1558,100,155800,10:22:46
1558,100,155800,10:22:45
1558,100,155800,10:22:27
1559,800,1247200,10:22:26
1560,900,1404000,10:22:26
1560,500,780000,10:22:17
1560,100,156000,10:22:17
1561,200,312200,10:22:14
1561,200,312200,10:22:09
1563,500,781500,10:21:52
1564,200,312800,10:21:52
1565,200,313000,10:21:52
1565,300,469500,10:21:52
1565,1000,1565000,10:21:52
1563,100,156300,10:21:50
1565,500,782500,10:21:50
1564,700,1094800,10:21:50
1563,300,468900,10:21:50
1562,200,312400,10:21:15
1562,100,156200,10:21:15
1562,100,156200,10:21:11
1561,300,468300,10:21:09
1561,100,156100,10:21:09
1561,100,156100,10:21:05
1561,200,312200,10:20:46
1562,200,312400,10:20:41
1560,200,312000,10:20:21
1561,900,1404900,10:20:15
1562,200,312400,10:20:15
1562,100,156200,10:20:13
1562,100,156200,10:20:05
1562,100,156200,10:20:03
1563,100,156300,10:20:01
1562,1300,2030600,10:20:01
1561,100,156100,10:19:57
1560,100,156000,10:19:57
1560,300,468000,10:19:51
1561,100,156100,10:19:35
1561,100,156100,10:19:27
1561,400,624400,10:19:27
1560,2200,3432000,10:19:27
1559,200,311800,10:19:13
1558,200,311600,10:18:53
1557,1800,2802600,10:18:53
1555,100,155500,10:18:50
1555,100,155500,10:18:36
1553,100,155300,10:18:35
1554,100,155400,10:18:33
1554,100,155400,10:18:32
1554,100,155400,10:18:25
1555,300,466500,10:18:11
1557,100,155700,10:18:09
1555,100,155500,10:18:03
1556,100,155600,10:18:03
1556,300,466800,10:18:02
1555,100,155500,10:17:58
1554,100,155400,10:17:58
1555,200,311000,10:17:58
1553,100,155300,10:17:41
1554,100,155400,10:17:38
1553,400,621200,10:17:38
1552,100,155200,10:16:29
1553,800,1242400,10:16:22
1552,100,155200,10:16:22
1551,100,155100,10:16:21
1549,100,154900,10:16:13
1550,200,310000,10:16:13
1551,100,155100,10:16:09
1552,100,155200,10:16:03
1553,100,155300,10:15:56
1552,600,931200,10:15:40
1554,100,155400,10:15:21
1554,100,155400,10:14:34
1553,200,310600,10:14:04
1554,200,310800,10:14:02
1554,100,155400,10:13:49
1555,100,155500,10:13:44
1554,100,155400,10:13:18
1554,100,155400,10:13:16
1554,300,466200,10:13:16
1555,700,1088500,10:13:11
1554,300,466200,10:13:11
1553,100,155300,10:12:51
1553,100,155300,10:12:50
1553,100,155300,10:12:46
1553,100,155300,10:12:06
1554,200,310800,10:11:52
1555,100,155500,10:11:11
1556,100,155600,10:10:46
1556,200,311200,10:10:22
1555,200,311000,10:10:02
1555,200,311000,10:10:02
1556,200,311200,10:10:00
1556,100,155600,10:09:56
1557,1100,1712700,10:09:56
1557,200,311400,10:09:54
1559,300,467700,10:09:10
1557,200,311400,10:09:04
1559,100,155900,10:09:00
1558,100,155800,10:08:48
1559,100,155900,10:08:45
1560,100,156000,10:08:38
1559,100,155900,10:08:38
1560,200,312000,10:08:36
1558,100,155800,10:08:35
1559,100,155900,10:08:27
1558,400,623200,10:08:22
1556,100,155600,10:08:09
1556,100,155600,10:08:00
1555,100,155500,10:07:55
1555,100,155500,10:07:24
1553,100,155300,10:06:56
1554,100,155400,10:06:56
1555,100,155500,10:06:55
1556,100,155600,10:06:51
1555,100,155500,10:06:39
1555,300,466500,10:06:38
1554,100,155400,10:06:37
1553,400,621200,10:06:30
1550,100,155000,10:06:21
1551,700,1085700,10:06:21
1552,300,465600,10:06:21
1551,600,930600,10:06:21
1552,100,155200,10:06:20
1551,100,155100,10:06:19
1550,600,930000,10:06:19
1549,200,309800,10:06:19
1548,1400,2167200,10:06:19
1547,700,1082900,10:06:19
1545,400,618000,10:06:18
1546,100,154600,10:06:18
1548,100,154800,10:06:03
1548,400,619200,10:06:00
1546,100,154600,10:05:59
1545,600,927000,10:05:58
1546,400,618400,10:05:58
1547,200,309400,10:05:58
1548,2000,3096000,10:05:58
1550,1200,1860000,10:05:58
1551,300,465300,10:05:58
1552,200,310400,10:05:51
1552,200,310400,10:05:51
1552,100,155200,10:05:51
1554,100,155400,10:05:11
1555,100,155500,10:05:00
1555,100,155500,10:04:34
1556,200,311200,10:04:33
1555,100,155500,10:04:33
1555,600,933000,10:04:33
1555,300,466500,10:04:33
1554,100,155400,10:04:33
1554,100,155400,10:04:19
1553,100,155300,10:04:12
1553,200,310600,10:04:12
1554,100,155400,10:04:00
1553,300,465900,10:03:41
1553,200,310600,10:03:41
1553,100,155300,10:03:21
1554,100,155400,10:02:51
1555,100,155500,10:02:29
1554,300,466200,10:01:57
1555,100,155500,10:01:55
1555,100,155500,10:01:52
1555,100,155500,10:01:52
1555,100,155500,10:01:36
1555,100,155500,10:01:26
1557,100,155700,10:01:04
1558,100,155800,10:01:04
1558,100,155800,10:01:04
1558,100,155800,10:01:04
1560,200,312000,10:01:04
1559,300,467700,10:01:04
1558,100,155800,10:01:04
1557,100,155700,10:01:01
1556,100,155600,10:00:56
1554,100,155400,10:00:45
1555,100,155500,10:00:44
1555,100,155500,10:00:44
1555,300,466500,10:00:44
1556,200,311200,10:00:28
1554,100,155400,10:00:04
1555,100,155500,10:00:00
1555,100,155500,09:59:51
1555,100,155500,09:59:51
1556,100,155600,09:59:23
1556,100,155600,09:59:23
1555,100,155500,09:59:13
1555,300,466500,09:58:53
1554,200,310800,09:58:53
1553,100,155300,09:58:51
1553,900,1397700,09:58:44
1554,700,1087800,09:58:44
1555,100,155500,09:58:32
1555,100,155500,09:58:32
1554,100,155400,09:58:27
1553,100,155300,09:58:26
1554,1000,1554000,09:58:26
1553,100,155300,09:58:26
1551,200,310200,09:58:26
1552,300,465600,09:58:26
1553,400,621200,09:58:25
1554,200,310800,09:58:25
1553,600,931800,09:58:25
1550,400,620000,09:58:22
1551,500,775500,09:58:22
1552,100,155200,09:58:22
1551,100,155100,09:58:19
1552,100,155200,09:58:18
1552,100,155200,09:58:17
1551,100,155100,09:58:17
1551,200,310200,09:58:07
1551,100,155100,09:58:07
1553,100,155300,09:58:07
1551,100,155100,09:58:07
1551,400,620400,09:58:07
1552,300,465600,09:58:07
1552,200,310400,09:58:07
1553,300,465900,09:58:07
1554,800,1243200,09:58:07
1555,100,155500,09:58:07
1555,100,155500,09:57:51
1555,200,311000,09:57:36
1555,300,466500,09:57:36
1555,300,466500,09:57:31
1557,100,155700,09:57:15
1555,100,155500,09:57:11
1555,400,622000,09:57:11
1556,100,155600,09:57:11
1559,100,155900,09:56:59
1559,100,155900,09:56:40
1557,100,155700,09:56:15
1557,400,622800,09:56:09
1558,200,311600,09:56:09
1559,500,779500,09:55:59
1560,200,312000,09:55:59
1560,100,156000,09:55:53
1561,100,156100,09:55:36
1561,300,468300,09:55:30
1561,100,156100,09:55:30
1561,200,312200,09:55:30
1561,100,156100,09:55:30
1561,600,936600,09:55:12
1560,700,1092000,09:55:12
1559,100,155900,09:55:12
1559,100,155900,09:55:12
1559,100,155900,09:55:07
1560,200,312000,09:55:00
1558,700,1090600,09:54:59
1559,100,155900,09:54:59
1561,100,156100,09:54:33
1561,600,936600,09:54:24
1559,200,311800,09:54:10
1560,100,156000,09:54:08
1559,100,155900,09:54:07
1560,200,312000,09:53:46
1559,500,779500,09:53:46
1560,100,156000,09:53:44
1560,100,156000,09:53:33
1559,100,155900,09:53:30
1559,200,311800,09:53:12
1560,200,312000,09:53:12
1561,100,156100,09:53:12
1562,200,312400,09:52:46
1563,100,156300,09:52:46
1563,100,156300,09:52:40
1563,100,156300,09:52:23
1563,500,781500,09:52:20
1565,400,626000,09:52:11
1564,100,156400,09:52:09
1563,200,312600,09:52:03
1563,100,156300,09:52:03
1564,100,156400,09:51:53
1563,100,156300,09:51:52
1562,100,156200,09:51:51
1562,400,624800,09:51:51
1563,100,156300,09:51:50
1563,100,156300,09:51:47
1563,100,156300,09:51:44
1563,200,312600,09:51:38
1562,100,156200,09:51:34
1561,200,312200,09:51:31
1561,300,468300,09:51:25
1561,100,156100,09:51:19
1561,200,312200,09:51:08
1560,500,780000,09:51:06
1561,300,468300,09:51:05
1560,100,156000,09:51:05
1559,1200,1870800,09:51:01
1558,200,311600,09:51:00
1557,100,155700,09:50:45
1558,100,155800,09:50:32
1557,100,155700,09:50:30
1558,200,311600,09:50:09
1557,700,1089900,09:50:08
1557,200,311400,09:50:08
1559,100,155900,09:50:08
1560,100,156000,09:50:06
1560,100,156000,09:50:05
1560,400,624000,09:50:05
1560,700,1092000,09:50:05
1560,100,156000,09:50:05
1560,800,1248000,09:50:05
1559,300,467700,09:50:05
1558,200,311600,09:50:05
1557,200,311400,09:50:05
1556,100,155600,09:49:58
1556,600,933600,09:49:44
1556,100,155600,09:49:44
1556,100,155600,09:49:13
1557,100,155700,09:49:11
1556,100,155600,09:49:04
1556,100,155600,09:49:00
1554,100,155400,09:48:50
1555,200,311000,09:48:49
1555,100,155500,09:48:49
1555,300,466500,09:48:49
1555,100,155500,09:48:49
1556,200,311200,09:48:44
1556,100,155600,09:48:44
1558,300,467400,09:48:37
1558,300,467400,09:48:34
1559,100,155900,09:48:20
1559,200,311800,09:48:14
1559,100,155900,09:48:05
1559,100,155900,09:47:56
1558,600,934800,09:47:56
1556,100,155600,09:47:52
1557,100,155700,09:47:52
1557,800,1245600,09:47:42
1557,100,155700,09:47:21
1557,300,467100,09:47:18
1557,200,311400,09:46:59
1555,100,155500,09:46:57
1555,100,155500,09:46:41
1555,100,155500,09:46:41
1556,100,155600,09:46:40
1556,100,155600,09:46:38
1557,700,1089900,09:46:18
1557,800,1245600,09:46:18
1556,100,155600,09:46:17
1557,100,155700,09:46:10
1557,100,155700,09:46:09
1556,1100,1711600,09:46:06
1555,100,155500,09:46:05
1554,100,155400,09:46:05
1552,500,776000,09:46:05
1553,100,155300,09:46:05
1551,100,155100,09:46:05
1552,100,155200,09:46:04
1552,700,1086400,09:46:04
1552,300,465600,09:46:04
1551,700,1085700,09:46:04
1550,100,155000,09:46:04
1550,200,310000,09:45:43
1550,100,155000,09:45:43
1551,500,775500,09:45:31
1552,200,310400,09:45:26
1552,100,155200,09:45:22
1552,200,310400,09:45:10
1553,200,310600,09:44:55
1553,100,155300,09:44:47
1553,100,155300,09:44:47
1553,100,155300,09:44:41
1553,100,155300,09:44:41
1554,100,155400,09:44:39
1554,100,155400,09:44:39
1554,100,155400,09:44:38
1554,100,155400,09:44:36
1554,100,155400,09:44:31
1553,100,155300,09:44:26
1552,100,155200,09:44:25
1553,100,155300,09:44:24
1553,100,155300,09:44:22
1552,100,155200,09:44:21
1553,100,155300,09:44:12
1552,200,310400,09:44:10
1550,100,155000,09:44:01
1549,100,154900,09:43:55
1549,100,154900,09:43:54
1547,400,618800,09:43:52
1548,100,154800,09:43:52
1548,100,154800,09:43:50
1547,100,154700,09:43:44
1546,100,154600,09:43:36
1546,100,154600,09:43:23
1545,200,309000,09:43:20
1544,500,772000,09:43:13
1544,100,154400,09:43:11
1544,100,154400,09:43:03
1544,100,154400,09:43:02
1545,600,927000,09:43:00
1544,100,154400,09:42:59
1544,100,154400,09:42:59
1545,200,309000,09:42:58
1544,200,308800,09:42:56
1545,500,772500,09:42:55
1544,200,308800,09:42:55
1544,100,154400,09:42:55
1544,100,154400,09:42:55
1544,200,308800,09:42:55
1544,100,154400,09:42:55
1544,100,154400,09:42:55
1544,100,154400,09:42:55
1542,800,1233600,09:42:55
1543,300,462900,09:42:55
1544,300,463200,09:42:55
1544,100,154400,09:42:51
1545,100,154500,09:42:46
1545,100,154500,09:42:37
1545,500,772500,09:42:34
1546,100,154600,09:42:33
1546,200,309200,09:42:30
1545,100,154500,09:42:28
1545,100,154500,09:42:27
1545,300,463500,09:42:27
1545,100,154500,09:42:27
1545,200,309000,09:42:27
1544,100,154400,09:42:27
1545,200,309000,09:42:27
1544,100,154400,09:42:27
1545,1100,1699500,09:42:27
1545,600,927000,09:42:27
1546,700,1082200,09:42:27
1547,100,154700,09:42:23
1547,100,154700,09:42:23
1546,100,154600,09:42:20
1546,100,154600,09:42:15
1545,300,463500,09:42:15
1546,100,154600,09:42:15
1545,300,463500,09:42:13
1546,200,309200,09:42:13
1546,500,773000,09:42:13
1546,700,1082200,09:42:05
1547,200,309400,09:42:05
1549,100,154900,09:42:03
1548,200,309600,09:42:02
1549,200,309800,09:42:01
1550,2100,3255000,09:42:01
1552,100,155200,09:41:59
1551,100,155100,09:41:48
1552,100,155200,09:41:47
1552,100,155200,09:41:47
1552,200,310400,09:41:47
1553,300,465900,09:41:45
1553,100,155300,09:41:45
1554,100,155400,09:41:41
1554,100,155400,09:41:37
1554,100,155400,09:41:37
1555,100,155500,09:41:37
1555,200,311000,09:41:36
1554,200,310800,09:41:34
1554,100,155400,09:41:34
1554,400,621600,09:41:30
1554,100,155400,09:41:30
1553,600,931800,09:41:30
1552,100,155200,09:41:26
1552,100,155200,09:41:25
1552,400,620800,09:41:18
1551,100,155100,09:41:14
1550,300,465000,09:41:06
1550,200,310000,09:41:06
1552,300,465600,09:41:01
1550,100,155000,09:41:00
1550,300,465000,09:41:00
1550,600,930000,09:41:00
1550,100,155000,09:41:00
1550,100,155000,09:40:59
1550,300,465000,09:40:50
1550,200,310000,09:40:48
1550,100,155000,09:40:48
1551,200,310200,09:40:44
1550,100,155000,09:40:42
1550,200,310000,09:40:41
1550,100,155000,09:40:38
1551,100,155100,09:40:38
1552,100,155200,09:40:32
1551,100,155100,09:40:31
1550,100,155000,09:40:31
1550,200,310000,09:40:28
1550,1000,1550000,09:40:27
1549,100,154900,09:40:27
1549,100,154900,09:40:27
1549,100,154900,09:40:27
1549,100,154900,09:40:27
1549,200,309800,09:40:27
1549,100,154900,09:40:27
1549,100,154900,09:40:27
1548,700,1083600,09:40:27
1549,400,619600,09:40:27
1550,300,465000,09:40:25
1550,200,310000,09:40:24
1550,100,155000,09:40:23
1550,100,155000,09:40:21
1548,200,309600,09:40:19
1550,100,155000,09:40:17
1549,600,929400,09:40:17
1548,200,309600,09:40:17
1547,100,154700,09:40:17
1547,100,154700,09:40:16
1547,500,773500,09:40:15
1548,400,619200,09:40:15
1549,200,309800,09:40:15
1549,100,154900,09:40:15
1548,300,464400,09:40:15
1548,100,154800,09:40:15
1547,2900,4486300,09:40:15
1548,2300,3560400,09:40:15
1549,1500,2323500,09:40:15
1550,2800,4340000,09:40:15
1551,1000,1551000,09:40:15
1552,100,155200,09:40:13
1552,100,155200,09:40:12
1552,100,155200,09:40:12
1553,100,155300,09:40:11
1553,100,155300,09:40:09
1555,100,155500,09:40:08
1554,100,155400,09:40:04
1554,200,310800,09:40:03
1555,500,777500,09:40:01
1556,200,311200,09:40:01
1557,100,155700,09:40:01
1558,100,155800,09:40:01
1557,400,622800,09:40:00
1557,100,155700,09:39:54
1555,100,155500,09:39:54
1555,100,155500,09:39:54
1555,100,155500,09:39:50
1555,1000,1555000,09:39:42
1556,4000,6224000,09:39:42
1558,100,155800,09:39:33
1557,300,467100,09:39:33
1555,200,311000,09:39:31
1556,100,155600,09:39:30
1556,100,155600,09:39:30
1557,400,622800,09:39:30
1555,200,311000,09:39:30
1556,100,155600,09:39:30
1556,300,466800,09:39:30
1557,200,311400,09:39:24
1558,100,155800,09:39:24
1556,800,1244800,09:39:16
1557,100,155700,09:39:16
1558,100,155800,09:39:15
1556,400,622400,09:39:11
1557,1000,1557000,09:39:11
1558,100,155800,09:39:11
1557,900,1401300,09:39:10
1558,100,155800,09:39:10
1558,200,311600,09:39:09
1557,100,155700,09:39:09
1558,3500,5453000,09:39:05
1558,300,467400,09:39:05
1559,200,311800,09:39:04
1559,200,311800,09:39:01
1561,500,780500,09:38:58
1559,300,467700,09:38:58
1559,100,155900,09:38:58
1559,100,155900,09:38:58
1559,100,155900,09:38:57
1560,200,312000,09:38:57
1560,200,312000,09:38:56
1560,100,156000,09:38:55
1561,100,156100,09:38:55
1561,100,156100,09:38:51
1562,100,156200,09:38:47
1562,200,312400,09:38:47
1562,100,156200,09:38:46
1561,300,468300,09:38:46
1562,900,1405800,09:38:46
1563,1200,1875600,09:38:46
1564,300,469200,09:38:46
1565,100,156500,09:38:28
1566,200,313200,09:38:13
1566,100,156600,09:38:03
1566,100,156600,09:38:01
1566,200,313200,09:38:01
1565,400,626000,09:38:01
1567,300,470100,09:38:00
1567,200,313400,09:38:00
1566,100,156600,09:37:58
1567,600,940200,09:37:58
1566,600,939600,09:37:57
1566,500,783000,09:37:57
1567,400,626800,09:37:55
1568,100,156800,09:37:54
1568,2000,3136000,09:37:54
1569,100,156900,09:37:53
1570,100,157000,09:37:30
1570,100,157000,09:37:30
1570,100,157000,09:37:29
1570,600,942000,09:37:27
1568,700,1097600,09:37:25
1569,100,156900,09:37:25
1570,100,157000,09:37:18
1570,100,157000,09:37:17
1570,400,628000,09:37:09
1571,100,157100,09:37:09
1571,300,471300,09:37:06
1571,100,157100,09:37:01
1571,400,628400,09:37:00
1571,700,1099700,09:37:00
1571,200,314200,09:36:58
1570,100,157000,09:36:56
1570,100,157000,09:36:56
1571,200,314200,09:36:50
1570,900,1413000,09:36:48
1570,200,314000,09:36:46
1571,500,785500,09:36:45
1571,200,314200,09:36:45
1572,100,157200,09:36:39
1573,100,157300,09:36:30
1572,900,1414800,09:36:28
1572,100,157200,09:36:28
1573,100,157300,09:36:25
1573,400,629200,09:36:25
1573,100,157300,09:36:25
1572,100,157200,09:36:20
1572,200,314400,09:36:13
1572,100,157200,09:36:13
1572,100,157200,09:36:13
1571,100,157100,09:36:05
1571,800,1256800,09:36:04
1572,200,314400,09:36:03
1572,100,157200,09:36:00
1573,100,157300,09:36:00
1574,100,157400,09:36:00
1574,300,472200,09:36:00
1572,200,314400,09:35:59
1573,100,157300,09:35:56
1574,2100,3305400,09:35:55
1573,400,629200,09:35:53
1572,100,157200,09:35:46
1571,400,628400,09:35:45
1571,600,942600,09:35:45
1571,100,157100,09:35:39
1571,100,157100,09:35:37
1571,700,1099700,09:35:37
1571,100,157100,09:35:37
1571,200,314200,09:35:34
1570,100,157000,09:35:34
1570,300,471000,09:35:34
1570,100,157000,09:35:31
1569,100,156900,09:35:30
1570,100,157000,09:35:30
1570,1000,1570000,09:35:29
1571,200,314200,09:35:25
1572,1000,1572000,09:35:24
1571,200,314200,09:35:11
1570,500,785000,09:35:11
1571,600,942600,09:35:11
1571,300,471300,09:35:11
1571,100,157100,09:35:11
1572,300,471600,09:35:00
1570,100,157000,09:35:00
1571,300,471300,09:35:00
1569,100,156900,09:34:39
1570,100,157000,09:34:39
1569,300,470700,09:34:39
1570,100,157000,09:34:39
1571,100,157100,09:34:38
1571,700,1099700,09:34:38
1568,100,156800,09:34:30
1569,300,470700,09:34:30
1569,100,156900,09:34:30
1570,300,471000,09:34:28
1570,500,785000,09:34:28
1570,200,314000,09:34:13
1570,500,785000,09:34:12
1569,100,156900,09:34:12
1568,200,313600,09:34:09
1567,500,783500,09:34:09
1567,500,783500,09:34:09
1565,1000,1565000,09:34:09
1566,900,1409400,09:34:09
1566,100,156600,09:34:09
1567,100,156700,09:34:09
1567,100,156700,09:33:57
1569,100,156900,09:33:53
1567,200,313400,09:33:50
1568,200,313600,09:33:41
1569,100,156900,09:33:39
1569,300,470700,09:33:34
1569,100,156900,09:33:34
1570,100,157000,09:33:24
1570,100,157000,09:33:22
1569,100,156900,09:33:06
1568,100,156800,09:33:05
1570,200,314000,09:33:01
1569,400,627600,09:32:52
1570,600,942000,09:32:52
1572,100,157200,09:32:52
1571,200,314200,09:32:45
1571,200,314200,09:32:45
1571,300,471300,09:32:42
1571,300,471300,09:32:33
1572,700,1100400,09:32:31
1572,1800,2829600,09:32:31
1573,100,157300,09:32:30
1573,100,157300,09:32:29
1572,200,314400,09:32:25
1572,100,157200,09:32:25
1573,100,157300,09:32:24
1573,100,157300,09:32:24
1575,200,315000,09:32:23
1574,100,157400,09:32:23
1573,100,157300,09:32:21
1572,100,157200,09:32:15
1573,100,157300,09:32:15
1573,500,786500,09:32:14
1572,300,471600,09:32:13
1571,100,157100,09:32:11
1571,300,471300,09:32:10
1571,100,157100,09:32:08
1571,100,157100,09:31:59
1571,100,157100,09:31:59
1572,100,157200,09:31:59
1571,200,314200,09:31:59
1572,500,786000,09:31:58
1573,200,314600,09:31:58
1573,200,314600,09:31:58
1573,100,157300,09:31:58
1574,200,314800,09:31:58
1574,400,629600,09:31:58
1573,500,786500,09:31:58
1572,300,471600,09:31:58
1571,200,314200,09:31:58
1571,100,157100,09:31:58
1570,5300,8321000,09:31:58
1569,1100,1725900,09:31:58
1568,600,940800,09:31:58
1567,100,156700,09:31:48
1567,200,313400,09:31:40
1567,100,156700,09:31:31
1567,100,156700,09:31:22
1567,200,313400,09:31:22
1568,100,156800,09:31:18
1567,800,1253600,09:31:18
1567,100,156700,09:31:17
1567,100,156700,09:31:15
1566,100,156600,09:31:13
1565,100,156500,09:31:12
1565,100,156500,09:31:07
1567,400,626800,09:31:00
1566,100,156600,09:31:00
1565,200,313000,09:30:51
1566,400,626400,09:30:51
1567,100,156700,09:30:39
1566,100,156600,09:30:38
1565,100,156500,09:30:37
1565,100,156500,09:30:36
1565,100,156500,09:30:32
1567,300,470100,09:30:31
1568,100,156800,09:30:31
1568,800,1254400,09:30:31
1569,100,156900,09:30:31
1569,100,156900,09:30:31
1569,300,470700,09:30:31
1569,1000,1569000,09:30:31
1569,200,313800,09:30:31
1568,700,1097600,09:30:26
1567,300,470100,09:30:23
1567,1600,2507200,09:30:23
1567,200,313400,09:30:22
1567,100,156700,09:30:18
1566,100,156600,09:30:12
1566,100,156600,09:30:01
1567,300,470100,09:30:01
1566,700,1096200,09:30:00
1565,100,156500,09:30:00
1564,200,312800,09:30:00
1565,2200,3443000,09:30:00
1567,200,313400,09:29:55
1566,100,156600,09:29:55
1565,400,626000,09:29:55
1564,400,625600,09:29:48
1565,200,313000,09:29:46
1564,300,469200,09:29:45
1565,300,469500,09:29:43
1564,700,1094800,09:29:43
1564,300,469200,09:29:42
1564,100,156400,09:29:38
1563,100,156300,09:29:38
1563,100,156300,09:29:32
1564,200,312800,09:29:30
1562,200,312400,09:29:23
1560,1000,1560000,09:29:23
1562,100,156200,09:29:09
1561,200,312200,09:29:09
1560,100,156000,09:29:09
1560,1600,2496000,09:29:07
1559,300,467700,09:29:07
1558,100,155800,09:29:05
1559,100,155900,09:29:04
1558,400,623200,09:29:00
1558,100,155800,09:28:45
1559,100,155900,09:28:19
1558,100,155800,09:28:19
1559,200,311800,09:28:15
1558,300,467400,09:28:14
1556,1000,1556000,09:28:14
1557,100,155700,09:28:14
1558,300,467400,09:28:08
1558,100,155800,09:28:08
1559,200,311800,09:27:52
1560,500,780000,09:27:47
1561,100,156100,09:27:28
1561,100,156100,09:27:15
1561,100,156100,09:27:15
1559,100,155900,09:27:14
1560,400,624000,09:27:14
1561,100,156100,09:27:14
1561,800,1248800,09:27:01
1561,900,1404900,09:27:01
1561,300,468300,09:27:01
1561,100,156100,09:26:57
1561,100,156100,09:26:51
1561,200,312200,09:26:49
1562,500,781000,09:26:49
1562,100,156200,09:26:48
1563,100,156300,09:26:45
1564,200,312800,09:26:41
1563,300,468900,09:26:41
1563,200,312600,09:26:36
1563,200,312600,09:26:31
1562,100,156200,09:26:27
1561,200,312200,09:26:20
1559,400,623600,09:26:20
1560,100,156000,09:26:20
1561,100,156100,09:26:19
1560,100,156000,09:26:10
1561,500,780500,09:26:09
1562,700,1093400,09:26:09
1562,800,1249600,09:26:09
1563,100,156300,09:26:09
1562,500,781000,09:26:09
1560,200,312000,09:26:06
1559,200,311800,09:26:06
1559,100,155900,09:26:02
1559,100,155900,09:25:58
1558,100,155800,09:25:58
1558,100,155800,09:25:55
1559,100,155900,09:25:55
1559,200,311800,09:25:53
1559,100,155900,09:25:52
1559,100,155900,09:25:43
1560,1900,2964000,09:25:43
1560,500,780000,09:25:41
1560,100,156000,09:25:36
1560,100,156000,09:25:36
1561,100,156100,09:25:36
1562,100,156200,09:25:36
1563,100,156300,09:25:31
1564,100,156400,09:25:23
1564,100,156400,09:25:18
1564,100,156400,09:25:18
1565,100,156500,09:25:12
1564,100,156400,09:25:12
1565,100,156500,09:25:10
1566,100,156600,09:24:58
1566,100,156600,09:24:50
1566,500,783000,09:24:50
1568,100,156800,09:24:49
1567,100,156700,09:24:40
1565,100,156500,09:24:35
1564,100,156400,09:24:27
1565,800,1252000,09:24:24
1565,100,156500,09:24:24
1565,800,1252000,09:24:21
1566,2200,3445200,09:24:21
1567,100,156700,09:24:18
1567,300,470100,09:24:08
1568,100,156800,09:24:08
1567,100,156700,09:24:05
1568,200,313600,09:24:04
1568,200,313600,09:24:02
1568,400,627200,09:24:00
1568,100,156800,09:23:59
1568,100,156800,09:23:48
1568,300,470400,09:23:47
1568,200,313600,09:23:47
1568,200,313600,09:23:47
1568,200,313600,09:23:47
1568,400,627200,09:23:47
1568,300,470400,09:23:45
1568,200,313600,09:23:41
1568,100,156800,09:23:39
1568,200,313600,09:23:34
1567,100,156700,09:23:30
1567,300,470100,09:23:27
1568,600,940800,09:23:25
1569,200,313800,09:23:23
1569,100,156900,09:23:23
1569,100,156900,09:23:21
1569,100,156900,09:23:21
1569,100,156900,09:23:18
1568,100,156800,09:23:15
1568,100,156800,09:23:15
1568,100,156800,09:23:15
1568,200,313600,09:23:10
1567,300,470100,09:23:10
1567,100,156700,09:23:06
1567,100,156700,09:23:03
1567,100,156700,09:22:56
1567,100,156700,09:22:52
1567,200,313400,09:22:48
1568,100,156800,09:22:43
1568,100,156800,09:22:38
1568,100,156800,09:22:37
1567,100,156700,09:22:37
1567,300,470100,09:22:35
1567,100,156700,09:22:32
1568,600,940800,09:22:32
1569,100,156900,09:22:27
1568,700,1097600,09:22:25
1567,100,156700,09:22:25
1567,100,156700,09:22:25
1566,300,469800,09:22:22
1566,100,156600,09:22:21
1565,300,469500,09:22:18
1565,200,313000,09:22:18
1564,200,312800,09:22:15
1567,200,313400,09:22:14
1566,200,313200,09:22:14
1565,900,1408500,09:22:14
1563,900,1406700,09:22:14
1563,200,312600,09:22:14
1562,600,937200,09:22:14
1561,1100,1717100,09:22:08
1560,1600,2496000,09:22:08
1559,100,155900,09:21:52
1559,100,155900,09:21:52
1559,100,155900,09:21:52
1560,100,156000,09:21:51
1561,300,468300,09:21:50
1560,100,156000,09:21:50
1560,100,156000,09:21:47
1560,800,1248000,09:21:47
1560,100,156000,09:21:47
1560,100,156000,09:21:46
1560,100,156000,09:21:41
1559,100,155900,09:21:32
1561,900,1404900,09:21:31
1560,100,156000,09:21:30
1559,100,155900,09:21:27
1559,500,779500,09:21:26
1558,100,155800,09:21:12
1558,100,155800,09:21:12
1559,100,155900,09:21:11
1560,400,624000,09:21:11
1560,900,1404000,09:21:11
1560,300,468000,09:21:11
1561,100,156100,09:21:05
1562,200,312400,09:21:05
1561,100,156100,09:21:04
1561,400,624400,09:21:04
1562,100,156200,09:21:00
1563,700,1094100,09:20:59
1564,100,156400,09:20:59
1564,100,156400,09:20:59
1563,600,937800,09:20:58
1562,100,156200,09:20:58
1563,300,468900,09:20:46
1564,200,312800,09:20:43
1564,800,1251200,09:20:39
1566,400,626400,09:20:39
1565,1100,1721500,09:20:39
1565,100,156500,09:20:29
1565,1400,2191000,09:20:29
1564,500,782000,09:20:19
1565,100,156500,09:20:18
1564,1000,1564000,09:20:14
1563,100,156300,09:20:13
1564,200,312800,09:20:13
1563,600,937800,09:20:13
1563,300,468900,09:20:13
1564,900,1407600,09:20:12
1564,100,156400,09:20:12
1562,100,156200,09:20:09
1563,100,156300,09:20:09
1561,900,1404900,09:20:09
1562,2000,3124000,09:20:09
1563,2300,3594900,09:20:09
1564,400,625600,09:20:09
1565,100,156500,09:20:09
1565,100,156500,09:20:08
1566,500,783000,09:20:04
1566,100,156600,09:20:03
1566,600,939600,09:20:02
1566,400,626400,09:20:02
1566,200,313200,09:19:55
1565,200,313000,09:19:55
1565,300,469500,09:19:55
1565,300,469500,09:19:53
1566,200,313200,09:19:53
1566,100,156600,09:19:53
1566,100,156600,09:19:48
1566,100,156600,09:19:45
1567,100,156700,09:19:44
1567,400,626800,09:19:44
1567,300,470100,09:19:44
1567,100,156700,09:19:44
1567,100,156700,09:19:43
1567,100,156700,09:19:43
1565,1400,2191000,09:19:43
1566,200,313200,09:19:43
1567,100,156700,09:19:42
1567,100,156700,09:19:42
1568,600,940800,09:19:42
1569,400,627600,09:19:39
1569,100,156900,09:19:33
1570,100,157000,09:19:33
1570,100,157000,09:19:32
1569,3000,4707000,09:19:32
1569,100,156900,09:19:31
1570,200,314000,09:19:31
1569,100,156900,09:19:28
1569,100,156900,09:19:26
1569,100,156900,09:19:25
1569,100,156900,09:19:24
1569,200,313800,09:19:20
1570,100,157000,09:19:18
1569,100,156900,09:19:15
1569,100,156900,09:19:14
1569,200,313800,09:19:13
1568,500,784000,09:19:13
1568,200,313600,09:19:13
1569,500,784500,09:19:08
1569,100,156900,09:19:08
1570,2100,3297000,09:19:08
1570,300,471000,09:19:08
1571,100,157100,09:19:05
1571,300,471300,09:18:58
1572,100,157200,09:18:55
1572,100,157200,09:18:53
1572,100,157200,09:18:51
1572,100,157200,09:18:46
1570,900,1413000,09:18:42
1570,300,471000,09:18:42
1571,200,314200,09:18:42
1570,200,314000,09:18:36
1571,100,157100,09:18:36
1573,100,157300,09:18:31
1572,300,471600,09:18:31
1571,100,157100,09:18:31
1570,100,157000,09:18:29
1569,500,784500,09:18:28
1570,400,628000,09:18:28
1571,100,157100,09:18:28
1570,600,942000,09:18:27
1571,200,314200,09:18:26
1571,200,314200,09:18:26
1569,600,941400,09:18:21
1570,100,157000,09:18:21
1570,100,157000,09:18:19
1570,1000,1570000,09:18:17
1569,100,156900,09:18:16
1570,300,471000,09:18:16
1571,200,314200,09:18:16
1572,400,628800,09:18:16
1573,500,786500,09:18:16
1574,300,472200,09:18:16
1574,700,1101800,09:18:16
1575,600,945000,09:18:16
1577,100,157700,09:18:13
1575,100,157500,09:18:12
1577,100,157700,09:18:12
1577,400,630800,09:18:12
1575,200,315000,09:18:02
1575,500,787500,09:18:02
1575,700,1102500,09:17:58
1577,100,157700,09:17:58
1576,300,472800,09:17:58
1578,200,315600,09:17:56
1576,100,157600,09:17:54
1578,300,473400,09:17:53
1578,100,157800,09:17:47
1579,100,157900,09:17:45
1579,200,315800,09:17:44
1577,100,157700,09:17:43
1576,1100,1733600,09:17:43
1575,500,787500,09:17:43
1575,300,472500,09:17:43
1576,500,788000,09:17:43
1577,1100,1734700,09:17:43
1577,100,157700,09:17:43
1577,200,315400,09:17:43
1577,100,157700,09:17:43
1578,100,157800,09:17:41
1578,300,473400,09:17:40
1577,100,157700,09:17:39
1578,100,157800,09:17:38
1579,1200,1894800,09:17:38
1578,300,473400,09:17:38
1578,100,157800,09:17:34
1578,100,157800,09:17:34
1580,300,474000,09:17:30
1578,500,789000,09:17:27
1579,100,157900,09:17:27
1579,100,157900,09:17:27
1578,100,157800,09:17:26
1578,400,631200,09:17:26
1578,800,1262400,09:17:22
1579,200,315800,09:17:22
1580,100,158000,09:17:22
1581,100,158100,09:17:21
1579,100,157900,09:17:21
1580,100,158000,09:17:21
1579,200,315800,09:17:19
1579,200,315800,09:17:17
1579,100,157900,09:17:17
1579,300,473700,09:17:17
1580,900,1422000,09:17:15
1579,100,157900,09:17:15
1578,100,157800,09:17:14
1578,100,157800,09:17:13
1578,300,473400,09:17:12
1578,200,315600,09:17:11
1578,100,157800,09:17:10
1578,300,473400,09:17:09
1580,200,316000,09:17:07
1579,400,631600,09:17:07
1578,300,473400,09:17:07
1579,100,157900,09:17:07
1578,100,157800,09:17:07
1577,400,630800,09:17:05
1578,200,315600,09:17:05
1579,100,157900,09:17:05
1580,700,1106000,09:17:02
1579,400,631600,09:17:02
1578,100,157800,09:17:02
1578,100,157800,09:17:01
1578,100,157800,09:17:01
1579,100,157900,09:17:01
1579,600,947400,09:17:01
1578,300,473400,09:17:01
1578,600,946800,09:17:01
1577,100,157700,09:17:00
1576,300,472800,09:16:59
1577,100,157700,09:16:59
1578,100,157800,09:16:59
1576,100,157600,09:16:58
1577,100,157700,09:16:55
1576,600,945600,09:16:54
1577,100,157700,09:16:54
1577,100,157700,09:16:54
1577,100,157700,09:16:54
1578,400,631200,09:16:54
1579,800,1263200,09:16:54
1579,1000,1579000,09:16:54
1579,100,157900,09:16:54
1581,100,158100,09:16:54
1580,100,158000,09:16:51
1580,100,158000,09:16:49
1580,400,632000,09:16:49
1580,100,158000,09:16:48
1582,200,316400,09:16:47
1580,200,316000,09:16:45
1580,300,474000,09:16:45
1581,400,632400,09:16:44
1580,500,790000,09:16:43
1581,600,948600,09:16:43
1582,100,158200,09:16:41
1582,200,316400,09:16:41
1583,100,158300,09:16:40
1580,100,158000,09:16:39
1582,200,316400,09:16:39
1581,100,158100,09:16:39
1581,400,632400,09:16:39
1582,600,949200,09:16:39
1583,600,949800,09:16:39
1582,100,158200,09:16:39
1583,300,474900,09:16:39
1582,100,158200,09:16:39
1584,100,158400,09:16:39
1582,500,791000,09:16:38
1583,400,633200,09:16:38
1584,500,792000,09:16:38
1584,100,158400,09:16:38
1584,200,316800,09:16:38
1584,700,1108800,09:16:38
1583,1000,1583000,09:16:38
1583,400,633200,09:16:38
1584,200,316800,09:16:38
1584,200,316800,09:16:38
1584,200,316800,09:16:38
1583,700,1108100,09:16:38
1584,200,316800,09:16:38
1585,1200,1902000,09:16:38
1585,1200,1902000,09:16:38
1583,100,158300,09:16:38
1584,400,633600,09:16:38
1583,300,474900,09:16:38
1580,100,158000,09:16:38
1580,100,158000,09:16:38
1582,3000,4746000,09:16:38
1581,100,158100,09:16:38
1581,100,158100,09:16:38
1579,100,157900,09:16:38
1580,23600,37288000,09:16:38
1579,700,1105300,09:16:38
1578,300,473400,09:16:38
1578,1400,2209200,09:16:38
1577,1300,2050100,09:16:38
1577,500,788500,09:16:38
1575,700,1102500,09:16:34
1575,300,472500,09:16:34
1576,200,315200,09:16:34
1576,100,157600,09:16:34
1575,1700,2677500,09:16:34
1575,1600,2520000,09:16:34
1574,900,1416600,09:16:34
1574,100,157400,09:16:33
1574,100,157400,09:16:33
1573,200,314600,09:16:33
1573,1000,1573000,09:16:33
1573,100,157300,09:16:33
1572,600,943200,09:16:31
1573,100,157300,09:16:31
1574,300,472200,09:16:31
1573,600,943800,09:16:31
1572,100,157200,09:16:31
1572,100,157200,09:16:28
1573,200,314600,09:16:25
1572,300,471600,09:16:22
1571,700,1099700,09:16:22
1572,200,314400,09:16:22
1572,300,471600,09:16:22
1572,200,314400,09:16:22
1572,200,314400,09:16:22
1574,700,1101800,09:16:22
1573,1100,1730300,09:16:22
1572,1900,2986800,09:16:22
1571,600,942600,09:16:22
1570,200,314000,09:16:21
1572,300,471600,09:16:21
1571,200,314200,09:16:21
1571,100,157100,09:16:21
1570,100,157000,09:16:21
1570,500,785000,09:16:21
1571,100,157100,09:16:21
1570,3300,5181000,09:16:21
1566,100,156600,09:16:19
1569,200,313800,09:16:18
1566,200,313200,09:16:16
1567,100,156700,09:16:16
1567,600,940200,09:16:13
1570,2000,3140000,09:16:12
1569,400,627600,09:16:12
1568,300,470400,09:16:12
1567,100,156700,09:16:11
1567,300,470100,09:16:09
1565,200,313000,09:16:07
1566,800,1252800,09:16:06
1566,100,156600,09:16:05
1568,500,784000,09:16:04
1567,700,1096900,09:16:04
1568,100,156800,09:16:04
1568,500,784000,09:16:04
1568,100,156800,09:16:03
1568,100,156800,09:16:03
1569,100,156900,09:16:03
1569,100,156900,09:16:03
1569,100,156900,09:16:03
1569,200,313800,09:16:03
1569,1000,1569000,09:16:03
1569,1100,1725900,09:16:03
1568,100,156800,09:16:03
1568,100,156800,09:16:03
1569,500,784500,09:16:03
1568,100,156800,09:16:03
1568,100,156800,09:16:03
1568,100,156800,09:16:03
1568,100,156800,09:16:03
1568,800,1254400,09:16:03
1568,100,156800,09:16:03
1568,200,313600,09:16:03
1568,900,1411200,09:16:03
1568,500,784000,09:16:03
1568,300,470400,09:16:03
1568,100,156800,09:16:03
1566,200,313200,09:16:03
1567,100,156700,09:16:03
1567,500,783500,09:16:03
1566,100,156600,09:16:03
1566,600,939600,09:16:03
1566,100,156600,09:16:03
1565,4800,7512000,09:16:03
1564,1000,1564000,09:16:03
1564,300,469200,09:16:03
1564,100,156400,09:16:03
1564,1000,1564000,09:16:03
1563,2200,3438600,09:16:03
1562,2500,3905000,09:16:03
1561,400,624400,09:16:03
1560,500,780000,09:15:56
1559,500,779500,09:15:56
1557,600,934200,09:15:50
1558,700,1090600,09:15:50
1559,100,155900,09:15:49
1559,900,1403100,09:15:38
1560,300,468000,09:15:38
1561,100,156100,09:15:34
1561,100,156100,09:15:34
1561,100,156100,09:15:29
1560,100,156000,09:15:28
1560,100,156000,09:15:27
1559,100,155900,09:15:25
1560,100,156000,09:15:25
1560,100,156000,09:15:23
1559,200,311800,09:15:21
1559,400,623600,09:15:21
1560,300,468000,09:15:21
1562,200,312400,09:15:18
1560,100,156000,09:15:18
1560,100,156000,09:15:16
1560,1000,1560000,09:15:15
1560,1300,2028000,09:15:13
1561,100,156100,09:15:13
1560,300,468000,09:15:13
1561,100,156100,09:15:12
1561,100,156100,09:15:12
1560,200,312000,09:15:09
1560,500,780000,09:15:09
1558,500,779000,09:15:09
1561,1000,1561000,09:15:09
1560,300,468000,09:15:09
1559,1100,1714900,09:15:09
1558,500,779000,09:15:09
1558,800,1246400,09:15:09
1557,100,155700,09:15:09
1557,300,467100,09:15:09
1557,300,467100,09:15:09
1557,300,467100,09:15:09
1556,100,155600,09:15:09
1557,100,155700,09:15:09
1557,100,155700,09:15:09
1555,700,1088500,09:15:09
1556,600,933600,09:15:09
1557,400,622800,09:15:09
1558,1600,2492800,09:15:09
1559,700,1091300,09:15:09
1559,100,155900,09:15:09
1560,200,312000,09:15:07
1560,600,936000,09:15:06
1561,100,156100,09:15:04
1561,200,312200,09:15:00
1560,100,156000,09:14:59
1561,100,156100,09:14:58
1561,100,156100,09:14:58
1561,900,1404900,09:14:57
1561,200,312200,09:14:57
1561,100,156100,09:14:57
1561,100,156100,09:14:56
1560,100,156000,09:14:54
1560,100,156000,09:14:46
1559,200,311800,09:14:46
1559,400,623600,09:14:46
1560,100,156000,09:14:46
1560,200,312000,09:14:46
1559,100,155900,09:14:45
1559,400,623600,09:14:39
1560,2600,4056000,09:14:37
1559,2600,4053400,09:14:37
1559,1100,1714900,09:14:37
1557,100,155700,09:14:35
1557,500,778500,09:14:35
1558,1900,2960200,09:14:35
1557,100,155700,09:14:35
1557,300,467100,09:14:33
1554,400,621600,09:14:23
1553,900,1397700,09:14:23
1553,200,310600,09:14:07
1551,300,465300,09:14:07
1552,300,465600,09:14:07
1554,700,1087800,09:14:07
1553,2200,3416600,09:14:07
1552,200,310400,09:14:07
1552,600,931200,09:14:07
1551,100,155100,09:14:07
1551,500,775500,09:14:07
1552,100,155200,09:14:07
1552,500,776000,09:14:07
1553,300,465900,09:14:07
1553,100,155300,09:14:07
1554,3100,4817400,09:14:07
1555,1600,2488000,09:14:07
1556,400,622400,09:14:07
1557,200,311400,09:13:57
1555,100,155500,09:13:50
1556,100,155600,09:13:50
1555,100,155500,09:13:50
1556,100,155600,09:13:50
1556,100,155600,09:13:50
1557,100,155700,09:13:49
1557,100,155700,09:13:45
1557,700,1089900,09:13:44
1557,100,155700,09:13:41
1557,100,155700,09:13:37
1557,100,155700,09:13:35
1556,100,155600,09:13:34
1556,400,622400,09:13:29
1557,100,155700,09:13:24
1556,1500,2334000,09:13:24
1555,200,311000,09:13:24
1555,900,1399500,09:13:21
1556,900,1400400,09:13:21
1554,100,155400,09:13:11
1556,600,933600,09:13:05
1555,400,622000,09:13:05
1555,400,622000,09:13:05
1556,300,466800,09:13:05
1556,200,311200,09:13:05
1557,400,622800,09:13:05
1558,800,1246400,09:13:05
1559,400,623600,09:13:05
1560,300,468000,09:13:05
1559,300,467700,09:13:05
1558,100,155800,09:13:05
1559,100,155900,09:13:05
1558,100,155800,09:13:05
1559,100,155900,09:13:05
1559,900,1403100,09:13:05
1559,100,155900,09:13:05
1559,100,155900,09:13:05
1559,100,155900,09:13:05
1560,2900,4524000,09:13:05
1559,1500,2338500,09:13:05
1558,1100,1713800,09:13:05
1557,2100,3269700,09:13:05
1556,1100,1711600,09:13:05
1555,400,622000,09:13:05
1555,300,466500,09:13:04
1555,100,155500,09:12:56
1553,400,621200,09:12:55
1552,100,155200,09:12:55
1552,100,155200,09:12:55
1550,100,155000,09:12:55
1551,500,775500,09:12:55
1550,1600,2480000,09:12:55
1549,3000,4647000,09:12:55
1550,200,310000,09:12:32
1550,100,155000,09:12:30
1549,100,154900,09:12:29
1549,200,309800,09:12:27
1548,1500,2322000,09:12:27
1547,300,464100,09:12:27
1545,600,927000,09:12:27
1546,900,1391400,09:12:27
1547,800,1237600,09:12:27
1548,100,154800,09:12:26
1549,400,619600,09:12:26
1549,600,929400,09:12:19
1550,400,620000,09:12:19
1550,100,155000,09:12:16
1550,200,310000,09:12:13
1551,600,930600,09:12:12
1550,1400,2170000,09:12:12
1549,700,1084300,09:12:12
1548,500,774000,09:12:12
1547,200,309400,09:12:11
1547,100,154700,09:12:10
1547,100,154700,09:12:10
1548,300,464400,09:12:04
1548,700,1083600,09:12:04
1549,300,464700,09:12:02
1549,200,309800,09:12:02
1550,1000,1550000,09:12:02
1550,200,310000,09:12:02
1550,600,930000,09:12:00
1551,200,310200,09:12:00
1551,500,775500,09:12:00
1552,100,155200,09:11:59
1552,200,310400,09:11:52
1552,400,620800,09:11:50
1552,100,155200,09:11:41
1552,100,155200,09:11:40
1553,300,465900,09:11:40
1554,400,621600,09:11:40
1555,200,311000,09:11:37
1555,200,311000,09:11:37
1556,1300,2022800,09:11:37
1557,2200,3425400,09:11:37
1558,300,467400,09:11:37
1559,100,155900,09:11:37
1558,900,1402200,09:11:37
1557,100,155700,09:11:33
1557,500,778500,09:11:31
1557,200,311400,09:11:31
1556,200,311200,09:11:29
1556,100,155600,09:11:29
1556,300,466800,09:11:20
1555,300,466500,09:11:16
1556,100,155600,09:11:14
1555,200,311000,09:11:10
1555,200,311000,09:11:09
1556,600,933600,09:11:09
1556,100,155600,09:11:09
1557,1000,1557000,09:11:09
1555,100,155500,09:11:07
1555,200,311000,09:11:05
1555,800,1244000,09:11:05
1554,200,310800,09:11:03
1555,200,311000,09:10:58
1554,300,466200,09:10:58
1551,100,155100,09:10:48
1551,1700,2636700,09:10:48
1552,1500,2328000,09:10:48
1553,2400,3727200,09:10:48
1554,800,1243200,09:10:48
1555,600,933000,09:10:48
1555,300,466500,09:10:46
1556,100,155600,09:10:46
1555,100,155500,09:10:45
1556,100,155600,09:10:45
1555,1000,1555000,09:10:45
1554,400,621600,09:10:40
1555,100,155500,09:10:37
1554,100,155400,09:10:36
1549,200,309800,09:10:33
1550,2200,3410000,09:10:33
1551,1200,1861200,09:10:33
1552,400,620800,09:10:33
1553,100,155300,09:10:32
1553,200,310600,09:10:32
1553,200,310600,09:10:32
1554,500,777000,09:10:29
1555,100,155500,09:10:26
1556,100,155600,09:10:24
1555,100,155500,09:10:23
1555,500,777500,09:10:23
1556,1000,1556000,09:10:23
1557,1500,2335500,09:10:23
1558,300,467400,09:10:23
1560,100,156000,09:10:23
1559,100,155900,09:10:22
1558,400,623200,09:10:19
1558,100,155800,09:10:17
1557,400,622800,09:10:15
1559,100,155900,09:10:13
1558,200,311600,09:10:12
1559,100,155900,09:10:12
1559,1600,2494400,09:10:12
1559,100,155900,09:10:12
1559,100,155900,09:10:09
1559,300,467700,09:10:07
1558,700,1090600,09:10:07
1556,100,155600,09:10:05
1554,500,777000,09:10:03
1555,300,466500,09:10:03
1556,100,155600,09:10:03
1556,200,311200,09:10:03
1557,100,155700,09:10:03
1556,900,1400400,09:10:03
1556,100,155600,09:10:03
1556,900,1400400,09:10:03
1555,3400,5287000,09:10:03
1554,1000,1554000,09:10:03
1553,100,155300,09:10:03
1552,200,310400,09:10:01
1554,300,466200,09:09:58
1553,100,155300,09:09:57
1552,100,155200,09:09:56
1551,100,155100,09:09:53
1550,100,155000,09:09:51
1551,200,310200,09:09:44
1550,100,155000,09:09:41
1550,100,155000,09:09:40
1550,100,155000,09:09:40
1550,100,155000,09:09:37
1550,100,155000,09:09:35
1549,100,154900,09:09:30
1548,300,464400,09:09:23
1549,300,464700,09:09:20
1549,200,309800,09:09:17
1550,400,620000,09:09:13
1552,1000,1552000,09:09:11
1551,800,1240800,09:09:11
1550,100,155000,09:09:11
1550,300,465000,09:09:07
1549,300,464700,09:09:07
1549,100,154900,09:09:07
1549,100,154900,09:09:07
1549,100,154900,09:09:04
1549,100,154900,09:09:01
1550,100,155000,09:08:56
1549,100,154900,09:08:47
1548,100,154800,09:08:47
1547,1200,1856400,09:08:47
1546,100,154600,09:08:47
1545,100,154500,09:08:46
1545,200,309000,09:08:46
1545,200,309000,09:08:46
1545,500,772500,09:08:46
1547,100,154700,09:08:43
1546,100,154600,09:08:41
1547,300,464100,09:08:41
1548,100,154800,09:08:40
1547,600,928200,09:08:37
1547,300,464100,09:08:37
1548,300,464400,09:08:37
1549,100,154900,09:08:34
1547,200,309400,09:08:32
1546,400,618400,09:08:22
1547,400,618800,09:08:22
1548,200,309600,09:08:12
1547,300,464100,09:08:12
1548,600,928800,09:08:12
1549,400,619600,09:08:12
1550,1300,2015000,09:08:06
1550,100,155000,09:08:06
1551,200,310200,09:08:06
1552,100,155200,09:08:02
1550,200,310000,09:07:58
1550,500,775000,09:07:58
1551,300,465300,09:07:58
1552,300,465600,09:07:58
1554,100,155400,09:07:58
1552,100,155200,09:07:52
1552,100,155200,09:07:52
1551,200,310200,09:07:50
1550,100,155000,09:07:49
1551,100,155100,09:07:48
1550,1400,2170000,09:07:48
1549,100,154900,09:07:48
1549,200,309800,09:07:48
1549,100,154900,09:07:48
1548,100,154800,09:07:45
1548,100,154800,09:07:42
1548,100,154800,09:07:41
1548,100,154800,09:07:40
1547,100,154700,09:07:40
1547,500,773500,09:07:40
1550,1200,1860000,09:07:40
1549,500,774500,09:07:40
1548,200,309600,09:07:40
1549,200,309800,09:07:38
1547,100,154700,09:07:36
1548,200,309600,09:07:35
1546,100,154600,09:07:34
1548,100,154800,09:07:31
1547,100,154700,09:07:31
1546,400,618400,09:07:28
1546,300,463800,09:07:28
1546,100,154600,09:07:28
1546,200,309200,09:07:20
1546,100,154600,09:07:19
1546,100,154600,09:07:15
1547,200,309400,09:07:12
1546,100,154600,09:07:12
1546,100,154600,09:07:12
1545,2500,3862500,09:07:12
1544,100,154400,09:07:10
1544,100,154400,09:07:10
1544,100,154400,09:07:10
1544,100,154400,09:07:10
1544,100,154400,09:07:10
1543,600,925800,09:07:10
1542,700,1079400,09:07:10
1542,1200,1850400,09:07:10
1542,400,616800,09:07:10
1542,100,154200,09:07:10
1542,300,462600,09:07:10
1541,400,616400,09:07:10
1540,1000,1540000,09:07:10
1539,1100,1692900,09:07:10
1538,2300,3537400,09:07:10
1537,200,307400,09:07:10
1536,200,307200,09:07:09
1535,300,460500,09:07:09
1535,100,153500,09:07:09
1535,100,153500,09:07:06
1535,100,153500,09:06:55
1535,100,153500,09:06:47
1536,200,307200,09:06:37
1535,100,153500,09:06:37
1532,600,919200,09:06:27
1533,1500,2299500,09:06:27
1534,500,767000,09:06:27
1535,100,153500,09:06:27
1535,200,307000,09:06:12
1534,500,767000,09:06:12
1533,800,1226400,09:06:12
1531,500,765500,09:06:11
1531,100,153100,09:06:11
1532,3100,4749200,09:06:11
1533,1000,1533000,09:06:11
1534,100,153400,09:06:11
1534,100,153400,09:06:11
1535,400,614000,09:06:11
1538,300,461400,09:06:04
1538,1500,2307000,09:06:04
1537,1100,1690700,09:06:04
1536,700,1075200,09:06:04
1535,700,1074500,09:06:04
1534,300,460200,09:06:04
1533,100,153300,09:06:00
1533,100,153300,09:06:00
1532,100,153200,09:05:54
1532,100,153200,09:05:53
1533,200,306600,09:05:47
1532,100,153200,09:05:45
1532,100,153200,09:05:45
1533,100,153300,09:05:35
1532,100,153200,09:05:34
1531,100,153100,09:05:31
1531,100,153100,09:05:30
1531,100,153100,09:05:25
1532,400,612800,09:05:25
1533,500,766500,09:05:22
1533,100,153300,09:05:21
1533,1000,1533000,09:05:20
1533,100,153300,09:05:20
1534,400,613600,09:05:20
1535,1800,2763000,09:05:16
1535,100,153500,09:05:16
1536,600,921600,09:05:06
1536,200,307200,09:05:05
1538,100,153800,09:05:02
1539,100,153900,09:04:50
1538,300,461400,09:04:50
1538,200,307600,09:04:48
1536,100,153600,09:04:48
1536,700,1075200,09:04:41
1537,1100,1690700,09:04:41
1538,100,153800,09:04:34
1539,300,461700,09:04:32
1539,100,153900,09:04:32
1539,100,153900,09:04:32
1539,700,1077300,09:04:29
1539,100,153900,09:04:29
1539,100,153900,09:04:24
1538,100,153800,09:04:23
1538,100,153800,09:04:23
1539,100,153900,09:04:23
1540,200,308000,09:04:19
1539,100,153900,09:04:18
1537,400,614800,09:04:18
1538,100,153800,09:04:18
1538,100,153800,09:04:16
1538,400,615200,09:04:16
1538,100,153800,09:04:16
1537,200,307400,09:04:16
1535,100,153500,09:04:12
1536,700,1075200,09:04:12
1535,200,307000,09:04:12
1533,100,153300,09:04:10
1535,200,307000,09:04:10
1534,300,460200,09:04:10
1534,100,153400,09:04:04
1533,800,1226400,09:04:02
1534,400,613600,09:04:02
1536,400,614400,09:04:02
1536,800,1228800,09:04:02
1535,200,307000,09:04:02
1534,100,153400,09:04:02
1536,2000,3072000,09:04:02
1535,100,153500,09:04:02
1535,200,307000,09:04:02
1534,200,306800,09:04:02
1533,300,459900,09:04:01
1535,100,153500,09:03:57
1535,100,153500,09:03:50
1534,200,306800,09:03:48
1536,100,153600,09:03:46
1535,500,767500,09:03:44
1534,200,306800,09:03:44
1531,300,459300,09:03:42
1529,100,152900,09:03:42
1530,600,918000,09:03:42
1531,100,153100,09:03:42
1531,400,612400,09:03:42
1532,100,153200,09:03:37
1533,400,613200,09:03:37
1532,700,1072400,09:03:37
1531,900,1377900,09:03:37
1530,1600,2448000,09:03:37
1529,100,152900,09:03:37
1528,100,152800,09:03:37
1528,100,152800,09:03:30
1529,200,305800,09:03:30
1529,100,152900,09:03:30
1527,100,152700,09:03:29
1528,200,305600,09:03:26
1529,100,152900,09:03:16
1527,200,305400,09:03:07
1527,100,152700,09:03:03
1527,100,152700,09:03:02
1528,300,458400,09:02:55
1530,100,153000,09:02:54
1530,100,153000,09:02:49
1529,1300,1987700,09:02:49
1529,200,305800,09:02:49
1530,100,153000,09:02:46
1531,100,153100,09:02:46
1530,200,306000,09:02:46
1530,100,153000,09:02:46
1530,100,153000,09:02:46
1530,100,153000,09:02:46
1531,200,306200,09:02:44
1532,200,306400,09:02:30
1530,200,306000,09:02:30
1529,100,152900,09:02:26
1529,100,152900,09:02:26
1530,100,153000,09:02:21
1530,100,153000,09:02:21
1530,400,612000,09:02:18
1531,200,306200,09:02:18
1532,200,306400,09:02:17
1532,1000,1532000,09:02:17
1531,100,153100,09:02:17
1530,300,459000,09:02:17
1530,100,153000,09:02:09
1528,100,152800,09:02:09
1529,100,152900,09:02:05
1529,100,152900,09:02:05
1530,700,1071000,09:02:04
1529,200,305800,09:02:04
1527,200,305400,09:02:04
1526,700,1068200,09:02:04
1525,400,610000,09:02:04
1523,100,152300,09:02:02
1524,200,304800,09:02:01
1525,200,305000,09:01:57
1525,100,152500,09:01:57
1525,100,152500,09:01:53
1527,100,152700,09:01:53
1525,100,152500,09:01:51
1525,100,152500,09:01:49
1525,500,762500,09:01:48
1524,200,304800,09:01:48
1523,1200,1827600,09:01:48
1522,100,152200,09:01:44
1522,100,152200,09:01:35
1522,100,152200,09:01:29
1519,200,303800,09:01:28
1520,1500,2280000,09:01:28
1521,800,1216800,09:01:28
1522,500,761000,09:01:28
1525,100,152500,09:01:26
1524,600,914400,09:01:26
1523,100,152300,09:01:25
1522,100,152200,09:01:25
1524,200,304800,09:01:23
1523,300,456900,09:01:19
1521,100,152100,09:01:14
1522,700,1065400,09:01:11
1523,100,152300,09:01:11
1522,100,152200,09:01:04
1523,200,304600,09:01:03
1522,100,152200,09:00:50
1521,200,304200,09:00:47
1522,300,456600,09:00:47
1524,100,152400,09:00:47
1523,100,152300,09:00:46
1523,400,609200,09:00:45
1525,200,305000,09:00:43
1522,200,304400,09:00:42
1523,200,304600,09:00:41
1524,100,152400,09:00:41
1524,500,762000,09:00:31
1520,600,912000,09:00:31
1521,400,608400,09:00:31
1522,200,304400,09:00:31
1523,1600,2436800,09:00:31
1524,100,152400,09:00:31
1524,100,152400,09:00:31
1523,100,152300,09:00:28
1524,200,304800,09:00:28
1524,100,152400,09:00:27
1525,300,457500,09:00:27
1522,200,304400,09:00:27
1521,500,760500,09:00:27
1518,200,303600,09:00:25
1519,200,303800,09:00:25
1520,200,304000,09:00:23
1521,200,304200,09:00:21
1522,100,152200,09:00:21
1522,200,304400,09:00:21
1523,100,152300,09:00:21
1524,100,152400,09:00:21
1523,1000,1523000,09:00:21
1524,100,152400,09:00:21
1525,100,152500,09:00:20
1525,100,152500,09:00:20
1525,100,152500,09:00:20
1523,100,152300,09:00:19
1522,200,304400,09:00:19
1520,200,304000,09:00:17
1518,200,303600,09:00:12
1519,100,151900,09:00:12
1519,500,759500,09:00:12
1520,100,152000,09:00:12
1520,100,152000,09:00:12
1522,700,1065400,09:00:10
1520,200,304000,09:00:09
1517,200,303400,09:00:09
1516,100,151600,09:00:03
1517,900,1365300,09:00:03
1518,400,607200,09:00:03
1519,200,303800,09:00:03
1519,400,607600,09:00:03
1520,1100,1672000,09:00:03
1521,100,152100,09:00:03
1522,100,152200,09:00:03
1521,200,304200,09:00:00
1521,23200,35287200,09:00:00