値段,株数,金額,時刻
2869,100,286900,09:59:30
2868,700,2007600,09:59:29
2869,1300,3729700,09:59:29
2870,300,861000,09:59:29
2870,100,287000,09:59:28
2869,100,286900,09:59:27
2868,400,1147200,09:59:27
2869,100,286900,09:59:26
2868,600,1720800,09:59:26
2868,200,573600,09:59:26
2869,100,286900,09:59:26
2869,600,1721400,09:59:26
2870,100,287000,09:59:26
2869,100,286900,09:59:25
2870,900,2583000,09:59:25
2869,400,1147600,09:59:25
2868,600,1720800,09:59:25
2868,100,286800,09:59:24
2869,1100,3155900,09:59:24
2870,400,1148000,09:59:24
2870,1000,2870000,09:59:24
2871,200,574200,09:59:22
2871,100,287100,09:59:21
2872,200,574400,09:59:21
2871,100,287100,09:59:20
2871,100,287100,09:59:20
2873,100,287300,09:59:19
2872,100,287200,09:59:19
2872,100,287200,09:59:19
2872,400,1148800,09:59:19
2872,100,287200,09:59:19
2873,200,574600,09:59:16
2873,200,574600,09:59:16
2873,100,287300,09:59:15
2873,100,287300,09:59:14
2873,100,287300,09:59:14
2873,100,287300,09:59:14
2873,100,287300,09:59:14
2874,600,1724400,09:59:14
2874,100,287400,09:59:14
2874,100,287400,09:59:14
2875,100,287500,09:59:13
2875,100,287500,09:59:13
2875,300,862500,09:59:13
2875,1900,5462500,09:59:13
2875,100,287500,09:59:13
2876,300,862800,09:59:12
2876,100,287600,09:59:09
2876,100,287600,09:59:09
2876,400,1150400,09:59:09
2877,800,2301600,09:59:09
2878,1900,5468200,09:59:09
2879,200,575800,09:59:09
2880,100,288000,09:59:09
2879,1100,3166900,09:59:09
2882,200,576400,09:59:09
2880,200,576000,09:59:09
2879,100,287900,09:59:06
2881,200,576200,09:59:01
2880,300,864000,09:59:00
2880,100,288000,09:58:56
2880,700,2016000,09:58:56
2879,100,287900,09:58:55
2879,300,863700,09:58:53
2878,100,287800,09:58:51
2878,100,287800,09:58:51
2878,300,863400,09:58:51
2879,100,287900,09:58:48
2879,100,287900,09:58:48
2878,500,1439000,09:58:46
2878,100,287800,09:58:46
2879,100,287900,09:58:45
2880,200,576000,09:58:43
2879,100,287900,09:58:40
2879,100,287900,09:58:40
2879,700,2015300,09:58:39
2880,100,288000,09:58:39
2880,100,288000,09:58:39
2880,300,864000,09:58:27
2878,100,287800,09:58:25
2880,300,864000,09:58:25
2881,500,1440500,09:58:22
2882,300,864600,09:58:19
2882,200,576400,09:58:19
2883,100,288300,09:58:19
2882,1900,5475800,09:58:19
2882,500,1441000,09:58:18
2880,100,288000,09:58:18
2881,100,288100,09:58:18
2881,200,576200,09:58:18
2881,200,576200,09:58:18
2880,800,2304000,09:58:17
2879,100,287900,09:58:17
2877,100,287700,09:58:17
2878,100,287800,09:58:12
2878,100,287800,09:58:11
2878,200,575600,09:58:11
2878,300,863400,09:58:11
2877,100,287700,09:58:08
2878,200,575600,09:58:06
2878,500,1439000,09:58:03
2878,400,1151200,09:58:02
2879,100,287900,09:58:02
2879,900,2591100,09:58:00
2880,100,288000,09:57:59
2879,100,287900,09:57:55
2880,1000,2880000,09:57:51
2880,300,864000,09:57:51
2879,100,287900,09:57:51
2880,100,288000,09:57:47
2879,100,287900,09:57:47
2879,100,287900,09:57:45
2880,100,288000,09:57:45
2878,200,575600,09:57:44
2878,300,863400,09:57:43
2878,200,575600,09:57:43
2879,100,287900,09:57:43
2879,200,575800,09:57:41
2879,500,1439500,09:57:40
2880,200,576000,09:57:38
2880,800,2304000,09:57:38
2881,300,864300,09:57:37
2882,400,1152800,09:57:37
2883,300,864900,09:57:35
2881,100,288100,09:57:33
2882,100,288200,09:57:26
2882,100,288200,09:57:26
2881,100,288100,09:57:24
2880,800,2304000,09:57:16
2881,1000,2881000,09:57:16
2882,100,288200,09:57:15
2882,100,288200,09:57:15
2883,300,864900,09:57:14
2882,100,288200,09:57:12
2882,200,576400,09:57:12
2882,100,288200,09:57:11
2884,200,576800,09:57:08
2883,700,2018100,09:57:08
2884,100,288400,09:57:08
2884,200,576800,09:57:07
2883,100,288300,09:57:04
2882,300,864600,09:57:04
2881,200,576200,09:57:03
2881,1100,3169100,09:57:03
2880,200,576000,09:57:01
2879,400,1151600,09:56:57
2880,100,288000,09:56:57
2881,200,576200,09:56:57
2880,200,576000,09:56:55
2881,100,288100,09:56:52
2880,200,576000,09:56:52
2880,100,288000,09:56:51
2881,100,288100,09:56:50
2880,100,288000,09:56:50
2880,100,288000,09:56:49
2881,300,864300,09:56:48
2880,400,1152000,09:56:44
2880,300,864000,09:56:42
2880,100,288000,09:56:39
2878,100,287800,09:56:39
2878,100,287800,09:56:38
2878,200,575600,09:56:38
2878,200,575600,09:56:38
2878,200,575600,09:56:38
2879,200,575800,09:56:38
2878,100,287800,09:56:38
2878,100,287800,09:56:38
2877,100,287700,09:56:37
2875,200,575000,09:56:37
2876,100,287600,09:56:36
2876,100,287600,09:56:35
2876,100,287600,09:56:35
2876,100,287600,09:56:35
2877,100,287700,09:56:34
2877,100,287700,09:56:34
2877,200,575400,09:56:34
2877,100,287700,09:56:34
2878,100,287800,09:56:34
2879,200,575800,09:56:34
2878,100,287800,09:56:34
2877,500,1438500,09:56:34
2878,200,575600,09:56:34
2879,1300,3742700,09:56:34
2880,3400,9792000,09:56:34
2881,800,2304800,09:56:33
2882,400,1152800,09:56:32
2883,1200,3459600,09:56:32
2884,200,576800,09:56:32
2885,800,2308000,09:56:32
2886,100,288600,09:56:28
2885,300,865500,09:56:28
2884,100,288400,09:56:25
2884,100,288400,09:56:25
2884,200,576800,09:56:25
2884,100,288400,09:56:25
2885,1100,3173500,09:56:23
2886,100,288600,09:56:19
2886,100,288600,09:56:19
2886,100,288600,09:56:17
2885,100,288500,09:56:16
2886,200,577200,09:56:16
2886,100,288600,09:56:16
2886,100,288600,09:56:16
2886,100,288600,09:56:16
2886,100,288600,09:56:16
2885,600,1731000,09:56:16
2885,300,865500,09:56:14
2884,300,865200,09:56:14
2885,100,288500,09:56:11
2883,400,1153200,09:56:10
2884,100,288400,09:56:09
2884,200,576800,09:56:07
2885,100,288500,09:56:05
2885,200,577000,09:56:05
2885,400,1154000,09:56:05
2883,200,576600,09:56:02
2882,200,576400,09:56:01
2883,500,1441500,09:56:00
2883,100,288300,09:55:58
2884,100,288400,09:55:58
2884,100,288400,09:55:58
2886,800,2308800,09:55:58
2885,200,577000,09:55:58
2887,200,577400,09:55:57
2886,100,288600,09:55:54
2886,200,577200,09:55:54
2886,100,288600,09:55:54
2885,1000,2885000,09:55:54
2885,1000,2885000,09:55:54
2884,900,2595600,09:55:54
2884,100,288400,09:55:54
2884,100,288400,09:55:52
2884,100,288400,09:55:48
2885,100,288500,09:55:47
2885,300,865500,09:55:47
2884,100,288400,09:55:46
2884,400,1153600,09:55:42
2883,100,288300,09:55:42
2882,200,576400,09:55:42
2883,100,288300,09:55:42
2883,600,1729800,09:55:39
2881,300,864300,09:55:35
2881,200,576200,09:55:35
2881,300,864300,09:55:35
2881,100,288100,09:55:35
2881,100,288100,09:55:35
2882,100,288200,09:55:29
2882,200,576400,09:55:27
2882,100,288200,09:55:27
2882,300,864600,09:55:26
2884,100,288400,09:55:26
2883,100,288300,09:55:26
2883,100,288300,09:55:26
2883,300,864900,09:55:21
2883,300,864900,09:55:18
2882,100,288200,09:55:17
2882,300,864600,09:55:17
2881,200,576200,09:55:17
2881,200,576200,09:55:17
2881,100,288100,09:55:16
2881,100,288100,09:55:16
2880,200,576000,09:55:16
2881,200,576200,09:55:16
2881,400,1152400,09:55:16
2881,300,864300,09:55:16
2880,200,576000,09:55:15
2881,300,864300,09:55:15
2882,400,1152800,09:55:15
2883,100,288300,09:55:15
2885,100,288500,09:55:13
2884,500,1442000,09:55:13
2885,200,577000,09:55:12
2886,100,288600,09:55:11
2886,100,288600,09:55:11
2887,100,288700,09:55:11
2885,100,288500,09:55:10
2886,100,288600,09:55:10
2886,100,288600,09:55:10
2886,200,577200,09:55:10
2885,600,1731000,09:55:10
2886,100,288600,09:55:10
2886,100,288600,09:55:10
2886,200,577200,09:55:10
2887,100,288700,09:55:10
2886,100,288600,09:55:10
2887,2000,5774000,09:55:10
2887,200,577400,09:55:10
2886,1000,2886000,09:55:10
2885,6600,19041000,09:55:10
2885,1200,3462000,09:55:10
2885,400,1154000,09:55:10
2884,3000,8652000,09:55:10
2883,900,2594700,09:55:10
2881,100,288100,09:55:08
2882,200,576400,09:55:07
2881,100,288100,09:55:05
2881,100,288100,09:55:04
2881,100,288100,09:55:02
2882,100,288200,09:55:02
2883,100,288300,09:55:02
2883,100,288300,09:55:01
2883,200,576600,09:55:01
2883,200,576600,09:55:01
2883,1500,4324500,09:55:01
2882,100,288200,09:55:01
2883,200,576600,09:55:01
2882,100,288200,09:54:59
2882,100,288200,09:54:59
2882,100,288200,09:54:58
2882,100,288200,09:54:57
2881,100,288100,09:54:57
2881,200,576200,09:54:57
2881,200,576200,09:54:57
2880,700,2016000,09:54:57
2881,800,2304800,09:54:57
2882,100,288200,09:54:49
2882,300,864600,09:54:48
2882,300,864600,09:54:45
2882,100,288200,09:54:45
2882,100,288200,09:54:45
2881,100,288100,09:54:44
2881,200,576200,09:54:43
2882,300,864600,09:54:42
2881,300,864300,09:54:41
2882,100,288200,09:54:41
2882,100,288200,09:54:41
2881,200,576200,09:54:39
2880,300,864000,09:54:36
2880,100,288000,09:54:36
2881,1000,2881000,09:54:34
2880,100,288000,09:54:34
2880,1100,3168000,09:54:34
2880,200,576000,09:54:30
2881,200,576200,09:54:27
2881,300,864300,09:54:27
2881,200,576200,09:54:24
2882,100,288200,09:54:23
2882,400,1152800,09:54:22
2881,300,864300,09:54:18
2881,200,576200,09:54:16
2882,200,576400,09:54:13
2880,200,576000,09:54:12
2880,100,288000,09:54:12
2881,100,288100,09:54:12
2882,100,288200,09:54:12
2881,200,576200,09:54:12
2880,100,288000,09:54:10
2879,200,575800,09:54:10
2879,100,287900,09:54:10
2881,100,288100,09:54:09
2880,100,288000,09:54:09
2880,300,864000,09:54:07
2879,100,287900,09:54:05
2879,500,1439500,09:54:05
2878,500,1439000,09:54:04
2877,100,287700,09:54:04
2878,100,287800,09:54:03
2878,300,863400,09:54:03
2879,1000,2879000,09:54:03
2880,900,2592000,09:54:03
2881,400,1152400,09:54:00
2881,300,864300,09:54:00
2883,200,576600,09:53:59
2882,100,288200,09:53:59
2882,100,288200,09:53:59
2883,100,288300,09:53:56
2881,100,288100,09:53:56
2882,2400,6916800,09:53:56
2882,100,288200,09:53:56
2882,200,576400,09:53:52
2881,100,288100,09:53:52
2881,100,288100,09:53:51
2880,100,288000,09:53:50
2881,100,288100,09:53:50
2881,100,288100,09:53:50
2882,200,576400,09:53:50
2882,200,576400,09:53:46
2882,100,288200,09:53:45
2883,200,576600,09:53:43
2882,100,288200,09:53:43
2882,100,288200,09:53:43
2882,100,288200,09:53:43
2882,400,1152800,09:53:42
2882,800,2305600,09:53:42
2881,500,1440500,09:53:42
2880,200,576000,09:53:42
2880,100,288000,09:53:42
2879,100,287900,09:53:42
2880,2800,8064000,09:53:42
2880,100,288000,09:53:42
2880,100,288000,09:53:40
2880,100,288000,09:53:39
2881,100,288100,09:53:38
2880,100,288000,09:53:38
2880,100,288000,09:53:36
2881,200,576200,09:53:34
2881,100,288100,09:53:33
2881,200,576200,09:53:31
2881,100,288100,09:53:26
2881,100,288100,09:53:26
2881,100,288100,09:53:26
2881,100,288100,09:53:24
2881,100,288100,09:53:21
2880,100,288000,09:53:19
2881,300,864300,09:53:17
2882,200,576400,09:53:15
2883,300,864900,09:53:15
2880,100,288000,09:53:13
2881,900,2592900,09:53:13
2881,300,864300,09:53:13
2882,100,288200,09:53:13
2881,100,288100,09:53:10
2881,100,288100,09:53:10
2881,100,288100,09:53:10
2881,400,1152400,09:53:10
2882,100,288200,09:53:10
2884,700,2018800,09:53:10
2883,2500,7207500,09:53:10
2882,200,576400,09:53:09
2881,100,288100,09:53:08
2880,200,576000,09:53:07
2880,200,576000,09:53:05
2880,100,288000,09:53:05
2880,200,576000,09:53:05
2880,200,576000,09:53:04
2880,100,288000,09:53:01
2880,100,288000,09:53:01
2880,100,288000,09:52:57
2880,100,288000,09:52:57
2881,1000,2881000,09:52:57
2880,500,1440000,09:52:57
2883,1100,3171300,09:52:55
2882,1700,4899400,09:52:55
2881,500,1440500,09:52:55
2880,100,288000,09:52:55
2879,300,863700,09:52:54
2878,300,863400,09:52:54
2877,200,575400,09:52:54
2876,400,1150400,09:52:54
2875,200,575000,09:52:53
2874,200,574800,09:52:53
2874,200,574800,09:52:53
2874,100,287400,09:52:51
2874,200,574800,09:52:49
2874,300,862200,09:52:46
2873,200,574600,09:52:46
2874,400,1149600,09:52:44
2874,200,574800,09:52:44
2875,100,287500,09:52:43
2875,400,1150000,09:52:42
2875,100,287500,09:52:42
2874,100,287400,09:52:41
2875,100,287500,09:52:41
2875,100,287500,09:52:41
2875,100,287500,09:52:41
2875,100,287500,09:52:41
2875,200,575000,09:52:41
2875,100,287500,09:52:40
2874,200,574800,09:52:40
2873,200,574600,09:52:39
2872,100,287200,09:52:36
2872,100,287200,09:52:35
2875,100,287500,09:52:34
2873,100,287300,09:52:34
2874,200,574800,09:52:34
2872,100,287200,09:52:32
2873,400,1149200,09:52:32
2873,100,287300,09:52:32
2874,200,574800,09:52:32
2873,200,574600,09:52:32
2872,500,1436000,09:52:32
2871,100,287100,09:52:31
2870,600,1722000,09:52:31
2871,1700,4880700,09:52:31
2872,400,1148800,09:52:31
2872,100,287200,09:52:31
2873,100,287300,09:52:31
2873,100,287300,09:52:30
2872,200,574400,09:52:28
2872,200,574400,09:52:27
2872,100,287200,09:52:27
2873,100,287300,09:52:27
2873,700,2011100,09:52:27
2872,100,287200,09:52:27
2872,400,1148800,09:52:27
2872,100,287200,09:52:26
2873,100,287300,09:52:26
2872,100,287200,09:52:26
2873,400,1149200,09:52:26
2874,200,574800,09:52:26
2875,200,575000,09:52:25
2875,100,287500,09:52:25
2876,100,287600,09:52:23
2875,700,2012500,09:52:23
2876,200,575200,09:52:23
2876,100,287600,09:52:22
2876,500,1438000,09:52:21
2877,100,287700,09:52:20
2878,400,1151200,09:52:20
2878,200,575600,09:52:20
2877,100,287700,09:52:20
2877,100,287700,09:52:20
2877,100,287700,09:52:20
2877,300,863100,09:52:20
2877,100,287700,09:52:20
2877,400,1150800,09:52:20
2877,500,1438500,09:52:20
2877,100,287700,09:52:20
2878,200,575600,09:52:19
2879,200,575800,09:52:18
2879,100,287900,09:52:18
2879,200,575800,09:52:18
2879,100,287900,09:52:18
2879,100,287900,09:52:18
2881,200,576200,09:52:17
2880,100,288000,09:52:17
2879,200,575800,09:52:17
2880,800,2304000,09:52:16
2881,100,288100,09:52:16
2881,100,288100,09:52:16
2881,100,288100,09:52:16
2881,200,576200,09:52:16
2882,1500,4323000,09:52:16
2882,100,288200,09:52:16
2882,100,288200,09:52:16
2882,200,576400,09:52:16
2882,100,288200,09:52:16
2882,100,288200,09:52:15
2883,500,1441500,09:52:14
2884,100,288400,09:52:13
2884,200,576800,09:52:10
2884,100,288400,09:52:06
2884,200,576800,09:52:06
2884,100,288400,09:52:05
2884,100,288400,09:52:05
2883,100,288300,09:52:02
2883,100,288300,09:52:02
2883,500,1441500,09:52:02
2882,100,288200,09:52:02
2882,100,288200,09:52:00
2883,100,288300,09:52:00
2884,100,288400,09:52:00
2883,300,864900,09:52:00
2884,100,288400,09:51:59
2884,100,288400,09:51:58
2884,200,576800,09:51:58
2884,100,288400,09:51:58
2884,200,576800,09:51:58
2884,100,288400,09:51:56
2883,100,288300,09:51:56
2882,800,2305600,09:51:56
2882,100,288200,09:51:56
2882,100,288200,09:51:56
2884,100,288400,09:51:56
2883,3000,8649000,09:51:56
2884,100,288400,09:51:55
2884,100,288400,09:51:55
2884,200,576800,09:51:55
2884,100,288400,09:51:55
2885,100,288500,09:51:55
2884,400,1153600,09:51:53
2884,100,288400,09:51:53
2883,100,288300,09:51:49
2883,100,288300,09:51:49
2883,100,288300,09:51:47
2883,100,288300,09:51:46
2883,100,288300,09:51:46
2883,100,288300,09:51:45
2882,200,576400,09:51:43
2883,1300,3747900,09:51:42
2882,300,864600,09:51:42
2880,100,288000,09:51:39
2882,100,288200,09:51:39
2881,100,288100,09:51:39
2881,100,288100,09:51:39
2881,100,288100,09:51:39
2881,300,864300,09:51:39
2880,2800,8064000,09:51:39
2877,100,287700,09:51:36
2878,300,863400,09:51:36
2877,100,287700,09:51:36
2876,100,287600,09:51:36
2876,100,287600,09:51:36
2877,300,863100,09:51:36
2876,600,1725600,09:51:36
2876,100,287600,09:51:36
2878,100,287800,09:51:36
2877,1900,5466300,09:51:36
2877,1200,3452400,09:51:36
2878,2100,6043800,09:51:36
2879,200,575800,09:51:36
2879,400,1151600,09:51:36
2880,100,288000,09:51:36
2880,100,288000,09:51:36
2879,100,287900,09:51:35
2879,200,575800,09:51:33
2879,100,287900,09:51:33
2878,100,287800,09:51:30
2878,200,575600,09:51:27
2877,200,575400,09:51:27
2877,100,287700,09:51:26
2877,100,287700,09:51:26
2878,100,287800,09:51:26
2877,100,287700,09:51:25
2877,100,287700,09:51:25
2878,100,287800,09:51:25
2878,100,287800,09:51:24
2878,100,287800,09:51:24
2878,300,863400,09:51:23
2880,300,864000,09:51:23
2880,400,1152000,09:51:23
2878,100,287800,09:51:21
2878,600,1726800,09:51:21
2878,100,287800,09:51:21
2879,100,287900,09:51:21
2879,100,287900,09:51:20
2879,100,287900,09:51:20
2880,100,288000,09:51:19
2879,100,287900,09:51:18
2880,600,1728000,09:51:18
2879,300,863700,09:51:18
2879,100,287900,09:51:18
2879,100,287900,09:51:17
2879,300,863700,09:51:15
2879,100,287900,09:51:15
2878,200,575600,09:51:15
2878,100,287800,09:51:14
2878,200,575600,09:51:14
2878,100,287800,09:51:13
2878,100,287800,09:51:13
2879,100,287900,09:51:12
2879,200,575800,09:51:12
2878,300,863400,09:51:11
2877,300,863100,09:51:09
2876,100,287600,09:51:09
2876,200,575200,09:51:09
2877,500,1438500,09:51:07
2875,200,575000,09:51:07
2876,400,1150400,09:51:06
2878,100,287800,09:51:05
2875,100,287500,09:51:05
2876,100,287600,09:51:04
2876,200,575200,09:51:04
2874,300,862200,09:51:04
2875,200,575000,09:51:04
2875,300,862500,09:51:04
2874,200,574800,09:51:04
2873,400,1149200,09:51:04
2873,800,2298400,09:51:04
2872,200,574400,09:51:02
2871,100,287100,09:51:00
2872,100,287200,09:50:54
2871,200,574200,09:50:54
2870,100,287000,09:50:54
2870,100,287000,09:50:54
2871,200,574200,09:50:54
2872,700,2010400,09:50:54
2873,200,574600,09:50:53
2873,200,574600,09:50:53
2873,200,574600,09:50:53
2873,200,574600,09:50:53
2873,200,574600,09:50:53
2873,100,287300,09:50:53
2872,1000,2872000,09:50:52
2872,200,574400,09:50:52
2872,100,287200,09:50:52
2872,200,574400,09:50:52
2870,300,861000,09:50:47
2872,400,1148800,09:50:46
2871,100,287100,09:50:45
2871,100,287100,09:50:42
2871,200,574200,09:50:42
2870,100,287000,09:50:42
2870,500,1435000,09:50:41
2870,100,287000,09:50:40
2869,100,286900,09:50:36
2870,100,287000,09:50:36
2870,400,1148000,09:50:36
2869,700,2008300,09:50:36
2868,500,1434000,09:50:35
2869,100,286900,09:50:35
2867,100,286700,09:50:33
2868,300,860400,09:50:33
2867,300,860100,09:50:33
2865,200,573000,09:50:30
2865,100,286500,09:50:30
2866,100,286600,09:50:30
2866,100,286600,09:50:29
2867,300,860100,09:50:28
2867,200,573400,09:50:28
2867,100,286700,09:50:27
2867,100,286700,09:50:26
2869,1200,3442800,09:50:24
2869,100,286900,09:50:24
2869,900,2582100,09:50:24
2869,100,286900,09:50:23
2869,100,286900,09:50:22
2870,400,1148000,09:50:22
2869,1400,4016600,09:50:22
2868,300,860400,09:50:22
2867,100,286700,09:50:21
2867,100,286700,09:50:21
2868,100,286800,09:50:21
2868,200,573600,09:50:20
2868,100,286800,09:50:19
2868,200,573600,09:50:18
2868,200,573600,09:50:18
2868,200,573600,09:50:18
2868,200,573600,09:50:18
2869,200,573800,09:50:14
2869,100,286900,09:50:13
2868,300,860400,09:50:12
2866,600,1719600,09:50:11
2867,100,286700,09:50:11
2867,200,573400,09:50:11
2867,200,573400,09:50:11
2868,500,1434000,09:50:11
2868,500,1434000,09:50:11
2869,1300,3729700,09:50:11
2870,1800,5166000,09:50:11
2871,100,287100,09:50:11
2871,200,574200,09:50:11
2871,300,861300,09:50:11
2871,100,287100,09:50:07
2871,100,287100,09:50:07
2871,100,287100,09:50:07
2871,500,1435500,09:50:07
2870,400,1148000,09:50:07
2871,600,1722600,09:50:07
2872,100,287200,09:50:05
2871,700,2009700,09:50:05
2872,300,861600,09:50:05
2872,100,287200,09:50:04
2871,200,574200,09:50:04
2871,100,287100,09:50:01
2872,200,574400,09:50:01
2872,100,287200,09:49:59
2870,200,574000,09:49:58
2870,100,287000,09:49:58
2872,100,287200,09:49:57
2871,500,1435500,09:49:56
2872,400,1148800,09:49:55
2872,200,574400,09:49:54
2871,100,287100,09:49:54
2871,400,1148400,09:49:54
2870,100,287000,09:49:53
2872,300,861600,09:49:53
2871,100,287100,09:49:51
2870,400,1148000,09:49:51
2870,200,574000,09:49:51
2870,100,287000,09:49:51
2871,100,287100,09:49:51
2871,100,287100,09:49:51
2870,100,287000,09:49:51
2871,400,1148400,09:49:51
2872,100,287200,09:49:51
2871,100,287100,09:49:51
2872,300,861600,09:49:51
2872,300,861600,09:49:51
2872,400,1148800,09:49:51
2872,100,287200,09:49:51
2870,100,287000,09:49:51
2869,100,286900,09:49:49
2868,100,286800,09:49:49
2868,200,573600,09:49:47
2869,100,286900,09:49:46
2868,200,573600,09:49:46
2867,100,286700,09:49:46
2868,800,2294400,09:49:44
2869,100,286900,09:49:44
2869,100,286900,09:49:43
2869,200,573800,09:49:43
2869,200,573800,09:49:43
2868,100,286800,09:49:42
2867,100,286700,09:49:39
2868,100,286800,09:49:39
2867,100,286700,09:49:39
2867,100,286700,09:49:38
2866,1000,2866000,09:49:38
2864,300,859200,09:49:37
2865,300,859500,09:49:37
2865,100,286500,09:49:37
2864,300,859200,09:49:35
2863,100,286300,09:49:35
2864,100,286400,09:49:35
2864,100,286400,09:49:35
2864,100,286400,09:49:35
2864,100,286400,09:49:35
2864,100,286400,09:49:30
2864,100,286400,09:49:30
2865,100,286500,09:49:30
2864,100,286400,09:49:28
2864,200,572800,09:49:28
2862,100,286200,09:49:27
2863,100,286300,09:49:25
2863,200,572600,09:49:24
2863,100,286300,09:49:24
2863,200,572600,09:49:23
2864,100,286400,09:49:22
2863,500,1431500,09:49:20
2864,100,286400,09:49:17
2863,100,286300,09:49:17
2862,100,286200,09:49:16
2862,100,286200,09:49:16
2863,100,286300,09:49:14
2862,100,286200,09:49:13
2865,200,573000,09:49:13
2864,300,859200,09:49:11
2863,100,286300,09:49:11
2862,100,286200,09:49:11
2862,100,286200,09:49:11
2862,100,286200,09:49:11
2863,100,286300,09:49:08
2864,100,286400,09:49:08
2864,200,572800,09:49:08
2864,100,286400,09:49:08
2866,600,1719600,09:49:08
2865,400,1146000,09:49:08
2864,700,2004800,09:49:08
2862,200,572400,09:49:07
2863,100,286300,09:49:06
2863,100,286300,09:49:06
2863,100,286300,09:49:05
2863,100,286300,09:49:05
2863,300,858900,09:49:04
2863,100,286300,09:49:04
2864,100,286400,09:49:04
2865,100,286500,09:49:04
2864,200,572800,09:49:03
2862,100,286200,09:49:03
2862,200,572400,09:49:02
2863,100,286300,09:49:01
2863,200,572600,09:49:01
2863,100,286300,09:49:00
2863,100,286300,09:49:00
2862,200,572400,09:48:58
2863,100,286300,09:48:57
2862,100,286200,09:48:57
2862,100,286200,09:48:57
2862,100,286200,09:48:56
2861,300,858300,09:48:56
2861,300,858300,09:48:56
2862,100,286200,09:48:56
2862,100,286200,09:48:55
2862,100,286200,09:48:55
2861,100,286100,09:48:55
2862,700,2003400,09:48:55
2861,100,286100,09:48:53
2861,300,858300,09:48:53
2861,200,572200,09:48:53
2864,300,859200,09:48:51
2861,200,572200,09:48:51
2862,200,572400,09:48:51
2863,800,2290400,09:48:50
2863,200,572600,09:48:50
2862,100,286200,09:48:50
2862,100,286200,09:48:50
2862,400,1144800,09:48:49
2862,100,286200,09:48:49
2862,200,572400,09:48:49
2866,900,2579400,09:48:48
2865,400,1146000,09:48:48
2865,1400,4011000,09:48:48
2863,100,286300,09:48:48
2863,600,1717800,09:48:48
2864,400,1145600,09:48:47
2863,800,2290400,09:48:47
2862,100,286200,09:48:47
2862,400,1144800,09:48:47
2862,500,1431000,09:48:47
2862,100,286200,09:48:46
2860,900,2574000,09:48:46
2860,200,572000,09:48:44
2861,100,286100,09:48:44
2861,100,286100,09:48:44
2862,200,572400,09:48:44
2862,100,286200,09:48:44
2861,200,572200,09:48:43
2861,300,858300,09:48:43
2861,300,858300,09:48:43
2861,200,572200,09:48:43
2861,400,1144400,09:48:43
2861,800,2288800,09:48:43
2862,100,286200,09:48:43
2862,100,286200,09:48:42
2861,100,286100,09:48:41
2861,100,286100,09:48:40
2862,100,286200,09:48:40
2863,100,286300,09:48:38
2862,700,2003400,09:48:38
2862,200,572400,09:48:37
2863,900,2576700,09:48:37
2862,200,572400,09:48:36
2861,200,572200,09:48:36
2862,100,286200,09:48:36
2862,600,1717200,09:48:36
2863,500,1431500,09:48:36
2863,100,286300,09:48:36
2863,100,286300,09:48:36
2864,600,1718400,09:48:36
2865,600,1719000,09:48:36
2866,100,286600,09:48:34
2867,100,286700,09:48:34
2866,300,859800,09:48:34
2866,100,286600,09:48:34
2867,100,286700,09:48:34
2867,100,286700,09:48:33
2867,100,286700,09:48:33
2868,500,1434000,09:48:33
2867,100,286700,09:48:33
2867,100,286700,09:48:33
2867,100,286700,09:48:33
2865,200,573000,09:48:33
2866,500,1433000,09:48:33
2868,200,573600,09:48:32
2868,100,286800,09:48:32
2868,100,286800,09:48:32
2868,100,286800,09:48:32
2869,2300,6598700,09:48:32
2869,200,573800,09:48:32
2869,200,573800,09:48:31
2870,100,287000,09:48:31
2870,100,287000,09:48:30
2870,100,287000,09:48:30
2868,2000,5736000,09:48:30
2869,1000,2869000,09:48:30
2870,600,1722000,09:48:30
2871,100,287100,09:48:30
2871,100,287100,09:48:30
2871,200,574200,09:48:30
2870,700,2009000,09:48:30
2871,200,574200,09:48:30
2871,200,574200,09:48:29
2872,200,574400,09:48:28
2872,100,287200,09:48:28
2871,100,287100,09:48:28
2872,300,861600,09:48:28
2871,100,287100,09:48:28
2871,100,287100,09:48:28
2872,900,2584800,09:48:28
2871,100,287100,09:48:28
2871,1400,4019400,09:48:28
2870,500,1435000,09:48:28
2870,100,287000,09:48:28
2869,100,286900,09:48:27
2869,100,286900,09:48:27
2869,100,286900,09:48:27
2869,100,286900,09:48:27
2869,800,2295200,09:48:27
2868,100,286800,09:48:27
2866,200,573200,09:48:27
2867,300,860100,09:48:27
2867,100,286700,09:48:27
2867,100,286700,09:48:27
2868,200,573600,09:48:26
2868,100,286800,09:48:26
2866,300,859800,09:48:26
2867,200,573400,09:48:26
2867,100,286700,09:48:26
2867,200,573400,09:48:26
2867,100,286700,09:48:26
2867,100,286700,09:48:26
2868,300,860400,09:48:26
2868,400,1147200,09:48:26
2867,1000,2867000,09:48:26
2868,500,1434000,09:48:26
2869,100,286900,09:48:25
2867,100,286700,09:48:25
2867,100,286700,09:48:24
2868,100,286800,09:48:24
2869,400,1147600,09:48:24
2868,100,286800,09:48:24
2868,200,573600,09:48:24
2868,100,286800,09:48:24
2866,300,859800,09:48:24
2868,700,2007600,09:48:24
2870,900,2583000,09:48:24
2868,100,286800,09:48:24
2869,300,860700,09:48:24
2868,100,286800,09:48:24
2868,100,286800,09:48:24
2865,700,2005500,09:48:24
2866,1100,3152600,09:48:24
2867,1000,2867000,09:48:24
2868,400,1147200,09:48:24
2869,300,860700,09:48:24
2870,800,2296000,09:48:23
2870,100,287000,09:48:23
2870,100,287000,09:48:22
2870,200,574000,09:48:22
2870,100,287000,09:48:21
2871,100,287100,09:48:21
2871,100,287100,09:48:20
2871,100,287100,09:48:20
2871,100,287100,09:48:20
2872,400,1148800,09:48:18
2870,200,574000,09:48:18
2871,100,287100,09:48:18
2870,100,287000,09:48:18
2871,700,2009700,09:48:17
2869,300,860700,09:48:17
2870,200,574000,09:48:17
2868,200,573600,09:48:17
2869,300,860700,09:48:17
2870,200,574000,09:48:17
2869,500,1434500,09:48:17
2870,100,287000,09:48:17
2870,100,287000,09:48:17
2869,100,286900,09:48:17
2870,100,287000,09:48:17
2870,200,574000,09:48:17
2869,100,286900,09:48:17
2871,100,287100,09:48:16
2870,300,861000,09:48:16
2870,100,287000,09:48:16
2871,200,574200,09:48:15
2869,100,286900,09:48:15
2869,200,573800,09:48:14
2870,100,287000,09:48:14
2869,200,573800,09:48:14
2870,300,861000,09:48:14
2871,800,2296800,09:48:13
2870,100,287000,09:48:13
2870,200,574000,09:48:13
2871,200,574200,09:48:13
2872,200,574400,09:48:12
2872,100,287200,09:48:12
2873,200,574600,09:48:11
2873,100,287300,09:48:11
2873,100,287300,09:48:11
2874,100,287400,09:48:10
2874,100,287400,09:48:09
2874,100,287400,09:48:09
2874,100,287400,09:48:09
2874,100,287400,09:48:09
2874,500,1437000,09:48:07
2874,100,287400,09:48:07
2872,100,287200,09:48:07
2872,100,287200,09:48:07
2873,100,287300,09:48:07
2873,100,287300,09:48:07
2874,200,574800,09:48:07
2873,100,287300,09:48:07
2870,800,2296000,09:48:06
2871,3100,8900100,09:48:06
2872,2900,8328800,09:48:06
2873,1800,5171400,09:48:06
2874,1400,4023600,09:48:06
2876,200,575200,09:48:06
2875,900,2587500,09:48:05
2874,100,287400,09:48:05
2873,200,574600,09:48:05
2873,100,287300,09:48:05
2873,100,287300,09:48:05
2874,100,287400,09:48:04
2874,300,862200,09:48:04
2872,100,287200,09:48:04
2873,200,574600,09:48:04
2871,100,287100,09:48:04
2872,600,1723200,09:48:04
2873,200,574600,09:48:03
2873,200,574600,09:48:03
2873,100,287300,09:48:03
2872,1700,4882400,09:48:03
2873,1300,3734900,09:48:03
2874,400,1149600,09:48:03
2875,400,1150000,09:48:03
2875,100,287500,09:48:02
2875,100,287500,09:48:02
2876,200,575200,09:48:01
2876,100,287600,09:48:00
2877,100,287700,09:48:00
2876,200,575200,09:48:00
2877,300,863100,09:48:00
2877,300,863100,09:47:58
2879,300,863700,09:47:56
2879,400,1151600,09:47:56
2878,500,1439000,09:47:56
2877,200,575400,09:47:54
2876,200,575200,09:47:52
2876,100,287600,09:47:52
2875,100,287500,09:47:50
2876,200,575200,09:47:50
2875,500,1437500,09:47:49
2875,100,287500,09:47:49
2875,100,287500,09:47:49
2875,100,287500,09:47:49
2876,400,1150400,09:47:49
2875,100,287500,09:47:49
2874,300,862200,09:47:49
2874,100,287400,09:47:49
2876,100,287600,09:47:48
2874,400,1149600,09:47:48
2875,500,1437500,09:47:48
2876,100,287600,09:47:48
2876,100,287600,09:47:47
2877,100,287700,09:47:46
2876,200,575200,09:47:46
2877,400,1150800,09:47:46
2878,400,1151200,09:47:46
2878,100,287800,09:47:46
2877,500,1438500,09:47:45
2877,100,287700,09:47:45
2877,100,287700,09:47:45
2877,100,287700,09:47:45
2878,200,575600,09:47:45
2877,200,575400,09:47:45
2878,400,1151200,09:47:44
2879,200,575800,09:47:44
2880,100,288000,09:47:43
2880,200,576000,09:47:41
2880,200,576000,09:47:41
2880,200,576000,09:47:41
2880,100,288000,09:47:41
2881,400,1152400,09:47:39
2882,500,1441000,09:47:39
2883,200,576600,09:47:39
2883,500,1441500,09:47:37
2883,100,288300,09:47:37
2883,100,288300,09:47:37
2883,100,288300,09:47:37
2882,100,288200,09:47:36
2882,500,1441000,09:47:35
2882,100,288200,09:47:35
2881,100,288100,09:47:32
2882,100,288200,09:47:29
2881,100,288100,09:47:27
2880,100,288000,09:47:27
2881,100,288100,09:47:24
2882,600,1729200,09:47:23
2880,300,864000,09:47:23
2881,200,576200,09:47:23
2880,800,2304000,09:47:21
2879,100,287900,09:47:21
2879,100,287900,09:47:19
2879,100,287900,09:47:17
2879,100,287900,09:47:16
2879,200,575800,09:47:16
2879,300,863700,09:47:13
2880,300,864000,09:47:13
2882,300,864600,09:47:12
2881,100,288100,09:47:12
2881,100,288100,09:47:12
2880,100,288000,09:47:11
2880,100,288000,09:47:11
2880,100,288000,09:47:11
2880,100,288000,09:47:11
2881,100,288100,09:47:09
2882,100,288200,09:47:08
2881,100,288100,09:47:06
2880,100,288000,09:47:05
2881,100,288100,09:47:05
2882,100,288200,09:47:05
2883,100,288300,09:47:03
2883,100,288300,09:47:03
2884,100,288400,09:47:02
2884,500,1442000,09:47:02
2882,100,288200,09:47:02
2883,200,576600,09:47:01
2883,200,576600,09:47:00
2882,300,864600,09:47:00
2881,300,864300,09:46:57
2882,200,576400,09:46:55
2881,100,288100,09:46:53
2880,100,288000,09:46:52
2881,100,288100,09:46:51
2881,200,576200,09:46:51
2880,100,288000,09:46:51
2880,100,288000,09:46:51
2879,100,287900,09:46:49
2880,200,576000,09:46:49
2880,100,288000,09:46:48
2881,100,288100,09:46:48
2881,100,288100,09:46:47
2881,100,288100,09:46:47
2882,100,288200,09:46:47
2882,200,576400,09:46:47
2882,400,1152800,09:46:47
2881,200,576200,09:46:46
2880,100,288000,09:46:46
2882,200,576400,09:46:45
2880,100,288000,09:46:45
2880,600,1728000,09:46:45
2881,100,288100,09:46:44
2880,100,288000,09:46:44
2881,100,288100,09:46:44
2881,100,288100,09:46:43
2881,200,576200,09:46:41
2880,100,288000,09:46:41
2882,200,576400,09:46:40
2881,600,1728600,09:46:40
2882,400,1152800,09:46:40
2883,500,1441500,09:46:39
2884,300,865200,09:46:39
2885,100,288500,09:46:36
2886,200,577200,09:46:35
2888,100,288800,09:46:34
2885,600,1731000,09:46:33
2886,600,1731600,09:46:33
2888,500,1444000,09:46:33
2887,300,866100,09:46:33
2886,200,577200,09:46:33
2885,100,288500,09:46:32
2886,200,577200,09:46:32
2884,1900,5479600,09:46:32
2885,1700,4904500,09:46:32
2886,400,1154400,09:46:32
2887,900,2598300,09:46:31
2888,1100,3176800,09:46:31
2888,400,1155200,09:46:31
2887,800,2309600,09:46:31
2886,1700,4906200,09:46:31
2885,100,288500,09:46:31
2885,200,577000,09:46:31
2884,300,865200,09:46:31
2885,100,288500,09:46:31
2886,200,577200,09:46:29
2885,700,2019500,09:46:28
2884,200,576800,09:46:28
2886,100,288600,09:46:28
2885,2300,6635500,09:46:28
2883,100,288300,09:46:27
2884,900,2595600,09:46:25
2884,100,288400,09:46:25
2883,100,288300,09:46:25
2882,100,288200,09:46:25
2882,100,288200,09:46:24
2882,300,864600,09:46:23
2883,200,576600,09:46:23
2882,200,576400,09:46:22
2882,100,288200,09:46:22
2881,200,576200,09:46:21
2880,100,288000,09:46:19
2882,700,2017400,09:46:18
2883,100,288300,09:46:18
2883,100,288300,09:46:17
2883,300,864900,09:46:17
2883,100,288300,09:46:16
2881,100,288100,09:46:16
2882,200,576400,09:46:16
2882,500,1441000,09:46:16
2881,100,288100,09:46:16
2881,500,1440500,09:46:16
2882,800,2305600,09:46:15
2883,100,288300,09:46:15
2882,300,864600,09:46:14
2882,400,1152800,09:46:14
2882,300,864600,09:46:13
2883,100,288300,09:46:12
2883,100,288300,09:46:12
2883,300,864900,09:46:11
2882,100,288200,09:46:10
2883,100,288300,09:46:10
2880,700,2016000,09:46:09
2881,400,1152400,09:46:09
2882,400,1152800,09:46:09
2882,200,576400,09:46:08
2883,100,288300,09:46:07
2881,100,288100,09:46:06
2882,100,288200,09:46:05
2882,100,288200,09:46:04
2882,500,1441000,09:46:04
2883,700,2018100,09:46:04
2884,100,288400,09:46:02
2884,200,576800,09:46:02
2884,200,576800,09:46:02
2883,100,288300,09:46:01
2883,200,576600,09:46:00
2883,200,576600,09:45:58
2883,100,288300,09:45:57
2883,100,288300,09:45:56
2883,200,576600,09:45:54
2883,100,288300,09:45:54
2883,100,288300,09:45:52
2883,200,576600,09:45:52
2882,300,864600,09:45:50
2882,400,1152800,09:45:50
2881,100,288100,09:45:50
2881,200,576200,09:45:50
2882,1600,4611200,09:45:50
2883,2100,6054300,09:45:50
2884,700,2018800,09:45:50
2885,200,577000,09:45:49
2883,300,864900,09:45:46
2883,100,288300,09:45:42
2883,100,288300,09:45:41
2883,100,288300,09:45:41
2884,100,288400,09:45:41
2884,300,865200,09:45:41
2884,100,288400,09:45:40
2884,300,865200,09:45:40
2885,100,288500,09:45:39
2885,100,288500,09:45:39
2885,800,2308000,09:45:39
2884,100,288400,09:45:39
2884,700,2018800,09:45:39
2883,1300,3747900,09:45:39
2882,700,2017400,09:45:39
2881,600,1728600,09:45:39
2880,1100,3168000,09:45:39
2879,100,287900,09:45:38
2880,200,576000,09:45:38
2880,100,288000,09:45:37
2880,100,288000,09:45:36
2880,1100,3168000,09:45:36
2879,100,287900,09:45:36
2880,100,288000,09:45:35
2880,100,288000,09:45:34
2879,100,287900,09:45:34
2879,100,287900,09:45:33
2879,200,575800,09:45:32
2879,100,287900,09:45:30
2880,100,288000,09:45:28
2880,100,288000,09:45:28
2878,100,287800,09:45:28
2878,100,287800,09:45:26
2879,100,287900,09:45:26
2878,200,575600,09:45:26
2877,100,287700,09:45:26
2878,1000,2878000,09:45:26
2876,100,287600,09:45:25
2876,100,287600,09:45:25
2877,100,287700,09:45:25
2876,500,1438000,09:45:25
2877,100,287700,09:45:25
2877,200,575400,09:45:25
2878,100,287800,09:45:25
2877,100,287700,09:45:24
2877,100,287700,09:45:24
2877,200,575400,09:45:24
2878,100,287800,09:45:24
2879,100,287900,09:45:24
2879,500,1439500,09:45:24
2880,1200,3456000,09:45:24
2881,700,2016700,09:45:24
2879,100,287900,09:45:23
2879,300,863700,09:45:23
2880,100,288000,09:45:23
2879,100,287900,09:45:23
2879,100,287900,09:45:23
2879,100,287900,09:45:23
2880,4800,13824000,09:45:23
2880,300,864000,09:45:23
2880,500,1440000,09:45:23
2880,1200,3456000,09:45:23
2880,2300,6624000,09:45:23
2880,100,288000,09:45:23
2880,700,2016000,09:45:23
2880,200,576000,09:45:23
2880,600,1728000,09:45:23
2880,100,288000,09:45:23
2880,100,288000,09:45:23
2881,100,288100,09:45:23
2880,200,576000,09:45:22
2880,100,288000,09:45:22
2880,100,288000,09:45:22
2880,300,864000,09:45:22
2880,100,288000,09:45:22
2880,200,576000,09:45:22
2880,100,288000,09:45:21
2880,100,288000,09:45:21
2880,100,288000,09:45:21
2880,200,576000,09:45:21
2881,200,576200,09:45:21
2880,100,288000,09:45:21
2881,1000,2881000,09:45:21
2881,100,288100,09:45:21
2881,700,2016700,09:45:19
2882,200,576400,09:45:19
2882,100,288200,09:45:19
2882,100,288200,09:45:18
2882,100,288200,09:45:17
2882,200,576400,09:45:16
2883,100,288300,09:45:15
2883,200,576600,09:45:14
2883,100,288300,09:45:14
2884,200,576800,09:45:13
2883,400,1153200,09:45:13
2883,100,288300,09:45:13
2882,100,288200,09:45:12
2882,100,288200,09:45:12
2881,300,864300,09:45:10
2882,500,1441000,09:45:10
2883,100,288300,09:45:08
2884,100,288400,09:45:08
2885,100,288500,09:45:07
2884,100,288400,09:45:07
2884,100,288400,09:45:06
2883,100,288300,09:45:06
2884,400,1153600,09:45:06
2883,400,1153200,09:45:06
2882,100,288200,09:45:05
2882,100,288200,09:45:05
2882,100,288200,09:45:05
2882,100,288200,09:45:04
2882,400,1152800,09:45:04
2882,500,1441000,09:45:04
2883,400,1153200,09:45:03
2884,100,288400,09:45:03
2885,100,288500,09:45:02
2884,100,288400,09:45:02
2883,100,288300,09:45:02
2884,100,288400,09:45:01
2884,100,288400,09:45:01
2885,100,288500,09:45:01
2884,600,1730400,09:45:00
2885,100,288500,09:44:59
2885,100,288500,09:44:59
2885,100,288500,09:44:58
2885,100,288500,09:44:56
2883,300,864900,09:44:56
2884,400,1153600,09:44:56
2884,100,288400,09:44:55
2886,1600,4617600,09:44:53
2885,500,1442500,09:44:53
2886,100,288600,09:44:52
2885,400,1154000,09:44:52
2884,100,288400,09:44:50
2884,100,288400,09:44:50
2885,300,865500,09:44:48
2884,700,2018800,09:44:47
2885,100,288500,09:44:46
2885,100,288500,09:44:46
2885,100,288500,09:44:46
2883,100,288300,09:44:45
2884,100,288400,09:44:45
2882,100,288200,09:44:45
2883,100,288300,09:44:44
2883,200,576600,09:44:44
2883,100,288300,09:44:44
2882,200,576400,09:44:44
2882,100,288200,09:44:43
2882,100,288200,09:44:43
2882,200,576400,09:44:43
2882,200,576400,09:44:43
2882,600,1729200,09:44:43
2882,200,576400,09:44:43
2882,100,288200,09:44:42
2883,900,2594700,09:44:39
2883,200,576600,09:44:39
2884,300,865200,09:44:39
2885,500,1442500,09:44:39
2886,100,288600,09:44:36
2886,300,865800,09:44:36
2887,100,288700,09:44:35
2886,100,288600,09:44:34
2886,100,288600,09:44:33
2886,100,288600,09:44:32
2887,100,288700,09:44:32
2887,200,577400,09:44:29
2886,200,577200,09:44:28
2887,200,577400,09:44:27
2886,100,288600,09:44:26
2887,100,288700,09:44:26
2886,100,288600,09:44:26
2886,100,288600,09:44:26
2885,100,288500,09:44:26
2883,300,864900,09:44:26
2884,1800,5191200,09:44:26
2885,1100,3173500,09:44:26
2886,600,1731600,09:44:25
2887,100,288700,09:44:25
2887,300,866100,09:44:24
2887,100,288700,09:44:23
2886,200,577200,09:44:23
2887,500,1443500,09:44:23
2885,300,865500,09:44:23
2887,500,1443500,09:44:23
2885,700,2019500,09:44:22
2886,100,288600,09:44:22
2886,100,288600,09:44:22
2886,100,288600,09:44:22
2886,100,288600,09:44:22
2886,100,288600,09:44:22
2885,100,288500,09:44:22
2885,100,288500,09:44:22
2886,400,1154400,09:44:18
2886,100,288600,09:44:18
2887,100,288700,09:44:18
2887,100,288700,09:44:17
2889,100,288900,09:44:17
2888,800,2310400,09:44:17
2888,200,577600,09:44:13
2888,100,288800,09:44:13
2888,100,288800,09:44:12
2888,100,288800,09:44:11
2887,100,288700,09:44:11
2886,600,1731600,09:44:10
2887,400,1154800,09:44:09
2888,100,288800,09:44:09
2889,300,866700,09:44:09
2888,400,1155200,09:44:08
2889,100,288900,09:44:08
2890,100,289000,09:44:08
2889,100,288900,09:44:08
2890,600,1734000,09:44:08
2891,100,289100,09:44:08
2891,100,289100,09:44:08
2891,300,867300,09:44:08
2890,9400,27166000,09:44:08
2890,700,2023000,09:44:08
2889,300,866700,09:44:08
2889,100,288900,09:44:08
2888,200,577600,09:44:07
2890,1600,4624000,09:44:07
2889,2600,7511400,09:44:07
2888,800,2310400,09:44:07
2887,100,288700,09:44:07
2887,400,1154800,09:44:07
2887,100,288700,09:44:07
2888,600,1732800,09:44:06
2887,300,866100,09:44:06
2887,800,2309600,09:44:06
2887,100,288700,09:44:06
2888,100,288800,09:44:04
2888,300,866400,09:44:04
2886,200,577200,09:44:04
2887,100,288700,09:44:04
2887,100,288700,09:44:04
2887,100,288700,09:44:04
2886,100,288600,09:44:03
2886,100,288600,09:44:03
2886,200,577200,09:44:02
2886,100,288600,09:44:02
2886,100,288600,09:44:01
2886,100,288600,09:44:01
2885,100,288500,09:44:00
2885,100,288500,09:44:00
2886,200,577200,09:44:00
2888,400,1155200,09:43:59
2887,200,577400,09:43:59
2886,500,1443000,09:43:59
2888,400,1155200,09:43:59
2887,100,288700,09:43:59
2886,100,288600,09:43:57
2886,200,577200,09:43:57
2885,100,288500,09:43:56
2886,300,865800,09:43:55
2886,100,288600,09:43:55
2888,100,288800,09:43:55
2886,200,577200,09:43:55
2888,700,2021600,09:43:54
2887,100,288700,09:43:54
2888,600,1732800,09:43:53
2887,300,866100,09:43:53
2887,300,866100,09:43:53
2886,100,288600,09:43:53
2886,100,288600,09:43:53
2885,200,577000,09:43:52
2886,300,865800,09:43:52
2886,100,288600,09:43:52
2885,800,2308000,09:43:52
2884,500,1442000,09:43:52
2885,200,577000,09:43:52
2885,200,577000,09:43:52
2885,200,577000,09:43:52
2884,100,288400,09:43:51
2884,300,865200,09:43:51
2885,100,288500,09:43:50
2886,100,288600,09:43:50
2885,1500,4327500,09:43:50
2884,100,288400,09:43:50
2884,100,288400,09:43:50
2883,100,288300,09:43:48
2882,600,1729200,09:43:46
2883,200,576600,09:43:46
2881,400,1152400,09:43:45
2882,300,864600,09:43:45
2883,100,288300,09:43:44
2883,100,288300,09:43:44
2882,100,288200,09:43:44
2883,100,288300,09:43:44
2883,100,288300,09:43:43
2883,400,1153200,09:43:43
2883,100,288300,09:43:43
2883,100,288300,09:43:43
2882,2200,6340400,09:43:43
2881,200,576200,09:43:43
2881,400,1152400,09:43:41
2881,100,288100,09:43:41
2882,200,576400,09:43:36
2881,500,1440500,09:43:36
2881,200,576200,09:43:35
2883,100,288300,09:43:35
2882,100,288200,09:43:35
2880,100,288000,09:43:34
2881,100,288100,09:43:32
2882,400,1152800,09:43:32
2881,200,576200,09:43:32
2880,100,288000,09:43:32
2880,900,2592000,09:43:31
2878,300,863400,09:43:31
2879,200,575800,09:43:31
2879,200,575800,09:43:31
2879,200,575800,09:43:31
2880,100,288000,09:43:27
2880,100,288000,09:43:27
2880,100,288000,09:43:27
2880,100,288000,09:43:27
2880,100,288000,09:43:27
2881,100,288100,09:43:27
2881,100,288100,09:43:26
2881,100,288100,09:43:26
2880,200,576000,09:43:26
2881,800,2304800,09:43:25
2882,100,288200,09:43:25
2882,100,288200,09:43:25
2881,300,864300,09:43:25
2881,100,288100,09:43:24
2882,100,288200,09:43:24
2882,100,288200,09:43:24
2883,100,288300,09:43:24
2883,100,288300,09:43:24
2883,300,864900,09:43:24
2882,100,288200,09:43:24
2883,100,288300,09:43:24
2886,200,577200,09:43:24
2885,1300,3750500,09:43:24
2884,2000,5768000,09:43:24
2883,1100,3171300,09:43:24
2882,200,576400,09:43:24
2883,100,288300,09:43:23
2883,100,288300,09:43:23
2882,200,576400,09:43:23
2882,100,288200,09:43:23
2882,100,288200,09:43:23
2882,100,288200,09:43:22
2881,300,864300,09:43:22
2880,200,576000,09:43:22
2880,100,288000,09:43:21
2880,100,288000,09:43:21
2880,100,288000,09:43:20
2879,100,287900,09:43:18
2879,100,287900,09:43:18
2879,300,863700,09:43:17
2881,100,288100,09:43:16
2880,100,288000,09:43:16
2880,100,288000,09:43:16
2880,100,288000,09:43:15
2880,100,288000,09:43:14
2881,200,576200,09:43:14
2881,100,288100,09:43:14
2880,100,288000,09:43:14
2879,200,575800,09:43:14
2881,100,288100,09:43:13
2880,1300,3744000,09:43:13
2880,100,288000,09:43:13
2881,800,2304800,09:43:13
2882,100,288200,09:43:12
2882,100,288200,09:43:12
2881,200,576200,09:43:11
2882,100,288200,09:43:11
2882,100,288200,09:43:10
2883,400,1153200,09:43:10
2884,100,288400,09:43:10
2886,1700,4906200,09:43:10
2885,1900,5481500,09:43:10
2884,700,2018800,09:43:10
2883,500,1441500,09:43:10
2881,100,288100,09:43:09
2880,100,288000,09:43:09
2881,800,2304800,09:43:09
2884,100,288400,09:43:09
2883,700,2018100,09:43:09
2882,400,1152800,09:43:09
2879,400,1151600,09:43:08
2880,600,1728000,09:43:08
2881,200,576200,09:43:08
2882,200,576400,09:43:08
2882,100,288200,09:43:08
2882,100,288200,09:43:08
2882,200,576400,09:43:08
2881,100,288100,09:43:08
2881,100,288100,09:43:08
2882,200,576400,09:43:08
2882,200,576400,09:43:08
2881,300,864300,09:43:08
2881,600,1728600,09:43:08
2880,7400,21312000,09:43:08
2880,300,864000,09:43:08
2879,600,1727400,09:43:08
2877,400,1150800,09:43:07
2878,100,287800,09:43:07
2878,700,2014600,09:43:07
2877,400,1150800,09:43:07
2877,100,287700,09:43:07
2877,100,287700,09:43:06
2877,100,287700,09:43:05
2877,100,287700,09:43:05
2877,100,287700,09:43:05
2876,2300,6614800,09:43:05
2875,800,2300000,09:43:05
2874,100,287400,09:43:05
2874,200,574800,09:43:04
2874,100,287400,09:43:04
2875,200,575000,09:43:04
2874,100,287400,09:43:04
2874,100,287400,09:43:04
2873,100,287300,09:43:03
2873,200,574600,09:43:02
2873,300,861900,09:43:02
2874,200,574800,09:43:02
2874,200,574800,09:43:02
2874,100,287400,09:43:02
2874,100,287400,09:43:02
2874,100,287400,09:43:02
2875,100,287500,09:43:02
2874,200,574800,09:42:59
2874,400,1149600,09:42:56
2875,400,1150000,09:42:55
2875,100,287500,09:42:55
2876,100,287600,09:42:54
2876,100,287600,09:42:54
2876,100,287600,09:42:53
2876,100,287600,09:42:52
2876,200,575200,09:42:52
2876,100,287600,09:42:51
2875,400,1150000,09:42:50
2876,200,575200,09:42:50
2877,100,287700,09:42:49
2876,100,287600,09:42:49
2874,200,574800,09:42:47
2875,300,862500,09:42:47
2876,200,575200,09:42:46
2876,200,575200,09:42:46
2875,500,1437500,09:42:45
2875,100,287500,09:42:45
2876,100,287600,09:42:43
2876,100,287600,09:42:43
2875,200,575000,09:42:43
2875,100,287500,09:42:43
2875,100,287500,09:42:42
2876,100,287600,09:42:41
2875,100,287500,09:42:41
2876,300,862800,09:42:41
2876,100,287600,09:42:40
2876,100,287600,09:42:40
2875,400,1150000,09:42:40
2874,200,574800,09:42:40
2875,300,862500,09:42:40
2877,200,575400,09:42:40
2876,300,862800,09:42:40
2876,100,287600,09:42:40
2875,200,575000,09:42:40
2876,200,575200,09:42:39
2878,100,287800,09:42:39
2877,100,287700,09:42:39
2877,100,287700,09:42:39
2878,200,575600,09:42:39
2878,400,1151200,09:42:39
2879,100,287900,09:42:39
2878,1200,3453600,09:42:39
2879,100,287900,09:42:39
2879,100,287900,09:42:39
2880,200,576000,09:42:39
2880,400,1152000,09:42:39
2880,400,1152000,09:42:39
2880,300,864000,09:42:39
2880,400,1152000,09:42:39
2880,300,864000,09:42:39
2879,100,287900,09:42:39
2880,1900,5472000,09:42:39
2880,1300,3744000,09:42:39
2880,100,288000,09:42:39
2879,100,287900,09:42:39
2879,1000,2879000,09:42:39
2879,1500,4318500,09:42:39
2879,100,287900,09:42:39
2878,1600,4604800,09:42:39
2877,1300,3740100,09:42:39
2877,1400,4027800,09:42:39
2877,300,863100,09:42:39
2876,700,2013200,09:42:39
2875,6700,19262500,09:42:39
2875,1600,4600000,09:42:39
2874,1500,4311000,09:42:39
2873,1200,3447600,09:42:38
2872,1100,3159200,09:42:38
2872,500,1436000,09:42:38
2871,100,287100,09:42:38
2871,200,574200,09:42:37
2871,100,287100,09:42:37
2871,200,574200,09:42:36
2871,100,287100,09:42:36
2871,100,287100,09:42:36
2870,100,287000,09:42:35
2870,100,287000,09:42:35
2871,200,574200,09:42:33
2871,100,287100,09:42:33
2872,100,287200,09:42:32
2871,600,1722600,09:42:32
2870,100,287000,09:42:31
2871,100,287100,09:42:31
2870,1500,4305000,09:42:31
2870,100,287000,09:42:31
2868,800,2294400,09:42:29
2869,1100,3155900,09:42:29
2869,400,1147600,09:42:29
2868,100,286800,09:42:28
2868,100,286800,09:42:28
2868,100,286800,09:42:27
2868,100,286800,09:42:27
2868,100,286800,09:42:27
2868,200,573600,09:42:27
2868,200,573600,09:42:27
2867,1100,3153700,09:42:27
2867,100,286700,09:42:27
2866,1800,5158800,09:42:27
2865,100,286500,09:42:27
2865,700,2005500,09:42:27
2865,700,2005500,09:42:27
2864,200,572800,09:42:27
2863,100,286300,09:42:26
2862,200,572400,09:42:25
2862,200,572400,09:42:24
2864,200,572800,09:42:23
2862,200,572400,09:42:23
2863,100,286300,09:42:21
2864,100,286400,09:42:21
2863,1600,4580800,09:42:21
2862,1700,4865400,09:42:21
2861,100,286100,09:42:21
2861,100,286100,09:42:21
2860,300,858000,09:42:21
2861,900,2574900,09:42:21
2860,600,1716000,09:42:21
2859,100,285900,09:42:21
2859,100,285900,09:42:21
2859,500,1429500,09:42:21
2859,100,285900,09:42:20
2859,100,285900,09:42:20
2859,100,285900,09:42:20
2859,100,285900,09:42:19
2859,100,285900,09:42:19
2859,100,285900,09:42:19
2859,100,285900,09:42:19
2860,100,286000,09:42:18
2861,100,286100,09:42:17
2861,100,286100,09:42:17
2861,100,286100,09:42:17
2861,100,286100,09:42:16
2860,100,286000,09:42:15
2861,100,286100,09:42:15
2861,100,286100,09:42:15
2861,100,286100,09:42:15
2860,400,1144000,09:42:15
2859,100,285900,09:42:15
2860,300,858000,09:42:15
2860,100,286000,09:42:15
2860,200,572000,09:42:15
2861,100,286100,09:42:15
2859,200,571800,09:42:15
2860,200,572000,09:42:15
2860,100,286000,09:42:15
2861,200,572200,09:42:15
2860,100,286000,09:42:14
2860,200,572000,09:42:14
2860,100,286000,09:42:14
2860,100,286000,09:42:14
2860,100,286000,09:42:14
2860,100,286000,09:42:14
2860,100,286000,09:42:14
2861,100,286100,09:42:14
2862,100,286200,09:42:14
2862,400,1144800,09:42:14
2861,100,286100,09:42:14
2860,100,286000,09:42:13
2860,1300,3718000,09:42:13
2861,100,286100,09:42:13
2862,200,572400,09:42:13
2861,100,286100,09:42:13
2862,2900,8299800,09:42:13
2861,300,858300,09:42:13
2860,900,2574000,09:42:13
2861,100,286100,09:42:13
2861,100,286100,09:42:12
2861,100,286100,09:42:12
2862,200,572400,09:42:11
2862,100,286200,09:42:11
2863,300,858900,09:42:11
2862,100,286200,09:42:09
2862,200,572400,09:42:09
2862,300,858600,09:42:09
2863,100,286300,09:42:09
2863,100,286300,09:42:08
2863,100,286300,09:42:07
2865,100,286500,09:42:07
2862,100,286200,09:42:05
2862,100,286200,09:42:03
2862,300,858600,09:42:03
2864,300,859200,09:42:02
2863,100,286300,09:42:02
2863,100,286300,09:42:02
2861,100,286100,09:42:02
2862,200,572400,09:42:02
2864,200,572800,09:42:02
2863,100,286300,09:42:02
2863,100,286300,09:42:02
2864,700,2004800,09:42:02
2861,100,286100,09:42:02
2862,100,286200,09:42:02
2863,300,858900,09:42:02
2862,100,286200,09:42:02
2862,300,858600,09:42:02
2862,400,1144800,09:42:02
2863,100,286300,09:42:02
2863,200,572600,09:42:02
2863,200,572600,09:42:02
2863,100,286300,09:42:02
2865,100,286500,09:42:00
2865,800,2292000,09:42:00
2866,200,573200,09:42:00
2867,200,573400,09:41:59
2867,200,573400,09:41:59
2868,200,573600,09:41:58
2867,200,573400,09:41:57
2868,300,860400,09:41:57
2867,100,286700,09:41:57
2867,100,286700,09:41:56
2867,100,286700,09:41:56
2868,200,573600,09:41:55
2868,100,286800,09:41:55
2868,400,1147200,09:41:55
2867,100,286700,09:41:54
2867,100,286700,09:41:54
2867,200,573400,09:41:52
2867,100,286700,09:41:52
2867,100,286700,09:41:52
2866,100,286600,09:41:52
2866,100,286600,09:41:52
2865,100,286500,09:41:52
2864,100,286400,09:41:52
2864,400,1145600,09:41:51
2865,200,573000,09:41:51
2864,100,286400,09:41:51
2864,400,1145600,09:41:51
2865,900,2578500,09:41:51
2865,200,573000,09:41:50
2865,100,286500,09:41:50
2865,200,573000,09:41:50
2866,100,286600,09:41:50
2867,100,286700,09:41:49
2868,200,573600,09:41:48
2869,200,573800,09:41:47
2870,100,287000,09:41:47
2870,100,287000,09:41:45
2869,100,286900,09:41:45
2869,100,286900,09:41:45
2869,100,286900,09:41:45
2869,100,286900,09:41:45
2868,200,573600,09:41:45
2868,100,286800,09:41:45
2868,100,286800,09:41:44
2868,200,573600,09:41:43
2869,100,286900,09:41:43
2870,300,861000,09:41:42
2869,200,573800,09:41:42
2868,1100,3154800,09:41:42
2868,100,286800,09:41:42
2867,300,860100,09:41:42
2867,100,286700,09:41:42
2867,200,573400,09:41:42
2868,2200,6309600,09:41:42
2869,1400,4016600,09:41:42
2870,100,287000,09:41:42
2871,400,1148400,09:41:41
2871,400,1148400,09:41:41
2871,200,574200,09:41:40
2870,100,287000,09:41:40
2871,100,287100,09:41:39
2870,400,1148000,09:41:39
2871,100,287100,09:41:39
2872,100,287200,09:41:38
2870,100,287000,09:41:37
2871,100,287100,09:41:36
2870,1400,4018000,09:41:36
2870,100,287000,09:41:36
2869,100,286900,09:41:34
2870,100,287000,09:41:34
2869,300,860700,09:41:34
2869,100,286900,09:41:34
2869,200,573800,09:41:34
2869,300,860700,09:41:34
2870,100,287000,09:41:34
2871,100,287100,09:41:30
2870,500,1435000,09:41:30
2871,800,2296800,09:41:30
2871,100,287100,09:41:28
2872,400,1148800,09:41:27
2872,100,287200,09:41:27
2871,100,287100,09:41:26
2871,100,287100,09:41:26
2870,200,574000,09:41:26
2871,700,2009700,09:41:25
2870,400,1148000,09:41:25
2869,100,286900,09:41:25
2869,100,286900,09:41:24
2869,800,2295200,09:41:22
2869,300,860700,09:41:22
2870,100,287000,09:41:21
2870,100,287000,09:41:21
2870,100,287000,09:41:21
2870,100,287000,09:41:20
2871,400,1148400,09:41:19
2870,300,861000,09:41:19
2870,200,574000,09:41:19
2871,300,861300,09:41:17
2870,200,574000,09:41:17
2870,100,287000,09:41:17
2870,300,861000,09:41:17
2869,100,286900,09:41:16
2870,100,287000,09:41:16
2870,600,1722000,09:41:15
2869,100,286900,09:41:15
2868,100,286800,09:41:15
2869,300,860700,09:41:14
2867,300,860100,09:41:14
2868,100,286800,09:41:13
2867,100,286700,09:41:13
2867,100,286700,09:41:13
2868,500,1434000,09:41:13
2867,100,286700,09:41:13
2867,100,286700,09:41:13
2867,100,286700,09:41:13
2866,800,2292800,09:41:13
2867,300,860100,09:41:13
2869,100,286900,09:41:13
2869,300,860700,09:41:12
2868,200,573600,09:41:12
2867,100,286700,09:41:12
2867,100,286700,09:41:11
2867,100,286700,09:41:10
2867,100,286700,09:41:10
2868,300,860400,09:41:10
2868,200,573600,09:41:10
2868,200,573600,09:41:10
2868,200,573600,09:41:09
2869,400,1147600,09:41:09
2869,100,286900,09:41:08
2870,200,574000,09:41:08
2871,100,287100,09:41:08
2870,100,287000,09:41:08
2870,200,574000,09:41:07
2870,100,287000,09:41:07
2870,100,287000,09:41:07
2870,100,287000,09:41:07
2870,100,287000,09:41:07
2870,300,861000,09:41:07
2870,100,287000,09:41:06
2870,700,2009000,09:41:05
2871,100,287100,09:41:05
2871,100,287100,09:41:05
2870,2000,5740000,09:41:05
2870,300,861000,09:41:04
2869,100,286900,09:41:04
2869,100,286900,09:41:02
2869,200,573800,09:41:02
2868,300,860400,09:41:02
2870,300,861000,09:41:02
2869,500,1434500,09:41:02
2869,200,573800,09:41:01
2869,100,286900,09:41:00
2870,300,861000,09:41:00
2868,100,286800,09:41:00
2869,200,573800,09:41:00
2870,100,287000,09:40:59
2868,300,860400,09:40:58
2868,100,286800,09:40:58
2869,500,1434500,09:40:58
2868,100,286800,09:40:58
2868,100,286800,09:40:58
2868,100,286800,09:40:58
2867,100,286700,09:40:58
2866,400,1146400,09:40:58
2867,600,1720200,09:40:58
2867,300,860100,09:40:58
2867,200,573400,09:40:57
2868,100,286800,09:40:57
2869,100,286900,09:40:56
2869,200,573800,09:40:56
2868,2600,7456800,09:40:56
2869,1600,4590400,09:40:56
2870,700,2009000,09:40:56
2871,100,287100,09:40:56
2872,100,287200,09:40:55
2871,100,287100,09:40:55
2871,200,574200,09:40:55
2871,200,574200,09:40:55
2871,200,574200,09:40:55
2871,200,574200,09:40:55
2872,200,574400,09:40:54
2872,200,574400,09:40:54
2873,100,287300,09:40:54
2871,200,574200,09:40:52
2871,100,287100,09:40:52
2871,100,287100,09:40:51
2872,100,287200,09:40:51
2872,100,287200,09:40:51
2873,100,287300,09:40:51
2872,100,287200,09:40:51
2873,100,287300,09:40:50
2872,100,287200,09:40:50
2873,200,574600,09:40:50
2872,300,861600,09:40:50
2872,200,574400,09:40:49
2873,100,287300,09:40:48
2873,300,861900,09:40:47
2871,100,287100,09:40:47
2872,200,574400,09:40:46
2872,100,287200,09:40:46
2872,100,287200,09:40:46
2871,500,1435500,09:40:46
2870,300,861000,09:40:46
2869,200,573800,09:40:46
2870,100,287000,09:40:46
2870,100,287000,09:40:45
2868,200,573600,09:40:45
2869,100,286900,09:40:45
2869,400,1147600,09:40:45
2869,100,286900,09:40:45
2868,200,573600,09:40:45
2869,400,1147600,09:40:45
2869,100,286900,09:40:45
2867,100,286700,09:40:44
2869,100,286900,09:40:42
2869,100,286900,09:40:42
2869,100,286900,09:40:42
2868,400,1147200,09:40:42
2868,400,1147200,09:40:42
2867,200,573400,09:40:42
2867,100,286700,09:40:42
2867,100,286700,09:40:42
2867,200,573400,09:40:42
2868,1000,2868000,09:40:42
2869,1500,4303500,09:40:42
2870,300,861000,09:40:42
2870,100,287000,09:40:42
2870,300,861000,09:40:42
2871,100,287100,09:40:40
2871,100,287100,09:40:39
2872,200,574400,09:40:38
2871,100,287100,09:40:38
2870,700,2009000,09:40:38
2870,300,861000,09:40:38
2870,400,1148000,09:40:38
2872,700,2010400,09:40:36
2870,100,287000,09:40:36
2871,500,1435500,09:40:35
2871,100,287100,09:40:35
2871,100,287100,09:40:34
2873,100,287300,09:40:34
2872,500,1436000,09:40:34
2871,400,1148400,09:40:33
2870,200,574000,09:40:33
2870,100,287000,09:40:33
2869,100,286900,09:40:31
2870,100,287000,09:40:31
2871,500,1435500,09:40:31
2870,300,861000,09:40:31
2870,200,574000,09:40:31
2869,100,286900,09:40:31
2870,200,574000,09:40:30
2872,300,861600,09:40:30
2871,700,2009700,09:40:30
2871,800,2296800,09:40:30
2870,500,1435000,09:40:30
2869,100,286900,09:40:30
2870,300,861000,09:40:30
2869,100,286900,09:40:30
2868,200,573600,09:40:30
2868,300,860400,09:40:30
2869,800,2295200,09:40:28
2869,100,286900,09:40:28
2869,100,286900,09:40:28
2869,100,286900,09:40:27
2868,100,286800,09:40:26
2869,100,286900,09:40:26
2868,300,860400,09:40:25
2868,200,573600,09:40:24
2869,600,1721400,09:40:24
2867,100,286700,09:40:24
2868,200,573600,09:40:24
2869,100,286900,09:40:22
2868,900,2581200,09:40:22
2868,300,860400,09:40:22
2867,300,860100,09:40:22
2866,100,286600,09:40:22
2865,100,286500,09:40:22
2865,100,286500,09:40:21
2865,200,573000,09:40:21
2865,100,286500,09:40:20
2864,100,286400,09:40:20
2864,200,572800,09:40:20
2865,200,573000,09:40:20
2866,100,286600,09:40:20
2865,100,286500,09:40:19
2865,100,286500,09:40:19
2866,100,286600,09:40:17
2866,300,859800,09:40:17
2867,300,860100,09:40:15
2865,400,1146000,09:40:15
2867,100,286700,09:40:15
2867,200,573400,09:40:15
2867,300,860100,09:40:14
2867,100,286700,09:40:14
2867,300,860100,09:40:14
2866,200,573200,09:40:14
2866,100,286600,09:40:14
2866,300,859800,09:40:14
2866,100,286600,09:40:13
2867,200,573400,09:40:13
2868,100,286800,09:40:13
2868,400,1147200,09:40:13
2867,100,286700,09:40:13
2867,100,286700,09:40:13
2867,100,286700,09:40:12
2867,100,286700,09:40:12
2867,200,573400,09:40:12
2867,500,1433500,09:40:12
2868,100,286800,09:40:12
2869,400,1147600,09:40:12
2869,200,573800,09:40:12
2870,800,2296000,09:40:12
2870,500,1435000,09:40:12
2870,1800,5166000,09:40:12
2870,200,574000,09:40:12
2869,1000,2869000,09:40:12
2868,100,286800,09:40:10
2868,300,860400,09:40:10
2869,200,573800,09:40:09
2869,100,286900,09:40:09
2869,100,286900,09:40:09
2869,100,286900,09:40:08
2869,1700,4877300,09:40:07
2869,100,286900,09:40:07
2869,100,286900,09:40:07
2867,100,286700,09:40:07
2867,100,286700,09:40:05
2866,200,573200,09:40:04
2867,100,286700,09:40:02
2867,100,286700,09:40:02
2867,100,286700,09:40:02
2865,300,859500,09:40:02
2865,1100,3151500,09:40:02
2866,600,1719600,09:40:02
2867,200,573400,09:40:02
2867,100,286700,09:40:01
2868,200,573600,09:40:01
2868,200,573600,09:40:01
2868,2600,7456800,09:40:01
2868,100,286800,09:40:01
2865,200,573000,09:40:00
2866,800,2292800,09:40:00
2867,200,573400,09:40:00
2866,2300,6591800,09:40:00
2866,200,573200,09:40:00
2865,100,286500,09:40:00
2865,200,573000,09:40:00
2865,100,286500,09:40:00
2864,400,1145600,09:40:00
2865,500,1432500,09:39:59
2864,400,1145600,09:39:59
2863,100,286300,09:39:59
2864,100,286400,09:39:58
2863,300,858900,09:39:57
2864,500,1432000,09:39:57
2864,200,572800,09:39:57
2863,300,858900,09:39:57
2862,200,572400,09:39:57
2862,100,286200,09:39:57
2863,100,286300,09:39:55
2863,100,286300,09:39:55
2865,100,286500,09:39:54
2864,300,859200,09:39:54
2864,700,2004800,09:39:54
2865,100,286500,09:39:54
2865,500,1432500,09:39:54
2864,300,859200,09:39:53
2864,100,286400,09:39:53
2862,3400,9730800,09:39:52
2862,300,858600,09:39:52
2862,200,572400,09:39:52
2862,400,1144800,09:39:52
2862,500,1431000,09:39:52
2862,100,286200,09:39:52
2862,100,286200,09:39:52
2862,300,858600,09:39:52
2862,2500,7155000,09:39:52
2863,900,2576700,09:39:52
2864,900,2577600,09:39:52
2866,100,286600,09:39:51
2865,100,286500,09:39:51
2865,100,286500,09:39:51
2865,200,573000,09:39:51
2865,600,1719000,09:39:51
2864,400,1145600,09:39:51
2864,100,286400,09:39:51
2864,100,286400,09:39:50
2863,100,286300,09:39:50
2864,100,286400,09:39:49
2864,100,286400,09:39:48
2864,200,572800,09:39:48
2863,200,572600,09:39:48
2863,100,286300,09:39:47
2863,200,572600,09:39:46
2862,500,1431000,09:39:45
2863,100,286300,09:39:45
2863,100,286300,09:39:45
2862,400,1144800,09:39:45
2863,100,286300,09:39:44
2863,100,286300,09:39:44
2863,100,286300,09:39:44
2863,300,858900,09:39:44
2862,900,2575800,09:39:43
2862,100,286200,09:39:43
2862,100,286200,09:39:43
2862,100,286200,09:39:43
2863,100,286300,09:39:42
2862,100,286200,09:39:42
2863,100,286300,09:39:41
2863,100,286300,09:39:41
2863,100,286300,09:39:41
2863,300,858900,09:39:41
2863,100,286300,09:39:41
2862,100,286200,09:39:40
2863,100,286300,09:39:40
2864,100,286400,09:39:40
2865,200,573000,09:39:40
2865,300,859500,09:39:40
2864,600,1718400,09:39:40
2863,100,286300,09:39:40
2864,200,572800,09:39:39
2863,200,572600,09:39:39
2864,100,286400,09:39:38
2863,100,286300,09:39:38
2863,300,858900,09:39:38
2864,100,286400,09:39:38
2864,100,286400,09:39:37
2864,100,286400,09:39:37
2863,100,286300,09:39:37
2864,600,1718400,09:39:37
2863,200,572600,09:39:36
2863,400,1145200,09:39:36
2864,100,286400,09:39:36
2863,300,858900,09:39:36
2862,500,1431000,09:39:36
2863,100,286300,09:39:35
2863,200,572600,09:39:35
2860,400,1144000,09:39:35
2861,1600,4577600,09:39:35
2862,600,1717200,09:39:35
2863,100,286300,09:39:35
2863,400,1145200,09:39:34
2863,100,286300,09:39:34
2862,700,2003400,09:39:34
2862,100,286200,09:39:34
2861,300,858300,09:39:34
2860,100,286000,09:39:32
2860,100,286000,09:39:31
2860,100,286000,09:39:31
2859,100,285900,09:39:31
2860,100,286000,09:39:31
2860,100,286000,09:39:30
2860,300,858000,09:39:30
2860,300,858000,09:39:30
2859,200,571800,09:39:30
2859,100,285900,09:39:30
2860,400,1144000,09:39:30
2859,200,571800,09:39:30
2860,100,286000,09:39:29
2861,200,572200,09:39:29
2860,1500,4290000,09:39:29
2861,700,2002700,09:39:29
2863,500,1431500,09:39:29
2862,500,1431000,09:39:29
2862,200,572400,09:39:29
2862,100,286200,09:39:29
2862,100,286200,09:39:29
2864,100,286400,09:39:29
2863,700,2004100,09:39:29
2861,100,286100,09:39:29
2861,100,286100,09:39:29
2862,100,286200,09:39:29
2862,500,1431000,09:39:28
2861,300,858300,09:39:28
2861,300,858300,09:39:28
2860,13100,37466000,09:39:28
2859,500,1429500,09:39:28
2859,300,857700,09:39:28
2859,100,285900,09:39:28
2859,400,1143600,09:39:28
2860,100,286000,09:39:28
2859,700,2001300,09:39:28
2859,100,285900,09:39:28
2858,1600,4572800,09:39:28
2857,900,2571300,09:39:28
2856,1700,4855200,09:39:28
2855,2100,5995500,09:39:28
2854,100,285400,09:39:28
2854,100,285400,09:39:28
2854,200,570800,09:39:26
2855,200,571000,09:39:25
2854,100,285400,09:39:25
2854,100,285400,09:39:25
2854,100,285400,09:39:25
2854,100,285400,09:39:24
2855,900,2569500,09:39:23
2854,600,1712400,09:39:23
2854,100,285400,09:39:23
2854,100,285400,09:39:21
2852,100,285200,09:39:20
2853,200,570600,09:39:20
2853,100,285300,09:39:19
2853,100,285300,09:39:19
2854,200,570800,09:39:16
2853,100,285300,09:39:16
2852,300,855600,09:39:15
2851,800,2280800,09:39:15
2850,100,285000,09:39:15
2850,400,1140000,09:39:15
2850,5100,14535000,09:39:15
2851,1800,5131800,09:39:15
2852,1500,4278000,09:39:15
2853,400,1141200,09:39:15
2855,200,571000,09:39:15
2854,200,570800,09:39:14
2853,200,570600,09:39:12
2853,100,285300,09:39:12
2853,200,570600,09:39:12
2852,500,1426000,09:39:12
2852,400,1140800,09:39:12
2851,200,570200,09:39:10
2852,100,285200,09:39:09
2852,100,285200,09:39:08
2852,300,855600,09:39:08
2851,100,285100,09:39:08
2851,100,285100,09:39:07
2852,100,285200,09:39:06
2852,1400,3992800,09:39:06
2851,200,570200,09:39:06
2851,1100,3136100,09:39:06
2852,100,285200,09:39:06
2852,100,285200,09:39:03
2852,100,285200,09:39:03
2852,100,285200,09:39:02
2851,100,285100,09:39:02
2852,100,285200,09:39:01
2852,300,855600,09:39:00
2852,700,1996400,09:39:00
2853,300,855900,09:38:58
2853,100,285300,09:38:57
2854,100,285400,09:38:57
2853,400,1141200,09:38:56
2853,100,285300,09:38:56
2854,100,285400,09:38:56
2854,100,285400,09:38:55
2853,700,1997100,09:38:55
2852,100,285200,09:38:55
2852,100,285200,09:38:54
2852,100,285200,09:38:52
2851,100,285100,09:38:51
2852,200,570400,09:38:51
2850,100,285000,09:38:51
2851,400,1140400,09:38:50
2853,100,285300,09:38:48
2852,300,855600,09:38:48
2853,200,570600,09:38:48
2854,100,285400,09:38:47
2854,200,570800,09:38:47
2854,100,285400,09:38:47
2854,100,285400,09:38:47
2853,2700,7703100,09:38:47
2853,100,285300,09:38:47
2852,400,1140800,09:38:47
2851,1000,2851000,09:38:47
2851,200,570200,09:38:47
2850,300,855000,09:38:46
2849,100,284900,09:38:46
2849,100,284900,09:38:46
2849,200,569800,09:38:46
2849,100,284900,09:38:46
2849,100,284900,09:38:44
2849,100,284900,09:38:43
2850,100,285000,09:38:43
2849,100,284900,09:38:43
2849,900,2564100,09:38:43
2850,100,285000,09:38:41
2848,100,284800,09:38:40
2848,200,569600,09:38:40
2848,100,284800,09:38:40
2848,100,284800,09:38:40
2848,100,284800,09:38:39
2848,300,854400,09:38:39
2848,200,569600,09:38:39
2849,100,284900,09:38:38
2849,100,284900,09:38:37
2850,1000,2850000,09:38:37
2851,100,285100,09:38:36
2851,200,570200,09:38:36
2851,800,2280800,09:38:36
2851,100,285100,09:38:35
2851,200,570200,09:38:34
2852,100,285200,09:38:33
2852,100,285200,09:38:33
2852,300,855600,09:38:33
2853,200,570600,09:38:33
2852,100,285200,09:38:33
2852,300,855600,09:38:33
2851,100,285100,09:38:31
2851,400,1140400,09:38:30
2852,100,285200,09:38:30
2852,100,285200,09:38:30
2852,200,570400,09:38:30
2853,100,285300,09:38:30
2852,600,1711200,09:38:30
2853,100,285300,09:38:30
2854,300,856200,09:38:30
2853,100,285300,09:38:30
2853,100,285300,09:38:30
2852,100,285200,09:38:30
2852,800,2281600,09:38:30
2853,100,285300,09:38:30
2853,1100,3138300,09:38:30
2854,400,1141600,09:38:30
2853,200,570600,09:38:29
2853,100,285300,09:38:29
2853,100,285300,09:38:29
2851,800,2280800,09:38:27
2852,1600,4563200,09:38:27
2853,1300,3708900,09:38:27
2854,100,285400,09:38:27
2854,100,285400,09:38:27
2853,200,570600,09:38:26
2853,400,1141200,09:38:26
2852,100,285200,09:38:25
2852,100,285200,09:38:25
2852,100,285200,09:38:25
2852,100,285200,09:38:25
2852,100,285200,09:38:23
2852,200,570400,09:38:22
2852,100,285200,09:38:19
2853,600,1711800,09:38:18
2854,200,570800,09:38:18
2853,100,285300,09:38:17
2854,100,285400,09:38:17
2854,100,285400,09:38:16
2854,100,285400,09:38:16
2854,100,285400,09:38:15
2855,100,285500,09:38:15
2855,100,285500,09:38:14
2855,100,285500,09:38:14
2854,100,285400,09:38:13
2854,400,1141600,09:38:13
2853,200,570600,09:38:12
2853,200,570600,09:38:12
2853,200,570600,09:38:12
2853,200,570600,09:38:12
2853,200,570600,09:38:12
2853,100,285300,09:38:12
2853,300,855900,09:38:12
2853,100,285300,09:38:12
2851,200,570200,09:38:12
2852,300,855600,09:38:12
2853,200,570600,09:38:11
2853,100,285300,09:38:11
2852,700,1996400,09:38:11
2852,100,285200,09:38:11
2851,400,1140400,09:38:11
2850,4800,13680000,09:38:11
2850,200,570000,09:38:11
2850,5000,14250000,09:38:11
2849,2000,5698000,09:38:11
2849,100,284900,09:38:11
2849,1200,3418800,09:38:11
2848,3800,10822400,09:38:11
2847,1500,4270500,09:38:11
2845,100,284500,09:38:11
2846,300,853800,09:38:09
2845,200,569000,09:38:09
2845,800,2276000,09:38:07
2845,200,569000,09:38:07
2845,200,569000,09:38:07
2845,200,569000,09:38:07
2845,200,569000,09:38:07
2846,100,284600,09:38:06
2846,200,569200,09:38:06
2846,100,284600,09:38:06
2846,100,284600,09:38:02
2846,100,284600,09:38:02
2846,100,284600,09:38:02
2846,100,284600,09:38:02
2846,200,569200,09:38:02
2847,300,854100,09:38:00
2846,100,284600,09:37:59
2846,100,284600,09:37:57
2847,100,284700,09:37:52
2846,200,569200,09:37:52
2846,300,853800,09:37:52
2845,200,569000,09:37:51
2845,200,569000,09:37:51
2845,200,569000,09:37:51
2845,200,569000,09:37:51
2845,200,569000,09:37:51
2844,100,284400,09:37:50
2843,200,568600,09:37:48
2844,100,284400,09:37:47
2845,100,284500,09:37:47
2845,100,284500,09:37:41
2845,100,284500,09:37:40
2846,300,853800,09:37:40
2846,100,284600,09:37:40
2846,100,284600,09:37:40
2847,400,1138800,09:37:40
2847,700,1992900,09:37:40
2846,200,569200,09:37:40
2846,600,1707600,09:37:40
2846,100,284600,09:37:39
2845,600,1707000,09:37:38
2845,100,284500,09:37:38
2845,1600,4552000,09:37:38
2844,1000,2844000,09:37:38
2843,200,568600,09:37:38
2842,100,284200,09:37:34
2843,100,284300,09:37:34
2843,700,1990100,09:37:34
2844,100,284400,09:37:32
2844,100,284400,09:37:32
2844,200,568800,09:37:30
2844,200,568800,09:37:30
2844,200,568800,09:37:29
2844,200,568800,09:37:29
2843,100,284300,09:37:27
2843,100,284300,09:37:27
2842,500,1421000,09:37:20
2841,100,284100,09:37:20
2841,800,2272800,09:37:18
2841,200,568200,09:37:10
2841,200,568200,09:37:10
2844,600,1706400,09:37:09
2844,100,284400,09:37:06
2844,100,284400,09:37:06
2844,100,284400,09:37:06
2844,100,284400,09:37:06
2844,100,284400,09:37:06
2844,100,284400,09:37:06
2845,400,1138000,09:37:06
2844,100,284400,09:37:06
2843,100,284300,09:37:03
2843,100,284300,09:37:03
2843,300,852900,09:37:03
2842,400,1136800,09:37:03
2841,400,1136400,09:37:03
2840,14700,41748000,09:37:03
2839,100,283900,09:37:03
2839,100,283900,09:37:03
2839,100,283900,09:37:02
2839,100,283900,09:37:01
2838,100,283800,09:36:59
2837,100,283700,09:36:56
2837,100,283700,09:36:56
2837,100,283700,09:36:54
2837,500,1418500,09:36:54
2837,300,851100,09:36:54
2838,100,283800,09:36:54
2838,100,283800,09:36:54
2839,300,851700,09:36:54
2840,100,284000,09:36:53
2841,100,284100,09:36:53
2842,300,852600,09:36:52
2843,100,284300,09:36:51
2843,100,284300,09:36:51
2842,1600,4547200,09:36:51
2843,700,1990100,09:36:51
2844,500,1422000,09:36:51
2844,200,568800,09:36:49
2845,200,569000,09:36:49
2845,400,1138000,09:36:49
2846,100,284600,09:36:49
2846,100,284600,09:36:49
2846,100,284600,09:36:49
2846,1200,3415200,09:36:49
2845,500,1422500,09:36:49
2845,500,1422500,09:36:49
2845,100,284500,09:36:49
2845,400,1138000,09:36:49
2845,200,569000,09:36:49
2845,700,1991500,09:36:49
2845,200,569000,09:36:49
2845,100,284500,09:36:49
2844,3000,8532000,09:36:49
2844,100,284400,09:36:49
2843,1200,3411600,09:36:49
2843,100,284300,09:36:49
2842,2200,6252400,09:36:49
2842,200,568400,09:36:49
2841,100,284100,09:36:48
2841,100,284100,09:36:47
2841,500,1420500,09:36:47
2840,5200,14768000,09:36:47
2839,200,567800,09:36:47
2838,200,567600,09:36:47
2837,400,1134800,09:36:46
2836,700,1985200,09:36:45
2836,400,1134400,09:36:40
2836,400,1134400,09:36:40
2836,300,850800,09:36:40
2837,100,283700,09:36:40
2838,100,283800,09:36:40
2840,800,2272000,09:36:37
2839,700,1987300,09:36:37
2837,100,283700,09:36:34
2837,100,283700,09:36:34
2837,100,283700,09:36:34
2838,200,567600,09:36:34
2838,100,283800,09:36:34
2838,100,283800,09:36:33
2839,100,283900,09:36:30
2838,100,283800,09:36:30
2838,200,567600,09:36:30
2839,100,283900,09:36:25
2840,100,284000,09:36:23
2840,200,568000,09:36:23
2839,200,567800,09:36:23
2839,100,283900,09:36:18
2839,100,283900,09:36:18
2839,100,283900,09:36:18
2839,400,1135600,09:36:18
2838,100,283800,09:36:14
2838,100,283800,09:36:08
2839,100,283900,09:36:08
2839,100,283900,09:36:06
2840,100,284000,09:36:06
2839,200,567800,09:36:06
2840,100,284000,09:36:05
2840,100,284000,09:36:04
2840,100,284000,09:36:03
2840,200,568000,09:36:03
2840,800,2272000,09:36:03
2840,100,284000,09:36:02
2840,100,284000,09:36:02
2841,100,284100,09:36:01
2843,100,284300,09:36:00
2842,100,284200,09:35:59
2843,200,568600,09:35:57
2844,100,284400,09:35:57
2844,100,284400,09:35:56
2844,200,568800,09:35:55
2844,500,1422000,09:35:55
2843,500,1421500,09:35:55
2844,600,1706400,09:35:54
2843,1100,3127300,09:35:54
2842,600,1705200,09:35:54
2839,100,283900,09:35:51
2839,300,851700,09:35:49
2841,400,1136400,09:35:49
2841,100,284100,09:35:49
2843,200,568600,09:35:49
2842,100,284200,09:35:49
2843,400,1137200,09:35:49
2842,100,284200,09:35:49
2841,100,284100,09:35:49
2840,300,852000,09:35:49
2839,100,283900,09:35:49
2840,100,284000,09:35:48
2840,400,1136000,09:35:48
2839,100,283900,09:35:48
2839,200,567800,09:35:48
2839,100,283900,09:35:48
2840,200,568000,09:35:48
2840,1600,4544000,09:35:44
2841,900,2556900,09:35:44
2841,100,284100,09:35:44
2842,100,284200,09:35:42
2841,200,568200,09:35:42
2840,400,1136000,09:35:42
2840,300,852000,09:35:42
2838,600,1702800,09:35:40
2837,100,283700,09:35:38
2838,100,283800,09:35:33
2836,500,1418000,09:35:33
2837,1100,3120700,09:35:33
2838,200,567600,09:35:33
2839,200,567800,09:35:32
2840,200,568000,09:35:32
2840,100,284000,09:35:31
2841,100,284100,09:35:31
2841,200,568200,09:35:30
2840,100,284000,09:35:29
2840,100,284000,09:35:29
2840,100,284000,09:35:29
2840,600,1704000,09:35:29
2840,200,568000,09:35:29
2840,400,1136000,09:35:29
2840,200,568000,09:35:29
2839,600,1703400,09:35:29
2838,1300,3689400,09:35:29
2837,200,567400,09:35:24
2837,200,567400,09:35:24
2837,200,567400,09:35:24
2837,200,567400,09:35:24
2836,700,1985200,09:35:23
2836,300,850800,09:35:15
2835,100,283500,09:35:14
2835,200,567000,09:35:14
2835,300,850500,09:35:14
2835,100,283500,09:35:14
2835,100,283500,09:35:14
2834,200,566800,09:35:13
2834,200,566800,09:35:13
2835,200,567000,09:35:12
2835,100,283500,09:35:12
2836,200,567200,09:35:05
2835,100,283500,09:35:01
2835,100,283500,09:35:00
2836,100,283600,09:34:59
2835,700,1984500,09:34:59
2834,300,850200,09:34:48
2832,200,566400,09:34:46
2833,100,283300,09:34:42
2834,100,283400,09:34:40
2835,500,1417500,09:34:39
2834,600,1700400,09:34:39
2833,200,566600,09:34:39
2833,700,1983100,09:34:39
2834,100,283400,09:34:38
2834,400,1133600,09:34:38
2837,100,283700,09:34:36
2834,100,283400,09:34:34
2835,200,567000,09:34:34
2835,500,1417500,09:34:34
2836,500,1418000,09:34:34
2837,200,567400,09:34:33
2836,200,567200,09:34:33
2837,200,567400,09:34:33
2837,100,283700,09:34:32
2835,300,850500,09:34:30
2836,100,283600,09:34:30
2838,200,567600,09:34:30
2837,400,1134800,09:34:30
2836,400,1134400,09:34:30
2836,100,283600,09:34:30
2836,100,283600,09:34:30
2835,100,283500,09:34:29
2835,100,283500,09:34:28
2835,200,567000,09:34:28
2835,200,567000,09:34:28
2835,100,283500,09:34:28
2834,1600,4534400,09:34:28
2833,100,283300,09:34:27
2833,100,283300,09:34:26
2832,200,566400,09:34:24
2833,100,283300,09:34:20
2833,100,283300,09:34:20
2833,200,566600,09:34:19
2832,800,2265600,09:34:19
2831,100,283100,09:34:19
2831,200,566200,09:34:19
2830,300,849000,09:34:19
2829,300,848700,09:34:19
2827,100,282700,09:34:13
2826,100,282600,09:34:12
2828,200,565600,09:34:10
2826,100,282600,09:34:08
2828,200,565600,09:34:07
2827,800,2261600,09:34:07
2827,300,848100,09:34:05
2826,100,282600,09:34:05
2825,200,565000,09:34:04
2826,100,282600,09:34:01
2826,100,282600,09:34:01
2823,400,1129200,09:34:00
2824,500,1412000,09:34:00
2825,100,282500,09:34:00
2825,100,282500,09:33:53
2826,500,1413000,09:33:53
2825,100,282500,09:33:53
2825,300,847500,09:33:53
2825,100,282500,09:33:53
2825,100,282500,09:33:51
2823,200,564600,09:33:51
2824,1300,3671200,09:33:50
2824,200,564800,09:33:50
2824,300,847200,09:33:50
2825,300,847500,09:33:50
2826,800,2260800,09:33:50
2827,1600,4523200,09:33:50
2827,200,565400,09:33:44
2827,100,282700,09:33:43
2828,100,282800,09:33:41
2828,400,1131200,09:33:36
2830,400,1132000,09:33:36
2829,100,282900,09:33:35
2828,300,848400,09:33:33
2827,100,282700,09:33:31
2828,300,848400,09:33:31
2829,100,282900,09:33:29
2829,100,282900,09:33:26
2829,100,282900,09:33:26
2830,100,283000,09:33:23
2831,300,849300,09:33:22
2831,100,283100,09:33:22
2831,100,283100,09:33:22
2832,300,849600,09:33:21
2834,200,566800,09:33:21
2834,1000,2834000,09:33:21
2833,200,566600,09:33:21
2834,100,283400,09:33:19
2834,100,283400,09:33:15
2832,200,566400,09:33:10
2831,400,1132400,09:33:08
2831,200,566200,09:33:07
2831,100,283100,09:33:06
2831,200,566200,09:33:04
2831,100,283100,09:33:03
2833,100,283300,09:33:03
2833,200,566600,09:33:03
2832,200,566400,09:33:02
2833,100,283300,09:33:02
2833,200,566600,09:33:02
2834,100,283400,09:33:02
2833,300,849900,09:33:02
2833,100,283300,09:33:02
2833,100,283300,09:33:02
2835,600,1701000,09:33:02
2834,100,283400,09:33:02
2833,300,849900,09:33:02
2832,100,283200,09:33:02
2832,100,283200,09:33:02
2831,300,849300,09:33:00
2830,700,1981000,09:32:58
2829,100,282900,09:32:58
2829,200,565800,09:32:58
2828,100,282800,09:32:57
2828,200,565600,09:32:55
2828,200,565600,09:32:55
2827,100,282700,09:32:54
2827,900,2544300,09:32:54
2824,400,1129600,09:32:53
2824,100,282400,09:32:53
2823,200,564600,09:32:52
2824,100,282400,09:32:51
2824,300,847200,09:32:51
2823,1400,3952200,09:32:51
2824,100,282400,09:32:51
2824,100,282400,09:32:51
2824,100,282400,09:32:51
2824,100,282400,09:32:51
2825,2100,5932500,09:32:51
2826,300,847800,09:32:45
2826,200,565200,09:32:45
2826,200,565200,09:32:45
2826,200,565200,09:32:45
2826,200,565200,09:32:45
2827,600,1696200,09:32:44
2828,100,282800,09:32:41
2829,800,2263200,09:32:41
2828,300,848400,09:32:41
2827,200,565400,09:32:40
2827,100,282700,09:32:38
2827,200,565400,09:32:38
2827,200,565400,09:32:28
2827,200,565400,09:32:19
2827,500,1413500,09:32:19
2828,100,282800,09:32:15
2828,200,565600,09:32:08
2829,100,282900,09:32:06
2830,300,849000,09:32:02
2830,400,1132000,09:32:02
2829,100,282900,09:32:02
2827,200,565400,09:31:56
2829,200,565800,09:31:56
2828,100,282800,09:31:55
2829,100,282900,09:31:53
2829,300,848700,09:31:53
2829,100,282900,09:31:53
2827,200,565400,09:31:52
2828,400,1131200,09:31:50
2827,100,282700,09:31:50
2827,500,1413500,09:31:47
2828,100,282800,09:31:47
2830,100,283000,09:31:47
2829,100,282900,09:31:47
2828,200,565600,09:31:47
2829,200,565800,09:31:44
2829,400,1131600,09:31:41
2829,1200,3394800,09:31:41
2828,300,848400,09:31:41
2828,100,282800,09:31:38
2828,400,1131200,09:31:37
2829,200,565800,09:31:36
2830,500,1415000,09:31:36
2831,100,283100,09:31:34
2831,100,283100,09:31:34
2831,100,283100,09:31:34
2833,200,566600,09:31:34
2832,1200,3398400,09:31:34
2831,400,1132400,09:31:34
2832,1200,3398400,09:31:34
2834,300,850200,09:31:34
2833,100,283300,09:31:34
2831,400,1132400,09:31:29
2832,200,566400,09:31:27
2832,100,283200,09:31:27
2831,400,1132400,09:31:19
2830,200,566000,09:31:18
2830,500,1415000,09:31:17
2830,100,283000,09:31:16
2829,100,282900,09:31:16
2832,1200,3398400,09:31:16
2831,700,1981700,09:31:16
2830,400,1132000,09:31:16
2829,100,282900,09:31:16
2829,700,1980300,09:31:16
2828,100,282800,09:31:16
2828,100,282800,09:31:16
2828,100,282800,09:31:16
2828,500,1414000,09:31:15
2827,100,282700,09:31:15
2828,100,282800,09:31:11
2828,500,1414000,09:31:11
2829,400,1131600,09:31:11
2827,100,282700,09:31:11
2828,100,282800,09:31:11
2828,500,1414000,09:31:11
2829,200,565800,09:31:10
2830,100,283000,09:31:09
2830,100,283000,09:31:09
2830,200,566000,09:31:09
2830,200,566000,09:31:09
2830,600,1698000,09:31:09
2832,100,283200,09:31:09
2834,100,283400,09:31:07
2832,100,283200,09:31:04
2831,700,1981700,09:31:01
2830,300,849000,09:31:01
2832,100,283200,09:31:01
2830,300,849000,09:31:01
2832,100,283200,09:31:01
2832,100,283200,09:31:01
2833,300,849900,09:31:01
2835,300,850500,09:31:00
2836,200,567200,09:30:59
2838,200,567600,09:30:59
2837,200,567400,09:30:59
2837,100,283700,09:30:59
2837,1400,3971800,09:30:59
2837,200,567400,09:30:53
2834,100,283400,09:30:50
2835,500,1417500,09:30:50
2834,100,283400,09:30:50
2832,2300,6513600,09:30:50
2833,700,1983100,09:30:50
2834,900,2550600,09:30:50
2835,400,1134000,09:30:50
2835,200,567000,09:30:47
2834,400,1133600,09:30:46
2835,300,850500,09:30:46
2835,100,283500,09:30:46
2836,300,850800,09:30:46
2837,100,283700,09:30:43
2837,100,283700,09:30:43
2838,300,851400,09:30:43
2837,100,283700,09:30:43
2837,300,851100,09:30:42
2836,300,850800,09:30:42
2835,100,283500,09:30:41
2835,100,283500,09:30:41
2835,100,283500,09:30:41
2834,300,850200,09:30:39
2835,800,2268000,09:30:38
2835,100,283500,09:30:38
2835,100,283500,09:30:38
2835,300,850500,09:30:38
2833,600,1699800,09:30:38
2834,100,283400,09:30:38
2833,500,1416500,09:30:38
2834,300,850200,09:30:38
2835,100,283500,09:30:38
2835,400,1134000,09:30:35
2837,400,1134800,09:30:35
2837,100,283700,09:30:35
2837,100,283700,09:30:33
2837,300,851100,09:30:33
2837,100,283700,09:30:30
2837,100,283700,09:30:30
2836,100,283600,09:30:30
2836,100,283600,09:30:29
2836,400,1134400,09:30:29
2835,100,283500,09:30:29
2835,200,567000,09:30:28
2836,100,283600,09:30:28
2835,100,283500,09:30:27
2835,100,283500,09:30:27
2837,200,567400,09:30:27
2836,100,283600,09:30:27
2836,100,283600,09:30:27
2838,600,1702800,09:30:27
2837,1000,2837000,09:30:27
2836,100,283600,09:30:25
2837,600,1702200,09:30:25
2838,100,283800,09:30:23
2838,100,283800,09:30:23
2837,100,283700,09:30:23
2838,1100,3121800,09:30:22
2836,200,567200,09:30:22
2836,400,1134400,09:30:22
2836,400,1134400,09:30:19
2838,100,283800,09:30:18
2837,100,283700,09:30:18
2837,300,851100,09:30:18
2837,300,851100,09:30:18
2837,300,851100,09:30:17
2837,100,283700,09:30:15
2837,100,283700,09:30:15
2840,100,284000,09:30:15
2839,100,283900,09:30:15
2838,400,1135200,09:30:15
2840,100,284000,09:30:14
2840,100,284000,09:30:14
2840,100,284000,09:30:13
2840,100,284000,09:30:12
2841,400,1136400,09:30:10
2842,100,284200,09:30:08
2842,100,284200,09:30:08
2844,300,853200,09:30:08
2843,100,284300,09:30:07
2843,800,2274400,09:30:07
2843,100,284300,09:30:07
2842,1300,3694600,09:30:07
2842,100,284200,09:30:07
2842,300,852600,09:30:07
2842,100,284200,09:30:07
2842,700,1989400,09:30:07
2841,2000,5682000,09:30:07
2841,200,568200,09:30:07
2841,1200,3409200,09:30:07
2840,7600,21584000,09:30:07
2839,1400,3974600,09:30:07
2837,300,851100,09:30:05
2837,100,283700,09:30:03
2837,500,1418500,09:30:00
2838,100,283800,09:30:00
2838,100,283800,09:30:00
2837,1300,3688100,09:30:00
2836,200,567200,09:30:00
2836,400,1134400,09:29:58
2835,100,283500,09:29:58
2834,300,850200,09:29:58
2833,100,283300,09:29:57
2833,100,283300,09:29:55
2833,300,849900,09:29:55
2834,800,2267200,09:29:54
2834,100,283400,09:29:53
2835,300,850500,09:29:53
2836,200,567200,09:29:53
2835,100,283500,09:29:53
2836,100,283600,09:29:52
2836,100,283600,09:29:52
2835,900,2551500,09:29:52
2833,100,283300,09:29:47
2834,300,850200,09:29:46
2836,100,283600,09:29:40
2834,100,283400,09:29:40
2835,200,567000,09:29:40
2836,100,283600,09:29:35
2835,100,283500,09:29:33
2837,300,851100,09:29:33
2838,300,851400,09:29:33
2839,100,283900,09:29:33
2838,2300,6527400,09:29:33
2837,400,1134800,09:29:33
2836,700,1985200,09:29:33
2835,1800,5103000,09:29:33
2834,100,283400,09:29:32
2834,500,1417000,09:29:32
2833,700,1983100,09:29:32
2832,100,283200,09:29:32
2833,100,283300,09:29:32
2830,600,1698000,09:29:32
2831,1100,3114100,09:29:32
2832,700,1982400,09:29:32
2834,100,283400,09:29:28
2834,200,566800,09:29:26
2832,100,283200,09:29:23
2832,200,566400,09:29:23
2832,200,566400,09:29:23
2832,100,283200,09:29:18
2833,100,283300,09:29:18
2834,300,850200,09:29:11
2834,100,283400,09:29:11
2832,200,566400,09:29:11
2832,1400,3964800,09:29:11
2833,300,849900,09:29:11
2834,200,566800,09:29:10
2834,300,850200,09:29:10
2835,400,1134000,09:29:10
2836,100,283600,09:29:09
2836,100,283600,09:29:06
2835,100,283500,09:29:05
2837,200,567400,09:29:03
2835,100,283500,09:29:02
2837,300,851100,09:29:01
2836,800,2268800,09:29:01
2835,100,283500,09:29:01
2835,1000,2835000,09:29:01
2833,200,566600,09:29:00
2835,100,283500,09:28:59
2835,100,283500,09:28:58
2834,600,1700400,09:28:58
2833,300,849900,09:28:58
2830,100,283000,09:28:53
2831,300,849300,09:28:53
2833,400,1133200,09:28:52
2832,800,2265600,09:28:50
2831,400,1132400,09:28:50
2829,100,282900,09:28:48
2830,1200,3396000,09:28:47
2829,100,282900,09:28:43
2829,200,565800,09:28:42
2829,200,565800,09:28:39
2830,100,283000,09:28:38
2830,300,849000,09:28:34
2831,200,566200,09:28:34
2830,1000,2830000,09:28:34
2829,800,2263200,09:28:34
2829,100,282900,09:28:34
2828,100,282800,09:28:33
2828,200,565600,09:28:33
2828,200,565600,09:28:33
2828,200,565600,09:28:33
2828,200,565600,09:28:33
2827,400,1130800,09:28:33
2826,800,2260800,09:28:33
2826,100,282600,09:28:33
2825,2400,6780000,09:28:33
2824,100,282400,09:28:33
2821,300,846300,09:28:31
2822,200,564400,09:28:31
2824,100,282400,09:28:30
2824,100,282400,09:28:30
2823,300,846900,09:28:30
2822,200,564400,09:28:28
2822,400,1128800,09:28:28
2821,100,282100,09:28:23
2822,200,564400,09:28:22
2823,100,282300,09:28:15
2823,100,282300,09:28:15
2823,500,1411500,09:28:15
2822,400,1128800,09:28:13
2820,100,282000,09:28:13
2821,100,282100,09:28:10
2819,300,845700,09:28:07
2819,200,563800,09:28:06
2818,800,2254400,09:28:06
2817,100,281700,09:28:05
2818,100,281800,09:28:01
2817,100,281700,09:28:00
2818,400,1127200,09:27:59
2820,200,564000,09:27:52
2819,200,563800,09:27:52
2819,100,281900,09:27:49
2819,100,281900,09:27:49
2819,200,563800,09:27:49
2819,400,1127600,09:27:49
2819,200,563800,09:27:49
2819,100,281900,09:27:49
2820,1600,4512000,09:27:49
2820,2400,6768000,09:27:49
2821,600,1692600,09:27:49
2822,600,1693200,09:27:48
2823,400,1129200,09:27:47
2824,200,564800,09:27:44
2822,100,282200,09:27:41
2822,100,282200,09:27:39
2823,100,282300,09:27:39
2823,100,282300,09:27:38
2822,600,1693200,09:27:36
2823,300,846900,09:27:35
2824,200,564800,09:27:30
2823,100,282300,09:27:26
2824,200,564800,09:27:23
2823,100,282300,09:27:23
2823,200,564600,09:27:23
2824,400,1129600,09:27:20
2823,100,282300,09:27:16
2822,200,564400,09:27:15
2824,100,282400,09:27:15
2822,400,1128800,09:27:01
2823,400,1129200,09:27:00
2825,300,847500,09:26:59
2824,100,282400,09:26:58
2824,300,847200,09:26:58
2826,1700,4804200,09:26:58
2827,200,565400,09:26:58
2827,400,1130800,09:26:58
2828,200,565600,09:26:58
2828,700,1979600,09:26:58
2826,100,282600,09:26:57
2828,200,565600,09:26:56
2826,100,282600,09:26:55
2826,100,282600,09:26:55
2825,100,282500,09:26:55
2825,100,282500,09:26:54
2824,700,1976800,09:26:54
2823,100,282300,09:26:46
2823,100,282300,09:26:46
2825,300,847500,09:26:41
2823,200,564600,09:26:41
2822,200,564400,09:26:40
2820,700,1974000,09:26:40
2821,200,564200,09:26:40
2821,300,846300,09:26:39
2820,500,1410000,09:26:39
2819,100,281900,09:26:38
2818,300,845400,09:26:38
2817,100,281700,09:26:38
2816,100,281600,09:26:38
2818,200,563600,09:26:38
2817,3000,8451000,09:26:38
2817,200,563400,09:26:38
2817,100,281700,09:26:38
2817,200,563400,09:26:38
2817,200,563400,09:26:38
2818,400,1127200,09:26:36
2819,300,845700,09:26:33
2820,200,564000,09:26:33
2821,100,282100,09:26:33
2823,100,282300,09:26:33
2823,300,846900,09:26:32
2822,400,1128800,09:26:32
2822,100,282200,09:26:31
2820,700,1974000,09:26:31
2821,200,564200,09:26:30
2822,600,1693200,09:26:30
2823,200,564600,09:26:30
2824,100,282400,09:26:28
2824,200,564800,09:26:28
2825,400,1130000,09:26:27
2826,400,1130400,09:26:27
2828,100,282800,09:26:26
2827,100,282700,09:26:24
2829,100,282900,09:26:23
2829,300,848700,09:26:23
2829,400,1131600,09:26:23
2829,100,282900,09:26:19
2827,100,282700,09:26:19
2827,200,565400,09:26:19
2827,200,565400,09:26:19
2827,200,565400,09:26:19
2826,100,282600,09:26:19
2826,100,282600,09:26:19
2826,100,282600,09:26:19
2826,100,282600,09:26:18
2826,100,282600,09:26:14
2826,100,282600,09:26:14
2826,100,282600,09:26:14
2826,100,282600,09:26:14
2826,400,1130400,09:26:14
2825,1400,3955000,09:26:14
2824,600,1694400,09:26:14
2823,100,282300,09:26:14
2823,200,564600,09:26:14
2823,200,564600,09:26:13
2825,200,565000,09:26:10
2824,200,564800,09:26:10
2824,200,564800,09:26:06
2824,100,282400,09:26:06
2823,100,282300,09:26:00
2824,200,564800,09:25:55
2824,200,564800,09:25:53
2822,100,282200,09:25:51
2824,200,564800,09:25:48
2823,100,282300,09:25:47
2823,200,564600,09:25:46
2823,100,282300,09:25:46
2821,300,846300,09:25:44
2823,100,282300,09:25:43
2823,100,282300,09:25:43
2822,200,564400,09:25:43
2822,100,282200,09:25:38
2819,200,563800,09:25:37
2821,100,282100,09:25:35
2821,100,282100,09:25:35
2820,200,564000,09:25:35
2820,100,282000,09:25:30
2820,600,1692000,09:25:30
2820,100,282000,09:25:30
2820,500,1410000,09:25:30
2819,200,563800,09:25:29
2818,300,845400,09:25:27
2818,200,563600,09:25:27
2818,100,281800,09:25:27
2818,100,281800,09:25:27
2819,900,2537100,09:25:27
2821,100,282100,09:25:25
2819,100,281900,09:25:25
2819,100,281900,09:25:24
2820,100,282000,09:25:24
2820,100,282000,09:25:24
2821,600,1692600,09:25:24
2821,100,282100,09:25:24
2822,100,282200,09:25:24
2822,200,564400,09:25:23
2822,300,846600,09:25:21
2822,100,282200,09:25:16
2821,200,564200,09:25:16
2821,1200,3385200,09:25:15
2821,100,282100,09:25:15
2824,200,564800,09:25:11
2822,100,282200,09:25:10
2823,200,564600,09:25:09
2823,300,846900,09:25:09
2822,100,282200,09:25:09
2823,300,846900,09:25:09
2823,300,846900,09:25:08
2822,300,846600,09:25:05
2823,200,564600,09:25:04
2822,200,564400,09:24:58
2823,100,282300,09:24:58
2822,200,564400,09:24:55
2824,400,1129600,09:24:54
2823,100,282300,09:24:54
2822,800,2257600,09:24:50
2824,300,847200,09:24:46
2822,100,282200,09:24:43
2824,100,282400,09:24:42
2822,100,282200,09:24:41
2822,200,564400,09:24:41
2822,100,282200,09:24:40
2821,100,282100,09:24:37
2821,500,1410500,09:24:35
2823,400,1129200,09:24:34
2822,400,1128800,09:24:34
2821,100,282100,09:24:33
2821,300,846300,09:24:30
2821,200,564200,09:24:30
2820,1200,3384000,09:24:30
2819,300,845700,09:24:29
2820,100,282000,09:24:28
2821,100,282100,09:24:27
2820,100,282000,09:24:26
2819,100,281900,09:24:24
2819,400,1127600,09:24:23
2818,500,1409000,09:24:22
2820,300,846000,09:24:22
2820,1200,3384000,09:24:21
2820,500,1410000,09:24:21
2821,100,282100,09:24:19
2820,200,564000,09:24:18
2819,200,563800,09:24:18
2818,100,281800,09:24:18
2819,400,1127600,09:24:16
2819,100,281900,09:24:16
2818,200,563600,09:24:15
2819,200,563800,09:24:15
2819,200,563800,09:24:15
2820,100,282000,09:24:15
2820,1100,3102000,09:24:15
2820,100,282000,09:24:15
2821,4900,13822900,09:24:15
2822,200,564400,09:24:15
2823,100,282300,09:24:12
2824,100,282400,09:24:12
2824,100,282400,09:24:12
2823,200,564600,09:24:12
2824,400,1129600,09:24:11
2823,100,282300,09:24:11
2823,100,282300,09:24:11
2823,400,1129200,09:24:11
2821,100,282100,09:24:10
2822,300,846600,09:24:07
2822,100,282200,09:24:07
2822,100,282200,09:24:07
2822,100,282200,09:24:07
2822,100,282200,09:24:07
2823,300,846900,09:24:07
2824,100,282400,09:24:03
2823,300,846900,09:24:00
2824,100,282400,09:24:00
2825,300,847500,09:24:00
2826,200,565200,09:24:00
2827,100,282700,09:23:59
2829,300,848700,09:23:57
2829,300,848700,09:23:56
2828,100,282800,09:23:56
2827,100,282700,09:23:55
2826,100,282600,09:23:55
2826,500,1413000,09:23:55
2825,100,282500,09:23:52
2824,400,1129600,09:23:50
2822,300,846600,09:23:50
2823,100,282300,09:23:49
2823,100,282300,09:23:46
2823,200,564600,09:23:46
2823,200,564600,09:23:46
2821,500,1410500,09:23:45
2821,400,1128400,09:23:44
2822,100,282200,09:23:43
2820,100,282000,09:23:41
2819,100,281900,09:23:39
2819,100,281900,09:23:39
2819,100,281900,09:23:39
2820,100,282000,09:23:39
2819,100,281900,09:23:39
2822,400,1128800,09:23:39
2821,1600,4513600,09:23:39
2820,600,1692000,09:23:39
2819,1000,2819000,09:23:39
2816,100,281600,09:23:38
2816,100,281600,09:23:38
2816,100,281600,09:23:38
2817,200,563400,09:23:38
2817,100,281700,09:23:38
2818,1800,5072400,09:23:38
2818,100,281800,09:23:38
2819,100,281900,09:23:37
2820,500,1410000,09:23:36
2821,300,846300,09:23:35
2822,200,564400,09:23:34
2823,100,282300,09:23:34
2824,300,847200,09:23:31
2824,300,847200,09:23:31
2824,100,282400,09:23:31
2826,300,847800,09:23:29
2825,200,565000,09:23:29
2825,200,565000,09:23:29
2825,400,1130000,09:23:29
2824,100,282400,09:23:28
2824,100,282400,09:23:26
2824,100,282400,09:23:25
2825,100,282500,09:23:25
2824,400,1129600,09:23:25
2824,100,282400,09:23:23
2824,200,564800,09:23:20
2823,100,282300,09:23:19
2823,100,282300,09:23:18
2823,200,564600,09:23:18
2824,200,564800,09:23:18
2823,1500,4234500,09:23:18
2822,1100,3104200,09:23:18
2821,1300,3667300,09:23:18
2820,300,846000,09:23:18
2819,100,281900,09:23:18
2819,100,281900,09:23:18
2819,100,281900,09:23:18
2821,100,282100,09:23:17
2819,100,281900,09:23:17
2819,200,563800,09:23:17
2820,500,1410000,09:23:17
2820,400,1128000,09:23:17
2820,1000,2820000,09:23:17
2820,100,282000,09:23:17
2821,700,1974700,09:23:17
2821,100,282100,09:23:17
2821,300,846300,09:23:17
2821,300,846300,09:23:17
2822,1900,5361800,09:23:17
2822,100,282200,09:23:17
2822,100,282200,09:23:17
2822,500,1411000,09:23:17
2822,100,282200,09:23:16
2822,100,282200,09:23:16
2824,100,282400,09:23:16
2824,100,282400,09:23:16
2825,1400,3955000,09:23:16
2825,100,282500,09:23:16
2825,300,847500,09:23:16
2826,100,282600,09:23:16
2826,100,282600,09:23:16
2827,700,1978900,09:23:16
2827,300,848100,09:23:16
2828,800,2262400,09:23:16
2829,700,1980300,09:23:14
2829,100,282900,09:23:14
2829,100,282900,09:23:13
2831,400,1132400,09:23:11
2830,100,283000,09:23:11
2830,200,566000,09:23:10
2829,100,282900,09:23:07
2830,100,283000,09:23:07
2830,200,566000,09:23:03
2832,400,1132800,09:23:00
2833,100,283300,09:23:00
2833,300,849900,09:22:59
2834,100,283400,09:22:57
2834,100,283400,09:22:57
2833,800,2266400,09:22:57
2832,500,1416000,09:22:57
2831,900,2547900,09:22:57
2829,100,282900,09:22:55
2829,100,282900,09:22:54
2829,100,282900,09:22:54
2829,100,282900,09:22:52
2830,200,566000,09:22:51
2829,100,282900,09:22:50
2831,100,283100,09:22:45
2831,100,283100,09:22:45
2830,100,283000,09:22:45
2829,100,282900,09:22:44
2829,200,565800,09:22:43
2828,100,282800,09:22:42
2829,200,565800,09:22:42
2829,200,565800,09:22:41
2829,100,282900,09:22:41
2830,1200,3396000,09:22:41
2830,100,283000,09:22:41
2830,100,283000,09:22:41
2830,100,283000,09:22:41
2832,200,566400,09:22:41
2831,300,849300,09:22:35
2831,300,849300,09:22:34
2832,200,566400,09:22:34
2832,100,283200,09:22:31
2832,200,566400,09:22:31
2834,200,566800,09:22:28
2834,300,850200,09:22:28
2832,300,849600,09:22:23
2833,200,566600,09:22:22
2833,100,283300,09:22:22
2832,200,566400,09:22:22
2830,200,566000,09:22:19
2831,100,283100,09:22:19
2830,100,283000,09:22:15
2831,100,283100,09:22:14
2831,100,283100,09:22:13
2831,200,566200,09:22:13
2832,700,1982400,09:22:11
2833,100,283300,09:22:11
2832,100,283200,09:22:11
2832,100,283200,09:22:11
2832,100,283200,09:22:11
2832,100,283200,09:22:11
2833,100,283300,09:22:08
2832,400,1132800,09:22:06
2832,100,283200,09:22:04
2833,100,283300,09:22:04
2834,200,566800,09:22:04
2833,100,283300,09:22:03
2832,100,283200,09:22:02
2832,100,283200,09:21:58
2832,400,1132800,09:21:57
2830,1100,3113000,09:21:57
2831,100,283100,09:21:57
2831,100,283100,09:21:56
2832,700,1982400,09:21:53
2831,100,283100,09:21:52
2831,100,283100,09:21:52
2831,100,283100,09:21:52
2831,200,566200,09:21:51
2831,100,283100,09:21:51
2832,100,283200,09:21:51
2832,300,849600,09:21:51
2833,200,566600,09:21:51
2833,100,283300,09:21:51
2832,1200,3398400,09:21:50
2833,200,566600,09:21:50
2833,400,1133200,09:21:47
2834,300,850200,09:21:46
2833,300,849900,09:21:46
2834,500,1417000,09:21:46
2835,1700,4819500,09:21:46
2836,800,2268800,09:21:46
2838,100,283800,09:21:46
2837,400,1134800,09:21:46
2838,100,283800,09:21:44
2835,400,1134000,09:21:43
2837,100,283700,09:21:43
2837,100,283700,09:21:43
2837,100,283700,09:21:43
2836,100,283600,09:21:39
2836,100,283600,09:21:39
2836,200,567200,09:21:39
2835,100,283500,09:21:39
2836,100,283600,09:21:39
2835,100,283500,09:21:39
2835,100,283500,09:21:37
2835,100,283500,09:21:37
2835,400,1134000,09:21:37
2835,300,850500,09:21:37
2834,100,283400,09:21:34
2834,200,566800,09:21:34
2834,100,283400,09:21:34
2836,100,283600,09:21:32
2834,100,283400,09:21:30
2832,100,283200,09:21:30
2833,200,566600,09:21:28
2832,500,1416000,09:21:20
2832,100,283200,09:21:16
2833,100,283300,09:21:16
2834,100,283400,09:21:16
2835,200,567000,09:21:16
2836,900,2552400,09:21:15
2836,100,283600,09:21:14
2836,100,283600,09:21:14
2836,500,1418000,09:21:13
2837,100,283700,09:21:13
2837,100,283700,09:21:13
2836,100,283600,09:21:08
2835,100,283500,09:21:06
2836,100,283600,09:21:06
2838,600,1702800,09:21:06
2838,500,1419000,09:21:06
2838,900,2554200,09:21:06
2835,300,850500,09:21:06
2836,400,1134400,09:21:06
2835,100,283500,09:21:05
2837,100,283700,09:21:02
2838,200,567600,09:21:02
2838,300,851400,09:21:02
2837,100,283700,09:21:01
2837,100,283700,09:21:01
2837,200,567400,09:21:01
2836,500,1418000,09:21:01
2836,100,283600,09:21:01
2835,300,850500,09:21:01
2834,300,850200,09:21:01
2833,100,283300,09:21:01
2833,200,566600,09:21:01
2832,400,1132800,09:20:59
2833,100,283300,09:20:55
2832,100,283200,09:20:54
2832,100,283200,09:20:53
2832,100,283200,09:20:51
2833,100,283300,09:20:51
2833,300,849900,09:20:51
2832,100,283200,09:20:49
2832,300,849600,09:20:41
2834,100,283400,09:20:41
2835,100,283500,09:20:41
2834,100,283400,09:20:40
2835,100,283500,09:20:40
2835,100,283500,09:20:40
2834,300,850200,09:20:40
2835,100,283500,09:20:39
2834,100,283400,09:20:38
2834,200,566800,09:20:32
2836,500,1418000,09:20:31
2838,1000,2838000,09:20:30
2835,100,283500,09:20:30
2836,300,850800,09:20:28
2835,200,567000,09:20:28
2835,500,1417500,09:20:26
2834,100,283400,09:20:26
2834,500,1417000,09:20:26
2833,100,283300,09:20:26
2831,200,566200,09:20:26
2834,300,850200,09:20:22
2833,700,1983100,09:20:22
2831,400,1132400,09:20:22
2831,100,283100,09:20:20
2831,600,1698600,09:20:20
2831,400,1132400,09:20:20
2832,2700,7646400,09:20:20
2833,100,283300,09:20:20
2833,100,283300,09:20:20
2833,100,283300,09:20:20
2831,100,283100,09:20:19
2832,100,283200,09:20:18
2832,300,849600,09:20:18
2831,800,2264800,09:20:18
2830,100,283000,09:20:17
2829,100,282900,09:20:16
2829,100,282900,09:20:14
2829,100,282900,09:20:14
2831,100,283100,09:20:12
2830,100,283000,09:20:12
2829,100,282900,09:20:12
2830,200,566000,09:20:12
2831,100,283100,09:20:12
2831,500,1415500,09:20:08
2831,100,283100,09:20:07
2829,200,565800,09:20:05
2828,200,565600,09:20:05
2829,200,565800,09:20:04
2830,100,283000,09:20:04
2829,200,565800,09:20:04
2830,800,2264000,09:20:03
2830,300,849000,09:20:03
2830,1000,2830000,09:20:03
2831,100,283100,09:20:03
2833,4100,11615300,09:20:03
2833,800,2266400,09:20:03
2833,200,566600,09:20:03
2834,100,283400,09:20:02
2834,200,566800,09:20:02
2834,200,566800,09:20:02
2834,100,283400,09:20:02
2835,600,1701000,09:20:02
2835,600,1701000,09:20:02
2836,1300,3686800,09:20:02
2837,100,283700,09:20:01
2837,200,567400,09:20:01
2840,100,284000,09:20:00
2839,400,1135600,09:20:00
2838,100,283800,09:20:00
2838,200,567600,09:19:57
2838,100,283800,09:19:57
2839,1400,3974600,09:19:56
2837,200,567400,09:19:55
2837,200,567400,09:19:53
2838,800,2270400,09:19:50
2838,100,283800,09:19:50
2838,100,283800,09:19:50
2838,100,283800,09:19:50
2838,100,283800,09:19:50
2838,100,283800,09:19:50
2839,100,283900,09:19:50
2838,200,567600,09:19:50
2837,100,283700,09:19:46
2837,200,567400,09:19:46
2839,600,1703400,09:19:44
2841,100,284100,09:19:42
2841,100,284100,09:19:42
2841,100,284100,09:19:42
2841,100,284100,09:19:42
2841,100,284100,09:19:42
2841,100,284100,09:19:42
2842,300,852600,09:19:42
2842,300,852600,09:19:42
2842,300,852600,09:19:42
2842,300,852600,09:19:42
2842,100,284200,09:19:42
2841,500,1420500,09:19:42
2840,1300,3692000,09:19:42
2838,300,851400,09:19:42
2838,200,567600,09:19:38
2838,200,567600,09:19:38
2837,200,567400,09:19:36
2838,700,1986600,09:19:34
2839,100,283900,09:19:33
2838,200,567600,09:19:30
2837,100,283700,09:19:27
2836,100,283600,09:19:27
2838,100,283800,09:19:25
2838,100,283800,09:19:25
2838,100,283800,09:19:25
2838,200,567600,09:19:25
2838,200,567600,09:19:25
2838,100,283800,09:19:25
2838,100,283800,09:19:25
2837,100,283700,09:19:25
2837,300,851100,09:19:25
2836,200,567200,09:19:23
2835,100,283500,09:19:22
2835,100,283500,09:19:22
2835,100,283500,09:19:22
2835,100,283500,09:19:22
2834,200,566800,09:19:21
2835,100,283500,09:19:21
2835,300,850500,09:19:21
2833,100,283300,09:19:21
2834,200,566800,09:19:20
2834,500,1417000,09:19:20
2834,100,283400,09:19:20
2835,100,283500,09:19:17
2835,500,1417500,09:19:15
2836,100,283600,09:19:15
2835,100,283500,09:19:15
2836,200,567200,09:19:14
2836,100,283600,09:19:14
2837,500,1418500,09:19:14
2838,2600,7378800,09:19:14
2840,300,852000,09:19:14
2840,600,1704000,09:19:12
2841,200,568200,09:19:09
2841,200,568200,09:19:09
2840,100,284000,09:19:09
2841,200,568200,09:19:08
2841,100,284100,09:19:08
2839,800,2271200,09:19:05
2840,100,284000,09:19:05
2841,100,284100,09:19:04
2842,600,1705200,09:19:04
2842,100,284200,09:19:01
2841,300,852300,09:19:01
2840,300,852000,09:19:01
2842,100,284200,09:19:00
2841,700,1988700,09:19:00
2843,100,284300,09:18:59
2842,100,284200,09:18:59
2842,300,852600,09:18:59
2841,600,1704600,09:18:59
2840,300,852000,09:18:59
2839,100,283900,09:18:59
2839,700,1987300,09:18:59
2838,300,851400,09:18:59
2838,400,1135200,09:18:59
2838,200,567600,09:18:59
2838,200,567600,09:18:59
2838,200,567600,09:18:59
2838,200,567600,09:18:59
2838,200,567600,09:18:59
2838,300,851400,09:18:59
2838,100,283800,09:18:59
2837,200,567400,09:18:57
2837,100,283700,09:18:57
2839,300,851700,09:18:55
2839,100,283900,09:18:55
2838,100,283800,09:18:54
2838,100,283800,09:18:54
2838,100,283800,09:18:53
2837,100,283700,09:18:51
2839,500,1419500,09:18:51
2840,6100,17324000,09:18:51
2840,400,1136000,09:18:51
2841,800,2272800,09:18:51
2842,500,1421000,09:18:51
2844,100,284400,09:18:50
2843,300,852900,09:18:50
2841,600,1704600,09:18:50
2842,200,568400,09:18:50
2843,300,852900,09:18:50
2844,100,284400,09:18:50
2845,400,1138000,09:18:50
2846,300,853800,09:18:50
2847,200,569400,09:18:50
2848,100,284800,09:18:50
2847,100,284700,09:18:50
2846,200,569200,09:18:49
2847,100,284700,09:18:49
2847,100,284700,09:18:49
2846,100,284600,09:18:49
2846,100,284600,09:18:49
2845,1700,4836500,09:18:49
2844,400,1137600,09:18:49
2843,300,852900,09:18:46
2843,100,284300,09:18:45
2842,100,284200,09:18:44
2842,200,568400,09:18:44
2841,100,284100,09:18:44
2841,100,284100,09:18:43
2841,100,284100,09:18:43
2840,100,284000,09:18:42
2841,400,1136400,09:18:39
2840,100,284000,09:18:39
2842,100,284200,09:18:38
2841,200,568200,09:18:38
2840,100,284000,09:18:37
2841,100,284100,09:18:36
2841,200,568200,09:18:36
2840,200,568000,09:18:36
2839,100,283900,09:18:35
2839,200,567800,09:18:35
2839,200,567800,09:18:35
2839,300,851700,09:18:35
2838,200,567600,09:18:34
2837,100,283700,09:18:34
2836,400,1134400,09:18:34
2836,900,2552400,09:18:32
2836,100,283600,09:18:32
2836,100,283600,09:18:32
2836,100,283600,09:18:32
2836,2700,7657200,09:18:32
2835,100,283500,09:18:32
2834,400,1133600,09:18:32
2833,200,566600,09:18:31
2833,100,283300,09:18:30
2834,100,283400,09:18:28
2833,600,1699800,09:18:28
2835,400,1134000,09:18:27
2836,300,850800,09:18:27
2833,100,283300,09:18:26
2834,100,283400,09:18:25
2835,100,283500,09:18:25
2833,200,566600,09:18:25
2834,200,566800,09:18:25
2834,300,850200,09:18:24
2835,100,283500,09:18:24
2835,100,283500,09:18:24
2836,200,567200,09:18:23
2835,200,567000,09:18:23
2834,100,283400,09:18:23
2835,200,567000,09:18:23
2835,100,283500,09:18:23
2836,200,567200,09:18:22
2836,100,283600,09:18:20
2837,300,851100,09:18:20
2836,100,283600,09:18:20
2837,100,283700,09:18:19
2837,100,283700,09:18:19
2840,200,568000,09:18:19
2839,1400,3974600,09:18:19
2838,1000,2838000,09:18:19
2837,300,851100,09:18:19
2837,100,283700,09:18:19
2837,100,283700,09:18:19
2837,600,1702200,09:18:19
2837,100,283700,09:18:19
2836,100,283600,09:18:18
2837,600,1702200,09:18:15
2836,100,283600,09:18:15
2838,200,567600,09:18:14
2839,100,283900,09:18:14
2839,500,1419500,09:18:14
2837,100,283700,09:18:13
2838,100,283800,09:18:11
2838,100,283800,09:18:11
2838,100,283800,09:18:11
2839,100,283900,09:18:11
2839,200,567800,09:18:09
2839,100,283900,09:18:08
2840,100,284000,09:18:07
2839,200,567800,09:18:07
2838,100,283800,09:18:06
2838,100,283800,09:18:05
2839,100,283900,09:18:05
2836,100,283600,09:18:05
2837,100,283700,09:18:05
2837,100,283700,09:18:04
2838,100,283800,09:18:04
2839,100,283900,09:18:03
2839,200,567800,09:18:03
2839,100,283900,09:18:03
2839,100,283900,09:18:03
2842,100,284200,09:18:02
2841,100,284100,09:18:02
2841,100,284100,09:18:02
2841,100,284100,09:18:02
2841,300,852300,09:18:02
2841,100,284100,09:18:02
2842,200,568400,09:18:00
2843,300,852900,09:18:00
2841,300,852300,09:17:59
2843,100,284300,09:17:59
2844,200,568800,09:17:59
2845,300,853500,09:17:59
2846,500,1423000,09:17:59
2846,600,1707600,09:17:58
2845,200,569000,09:17:58
2844,200,568800,09:17:58
2845,300,853500,09:17:57
2846,300,853800,09:17:57
2847,200,569400,09:17:57
2847,400,1138800,09:17:56
2846,400,1138400,09:17:56
2844,600,1706400,09:17:55
2843,100,284300,09:17:55
2842,100,284200,09:17:53
2843,200,568600,09:17:53
2843,100,284300,09:17:53
2841,300,852300,09:17:53
2842,100,284200,09:17:53
2842,200,568400,09:17:53
2841,500,1420500,09:17:53
2842,200,568400,09:17:53
2844,100,284400,09:17:51
2843,200,568600,09:17:51
2844,800,2275200,09:17:51
2845,900,2560500,09:17:51
2846,100,284600,09:17:51
2846,100,284600,09:17:51
2846,700,1992200,09:17:51
2845,500,1422500,09:17:51
2845,300,853500,09:17:51
2844,900,2559600,09:17:51
2842,100,284200,09:17:51
2843,100,284300,09:17:51
2843,100,284300,09:17:50
2843,100,284300,09:17:50
2843,300,852900,09:17:50
2843,100,284300,09:17:50
2843,100,284300,09:17:50
2843,100,284300,09:17:49
2842,200,568400,09:17:49
2842,100,284200,09:17:49
2842,100,284200,09:17:49
2841,400,1136400,09:17:48
2841,100,284100,09:17:48
2840,200,568000,09:17:48
2841,200,568200,09:17:48
2842,200,568400,09:17:48
2843,100,284300,09:17:48
2844,300,853200,09:17:48
2846,100,284600,09:17:48
2845,100,284500,09:17:48
2844,200,568800,09:17:48
2844,100,284400,09:17:48
2845,100,284500,09:17:48
2846,100,284600,09:17:48
2845,800,2276000,09:17:48
2845,300,853500,09:17:48
2845,400,1138000,09:17:48
2845,400,1138000,09:17:48
2845,700,1991500,09:17:48
2845,700,1991500,09:17:48
2845,100,284500,09:17:48
2845,100,284500,09:17:48
2844,2800,7963200,09:17:48
2843,200,568600,09:17:48
2842,300,852600,09:17:48
2841,200,568200,09:17:48
2840,1500,4260000,09:17:48
2839,500,1419500,09:17:48
2839,100,283900,09:17:47
2838,500,1419000,09:17:46
2838,200,567600,09:17:46
2837,100,283700,09:17:46
2836,100,283600,09:17:46
2838,900,2554200,09:17:46
2837,100,283700,09:17:46
2835,300,850500,09:17:46
2836,100,283600,09:17:46
2836,100,283600,09:17:46
2836,100,283600,09:17:46
2835,100,283500,09:17:46
2836,100,283600,09:17:46
2835,100,283500,09:17:46
2837,200,567400,09:17:46
2836,100,283600,09:17:46
2835,200,567000,09:17:46
2835,200,567000,09:17:46
2836,100,283600,09:17:46
2835,1000,2835000,09:17:46
2835,100,283500,09:17:46
2835,100,283500,09:17:46
2837,300,851100,09:17:46
2837,200,567400,09:17:46
2836,100,283600,09:17:46
2836,600,1701600,09:17:46
2835,600,1701000,09:17:46
2834,2700,7651800,09:17:46
2833,500,1416500,09:17:46
2832,100,283200,09:17:46
2831,1500,4246500,09:17:46
2830,1100,3113000,09:17:46
2829,1100,3111900,09:17:46
2828,100,282800,09:17:46
2827,900,2544300,09:17:46
2826,100,282600,09:17:46
2826,200,565200,09:17:45
2825,200,565000,09:17:45
2824,100,282400,09:17:45
2824,100,282400,09:17:45
2822,200,564400,09:17:45
2823,100,282300,09:17:45
2823,100,282300,09:17:44
2823,100,282300,09:17:43
2822,500,1411000,09:17:43
2822,300,846600,09:17:42
2820,100,282000,09:17:42
2820,100,282000,09:17:41
2819,100,281900,09:17:41
2818,200,563600,09:17:41
2818,100,281800,09:17:40
2817,200,563400,09:17:40
2816,400,1126400,09:17:39
2816,200,563200,09:17:39
2815,1100,3096500,09:17:39
2816,200,563200,09:17:37
2815,900,2533500,09:17:35
2816,100,281600,09:17:35
2816,100,281600,09:17:35
2816,100,281600,09:17:35
2816,100,281600,09:17:35
2816,100,281600,09:17:35
2817,100,281700,09:17:33
2817,400,1126800,09:17:33
2817,300,845100,09:17:33
2819,100,281900,09:17:30
2818,100,281800,09:17:30
2819,100,281900,09:17:28
2818,300,845400,09:17:27
2818,400,1127200,09:17:27
2818,200,563600,09:17:27
2820,100,282000,09:17:27
2819,100,281900,09:17:26
2817,100,281700,09:17:24
2818,200,563600,09:17:24
2818,100,281800,09:17:23
2818,100,281800,09:17:23
2818,100,281800,09:17:23
2819,1300,3664700,09:17:23
2819,100,281900,09:17:23
2819,100,281900,09:17:23
2819,100,281900,09:17:23
2820,1700,4794000,09:17:23
2820,100,282000,09:17:23
2820,100,282000,09:17:23
2821,100,282100,09:17:23
2821,100,282100,09:17:22
2822,200,564400,09:17:22
2822,200,564400,09:17:22
2822,200,564400,09:17:22
2823,500,1411500,09:17:22
2824,100,282400,09:17:22
2826,200,565200,09:17:19
2825,100,282500,09:17:19
2825,200,565000,09:17:16
2826,100,282600,09:17:16
2826,300,847800,09:17:16
2825,100,282500,09:17:14
2825,100,282500,09:17:14
2826,100,282600,09:17:11
2825,300,847500,09:17:11
2825,100,282500,09:17:09
2825,100,282500,09:17:08
2826,200,565200,09:17:07
2825,100,282500,09:17:01
2824,100,282400,09:17:00
2825,100,282500,09:17:00
2825,300,847500,09:17:00
2826,300,847800,09:17:00
2827,100,282700,09:16:59
2826,200,565200,09:16:56
2827,100,282700,09:16:50
2829,300,848700,09:16:49
2830,100,283000,09:16:49
2830,400,1132000,09:16:49
2829,700,1980300,09:16:49
2828,800,2262400,09:16:49
2827,400,1130800,09:16:49
2828,100,282800,09:16:49
2827,100,282700,09:16:48
2827,200,565400,09:16:48
2826,100,282600,09:16:48
2827,300,848100,09:16:48
2826,200,565200,09:16:48
2825,100,282500,09:16:48
2825,100,282500,09:16:48
2825,200,565000,09:16:48
2825,200,565000,09:16:46
2826,100,282600,09:16:45
2825,100,282500,09:16:40
2824,100,282400,09:16:39
2824,100,282400,09:16:38
2824,100,282400,09:16:38
2824,400,1129600,09:16:38
2824,200,564800,09:16:36
2824,100,282400,09:16:36
2824,100,282400,09:16:36
2824,100,282400,09:16:36
2824,400,1129600,09:16:36
2823,200,564600,09:16:34
2822,1700,4797400,09:16:34
2822,300,846600,09:16:32
2823,100,282300,09:16:32
2822,100,282200,09:16:28
2822,200,564400,09:16:27
2823,300,846900,09:16:25
2821,100,282100,09:16:25
2822,100,282200,09:16:23
2822,100,282200,09:16:23
2824,300,847200,09:16:23
2822,200,564400,09:16:22
2822,400,1128800,09:16:22
2823,100,282300,09:16:22
2824,200,564800,09:16:22
2824,100,282400,09:16:22
2825,800,2260000,09:16:22
2825,500,1412500,09:16:22
2826,100,282600,09:16:21
2826,100,282600,09:16:21
2827,100,282700,09:16:16
2828,200,565600,09:16:14
2828,300,848400,09:16:13
2827,600,1696200,09:16:13
2827,1000,2827000,09:16:13
2828,100,282800,09:16:10
2828,200,565600,09:16:09
2829,100,282900,09:16:09
2830,400,1132000,09:16:08
2829,100,282900,09:16:08
2829,100,282900,09:16:08
2829,100,282900,09:16:07
2829,100,282900,09:16:07
2829,100,282900,09:16:05
2828,100,282800,09:16:04
2829,100,282900,09:16:03
2829,100,282900,09:16:03
2829,100,282900,09:16:03
2828,100,282800,09:16:03
2828,100,282800,09:16:02
2828,100,282800,09:16:02
2828,100,282800,09:16:02
2829,300,848700,09:16:02
2828,100,282800,09:16:02
2827,300,848100,09:16:02
2827,100,282700,09:16:02
2827,300,848100,09:16:00
2827,300,848100,09:15:57
2828,900,2545200,09:15:57
2829,200,565800,09:15:56
2830,100,283000,09:15:56
2831,300,849300,09:15:56
2829,300,848700,09:15:56
2830,100,283000,09:15:56
2830,100,283000,09:15:56
2831,700,1981700,09:15:55
2831,100,283100,09:15:55
2831,100,283100,09:15:55
2831,100,283100,09:15:55
2831,100,283100,09:15:55
2830,100,283000,09:15:55
2829,100,282900,09:15:53
2828,100,282800,09:15:52
2828,200,565600,09:15:51
2828,200,565600,09:15:51
2829,100,282900,09:15:50
2826,100,282600,09:15:49
2825,100,282500,09:15:49
2825,400,1130000,09:15:49
2827,100,282700,09:15:49
2828,100,282800,09:15:48
2829,100,282900,09:15:47
2829,200,565800,09:15:46
2832,2400,6796800,09:15:46
2831,800,2264800,09:15:46
2830,600,1698000,09:15:46
2829,200,565800,09:15:46
2828,100,282800,09:15:46
2828,300,848400,09:15:46
2828,100,282800,09:15:46
2829,100,282900,09:15:46
2829,100,282900,09:15:46
2829,100,282900,09:15:46
2827,100,282700,09:15:46
2828,300,848400,09:15:46
2828,100,282800,09:15:44
2830,400,1132000,09:15:42
2831,100,283100,09:15:41
2832,200,566400,09:15:41
2832,300,849600,09:15:41
2831,100,283100,09:15:40
2831,100,283100,09:15:40
2831,100,283100,09:15:40
2830,1200,3396000,09:15:40
2829,400,1131600,09:15:40
2828,300,848400,09:15:40
2827,100,282700,09:15:40
2828,100,282800,09:15:40
2828,100,282800,09:15:40
2828,100,282800,09:15:40
2828,200,565600,09:15:40
2827,200,565400,09:15:40
2827,100,282700,09:15:40
2826,200,565200,09:15:40
2826,100,282600,09:15:40
2825,300,847500,09:15:39
2825,100,282500,09:15:39
2825,300,847500,09:15:39
2825,100,282500,09:15:39
2825,100,282500,09:15:39
2825,100,282500,09:15:39
2825,100,282500,09:15:39
2824,300,847200,09:15:39
2823,400,1129200,09:15:39
2822,200,564400,09:15:39
2822,300,846600,09:15:39
2821,100,282100,09:15:39
2822,100,282200,09:15:36
2821,400,1128400,09:15:36
2820,100,282000,09:15:36
2819,100,281900,09:15:35
2819,100,281900,09:15:35
2819,100,281900,09:15:35
2819,100,281900,09:15:34
2818,200,563600,09:15:32
2818,100,281800,09:15:32
2819,400,1127600,09:15:30
2820,100,282000,09:15:29
2820,100,282000,09:15:28
2820,400,1128000,09:15:28
2822,100,282200,09:15:27
2820,100,282000,09:15:26
2820,300,846000,09:15:26
2821,600,1692600,09:15:26
2822,100,282200,09:15:25
2822,100,282200,09:15:25
2821,100,282100,09:15:24
2818,300,845400,09:15:23
2819,100,281900,09:15:23
2819,100,281900,09:15:23
2819,100,281900,09:15:23
2820,100,282000,09:15:23
2819,100,281900,09:15:23
2820,400,1128000,09:15:23
2819,1200,3382800,09:15:23
2819,100,281900,09:15:23
2819,500,1409500,09:15:19
2818,500,1409000,09:15:19
2817,100,281700,09:15:19
2817,200,563400,09:15:18
2818,100,281800,09:15:18
2819,300,845700,09:15:18
2820,400,1128000,09:15:18
2821,100,282100,09:15:17
2820,600,1692000,09:15:16
2820,100,282000,09:15:14
2819,500,1409500,09:15:14
2820,1200,3384000,09:15:14
2819,200,563800,09:15:13
2818,200,563600,09:15:13
2818,100,281800,09:15:13
2818,200,563600,09:15:13
2819,300,845700,09:15:11
2816,100,281600,09:15:10
2817,200,563400,09:15:09
2818,700,1972600,09:15:08
2819,300,845700,09:15:08
2819,400,1127600,09:15:08
2820,700,1974000,09:15:08
2820,100,282000,09:15:08
2819,400,1127600,09:15:08
2818,400,1127200,09:15:08
2819,100,281900,09:15:08
2819,500,1409500,09:15:08
2820,300,846000,09:15:08
2821,300,846300,09:15:08
2821,200,564200,09:15:08
2822,100,282200,09:15:08
2821,100,282100,09:15:06
2820,900,2538000,09:15:06
2819,100,281900,09:15:06
2818,300,845400,09:15:06
2819,300,845700,09:15:06
2820,400,1128000,09:15:06
2821,700,1974700,09:15:06
2822,100,282200,09:15:05
2822,200,564400,09:15:05
2820,100,282000,09:15:05
2820,100,282000,09:15:05
2820,100,282000,09:15:05
2821,900,2538900,09:15:05
2820,100,282000,09:15:05
2820,1700,4794000,09:15:05
2821,400,1128400,09:15:05
2821,100,282100,09:15:05
2820,1500,4230000,09:15:05
2819,600,1691400,09:15:05
2819,600,1691400,09:15:05
2818,600,1690800,09:15:05
2817,300,845100,09:15:05
2816,100,281600,09:15:05
2815,300,844500,09:15:05
2815,100,281500,09:15:05
2816,200,563200,09:15:05
2815,1800,5067000,09:15:05
2814,600,1688400,09:15:05
2813,200,562600,09:15:05
2813,100,281300,09:15:04
2812,100,281200,09:15:03
2813,200,562600,09:15:03
2813,300,843900,09:15:03
2813,100,281300,09:15:00
2814,100,281400,09:15:00
2813,100,281300,09:15:00
2813,100,281300,09:14:58
2813,100,281300,09:14:58
2813,100,281300,09:14:58
2813,100,281300,09:14:58
2814,100,281400,09:14:58
2813,300,843900,09:14:58
2811,100,281100,09:14:54
2814,100,281400,09:14:54
2813,100,281300,09:14:53
2813,400,1125200,09:14:53
2811,100,281100,09:14:51
2812,300,843600,09:14:51
2811,400,1124400,09:14:51
2811,100,281100,09:14:51
2811,100,281100,09:14:51
2812,1400,3936800,09:14:51
2812,100,281200,09:14:51
2812,100,281200,09:14:51
2814,400,1125600,09:14:49
2813,500,1406500,09:14:48
2813,300,843900,09:14:48
2816,500,1408000,09:14:47
2815,400,1126000,09:14:47
2814,300,844200,09:14:46
2815,100,281500,09:14:44
2814,100,281400,09:14:43
2814,100,281400,09:14:41
2815,400,1126000,09:14:41
2814,200,562800,09:14:39
2812,100,281200,09:14:37
2814,100,281400,09:14:36
2812,700,1968400,09:14:35
2813,200,562600,09:14:35
2813,100,281300,09:14:35
2813,100,281300,09:14:35
2815,300,844500,09:14:35
2815,700,1970500,09:14:35
2814,200,562800,09:14:33
2814,100,281400,09:14:32
2813,300,843900,09:14:32
2811,100,281100,09:14:30
2812,100,281200,09:14:30
2813,100,281300,09:14:29
2813,600,1687800,09:14:29
2812,300,843600,09:14:29
2813,100,281300,09:14:29
2813,100,281300,09:14:29
2813,100,281300,09:14:29
2814,300,844200,09:14:29
2816,100,281600,09:14:29
2815,300,844500,09:14:29
2815,500,1407500,09:14:27
2813,100,281300,09:14:27
2815,100,281500,09:14:27
2813,100,281300,09:14:27
2813,400,1125200,09:14:27
2812,200,562400,09:14:27
2810,2200,6182000,09:14:27
2809,800,2247200,09:14:27
2808,300,842400,09:14:27
2809,300,842700,09:14:27
2810,100,281000,09:14:27
2810,100,281000,09:14:27
2809,100,280900,09:14:26
2809,200,561800,09:14:25
2808,100,280800,09:14:25
2809,300,842700,09:14:25
2809,400,1123600,09:14:24
2809,100,280900,09:14:24
2809,100,280900,09:14:24
2808,100,280800,09:14:24
2808,100,280800,09:14:24
2808,100,280800,09:14:24
2808,100,280800,09:14:22
2808,200,561600,09:14:22
2808,400,1123200,09:14:21
2807,600,1684200,09:14:21
2805,200,561000,09:14:21
2805,100,280500,09:14:21
2803,800,2242400,09:14:21
2800,1400,3920000,09:14:21
2801,1100,3081100,09:14:21
2802,800,2241600,09:14:21
2803,100,280300,09:14:21
2805,200,561000,09:14:21
2803,1500,4204500,09:14:21
2805,300,841500,09:14:20
2805,100,280500,09:14:20
2804,100,280400,09:14:19
2806,100,280600,09:14:19
2805,200,561000,09:14:18
2805,300,841500,09:14:18
2805,200,561000,09:14:18
2806,300,841800,09:14:18
2807,100,280700,09:14:18
2807,100,280700,09:14:18
2807,100,280700,09:14:18
2809,300,842700,09:14:18
2808,400,1123200,09:14:18
2806,300,841800,09:14:18
2806,700,1964200,09:14:17
2807,300,842100,09:14:17
2808,100,280800,09:14:17
2806,100,280600,09:14:16
2807,200,561400,09:14:15
2808,200,561600,09:14:15
2808,200,561600,09:14:14
2807,600,1684200,09:14:14
2805,100,280500,09:14:14
2805,100,280500,09:14:14
2805,100,280500,09:14:13
2805,900,2524500,09:14:13
2804,100,280400,09:14:13
2804,100,280400,09:14:13
2802,100,280200,09:14:13
2803,100,280300,09:14:12
2803,300,840900,09:14:12
2803,400,1121200,09:14:12
2804,500,1402000,09:14:12
2803,100,280300,09:14:12
2803,1000,2803000,09:14:12
2801,500,1400500,09:14:12
2802,100,280200,09:14:12
2802,100,280200,09:14:11
2802,100,280200,09:14:11
2802,100,280200,09:14:11
2802,200,560400,09:14:10
2802,100,280200,09:14:10
2803,100,280300,09:14:10
2803,200,560600,09:14:10
2803,100,280300,09:14:10
2803,200,560600,09:14:10
2802,500,1401000,09:14:10
2800,100,280000,09:14:10
2800,300,840000,09:14:09
2802,100,280200,09:14:09
2804,100,280400,09:14:07
2803,300,840900,09:14:07
2803,200,560600,09:14:07
2803,200,560600,09:14:07
2804,100,280400,09:14:07
2805,100,280500,09:14:07
2805,200,561000,09:14:07
2806,200,561200,09:14:06
2805,400,1122000,09:14:06
2804,200,560800,09:14:06
2803,100,280300,09:14:06
2803,100,280300,09:14:06
2804,100,280400,09:14:06
2803,100,280300,09:14:06
2803,100,280300,09:14:06
2803,100,280300,09:14:06
2804,800,2243200,09:14:06
2803,300,840900,09:14:06
2800,200,560000,09:14:06
2801,200,560200,09:14:06
2802,100,280200,09:14:06
2801,100,280100,09:14:06
2800,100,280000,09:14:06
2802,100,280200,09:14:06
2801,1000,2801000,09:14:06
2801,100,280100,09:14:06
2801,1100,3081100,09:14:06
2801,1400,3921400,09:14:06
2802,700,1961400,09:14:06
2803,2300,6446900,09:14:06
2803,100,280300,09:14:06
2804,200,560800,09:14:06
2804,100,280400,09:14:05
2805,200,561000,09:14:05
2805,200,561000,09:14:05
2805,200,561000,09:14:05
2805,100,280500,09:14:05
2805,1300,3646500,09:14:05
2805,100,280500,09:14:05
2805,200,561000,09:14:05
2806,200,561200,09:14:05
2805,200,561000,09:14:04
2806,100,280600,09:14:04
2807,600,1684200,09:14:04
2807,100,280700,09:14:04
2807,200,561400,09:14:04
2808,1500,4212000,09:14:04
2809,400,1123600,09:14:04
2809,100,280900,09:14:04
2810,2000,5620000,09:14:04
2812,100,281200,09:14:02
2811,200,562200,09:14:02
2810,100,281000,09:14:02
2811,100,281100,09:14:02
2811,100,281100,09:14:02
2810,100,281000,09:14:02
2810,100,281000,09:14:02
2811,1300,3654300,09:14:02
2811,3900,10962900,09:14:02
2811,200,562200,09:14:02
2811,100,281100,09:14:02
2811,100,281100,09:14:02
2812,100,281200,09:14:02
2812,100,281200,09:14:02
2812,1000,2812000,09:14:02
2813,200,562600,09:14:02
2812,100,281200,09:14:02
2812,100,281200,09:14:02
2813,1800,5063400,09:14:02
2814,200,562800,09:14:02
2815,1400,3941000,09:14:02
2816,200,563200,09:14:02
2818,100,281800,09:14:01
2819,100,281900,09:14:00
2818,100,281800,09:14:00
2819,100,281900,09:13:59
2819,200,563800,09:13:58
2819,500,1409500,09:13:58
2818,600,1690800,09:13:58
2817,300,845100,09:13:58
2816,300,844800,09:13:57
2817,300,845100,09:13:57
2816,800,2252800,09:13:56
2817,500,1408500,09:13:56
2818,200,563600,09:13:56
2819,100,281900,09:13:56
2819,100,281900,09:13:53
2819,100,281900,09:13:53
2819,100,281900,09:13:53
2819,100,281900,09:13:53
2819,100,281900,09:13:53
2817,100,281700,09:13:52
2818,100,281800,09:13:51
2818,100,281800,09:13:50
2819,100,281900,09:13:49
2820,100,282000,09:13:49
2820,100,282000,09:13:49
2818,100,281800,09:13:49
2820,100,282000,09:13:46
2821,100,282100,09:13:45
2821,100,282100,09:13:45
2820,300,846000,09:13:44
2821,500,1410500,09:13:43
2822,300,846600,09:13:42
2821,500,1410500,09:13:42
2822,500,1411000,09:13:42
2823,100,282300,09:13:42
2823,200,564600,09:13:42
2822,100,282200,09:13:42
2821,100,282100,09:13:42
2819,100,281900,09:13:42
2818,300,845400,09:13:41
2819,100,281900,09:13:41
2820,100,282000,09:13:41
2820,100,282000,09:13:39
2820,400,1128000,09:13:39
2819,100,281900,09:13:38
2819,100,281900,09:13:38
2819,100,281900,09:13:36
2818,100,281800,09:13:35
2818,100,281800,09:13:35
2818,100,281800,09:13:35
2818,100,281800,09:13:35
2818,100,281800,09:13:35
2817,300,845100,09:13:35
2818,100,281800,09:13:35
2818,100,281800,09:13:35
2817,100,281700,09:13:35
2818,100,281800,09:13:35
2816,200,563200,09:13:33
2819,300,845700,09:13:32
2817,100,281700,09:13:32
2818,400,1127200,09:13:32
2819,100,281900,09:13:31
2817,100,281700,09:13:31
2817,100,281700,09:13:31
2817,100,281700,09:13:31
2818,100,281800,09:13:31
2818,200,563600,09:13:31
2819,500,1409500,09:13:30
2820,2700,7614000,09:13:30
2821,800,2256800,09:13:29
2822,300,846600,09:13:29
2822,100,282200,09:13:25
2823,100,282300,09:13:24
2824,100,282400,09:13:24
2824,100,282400,09:13:24
2825,200,565000,09:13:23
2827,500,1413500,09:13:22
2825,100,282500,09:13:21
2826,100,282600,09:13:21
2827,100,282700,09:13:19
2825,100,282500,09:13:19
2826,200,565200,09:13:17
2825,400,1130000,09:13:16
2825,100,282500,09:13:16
2827,400,1130800,09:13:16
2826,100,282600,09:13:16
2825,100,282500,09:13:16
2825,700,1977500,09:13:16
2824,400,1129600,09:13:16
2823,100,282300,09:13:15
2823,100,282300,09:13:15
2823,100,282300,09:13:15
2823,100,282300,09:13:15
2823,100,282300,09:13:15
2823,100,282300,09:13:15
2822,200,564400,09:13:15
2821,100,282100,09:13:15
2821,100,282100,09:13:15
2823,100,282300,09:13:14
2822,100,282200,09:13:12
2822,100,282200,09:13:12
2822,200,564400,09:13:12
2822,400,1128800,09:13:12
2822,100,282200,09:13:12
2823,100,282300,09:13:10
2824,100,282400,09:13:09
2823,200,564600,09:13:08
2823,400,1129200,09:13:07
2824,100,282400,09:13:06
2823,100,282300,09:13:04
2824,800,2259200,09:13:04
2824,100,282400,09:13:03
2825,100,282500,09:13:02
2825,100,282500,09:13:01
2824,300,847200,09:13:00
2825,200,565000,09:13:00
2826,200,565200,09:12:59
2825,200,565000,09:12:58
2826,100,282600,09:12:58
2826,100,282600,09:12:58
2825,100,282500,09:12:56
2825,200,565000,09:12:55
2825,500,1412500,09:12:55
2824,100,282400,09:12:55
2823,700,1976100,09:12:55
2824,1000,2824000,09:12:54
2823,100,282300,09:12:54
2824,100,282400,09:12:54
2825,600,1695000,09:12:54
2827,100,282700,09:12:54
2827,100,282700,09:12:53
2827,100,282700,09:12:53
2826,100,282600,09:12:52
2827,300,848100,09:12:52
2827,100,282700,09:12:52
2826,100,282600,09:12:51
2827,100,282700,09:12:51
2825,100,282500,09:12:50
2825,100,282500,09:12:50
2826,100,282600,09:12:50
2826,300,847800,09:12:50
2826,100,282600,09:12:50
2826,200,565200,09:12:48
2826,200,565200,09:12:48
2827,300,848100,09:12:48
2828,800,2262400,09:12:47
2828,200,565600,09:12:47
2828,200,565600,09:12:47
2828,200,565600,09:12:47
2828,200,565600,09:12:47
2830,200,566000,09:12:46
2830,100,283000,09:12:46
2829,100,282900,09:12:46
2831,100,283100,09:12:46
2830,1200,3396000,09:12:46
2831,300,849300,09:12:45
2830,100,283000,09:12:45
2830,200,566000,09:12:45
2830,100,283000,09:12:45
2828,1700,4807600,09:12:45
2827,200,565400,09:12:45
2829,300,848700,09:12:44
2829,100,282900,09:12:44
2830,200,566000,09:12:44
2830,100,283000,09:12:43
2831,100,283100,09:12:43
2832,200,566400,09:12:43
2831,100,283100,09:12:43
2831,200,566200,09:12:43
2830,200,566000,09:12:43
2829,1100,3111900,09:12:43
2828,500,1414000,09:12:43
2828,500,1414000,09:12:43
2826,100,282600,09:12:43
2827,100,282700,09:12:43
2827,100,282700,09:12:43
2828,100,282800,09:12:42
2829,200,565800,09:12:42
2830,9600,27168000,09:12:42
2831,1400,3963400,09:12:42
2831,100,283100,09:12:42
2832,100,283200,09:12:40
2832,200,566400,09:12:40
2832,100,283200,09:12:40
2832,500,1416000,09:12:39
2833,200,566600,09:12:38
2835,100,283500,09:12:38
2833,600,1699800,09:12:38
2835,400,1134000,09:12:36
2833,100,283300,09:12:35
2836,500,1418000,09:12:35
2835,400,1134000,09:12:35
2834,200,566800,09:12:35
2835,200,567000,09:12:34
2833,400,1133200,09:12:34
2833,100,283300,09:12:33
2834,100,283400,09:12:33
2834,200,566800,09:12:33
2835,1600,4536000,09:12:33
2835,200,567000,09:12:33
2836,300,850800,09:12:33
2836,300,850800,09:12:33
2837,100,283700,09:12:33
2839,100,283900,09:12:31
2838,100,283800,09:12:31
2837,400,1134800,09:12:31
2837,100,283700,09:12:31
2838,500,1419000,09:12:31
2837,100,283700,09:12:31
2837,500,1418500,09:12:30
2838,100,283800,09:12:30
2838,100,283800,09:12:30
2839,500,1419500,09:12:30
2840,100,284000,09:12:30
2839,300,851700,09:12:30
2840,200,568000,09:12:30
2840,100,284000,09:12:30
2838,300,851400,09:12:30
2838,300,851400,09:12:29
2838,200,567600,09:12:29
2838,200,567600,09:12:29
2839,100,283900,09:12:29
2839,300,851700,09:12:29
2841,300,852300,09:12:29
2839,200,567800,09:12:29
2840,300,852000,09:12:29
2841,500,1420500,09:12:29
2841,100,284100,09:12:29
2841,500,1420500,09:12:29
2842,2000,5684000,09:12:29
2842,500,1421000,09:12:29
2843,200,568600,09:12:28
2843,200,568600,09:12:27
2843,100,284300,09:12:27
2844,100,284400,09:12:27
2844,100,284400,09:12:26
2844,100,284400,09:12:26
2843,200,568600,09:12:26
2844,500,1422000,09:12:26
2845,100,284500,09:12:24
2845,200,569000,09:12:24
2843,100,284300,09:12:22
2844,600,1706400,09:12:22
2844,400,1137600,09:12:21
2845,300,853500,09:12:21
2844,100,284400,09:12:21
2843,200,568600,09:12:20
2845,200,569000,09:12:20
2845,800,2276000,09:12:20
2844,200,568800,09:12:20
2844,400,1137600,09:12:20
2843,300,852900,09:12:19
2843,400,1137200,09:12:18
2845,300,853500,09:12:18
2844,100,284400,09:12:18
2844,400,1137600,09:12:18
2845,200,569000,09:12:18
2845,200,569000,09:12:17
2845,200,569000,09:12:16
2844,1000,2844000,09:12:15
2843,200,568600,09:12:15
2843,100,284300,09:12:15
2844,100,284400,09:12:15
2844,300,853200,09:12:15
2845,100,284500,09:12:15
2845,100,284500,09:12:15
2846,300,853800,09:12:15
2846,300,853800,09:12:15
2846,200,569200,09:12:15
2845,700,1991500,09:12:15
2844,100,284400,09:12:15
2843,200,568600,09:12:15
2843,100,284300,09:12:15
2843,100,284300,09:12:15
2844,200,568800,09:12:14
2844,100,284400,09:12:14
2844,100,284400,09:12:14
2843,100,284300,09:12:14
2843,100,284300,09:12:14
2844,100,284400,09:12:13
2844,100,284400,09:12:13
2844,100,284400,09:12:13
2845,800,2276000,09:12:13
2844,200,568800,09:12:13
2844,100,284400,09:12:13
2844,400,1137600,09:12:13
2843,100,284300,09:12:13
2844,700,1990800,09:12:12
2843,400,1137200,09:12:12
2842,200,568400,09:12:12
2841,100,284100,09:12:12
2841,300,852300,09:12:11
2841,200,568200,09:12:11
2841,300,852300,09:12:11
2840,200,568000,09:12:10
2841,400,1136400,09:12:10
2842,100,284200,09:12:10
2842,300,852600,09:12:10
2842,200,568400,09:12:10
2842,100,284200,09:12:10
2842,100,284200,09:12:10
2843,400,1137200,09:12:10
2842,100,284200,09:12:10
2841,900,2556900,09:12:10
2840,100,284000,09:12:10
2839,500,1419500,09:12:10
2838,100,283800,09:12:10
2839,100,283900,09:12:10
2839,100,283900,09:12:10
2840,600,1704000,09:12:10
2840,400,1136000,09:12:10
2839,100,283900,09:12:10
2837,400,1134800,09:12:10
2836,100,283600,09:12:10
2836,100,283600,09:12:10
2835,100,283500,09:12:10
2835,100,283500,09:12:10
2835,100,283500,09:12:09
2836,200,567200,09:12:09
2836,1300,3686800,09:12:09
2837,500,1418500,09:12:09
2839,300,851700,09:12:09
2840,100,284000,09:12:09
2839,100,283900,09:12:08
2840,200,568000,09:12:07
2839,100,283900,09:12:07
2840,900,2556000,09:12:07
2839,100,283900,09:12:07
2840,1000,2840000,09:12:07
2838,100,283800,09:12:07
2839,300,851700,09:12:07
2839,100,283900,09:12:07
2837,100,283700,09:12:07
2838,2500,7095000,09:12:07
2837,600,1702200,09:12:07
2836,600,1701600,09:12:07
2835,200,567000,09:12:07
2834,100,283400,09:12:07
2835,500,1417500,09:12:07
2836,100,283600,09:12:07
2836,100,283600,09:12:06
2836,100,283600,09:12:06
2834,1400,3967600,09:12:05
2835,1800,5103000,09:12:05
2836,500,1418000,09:12:05
2836,200,567200,09:12:04
2836,100,283600,09:12:03
2836,100,283600,09:12:03
2836,200,567200,09:12:00
2837,500,1418500,09:11:58
2837,200,567400,09:11:58
2834,100,283400,09:11:58
2835,800,2268000,09:11:58
2837,500,1418500,09:11:57
2838,200,567600,09:11:57
2838,200,567600,09:11:57
2838,200,567600,09:11:57
2837,100,283700,09:11:56
2837,200,567400,09:11:56
2836,200,567200,09:11:56
2836,200,567200,09:11:56
2835,200,567000,09:11:56
2834,300,850200,09:11:56
2834,300,850200,09:11:56
2833,100,283300,09:11:55
2833,400,1133200,09:11:55
2835,100,283500,09:11:54
2835,100,283500,09:11:54
2835,100,283500,09:11:54
2834,200,566800,09:11:54
2834,100,283400,09:11:53
2835,200,567000,09:11:53
2834,300,850200,09:11:51
2833,100,283300,09:11:51
2833,300,849900,09:11:51
2835,200,567000,09:11:50
2833,800,2266400,09:11:47
2832,100,283200,09:11:47
2833,100,283300,09:11:47
2833,100,283300,09:11:47
2832,400,1132800,09:11:47
2832,100,283200,09:11:47
2832,100,283200,09:11:47
2836,600,1701600,09:11:47
2835,300,850500,09:11:47
2834,200,566800,09:11:47
2833,200,566600,09:11:47
2833,200,566600,09:11:47
2834,200,566800,09:11:47
2834,200,566800,09:11:47
2834,200,566800,09:11:47
2835,100,283500,09:11:47
2835,100,283500,09:11:47
2834,200,566800,09:11:47
2834,100,283400,09:11:47
2833,1000,2833000,09:11:47
2835,400,1134000,09:11:47
2835,300,850500,09:11:47
2834,100,283400,09:11:47
2835,200,567000,09:11:47
2835,200,567000,09:11:47
2834,400,1133600,09:11:47
2833,100,283300,09:11:47
2833,100,283300,09:11:47
2833,100,283300,09:11:47
2833,200,566600,09:11:47
2833,100,283300,09:11:47
2832,100,283200,09:11:46
2832,100,283200,09:11:46
2832,100,283200,09:11:45
2833,400,1133200,09:11:45
2832,100,283200,09:11:45
2832,500,1416000,09:11:44
2830,100,283000,09:11:44
2832,100,283200,09:11:43
2829,100,282900,09:11:43
2830,300,849000,09:11:43
2830,900,2547000,09:11:43
2831,200,566200,09:11:43
2831,200,566200,09:11:42
2832,100,283200,09:11:42
2832,100,283200,09:11:42
2831,100,283100,09:11:42
2831,100,283100,09:11:41
2831,100,283100,09:11:40
2833,100,283300,09:11:39
2831,100,283100,09:11:38
2831,400,1132400,09:11:38
2832,100,283200,09:11:38
2833,100,283300,09:11:38
2835,300,850500,09:11:37
2834,200,566800,09:11:35
2834,500,1417000,09:11:35
2833,100,283300,09:11:35
2833,200,566600,09:11:35
2833,100,283300,09:11:35
2833,600,1699800,09:11:34
2832,100,283200,09:11:33
2833,100,283300,09:11:33
2833,100,283300,09:11:33
2834,1300,3684200,09:11:33
2835,100,283500,09:11:33
2835,100,283500,09:11:33
2836,200,567200,09:11:32
2835,100,283500,09:11:31
2835,600,1701000,09:11:31
2835,100,283500,09:11:30
2836,100,283600,09:11:29
2836,100,283600,09:11:29
2836,300,850800,09:11:28
2833,200,566600,09:11:28
2834,200,566800,09:11:28
2835,100,283500,09:11:28
2837,200,567400,09:11:27
2836,100,283600,09:11:27
2835,100,283500,09:11:27
2835,100,283500,09:11:26
2835,100,283500,09:11:26
2835,100,283500,09:11:24
2837,100,283700,09:11:24
2837,100,283700,09:11:24
2836,500,1418000,09:11:24
2838,400,1135200,09:11:24
2836,200,567200,09:11:24
2836,900,2552400,09:11:24
2835,200,567000,09:11:24
2834,100,283400,09:11:24
2834,1300,3684200,09:11:24
2835,600,1701000,09:11:24
2837,400,1134800,09:11:23
2838,300,851400,09:11:22
2836,200,567200,09:11:22
2837,300,851100,09:11:21
2836,100,283600,09:11:21
2837,1500,4255500,09:11:20
2837,100,283700,09:11:20
2837,100,283700,09:11:20
2838,200,567600,09:11:20
2838,200,567600,09:11:20
2836,100,283600,09:11:20
2836,100,283600,09:11:20
2837,300,851100,09:11:20
2837,100,283700,09:11:20
2835,600,1701000,09:11:20
2836,300,850800,09:11:20
2836,300,850800,09:11:19
2837,300,851100,09:11:19
2839,100,283900,09:11:19
2838,200,567600,09:11:19
2838,500,1419000,09:11:19
2837,100,283700,09:11:19
2836,100,283600,09:11:18
2836,100,283600,09:11:18
2835,800,2268000,09:11:18
2833,200,566600,09:11:18
2835,200,567000,09:11:18
2832,300,849600,09:11:18
2835,200,567000,09:11:18
2834,100,283400,09:11:18
2833,100,283300,09:11:18
2834,300,850200,09:11:18
2833,400,1133200,09:11:18
2832,100,283200,09:11:18
2833,300,849900,09:11:18
2832,700,1982400,09:11:18
2831,200,566200,09:11:18
2830,2100,5943000,09:11:18
2830,1400,3962000,09:11:18
2829,2900,8204100,09:11:18
2828,700,1979600,09:11:18
2827,300,848100,09:11:18
2826,100,282600,09:11:17
2827,200,565400,09:11:17
2826,600,1695600,09:11:17
2825,100,282500,09:11:17
2825,300,847500,09:11:15
2825,100,282500,09:11:15
2823,1300,3669900,09:11:15
2822,200,564400,09:11:15
2820,100,282000,09:11:15
2821,600,1692600,09:11:13
2822,100,282200,09:11:13
2821,200,564200,09:11:13
2823,200,564600,09:11:12
2821,200,564200,09:11:11
2823,100,282300,09:11:11
2823,100,282300,09:11:11
2823,500,1411500,09:11:11
2822,600,1693200,09:11:11
2821,200,564200,09:11:10
2822,100,282200,09:11:10
2820,100,282000,09:11:10
2820,1100,3102000,09:11:10
2821,200,564200,09:11:10
2821,200,564200,09:11:09
2822,200,564400,09:11:09
2823,100,282300,09:11:08
2823,100,282300,09:11:07
2823,200,564600,09:11:06
2822,100,282200,09:11:05
2823,100,282300,09:11:05
2821,100,282100,09:11:05
2822,200,564400,09:11:05
2823,400,1129200,09:11:04
2822,100,282200,09:11:04
2822,300,846600,09:11:03
2821,300,846300,09:11:02
2822,400,1128800,09:11:02
2823,100,282300,09:11:02
2823,100,282300,09:11:02
2822,100,282200,09:11:01
2822,100,282200,09:11:01
2823,300,846900,09:11:01
2823,100,282300,09:11:01
2823,100,282300,09:11:01
2823,100,282300,09:11:01
2822,100,282200,09:11:01
2822,200,564400,09:11:01
2822,100,282200,09:11:01
2823,100,282300,09:11:01
2823,200,564600,09:11:00
2822,100,282200,09:11:00
2824,100,282400,09:11:00
2823,600,1693800,09:11:00
2825,100,282500,09:11:00
2826,200,565200,09:11:00
2825,100,282500,09:10:59
2824,200,564800,09:10:59
2825,100,282500,09:10:59
2826,400,1130400,09:10:59
2826,100,282600,09:10:58
2826,100,282600,09:10:57
2824,200,564800,09:10:57
2825,100,282500,09:10:57
2825,100,282500,09:10:57
2825,1500,4237500,09:10:57
2824,500,1412000,09:10:57
2823,300,846900,09:10:56
2823,400,1129200,09:10:56
2822,200,564400,09:10:56
2822,200,564400,09:10:56
2822,300,846600,09:10:55
2822,800,2257600,09:10:54
2821,100,282100,09:10:53
2819,300,845700,09:10:49
2820,100,282000,09:10:49
2821,3300,9309300,09:10:49
2821,600,1692600,09:10:49
2819,100,281900,09:10:49
2820,1000,2820000,09:10:49
2819,500,1409500,09:10:48
2820,200,564000,09:10:47
2820,100,282000,09:10:47
2820,400,1128000,09:10:47
2820,300,846000,09:10:47
2820,900,2538000,09:10:47
2819,300,845700,09:10:47
2820,100,282000,09:10:47
2819,200,563800,09:10:47
2818,100,281800,09:10:46
2817,100,281700,09:10:45
2817,100,281700,09:10:45
2818,600,1690800,09:10:45
2819,100,281900,09:10:44
2819,300,845700,09:10:43
2817,100,281700,09:10:41
2817,1200,3380400,09:10:41
2815,100,281500,09:10:40
2816,100,281600,09:10:39
2816,1200,3379200,09:10:39
2817,900,2535300,09:10:39
2818,400,1127200,09:10:38
2818,100,281800,09:10:38
2818,100,281800,09:10:38
2817,300,845100,09:10:37
2817,100,281700,09:10:37
2817,100,281700,09:10:35
2816,100,281600,09:10:33
2817,200,563400,09:10:33
2817,100,281700,09:10:33
2817,200,563400,09:10:33
2817,200,563400,09:10:33
2817,300,845100,09:10:33
2814,100,281400,09:10:31
2815,300,844500,09:10:31
2814,400,1125600,09:10:30
2815,300,844500,09:10:30
2815,200,563000,09:10:29
2815,300,844500,09:10:28
2814,700,1969800,09:10:27
2813,100,281300,09:10:26
2812,100,281200,09:10:25
2811,100,281100,09:10:25
2811,100,281100,09:10:25
2812,100,281200,09:10:24
2812,100,281200,09:10:24
2813,100,281300,09:10:24
2813,100,281300,09:10:22
2813,100,281300,09:10:21
2812,200,562400,09:10:21
2813,200,562600,09:10:21
2812,500,1406000,09:10:19
2809,100,280900,09:10:19
2812,200,562400,09:10:18
2812,100,281200,09:10:17
2812,100,281200,09:10:17
2809,100,280900,09:10:16
2810,700,1967000,09:10:15
2811,200,562200,09:10:15
2812,900,2530800,09:10:15
2812,100,281200,09:10:15
2813,200,562600,09:10:15
2813,100,281300,09:10:15
2817,200,563400,09:10:14
2816,800,2252800,09:10:14
2815,700,1970500,09:10:14
2815,200,563000,09:10:11
2814,800,2251200,09:10:11
2813,400,1125200,09:10:11
2813,100,281300,09:10:09
2812,300,843600,09:10:09
2810,100,281000,09:10:07
2809,100,280900,09:10:07
2811,300,843300,09:10:05
2813,200,562600,09:10:05
2810,400,1124000,09:10:05
2811,600,1686600,09:10:05
2810,500,1405000,09:10:05
2811,500,1405500,09:10:05
2814,100,281400,09:10:04
2814,300,844200,09:10:03
2814,100,281400,09:10:03
2814,100,281400,09:10:03
2815,500,1407500,09:10:03
2816,100,281600,09:10:03
2816,100,281600,09:10:03
2816,200,563200,09:10:01
2816,100,281600,09:10:01
2816,300,844800,09:09:59
2817,100,281700,09:09:58
2817,100,281700,09:09:58
2816,1100,3097600,09:09:58
2815,600,1689000,09:09:58
2813,100,281300,09:09:58
2814,100,281400,09:09:56
2814,100,281400,09:09:56
2813,200,562600,09:09:56
2812,100,281200,09:09:56
2812,100,281200,09:09:56
2808,100,280800,09:09:56
2811,300,843300,09:09:56
2810,1000,2810000,09:09:56
2809,500,1404500,09:09:56
2808,800,2246400,09:09:56
2806,100,280600,09:09:56
2806,100,280600,09:09:56
2806,100,280600,09:09:54
2806,100,280600,09:09:54
2806,100,280600,09:09:54
2806,800,2244800,09:09:54
2804,200,560800,09:09:54
2804,100,280400,09:09:54
2805,100,280500,09:09:54
2804,200,560800,09:09:54
2805,100,280500,09:09:52
2804,300,841200,09:09:52
2806,100,280600,09:09:52
2805,100,280500,09:09:51
2805,100,280500,09:09:50
2805,100,280500,09:09:50
2805,200,561000,09:09:50
2806,100,280600,09:09:49
2804,300,841200,09:09:49
2804,200,560800,09:09:48
2803,300,840900,09:09:48
2804,500,1402000,09:09:48
2805,200,561000,09:09:48
2806,300,841800,09:09:47
2807,200,561400,09:09:46
2807,100,280700,09:09:46
2807,100,280700,09:09:46
2807,100,280700,09:09:46
2808,100,280800,09:09:45
2808,100,280800,09:09:45
2807,200,561400,09:09:45
2807,100,280700,09:09:44
2807,100,280700,09:09:44
2807,100,280700,09:09:44
2807,100,280700,09:09:44
2808,100,280800,09:09:44
2810,100,281000,09:09:43
2809,100,280900,09:09:43
2809,100,280900,09:09:43
2809,100,280900,09:09:43
2809,100,280900,09:09:43
2809,200,561800,09:09:43
2809,100,280900,09:09:43
2808,100,280800,09:09:42
2807,100,280700,09:09:42
2808,100,280800,09:09:42
2809,200,561800,09:09:42
2808,100,280800,09:09:42
2806,100,280600,09:09:42
2805,1100,3085500,09:09:42
2804,200,560800,09:09:42
2803,100,280300,09:09:42
2801,100,280100,09:09:42
2801,300,840300,09:09:41
2802,400,1120800,09:09:41
2801,100,280100,09:09:41
2800,100,280000,09:09:41
2800,300,840000,09:09:41
2800,100,280000,09:09:41
2800,100,280000,09:09:41
2800,500,1400000,09:09:41
2799,100,279900,09:09:41
2799,200,559800,09:09:41
2796,1300,3634800,09:09:41
2797,600,1678200,09:09:41
2798,1200,3357600,09:09:41
2799,100,279900,09:09:41
2799,900,2519100,09:09:41
2799,100,279900,09:09:41
2799,100,279900,09:09:41
2799,100,279900,09:09:41
2799,100,279900,09:09:41
2800,4400,12320000,09:09:41
2800,200,560000,09:09:41
2800,200,560000,09:09:41
2800,200,560000,09:09:41
2800,100,280000,09:09:41
2800,200,560000,09:09:41
2800,900,2520000,09:09:41
2800,400,1120000,09:09:41
2800,1400,3920000,09:09:41
2800,11100,31080000,09:09:41
2800,1200,3360000,09:09:41
2800,100,280000,09:09:41
2800,1400,3920000,09:09:41
2801,4500,12604500,09:09:41
2803,200,560600,09:09:40
2804,100,280400,09:09:39
2804,100,280400,09:09:39
2804,200,560800,09:09:38
2802,100,280200,09:09:38
2802,100,280200,09:09:38
2803,400,1121200,09:09:38
2801,100,280100,09:09:38
2801,400,1120400,09:09:38
2802,700,1961400,09:09:38
2803,4300,12052900,09:09:37
2804,1300,3645200,09:09:37
2804,100,280400,09:09:37
2805,1100,3085500,09:09:37
2805,100,280500,09:09:37
2805,100,280500,09:09:37
2805,500,1402500,09:09:37
2806,2800,7856800,09:09:37
2806,200,561200,09:09:37
2806,200,561200,09:09:37
2806,200,561200,09:09:37
2806,2300,6453800,09:09:37
2806,100,280600,09:09:37
2807,1700,4771900,09:09:37
2808,700,1965600,09:09:37
2809,1000,2809000,09:09:37
2810,200,562000,09:09:37
2810,300,843000,09:09:36
2809,100,280900,09:09:35
2809,100,280900,09:09:35
2809,100,280900,09:09:35
2809,100,280900,09:09:35
2809,100,280900,09:09:35
2809,100,280900,09:09:35
2809,100,280900,09:09:33
2809,100,280900,09:09:33
2809,400,1123600,09:09:33
2808,100,280800,09:09:32
2807,1100,3087700,09:09:32
2807,100,280700,09:09:32
2806,100,280600,09:09:32
2806,200,561200,09:09:32
2807,200,561400,09:09:32
2807,600,1684200,09:09:32
2807,100,280700,09:09:32
2807,100,280700,09:09:32
2807,100,280700,09:09:31
2807,100,280700,09:09:30
2808,100,280800,09:09:30
2810,100,281000,09:09:28
2810,200,562000,09:09:27
2809,100,280900,09:09:27
2809,200,561800,09:09:27
2807,400,1122800,09:09:26
2808,200,561600,09:09:26
2807,300,842100,09:09:25
2810,400,1124000,09:09:25
2812,100,281200,09:09:25
2811,100,281100,09:09:24
2812,600,1687200,09:09:24
2812,100,281200,09:09:24
2812,100,281200,09:09:24
2813,100,281300,09:09:23
2812,100,281200,09:09:22
2811,300,843300,09:09:20
2811,200,562200,09:09:20
2811,100,281100,09:09:20
2810,100,281000,09:09:19
2809,400,1123600,09:09:19
2808,200,561600,09:09:19
2807,100,280700,09:09:19
2807,100,280700,09:09:19
2807,100,280700,09:09:18
2808,2100,5896800,09:09:18
2808,200,561600,09:09:18
2808,200,561600,09:09:18
2808,200,561600,09:09:18
2808,100,280800,09:09:18
2809,400,1123600,09:09:18
2809,900,2528100,09:09:18
2810,3900,10959000,09:09:18
2812,300,843600,09:09:18
2811,200,562200,09:09:18
2811,200,562200,09:09:17
2811,300,843300,09:09:17
2811,200,562200,09:09:16
2812,100,281200,09:09:16
2813,300,843900,09:09:16
2814,200,562800,09:09:16
2813,100,281300,09:09:14
2813,100,281300,09:09:14
2814,200,562800,09:09:14
2813,200,562600,09:09:13
2814,100,281400,09:09:11
2814,100,281400,09:09:11
2813,200,562600,09:09:11
2811,1300,3654300,09:09:11
2816,100,281600,09:09:08
2815,200,563000,09:09:07
2816,100,281600,09:09:07
2816,100,281600,09:09:07
2816,200,563200,09:09:06
2816,100,281600,09:09:04
2816,100,281600,09:09:04
2816,100,281600,09:09:04
2816,100,281600,09:09:04
2816,100,281600,09:09:04
2816,100,281600,09:09:04
2817,400,1126800,09:09:04
2816,400,1126400,09:09:04
2813,200,562600,09:09:02
2816,100,281600,09:09:01
2816,200,563200,09:09:01
2812,100,281200,09:09:00
2815,200,563000,09:09:00
2816,300,844800,09:09:00
2817,300,845100,09:09:00
2820,100,282000,09:08:59
2818,300,845400,09:08:59
2819,200,563800,09:08:59
2820,400,1128000,09:08:58
2822,800,2257600,09:08:58
2817,400,1126800,09:08:58
2818,600,1690800,09:08:58
2819,200,563800,09:08:58
2819,600,1691400,09:08:58
2820,100,282000,09:08:57
2821,100,282100,09:08:57
2818,500,1409000,09:08:55
2821,100,282100,09:08:54
2822,100,282200,09:08:54
2821,100,282100,09:08:54
2821,100,282100,09:08:53
2821,200,564200,09:08:53
2820,100,282000,09:08:53
2818,500,1409000,09:08:53
2820,200,564000,09:08:52
2819,100,281900,09:08:52
2819,100,281900,09:08:52
2820,100,282000,09:08:52
2820,100,282000,09:08:52
2821,200,564200,09:08:52
2822,400,1128800,09:08:52
2825,100,282500,09:08:51
2824,100,282400,09:08:51
2823,100,282300,09:08:51
2822,200,564400,09:08:51
2823,200,564600,09:08:51
2824,100,282400,09:08:51
2825,100,282500,09:08:51
2824,200,564800,09:08:51
2826,100,282600,09:08:51
2825,300,847500,09:08:50
2827,100,282700,09:08:50
2826,100,282600,09:08:50
2826,400,1130400,09:08:50
2825,200,565000,09:08:50
2824,100,282400,09:08:49
2823,100,282300,09:08:49
2824,300,847200,09:08:49
2824,100,282400,09:08:49
2825,200,565000,09:08:49
2826,900,2543400,09:08:49
2827,100,282700,09:08:48
2826,200,565200,09:08:48
2826,200,565200,09:08:48
2826,200,565200,09:08:48
2826,200,565200,09:08:48
2827,100,282700,09:08:46
2826,200,565200,09:08:46
2826,700,1978200,09:08:46
2828,100,282800,09:08:46
2828,600,1696800,09:08:45
2827,1000,2827000,09:08:45
2825,200,565000,09:08:45
2826,800,2260800,09:08:45
2828,300,848400,09:08:45
2826,600,1695600,09:08:44
2824,100,282400,09:08:44
2827,200,565400,09:08:44
2826,200,565200,09:08:44
2825,300,847500,09:08:44
2825,200,565000,09:08:44
2826,300,847800,09:08:40
2826,100,282600,09:08:40
2825,200,565000,09:08:40
2826,2900,8195400,09:08:40
2827,900,2544300,09:08:40
2828,500,1414000,09:08:40
2829,500,1414500,09:08:40
2830,700,1981000,09:08:40
2831,100,283100,09:08:40
2834,200,566800,09:08:40
2833,800,2266400,09:08:40
2833,100,283300,09:08:40
2831,500,1415500,09:08:39
2831,200,566200,09:08:39
2832,300,849600,09:08:38
2830,100,283000,09:08:38
2831,1000,2831000,09:08:38
2829,400,1131600,09:08:38
2830,300,849000,09:08:38
2829,100,282900,09:08:38
2831,100,283100,09:08:37
2829,100,282900,09:08:37
2828,100,282800,09:08:37
2830,2900,8207000,09:08:37
2829,1500,4243500,09:08:37
2828,300,848400,09:08:37
2827,200,565400,09:08:36
2828,600,1696800,09:08:36
2829,200,565800,09:08:36
2829,100,282900,09:08:36
2829,100,282900,09:08:36
2829,400,1131600,09:08:36
2828,100,282800,09:08:35
2828,100,282800,09:08:35
2827,200,565400,09:08:35
2827,600,1696200,09:08:35
2827,100,282700,09:08:35
2827,600,1696200,09:08:35
2827,100,282700,09:08:35
2826,1000,2826000,09:08:35
2826,400,1130400,09:08:35
2825,100,282500,09:08:35
2824,100,282400,09:08:35
2822,100,282200,09:08:33
2823,100,282300,09:08:33
2824,300,847200,09:08:33
2822,100,282200,09:08:33
2822,200,564400,09:08:33
2822,500,1411000,09:08:32
2823,100,282300,09:08:32
2822,100,282200,09:08:32
2823,200,564600,09:08:32
2823,100,282300,09:08:32
2822,200,564400,09:08:32
2822,400,1128800,09:08:32
2821,300,846300,09:08:32
2821,100,282100,09:08:32
2820,3400,9588000,09:08:32
2819,100,281900,09:08:32
2817,100,281700,09:08:31
2817,100,281700,09:08:31
2818,100,281800,09:08:30
2819,300,845700,09:08:30
2818,100,281800,09:08:30
2818,100,281800,09:08:27
2816,100,281600,09:08:26
2816,100,281600,09:08:24
2817,100,281700,09:08:24
2815,100,281500,09:08:24
2816,300,844800,09:08:24
2817,100,281700,09:08:24
2817,600,1690200,09:08:24
2818,100,281800,09:08:24
2818,100,281800,09:08:24
2819,200,563800,09:08:24
2819,100,281900,09:08:24
2818,1000,2818000,09:08:24
2817,100,281700,09:08:24
2816,100,281600,09:08:24
2814,100,281400,09:08:23
2813,200,562600,09:08:23
2812,100,281200,09:08:23
2811,100,281100,09:08:23
2810,200,562000,09:08:22
2810,300,843000,09:08:20
2812,100,281200,09:08:20
2810,300,843000,09:08:20
2811,300,843300,09:08:20
2808,100,280800,09:08:19
2809,100,280900,09:08:19
2809,100,280900,09:08:19
2809,200,561800,09:08:19
2809,200,561800,09:08:19
2808,100,280800,09:08:19
2809,500,1404500,09:08:19
2808,300,842400,09:08:19
2807,200,561400,09:08:18
2806,100,280600,09:08:18
2806,300,841800,09:08:18
2809,300,842700,09:08:18
2807,100,280700,09:08:17
2805,900,2524500,09:08:17
2806,100,280600,09:08:17
2807,500,1403500,09:08:17
2805,300,841500,09:08:17
2806,100,280600,09:08:17
2806,500,1403000,09:08:17
2806,100,280600,09:08:16
2806,100,280600,09:08:16
2807,100,280700,09:08:16
2805,1200,3366000,09:08:16
2806,800,2244800,09:08:16
2808,800,2246400,09:08:16
2806,100,280600,09:08:15
2806,100,280600,09:08:15
2806,400,1122400,09:08:15
2807,400,1122800,09:08:15
2807,100,280700,09:08:14
2807,200,561400,09:08:14
2807,500,1403500,09:08:12
2809,300,842700,09:08:12
2808,100,280800,09:08:12
2808,100,280800,09:08:12
2808,100,280800,09:08:12
2808,100,280800,09:08:12
2808,200,561600,09:08:12
2809,100,280900,09:08:12
2809,100,280900,09:08:12
2808,100,280800,09:08:12
2810,1100,3091000,09:08:12
2808,100,280800,09:08:12
2809,400,1123600,09:08:12
2808,100,280800,09:08:12
2808,100,280800,09:08:11
2807,400,1122800,09:08:11
2808,100,280800,09:08:11
2807,100,280700,09:08:11
2807,100,280700,09:08:11
2805,100,280500,09:08:11
2808,100,280800,09:08:09
2808,100,280800,09:08:07
2808,600,1684800,09:08:07
2806,100,280600,09:08:06
2806,200,561200,09:08:06
2806,100,280600,09:08:06
2806,200,561200,09:08:06
2807,100,280700,09:08:06
2808,100,280800,09:08:06
2807,100,280700,09:08:06
2807,100,280700,09:08:06
2805,100,280500,09:08:05
2806,3700,10382200,09:08:05
2807,100,280700,09:08:05
2809,100,280900,09:08:04
2809,100,280900,09:08:04
2809,300,842700,09:08:04
2809,100,280900,09:08:04
2808,100,280800,09:08:03
2808,400,1123200,09:08:03
2808,100,280800,09:08:03
2807,500,1403500,09:08:02
2807,400,1122800,09:08:02
2809,400,1123600,09:08:02
2807,100,280700,09:08:02
2807,500,1403500,09:08:02
2808,1200,3369600,09:08:02
2809,400,1123600,09:08:01
2810,4200,11802000,09:08:01
2811,800,2248800,09:08:01
2813,100,281300,09:08:01
2812,300,843600,09:08:01
2811,100,281100,09:08:00
2813,200,562600,09:08:00
2813,100,281300,09:08:00
2813,100,281300,09:07:59
2812,100,281200,09:07:59
2812,100,281200,09:07:58
2814,100,281400,09:07:57
2813,200,562600,09:07:57
2814,1100,3095400,09:07:57
2815,600,1689000,09:07:57
2816,200,563200,09:07:57
2816,100,281600,09:07:56
2817,300,845100,09:07:56
2819,100,281900,09:07:56
2817,100,281700,09:07:55
2818,100,281800,09:07:54
2818,100,281800,09:07:54
2817,600,1690200,09:07:54
2818,1600,4508800,09:07:54
2819,100,281900,09:07:53
2819,400,1127600,09:07:53
2817,100,281700,09:07:53
2818,200,563600,09:07:53
2818,500,1409000,09:07:51
2817,100,281700,09:07:51
2816,200,563200,09:07:51
2817,400,1126800,09:07:50
2819,100,281900,09:07:50
2818,100,281800,09:07:50
2818,600,1690800,09:07:50
2819,100,281900,09:07:50
2819,400,1127600,09:07:50
2820,800,2256000,09:07:50
2821,200,564200,09:07:50
2820,100,282000,09:07:50
2821,100,282100,09:07:48
2820,200,564000,09:07:48
2819,100,281900,09:07:46
2819,100,281900,09:07:46
2819,100,281900,09:07:46
2819,100,281900,09:07:46
2819,300,845700,09:07:46
2820,600,1692000,09:07:46
2821,100,282100,09:07:46
2821,200,564200,09:07:46
2821,100,282100,09:07:46
2821,100,282100,09:07:46
2821,100,282100,09:07:46
2820,400,1128000,09:07:45
2818,100,281800,09:07:45
2819,200,563800,09:07:45
2818,300,845400,09:07:45
2817,1200,3380400,09:07:44
2816,800,2252800,09:07:43
2816,100,281600,09:07:43
2816,200,563200,09:07:43
2817,400,1126800,09:07:43
2818,100,281800,09:07:42
2818,100,281800,09:07:42
2818,200,563600,09:07:42
2818,200,563600,09:07:42
2818,300,845400,09:07:41
2817,100,281700,09:07:40
2818,100,281800,09:07:40
2817,200,563400,09:07:39
2818,100,281800,09:07:38
2818,100,281800,09:07:37
2818,100,281800,09:07:37
2818,100,281800,09:07:37
2819,100,281900,09:07:37
2817,100,281700,09:07:37
2818,500,1409000,09:07:35
2818,100,281800,09:07:35
2820,100,282000,09:07:35
2819,100,281900,09:07:33
2819,100,281900,09:07:33
2819,100,281900,09:07:33
2818,200,563600,09:07:33
2818,100,281800,09:07:31
2818,500,1409000,09:07:31
2817,100,281700,09:07:30
2816,100,281600,09:07:30
2814,200,562800,09:07:29
2815,500,1407500,09:07:28
2816,600,1689600,09:07:28
2817,100,281700,09:07:28
2817,100,281700,09:07:28
2818,100,281800,09:07:27
2817,300,845100,09:07:27
2818,100,281800,09:07:27
2818,100,281800,09:07:27
2818,100,281800,09:07:27
2818,200,563600,09:07:27
2818,200,563600,09:07:27
2819,100,281900,09:07:27
2818,600,1690800,09:07:27
2817,1000,2817000,09:07:27
2816,200,563200,09:07:27
2815,300,844500,09:07:27
2814,100,281400,09:07:27
2813,1300,3656900,09:07:27
2812,100,281200,09:07:27
2813,100,281300,09:07:27
2814,100,281400,09:07:27
2813,700,1969100,09:07:27
2812,200,562400,09:07:27
2811,200,562200,09:07:27
2811,700,1967700,09:07:27
2812,200,562400,09:07:27
2813,100,281300,09:07:26
2814,100,281400,09:07:25
2812,100,281200,09:07:25
2810,400,1124000,09:07:25
2812,300,843600,09:07:25
2813,100,281300,09:07:24
2813,100,281300,09:07:23
2814,300,844200,09:07:23
2815,200,563000,09:07:22
2817,300,845100,09:07:21
2816,400,1126400,09:07:21
2817,200,563400,09:07:21
2818,100,281800,09:07:21
2815,200,563000,09:07:20
2818,100,281800,09:07:20
2817,100,281700,09:07:20
2816,400,1126400,09:07:20
2818,100,281800,09:07:18
2816,100,281600,09:07:18
2817,1000,2817000,09:07:18
2818,700,1972600,09:07:18
2818,600,1690800,09:07:18
2817,100,281700,09:07:18
2815,200,563000,09:07:17
2815,100,281500,09:07:17
2815,100,281500,09:07:17
2815,300,844500,09:07:17
2815,200,563000,09:07:17
2816,100,281600,09:07:17
2815,600,1689000,09:07:17
2815,100,281500,09:07:17
2814,400,1125600,09:07:17
2814,100,281400,09:07:17
2814,100,281400,09:07:17
2814,100,281400,09:07:17
2813,300,843900,09:07:17
2812,300,843600,09:07:17
2812,200,562400,09:07:14
2810,100,281000,09:07:14
2810,200,562000,09:07:14
2810,100,281000,09:07:14
2810,100,281000,09:07:14
2809,100,280900,09:07:14
2812,400,1124800,09:07:13
2811,800,2248800,09:07:13
2810,100,281000,09:07:13
2810,200,562000,09:07:13
2809,100,280900,09:07:13
2809,300,842700,09:07:13
2809,100,280900,09:07:12
2809,100,280900,09:07:12
2808,100,280800,09:07:12
2808,100,280800,09:07:12
2809,600,1685400,09:07:11
2808,100,280800,09:07:10
2806,200,561200,09:07:10
2807,100,280700,09:07:10
2809,100,280900,09:07:10
2809,300,842700,09:07:09
2808,200,561600,09:07:09
2809,200,561800,09:07:09
2809,400,1123600,09:07:09
2808,100,280800,09:07:08
2806,100,280600,09:07:08
2807,200,561400,09:07:07
2807,100,280700,09:07:07
2808,100,280800,09:07:06
2808,100,280800,09:07:05
2808,100,280800,09:07:05
2808,300,842400,09:07:05
2810,400,1124000,09:07:05
2810,100,281000,09:07:04
2809,100,280900,09:07:04
2811,100,281100,09:07:04
2811,200,562200,09:07:03
2811,100,281100,09:07:03
2811,100,281100,09:07:03
2810,100,281000,09:07:02
2808,200,561600,09:07:01
2808,700,1965600,09:07:01
2809,1200,3370800,09:07:01
2812,100,281200,09:07:01
2810,600,1686000,09:07:01
2811,700,1967700,09:07:01
2811,600,1686600,09:07:01
2810,500,1405000,09:07:01
2809,200,561800,09:07:01
2809,300,842700,09:07:01
2807,100,280700,09:07:00
2808,100,280800,09:07:00
2807,400,1122800,09:07:00
2806,200,561200,09:07:00
2806,200,561200,09:07:00
2806,2100,5892600,09:07:00
2806,100,280600,09:07:00
2807,1200,3368400,09:07:00
2808,400,1123200,09:07:00
2809,500,1404500,09:06:59
2810,100,281000,09:06:59
2810,100,281000,09:06:59
2811,100,281100,09:06:59
2812,100,281200,09:06:58
2813,100,281300,09:06:57
2812,100,281200,09:06:57
2812,100,281200,09:06:57
2813,300,843900,09:06:57
2812,600,1687200,09:06:57
2811,100,281100,09:06:57
2809,100,280900,09:06:56
2813,200,562600,09:06:56
2811,100,281100,09:06:56
2811,200,562200,09:06:56
2810,800,2248000,09:06:56
2810,100,281000,09:06:56
2813,100,281300,09:06:56
2811,100,281100,09:06:56
2811,100,281100,09:06:55
2810,1100,3091000,09:06:55
2811,1300,3654300,09:06:55
2812,400,1124800,09:06:55
2812,300,843600,09:06:55
2813,1100,3094300,09:06:53
2814,2200,6190800,09:06:53
2815,300,844500,09:06:53
2817,100,281700,09:06:53
2816,100,281600,09:06:53
2816,100,281600,09:06:53
2814,100,281400,09:06:52
2813,600,1687800,09:06:52
2813,300,843900,09:06:52
2812,100,281200,09:06:52
2812,100,281200,09:06:52
2813,100,281300,09:06:50
2812,200,562400,09:06:50
2811,100,281100,09:06:50
2812,100,281200,09:06:50
2812,100,281200,09:06:50
2810,700,1967000,09:06:50
2812,100,281200,09:06:49
2812,100,281200,09:06:49
2809,200,561800,09:06:48
2810,200,562000,09:06:48
2809,100,280900,09:06:48
2810,400,1124000,09:06:48
2809,100,280900,09:06:48
2810,100,281000,09:06:48
2809,100,280900,09:06:48
2809,100,280900,09:06:48
2810,2800,7868000,09:06:48
2810,100,281000,09:06:48
2811,100,281100,09:06:48
2810,100,281000,09:06:47
2811,1300,3654300,09:06:47
2811,100,281100,09:06:47
2811,200,562200,09:06:47
2811,100,281100,09:06:46
2812,100,281200,09:06:46
2812,100,281200,09:06:46
2812,400,1124800,09:06:46
2812,300,843600,09:06:46
2813,100,281300,09:06:46
2813,200,562600,09:06:46
2813,100,281300,09:06:46
2813,300,843900,09:06:46
2813,100,281300,09:06:46
2814,700,1969800,09:06:46
2815,3000,8445000,09:06:46
2818,100,281800,09:06:45
2820,200,564000,09:06:45
2817,800,2253600,09:06:44
2817,100,281700,09:06:44
2817,500,1408500,09:06:44
2818,300,845400,09:06:44
2818,1000,2818000,09:06:44
2819,200,563800,09:06:44
2819,100,281900,09:06:44
2820,1300,3666000,09:06:44
2821,100,282100,09:06:44
2822,100,282200,09:06:44
2822,200,564400,09:06:44
2823,900,2540700,09:06:43
2826,300,847800,09:06:43
2825,200,565000,09:06:43
2824,100,282400,09:06:43
2824,1100,3106400,09:06:43
2825,300,847500,09:06:43
2827,100,282700,09:06:43
2827,200,565400,09:06:42
2827,100,282700,09:06:41
2827,200,565400,09:06:41
2825,800,2260000,09:06:40
2824,100,282400,09:06:40
2824,300,847200,09:06:40
2826,100,282600,09:06:40
2825,100,282500,09:06:40
2823,700,1976100,09:06:40
2824,100,282400,09:06:38
2824,100,282400,09:06:38
2823,100,282300,09:06:38
2823,200,564600,09:06:38
2824,100,282400,09:06:38
2823,700,1976100,09:06:38
2824,100,282400,09:06:38
2825,500,1412500,09:06:37
2824,500,1412000,09:06:37
2822,100,282200,09:06:36
2820,100,282000,09:06:36
2821,1100,3103100,09:06:36
2822,1400,3950800,09:06:36
2825,100,282500,09:06:36
2824,400,1129600,09:06:36
2824,100,282400,09:06:35
2824,100,282400,09:06:35
2822,600,1693200,09:06:34
2824,100,282400,09:06:34
2824,800,2259200,09:06:34
2823,600,1693800,09:06:34
2822,100,282200,09:06:34
2821,300,846300,09:06:33
2823,100,282300,09:06:33
2825,100,282500,09:06:33
2824,100,282400,09:06:33
2824,100,282400,09:06:32
2823,500,1411500,09:06:32
2824,100,282400,09:06:32
2822,100,282200,09:06:32
2822,100,282200,09:06:32
2822,100,282200,09:06:32
2822,100,282200,09:06:32
2822,400,1128800,09:06:32
2820,100,282000,09:06:32
2821,300,846300,09:06:32
2821,200,564200,09:06:32
2819,100,281900,09:06:32
2819,100,281900,09:06:32
2821,100,282100,09:06:32
2819,200,563800,09:06:32
2819,100,281900,09:06:32
2820,3700,10434000,09:06:32
2821,700,1974700,09:06:32
2822,100,282200,09:06:30
2823,200,564600,09:06:29
2824,1000,2824000,09:06:29
2826,100,282600,09:06:29
2825,100,282500,09:06:28
2825,300,847500,09:06:28
2825,100,282500,09:06:28
2825,300,847500,09:06:27
2823,200,564600,09:06:27
2824,800,2259200,09:06:26
2825,1100,3107500,09:06:26
2826,100,282600,09:06:26
2827,100,282700,09:06:26
2827,100,282700,09:06:26
2826,800,2260800,09:06:26
2827,100,282700,09:06:26
2827,100,282700,09:06:26
2827,100,282700,09:06:26
2827,100,282700,09:06:26
2826,100,282600,09:06:26
2826,500,1413000,09:06:26
2827,100,282700,09:06:26
2827,100,282700,09:06:26
2827,100,282700,09:06:26
2827,100,282700,09:06:26
2827,100,282700,09:06:25
2827,200,565400,09:06:25
2827,200,565400,09:06:25
2826,100,282600,09:06:25
2826,100,282600,09:06:25
2826,200,565200,09:06:25
2827,100,282700,09:06:25
2826,300,847800,09:06:25
2825,200,565000,09:06:25
2825,100,282500,09:06:25
2825,100,282500,09:06:24
2826,200,565200,09:06:23
2824,100,282400,09:06:22
2825,900,2542500,09:06:22
2825,600,1695000,09:06:21
2826,100,282600,09:06:21
2827,100,282700,09:06:21
2827,200,565400,09:06:21
2828,100,282800,09:06:21
2828,400,1131200,09:06:21
2827,100,282700,09:06:21
2826,500,1413000,09:06:21
2824,400,1129600,09:06:21
2827,100,282700,09:06:21
2826,400,1130400,09:06:20
2826,400,1130400,09:06:20
2830,600,1698000,09:06:20
2829,1600,4526400,09:06:20
2828,500,1414000,09:06:20
2826,700,1978200,09:06:20
2828,200,565600,09:06:20
2827,1000,2827000,09:06:20
2830,300,849000,09:06:19
2830,100,283000,09:06:19
2824,200,564800,09:06:18
2825,500,1412500,09:06:18
2826,200,565200,09:06:18
2827,500,1413500,09:06:18
2827,100,282700,09:06:18
2826,100,282600,09:06:18
2825,200,565000,09:06:17
2826,300,847800,09:06:17
2827,900,2544300,09:06:17
2828,100,282800,09:06:17
2827,400,1130800,09:06:16
2827,200,565400,09:06:16
2828,100,282800,09:06:16
2830,100,283000,09:06:16
2829,100,282900,09:06:16
2828,400,1131200,09:06:16
2829,100,282900,09:06:16
2831,100,283100,09:06:16
2830,300,849000,09:06:16
2829,100,282900,09:06:15
2829,200,565800,09:06:15
2829,200,565800,09:06:15
2829,100,282900,09:06:15
2830,1800,5094000,09:06:15
2831,100,283100,09:06:15
2831,100,283100,09:06:15
2833,100,283300,09:06:15
2831,100,283100,09:06:15
2831,300,849300,09:06:15
2832,100,283200,09:06:15
2833,100,283300,09:06:15
2834,100,283400,09:06:14
2833,100,283300,09:06:14
2835,100,283500,09:06:14
2834,100,283400,09:06:14
2834,100,283400,09:06:14
2831,100,283100,09:06:14
2833,100,283300,09:06:14
2832,100,283200,09:06:13
2834,100,283400,09:06:13
2834,200,566800,09:06:13
2833,200,566600,09:06:13
2832,1300,3681600,09:06:13
2833,100,283300,09:06:13
2835,100,283500,09:06:13
2834,100,283400,09:06:13
2833,100,283300,09:06:13
2833,100,283300,09:06:13
2832,200,566400,09:06:13
2832,100,283200,09:06:13
2832,200,566400,09:06:13
2834,100,283400,09:06:13
2832,700,1982400,09:06:12
2835,500,1417500,09:06:12
2834,300,850200,09:06:12
2831,100,283100,09:06:12
2832,100,283200,09:06:12
2834,200,566800,09:06:12
2832,100,283200,09:06:12
2833,500,1416500,09:06:12
2832,100,283200,09:06:11
2831,100,283100,09:06:11
2833,100,283300,09:06:11
2828,100,282800,09:06:11
2831,100,283100,09:06:11
2831,100,283100,09:06:11
2830,100,283000,09:06:11
2830,100,283000,09:06:11
2830,900,2547000,09:06:11
2829,900,2546100,09:06:11
2828,200,565600,09:06:11
2827,100,282700,09:06:11
2824,500,1412000,09:06:11
2825,100,282500,09:06:11
2825,400,1130000,09:06:11
2828,100,282800,09:06:11
2827,100,282700,09:06:10
2826,300,847800,09:06:10
2825,500,1412500,09:06:10
2823,300,846900,09:06:10
2825,100,282500,09:06:09
2825,100,282500,09:06:09
2824,1500,4236000,09:06:09
2823,400,1129200,09:06:09
2823,1300,3669900,09:06:09
2822,700,1975400,09:06:09
2820,100,282000,09:06:09
2820,100,282000,09:06:08
2820,200,564000,09:06:08
2819,400,1127600,09:06:08
2818,100,281800,09:06:07
2817,200,563400,09:06:07
2819,100,281900,09:06:07
2819,100,281900,09:06:07
2818,200,563600,09:06:07
2820,100,282000,09:06:07
2819,100,281900,09:06:07
2818,300,845400,09:06:07
2820,100,282000,09:06:06
2819,100,281900,09:06:06
2820,100,282000,09:06:06
2819,500,1409500,09:06:06
2818,100,281800,09:06:06
2818,300,845400,09:06:06
2819,200,563800,09:06:06
2820,300,846000,09:06:06
2822,300,846600,09:06:06
2820,100,282000,09:06:06
2820,500,1410000,09:06:06
2820,200,564000,09:06:06
2819,200,563800,09:06:06
2818,100,281800,09:06:06
2818,500,1409000,09:06:06
2819,100,281900,09:06:06
2818,100,281800,09:06:06
2820,100,282000,09:06:06
2819,1000,2819000,09:06:06
2820,500,1410000,09:06:06
2821,300,846300,09:06:06
2823,200,564600,09:06:06
2823,200,564600,09:06:05
2822,100,282200,09:06:05
2824,100,282400,09:06:05
2824,200,564800,09:06:04
2823,100,282300,09:06:04
2823,200,564600,09:06:04
2822,100,282200,09:06:03
2821,100,282100,09:06:03
2822,300,846600,09:06:03
2824,400,1129600,09:06:03
2823,100,282300,09:06:02
2822,200,564400,09:06:02
2822,300,846600,09:06:02
2825,100,282500,09:06:02
2824,200,564800,09:06:02
2823,200,564600,09:06:02
2822,100,282200,09:06:02
2822,400,1128800,09:06:02
2820,100,282000,09:06:02
2819,200,563800,09:06:01
2819,100,281900,09:06:01
2817,300,845100,09:06:00
2818,200,563600,09:06:00
2820,100,282000,09:05:59
2819,100,281900,09:05:59
2819,100,281900,09:05:58
2818,600,1690800,09:05:58
2819,400,1127600,09:05:58
2821,400,1128400,09:05:58
2820,200,564000,09:05:58
2819,200,563800,09:05:58
2819,100,281900,09:05:57
2819,200,563800,09:05:57
2817,100,281700,09:05:56
2818,100,281800,09:05:56
2818,400,1127200,09:05:56
2819,300,845700,09:05:56
2819,400,1127600,09:05:56
2820,100,282000,09:05:56
2820,100,282000,09:05:55
2820,100,282000,09:05:55
2819,200,563800,09:05:55
2820,100,282000,09:05:55
2821,300,846300,09:05:55
2821,200,564200,09:05:55
2820,2000,5640000,09:05:55
2823,400,1129200,09:05:55
2822,100,282200,09:05:55
2821,100,282100,09:05:55
2820,100,282000,09:05:54
2819,100,281900,09:05:54
2819,100,281900,09:05:54
2821,500,1410500,09:05:54
2818,100,281800,09:05:54
2820,100,282000,09:05:54
2819,1100,3100900,09:05:54
2818,100,281800,09:05:53
2817,100,281700,09:05:53
2816,400,1126400,09:05:53
2817,200,563400,09:05:53
2818,100,281800,09:05:52
2817,100,281700,09:05:52
2817,200,563400,09:05:51
2818,100,281800,09:05:51
2818,100,281800,09:05:50
2817,700,1971900,09:05:50
2816,300,844800,09:05:50
2815,200,563000,09:05:50
2815,1100,3096500,09:05:49
2816,100,281600,09:05:48
2816,100,281600,09:05:48
2816,400,1126400,09:05:48
2815,100,281500,09:05:48
2814,100,281400,09:05:47
2814,100,281400,09:05:46
2812,200,562400,09:05:46
2813,100,281300,09:05:46
2814,600,1688400,09:05:45
2813,100,281300,09:05:44
2812,400,1124800,09:05:43
2811,1000,2811000,09:05:43
2810,100,281000,09:05:43
2810,100,281000,09:05:43
2809,200,561800,09:05:43
2810,1700,4777000,09:05:43
2811,100,281100,09:05:43
2812,100,281200,09:05:42
2812,100,281200,09:05:42
2813,300,843900,09:05:42
2813,600,1687800,09:05:41
2812,400,1124800,09:05:41
2811,100,281100,09:05:40
2811,100,281100,09:05:40
2810,600,1686000,09:05:40
2814,900,2532600,09:05:40
2813,100,281300,09:05:40
2811,700,1967700,09:05:40
2812,600,1687200,09:05:40
2813,400,1125200,09:05:40
2813,100,281300,09:05:40
2814,500,1407000,09:05:40
2815,100,281500,09:05:40
2815,100,281500,09:05:40
2816,200,563200,09:05:40
2816,100,281600,09:05:40
2816,100,281600,09:05:37
2817,100,281700,09:05:37
2816,200,563200,09:05:34
2816,200,563200,09:05:34
2816,400,1126400,09:05:34
2815,100,281500,09:05:34
2815,100,281500,09:05:34
2814,100,281400,09:05:34
2815,200,563000,09:05:34
2815,300,844500,09:05:34
2814,500,1407000,09:05:33
2814,100,281400,09:05:33
2815,100,281500,09:05:33
2815,100,281500,09:05:33
2818,400,1127200,09:05:33
2816,200,563200,09:05:32
2819,100,281900,09:05:32
2818,100,281800,09:05:32
2819,100,281900,09:05:31
2817,200,563400,09:05:31
2817,600,1690200,09:05:31
2816,600,1689600,09:05:31
2817,100,281700,09:05:31
2818,300,845400,09:05:31
2818,200,563600,09:05:31
2818,100,281800,09:05:30
2816,200,563200,09:05:30
2816,200,563200,09:05:30
2815,500,1407500,09:05:30
2815,100,281500,09:05:30
2814,300,844200,09:05:29
2813,100,281300,09:05:29
2813,100,281300,09:05:28
2812,100,281200,09:05:28
2812,100,281200,09:05:28
2813,100,281300,09:05:28
2813,100,281300,09:05:28
2814,100,281400,09:05:27
2812,100,281200,09:05:27
2814,200,562800,09:05:26
2811,100,281100,09:05:25
2811,100,281100,09:05:25
2811,100,281100,09:05:25
2810,100,281000,09:05:25
2810,400,1124000,09:05:24
2811,200,562200,09:05:24
2812,100,281200,09:05:24
2813,200,562600,09:05:23
2812,100,281200,09:05:23
2813,500,1406500,09:05:22
2811,100,281100,09:05:22
2811,100,281100,09:05:21
2812,200,562400,09:05:21
2812,100,281200,09:05:20
2812,100,281200,09:05:20
2811,100,281100,09:05:19
2812,200,562400,09:05:19
2814,100,281400,09:05:19
2813,100,281300,09:05:19
2811,100,281100,09:05:19
2812,100,281200,09:05:19
2812,100,281200,09:05:19
2812,100,281200,09:05:19
2812,100,281200,09:05:18
2810,100,281000,09:05:18
2811,200,562200,09:05:18
2811,100,281100,09:05:18
2811,100,281100,09:05:18
2811,100,281100,09:05:18
2810,100,281000,09:05:17
2810,200,562000,09:05:17
2810,100,281000,09:05:17
2810,100,281000,09:05:17
2809,100,280900,09:05:17
2809,400,1123600,09:05:17
2807,200,561400,09:05:16
2808,200,561600,09:05:16
2810,400,1124000,09:05:16
2809,100,280900,09:05:15
2808,900,2527200,09:05:15
2810,100,281000,09:05:15
2809,100,280900,09:05:14
2811,100,281100,09:05:14
2809,100,280900,09:05:14
2810,100,281000,09:05:14
2810,100,281000,09:05:13
2814,800,2251200,09:05:13
2813,700,1969100,09:05:13
2812,300,843600,09:05:13
2810,200,562000,09:05:13
2812,100,281200,09:05:13
2810,100,281000,09:05:12
2812,100,281200,09:05:12
2812,100,281200,09:05:12
2811,100,281100,09:05:12
2810,100,281000,09:05:12
2812,100,281200,09:05:11
2809,300,842700,09:05:11
2810,100,281000,09:05:11
2811,200,562200,09:05:11
2810,100,281000,09:05:11
2809,100,280900,09:05:11
2809,100,280900,09:05:11
2811,100,281100,09:05:11
2810,1800,5058000,09:05:11
2810,100,281000,09:05:11
2811,1400,3935400,09:05:11
2815,100,281500,09:05:10
2814,300,844200,09:05:10
2813,200,562600,09:05:10
2815,200,563000,09:05:10
2812,100,281200,09:05:09
2814,100,281400,09:05:09
2813,1700,4782100,09:05:09
2814,100,281400,09:05:09
2814,300,844200,09:05:08
2816,100,281600,09:05:08
2817,300,845100,09:05:08
2816,100,281600,09:05:08
2818,100,281800,09:05:06
2817,100,281700,09:05:06
2818,500,1409000,09:05:05
2820,400,1128000,09:05:04
2820,100,282000,09:05:04
2820,200,564000,09:05:03
2819,500,1409500,09:05:03
2820,300,846000,09:05:03
2820,400,1128000,09:05:03
2819,1800,5074200,09:05:03
2820,200,564000,09:05:03
2822,100,282200,09:05:03
2820,100,282000,09:05:03
2821,200,564200,09:05:02
2819,100,281900,09:05:02
2817,100,281700,09:05:01
2816,200,563200,09:05:01
2814,100,281400,09:05:01
2815,1200,3378000,09:05:01
2815,100,281500,09:05:01
2816,800,2252800,09:05:01
2817,200,563400,09:05:01
2818,100,281800,09:05:01
2820,100,282000,09:05:00
2819,100,281900,09:05:00
2820,200,564000,09:05:00
2820,100,282000,09:05:00
2821,100,282100,09:05:00
2820,100,282000,09:05:00
2820,200,564000,09:05:00
2818,100,281800,09:04:59
2819,300,845700,09:04:58
2820,100,282000,09:04:58
2820,100,282000,09:04:58
2820,1000,2820000,09:04:58
2821,100,282100,09:04:58
2821,1500,4231500,09:04:57
2821,100,282100,09:04:57
2823,100,282300,09:04:56
2823,500,1411500,09:04:56
2824,2300,6495200,09:04:56
2825,300,847500,09:04:55
2825,1000,2825000,09:04:55
2823,100,282300,09:04:55
2822,100,282200,09:04:55
2821,100,282100,09:04:53
2824,300,847200,09:04:53
2820,800,2256000,09:04:53
2821,700,1974700,09:04:53
2822,500,1411000,09:04:53
2824,400,1129600,09:04:52
2823,400,1129200,09:04:52
2821,100,282100,09:04:51
2820,500,1410000,09:04:51
2822,100,282200,09:04:51
2819,100,281900,09:04:51
2821,1200,3385200,09:04:51
2820,1300,3666000,09:04:51
2819,100,281900,09:04:51
2819,100,281900,09:04:50
2819,100,281900,09:04:50
2819,100,281900,09:04:50
2820,100,282000,09:04:50
2822,100,282200,09:04:50
2819,100,281900,09:04:50
2819,100,281900,09:04:49
2820,300,846000,09:04:49
2821,300,846300,09:04:48
2818,100,281800,09:04:48
2818,1500,4227000,09:04:48
2819,600,1691400,09:04:48
2820,200,564000,09:04:48
2817,100,281700,09:04:48
2818,100,281800,09:04:48
2820,500,1410000,09:04:48
2820,100,282000,09:04:48
2816,400,1126400,09:04:48
2817,500,1408500,09:04:48
2818,600,1690800,09:04:48
2818,100,281800,09:04:48
2819,100,281900,09:04:48
2819,100,281900,09:04:48
2819,200,563800,09:04:48
2820,2400,6768000,09:04:48
2820,100,282000,09:04:48
2820,100,282000,09:04:48
2820,800,2256000,09:04:48
2821,2400,6770400,09:04:48
2822,300,846600,09:04:47
2823,100,282300,09:04:47
2823,100,282300,09:04:47
2823,100,282300,09:04:47
2823,600,1693800,09:04:47
2824,100,282400,09:04:47
2824,100,282400,09:04:47
2825,500,1412500,09:04:46
2823,100,282300,09:04:46
2823,100,282300,09:04:46
2823,200,564600,09:04:46
2822,100,282200,09:04:46
2822,100,282200,09:04:46
2823,1200,3387600,09:04:46
2824,100,282400,09:04:45
2824,100,282400,09:04:45
2824,900,2541600,09:04:45
2825,300,847500,09:04:45
2825,200,565000,09:04:45
2825,100,282500,09:04:45
2824,100,282400,09:04:44
2825,400,1130000,09:04:44
2826,200,565200,09:04:44
2825,100,282500,09:04:44
2825,200,565000,09:04:44
2825,200,565000,09:04:44
2825,300,847500,09:04:44
2826,100,282600,09:04:44
2826,100,282600,09:04:44
2827,1100,3109700,09:04:44
2827,100,282700,09:04:44
2828,1600,4524800,09:04:44
2828,500,1414000,09:04:44
2829,400,1131600,09:04:44
2829,100,282900,09:04:44
2829,100,282900,09:04:43
2830,1700,4811000,09:04:43
2830,300,849000,09:04:43
2831,500,1415500,09:04:43
2832,200,566400,09:04:43
2835,200,567000,09:04:42
2833,200,566600,09:04:42
2831,100,283100,09:04:42
2832,400,1132800,09:04:42
2832,1200,3398400,09:04:42
2833,400,1133200,09:04:42
2834,1000,2834000,09:04:41
2836,200,567200,09:04:41
2835,100,283500,09:04:40
2834,200,566800,09:04:40
2834,100,283400,09:04:39
2835,1600,4536000,09:04:39
2835,100,283500,09:04:38
2837,100,283700,09:04:37
2837,100,283700,09:04:37
2837,200,567400,09:04:37
2836,100,283600,09:04:37
2836,100,283600,09:04:37
2836,200,567200,09:04:37
2836,900,2552400,09:04:37
2837,600,1702200,09:04:36
2838,1000,2838000,09:04:36
2840,200,568000,09:04:35
2839,100,283900,09:04:35
2838,100,283800,09:04:34
2840,200,568000,09:04:33
2840,100,284000,09:04:33
2840,100,284000,09:04:32
2841,100,284100,09:04:32
2842,200,568400,09:04:30
2839,200,567800,09:04:30
2839,200,567800,09:04:30
2839,100,283900,09:04:30
2839,100,283900,09:04:30
2838,300,851400,09:04:30
2839,100,283900,09:04:30
2839,100,283900,09:04:30
2839,100,283900,09:04:30
2840,100,284000,09:04:30
2839,200,567800,09:04:30
2841,600,1704600,09:04:30
2842,200,568400,09:04:30
2842,100,284200,09:04:30
2844,300,853200,09:04:30
2843,400,1137200,09:04:30
2842,300,852600,09:04:30
2841,100,284100,09:04:29
2840,100,284000,09:04:28
2838,100,283800,09:04:28
2838,200,567600,09:04:28
2839,100,283900,09:04:27
2842,100,284200,09:04:26
2840,200,568000,09:04:26
2837,100,283700,09:04:24
2837,100,283700,09:04:24
2837,600,1702200,09:04:24
2836,100,283600,09:04:24
2837,100,283700,09:04:24
2836,100,283600,09:04:24
2837,400,1134800,09:04:24
2835,100,283500,09:04:24
2836,200,567200,09:04:23
2836,100,283600,09:04:23
2835,100,283500,09:04:23
2835,100,283500,09:04:22
2834,100,283400,09:04:22
2834,400,1133600,09:04:22
2832,600,1699200,09:04:22
2831,100,283100,09:04:22
2832,800,2265600,09:04:22
2833,200,566600,09:04:22
2833,100,283300,09:04:22
2831,100,283100,09:04:22
2832,100,283200,09:04:22
2831,100,283100,09:04:22
2832,200,566400,09:04:22
2830,100,283000,09:04:22
2830,100,283000,09:04:22
2831,100,283100,09:04:22
2831,100,283100,09:04:22
2831,100,283100,09:04:22
2829,100,282900,09:04:22
2832,100,283200,09:04:21
2830,2700,7641000,09:04:21
2831,100,283100,09:04:21
2831,100,283100,09:04:21
2832,200,566400,09:04:21
2833,100,283300,09:04:21
2833,200,566600,09:04:21
2833,200,566600,09:04:21
2833,100,283300,09:04:21
2832,100,283200,09:04:21
2833,800,2266400,09:04:21
2833,400,1133200,09:04:21
2834,100,283400,09:04:20
2834,200,566800,09:04:20
2835,100,283500,09:04:20
2835,100,283500,09:04:20
2835,300,850500,09:04:20
2835,100,283500,09:04:20
2835,100,283500,09:04:20
2835,100,283500,09:04:20
2836,100,283600,09:04:20
2836,100,283600,09:04:20
2838,100,283800,09:04:20
2837,100,283700,09:04:20
2836,100,283600,09:04:20
2836,100,283600,09:04:20
2837,500,1418500,09:04:20
2838,400,1135200,09:04:20
2839,100,283900,09:04:19
2839,300,851700,09:04:19
2839,100,283900,09:04:18
2840,100,284000,09:04:17
2839,1600,4542400,09:04:17
2840,100,284000,09:04:17
2841,100,284100,09:04:17
2840,200,568000,09:04:17
2840,300,852000,09:04:17
2839,100,283900,09:04:17
2838,300,851400,09:04:17
2839,100,283900,09:04:15
2838,100,283800,09:04:15
2839,100,283900,09:04:15
2838,100,283800,09:04:15
2836,100,283600,09:04:15
2836,100,283600,09:04:15
2836,200,567200,09:04:15
2836,1300,3686800,09:04:15
2834,100,283400,09:04:15
2835,1800,5103000,09:04:15
2836,100,283600,09:04:15
2837,100,283700,09:04:15
2838,900,2554200,09:04:15
2840,300,852000,09:04:14
2840,100,284000,09:04:13
2838,100,283800,09:04:13
2840,100,284000,09:04:13
2840,100,284000,09:04:13
2839,100,283900,09:04:12
2837,100,283700,09:04:12
2837,100,283700,09:04:12
2837,100,283700,09:04:12
2838,800,2270400,09:04:12
2839,2000,5678000,09:04:12
2840,200,568000,09:04:12
2840,200,568000,09:04:12
2841,200,568200,09:04:12
2841,100,284100,09:04:12
2844,100,284400,09:04:12
2841,1300,3693300,09:04:12
2842,500,1421000,09:04:12
2845,200,569000,09:04:12
2846,400,1138400,09:04:12
2845,600,1707000,09:04:11
2844,100,284400,09:04:11
2845,100,284500,09:04:11
2845,100,284500,09:04:11
2843,500,1421500,09:04:11
2846,100,284600,09:04:11
2845,100,284500,09:04:10
2845,100,284500,09:04:10
2844,100,284400,09:04:10
2845,200,569000,09:04:10
2846,100,284600,09:04:10
2846,100,284600,09:04:10
2846,100,284600,09:04:09
2844,200,568800,09:04:09
2842,500,1421000,09:04:09
2844,100,284400,09:04:09
2843,100,284300,09:04:08
2846,100,284600,09:04:08
2845,100,284500,09:04:08
2845,100,284500,09:04:08
2845,100,284500,09:04:07
2844,100,284400,09:04:07
2843,100,284300,09:04:07
2842,900,2557800,09:04:07
2843,100,284300,09:04:07
2844,100,284400,09:04:07
2844,100,284400,09:04:07
2842,200,568400,09:04:07
2843,800,2274400,09:04:07
2841,100,284100,09:04:06
2841,100,284100,09:04:06
2841,100,284100,09:04:06
2841,100,284100,09:04:06
2841,200,568200,09:04:06
2843,200,568600,09:04:06
2844,400,1137600,09:04:06
2847,100,284700,09:04:05
2847,100,284700,09:04:05
2846,400,1138400,09:04:04
2847,100,284700,09:04:04
2847,300,854100,09:04:04
2848,100,284800,09:04:04
2850,600,1710000,09:04:04
2849,1500,4273500,09:04:04
2848,100,284800,09:04:04
2847,700,1992900,09:04:04
2845,100,284500,09:04:04
2846,1000,2846000,09:04:04
2848,100,284800,09:04:03
2847,100,284700,09:04:03
2847,100,284700,09:04:03
2846,100,284600,09:04:02
2847,100,284700,09:04:02
2848,100,284800,09:04:02
2848,900,2563200,09:04:02
2850,100,285000,09:04:02
2849,400,1139600,09:04:02
2851,500,1425500,09:04:02
2850,400,1140000,09:04:02
2849,100,284900,09:04:01
2851,200,570200,09:04:01
2852,100,285200,09:04:01
2851,100,285100,09:04:01
2850,200,570000,09:04:01
2849,200,569800,09:04:00
2849,600,1709400,09:04:00
2849,100,284900,09:04:00
2848,300,854400,09:04:00
2848,200,569600,09:04:00
2848,100,284800,09:04:00
2847,600,1708200,09:04:00
2847,200,569400,09:04:00
2846,200,569200,09:04:00
2844,100,284400,09:04:00
2844,100,284400,09:04:00
2842,200,568400,09:04:00
2841,800,2272800,09:04:00
2841,100,284100,09:03:59
2840,200,568000,09:03:59
2839,100,283900,09:03:59
2840,200,568000,09:03:59
2839,200,567800,09:03:59
2839,100,283900,09:03:59
2838,100,283800,09:03:59
2840,600,1704000,09:03:58
2839,300,851700,09:03:58
2839,100,283900,09:03:57
2838,400,1135200,09:03:56
2835,200,567000,09:03:56
2837,400,1134800,09:03:56
2838,100,283800,09:03:56
2836,1200,3403200,09:03:56
2837,900,2553300,09:03:56
2837,100,283700,09:03:56
2838,200,567600,09:03:56
2838,200,567600,09:03:54
2836,100,283600,09:03:54
2836,100,283600,09:03:54
2834,100,283400,09:03:54
2834,100,283400,09:03:54
2835,100,283500,09:03:54
2835,500,1417500,09:03:54
2835,100,283500,09:03:53
2836,200,567200,09:03:53
2837,200,567400,09:03:53
2837,100,283700,09:03:53
2837,100,283700,09:03:53
2835,300,850500,09:03:53
2838,100,283800,09:03:52
2835,100,283500,09:03:52
2835,100,283500,09:03:50
2834,400,1133600,09:03:50
2835,100,283500,09:03:50
2836,100,283600,09:03:50
2834,100,283400,09:03:49
2835,200,567000,09:03:49
2835,100,283500,09:03:49
2837,100,283700,09:03:49
2836,500,1418000,09:03:49
2833,100,283300,09:03:48
2834,100,283400,09:03:47
2834,100,283400,09:03:47
2835,200,567000,09:03:47
2832,800,2265600,09:03:47
2832,200,566400,09:03:47
2830,100,283000,09:03:47
2830,200,566000,09:03:47
2831,100,283100,09:03:47
2832,100,283200,09:03:47
2833,600,1699800,09:03:47
2835,100,283500,09:03:47
2833,200,566600,09:03:47
2835,500,1417500,09:03:47
2835,100,283500,09:03:47
2833,100,283300,09:03:47
2835,100,283500,09:03:47
2834,3000,8502000,09:03:47
2833,800,2266400,09:03:47
2831,300,849300,09:03:47
2830,100,283000,09:03:47
2830,300,849000,09:03:47
2830,200,566000,09:03:47
2830,200,566000,09:03:47
2831,100,283100,09:03:47
2831,100,283100,09:03:47
2831,200,566200,09:03:46
2832,100,283200,09:03:46
2833,200,566600,09:03:46
2835,100,283500,09:03:46
2834,300,850200,09:03:46
2833,100,283300,09:03:46
2833,200,566600,09:03:46
2833,100,283300,09:03:46
2832,100,283200,09:03:46
2832,500,1416000,09:03:45
2831,100,283100,09:03:45
2832,100,283200,09:03:45
2832,100,283200,09:03:45
2832,800,2265600,09:03:45
2831,200,566200,09:03:45
2829,100,282900,09:03:45
2830,200,566000,09:03:44
2829,600,1697400,09:03:44
2828,100,282800,09:03:44
2825,900,2542500,09:03:44
2826,600,1695600,09:03:44
2827,800,2261600,09:03:44
2829,100,282900,09:03:44
2829,100,282900,09:03:44
2828,600,1696800,09:03:44
2830,200,566000,09:03:44
2829,400,1131600,09:03:44
2827,100,282700,09:03:44
2828,100,282800,09:03:44
2826,600,1695600,09:03:44
2827,400,1130800,09:03:44
2827,400,1130800,09:03:44
2827,100,282700,09:03:43
2826,200,565200,09:03:43
2827,200,565400,09:03:42
2828,300,848400,09:03:42
2829,100,282900,09:03:42
2828,100,282800,09:03:41
2829,400,1131600,09:03:41
2829,100,282900,09:03:41
2829,100,282900,09:03:41
2830,100,283000,09:03:41
2830,100,283000,09:03:41
2831,100,283100,09:03:41
2832,100,283200,09:03:40
2834,100,283400,09:03:40
2833,600,1699800,09:03:40
2832,200,566400,09:03:40
2831,100,283100,09:03:40
2832,100,283200,09:03:40
2831,100,283100,09:03:40
2832,100,283200,09:03:40
2832,100,283200,09:03:39
2831,100,283100,09:03:39
2831,100,283100,09:03:39
2831,200,566200,09:03:39
2832,200,566400,09:03:39
2832,100,283200,09:03:39
2833,200,566600,09:03:39
2834,100,283400,09:03:39
2835,200,567000,09:03:39
2835,100,283500,09:03:38
2835,100,283500,09:03:38
2835,400,1134000,09:03:38
2833,100,283300,09:03:38
2833,300,849900,09:03:38
2833,100,283300,09:03:38
2833,500,1416500,09:03:38
2834,200,566800,09:03:38
2834,200,566800,09:03:37
2835,100,283500,09:03:37
2836,100,283600,09:03:37
2834,200,566800,09:03:37
2834,100,283400,09:03:37
2834,100,283400,09:03:37
2834,100,283400,09:03:37
2835,100,283500,09:03:37
2834,200,566800,09:03:37
2834,100,283400,09:03:37
2835,200,567000,09:03:37
2830,1700,4811000,09:03:37
2831,700,1981700,09:03:37
2832,2000,5664000,09:03:37
2833,400,1133200,09:03:37
2834,200,566800,09:03:37
2836,200,567200,09:03:37
2836,100,283600,09:03:37
2837,1500,4255500,09:03:37
2838,2000,5676000,09:03:37
2839,100,283900,09:03:37
2840,400,1136000,09:03:36
2840,100,284000,09:03:36
2838,100,283800,09:03:36
2838,100,283800,09:03:36
2839,200,567800,09:03:36
2841,100,284100,09:03:36
2841,200,568200,09:03:36
2840,200,568000,09:03:36
2841,100,284100,09:03:36
2842,400,1136800,09:03:36
2844,300,853200,09:03:35
2843,100,284300,09:03:35
2843,500,1421500,09:03:35
2843,100,284300,09:03:35
2843,100,284300,09:03:35
2843,100,284300,09:03:35
2843,200,568600,09:03:35
2845,300,853500,09:03:35
2844,400,1137600,09:03:35
2843,700,1990100,09:03:34
2843,800,2274400,09:03:34
2841,100,284100,09:03:34
2842,100,284200,09:03:34
2843,100,284300,09:03:34
2843,100,284300,09:03:34
2844,100,284400,09:03:34
2843,100,284300,09:03:33
2845,300,853500,09:03:33
2842,200,568400,09:03:33
2839,200,567800,09:03:33
2840,200,568000,09:03:33
2842,100,284200,09:03:33
2842,200,568400,09:03:33
2842,100,284200,09:03:33
2840,100,284000,09:03:33
2840,200,568000,09:03:33
2841,100,284100,09:03:33
2841,100,284100,09:03:33
2840,1100,3124000,09:03:33
2841,900,2556900,09:03:33
2842,500,1421000,09:03:33
2843,300,852900,09:03:33
2844,600,1706400,09:03:33
2844,100,284400,09:03:33
2844,100,284400,09:03:33
2844,100,284400,09:03:33
2845,100,284500,09:03:33
2844,200,568800,09:03:33
2845,200,569000,09:03:33
2845,100,284500,09:03:33
2846,200,569200,09:03:33
2846,100,284600,09:03:33
2847,3200,9110400,09:03:33
2848,200,569600,09:03:33
2848,100,284800,09:03:33
2849,100,284900,09:03:33
2849,100,284900,09:03:33
2849,100,284900,09:03:33
2849,600,1709400,09:03:33
2850,4500,12825000,09:03:33
2850,1700,4845000,09:03:33
2850,5100,14535000,09:03:33
2854,300,856200,09:03:32
2853,100,285300,09:03:32
2855,100,285500,09:03:32
2853,300,855900,09:03:31
2853,100,285300,09:03:31
2853,100,285300,09:03:30
2851,100,285100,09:03:30
2850,400,1140000,09:03:30
2850,300,855000,09:03:29
2850,100,285000,09:03:29
2851,100,285100,09:03:28
2850,2100,5985000,09:03:28
2850,300,855000,09:03:28
2850,100,285000,09:03:27
2850,100,285000,09:03:27
2851,100,285100,09:03:26
2851,100,285100,09:03:26
2853,100,285300,09:03:26
2852,100,285200,09:03:26
2851,500,1425500,09:03:25
2852,100,285200,09:03:25
2854,100,285400,09:03:24
2852,100,285200,09:03:24
2853,100,285300,09:03:24
2853,100,285300,09:03:24
2853,200,570600,09:03:24
2854,1000,2854000,09:03:22
2852,300,855600,09:03:22
2854,200,570800,09:03:22
2854,100,285400,09:03:22
2854,200,570800,09:03:22
2855,100,285500,09:03:22
2855,100,285500,09:03:21
2855,100,285500,09:03:21
2855,200,571000,09:03:21
2855,100,285500,09:03:21
2856,200,571200,09:03:21
2856,200,571200,09:03:21
2856,100,285600,09:03:21
2856,100,285600,09:03:21
2856,100,285600,09:03:21
2856,100,285600,09:03:21
2856,500,1428000,09:03:21
2856,100,285600,09:03:21
2857,100,285700,09:03:20
2857,200,571400,09:03:20
2857,200,571400,09:03:20
2857,800,2285600,09:03:20
2860,800,2288000,09:03:19
2859,300,857700,09:03:19
2859,400,1143600,09:03:19
2858,100,285800,09:03:18
2858,100,285800,09:03:18
2860,100,286000,09:03:17
2859,100,285900,09:03:17
2858,200,571600,09:03:17
2858,500,1429000,09:03:17
2858,300,857400,09:03:17
2858,900,2572200,09:03:17
2860,100,286000,09:03:16
2860,100,286000,09:03:16
2859,100,285900,09:03:15
2861,1000,2861000,09:03:15
2860,300,858000,09:03:15
2858,500,1429000,09:03:15
2859,100,285900,09:03:15
2859,400,1143600,09:03:15
2859,200,571800,09:03:13
2858,100,285800,09:03:13
2858,100,285800,09:03:13
2858,400,1143200,09:03:13
2859,200,571800,09:03:13
2860,100,286000,09:03:13
2860,100,286000,09:03:13
2860,200,572000,09:03:13
2860,100,286000,09:03:13
2859,100,285900,09:03:13
2859,300,857700,09:03:13
2859,200,571800,09:03:13
2859,200,571800,09:03:13
2859,200,571800,09:03:13
2859,200,571800,09:03:13
2859,100,285900,09:03:13
2859,100,285900,09:03:13
2858,300,857400,09:03:13
2857,600,1714200,09:03:13
2855,200,571000,09:03:12
2856,100,285600,09:03:12
2855,100,285500,09:03:12
2855,100,285500,09:03:12
2857,100,285700,09:03:12
2857,100,285700,09:03:12
2857,200,571400,09:03:12
2856,100,285600,09:03:12
2856,100,285600,09:03:12
2856,100,285600,09:03:11
2856,100,285600,09:03:11
2856,100,285600,09:03:11
2855,100,285500,09:03:10
2856,100,285600,09:03:10
2856,100,285600,09:03:10
2855,300,856500,09:03:10
2852,300,855600,09:03:10
2853,900,2567700,09:03:10
2854,100,285400,09:03:10
2855,200,571000,09:03:10
2855,400,1142000,09:03:10
2856,200,571200,09:03:10
2856,300,856800,09:03:10
2855,100,285500,09:03:10
2854,100,285400,09:03:10
2854,100,285400,09:03:10
2854,300,856200,09:03:10
2854,100,285400,09:03:09
2855,800,2284000,09:03:09
2856,100,285600,09:03:09
2858,100,285800,09:03:09
2856,400,1142400,09:03:08
2860,400,1144000,09:03:08
2856,200,571200,09:03:08
2857,800,2285600,09:03:08
2859,200,571800,09:03:07
2860,700,2002000,09:03:07
2858,100,285800,09:03:07
2859,500,1429500,09:03:07
2857,100,285700,09:03:07
2858,100,285800,09:03:07
2859,200,571800,09:03:07
2860,200,572000,09:03:07
2859,100,285900,09:03:07
2861,100,286100,09:03:07
2861,100,286100,09:03:06
2861,300,858300,09:03:06
2861,300,858300,09:03:05
2860,100,286000,09:03:05
2858,100,285800,09:03:05
2859,500,1429500,09:03:05
2857,200,571400,09:03:05
2857,200,571400,09:03:05
2858,100,285800,09:03:05
2857,400,1142800,09:03:05
2858,200,571600,09:03:05
2857,300,857100,09:03:04
2858,200,571600,09:03:04
2861,100,286100,09:03:04
2859,400,1143600,09:03:04
2857,300,857100,09:03:04
2859,100,285900,09:03:04
2861,100,286100,09:03:04
2860,400,1144000,09:03:03
2860,100,286000,09:03:03
2861,100,286100,09:03:03
2863,100,286300,09:03:03
2863,100,286300,09:03:03
2864,100,286400,09:03:03
2864,600,1718400,09:03:03
2864,300,859200,09:03:03
2864,100,286400,09:03:02
2865,100,286500,09:03:02
2866,200,573200,09:03:02
2867,100,286700,09:03:02
2869,100,286900,09:03:02
2867,100,286700,09:03:02
2867,100,286700,09:03:02
2868,100,286800,09:03:02
2870,100,287000,09:03:01
2869,100,286900,09:03:01
2869,600,1721400,09:03:01
2870,200,574000,09:03:01
2871,100,287100,09:03:01
2871,300,861300,09:03:00
2871,300,861300,09:03:00
2873,100,287300,09:03:00
2871,300,861300,09:03:00
2872,100,287200,09:03:00
2873,100,287300,09:03:00
2872,200,574400,09:03:00
2871,400,1148400,09:03:00
2870,100,287000,09:03:00
2870,100,287000,09:03:00
2871,200,574200,09:02:59
2870,100,287000,09:02:59
2869,200,573800,09:02:59
2869,800,2295200,09:02:59
2870,200,574000,09:02:59
2870,100,287000,09:02:59
2870,100,287000,09:02:59
2872,600,1723200,09:02:59
2871,200,574200,09:02:59
2869,200,573800,09:02:59
2870,300,861000,09:02:59
2872,200,574400,09:02:59
2871,300,861300,09:02:59
2870,100,287000,09:02:58
2870,100,287000,09:02:58
2867,100,286700,09:02:58
2868,700,2007600,09:02:58
2870,100,287000,09:02:58
2867,100,286700,09:02:58
2868,200,573600,09:02:58
2870,100,287000,09:02:58
2867,100,286700,09:02:58
2868,300,860400,09:02:58
2868,100,286800,09:02:58
2870,100,287000,09:02:58
2868,100,286800,09:02:58
2868,100,286800,09:02:58
2868,100,286800,09:02:58
2868,100,286800,09:02:58
2867,100,286700,09:02:58
2868,200,573600,09:02:58
2869,200,573800,09:02:58
2870,1700,4879000,09:02:58
2871,100,287100,09:02:57
2871,100,287100,09:02:57
2871,100,287100,09:02:57
2873,100,287300,09:02:56
2873,100,287300,09:02:56
2872,100,287200,09:02:56
2872,100,287200,09:02:56
2874,100,287400,09:02:56
2873,500,1436500,09:02:55
2875,200,575000,09:02:55
2873,100,287300,09:02:55
2872,100,287200,09:02:54
2872,100,287200,09:02:54
2873,400,1149200,09:02:54
2873,100,287300,09:02:54
2873,2100,6033300,09:02:54
2873,100,287300,09:02:54
2873,100,287300,09:02:54
2876,100,287600,09:02:54
2875,500,1437500,09:02:54
2874,100,287400,09:02:54
2875,600,1725000,09:02:54
2872,100,287200,09:02:53
2875,100,287500,09:02:53
2874,400,1149600,09:02:52
2874,100,287400,09:02:52
2875,200,575000,09:02:52
2877,300,863100,09:02:52
2875,200,575000,09:02:52
2877,100,287700,09:02:52
2875,100,287500,09:02:51
2876,300,862800,09:02:51
2874,100,287400,09:02:51
2875,400,1150000,09:02:51
2877,200,575400,09:02:51
2874,100,287400,09:02:51
2875,200,575000,09:02:51
2874,900,2586600,09:02:51
2873,100,287300,09:02:51
2873,100,287300,09:02:51
2873,100,287300,09:02:51
2874,100,287400,09:02:51
2875,100,287500,09:02:50
2874,100,287400,09:02:50
2873,100,287300,09:02:50
2875,700,2012500,09:02:50
2876,100,287600,09:02:50
2876,100,287600,09:02:48
2877,100,287700,09:02:48
2876,100,287600,09:02:48
2877,100,287700,09:02:48
2879,200,575800,09:02:47
2878,700,2014600,09:02:47
2877,100,287700,09:02:47
2875,100,287500,09:02:47
2877,100,287700,09:02:47
2876,100,287600,09:02:46
2875,100,287500,09:02:46
2874,300,862200,09:02:46
2872,300,861600,09:02:45
2872,100,287200,09:02:44
2872,100,287200,09:02:44
2873,300,861900,09:02:44
2873,100,287300,09:02:44
2876,100,287600,09:02:44
2874,100,287400,09:02:44
2873,200,574600,09:02:44
2874,300,862200,09:02:44
2874,100,287400,09:02:44
2875,300,862500,09:02:44
2876,100,287600,09:02:44
2877,500,1438500,09:02:44
2874,100,287400,09:02:44
2874,500,1437000,09:02:43
2875,100,287500,09:02:43
2876,100,287600,09:02:43
2875,100,287500,09:02:43
2876,300,862800,09:02:43
2876,100,287600,09:02:43
2877,300,863100,09:02:43
2877,200,575400,09:02:43
2878,600,1726800,09:02:43
2879,600,1727400,09:02:43
2880,1300,3744000,09:02:43
2881,400,1152400,09:02:41
2882,100,288200,09:02:41
2882,200,576400,09:02:41
2882,100,288200,09:02:41
2883,100,288300,09:02:41
2883,300,864900,09:02:41
2883,100,288300,09:02:41
2884,100,288400,09:02:40
2883,100,288300,09:02:40
2883,500,1441500,09:02:40
2884,3000,8652000,09:02:40
2885,1500,4327500,09:02:40
2886,400,1154400,09:02:40
2887,100,288700,09:02:40
2887,100,288700,09:02:40
2887,100,288700,09:02:40
2888,300,866400,09:02:40
2888,100,288800,09:02:40
2888,100,288800,09:02:40
2891,100,289100,09:02:39
2889,200,577800,09:02:38
2891,100,289100,09:02:38
2892,100,289200,09:02:37
2891,100,289100,09:02:36
2889,100,288900,09:02:35
2889,100,288900,09:02:35
2889,500,1444500,09:02:35
2890,700,2023000,09:02:35
2891,300,867300,09:02:35
2892,100,289200,09:02:35
2892,100,289200,09:02:35
2892,100,289200,09:02:35
2891,100,289100,09:02:35
2891,100,289100,09:02:35
2890,100,289000,09:02:34
2889,100,288900,09:02:34
2888,200,577600,09:02:34
2888,300,866400,09:02:34
2886,100,288600,09:02:33
2887,500,1443500,09:02:33
2889,100,288900,09:02:33
2886,300,865800,09:02:33
2888,100,288800,09:02:32
2888,200,577600,09:02:32
2887,100,288700,09:02:32
2885,400,1154000,09:02:32
2886,600,1731600,09:02:32
2887,100,288700,09:02:32
2887,100,288700,09:02:32
2888,500,1444000,09:02:31
2888,100,288800,09:02:31
2888,300,866400,09:02:31
2890,100,289000,09:02:31
2889,100,288900,09:02:30
2889,200,577800,09:02:30
2889,200,577800,09:02:30
2889,100,288900,09:02:30
2890,1500,4335000,09:02:30
2890,200,578000,09:02:30
2891,100,289100,09:02:30
2891,100,289100,09:02:29
2892,100,289200,09:02:29
2895,600,1737000,09:02:29
2894,400,1157600,09:02:29
2893,200,578600,09:02:29
2892,300,867600,09:02:28
2894,100,289400,09:02:28
2894,100,289400,09:02:28
2893,200,578600,09:02:27
2894,200,578800,09:02:27
2895,100,289500,09:02:27
2894,100,289400,09:02:27
2893,500,1446500,09:02:27
2892,300,867600,09:02:27
2891,100,289100,09:02:26
2892,100,289200,09:02:26
2891,300,867300,09:02:26
2892,100,289200,09:02:26
2893,200,578600,09:02:26
2892,100,289200,09:02:25
2892,100,289200,09:02:25
2895,100,289500,09:02:25
2895,200,579000,09:02:24
2895,100,289500,09:02:23
2896,100,289600,09:02:23
2896,100,289600,09:02:23
2893,300,867900,09:02:22
2894,100,289400,09:02:22
2894,100,289400,09:02:22
2894,100,289400,09:02:22
2894,100,289400,09:02:22
2894,100,289400,09:02:21
2894,100,289400,09:02:21
2894,100,289400,09:02:21
2892,100,289200,09:02:21
2894,200,578800,09:02:21
2895,800,2316000,09:02:21
2896,100,289600,09:02:21
2896,100,289600,09:02:21
2898,200,579600,09:02:21
2895,400,1158000,09:02:21
2896,500,1448000,09:02:21
2897,100,289700,09:02:21
2898,100,289800,09:02:20
2898,200,579600,09:02:20
2898,200,579600,09:02:20
2898,200,579600,09:02:20
2899,400,1159600,09:02:20
2899,100,289900,09:02:20
2900,1700,4930000,09:02:20
2902,200,580400,09:02:20
2902,200,580400,09:02:20
2900,100,290000,09:02:19
2903,200,580600,09:02:19
2902,200,580400,09:02:19
2902,200,580400,09:02:18
2902,300,870600,09:02:18
2904,400,1161600,09:02:18
2904,100,290400,09:02:18
2903,100,290300,09:02:18
2902,300,870600,09:02:18
2901,300,870300,09:02:18
2902,100,290200,09:02:18
2901,400,1160400,09:02:18
2901,100,290100,09:02:18
2901,400,1160400,09:02:18
2903,100,290300,09:02:18
2903,100,290300,09:02:18
2903,200,580600,09:02:17
2902,200,580400,09:02:17
2904,600,1742400,09:02:17
2905,100,290500,09:02:17
2904,100,290400,09:02:17
2904,700,2032800,09:02:17
2905,500,1452500,09:02:17
2908,100,290800,09:02:16
2905,100,290500,09:02:16
2907,1000,2907000,09:02:16
2906,100,290600,09:02:16
2905,600,1743000,09:02:16
2905,200,581000,09:02:16
2904,100,290400,09:02:15
2905,100,290500,09:02:15
2905,300,871500,09:02:15
2906,400,1162400,09:02:15
2905,300,871500,09:02:15
2904,300,871200,09:02:15
2903,100,290300,09:02:14
2904,100,290400,09:02:14
2904,100,290400,09:02:14
2903,100,290300,09:02:14
2902,500,1451000,09:02:13
2902,100,290200,09:02:13
2903,1000,2903000,09:02:13
2904,100,290400,09:02:13
2904,100,290400,09:02:13
2905,100,290500,09:02:12
2904,100,290400,09:02:11
2903,100,290300,09:02:11
2902,400,1160800,09:02:11
2905,100,290500,09:02:10
2904,600,1742400,09:02:10
2903,100,290300,09:02:10
2902,100,290200,09:02:10
2901,200,580200,09:02:10
2901,100,290100,09:02:10
2900,100,290000,09:02:10
2900,200,580000,09:02:10
2900,100,290000,09:02:10
2900,100,290000,09:02:10
2899,300,869700,09:02:10
2899,200,579800,09:02:09
2900,200,580000,09:02:07
2900,100,290000,09:02:07
2900,900,2610000,09:02:07
2897,100,289700,09:02:06
2898,100,289800,09:02:05
2899,100,289900,09:02:05
2899,300,869700,09:02:05
2900,500,1450000,09:02:05
2898,100,289800,09:02:05
2899,400,1159600,09:02:05
2899,100,289900,09:02:05
2898,300,869400,09:02:05
2898,100,289800,09:02:05
2900,100,290000,09:02:04
2898,200,579600,09:02:04
2898,200,579600,09:02:03
2901,100,290100,09:02:03
2900,200,580000,09:02:03
2899,100,289900,09:02:03
2900,400,1160000,09:02:03
2899,400,1159600,09:02:02
2899,100,289900,09:02:02
2899,100,289900,09:02:02
2898,400,1159200,09:02:01
2896,1000,2896000,09:02:00
2895,100,289500,09:02:00
2896,100,289600,09:02:00
2895,400,1158000,09:02:00
2892,200,578400,09:02:00
2893,800,2314400,09:02:00
2891,100,289100,09:01:59
2892,200,578400,09:01:59
2890,100,289000,09:01:59
2888,100,288800,09:01:59
2888,300,866400,09:01:59
2889,100,288900,09:01:59
2891,100,289100,09:01:59
2891,100,289100,09:01:59
2890,600,1734000,09:01:58
2891,100,289100,09:01:58
2891,100,289100,09:01:58
2892,100,289200,09:01:57
2892,100,289200,09:01:57
2893,400,1157200,09:01:56
2893,100,289300,09:01:56
2892,100,289200,09:01:56
2893,100,289300,09:01:56
2893,100,289300,09:01:56
2893,100,289300,09:01:56
2891,200,578200,09:01:56
2891,200,578200,09:01:56
2892,100,289200,09:01:56
2891,200,578200,09:01:56
2893,100,289300,09:01:56
2893,100,289300,09:01:56
2890,100,289000,09:01:56
2894,800,2315200,09:01:56
2893,200,578600,09:01:56
2891,400,1156400,09:01:56
2891,100,289100,09:01:56
2892,200,578400,09:01:56
2892,100,289200,09:01:56
2893,1600,4628800,09:01:56
2893,200,578600,09:01:56
2894,300,868200,09:01:56
2894,100,289400,09:01:56
2894,900,2604600,09:01:56
2894,1100,3183400,09:01:56
2895,1000,2895000,09:01:56
2898,100,289800,09:01:55
2897,100,289700,09:01:55
2895,200,579000,09:01:55
2895,200,579000,09:01:55
2896,100,289600,09:01:54
2896,200,579200,09:01:54
2897,100,289700,09:01:54
2898,100,289800,09:01:54
2896,100,289600,09:01:54
2898,600,1738800,09:01:54
2897,400,1158800,09:01:54
2897,100,289700,09:01:54
2896,100,289600,09:01:54
2896,100,289600,09:01:54
2893,100,289300,09:01:53
2896,100,289600,09:01:53
2893,100,289300,09:01:53
2894,600,1736400,09:01:53
2896,400,1158400,09:01:53
2896,100,289600,09:01:53
2897,900,2607300,09:01:53
2899,100,289900,09:01:53
2897,100,289700,09:01:53
2899,800,2319200,09:01:53
2899,100,289900,09:01:53
2899,100,289900,09:01:53
2900,1900,5510000,09:01:53
2900,100,290000,09:01:53
2901,100,290100,09:01:53
2902,100,290200,09:01:53
2903,100,290300,09:01:53
2904,300,871200,09:01:52
2905,300,871500,09:01:52
2907,100,290700,09:01:52
2905,100,290500,09:01:52
2907,100,290700,09:01:52
2907,100,290700,09:01:52
2907,100,290700,09:01:52
2903,200,580600,09:01:52
2906,300,871800,09:01:52
2905,300,871500,09:01:52
2904,200,580800,09:01:52
2903,1000,2903000,09:01:52
2900,100,290000,09:01:52
2901,500,1450500,09:01:52
2901,100,290100,09:01:52
2901,100,290100,09:01:52
2902,1800,5223600,09:01:52
2903,200,580600,09:01:52
2903,100,290300,09:01:52
2904,100,290400,09:01:52
2906,100,290600,09:01:52
2906,100,290600,09:01:51
2905,100,290500,09:01:51
2903,100,290300,09:01:51
2905,300,871500,09:01:51
2906,300,871800,09:01:50
2905,300,871500,09:01:50
2905,100,290500,09:01:50
2905,300,871500,09:01:50
2905,100,290500,09:01:50
2903,400,1161200,09:01:49
2905,400,1162000,09:01:49
2906,100,290600,09:01:49
2908,100,290800,09:01:49
2907,500,1453500,09:01:49
2906,100,290600,09:01:49
2906,100,290600,09:01:49
2909,200,581800,09:01:48
2910,3300,9603000,09:01:48
2911,1200,3493200,09:01:48
2912,1300,3785600,09:01:48
2913,2000,5826000,09:01:48
2914,2900,8450600,09:01:48
2915,1500,4372500,09:01:48
2916,800,2332800,09:01:48
2917,100,291700,09:01:48
2918,100,291800,09:01:48
2920,200,584000,09:01:48
2918,400,1167200,09:01:47
2920,900,2628000,09:01:47
2918,200,583600,09:01:47
2918,100,291800,09:01:47
2918,100,291800,09:01:47
2921,100,292100,09:01:46
2919,200,583800,09:01:46
2917,100,291700,09:01:46
2917,100,291700,09:01:46
2918,1000,2918000,09:01:46
2917,200,583400,09:01:46
2919,100,291900,09:01:46
2916,500,1458000,09:01:46
2917,900,2625300,09:01:46
2916,500,1458000,09:01:46
2916,100,291600,09:01:46
2916,200,583200,09:01:46
2914,600,1748400,09:01:46
2915,400,1166000,09:01:46
2916,100,291600,09:01:46
2916,100,291600,09:01:46
2917,100,291700,09:01:46
2919,500,1459500,09:01:46
2920,7600,22192000,09:01:46
2921,100,292100,09:01:46
2921,100,292100,09:01:46
2921,100,292100,09:01:46
2921,100,292100,09:01:46
2921,100,292100,09:01:46
2920,400,1168000,09:01:46
2921,100,292100,09:01:46
2921,600,1752600,09:01:46
2921,300,876300,09:01:46
2920,3400,9928000,09:01:46
2920,400,1168000,09:01:46
2920,100,292000,09:01:46
2920,5300,15476000,09:01:46
2920,300,876000,09:01:46
2919,100,291900,09:01:45
2918,100,291800,09:01:45
2919,100,291900,09:01:45
2920,1100,3212000,09:01:45
2919,300,875700,09:01:45
2920,2100,6132000,09:01:45
2919,3300,9632700,09:01:45
2918,2800,8170400,09:01:45
2917,6800,19835600,09:01:45
2916,3300,9622800,09:01:45
2915,1300,3789500,09:01:45
2914,8300,24186200,09:01:45
2913,100,291300,09:01:45
2912,200,582400,09:01:45
2914,200,582800,09:01:45
2913,1700,4952100,09:01:45
2913,200,582600,09:01:45
2913,1500,4369500,09:01:45
2912,2100,6115200,09:01:45
2908,200,581600,09:01:45
2908,100,290800,09:01:45
2908,300,872400,09:01:45
2908,100,290800,09:01:45
2908,100,290800,09:01:44
2909,100,290900,09:01:44
2910,200,582000,09:01:44
2911,400,1164400,09:01:44
2912,100,291200,09:01:44
2911,700,2037700,09:01:44
2912,100,291200,09:01:44
2911,200,582200,09:01:44
2911,100,291100,09:01:44
2911,600,1746600,09:01:44
2910,4200,12222000,09:01:44
2909,100,290900,09:01:44
2909,100,290900,09:01:44
2908,1200,3489600,09:01:44
2907,500,1453500,09:01:44
2906,100,290600,09:01:44
2905,200,581000,09:01:44
2904,200,580800,09:01:44
2904,100,290400,09:01:44
2904,100,290400,09:01:44
2906,100,290600,09:01:44
2906,100,290600,09:01:44
2906,600,1743600,09:01:43
2905,400,1162000,09:01:43
2903,300,870900,09:01:43
2904,100,290400,09:01:43
2905,300,871500,09:01:43
2905,100,290500,09:01:43
2905,100,290500,09:01:43
2906,100,290600,09:01:43
2906,400,1162400,09:01:43
2907,200,581400,09:01:43
2908,200,581600,09:01:42
2908,200,581600,09:01:42
2908,200,581600,09:01:41
2908,100,290800,09:01:41
2908,100,290800,09:01:41
2910,100,291000,09:01:41
2907,700,2034900,09:01:41
2907,500,1453500,09:01:41
2907,400,1162800,09:01:41
2908,100,290800,09:01:41
2908,500,1454000,09:01:41
2908,100,290800,09:01:41
2908,1000,2908000,09:01:41
2907,200,581400,09:01:41
2906,10200,29641200,09:01:41
2905,2700,7843500,09:01:41
2905,100,290500,09:01:41
2904,700,2032800,09:01:41
2902,100,290200,09:01:41
2903,900,2612700,09:01:41
2901,100,290100,09:01:41
2900,300,870000,09:01:41
2902,200,580400,09:01:41
2901,100,290100,09:01:41
2899,100,289900,09:01:40
2900,400,1160000,09:01:40
2900,600,1740000,09:01:40
2901,100,290100,09:01:40
2902,100,290200,09:01:40
2901,400,1160400,09:01:40
2900,200,580000,09:01:40
2899,200,579800,09:01:40
2899,100,289900,09:01:40
2900,200,580000,09:01:40
2900,100,290000,09:01:39
2900,100,290000,09:01:39
2900,100,290000,09:01:39
2900,200,580000,09:01:39
2900,200,580000,09:01:39
2900,200,580000,09:01:39
2900,100,290000,09:01:39
2900,100,290000,09:01:39
2904,200,580800,09:01:37
2903,300,870900,09:01:37
2901,100,290100,09:01:37
2901,100,290100,09:01:37
2903,100,290300,09:01:37
2902,200,580400,09:01:36
2903,400,1161200,09:01:36
2902,300,870600,09:01:36
2901,300,870300,09:01:36
2900,100,290000,09:01:36
2900,300,870000,09:01:36
2899,100,289900,09:01:35
2899,100,289900,09:01:35
2898,300,869400,09:01:35
2898,300,869400,09:01:35
2898,300,869400,09:01:35
2899,100,289900,09:01:35
2899,100,289900,09:01:35
2901,900,2610900,09:01:35
2901,100,290100,09:01:35
2900,1000,2900000,09:01:35
2899,100,289900,09:01:35
2900,100,290000,09:01:35
2902,100,290200,09:01:35
2901,100,290100,09:01:35
2902,300,870600,09:01:34
2901,200,580200,09:01:34
2900,200,580000,09:01:34
2900,100,290000,09:01:34
2902,200,580400,09:01:33
2902,100,290200,09:01:33
2902,200,580400,09:01:33
2901,100,290100,09:01:33
2901,100,290100,09:01:33
2901,400,1160400,09:01:33
2902,200,580400,09:01:33
2900,100,290000,09:01:33
2900,200,580000,09:01:32
2900,300,870000,09:01:32
2900,100,290000,09:01:31
2901,100,290100,09:01:31
2899,200,579800,09:01:31
2901,100,290100,09:01:31
2902,100,290200,09:01:31
2901,200,580200,09:01:31
2901,100,290100,09:01:30
2903,200,580600,09:01:30
2902,100,290200,09:01:30
2902,300,870600,09:01:30
2903,300,870900,09:01:30
2902,400,1160800,09:01:30
2901,200,580200,09:01:30
2899,300,869700,09:01:29
2900,100,290000,09:01:29
2901,800,2320800,09:01:28
2903,300,870900,09:01:28
2903,500,1451500,09:01:28
2902,200,580400,09:01:28
2900,100,290000,09:01:28
2901,1200,3481200,09:01:28
2903,100,290300,09:01:28
2903,300,870900,09:01:28
2903,400,1161200,09:01:28
2902,100,290200,09:01:28
2901,500,1450500,09:01:28
2903,200,580600,09:01:28
2904,200,580800,09:01:27
2901,100,290100,09:01:27
2902,1500,4353000,09:01:27
2899,500,1449500,09:01:27
2900,100,290000,09:01:27
2900,100,290000,09:01:27
2901,100,290100,09:01:26
2902,100,290200,09:01:26
2903,900,2612700,09:01:26
2903,300,870900,09:01:26
2905,100,290500,09:01:25
2905,100,290500,09:01:25
2903,600,1741800,09:01:25
2903,200,580600,09:01:24
2904,1300,3775200,09:01:24
2904,200,580800,09:01:23
2902,100,290200,09:01:23
2904,100,290400,09:01:23
2905,400,1162000,09:01:23
2905,900,2614500,09:01:23
2906,200,581200,09:01:23
2907,100,290700,09:01:23
2905,100,290500,09:01:22
2909,700,2036300,09:01:22
2910,200,582000,09:01:22
2910,1500,4365000,09:01:22
2911,600,1746600,09:01:22
2911,100,291100,09:01:22
2910,700,2037000,09:01:22
2910,400,1164000,09:01:22
2910,700,2037000,09:01:22
2910,200,582000,09:01:22
2910,300,873000,09:01:22
2910,300,873000,09:01:22
2910,300,873000,09:01:22
2910,2300,6693000,09:01:22
2910,100,291000,09:01:22
2909,1400,4072600,09:01:22
2908,1100,3198800,09:01:22
2907,300,872100,09:01:22
2905,200,581000,09:01:22
2906,300,871800,09:01:22
2906,100,290600,09:01:22
2905,600,1743000,09:01:22
2905,100,290500,09:01:22
2904,5500,15972000,09:01:22
2901,100,290100,09:01:22
2903,1400,4064200,09:01:22
2902,1200,3482400,09:01:22
2901,200,580200,09:01:22
2901,200,580200,09:01:22
2901,100,290100,09:01:22
2901,700,2030700,09:01:22
2900,100,290000,09:01:22
2900,55800,161820000,09:01:22
2900,700,2030000,09:01:22
2900,100,290000,09:01:22
2900,100,290000,09:01:21
2900,600,1740000,09:01:21
2900,100,290000,09:01:21
2899,11800,34208200,09:01:21
2895,100,289500,09:01:21
2898,300,869400,09:01:21
2894,100,289400,09:01:21
2895,200,579000,09:01:21
2898,900,2608200,09:01:20
2897,1100,3186700,09:01:20
2893,300,867900,09:01:19
2894,100,289400,09:01:19
2894,100,289400,09:01:19
2897,100,289700,09:01:19
2895,200,579000,09:01:19
2896,200,579200,09:01:19
2893,200,578600,09:01:18
2895,100,289500,09:01:17
2893,100,289300,09:01:17
2893,400,1157200,09:01:17
2893,300,867900,09:01:16
2894,400,1157600,09:01:16
2895,300,868500,09:01:16
2896,100,289600,09:01:16
2899,1000,2899000,09:01:16
2897,200,579400,09:01:16
2896,300,868800,09:01:16
2896,200,579200,09:01:16
2896,200,579200,09:01:16
2896,200,579200,09:01:16
2896,200,579200,09:01:16
2897,100,289700,09:01:16
2898,200,579600,09:01:16
2899,200,579800,09:01:16
2899,1400,4058600,09:01:16
2899,100,289900,09:01:16
2898,3100,8983800,09:01:16
2897,100,289700,09:01:16
2896,200,579200,09:01:16
2897,800,2317600,09:01:16
2896,100,289600,09:01:16
2896,200,579200,09:01:16
2897,100,289700,09:01:16
2897,100,289700,09:01:16
2896,600,1737600,09:01:16
2896,100,289600,09:01:16
2895,4400,12738000,09:01:16
2893,100,289300,09:01:16
2890,100,289000,09:01:16
2894,200,578800,09:01:16
2892,400,1156800,09:01:16
2891,300,867300,09:01:16
2889,100,288900,09:01:16
2889,200,577800,09:01:16
2892,100,289200,09:01:16
2890,200,578000,09:01:16
2892,400,1156800,09:01:15
2895,100,289500,09:01:15
2894,1300,3762200,09:01:15
2892,700,2024400,09:01:15
2890,100,289000,09:01:15
2888,100,288800,09:01:15
2890,100,289000,09:01:15
2890,200,578000,09:01:15
2890,300,867000,09:01:15
2890,200,578000,09:01:15
2893,100,289300,09:01:15
2892,100,289200,09:01:15
2890,300,867000,09:01:15
2893,100,289300,09:01:14
2890,100,289000,09:01:14
2891,200,578200,09:01:14
2890,1000,2890000,09:01:14
2889,300,866700,09:01:14
2886,100,288600,09:01:14
2887,200,577400,09:01:14
2888,100,288800,09:01:13
2888,100,288800,09:01:13
2889,100,288900,09:01:13
2889,100,288900,09:01:13
2889,500,1444500,09:01:13
2887,500,1443500,09:01:13
2887,100,288700,09:01:13
2886,1000,2886000,09:01:13
2885,100,288500,09:01:13
2884,200,576800,09:01:13
2880,700,2016000,09:01:13
2881,1200,3457200,09:01:13
2882,300,864600,09:01:13
2881,100,288100,09:01:13
2883,400,1153200,09:01:12
2882,400,1152800,09:01:12
2881,300,864300,09:01:12
2881,100,288100,09:01:12
2880,300,864000,09:01:12
2880,100,288000,09:01:12
2883,100,288300,09:01:12
2880,300,864000,09:01:11
2881,100,288100,09:01:11
2883,100,288300,09:01:11
2882,100,288200,09:01:11
2883,100,288300,09:01:11
2880,100,288000,09:01:11
2881,600,1728600,09:01:11
2881,500,1440500,09:01:11
2882,500,1441000,09:01:11
2886,100,288600,09:01:10
2886,100,288600,09:01:10
2888,600,1732800,09:01:10
2887,100,288700,09:01:10
2884,500,1442000,09:01:10
2884,700,2018800,09:01:10
2887,100,288700,09:01:10
2888,100,288800,09:01:10
2889,200,577800,09:01:10
2889,300,866700,09:01:10
2887,700,2020900,09:01:10
2888,100,288800,09:01:10
2887,400,1154800,09:01:10
2887,400,1154800,09:01:10
2886,1200,3463200,09:01:10
2884,100,288400,09:01:10
2885,1600,4616000,09:01:10
2886,500,1443000,09:01:10
2887,300,866100,09:01:10
2888,100,288800,09:01:10
2888,200,577600,09:01:10
2888,400,1155200,09:01:10
2890,100,289000,09:01:10
2889,100,288900,09:01:10
2890,100,289000,09:01:10
2890,200,578000,09:01:09
2890,100,289000,09:01:09
2890,100,289000,09:01:08
2893,100,289300,09:01:08
2890,100,289000,09:01:07
2891,100,289100,09:01:07
2893,100,289300,09:01:07
2892,900,2602800,09:01:07
2891,1000,2891000,09:01:07
2887,100,288700,09:01:06
2890,200,578000,09:01:06
2890,500,1445000,09:01:06
2889,300,866700,09:01:06
2887,200,577400,09:01:06
2888,100,288800,09:01:06
2888,100,288800,09:01:06
2887,2100,6062700,09:01:06
2886,100,288600,09:01:06
2886,100,288600,09:01:06
2885,600,1731000,09:01:06
2885,100,288500,09:01:06
2885,700,2019500,09:01:06
2884,300,865200,09:01:05
2885,300,865500,09:01:05
2886,100,288600,09:01:04
2886,400,1154400,09:01:04
2885,300,865500,09:01:04
2886,1900,5483400,09:01:04
2885,500,1442500,09:01:04
2884,500,1442000,09:01:04
2882,100,288200,09:01:04
2882,100,288200,09:01:04
2883,700,2018100,09:01:04
2884,400,1153600,09:01:04
2885,1100,3173500,09:01:04
2886,300,865800,09:01:04
2889,100,288900,09:01:04
2886,200,577200,09:01:04
2887,100,288700,09:01:04
2888,200,577600,09:01:04
2887,100,288700,09:01:04
2886,100,288600,09:01:04
2886,100,288600,09:01:04
2886,100,288600,09:01:04
2885,100,288500,09:01:04
2885,100,288500,09:01:04
2884,100,288400,09:01:03
2885,600,1731000,09:01:03
2886,300,865800,09:01:03
2888,200,577600,09:01:03
2889,500,1444500,09:01:03
2890,200,578000,09:01:03
2889,100,288900,09:01:03
2894,100,289400,09:01:02
2894,100,289400,09:01:02
2893,2500,7232500,09:01:02
2892,100,289200,09:01:02
2891,600,1734600,09:01:02
2891,100,289100,09:01:02
2891,100,289100,09:01:02
2891,400,1156400,09:01:02
2890,2500,7225000,09:01:02
2889,700,2022300,09:01:02
2888,100,288800,09:01:02
2888,100,288800,09:01:02
2888,200,577600,09:01:02
2887,100,288700,09:01:01
2887,100,288700,09:01:01
2889,100,288900,09:01:01
2889,100,288900,09:01:01
2889,100,288900,09:01:01
2886,300,865800,09:01:01
2888,300,866400,09:01:01
2887,300,866100,09:01:01
2886,100,288600,09:01:01
2885,100,288500,09:01:01
2885,100,288500,09:01:01
2885,100,288500,09:01:01
2884,100,288400,09:01:01
2887,400,1154800,09:01:01
2886,100,288600,09:01:01
2885,100,288500,09:01:01
2884,100,288400,09:01:00
2885,100,288500,09:01:00
2886,100,288600,09:01:00
2889,100,288900,09:00:59
2888,500,1444000,09:00:59
2887,100,288700,09:00:59
2886,200,577200,09:00:59
2885,500,1442500,09:00:59
2885,100,288500,09:00:58
2885,200,577000,09:00:58
2882,100,288200,09:00:58
2883,900,2594700,09:00:58
2885,300,865500,09:00:58
2888,100,288800,09:00:58
2887,200,577400,09:00:58
2886,300,865800,09:00:57
2888,100,288800,09:00:57
2887,100,288700,09:00:57
2887,1100,3175700,09:00:56
2886,500,1443000,09:00:56
2884,100,288400,09:00:56
2883,200,576600,09:00:56
2882,100,288200,09:00:56
2882,100,288200,09:00:56
2882,400,1152800,09:00:56
2885,100,288500,09:00:55
2884,200,576800,09:00:55
2883,100,288300,09:00:55
2884,100,288400,09:00:55
2883,100,288300,09:00:55
2885,100,288500,09:00:55
2885,300,865500,09:00:54
2884,100,288400,09:00:54
2883,700,2018100,09:00:54
2882,900,2593800,09:00:54
2883,400,1153200,09:00:54
2885,900,2596500,09:00:54
2883,100,288300,09:00:54
2884,600,1730400,09:00:54
2881,300,864300,09:00:54
2882,100,288200,09:00:54
2883,100,288300,09:00:54
2881,700,2016700,09:00:53
2882,200,576400,09:00:53
2882,100,288200,09:00:52
2882,100,288200,09:00:52
2882,200,576400,09:00:52
2880,100,288000,09:00:52
2881,100,288100,09:00:52
2880,100,288000,09:00:52
2881,200,576200,09:00:51
2883,100,288300,09:00:51
2883,1300,3747900,09:00:51
2882,800,2305600,09:00:51
2882,100,288200,09:00:50
2881,100,288100,09:00:50
2880,200,576000,09:00:50
2881,100,288100,09:00:50
2880,1000,2880000,09:00:50
2880,800,2304000,09:00:50
2879,100,287900,09:00:50
2878,100,287800,09:00:50
2877,200,575400,09:00:49
2877,400,1150800,09:00:49
2878,200,575600,09:00:49
2878,400,1151200,09:00:49
2878,100,287800,09:00:49
2879,200,575800,09:00:49
2879,100,287900,09:00:49
2880,100,288000,09:00:49
2883,100,288300,09:00:48
2880,100,288000,09:00:48
2881,900,2592900,09:00:48
2880,600,1728000,09:00:48
2878,300,863400,09:00:48
2880,300,864000,09:00:48
2879,300,863700,09:00:47
2880,400,1152000,09:00:47
2880,100,288000,09:00:47
2879,100,287900,09:00:47
2880,100,288000,09:00:47
2879,200,575800,09:00:46
2878,100,287800,09:00:46
2881,500,1440500,09:00:46
2880,100,288000,09:00:45
2879,200,575800,09:00:44
2879,100,287900,09:00:44
2882,200,576400,09:00:43
2882,200,576400,09:00:43
2882,100,288200,09:00:43
2882,100,288200,09:00:43
2882,300,864600,09:00:43
2881,300,864300,09:00:42
2881,100,288100,09:00:42
2881,200,576200,09:00:42
2880,100,288000,09:00:42
2880,200,576000,09:00:42
2881,700,2016700,09:00:42
2882,100,288200,09:00:42
2882,100,288200,09:00:42
2881,400,1152400,09:00:42
2880,100,288000,09:00:41
2880,300,864000,09:00:41
2881,400,1152400,09:00:41
2881,1000,2881000,09:00:41
2885,200,577000,09:00:41
2884,100,288400,09:00:41
2884,100,288400,09:00:41
2882,100,288200,09:00:41
2883,100,288300,09:00:41
2883,100,288300,09:00:41
2884,200,576800,09:00:41
2887,300,866100,09:00:40
2890,100,289000,09:00:40
2890,100,289000,09:00:40
2889,200,577800,09:00:40
2886,100,288600,09:00:40
2887,500,1443500,09:00:40
2886,1600,4617600,09:00:40
2884,100,288400,09:00:39
2884,100,288400,09:00:39
2886,100,288600,09:00:39
2887,200,577400,09:00:38
2886,100,288600,09:00:38
2884,100,288400,09:00:38
2885,700,2019500,09:00:38
2884,100,288400,09:00:38
2886,1600,4617600,09:00:37
2885,100,288500,09:00:37
2885,100,288500,09:00:37
2884,100,288400,09:00:37
2884,100,288400,09:00:37
2885,200,577000,09:00:37
2884,100,288400,09:00:37
2884,1300,3749200,09:00:37
2884,100,288400,09:00:37
2884,100,288400,09:00:37
2883,500,1441500,09:00:37
2880,100,288000,09:00:37
2881,200,576200,09:00:37
2882,200,576400,09:00:37
2882,1300,3746600,09:00:37
2883,1700,4901100,09:00:37
2886,100,288600,09:00:37
2885,200,577000,09:00:36
2884,900,2595600,09:00:36
2882,100,288200,09:00:36
2883,100,288300,09:00:36
2883,100,288300,09:00:36
2884,100,288400,09:00:36
2885,100,288500,09:00:36
2886,200,577200,09:00:36
2889,300,866700,09:00:36
2888,200,577600,09:00:36
2887,100,288700,09:00:35
2887,200,577400,09:00:35
2886,100,288600,09:00:35
2887,100,288700,09:00:34
2890,1200,3468000,09:00:34
2890,2700,7803000,09:00:34
2890,2000,5780000,09:00:34
2889,1100,3177900,09:00:34
2888,3700,10685600,09:00:34
2887,800,2309600,09:00:34
2886,2200,6349200,09:00:34
2885,200,577000,09:00:34
2882,100,288200,09:00:34
2882,1800,5187600,09:00:34
2881,100,288100,09:00:34
2878,100,287800,09:00:34
2880,100,288000,09:00:34
2881,100,288100,09:00:33
2881,100,288100,09:00:32
2881,100,288100,09:00:32
2880,200,576000,09:00:32
2881,100,288100,09:00:32
2883,200,576600,09:00:32
2882,100,288200,09:00:32
2882,200,576400,09:00:32
2883,100,288300,09:00:32
2881,100,288100,09:00:32
2881,100,288100,09:00:32
2883,500,1441500,09:00:31
2882,500,1441000,09:00:31
2881,200,576200,09:00:31
2883,200,576600,09:00:31
2884,300,865200,09:00:31
2885,100,288500,09:00:30
2883,100,288300,09:00:30
2883,100,288300,09:00:30
2885,100,288500,09:00:30
2885,100,288500,09:00:30
2884,500,1442000,09:00:30
2881,100,288100,09:00:29
2881,300,864300,09:00:29
2880,1000,2880000,09:00:29
2876,100,287600,09:00:29
2877,400,1150800,09:00:29
2880,100,288000,09:00:29
2877,400,1150800,09:00:28
2882,100,288200,09:00:28
2876,300,862800,09:00:28
2877,400,1150800,09:00:28
2878,300,863400,09:00:28
2882,200,576400,09:00:28
2878,100,287800,09:00:27
2882,500,1441000,09:00:27
2883,600,1729800,09:00:27
2886,100,288600,09:00:27
2885,1400,4039000,09:00:27
2885,300,865500,09:00:27
2884,200,576800,09:00:27
2883,300,864900,09:00:27
2882,1100,3170200,09:00:27
2881,800,2304800,09:00:27
2880,300,864000,09:00:27
2880,4900,14112000,09:00:27
2879,500,1439500,09:00:27
2878,700,2014600,09:00:27
2877,600,1726200,09:00:27
2876,1100,3163600,09:00:27
2875,900,2587500,09:00:27
2874,100,287400,09:00:27
2874,100,287400,09:00:27
2875,100,287500,09:00:27
2874,900,2586600,09:00:27
2871,200,574200,09:00:27
2873,300,861900,09:00:26
2873,300,861900,09:00:26
2872,200,574400,09:00:26
2871,100,287100,09:00:26
2869,100,286900,09:00:26
2872,100,287200,09:00:25
2869,100,286900,09:00:25
2868,200,573600,09:00:25
2871,200,574200,09:00:25
2870,500,1435000,09:00:25
2867,100,286700,09:00:25
2867,100,286700,09:00:25
2868,400,1147200,09:00:25
2868,100,286800,09:00:25
2869,200,573800,09:00:25
2870,100,287000,09:00:25
2872,100,287200,09:00:24
2873,200,574600,09:00:24
2873,100,287300,09:00:24
2872,100,287200,09:00:23
2871,200,574200,09:00:23
2870,200,574000,09:00:23
2869,200,573800,09:00:23
2866,200,573200,09:00:23
2867,100,286700,09:00:23
2868,200,573600,09:00:22
2868,200,573600,09:00:21
2869,200,573800,09:00:21
2868,100,286800,09:00:21
2867,100,286700,09:00:21
2867,100,286700,09:00:21
2866,100,286600,09:00:21
2865,100,286500,09:00:21
2865,100,286500,09:00:21
2864,100,286400,09:00:21
2865,200,573000,09:00:21
2865,800,2292000,09:00:21
2867,600,1720200,09:00:21
2866,300,859800,09:00:21
2865,200,573000,09:00:21
2865,100,286500,09:00:20
2864,200,572800,09:00:20
2866,100,286600,09:00:20
2865,200,573000,09:00:20
2866,500,1433000,09:00:20
2869,100,286900,09:00:20
2867,300,860100,09:00:20
2869,100,286900,09:00:19
2869,400,1147600,09:00:19
2868,100,286800,09:00:19
2868,100,286800,09:00:19
2869,100,286900,09:00:19
2869,400,1147600,09:00:19
2868,100,286800,09:00:19
2868,300,860400,09:00:19
2867,100,286700,09:00:19
2867,100,286700,09:00:19
2866,200,573200,09:00:19
2863,300,858900,09:00:19
2864,100,286400,09:00:19
2865,300,859500,09:00:18
2864,100,286400,09:00:18
2864,100,286400,09:00:18
2864,100,286400,09:00:17
2864,200,572800,09:00:17
2863,100,286300,09:00:17
2861,300,858300,09:00:17
2862,100,286200,09:00:17
2864,100,286400,09:00:17
2863,400,1145200,09:00:17
2862,300,858600,09:00:17
2861,100,286100,09:00:17
2860,300,858000,09:00:17
2862,200,572400,09:00:16
2864,300,859200,09:00:16
2864,100,286400,09:00:16
2863,100,286300,09:00:16
2865,400,1146000,09:00:16
2869,200,573800,09:00:16
2868,500,1434000,09:00:16
2867,100,286700,09:00:16
2866,100,286600,09:00:16
2866,100,286600,09:00:16
2867,100,286700,09:00:16
2869,200,573800,09:00:16
2869,100,286900,09:00:16
2870,300,861000,09:00:16
2870,200,574000,09:00:16
2871,500,1435500,09:00:15
2869,200,573800,09:00:15
2868,200,573600,09:00:15
2865,100,286500,09:00:15
2866,200,573200,09:00:15
2867,300,860100,09:00:15
2868,500,1434000,09:00:15
2872,100,287200,09:00:15
2871,200,574200,09:00:15
2869,200,573800,09:00:15
2872,200,574400,09:00:15
2871,100,287100,09:00:15
2870,100,287000,09:00:15
2869,100,286900,09:00:14
2868,900,2581200,09:00:14
2868,200,573600,09:00:14
2865,200,573000,09:00:14
2864,300,859200,09:00:14
2861,700,2002700,09:00:14
2860,900,2574000,09:00:14
2855,200,571000,09:00:14
2856,100,285600,09:00:14
2857,300,857100,09:00:14
2859,100,285900,09:00:13
2863,100,286300,09:00:13
2862,100,286200,09:00:13
2861,100,286100,09:00:12
2861,100,286100,09:00:12
2860,100,286000,09:00:12
2858,100,285800,09:00:12
2858,100,285800,09:00:12
2859,200,571800,09:00:12
2860,100,286000,09:00:12
2861,100,286100,09:00:11
2862,200,572400,09:00:11
2865,200,573000,09:00:11
2866,300,859800,09:00:10
2865,100,286500,09:00:10
2865,100,286500,09:00:10
2865,200,573000,09:00:10
2863,100,286300,09:00:10
2864,600,1718400,09:00:10
2865,400,1146000,09:00:10
2866,700,2006200,09:00:10
2867,300,860100,09:00:10
2867,100,286700,09:00:10
2868,200,573600,09:00:09
2871,400,1148400,09:00:08
2869,400,1147600,09:00:08
2871,100,287100,09:00:08
2869,500,1434500,09:00:08
2871,900,2583900,09:00:08
2870,2200,6314000,09:00:08
2869,2100,6024900,09:00:08
2868,200,573600,09:00:08
2867,100,286700,09:00:08
2866,100,286600,09:00:08
2865,100,286500,09:00:08
2865,900,2578500,09:00:08
2865,1600,4584000,09:00:08
2864,1400,4009600,09:00:08
2863,200,572600,09:00:08
2862,100,286200,09:00:08
2863,100,286300,09:00:06
2862,200,572400,09:00:06
2861,100,286100,09:00:06
2860,300,858000,09:00:06
2859,400,1143600,09:00:06
2858,100,285800,09:00:06
2857,200,571400,09:00:06
2856,100,285600,09:00:06
2856,100,285600,09:00:06
2855,100,285500,09:00:06
2855,100,285500,09:00:06
2856,200,571200,09:00:05
2858,600,1714800,09:00:05
2862,100,286200,09:00:05
2861,100,286100,09:00:05
2858,200,571600,09:00:04
2859,200,571800,09:00:04
2859,200,571800,09:00:04
2860,300,858000,09:00:04
2861,300,858300,09:00:04
2864,300,859200,09:00:04
2861,100,286100,09:00:03
2864,600,1718400,09:00:03
2864,100,286400,09:00:03
2861,200,572200,09:00:03
2856,100,285600,09:00:02
2857,300,857100,09:00:02
2858,600,1714800,09:00:02
2864,100,286400,09:00:02
2863,100,286300,09:00:02
2859,100,285900,09:00:02
2859,100,285900,09:00:02
2856,200,571200,09:00:02
2856,100,285600,09:00:02
2861,100,286100,09:00:02
2855,100,285500,09:00:02
2856,100,285600,09:00:02
2856,400,1142400,09:00:02
2857,500,1428500,09:00:02
2858,500,1429000,09:00:02
2859,400,1143600,09:00:02
2864,200,572800,09:00:02
2864,100,286400,09:00:02
2864,200,572800,09:00:02
2864,100,286400,09:00:02
2864,100,286400,09:00:02
2863,200,572600,09:00:01
2863,100,286300,09:00:01
2862,400,1144800,09:00:01
2861,200,572200,09:00:01
2860,2800,8008000,09:00:01
2860,3200,9152000,09:00:01
2859,100,285900,09:00:01
2858,600,1714800,09:00:01
2858,3600,10288800,09:00:01
2857,300,857100,09:00:01
2856,200,571200,09:00:01
2855,200,571000,09:00:01
2855,100,285500,09:00:01
2855,100,285500,09:00:01
2854,600,1712400,09:00:01
2853,100,285300,09:00:01
2854,200,570800,09:00:01
2853,600,1711800,09:00:01
2850,1400,3990000,09:00:01
2850,100,285000,09:00:01
2851,300,855300,09:00:01
2852,100,285200,09:00:01
2853,136600,389719800,09:00:01