値段,株数,金額,時刻
2786,200,557200,10:02:12
2784,100,278400,10:02:12
2786,600,1671600,10:02:11
2785,500,1392500,10:02:11
2784,200,556800,10:02:10
2784,100,278400,10:02:09
2783,300,834900,10:02:08
2783,200,556600,10:02:08
2781,100,278100,10:02:06
2782,400,1112800,10:02:06
2781,100,278100,10:02:05
2781,100,278100,10:02:05
2781,100,278100,10:02:05
2781,100,278100,10:02:05
2780,100,278000,10:02:03
2780,100,278000,10:02:03
2781,100,278100,10:02:03
2780,200,556000,10:02:03
2781,100,278100,10:02:03
2781,200,556200,10:02:03
2781,200,556200,10:02:03
2781,500,1390500,10:02:03
2780,300,834000,10:02:03
2779,100,277900,10:02:03
2779,100,277900,10:02:03
2778,100,277800,10:02:03
2780,700,1946000,10:02:02
2779,300,833700,10:02:02
2778,100,277800,10:02:02
2778,100,277800,10:02:02
2779,200,555800,10:02:02
2778,400,1111200,10:02:02
2777,100,277700,10:02:01
2778,100,277800,10:02:01
2779,100,277900,10:02:01
2779,400,1111600,10:02:01
2778,200,555600,10:02:00
2777,200,555400,10:02:00
2778,100,277800,10:02:00
2778,100,277800,10:02:00
2778,400,1111200,10:02:00
2777,500,1388500,10:02:00
2777,400,1110800,10:02:00
2776,100,277600,10:02:00
2776,100,277600,10:02:00
2775,100,277500,10:02:00
2775,200,555000,10:02:00
2775,400,1110000,10:01:59
2775,100,277500,10:01:59
2776,300,832800,10:01:59
2776,100,277600,10:01:59
2777,200,555400,10:01:59
2777,200,555400,10:01:59
2778,100,277800,10:01:59
2777,100,277700,10:01:59
2778,100,277800,10:01:59
2778,100,277800,10:01:59
2777,100,277700,10:01:59
2778,300,833400,10:01:59
2778,100,277800,10:01:59
2779,100,277900,10:01:59
2779,100,277900,10:01:59
2781,100,278100,10:01:59
2780,3100,8618000,10:01:59
2781,100,278100,10:01:59
2781,200,556200,10:01:59
2781,500,1390500,10:01:58
2784,100,278400,10:01:58
2781,200,556200,10:01:58
2782,1500,4173000,10:01:58
2783,1300,3617900,10:01:58
2784,100,278400,10:01:58
2784,100,278400,10:01:58
2784,100,278400,10:01:58
2784,500,1392000,10:01:58
2784,100,278400,10:01:58
2785,1000,2785000,10:01:58
2786,900,2507400,10:01:58
2787,900,2508300,10:01:58
2788,1300,3624400,10:01:58
2788,100,278800,10:01:58
2789,3700,10319300,10:01:58
2791,100,279100,10:01:58
2790,1800,5022000,10:01:58
2791,1600,4465600,10:01:58
2792,700,1954400,10:01:58
2793,100,279300,10:01:57
2793,100,279300,10:01:55
2794,100,279400,10:01:55
2794,100,279400,10:01:52
2793,200,558600,10:01:50
2793,300,837900,10:01:48
2793,100,279300,10:01:48
2794,100,279400,10:01:48
2794,100,279400,10:01:45
2796,100,279600,10:01:45
2795,100,279500,10:01:45
2795,100,279500,10:01:45
2795,100,279500,10:01:45
2798,300,839400,10:01:45
2797,1300,3636100,10:01:45
2796,800,2236800,10:01:45
2795,300,838500,10:01:45
2795,100,279500,10:01:44
2794,400,1117600,10:01:44
2794,900,2514600,10:01:44
2795,300,838500,10:01:44
2796,300,838800,10:01:44
2797,300,839100,10:01:40
2796,400,1118400,10:01:36
2797,700,1957900,10:01:34
2796,500,1398000,10:01:34
2795,200,559000,10:01:33
2795,200,559000,10:01:33
2796,1300,3634800,10:01:33
2797,400,1118800,10:01:31
2795,200,559000,10:01:30
2796,300,838800,10:01:29
2794,100,279400,10:01:29
2795,100,279500,10:01:28
2795,100,279500,10:01:26
2795,300,838500,10:01:26
2794,100,279400,10:01:24
2794,100,279400,10:01:22
2794,200,558800,10:01:21
2794,400,1117600,10:01:18
2795,100,279500,10:01:17
2794,1500,4191000,10:01:17
2795,400,1118000,10:01:17
2795,100,279500,10:01:17
2792,200,558400,10:01:15
2793,100,279300,10:01:15
2793,100,279300,10:01:15
2793,100,279300,10:01:14
2793,100,279300,10:01:14
2794,200,558800,10:01:13
2793,100,279300,10:01:09
2793,300,837900,10:01:08
2794,100,279400,10:01:08
2794,400,1117600,10:01:08
2793,100,279300,10:01:06
2793,100,279300,10:01:06
2793,500,1396500,10:01:06
2793,100,279300,10:01:05
2794,200,558800,10:01:04
2794,100,279400,10:01:04
2793,100,279300,10:01:04
2793,100,279300,10:01:03
2794,1100,3073400,10:01:03
2795,1200,3354000,10:01:01
2796,100,279600,10:01:01
2796,100,279600,10:01:01
2797,100,279700,10:01:00
2796,400,1118400,10:01:00
2797,800,2237600,10:01:00
2798,1000,2798000,10:01:00
2799,100,279900,10:00:58
2799,100,279900,10:00:58
2798,100,279800,10:00:57
2798,100,279800,10:00:56
2798,100,279800,10:00:55
2798,100,279800,10:00:55
2799,200,559800,10:00:55
2798,100,279800,10:00:55
2798,100,279800,10:00:53
2798,100,279800,10:00:53
2798,500,1399000,10:00:52
2799,100,279900,10:00:52
2800,100,280000,10:00:52
2801,100,280100,10:00:50
2800,100,280000,10:00:48
2800,300,840000,10:00:47
2800,300,840000,10:00:47
2800,700,1960000,10:00:46
2799,100,279900,10:00:46
2799,100,279900,10:00:43
2798,100,279800,10:00:43
2798,100,279800,10:00:43
2800,300,840000,10:00:41
2799,100,279900,10:00:39
2799,100,279900,10:00:39
2798,200,559600,10:00:35
2798,100,279800,10:00:33
2799,400,1119600,10:00:31
2800,200,560000,10:00:31
2800,500,1400000,10:00:31
2801,200,560200,10:00:31
2801,100,280100,10:00:31
2801,100,280100,10:00:30
2802,100,280200,10:00:30
2802,100,280200,10:00:30
2802,100,280200,10:00:30
2803,100,280300,10:00:30
2804,100,280400,10:00:30
2804,300,841200,10:00:30
2803,100,280300,10:00:28
2803,100,280300,10:00:28
2803,400,1121200,10:00:28
2803,100,280300,10:00:27
2804,100,280400,10:00:26
2805,100,280500,10:00:26
2805,100,280500,10:00:26
2805,200,561000,10:00:23
2805,100,280500,10:00:23
2804,100,280400,10:00:23
2804,100,280400,10:00:23
2803,100,280300,10:00:23
2804,500,1402000,10:00:23
2805,100,280500,10:00:22
2807,200,561400,10:00:22
2807,100,280700,10:00:22
2807,200,561400,10:00:21
2807,100,280700,10:00:21
2806,100,280600,10:00:21
2807,200,561400,10:00:21
2806,400,1122400,10:00:21
2806,100,280600,10:00:21
2806,100,280600,10:00:21
2805,100,280500,10:00:20
2805,900,2524500,10:00:20
2805,100,280500,10:00:20
2805,300,841500,10:00:20
2805,1200,3366000,10:00:20
2804,800,2243200,10:00:20
2801,100,280100,10:00:20
2801,100,280100,10:00:20
2800,1700,4760000,10:00:20
2799,100,279900,10:00:19
2799,200,559800,10:00:19
2798,100,279800,10:00:19
2798,100,279800,10:00:18
2797,100,279700,10:00:18
2796,100,279600,10:00:16
2796,100,279600,10:00:16
2796,100,279600,10:00:12
2795,100,279500,10:00:08
2796,200,559200,10:00:08
2796,200,559200,10:00:07
2796,100,279600,10:00:07
2795,100,279500,10:00:05
2798,100,279800,10:00:02
2797,100,279700,10:00:00
2797,100,279700,10:00:00
2797,100,279700,10:00:00
2796,300,838800,10:00:00
2796,100,279600,10:00:00
2795,1900,5310500,10:00:00
2795,200,559000,10:00:00
2795,200,559000,10:00:00
2795,200,559000,10:00:00
2795,200,559000,10:00:00
2794,800,2235200,10:00:00
2794,200,558800,09:59:59
2793,200,558600,09:59:58
2792,100,279200,09:59:57
2793,200,558600,09:59:55
2794,100,279400,09:59:55
2795,100,279500,09:59:52
2791,100,279100,09:59:51
2793,300,837900,09:59:50
2792,200,558400,09:59:50
2789,300,836700,09:59:46
2790,200,558000,09:59:46
2790,200,558000,09:59:46
2790,300,837000,09:59:46
2791,200,558200,09:59:46
2790,100,279000,09:59:44
2791,100,279100,09:59:44
2791,500,1395500,09:59:43
2789,200,557800,09:59:42
2791,100,279100,09:59:37
2792,100,279200,09:59:37
2791,100,279100,09:59:37
2791,100,279100,09:59:37
2791,100,279100,09:59:37
2790,100,279000,09:59:36
2790,200,558000,09:59:36
2790,1400,3906000,09:59:36
2790,100,279000,09:59:36
2790,100,279000,09:59:36
2790,100,279000,09:59:35
2791,200,558200,09:59:35
2790,200,558000,09:59:35
2791,200,558200,09:59:35
2791,100,279100,09:59:35
2791,400,1116400,09:59:35
2791,100,279100,09:59:35
2792,1400,3908800,09:59:34
2793,1400,3910200,09:59:34
2794,200,558800,09:59:32
2794,600,1676400,09:59:31
2794,100,279400,09:59:30
2793,100,279300,09:59:30
2794,100,279400,09:59:30
2794,200,558800,09:59:30
2794,800,2235200,09:59:30
2795,200,559000,09:59:30
2795,400,1118000,09:59:30
2795,100,279500,09:59:30
2796,100,279600,09:59:28
2797,100,279700,09:59:28
2796,100,279600,09:59:28
2795,300,838500,09:59:28
2795,100,279500,09:59:27
2797,300,839100,09:59:24
2796,300,838800,09:59:22
2796,100,279600,09:59:22
2796,500,1398000,09:59:22
2797,1400,3915800,09:59:22
2797,200,559400,09:59:22
2797,200,559400,09:59:22
2797,200,559400,09:59:22
2797,100,279700,09:59:20
2798,200,559600,09:59:20
2798,200,559600,09:59:20
2798,500,1399000,09:59:20
2799,200,559800,09:59:20
2800,1600,4480000,09:59:20
2801,100,280100,09:59:20
2802,100,280200,09:59:19
2802,200,560400,09:59:19
2803,100,280300,09:59:18
2802,100,280200,09:59:16
2802,100,280200,09:59:16
2803,100,280300,09:59:13
2802,100,280200,09:59:12
2803,100,280300,09:59:12
2804,100,280400,09:59:11
2803,100,280300,09:59:11
2804,300,841200,09:59:10
2803,300,840900,09:59:10
2802,100,280200,09:59:10
2802,1000,2802000,09:59:07
2801,200,560200,09:59:06
2800,600,1680000,09:59:01
2800,200,560000,09:59:01
2800,100,280000,09:59:01
2799,100,279900,09:59:00
2798,300,839400,09:59:00
2798,200,559600,09:59:00
2798,400,1119200,09:59:00
2797,100,279700,09:58:59
2798,400,1119200,09:58:58
2797,100,279700,09:58:56
2797,100,279700,09:58:53
2798,100,279800,09:58:53
2798,200,559600,09:58:45
2797,100,279700,09:58:41
2798,100,279800,09:58:40
2798,100,279800,09:58:40
2797,200,559400,09:58:40
2798,100,279800,09:58:36
2798,600,1678800,09:58:36
2798,100,279800,09:58:36
2798,100,279800,09:58:36
2798,100,279800,09:58:36
2796,200,559200,09:58:34
2797,200,559400,09:58:34
2797,100,279700,09:58:34
2797,100,279700,09:58:34
2795,100,279500,09:58:34
2796,600,1677600,09:58:34
2797,300,839100,09:58:34
2797,100,279700,09:58:29
2798,100,279800,09:58:29
2797,200,559400,09:58:26
2798,100,279800,09:58:26
2798,100,279800,09:58:26
2797,100,279700,09:58:26
2797,100,279700,09:58:25
2797,200,559400,09:58:24
2797,100,279700,09:58:24
2797,100,279700,09:58:24
2797,200,559400,09:58:24
2798,100,279800,09:58:24
2799,200,559800,09:58:23
2796,600,1677600,09:58:22
2797,400,1118800,09:58:22
2797,500,1398500,09:58:20
2796,400,1118400,09:58:20
2797,100,279700,09:58:18
2798,200,559600,09:58:15
2797,200,559400,09:58:15
2796,500,1398000,09:58:15
2797,400,1118800,09:58:15
2797,200,559400,09:58:14
2797,400,1118800,09:58:14
2797,400,1118800,09:58:14
2797,100,279700,09:58:13
2798,200,559600,09:58:13
2798,100,279800,09:58:10
2798,1300,3637400,09:58:10
2800,300,840000,09:58:09
2799,100,279900,09:58:09
2798,100,279800,09:58:06
2798,400,1119200,09:58:06
2800,200,560000,09:58:06
2800,100,280000,09:58:05
2799,200,559800,09:58:05
2801,100,280100,09:58:05
2799,200,559800,09:58:05
2799,200,559800,09:58:05
2799,900,2519100,09:58:05
2800,100,280000,09:58:05
2801,200,560200,09:58:04
2802,1000,2802000,09:58:04
2803,500,1401500,09:58:04
2804,200,560800,09:58:02
2805,100,280500,09:58:00
2805,100,280500,09:58:00
2803,100,280300,09:57:59
2805,700,1963500,09:57:57
2804,300,841200,09:57:57
2804,100,280400,09:57:57
2804,100,280400,09:57:55
2804,100,280400,09:57:55
2803,100,280300,09:57:54
2805,200,561000,09:57:54
2804,400,1121600,09:57:54
2804,100,280400,09:57:53
2803,100,280300,09:57:53
2803,100,280300,09:57:52
2803,100,280300,09:57:52
2803,100,280300,09:57:51
2800,700,1960000,09:57:51
2801,900,2520900,09:57:51
2802,400,1120800,09:57:51
2803,300,840900,09:57:50
2802,100,280200,09:57:50
2801,100,280100,09:57:49
2801,200,560200,09:57:49
2798,100,279800,09:57:47
2799,100,279900,09:57:47
2800,200,560000,09:57:46
2799,200,559800,09:57:46
2801,100,280100,09:57:46
2800,100,280000,09:57:45
2801,700,1960700,09:57:45
2800,100,280000,09:57:45
2800,300,840000,09:57:45
2800,800,2240000,09:57:45
2799,100,279900,09:57:41
2799,200,559800,09:57:41
2798,100,279800,09:57:41
2798,100,279800,09:57:41
2797,300,839100,09:57:41
2797,200,559400,09:57:41
2798,200,559600,09:57:37
2799,300,839700,09:57:35
2799,100,279900,09:57:34
2800,300,840000,09:57:32
2800,100,280000,09:57:32
2800,1000,2800000,09:57:31
2799,100,279900,09:57:31
2799,200,559800,09:57:31
2799,100,279900,09:57:31
2799,100,279900,09:57:30
2798,100,279800,09:57:29
2798,200,559600,09:57:28
2799,200,559800,09:57:27
2798,100,279800,09:57:27
2798,100,279800,09:57:26
2798,100,279800,09:57:22
2796,100,279600,09:57:17
2797,100,279700,09:57:17
2798,400,1119200,09:57:17
2799,300,839700,09:57:17
2800,1500,4200000,09:57:17
2800,200,560000,09:57:17
2799,100,279900,09:57:17
2799,100,279900,09:57:16
2800,500,1400000,09:57:14
2801,200,560200,09:57:14
2802,200,560400,09:57:14
2803,100,280300,09:57:13
2802,600,1681200,09:57:13
2803,300,840900,09:57:13
2804,100,280400,09:57:13
2804,100,280400,09:57:13
2804,300,841200,09:57:13
2803,100,280300,09:57:12
2803,100,280300,09:57:12
2804,300,841200,09:57:09
2803,100,280300,09:57:09
2803,200,560600,09:57:09
2804,100,280400,09:57:09
2803,100,280300,09:57:09
2803,100,280300,09:57:09
2803,100,280300,09:57:09
2803,200,560600,09:57:09
2805,400,1122000,09:57:09
2805,100,280500,09:57:09
2804,100,280400,09:57:09
2803,100,280300,09:57:09
2803,100,280300,09:57:09
2804,100,280400,09:57:09
2803,100,280300,09:57:09
2802,100,280200,09:57:08
2802,200,560400,09:57:08
2801,200,560200,09:57:08
2799,100,279900,09:57:08
2801,700,1960700,09:57:08
2800,100,280000,09:57:06
2800,100,280000,09:57:06
2800,100,280000,09:57:05
2800,100,280000,09:57:05
2801,100,280100,09:57:05
2800,100,280000,09:57:05
2800,100,280000,09:57:04
2800,700,1960000,09:57:04
2800,1000,2800000,09:57:04
2800,100,280000,09:57:04
2799,100,279900,09:57:04
2800,1800,5040000,09:57:04
2799,200,559800,09:57:04
2799,300,839700,09:57:04
2798,100,279800,09:57:04
2800,200,560000,09:57:03
2799,700,1959300,09:57:03
2798,300,839400,09:57:03
2799,100,279900,09:57:03
2798,300,839400,09:57:03
2797,400,1118800,09:57:02
2796,100,279600,09:57:02
2796,100,279600,09:57:02
2796,100,279600,09:57:02
2795,100,279500,09:57:01
2795,100,279500,09:57:00
2793,200,558600,09:57:00
2795,200,559000,09:57:00
2795,200,559000,09:57:00
2794,200,558800,09:57:00
2795,100,279500,09:57:00
2795,100,279500,09:57:00
2795,100,279500,09:57:00
2797,100,279700,09:57:00
2796,200,559200,09:57:00
2795,500,1397500,09:56:59
2795,100,279500,09:56:59
2794,200,558800,09:56:58
2793,400,1117200,09:56:58
2792,300,837600,09:56:58
2792,200,558400,09:56:58
2792,300,837600,09:56:58
2792,100,279200,09:56:58
2792,100,279200,09:56:57
2790,200,558000,09:56:56
2790,200,558000,09:56:56
2790,200,558000,09:56:56
2789,100,278900,09:56:55
2790,100,279000,09:56:55
2790,100,279000,09:56:55
2790,100,279000,09:56:54
2789,300,836700,09:56:54
2790,400,1116000,09:56:52
2791,100,279100,09:56:52
2792,100,279200,09:56:52
2791,100,279100,09:56:51
2790,300,837000,09:56:51
2791,400,1116400,09:56:50
2791,100,279100,09:56:50
2790,2600,7254000,09:56:50
2789,100,278900,09:56:50
2789,100,278900,09:56:50
2789,100,278900,09:56:50
2789,400,1115600,09:56:49
2789,400,1115600,09:56:49
2789,100,278900,09:56:47
2789,100,278900,09:56:46
2789,100,278900,09:56:46
2789,200,557800,09:56:46
2789,100,278900,09:56:46
2789,200,557800,09:56:46
2790,100,279000,09:56:44
2790,100,279000,09:56:44
2788,100,278800,09:56:42
2789,100,278900,09:56:42
2789,100,278900,09:56:42
2789,100,278900,09:56:42
2789,100,278900,09:56:42
2789,100,278900,09:56:40
2789,100,278900,09:56:40
2788,100,278800,09:56:40
2789,100,278900,09:56:40
2789,300,836700,09:56:40
2790,300,837000,09:56:40
2791,100,279100,09:56:39
2791,100,279100,09:56:39
2791,100,279100,09:56:39
2789,100,278900,09:56:38
2789,200,557800,09:56:38
2790,200,558000,09:56:38
2790,200,558000,09:56:38
2789,400,1115600,09:56:38
2788,600,1672800,09:56:38
2788,200,557600,09:56:38
2787,100,278700,09:56:37
2787,100,278700,09:56:37
2786,100,278600,09:56:37
2787,300,836100,09:56:37
2787,100,278700,09:56:36
2787,100,278700,09:56:36
2788,100,278800,09:56:36
2786,200,557200,09:56:36
2787,100,278700,09:56:36
2786,100,278600,09:56:35
2786,700,1950200,09:56:35
2787,100,278700,09:56:35
2787,300,836100,09:56:35
2787,500,1393500,09:56:35
2787,100,278700,09:56:35
2786,100,278600,09:56:35
2785,100,278500,09:56:35
2785,100,278500,09:56:35
2785,100,278500,09:56:34
2785,500,1392500,09:56:34
2785,200,557000,09:56:34
2786,300,835800,09:56:34
2787,100,278700,09:56:34
2787,700,1950900,09:56:34
2787,100,278700,09:56:34
2787,300,836100,09:56:33
2787,100,278700,09:56:32
2788,100,278800,09:56:32
2788,100,278800,09:56:32
2788,500,1394000,09:56:32
2788,100,278800,09:56:32
2788,100,278800,09:56:31
2790,200,558000,09:56:30
2788,100,278800,09:56:29
2790,100,279000,09:56:29
2788,100,278800,09:56:29
2788,300,836400,09:56:29
2789,700,1952300,09:56:29
2789,200,557800,09:56:28
2791,100,279100,09:56:28
2790,100,279000,09:56:28
2790,100,279000,09:56:28
2790,100,279000,09:56:28
2791,100,279100,09:56:28
2792,100,279200,09:56:28
2790,100,279000,09:56:28
2791,200,558200,09:56:27
2791,500,1395500,09:56:27
2791,100,279100,09:56:27
2790,400,1116000,09:56:26
2790,600,1674000,09:56:26
2790,100,279000,09:56:26
2790,200,558000,09:56:26
2790,200,558000,09:56:26
2790,200,558000,09:56:26
2790,100,279000,09:56:26
2790,1000,2790000,09:56:26
2790,1000,2790000,09:56:26
2790,200,558000,09:56:25
2790,100,279000,09:56:25
2790,100,279000,09:56:24
2790,100,279000,09:56:24
2790,100,279000,09:56:24
2790,300,837000,09:56:24
2790,300,837000,09:56:24
2790,1000,2790000,09:56:24
2790,200,558000,09:56:24
2790,200,558000,09:56:24
2790,200,558000,09:56:24
2790,200,558000,09:56:24
2790,100,279000,09:56:24
2791,100,279100,09:56:24
2791,100,279100,09:56:23
2792,200,558400,09:56:23
2792,100,279200,09:56:23
2791,200,558200,09:56:23
2792,100,279200,09:56:23
2792,100,279200,09:56:23
2793,200,558600,09:56:22
2793,100,279300,09:56:22
2792,100,279200,09:56:22
2793,1200,3351600,09:56:22
2794,100,279400,09:56:22
2794,100,279400,09:56:21
2794,100,279400,09:56:20
2795,100,279500,09:56:20
2795,100,279500,09:56:19
2795,200,559000,09:56:18
2794,100,279400,09:56:17
2794,100,279400,09:56:17
2795,1200,3354000,09:56:17
2796,100,279600,09:56:17
2796,600,1677600,09:56:17
2797,1500,4195500,09:56:17
2798,400,1119200,09:56:17
2799,200,559800,09:56:16
2800,200,560000,09:56:15
2800,600,1680000,09:56:15
2800,100,280000,09:56:15
2801,1000,2801000,09:56:15
2799,100,279900,09:56:14
2801,200,560200,09:56:14
2800,100,280000,09:56:14
2800,300,840000,09:56:13
2799,100,279900,09:56:12
2799,200,559800,09:56:12
2800,200,560000,09:56:11
2798,100,279800,09:56:11
2798,100,279800,09:56:10
2799,100,279900,09:56:09
2799,100,279900,09:56:09
2799,100,279900,09:56:09
2799,100,279900,09:56:09
2798,100,279800,09:56:09
2797,200,559400,09:56:08
2798,100,279800,09:56:07
2798,1200,3357600,09:56:06
2798,200,559600,09:56:06
2799,200,559800,09:56:06
2799,100,279900,09:56:05
2800,100,280000,09:56:04
2799,200,559800,09:56:04
2799,100,279900,09:56:04
2800,500,1400000,09:56:03
2800,200,560000,09:56:02
2800,400,1120000,09:56:02
2799,1000,2799000,09:56:02
2799,500,1399500,09:56:02
2798,100,279800,09:56:02
2798,600,1678800,09:56:00
2798,200,559600,09:55:58
2797,400,1118800,09:55:58
2797,100,279700,09:55:57
2797,100,279700,09:55:57
2798,100,279800,09:55:55
2799,800,2239200,09:55:55
2798,600,1678800,09:55:55
2796,600,1677600,09:55:55
2797,900,2517300,09:55:54
2797,100,279700,09:55:54
2798,100,279800,09:55:52
2798,400,1119200,09:55:52
2798,100,279800,09:55:52
2799,100,279900,09:55:52
2797,100,279700,09:55:52
2797,100,279700,09:55:51
2798,100,279800,09:55:51
2797,700,1957900,09:55:50
2795,100,279500,09:55:50
2795,400,1118000,09:55:50
2796,800,2236800,09:55:50
2797,100,279700,09:55:50
2796,100,279600,09:55:49
2798,100,279800,09:55:49
2796,100,279600,09:55:48
2797,100,279700,09:55:48
2797,100,279700,09:55:47
2797,100,279700,09:55:45
2797,100,279700,09:55:45
2797,700,1957900,09:55:45
2795,800,2236000,09:55:45
2796,1000,2796000,09:55:45
2797,200,559400,09:55:45
2797,100,279700,09:55:44
2797,100,279700,09:55:44
2797,400,1118800,09:55:44
2798,100,279800,09:55:44
2798,200,559600,09:55:44
2798,100,279800,09:55:44
2798,100,279800,09:55:44
2798,100,279800,09:55:44
2798,100,279800,09:55:43
2798,100,279800,09:55:43
2798,100,279800,09:55:43
2798,100,279800,09:55:43
2799,100,279900,09:55:43
2800,200,560000,09:55:43
2800,100,280000,09:55:42
2801,100,280100,09:55:41
2800,100,280000,09:55:41
2801,100,280100,09:55:40
2800,100,280000,09:55:40
2800,900,2520000,09:55:40
2799,100,279900,09:55:38
2800,100,280000,09:55:38
2799,2100,5877900,09:55:38
2800,900,2520000,09:55:38
2801,100,280100,09:55:37
2802,100,280200,09:55:36
2802,700,1961400,09:55:36
2801,300,840300,09:55:36
2800,1000,2800000,09:55:36
2802,400,1120800,09:55:36
2801,400,1120400,09:55:36
2800,100,280000,09:55:35
2800,300,840000,09:55:34
2800,600,1680000,09:55:34
2801,400,1120400,09:55:34
2802,300,840600,09:55:34
2802,600,1681200,09:55:33
2803,100,280300,09:55:33
2803,100,280300,09:55:33
2803,100,280300,09:55:32
2803,200,560600,09:55:32
2804,100,280400,09:55:32
2803,400,1121200,09:55:32
2803,100,280300,09:55:32
2802,100,280200,09:55:32
2802,200,560400,09:55:31
2802,200,560400,09:55:31
2801,100,280100,09:55:31
2802,100,280200,09:55:31
2800,400,1120000,09:55:31
2801,1400,3921400,09:55:31
2802,200,560400,09:55:31
2802,100,280200,09:55:31
2802,100,280200,09:55:31
2801,100,280100,09:55:30
2802,300,840600,09:55:30
2801,100,280100,09:55:30
2802,200,560400,09:55:30
2803,100,280300,09:55:30
2802,100,280200,09:55:30
2802,100,280200,09:55:30
2802,200,560400,09:55:30
2802,700,1961400,09:55:29
2800,200,560000,09:55:29
2800,100,280000,09:55:29
2800,100,280000,09:55:29
2800,200,560000,09:55:29
2800,100,280000,09:55:29
2801,100,280100,09:55:28
2801,100,280100,09:55:28
2801,100,280100,09:55:28
2802,100,280200,09:55:28
2801,200,560200,09:55:28
2801,100,280100,09:55:28
2802,100,280200,09:55:28
2802,800,2241600,09:55:28
2800,300,840000,09:55:28
2800,100,280000,09:55:28
2802,300,840600,09:55:28
2801,200,560200,09:55:28
2801,100,280100,09:55:27
2801,200,560200,09:55:27
2801,100,280100,09:55:27
2802,100,280200,09:55:26
2802,200,560400,09:55:26
2802,100,280200,09:55:26
2803,100,280300,09:55:26
2801,100,280100,09:55:26
2801,100,280100,09:55:26
2802,100,280200,09:55:26
2802,100,280200,09:55:26
2802,900,2521800,09:55:25
2803,100,280300,09:55:25
2804,400,1121600,09:55:25
2802,100,280200,09:55:25
2803,100,280300,09:55:24
2803,400,1121200,09:55:24
2803,100,280300,09:55:24
2803,100,280300,09:55:24
2803,100,280300,09:55:24
2804,100,280400,09:55:24
2804,100,280400,09:55:24
2803,100,280300,09:55:24
2804,100,280400,09:55:24
2805,100,280500,09:55:23
2804,100,280400,09:55:23
2805,100,280500,09:55:23
2803,200,560600,09:55:23
2805,100,280500,09:55:23
2802,100,280200,09:55:23
2803,1300,3643900,09:55:23
2804,200,560800,09:55:23
2804,100,280400,09:55:23
2805,200,561000,09:55:23
2805,100,280500,09:55:23
2805,100,280500,09:55:23
2807,100,280700,09:55:22
2807,400,1122800,09:55:22
2808,200,561600,09:55:22
2808,100,280800,09:55:22
2808,200,561600,09:55:22
2808,200,561600,09:55:22
2808,100,280800,09:55:22
2809,100,280900,09:55:22
2809,200,561800,09:55:22
2809,100,280900,09:55:22
2809,100,280900,09:55:21
2809,100,280900,09:55:21
2808,400,1123200,09:55:21
2809,200,561800,09:55:21
2809,100,280900,09:55:21
2809,100,280900,09:55:21
2809,100,280900,09:55:21
2809,500,1404500,09:55:21
2810,200,562000,09:55:21
2808,100,280800,09:55:21
2809,100,280900,09:55:21
2809,200,561800,09:55:21
2809,200,561800,09:55:21
2809,100,280900,09:55:21
2809,100,280900,09:55:21
2810,100,281000,09:55:21
2810,100,281000,09:55:21
2810,700,1967000,09:55:21
2810,100,281000,09:55:21
2811,800,2248800,09:55:21
2811,200,562200,09:55:21
2811,200,562200,09:55:20
2811,300,843300,09:55:20
2812,100,281200,09:55:20
2811,200,562200,09:55:20
2811,200,562200,09:55:20
2812,100,281200,09:55:20
2813,1100,3094300,09:55:20
2815,1600,4504000,09:55:20
2816,100,281600,09:55:19
2815,100,281500,09:55:19
2816,200,563200,09:55:18
2817,100,281700,09:55:18
2815,300,844500,09:55:18
2816,100,281600,09:55:18
2816,100,281600,09:55:18
2816,100,281600,09:55:18
2816,100,281600,09:55:17
2817,100,281700,09:55:17
2816,100,281600,09:55:17
2815,100,281500,09:55:17
2815,100,281500,09:55:16
2815,300,844500,09:55:16
2816,500,1408000,09:55:16
2817,100,281700,09:55:16
2818,400,1127200,09:55:15
2818,200,563600,09:55:15
2818,100,281800,09:55:15
2818,100,281800,09:55:15
2817,900,2535300,09:55:15
2818,900,2536200,09:55:14
2818,100,281800,09:55:14
2818,100,281800,09:55:14
2818,100,281800,09:55:14
2818,100,281800,09:55:14
2818,100,281800,09:55:14
2818,100,281800,09:55:14
2818,100,281800,09:55:13
2818,100,281800,09:55:13
2819,100,281900,09:55:13
2818,100,281800,09:55:13
2819,100,281900,09:55:13
2819,700,1973300,09:55:13
2819,100,281900,09:55:13
2819,200,563800,09:55:13
2820,3300,9306000,09:55:13
2820,400,1128000,09:55:12
2820,100,282000,09:55:12
2820,100,282000,09:55:12
2821,100,282100,09:55:11
2821,300,846300,09:55:11
2821,1000,2821000,09:55:11
2822,300,846600,09:55:11
2823,100,282300,09:55:11
2823,100,282300,09:55:11
2824,100,282400,09:55:09
2824,300,847200,09:55:09
2823,100,282300,09:55:08
2823,100,282300,09:55:07
2822,100,282200,09:55:07
2822,200,564400,09:55:07
2822,100,282200,09:55:07
2821,600,1692600,09:55:07
2822,400,1128800,09:55:07
2822,300,846600,09:55:05
2822,2700,7619400,09:55:05
2823,200,564600,09:55:05
2823,200,564600,09:55:02
2824,1000,2824000,09:55:02
2824,500,1412000,09:55:02
2824,100,282400,09:54:59
2824,100,282400,09:54:56
2823,100,282300,09:54:56
2823,100,282300,09:54:56
2822,100,282200,09:54:54
2822,100,282200,09:54:54
2822,100,282200,09:54:54
2822,100,282200,09:54:54
2822,300,846600,09:54:54
2821,200,564200,09:54:54
2822,1400,3950800,09:54:54
2823,500,1411500,09:54:53
2823,100,282300,09:54:53
2824,100,282400,09:54:52
2824,100,282400,09:54:52
2825,100,282500,09:54:51
2825,200,565000,09:54:51
2824,100,282400,09:54:51
2824,100,282400,09:54:51
2824,500,1412000,09:54:50
2825,1700,4802500,09:54:50
2826,100,282600,09:54:49
2826,800,2260800,09:54:49
2826,100,282600,09:54:49
2826,700,1978200,09:54:49
2827,2500,7067500,09:54:49
2828,100,282800,09:54:47
2828,100,282800,09:54:47
2828,100,282800,09:54:46
2828,100,282800,09:54:43
2828,100,282800,09:54:43
2828,100,282800,09:54:43
2828,100,282800,09:54:42
2829,200,565800,09:54:42
2828,100,282800,09:54:41
2829,100,282900,09:54:41
2829,200,565800,09:54:40
2828,100,282800,09:54:40
2828,200,565600,09:54:40
2828,100,282800,09:54:35
2828,200,565600,09:54:34
2828,300,848400,09:54:34
2830,100,283000,09:54:29
2830,100,283000,09:54:29
2829,100,282900,09:54:28
2828,100,282800,09:54:27
2830,300,849000,09:54:27
2830,800,2264000,09:54:27
2830,300,849000,09:54:27
2829,100,282900,09:54:27
2829,200,565800,09:54:26
2831,300,849300,09:54:25
2830,800,2264000,09:54:25
2829,200,565800,09:54:25
2828,100,282800,09:54:24
2830,100,283000,09:54:23
2832,100,283200,09:54:23
2831,1600,4529600,09:54:23
2830,1600,4528000,09:54:23
2829,500,1414500,09:54:22
2830,600,1698000,09:54:21
2828,100,282800,09:54:19
2830,100,283000,09:54:17
2830,200,566000,09:54:17
2829,100,282900,09:54:17
2830,300,849000,09:54:16
2829,400,1131600,09:54:16
2829,100,282900,09:54:16
2829,400,1131600,09:54:16
2828,1000,2828000,09:54:15
2828,200,565600,09:54:15
2828,200,565600,09:54:15
2828,200,565600,09:54:15
2828,200,565600,09:54:15
2829,200,565800,09:54:15
2829,100,282900,09:54:15
2829,200,565800,09:54:15
2829,200,565800,09:54:15
2829,200,565800,09:54:15
2830,100,283000,09:54:14
2830,100,283000,09:54:13
2830,600,1698000,09:54:13
2831,100,283100,09:54:11
2832,100,283200,09:54:10
2832,100,283200,09:54:10
2831,100,283100,09:54:10
2831,100,283100,09:54:09
2831,200,566200,09:54:09
2832,100,283200,09:54:08
2832,100,283200,09:54:07
2832,100,283200,09:54:07
2833,100,283300,09:54:06
2832,200,566400,09:54:06
2832,100,283200,09:54:05
2833,100,283300,09:54:04
2833,200,566600,09:54:01
2832,100,283200,09:54:01
2832,100,283200,09:54:00
2832,200,566400,09:54:00
2833,100,283300,09:54:00
2833,100,283300,09:53:59
2833,600,1699800,09:53:59
2833,200,566600,09:53:59
2833,300,849900,09:53:59
2834,1400,3967600,09:53:58
2835,100,283500,09:53:55
2834,300,850200,09:53:55
2835,100,283500,09:53:54
2835,100,283500,09:53:51
2835,100,283500,09:53:51
2835,100,283500,09:53:50
2835,1800,5103000,09:53:50
2834,900,2550600,09:53:50
2833,200,566600,09:53:50
2834,100,283400,09:53:49
2833,100,283300,09:53:49
2833,100,283300,09:53:48
2834,1900,5384600,09:53:48
2833,1400,3966200,09:53:48
2832,400,1132800,09:53:48
2832,100,283200,09:53:47
2833,100,283300,09:53:46
2832,200,566400,09:53:46
2832,100,283200,09:53:45
2833,800,2266400,09:53:45
2832,200,566400,09:53:45
2831,100,283100,09:53:44
2830,100,283000,09:53:42
2830,100,283000,09:53:41
2830,100,283000,09:53:41
2830,100,283000,09:53:41
2829,200,565800,09:53:40
2830,100,283000,09:53:40
2830,100,283000,09:53:40
2830,100,283000,09:53:40
2830,100,283000,09:53:40
2831,200,566200,09:53:39
2831,100,283100,09:53:39
2832,100,283200,09:53:39
2833,100,283300,09:53:38
2833,200,566600,09:53:37
2833,100,283300,09:53:37
2832,100,283200,09:53:37
2832,400,1132800,09:53:37
2832,100,283200,09:53:36
2834,100,283400,09:53:36
2833,400,1133200,09:53:36
2832,100,283200,09:53:36
2831,900,2547900,09:53:36
2830,200,566000,09:53:36
2830,1200,3396000,09:53:36
2831,100,283100,09:53:36
2831,700,1981700,09:53:36
2832,400,1132800,09:53:36
2833,100,283300,09:53:36
2832,4600,13027200,09:53:36
2833,200,566600,09:53:36
2833,100,283300,09:53:36
2834,1100,3117400,09:53:36
2833,400,1133200,09:53:36
2834,100,283400,09:53:36
2834,1100,3117400,09:53:36
2836,200,567200,09:53:36
2835,200,567000,09:53:36
2835,300,850500,09:53:34
2835,100,283500,09:53:34
2837,300,851100,09:53:34
2836,300,850800,09:53:34
2837,300,851100,09:53:32
2836,400,1134400,09:53:31
2838,100,283800,09:53:31
2838,200,567600,09:53:31
2837,200,567400,09:53:31
2838,100,283800,09:53:31
2838,100,283800,09:53:31
2838,200,567600,09:53:31
2839,100,283900,09:53:30
2838,500,1419000,09:53:30
2838,200,567600,09:53:30
2839,500,1419500,09:53:30
2838,200,567600,09:53:30
2838,1600,4540800,09:53:30
2838,2000,5676000,09:53:30
2838,700,1986600,09:53:30
2837,1600,4539200,09:53:30
2837,500,1418500,09:53:30
2837,1100,3120700,09:53:30
2837,900,2553300,09:53:30
2837,100,283700,09:53:30
2837,500,1418500,09:53:30
2836,800,2268800,09:53:30
2836,100,283600,09:53:30
2836,300,850800,09:53:30
2836,300,850800,09:53:30
2836,1100,3119600,09:53:30
2835,600,1701000,09:53:30
2835,10000,28350000,09:53:30
2834,2100,5951400,09:53:30
2834,600,1700400,09:53:30
2833,200,566600,09:53:29
2833,100,283300,09:53:29
2833,100,283300,09:53:29
2833,200,566600,09:53:28
2833,100,283300,09:53:27
2833,100,283300,09:53:27
2833,100,283300,09:53:26
2832,200,566400,09:53:25
2833,100,283300,09:53:23
2832,600,1699200,09:53:21
2830,100,283000,09:53:18
2831,400,1132400,09:53:18
2832,100,283200,09:53:18
2833,100,283300,09:53:17
2833,100,283300,09:53:16
2833,900,2549700,09:53:16
2832,300,849600,09:53:16
2832,200,566400,09:53:16
2833,100,283300,09:53:16
2833,100,283300,09:53:15
2833,200,566600,09:53:15
2833,400,1133200,09:53:15
2833,1000,2833000,09:53:15
2832,500,1416000,09:53:15
2831,400,1132400,09:53:15
2831,500,1415500,09:53:15
2831,300,849300,09:53:15
2831,300,849300,09:53:15
2831,300,849300,09:53:15
2830,4000,11320000,09:53:15
2829,100,282900,09:53:13
2829,200,565800,09:53:11
2829,100,282900,09:53:11
2830,100,283000,09:53:10
2829,100,282900,09:53:10
2829,100,282900,09:53:10
2830,200,566000,09:53:08
2830,100,283000,09:53:08
2830,100,283000,09:53:07
2829,100,282900,09:53:04
2830,100,283000,09:53:03
2830,100,283000,09:53:03
2830,100,283000,09:53:01
2830,100,283000,09:53:00
2829,100,282900,09:53:00
2829,100,282900,09:53:00
2829,300,848700,09:53:00
2828,100,282800,09:52:58
2829,100,282900,09:52:58
2828,500,1414000,09:52:57
2828,200,565600,09:52:57
2830,100,283000,09:52:55
2829,100,282900,09:52:54
2829,100,282900,09:52:54
2829,100,282900,09:52:53
2828,100,282800,09:52:50
2827,100,282700,09:52:50
2830,100,283000,09:52:49
2829,100,282900,09:52:47
2829,200,565800,09:52:47
2829,200,565800,09:52:47
2829,200,565800,09:52:47
2828,800,2262400,09:52:47
2828,200,565600,09:52:47
2828,100,282800,09:52:46
2828,300,848400,09:52:45
2826,300,847800,09:52:44
2827,200,565400,09:52:44
2826,100,282600,09:52:43
2827,100,282700,09:52:42
2829,100,282900,09:52:42
2828,100,282800,09:52:41
2827,100,282700,09:52:40
2827,100,282700,09:52:40
2827,400,1130800,09:52:38
2828,100,282800,09:52:38
2829,100,282900,09:52:36
2828,100,282800,09:52:36
2828,100,282800,09:52:36
2828,800,2262400,09:52:34
2826,100,282600,09:52:34
2828,100,282800,09:52:32
2827,200,565400,09:52:31
2827,100,282700,09:52:31
2828,100,282800,09:52:28
2827,200,565400,09:52:27
2828,500,1414000,09:52:27
2827,200,565400,09:52:25
2827,100,282700,09:52:25
2826,100,282600,09:52:24
2827,200,565400,09:52:22
2826,100,282600,09:52:21
2825,400,1130000,09:52:21
2826,500,1413000,09:52:21
2827,100,282700,09:52:20
2827,100,282700,09:52:20
2827,100,282700,09:52:20
2827,100,282700,09:52:17
2828,100,282800,09:52:14
2828,100,282800,09:52:10
2828,100,282800,09:52:10
2829,100,282900,09:52:05
2828,200,565600,09:52:04
2825,100,282500,09:52:00
2825,100,282500,09:51:59
2824,100,282400,09:51:56
2824,100,282400,09:51:56
2825,400,1130000,09:51:53
2825,100,282500,09:51:50
2825,200,565000,09:51:50
2824,400,1129600,09:51:50
2824,100,282400,09:51:50
2824,100,282400,09:51:50
2824,100,282400,09:51:50
2824,500,1412000,09:51:49
2825,100,282500,09:51:48
2825,200,565000,09:51:48
2824,100,282400,09:51:48
2825,100,282500,09:51:47
2825,100,282500,09:51:46
2826,200,565200,09:51:46
2826,300,847800,09:51:46
2827,300,848100,09:51:46
2828,200,565600,09:51:45
2828,100,282800,09:51:45
2828,200,565600,09:51:45
2828,200,565600,09:51:45
2828,200,565600,09:51:45
2830,1000,2830000,09:51:40
2831,100,283100,09:51:40
2831,400,1132400,09:51:39
2830,200,566000,09:51:39
2831,100,283100,09:51:38
2831,100,283100,09:51:38
2831,200,566200,09:51:38
2832,100,283200,09:51:38
2832,700,1982400,09:51:38
2833,300,849900,09:51:38
2834,100,283400,09:51:37
2835,100,283500,09:51:37
2835,100,283500,09:51:37
2834,100,283400,09:51:37
2834,300,850200,09:51:37
2834,1400,3967600,09:51:36
2834,200,566800,09:51:36
2834,200,566800,09:51:36
2834,200,566800,09:51:36
2834,200,566800,09:51:36
2834,900,2550600,09:51:36
2833,100,283300,09:51:36
2833,100,283300,09:51:36
2832,100,283200,09:51:36
2832,300,849600,09:51:35
2831,300,849300,09:51:35
2832,100,283200,09:51:35
2832,100,283200,09:51:35
2832,100,283200,09:51:35
2832,400,1132800,09:51:35
2832,100,283200,09:51:35
2832,100,283200,09:51:35
2832,100,283200,09:51:35
2833,300,849900,09:51:35
2832,100,283200,09:51:34
2832,200,566400,09:51:34
2832,100,283200,09:51:34
2832,100,283200,09:51:34
2831,100,283100,09:51:34
2831,100,283100,09:51:34
2830,200,566000,09:51:33
2829,100,282900,09:51:32
2829,600,1697400,09:51:32
2830,100,283000,09:51:32
2831,300,849300,09:51:32
2832,300,849600,09:51:31
2831,100,283100,09:51:31
2831,100,283100,09:51:31
2832,100,283200,09:51:31
2831,700,1981700,09:51:31
2832,100,283200,09:51:31
2832,100,283200,09:51:31
2833,100,283300,09:51:31
2832,400,1132800,09:51:31
2833,300,849900,09:51:31
2832,100,283200,09:51:31
2832,900,2548800,09:51:31
2831,7600,21515600,09:51:31
2830,1000,2830000,09:51:31
2830,1900,5377000,09:51:31
2829,600,1697400,09:51:31
2828,100,282800,09:51:31
2828,300,848400,09:51:30
2829,500,1414500,09:51:30
2828,600,1696800,09:51:30
2827,1200,3392400,09:51:30
2826,100,282600,09:51:30
2827,100,282700,09:51:30
2826,100,282600,09:51:30
2826,100,282600,09:51:29
2826,100,282600,09:51:29
2825,900,2542500,09:51:29
2824,1100,3106400,09:51:29
2823,200,564600,09:51:29
2823,700,1976100,09:51:29
2822,200,564400,09:51:29
2821,100,282100,09:51:23
2821,100,282100,09:51:21
2822,100,282200,09:51:21
2822,200,564400,09:51:20
2822,100,282200,09:51:20
2822,100,282200,09:51:20
2821,100,282100,09:51:19
2820,1100,3102000,09:51:16
2821,300,846300,09:51:16
2822,300,846600,09:51:16
2822,100,282200,09:51:15
2822,100,282200,09:51:15
2822,100,282200,09:51:14
2822,100,282200,09:51:14
2822,100,282200,09:51:14
2822,100,282200,09:51:14
2822,100,282200,09:51:13
2822,100,282200,09:51:12
2822,300,846600,09:51:12
2820,100,282000,09:51:12
2820,100,282000,09:51:10
2821,100,282100,09:51:09
2820,100,282000,09:51:09
2820,200,564000,09:51:08
2821,600,1692600,09:51:08
2820,400,1128000,09:51:08
2820,200,564000,09:51:08
2820,100,282000,09:51:07
2820,300,846000,09:51:06
2821,100,282100,09:51:06
2821,300,846300,09:51:06
2821,100,282100,09:51:04
2821,400,1128400,09:51:04
2822,100,282200,09:51:04
2822,100,282200,09:51:04
2822,100,282200,09:51:04
2822,100,282200,09:51:04
2822,100,282200,09:51:04
2824,400,1129600,09:51:03
2823,100,282300,09:51:03
2823,100,282300,09:51:03
2824,100,282400,09:51:03
2824,100,282400,09:51:03
2825,100,282500,09:51:02
2820,2800,7896000,09:51:02
2820,2100,5922000,09:51:02
2821,1700,4795700,09:51:02
2822,2100,5926200,09:51:02
2823,1700,4799100,09:51:02
2824,2300,6495200,09:51:02
2825,1800,5085000,09:51:02
2826,900,2543400,09:51:02
2827,600,1696200,09:51:02
2827,100,282700,09:51:01
2827,100,282700,09:51:01
2829,100,282900,09:50:55
2829,100,282900,09:50:55
2828,200,565600,09:50:55
2828,100,282800,09:50:54
2827,200,565400,09:50:48
2826,100,282600,09:50:47
2826,100,282600,09:50:47
2828,100,282800,09:50:42
2827,100,282700,09:50:42
2829,300,848700,09:50:41
2828,200,565600,09:50:41
2826,200,565200,09:50:41
2825,200,565000,09:50:41
2823,400,1129200,09:50:41
2825,800,2260000,09:50:41
2824,200,564800,09:50:41
2822,100,282200,09:50:40
2823,200,564600,09:50:40
2821,100,282100,09:50:40
2822,600,1693200,09:50:40
2823,300,846900,09:50:40
2824,300,847200,09:50:40
2825,1300,3672500,09:50:40
2825,400,1130000,09:50:39
2826,400,1130400,09:50:39
2827,300,848100,09:50:39
2827,400,1130800,09:50:38
2829,700,1980300,09:50:38
2828,300,848400,09:50:38
2828,100,282800,09:50:35
2828,100,282800,09:50:35
2829,300,848700,09:50:35
2831,100,283100,09:50:34
2829,100,282900,09:50:33
2829,1000,2829000,09:50:33
2831,200,566200,09:50:32
2830,100,283000,09:50:31
2830,100,283000,09:50:30
2829,100,282900,09:50:30
2830,100,283000,09:50:29
2830,100,283000,09:50:28
2830,200,566000,09:50:27
2830,100,283000,09:50:27
2830,100,283000,09:50:27
2830,200,566000,09:50:26
2831,100,283100,09:50:25
2830,100,283000,09:50:23
2829,100,282900,09:50:22
2829,100,282900,09:50:22
2827,1200,3392400,09:50:22
2828,1100,3110800,09:50:22
2829,400,1131600,09:50:22
2830,400,1132000,09:50:22
2831,200,566200,09:50:21
2832,100,283200,09:50:20
2833,300,849900,09:50:20
2832,200,566400,09:50:20
2833,100,283300,09:50:19
2832,100,283200,09:50:18
2834,300,850200,09:50:17
2834,500,1417000,09:50:17
2833,100,283300,09:50:16
2833,300,849900,09:50:16
2832,400,1132800,09:50:16
2831,100,283100,09:50:16
2831,300,849300,09:50:16
2830,700,1981000,09:50:16
2830,300,849000,09:50:16
2829,100,282900,09:50:16
2829,100,282900,09:50:15
2828,300,848400,09:50:15
2827,400,1130800,09:50:14
2827,200,565400,09:50:11
2828,200,565600,09:50:11
2829,100,282900,09:50:10
2829,200,565800,09:50:10
2829,100,282900,09:50:09
2829,100,282900,09:50:08
2828,200,565600,09:50:07
2828,100,282800,09:50:05
2829,100,282900,09:50:05
2830,500,1415000,09:50:03
2829,100,282900,09:50:02
2829,500,1414500,09:50:02
2830,400,1132000,09:50:02
2831,100,283100,09:50:00
2830,200,566000,09:49:59
2830,200,566000,09:49:59
2830,100,283000,09:49:58
2830,200,566000,09:49:57
2831,100,283100,09:49:56
2830,200,566000,09:49:54
2831,600,1698600,09:49:54
2831,100,283100,09:49:54
2832,100,283200,09:49:53
2832,200,566400,09:49:52
2831,200,566200,09:49:52
2831,300,849300,09:49:51
2830,100,283000,09:49:50
2830,100,283000,09:49:49
2831,300,849300,09:49:48
2830,200,566000,09:49:48
2831,300,849300,09:49:48
2832,200,566400,09:49:48
2833,100,283300,09:49:48
2833,100,283300,09:49:48
2832,100,283200,09:49:47
2831,200,566200,09:49:47
2832,600,1699200,09:49:47
2833,200,566600,09:49:47
2834,100,283400,09:49:47
2834,800,2267200,09:49:47
2833,100,283300,09:49:47
2834,100,283400,09:49:47
2834,200,566800,09:49:47
2834,400,1133600,09:49:47
2833,100,283300,09:49:47
2833,100,283300,09:49:47
2833,100,283300,09:49:47
2834,100,283400,09:49:47
2834,500,1417000,09:49:46
2833,100,283300,09:49:46
2834,100,283400,09:49:46
2834,100,283400,09:49:46
2833,700,1983100,09:49:46
2833,300,849900,09:49:46
2833,900,2549700,09:49:46
2833,100,283300,09:49:46
2833,800,2266400,09:49:46
2833,100,283300,09:49:46
2832,3300,9345600,09:49:46
2831,200,566200,09:49:46
2830,1300,3679000,09:49:46
2829,200,565800,09:49:46
2828,600,1696800,09:49:46
2827,200,565400,09:49:46
2826,100,282600,09:49:45
2826,200,565200,09:49:43
2825,300,847500,09:49:43
2825,500,1412500,09:49:43
2826,900,2543400,09:49:43
2827,100,282700,09:49:41
2828,200,565600,09:49:37
2827,200,565400,09:49:34
2826,700,1978200,09:49:33
2827,300,848100,09:49:33
2828,200,565600,09:49:32
2828,100,282800,09:49:31
2826,200,565200,09:49:27
2827,800,2261600,09:49:27
2828,100,282800,09:49:27
2828,100,282800,09:49:27
2828,300,848400,09:49:26
2828,100,282800,09:49:25
2828,400,1131200,09:49:25
2829,100,282900,09:49:25
2830,100,283000,09:49:25
2829,100,282900,09:49:24
2827,200,565400,09:49:21
2829,200,565800,09:49:21
2828,100,282800,09:49:20
2828,100,282800,09:49:18
2828,100,282800,09:49:18
2829,100,282900,09:49:18
2828,200,565600,09:49:17
2828,100,282800,09:49:16
2827,100,282700,09:49:16
2826,100,282600,09:49:15
2826,200,565200,09:49:15
2826,100,282600,09:49:14
2826,100,282600,09:49:14
2825,500,1412500,09:49:14
2827,100,282700,09:49:13
2827,100,282700,09:49:11
2826,100,282600,09:49:10
2827,100,282700,09:49:10
2829,100,282900,09:49:08
2828,200,565600,09:49:08
2827,100,282700,09:49:08
2828,900,2545200,09:49:08
2829,100,282900,09:49:07
2829,500,1414500,09:49:07
2829,100,282900,09:49:06
2830,100,283000,09:49:05
2831,100,283100,09:49:05
2830,100,283000,09:49:05
2830,100,283000,09:49:05
2830,400,1132000,09:49:05
2831,100,283100,09:49:05
2832,2000,5664000,09:49:05
2832,300,849600,09:49:05
2831,100,283100,09:49:04
2830,100,283000,09:49:04
2830,100,283000,09:49:04
2830,100,283000,09:49:04
2831,100,283100,09:49:04
2830,100,283000,09:49:04
2830,100,283000,09:49:04
2830,100,283000,09:49:04
2831,400,1132400,09:49:04
2831,800,2264800,09:49:04
2831,2000,5662000,09:49:04
2831,100,283100,09:49:03
2829,100,282900,09:49:03
2829,200,565800,09:49:03
2829,200,565800,09:49:03
2827,200,565400,09:49:03
2829,200,565800,09:49:03
2828,100,282800,09:49:03
2827,100,282700,09:49:03
2827,100,282700,09:49:03
2827,100,282700,09:49:03
2827,200,565400,09:49:03
2828,200,565600,09:49:02
2828,200,565600,09:49:02
2829,100,282900,09:49:02
2829,100,282900,09:49:02
2830,100,283000,09:49:02
2829,100,282900,09:49:02
2830,1200,3396000,09:49:02
2830,400,1132000,09:49:02
2830,900,2547000,09:49:02
2830,100,283000,09:49:02
2829,4100,11598900,09:49:02
2828,100,282800,09:49:02
2828,100,282800,09:49:02
2828,900,2545200,09:49:02
2827,1300,3675100,09:49:02
2827,2200,6219400,09:49:02
2827,900,2544300,09:49:02
2826,3000,8478000,09:49:02
2824,100,282400,09:49:02
2825,1500,4237500,09:49:02
2824,1800,5083200,09:49:02
2823,1900,5363700,09:49:02
2822,1400,3950800,09:49:02
2821,100,282100,09:49:02
2821,200,564200,09:49:02
2821,400,1128400,09:49:02
2820,200,564000,09:49:02
2819,100,281900,09:49:02
2817,100,281700,09:49:00
2819,300,845700,09:49:00
2819,300,845700,09:49:00
2817,900,2535300,09:49:00
2818,500,1409000,09:49:00
2818,600,1690800,09:48:59
2819,700,1973300,09:48:59
2820,400,1128000,09:48:59
2822,100,282200,09:48:59
2820,100,282000,09:48:56
2818,100,281800,09:48:52
2818,100,281800,09:48:50
2818,200,563600,09:48:50
2819,200,563800,09:48:50
2819,100,281900,09:48:45
2819,400,1127600,09:48:42
2819,100,281900,09:48:42
2819,100,281900,09:48:42
2819,100,281900,09:48:42
2819,200,563800,09:48:42
2819,100,281900,09:48:42
2820,900,2538000,09:48:42
2821,200,564200,09:48:42
2821,100,282100,09:48:42
2821,100,282100,09:48:42
2822,1700,4797400,09:48:42
2822,200,564400,09:48:38
2823,200,564600,09:48:38
2823,200,564600,09:48:38
2823,200,564600,09:48:38
2824,200,564800,09:48:37
2824,400,1129600,09:48:36
2823,200,564600,09:48:36
2823,100,282300,09:48:35
2823,100,282300,09:48:33
2823,300,846900,09:48:32
2823,100,282300,09:48:31
2823,300,846900,09:48:26
2823,100,282300,09:48:24
2823,300,846900,09:48:23
2825,200,565000,09:48:22
2823,200,564600,09:48:21
2825,300,847500,09:48:20
2823,100,282300,09:48:19
2824,100,282400,09:48:19
2824,100,282400,09:48:19
2824,1800,5083200,09:48:19
2823,100,282300,09:48:17
2822,100,282200,09:48:16
2823,100,282300,09:48:16
2824,100,282400,09:48:15
2824,200,564800,09:48:15
2824,200,564800,09:48:15
2823,1500,4234500,09:48:12
2823,200,564600,09:48:12
2824,500,1412000,09:48:11
2822,100,282200,09:48:10
2823,400,1129200,09:48:10
2823,100,282300,09:48:03
2824,100,282400,09:48:01
2823,100,282300,09:48:01
2823,100,282300,09:48:01
2824,100,282400,09:48:00
2824,300,847200,09:48:00
2825,100,282500,09:48:00
2825,600,1695000,09:48:00
2823,200,564600,09:47:59
2824,400,1129600,09:47:57
2824,100,282400,09:47:57
2822,300,846600,09:47:54
2823,200,564600,09:47:54
2824,200,564800,09:47:54
2824,100,282400,09:47:51
2822,100,282200,09:47:45
2821,100,282100,09:47:44
2821,100,282100,09:47:43
2821,100,282100,09:47:42
2821,100,282100,09:47:42
2822,100,282200,09:47:41
2823,100,282300,09:47:39
2823,100,282300,09:47:39
2823,300,846900,09:47:39
2824,100,282400,09:47:39
2825,700,1977500,09:47:36
2824,600,1694400,09:47:34
2823,300,846900,09:47:33
2823,100,282300,09:47:32
2822,300,846600,09:47:32
2824,100,282400,09:47:32
2823,400,1129200,09:47:32
2821,100,282100,09:47:29
2821,100,282100,09:47:29
2821,400,1128400,09:47:29
2823,100,282300,09:47:28
2823,100,282300,09:47:24
2823,100,282300,09:47:22
2825,200,565000,09:47:20
2824,300,847200,09:47:20
2824,100,282400,09:47:17
2825,600,1695000,09:47:17
2824,700,1976800,09:47:17
2823,200,564600,09:47:17
2823,100,282300,09:47:16
2824,500,1412000,09:47:15
2823,300,846900,09:47:14
2823,500,1411500,09:47:14
2824,100,282400,09:47:14
2824,900,2541600,09:47:13
2825,100,282500,09:47:13
2825,100,282500,09:47:12
2824,100,282400,09:47:12
2825,100,282500,09:47:11
2825,100,282500,09:47:09
2824,200,564800,09:47:09
2824,100,282400,09:47:09
2823,100,282300,09:47:09
2824,100,282400,09:47:09
2823,100,282300,09:47:08
2824,100,282400,09:47:07
2823,100,282300,09:47:07
2823,100,282300,09:47:06
2823,200,564600,09:47:06
2823,100,282300,09:47:06
2822,200,564400,09:47:06
2820,200,564000,09:47:05
2821,300,846300,09:47:05
2823,100,282300,09:47:05
2823,100,282300,09:47:04
2822,100,282200,09:47:03
2820,200,564000,09:47:03
2821,100,282100,09:47:03
2820,400,1128000,09:47:03
2821,100,282100,09:47:03
2822,100,282200,09:47:02
2822,200,564400,09:47:01
2821,100,282100,09:47:01
2821,200,564200,09:47:01
2822,200,564400,09:47:00
2822,300,846600,09:47:00
2822,100,282200,09:46:58
2821,100,282100,09:46:57
2822,200,564400,09:46:55
2824,100,282400,09:46:54
2825,200,565000,09:46:53
2824,100,282400,09:46:53
2824,300,847200,09:46:53
2825,1200,3390000,09:46:51
2826,300,847800,09:46:51
2826,100,282600,09:46:51
2827,100,282700,09:46:50
2827,100,282700,09:46:50
2826,100,282600,09:46:48
2827,100,282700,09:46:48
2826,500,1413000,09:46:48
2827,400,1130800,09:46:48
2828,300,848400,09:46:47
2829,100,282900,09:46:46
2830,400,1132000,09:46:46
2829,100,282900,09:46:46
2830,300,849000,09:46:46
2830,100,283000,09:46:46
2830,100,283000,09:46:46
2830,100,283000,09:46:45
2830,100,283000,09:46:45
2830,100,283000,09:46:45
2829,100,282900,09:46:45
2830,100,283000,09:46:45
2830,100,283000,09:46:45
2831,100,283100,09:46:45
2829,100,282900,09:46:45
2829,400,1131600,09:46:45
2830,100,283000,09:46:45
2830,3100,8773000,09:46:45
2830,200,566000,09:46:45
2830,100,283000,09:46:45
2830,1600,4528000,09:46:45
2830,3900,11037000,09:46:45
2830,300,849000,09:46:45
2830,100,283000,09:46:45
2830,200,566000,09:46:45
2830,100,283000,09:46:45
2830,500,1415000,09:46:45
2830,100,283000,09:46:45
2830,100,283000,09:46:45
2830,500,1415000,09:46:45
2830,1200,3396000,09:46:45
2829,6700,18954300,09:46:45
2829,600,1697400,09:46:45
2829,100,282900,09:46:45
2829,700,1980300,09:46:45
2828,4000,11312000,09:46:45
2827,1100,3109700,09:46:45
2827,100,282700,09:46:45
2827,100,282700,09:46:45
2827,700,1978900,09:46:45
2827,300,848100,09:46:45
2827,100,282700,09:46:45
2826,3200,9043200,09:46:45
2825,1500,4237500,09:46:44
2824,1300,3671200,09:46:44
2823,300,846900,09:46:44
2822,500,1411000,09:46:44
2820,200,564000,09:46:42
2819,400,1127600,09:46:42
2818,100,281800,09:46:42
2819,100,281900,09:46:42
2818,400,1127200,09:46:41
2817,100,281700,09:46:41
2817,400,1126800,09:46:41
2817,100,281700,09:46:41
2818,1800,5072400,09:46:41
2820,100,282000,09:46:40
2820,100,282000,09:46:40
2819,100,281900,09:46:39
2819,300,845700,09:46:39
2821,100,282100,09:46:38
2820,100,282000,09:46:37
2821,100,282100,09:46:36
2820,100,282000,09:46:36
2822,100,282200,09:46:35
2821,100,282100,09:46:34
2823,100,282300,09:46:34
2823,200,564600,09:46:34
2821,100,282100,09:46:33
2820,300,846000,09:46:33
2820,100,282000,09:46:32
2819,100,281900,09:46:31
2819,100,281900,09:46:30
2819,100,281900,09:46:30
2821,100,282100,09:46:30
2819,300,845700,09:46:28
2820,100,282000,09:46:28
2821,100,282100,09:46:28
2820,100,282000,09:46:27
2820,200,564000,09:46:25
2818,100,281800,09:46:24
2820,100,282000,09:46:23
2819,200,563800,09:46:23
2820,100,282000,09:46:23
2819,100,281900,09:46:23
2819,200,563800,09:46:22
2819,200,563800,09:46:22
2820,100,282000,09:46:22
2820,100,282000,09:46:22
2820,100,282000,09:46:20
2820,200,564000,09:46:20
2820,200,564000,09:46:20
2820,100,282000,09:46:20
2819,100,281900,09:46:17
2819,100,281900,09:46:14
2818,200,563600,09:46:14
2818,100,281800,09:46:14
2818,400,1127200,09:46:13
2818,100,281800,09:46:13
2819,500,1409500,09:46:13
2820,600,1692000,09:46:13
2821,1000,2821000,09:46:08
2821,100,282100,09:46:08
2821,100,282100,09:46:08
2821,100,282100,09:46:08
2823,400,1129200,09:46:04
2824,100,282400,09:46:00
2824,200,564800,09:46:00
2824,200,564800,09:46:00
2825,100,282500,09:45:57
2826,200,565200,09:45:56
2826,100,282600,09:45:56
2826,100,282600,09:45:56
2826,100,282600,09:45:56
2825,1000,2825000,09:45:56
2825,100,282500,09:45:56
2823,300,846900,09:45:53
2824,100,282400,09:45:52
2826,2000,5652000,09:45:51
2825,200,565000,09:45:51
2824,100,282400,09:45:49
2825,300,847500,09:45:49
2824,100,282400,09:45:48
2826,100,282600,09:45:48
2825,200,565000,09:45:48
2824,100,282400,09:45:47
2824,100,282400,09:45:46
2825,100,282500,09:45:46
2825,600,1695000,09:45:46
2825,200,565000,09:45:46
2825,200,565000,09:45:46
2825,200,565000,09:45:46
2825,200,565000,09:45:46
2824,200,564800,09:45:45
2824,100,282400,09:45:40
2825,200,565000,09:45:40
2824,100,282400,09:45:40
2823,100,282300,09:45:37
2823,500,1411500,09:45:36
2822,100,282200,09:45:36
2822,100,282200,09:45:35
2820,400,1128000,09:45:35
2820,100,282000,09:45:35
2821,400,1128400,09:45:35
2821,300,846300,09:45:33
2822,100,282200,09:45:33
2824,100,282400,09:45:28
2823,200,564600,09:45:28
2823,200,564600,09:45:28
2822,100,282200,09:45:28
2822,100,282200,09:45:27
2821,100,282100,09:45:27
2821,100,282100,09:45:27
2820,200,564000,09:45:27
2820,200,564000,09:45:27
2820,200,564000,09:45:27
2820,200,564000,09:45:27
2820,200,564000,09:45:27
2821,300,846300,09:45:27
2821,100,282100,09:45:27
2822,200,564400,09:45:25
2823,100,282300,09:45:24
2825,200,565000,09:45:22
2824,300,847200,09:45:22
2825,900,2542500,09:45:22
2826,1500,4239000,09:45:22
2826,100,282600,09:45:22
2826,100,282600,09:45:22
2825,3200,9040000,09:45:22
2824,1000,2824000,09:45:22
2824,100,282400,09:45:20
2823,100,282300,09:45:20
2823,100,282300,09:45:20
2823,100,282300,09:45:20
2824,500,1412000,09:45:18
2823,400,1129200,09:45:18
2824,200,564800,09:45:17
2824,200,564800,09:45:17
2824,200,564800,09:45:17
2824,200,564800,09:45:17
2823,300,846900,09:45:17
2823,100,282300,09:45:15
2823,100,282300,09:45:15
2823,100,282300,09:45:14
2824,300,847200,09:45:13
2823,100,282300,09:45:12
2823,500,1411500,09:45:12
2822,100,282200,09:45:12
2822,100,282200,09:45:12
2822,100,282200,09:45:11
2822,100,282200,09:45:10
2822,100,282200,09:45:10
2821,400,1128400,09:45:08
2822,200,564400,09:45:08
2823,100,282300,09:45:07
2824,300,847200,09:45:07
2824,100,282400,09:45:01
2823,400,1129200,09:45:01
2824,100,282400,09:45:01
2825,400,1130000,09:45:01
2825,300,847500,09:45:00
2825,800,2260000,09:45:00
2824,200,564800,09:45:00
2823,200,564600,09:45:00
2823,100,282300,09:45:00
2822,800,2257600,09:45:00
2821,200,564200,09:45:00
2820,200,564000,09:45:00
2820,400,1128000,09:45:00
2820,200,564000,09:45:00
2820,3800,10716000,09:45:00
2818,100,281800,09:44:58
2819,300,845700,09:44:58
2818,300,845400,09:44:57
2818,700,1972600,09:44:57
2818,700,1972600,09:44:57
2817,500,1408500,09:44:57
2817,100,281700,09:44:57
2817,100,281700,09:44:54
2816,300,844800,09:44:53
2814,300,844200,09:44:53
2815,200,563000,09:44:53
2816,100,281600,09:44:52
2817,100,281700,09:44:52
2814,400,1125600,09:44:52
2815,600,1689000,09:44:52
2817,100,281700,09:44:52
2816,300,844800,09:44:52
2815,100,281500,09:44:51
2816,300,844800,09:44:51
2817,100,281700,09:44:50
2817,500,1408500,09:44:49
2817,100,281700,09:44:49
2816,100,281600,09:44:48
2817,100,281700,09:44:47
2815,100,281500,09:44:46
2815,200,563000,09:44:46
2815,100,281500,09:44:46
2815,100,281500,09:44:44
2817,100,281700,09:44:44
2817,200,563400,09:44:44
2817,100,281700,09:44:43
2818,100,281800,09:44:42
2818,100,281800,09:44:40
2818,100,281800,09:44:40
2817,200,563400,09:44:38
2817,100,281700,09:44:38
2818,100,281800,09:44:36
2817,200,563400,09:44:36
2817,100,281700,09:44:33
2817,100,281700,09:44:33
2817,100,281700,09:44:32
2818,100,281800,09:44:31
2816,100,281600,09:44:31
2816,100,281600,09:44:31
2817,100,281700,09:44:31
2817,500,1408500,09:44:30
2817,100,281700,09:44:30
2816,100,281600,09:44:30
2816,100,281600,09:44:30
2816,100,281600,09:44:30
2815,400,1126000,09:44:30
2816,200,563200,09:44:30
2816,100,281600,09:44:30
2817,100,281700,09:44:29
2817,100,281700,09:44:29
2817,100,281700,09:44:29
2817,100,281700,09:44:27
2817,100,281700,09:44:24
2817,100,281700,09:44:24
2817,100,281700,09:44:24
2817,100,281700,09:44:24
2817,1000,2817000,09:44:24
2818,800,2254400,09:44:24
2819,200,563800,09:44:22
2819,100,281900,09:44:22
2819,400,1127600,09:44:19
2820,600,1692000,09:44:16
2819,100,281900,09:44:14
2818,100,281800,09:44:13
2819,100,281900,09:44:11
2819,100,281900,09:44:11
2818,400,1127200,09:44:11
2819,100,281900,09:44:11
2820,100,282000,09:44:10
2820,100,282000,09:44:09
2818,900,2536200,09:44:08
2819,1100,3100900,09:44:08
2820,100,282000,09:44:08
2820,100,282000,09:44:07
2820,100,282000,09:44:07
2818,100,281800,09:44:07
2818,100,281800,09:44:07
2818,100,281800,09:44:07
2819,100,281900,09:44:06
2818,500,1409000,09:44:06
2820,100,282000,09:44:06
2818,100,281800,09:44:06
2820,400,1128000,09:44:05
2819,400,1127600,09:44:05
2818,200,563600,09:44:05
2819,100,281900,09:44:05
2819,500,1409500,09:44:05
2820,100,282000,09:44:04
2820,300,846000,09:44:03
2820,100,282000,09:44:02
2820,100,282000,09:44:01
2820,100,282000,09:44:01
2820,100,282000,09:44:01
2820,100,282000,09:44:01
2820,600,1692000,09:44:00
2821,100,282100,09:43:59
2821,200,564200,09:43:59
2821,100,282100,09:43:59
2820,100,282000,09:43:57
2821,200,564200,09:43:57
2820,100,282000,09:43:56
2820,100,282000,09:43:55
2820,400,1128000,09:43:55
2821,100,282100,09:43:54
2821,100,282100,09:43:54
2821,200,564200,09:43:54
2821,200,564200,09:43:54
2822,500,1411000,09:43:54
2823,100,282300,09:43:54
2822,100,282200,09:43:52
2823,800,2258400,09:43:50
2824,200,564800,09:43:50
2824,200,564800,09:43:50
2824,200,564800,09:43:50
2824,200,564800,09:43:50
2823,200,564600,09:43:50
2821,300,846300,09:43:49
2822,200,564400,09:43:49
2823,600,1693800,09:43:49
2822,300,846600,09:43:49
2821,200,564200,09:43:46
2822,100,282200,09:43:44
2822,100,282200,09:43:44
2822,100,282200,09:43:43
2821,600,1692600,09:43:41
2822,400,1128800,09:43:41
2822,100,282200,09:43:41
2823,100,282300,09:43:39
2823,100,282300,09:43:39
2823,100,282300,09:43:39
2823,100,282300,09:43:37
2823,100,282300,09:43:37
2823,100,282300,09:43:37
2823,100,282300,09:43:37
2823,200,564600,09:43:33
2824,100,282400,09:43:33
2824,100,282400,09:43:33
2824,800,2259200,09:43:33
2824,100,282400,09:43:33
2825,200,565000,09:43:31
2825,200,565000,09:43:30
2825,100,282500,09:43:30
2825,1100,3107500,09:43:30
2825,300,847500,09:43:30
2826,100,282600,09:43:29
2826,100,282600,09:43:28
2827,300,848100,09:43:28
2826,300,847800,09:43:28
2826,100,282600,09:43:27
2826,200,565200,09:43:27
2826,100,282600,09:43:25
2825,200,565000,09:43:25
2826,100,282600,09:43:24
2826,400,1130400,09:43:24
2826,100,282600,09:43:22
2826,100,282600,09:43:21
2827,100,282700,09:43:19
2826,100,282600,09:43:18
2826,200,565200,09:43:18
2826,200,565200,09:43:16
2826,100,282600,09:43:16
2826,700,1978200,09:43:16
2827,100,282700,09:43:11
2827,100,282700,09:43:11
2826,100,282600,09:43:11
2826,300,847800,09:43:11
2825,100,282500,09:43:11
2824,100,282400,09:43:10
2825,100,282500,09:43:08
2824,100,282400,09:43:08
2826,1800,5086800,09:43:07
2825,300,847500,09:43:07
2824,100,282400,09:43:07
2824,100,282400,09:43:06
2824,100,282400,09:43:06
2824,100,282400,09:43:06
2824,200,564800,09:43:06
2824,300,847200,09:43:04
2825,100,282500,09:43:03
2825,100,282500,09:43:03
2825,300,847500,09:43:03
2825,100,282500,09:43:02
2826,100,282600,09:43:00
2825,100,282500,09:42:59
2825,100,282500,09:42:59
2826,300,847800,09:42:55
2825,100,282500,09:42:53
2825,100,282500,09:42:53
2825,500,1412500,09:42:53
2827,100,282700,09:42:52
2826,400,1130400,09:42:52
2825,100,282500,09:42:52
2827,200,565400,09:42:50
2827,100,282700,09:42:47
2825,200,565000,09:42:46
2826,100,282600,09:42:46
2826,100,282600,09:42:46
2826,200,565200,09:42:46
2825,300,847500,09:42:41
2825,400,1130000,09:42:40
2824,100,282400,09:42:39
2824,400,1129600,09:42:39
2823,100,282300,09:42:39
2822,500,1411000,09:42:39
2821,500,1410500,09:42:38
2820,700,1974000,09:42:37
2822,100,282200,09:42:37
2820,100,282000,09:42:36
2820,600,1692000,09:42:35
2821,300,846300,09:42:34
2820,100,282000,09:42:34
2820,100,282000,09:42:34
2821,100,282100,09:42:34
2820,100,282000,09:42:33
2821,100,282100,09:42:33
2821,100,282100,09:42:33
2821,200,564200,09:42:32
2820,200,564000,09:42:32
2821,800,2256800,09:42:32
2823,100,282300,09:42:30
2823,200,564600,09:42:30
2824,100,282400,09:42:28
2824,100,282400,09:42:28
2825,200,565000,09:42:28
2825,100,282500,09:42:28
2825,200,565000,09:42:28
2825,200,565000,09:42:28
2827,100,282700,09:42:25
2827,100,282700,09:42:22
2826,100,282600,09:42:22
2826,100,282600,09:42:22
2826,500,1413000,09:42:22
2827,100,282700,09:42:21
2827,100,282700,09:42:21
2827,400,1130800,09:42:21
2827,200,565400,09:42:21
2827,100,282700,09:42:21
2827,100,282700,09:42:21
2827,100,282700,09:42:21
2828,900,2545200,09:42:21
2829,500,1414500,09:42:20
2829,100,282900,09:42:20
2829,100,282900,09:42:19
2829,100,282900,09:42:18
2829,100,282900,09:42:18
2828,100,282800,09:42:17
2829,100,282900,09:42:14
2829,100,282900,09:42:13
2828,100,282800,09:42:11
2828,300,848400,09:42:11
2828,100,282800,09:42:11
2829,100,282900,09:42:10
2829,100,282900,09:42:10
2829,100,282900,09:42:10
2829,600,1697400,09:42:10
2828,100,282800,09:42:10
2828,400,1131200,09:42:08
2828,200,565600,09:42:08
2828,100,282800,09:42:06
2830,200,566000,09:42:05
2829,100,282900,09:42:05
2829,100,282900,09:42:05
2829,200,565800,09:42:05
2830,100,283000,09:42:05
2829,500,1414500,09:42:05
2829,100,282900,09:42:05
2828,400,1131200,09:42:04
2830,100,283000,09:42:04
2829,100,282900,09:42:04
2828,100,282800,09:42:04
2829,100,282900,09:42:04
2828,200,565600,09:42:04
2830,100,283000,09:42:04
2829,200,565800,09:42:03
2829,300,848700,09:42:03
2829,400,1131600,09:42:03
2829,1000,2829000,09:42:03
2829,100,282900,09:42:03
2828,100,282800,09:42:03
2829,700,1980300,09:42:03
2828,100,282800,09:42:02
2829,200,565800,09:42:02
2829,100,282900,09:42:02
2828,200,565600,09:42:02
2828,1200,3393600,09:42:02
2828,100,282800,09:42:02
2828,700,1979600,09:42:01
2828,100,282800,09:42:01
2827,1900,5371300,09:42:01
2827,100,282700,09:42:01
2827,200,565400,09:42:00
2826,800,2260800,09:42:00
2826,200,565200,09:42:00
2826,200,565200,09:42:00
2826,200,565200,09:42:00
2826,200,565200,09:42:00
2825,1000,2825000,09:42:00
2825,4300,12147500,09:42:00
2825,100,282500,09:41:59
2825,900,2542500,09:41:58
2824,100,282400,09:41:58
2823,100,282300,09:41:57
2823,100,282300,09:41:57
2823,800,2258400,09:41:57
2825,100,282500,09:41:57
2824,100,282400,09:41:56
2825,100,282500,09:41:56
2825,100,282500,09:41:55
2823,500,1411500,09:41:55
2824,500,1412000,09:41:55
2825,200,565000,09:41:54
2824,100,282400,09:41:54
2824,600,1694400,09:41:54
2823,1100,3105300,09:41:54
2822,1400,3950800,09:41:54
2821,100,282100,09:41:54
2820,4600,12972000,09:41:54
2820,100,282000,09:41:54
2820,100,282000,09:41:54
2820,100,282000,09:41:54
2820,100,282000,09:41:54
2819,100,281900,09:41:51
2819,200,563800,09:41:50
2818,300,845400,09:41:49
2818,100,281800,09:41:43
2816,700,1971200,09:41:43
2817,600,1690200,09:41:43
2818,500,1409000,09:41:42
2817,100,281700,09:41:42
2817,100,281700,09:41:41
2817,800,2253600,09:41:41
2816,100,281600,09:41:41
2817,2000,5634000,09:41:41
2818,100,281800,09:41:40
2818,100,281800,09:41:40
2818,500,1409000,09:41:40
2818,200,563600,09:41:40
2818,300,845400,09:41:40
2818,200,563600,09:41:40
2818,200,563600,09:41:38
2818,200,563600,09:41:38
2817,100,281700,09:41:37
2817,200,563400,09:41:37
2817,100,281700,09:41:37
2817,600,1690200,09:41:37
2818,100,281800,09:41:34
2818,100,281800,09:41:31
2817,100,281700,09:41:30
2817,100,281700,09:41:30
2817,100,281700,09:41:30
2817,100,281700,09:41:26
2817,900,2535300,09:41:26
2818,100,281800,09:41:26
2818,100,281800,09:41:22
2818,200,563600,09:41:19
2817,100,281700,09:41:18
2819,100,281900,09:41:17
2818,100,281800,09:41:17
2818,100,281800,09:41:16
2818,300,845400,09:41:16
2818,100,281800,09:41:16
2819,200,563800,09:41:16
2820,200,564000,09:41:16
2820,100,282000,09:41:16
2820,200,564000,09:41:16
2820,500,1410000,09:41:16
2818,100,281800,09:41:13
2820,100,282000,09:41:13
2820,100,282000,09:41:13
2819,100,281900,09:41:13
2819,300,845700,09:41:13
2819,200,563800,09:41:13
2819,200,563800,09:41:12
2820,100,282000,09:41:12
2821,300,846300,09:41:11
2823,300,846900,09:41:09
2822,100,282200,09:41:09
2823,100,282300,09:41:09
2823,400,1129200,09:41:09
2822,200,564400,09:41:09
2821,100,282100,09:41:09
2821,100,282100,09:41:09
2821,100,282100,09:41:09
2820,700,1974000,09:41:09
2819,200,563800,09:41:09
2818,100,281800,09:41:09
2818,5100,14371800,09:41:09
2817,100,281700,09:41:07
2817,700,1971900,09:41:07
2818,800,2254400,09:41:07
2818,100,281800,09:41:06
2819,100,281900,09:41:04
2819,400,1127600,09:41:04
2819,600,1691400,09:41:04
2818,200,563600,09:41:04
2819,100,281900,09:41:04
2819,100,281900,09:41:03
2819,100,281900,09:41:03
2820,500,1410000,09:41:03
2818,100,281800,09:41:01
2817,100,281700,09:41:00
2817,100,281700,09:41:00
2817,100,281700,09:41:00
2817,200,563400,09:41:00
2818,600,1690800,09:41:00
2817,200,563400,09:41:00
2815,200,563000,09:41:00
2816,500,1408000,09:41:00
2816,100,281600,09:40:59
2819,100,281900,09:40:59
2818,100,281800,09:40:59
2816,100,281600,09:40:59
2818,100,281800,09:40:59
2819,100,281900,09:40:59
2818,400,1127200,09:40:59
2819,300,845700,09:40:59
2819,100,281900,09:40:59
2819,100,281900,09:40:59
2820,100,282000,09:40:59
2820,100,282000,09:40:59
2820,100,282000,09:40:59
2820,100,282000,09:40:59
2820,100,282000,09:40:59
2820,200,564000,09:40:59
2820,300,846000,09:40:59
2819,500,1409500,09:40:59
2818,2100,5917800,09:40:59
2817,1000,2817000,09:40:59
2816,100,281600,09:40:59
2816,100,281600,09:40:56
2817,800,2253600,09:40:53
2815,100,281500,09:40:53
2816,100,281600,09:40:53
2816,100,281600,09:40:52
2816,300,844800,09:40:52
2816,100,281600,09:40:46
2816,100,281600,09:40:46
2816,300,844800,09:40:46
2817,100,281700,09:40:46
2816,100,281600,09:40:43
2817,100,281700,09:40:43
2817,100,281700,09:40:42
2817,100,281700,09:40:42
2818,100,281800,09:40:41
2818,100,281800,09:40:41
2819,100,281900,09:40:41
2819,200,563800,09:40:40
2818,100,281800,09:40:39
2818,100,281800,09:40:39
2817,200,563400,09:40:38
2818,100,281800,09:40:38
2815,400,1126000,09:40:36
2816,600,1689600,09:40:36
2818,100,281800,09:40:36
2816,100,281600,09:40:36
2817,100,281700,09:40:35
2818,100,281800,09:40:35
2818,800,2254400,09:40:35
2817,100,281700,09:40:34
2817,100,281700,09:40:34
2817,500,1408500,09:40:34
2816,300,844800,09:40:34
2815,200,563000,09:40:33
2815,300,844500,09:40:33
2815,300,844500,09:40:33
2815,100,281500,09:40:33
2815,300,844500,09:40:33
2815,300,844500,09:40:33
2814,200,562800,09:40:33
2814,100,281400,09:40:32
2814,100,281400,09:40:32
2813,400,1125200,09:40:30
2812,100,281200,09:40:30
2812,100,281200,09:40:29
2812,100,281200,09:40:29
2811,700,1967700,09:40:29
2812,100,281200,09:40:29
2811,100,281100,09:40:28
2811,100,281100,09:40:27
2812,200,562400,09:40:26
2812,100,281200,09:40:26
2812,100,281200,09:40:25
2811,100,281100,09:40:25
2810,1200,3372000,09:40:25
2811,800,2248800,09:40:25
2812,100,281200,09:40:25
2812,100,281200,09:40:25
2812,600,1687200,09:40:25
2813,100,281300,09:40:25
2812,1000,2812000,09:40:24
2810,100,281000,09:40:24
2810,100,281000,09:40:24
2812,100,281200,09:40:24
2811,200,562200,09:40:24
2811,700,1967700,09:40:23
2810,100,281000,09:40:23
2810,100,281000,09:40:23
2810,1000,2810000,09:40:23
2810,100,281000,09:40:23
2809,200,561800,09:40:23
2810,800,2248000,09:40:23
2811,600,1686600,09:40:23
2812,100,281200,09:40:22
2811,100,281100,09:40:22
2811,100,281100,09:40:21
2811,500,1405500,09:40:21
2812,500,1406000,09:40:21
2813,100,281300,09:40:20
2812,100,281200,09:40:20
2813,200,562600,09:40:20
2813,100,281300,09:40:19
2813,100,281300,09:40:19
2813,400,1125200,09:40:19
2813,300,843900,09:40:19
2813,300,843900,09:40:18
2814,300,844200,09:40:18
2813,200,562600,09:40:17
2813,200,562600,09:40:14
2813,100,281300,09:40:14
2813,200,562600,09:40:10
2813,200,562600,09:40:10
2814,200,562800,09:40:10
2814,100,281400,09:40:10
2815,600,1689000,09:40:10
2817,100,281700,09:40:10
2817,500,1408500,09:40:08
2815,200,563000,09:40:08
2815,100,281500,09:40:08
2815,100,281500,09:40:08
2815,200,563000,09:40:08
2816,100,281600,09:40:08
2816,100,281600,09:40:05
2816,100,281600,09:40:05
2816,100,281600,09:40:05
2816,100,281600,09:40:05
2816,200,563200,09:40:05
2816,100,281600,09:40:04
2815,400,1126000,09:40:02
2816,100,281600,09:40:01
2815,100,281500,09:40:00
2816,400,1126400,09:40:00
2817,100,281700,09:40:00
2819,400,1127600,09:40:00
2817,200,563400,09:39:59
2818,100,281800,09:39:59
2817,100,281700,09:39:59
2817,200,563400,09:39:58
2817,100,281700,09:39:58
2819,100,281900,09:39:58
2818,100,281800,09:39:58
2818,300,845400,09:39:57
2818,100,281800,09:39:57
2818,100,281800,09:39:57
2818,100,281800,09:39:55
2819,200,563800,09:39:55
2820,200,564000,09:39:55
2818,300,845400,09:39:54
2818,300,845400,09:39:52
2816,200,563200,09:39:52
2817,300,845100,09:39:52
2818,200,563600,09:39:52
2817,100,281700,09:39:52
2817,100,281700,09:39:52
2816,200,563200,09:39:51
2816,400,1126400,09:39:51
2817,200,563400,09:39:51
2817,100,281700,09:39:49
2817,200,563400,09:39:48
2818,100,281800,09:39:46
2817,200,563400,09:39:46
2818,100,281800,09:39:45
2819,200,563800,09:39:44
2820,100,282000,09:39:44
2819,1100,3100900,09:39:44
2820,200,564000,09:39:44
2819,300,845700,09:39:44
2820,100,282000,09:39:44
2820,100,282000,09:39:43
2819,200,563800,09:39:43
2820,100,282000,09:39:43
2819,100,281900,09:39:43
2820,100,282000,09:39:42
2820,500,1410000,09:39:42
2819,1200,3382800,09:39:42
2818,100,281800,09:39:42
2818,100,281800,09:39:42
2817,100,281700,09:39:42
2817,100,281700,09:39:42
2819,300,845700,09:39:41
2816,1800,5068800,09:39:41
2817,1400,3943800,09:39:41
2818,600,1690800,09:39:41
2819,500,1409500,09:39:41
2819,100,281900,09:39:41
2820,500,1410000,09:39:41
2819,100,281900,09:39:41
2819,100,281900,09:39:41
2818,200,563600,09:39:41
2819,800,2255200,09:39:41
2819,300,845700,09:39:41
2819,300,845700,09:39:41
2818,200,563600,09:39:41
2817,100,281700,09:39:41
2818,400,1127200,09:39:41
2818,1000,2818000,09:39:41
2817,100,281700,09:39:41
2817,100,281700,09:39:41
2815,100,281500,09:39:41
2815,200,563000,09:39:41
2816,100,281600,09:39:41
2816,400,1126400,09:39:41
2816,100,281600,09:39:41
2820,200,564000,09:39:41
2820,100,282000,09:39:41
2817,200,563400,09:39:41
2817,300,845100,09:39:41
2819,100,281900,09:39:41
2820,100,282000,09:39:41
2818,1000,2818000,09:39:41
2819,2300,6483700,09:39:41
2825,100,282500,09:39:41
2820,2300,6486000,09:39:41
2821,1700,4795700,09:39:41
2822,2300,6490600,09:39:41
2823,2200,6210600,09:39:41
2824,200,564800,09:39:41
2826,100,282600,09:39:41
2825,200,565000,09:39:41
2824,100,282400,09:39:40
2825,100,282500,09:39:39
2825,100,282500,09:39:38
2825,100,282500,09:39:38
2824,500,1412000,09:39:37
2824,600,1694400,09:39:37
2825,300,847500,09:39:37
2825,200,565000,09:39:37
2825,100,282500,09:39:37
2824,100,282400,09:39:36
2824,100,282400,09:39:36
2825,100,282500,09:39:36
2824,200,564800,09:39:35
2824,100,282400,09:39:35
2823,200,564600,09:39:35
2825,100,282500,09:39:35
2824,200,564800,09:39:35
2824,500,1412000,09:39:34
2824,200,564800,09:39:34
2825,200,565000,09:39:33
2825,100,282500,09:39:32
2825,100,282500,09:39:32
2825,100,282500,09:39:32
2825,800,2260000,09:39:31
2827,100,282700,09:39:29
2827,100,282700,09:39:29
2827,100,282700,09:39:29
2826,100,282600,09:39:29
2826,100,282600,09:39:28
2826,100,282600,09:39:28
2826,100,282600,09:39:28
2826,100,282600,09:39:28
2826,100,282600,09:39:28
2827,100,282700,09:39:28
2826,100,282600,09:39:28
2827,100,282700,09:39:28
2826,300,847800,09:39:27
2826,200,565200,09:39:27
2827,200,565400,09:39:26
2827,200,565400,09:39:26
2827,300,848100,09:39:26
2828,100,282800,09:39:25
2828,200,565600,09:39:23
2828,400,1131200,09:39:22
2828,100,282800,09:39:22
2828,100,282800,09:39:21
2828,300,848400,09:39:20
2829,300,848700,09:39:20
2828,100,282800,09:39:20
2828,100,282800,09:39:20
2828,100,282800,09:39:20
2828,300,848400,09:39:20
2828,100,282800,09:39:20
2829,300,848700,09:39:20
2829,100,282900,09:39:20
2828,100,282800,09:39:20
2829,100,282900,09:39:20
2829,100,282900,09:39:19
2829,300,848700,09:39:18
2829,200,565800,09:39:17
2828,300,848400,09:39:17
2828,100,282800,09:39:17
2827,100,282700,09:39:17
2826,200,565200,09:39:17
2826,500,1413000,09:39:16
2827,100,282700,09:39:16
2827,700,1978900,09:39:16
2828,2000,5656000,09:39:16
2828,1000,2828000,09:39:16
2829,100,282900,09:39:16
2829,100,282900,09:39:16
2829,100,282900,09:39:16
2829,300,848700,09:39:16
2830,100,283000,09:39:15
2828,500,1414000,09:39:14
2829,300,848700,09:39:14
2829,200,565800,09:39:13
2828,1200,3393600,09:39:13
2829,200,565800,09:39:13
2829,100,282900,09:39:11
2830,1000,2830000,09:39:11
2829,100,282900,09:39:11
2828,100,282800,09:39:11
2829,100,282900,09:39:10
2828,100,282800,09:39:10
2829,100,282900,09:39:09
2828,100,282800,09:39:09
2828,300,848400,09:39:08
2830,200,566000,09:39:08
2828,100,282800,09:39:08
2828,100,282800,09:39:08
2829,100,282900,09:39:07
2829,100,282900,09:39:07
2830,600,1698000,09:39:07
2828,100,282800,09:39:07
2828,600,1696800,09:39:07
2829,100,282900,09:39:06
2829,100,282900,09:39:06
2829,100,282900,09:39:05
2829,100,282900,09:39:04
2828,100,282800,09:39:04
2828,100,282800,09:39:04
2827,100,282700,09:39:04
2828,100,282800,09:39:04
2828,100,282800,09:39:03
2828,100,282800,09:39:03
2828,200,565600,09:39:03
2827,100,282700,09:39:03
2829,300,848700,09:39:02
2828,500,1414000,09:39:02
2828,100,282800,09:39:02
2827,100,282700,09:39:02
2828,700,1979600,09:39:02
2829,100,282900,09:39:01
2829,100,282900,09:39:01
2829,100,282900,09:39:01
2828,100,282800,09:39:00
2829,100,282900,09:39:00
2829,100,282900,09:38:59
2829,100,282900,09:38:59
2830,100,283000,09:38:59
2831,300,849300,09:38:58
2830,100,283000,09:38:58
2829,300,848700,09:38:58
2829,100,282900,09:38:58
2829,200,565800,09:38:57
2829,100,282900,09:38:57
2828,100,282800,09:38:57
2830,700,1981000,09:38:57
2829,200,565800,09:38:57
2829,100,282900,09:38:57
2830,100,283000,09:38:56
2830,300,849000,09:38:56
2830,300,849000,09:38:56
2830,100,283000,09:38:56
2831,100,283100,09:38:56
2830,2100,5943000,09:38:56
2830,200,566000,09:38:56
2830,1100,3113000,09:38:56
2830,6000,16980000,09:38:56
2829,4600,13013400,09:38:56
2829,300,848700,09:38:56
2830,1800,5094000,09:38:56
2830,5900,16697000,09:38:56
2830,400,1132000,09:38:56
2830,100,283000,09:38:56
2830,500,1415000,09:38:56
2830,200,566000,09:38:56
2829,2600,7355400,09:38:56
2828,800,2262400,09:38:56
2828,1500,4242000,09:38:56
2829,100,282900,09:38:55
2828,100,282800,09:38:54
2828,500,1414000,09:38:51
2829,100,282900,09:38:50
2828,100,282800,09:38:49
2828,100,282800,09:38:48
2828,100,282800,09:38:48
2827,300,848100,09:38:47
2827,100,282700,09:38:47
2828,100,282800,09:38:47
2829,300,848700,09:38:46
2828,100,282800,09:38:46
2828,100,282800,09:38:46
2828,100,282800,09:38:46
2827,100,282700,09:38:45
2827,100,282700,09:38:45
2827,800,2261600,09:38:45
2826,100,282600,09:38:45
2826,200,565200,09:38:45
2826,100,282600,09:38:45
2826,100,282600,09:38:45
2825,900,2542500,09:38:45
2826,200,565200,09:38:45
2826,100,282600,09:38:45
2825,500,1412500,09:38:45
2826,100,282600,09:38:45
2825,100,282500,09:38:45
2825,300,847500,09:38:45
2825,1000,2825000,09:38:45
2825,100,282500,09:38:45
2826,3300,9325800,09:38:45
2827,2300,6502100,09:38:45
2828,2300,6504400,09:38:45
2829,200,565800,09:38:45
2830,400,1132000,09:38:45
2829,100,282900,09:38:44
2829,100,282900,09:38:44
2829,200,565800,09:38:44
2828,600,1696800,09:38:43
2829,100,282900,09:38:42
2828,100,282800,09:38:42
2829,300,848700,09:38:42
2829,100,282900,09:38:41
2829,300,848700,09:38:39
2829,100,282900,09:38:39
2828,100,282800,09:38:38
2828,100,282800,09:38:37
2828,200,565600,09:38:37
2827,200,565400,09:38:36
2829,200,565800,09:38:36
2829,100,282900,09:38:35
2829,200,565800,09:38:35
2827,300,848100,09:38:35
2828,100,282800,09:38:35
2828,100,282800,09:38:34
2829,100,282900,09:38:34
2828,100,282800,09:38:33
2828,100,282800,09:38:33
2828,100,282800,09:38:33
2829,100,282900,09:38:32
2827,300,848100,09:38:32
2829,500,1414500,09:38:32
2829,200,565800,09:38:32
2829,200,565800,09:38:32
2828,100,282800,09:38:32
2828,200,565600,09:38:32
2828,100,282800,09:38:31
2827,800,2261600,09:38:31
2827,100,282700,09:38:31
2828,100,282800,09:38:29
2827,100,282700,09:38:28
2827,100,282700,09:38:28
2827,200,565400,09:38:28
2827,100,282700,09:38:28
2827,100,282700,09:38:27
2827,100,282700,09:38:27
2827,100,282700,09:38:27
2826,300,847800,09:38:26
2827,100,282700,09:38:26
2826,200,565200,09:38:26
2826,100,282600,09:38:26
2826,800,2260800,09:38:26
2828,500,1414000,09:38:26
2827,500,1413500,09:38:26
2827,100,282700,09:38:25
2826,400,1130400,09:38:24
2827,100,282700,09:38:24
2827,100,282700,09:38:22
2826,700,1978200,09:38:22
2825,200,565000,09:38:22
2824,100,282400,09:38:21
2824,100,282400,09:38:21
2825,300,847500,09:38:21
2825,100,282500,09:38:21
2824,200,564800,09:38:21
2825,200,565000,09:38:21
2825,1100,3107500,09:38:20
2827,100,282700,09:38:20
2828,100,282800,09:38:19
2828,700,1979600,09:38:19
2827,900,2544300,09:38:19
2826,400,1130400,09:38:19
2826,800,2260800,09:38:19
2824,100,282400,09:38:19
2824,100,282400,09:38:19
2825,100,282500,09:38:19
2826,100,282600,09:38:18
2826,900,2543400,09:38:18
2827,100,282700,09:38:18
2827,100,282700,09:38:18
2827,500,1413500,09:38:18
2826,100,282600,09:38:18
2826,100,282600,09:38:18
2826,100,282600,09:38:18
2825,100,282500,09:38:18
2827,300,848100,09:38:18
2826,200,565200,09:38:18
2826,100,282600,09:38:18
2827,100,282700,09:38:18
2827,100,282700,09:38:18
2827,1100,3109700,09:38:18
2828,100,282800,09:38:18
2828,100,282800,09:38:18
2828,300,848400,09:38:18
2829,100,282900,09:38:18
2830,400,1132000,09:38:18
2830,100,283000,09:38:18
2830,1300,3679000,09:38:18
2829,500,1414500,09:38:18
2830,100,283000,09:38:18
2829,4100,11598900,09:38:18
2829,200,565800,09:38:18
2829,100,282900,09:38:18
2829,700,1980300,09:38:18
2828,5900,16685200,09:38:18
2828,100,282800,09:38:18
2828,300,848400,09:38:17
2827,1900,5371300,09:38:17
2826,400,1130400,09:38:17
2825,100,282500,09:38:17
2825,100,282500,09:38:17
2826,200,565200,09:38:17
2826,100,282600,09:38:17
2826,200,565200,09:38:17
2825,100,282500,09:38:17
2826,400,1130400,09:38:17
2825,100,282500,09:38:16
2825,100,282500,09:38:16
2825,500,1412500,09:38:16
2825,500,1412500,09:38:16
2825,500,1412500,09:38:16
2825,500,1412500,09:38:16
2825,100,282500,09:38:16
2825,200,565000,09:38:16
2825,900,2542500,09:38:16
2824,100,282400,09:38:16
2824,100,282400,09:38:16
2824,200,564800,09:38:16
2825,100,282500,09:38:16
2825,100,282500,09:38:16
2824,800,2259200,09:38:16
2824,400,1129600,09:38:16
2824,400,1129600,09:38:16
2824,700,1976800,09:38:16
2824,800,2259200,09:38:16
2823,600,1693800,09:38:16
2823,100,282300,09:38:16
2822,1300,3668600,09:38:16
2822,200,564400,09:38:16
2821,600,1692600,09:38:16
2821,100,282100,09:38:16
2821,100,282100,09:38:16
2821,400,1128400,09:38:16
2821,100,282100,09:38:16
2821,200,564200,09:38:16
2821,500,1410500,09:38:16
2821,100,282100,09:38:16
2821,600,1692600,09:38:16
2820,40700,114774000,09:38:16
2820,100,282000,09:38:16
2820,200,564000,09:38:16
2819,6600,18605400,09:38:16
2819,200,563800,09:38:16
2819,2800,7893200,09:38:16
2819,200,563800,09:38:16
2819,1000,2819000,09:38:16
2819,2000,5638000,09:38:16
2819,1100,3100900,09:38:16
2819,700,1973300,09:38:16
2819,300,845700,09:38:16
2819,100,281900,09:38:16
2818,2900,8172200,09:38:16
2818,100,281800,09:38:16
2818,100,281800,09:38:16
2817,2300,6479100,09:38:16
2816,100,281600,09:38:16
2815,100,281500,09:38:16
2815,300,844500,09:38:16
2816,1300,3660800,09:38:16
2815,3400,9571000,09:38:16
2815,14300,40254500,09:38:16
2814,2200,6190800,09:38:16
2814,200,562800,09:38:16
2813,100,281300,09:38:15
2814,100,281400,09:38:15
2813,100,281300,09:38:15
2812,100,281200,09:38:15
2813,800,2250400,09:38:15
2812,900,2530800,09:38:15
2811,100,281100,09:38:15
2810,100,281000,09:38:10
2810,100,281000,09:38:09
2810,100,281000,09:38:09
2810,100,281000,09:38:09
2810,100,281000,09:38:08
2811,100,281100,09:38:08
2812,200,562400,09:38:05
2811,400,1124400,09:38:04
2810,100,281000,09:38:04
2811,100,281100,09:38:04
2812,100,281200,09:38:04
2812,100,281200,09:38:04
2812,100,281200,09:38:04
2812,100,281200,09:38:02
2813,100,281300,09:38:02
2812,100,281200,09:38:02
2812,100,281200,09:38:01
2813,100,281300,09:38:01
2813,100,281300,09:38:01
2810,200,562000,09:38:01
2811,600,1686600,09:38:01
2812,200,562400,09:38:01
2813,100,281300,09:38:00
2813,200,562600,09:38:00
2813,200,562600,09:37:59
2812,100,281200,09:37:56
2811,100,281100,09:37:56
2811,100,281100,09:37:56
2813,100,281300,09:37:56
2811,100,281100,09:37:56
2813,200,562600,09:37:55
2811,200,562200,09:37:55
2811,100,281100,09:37:54
2812,200,562400,09:37:54
2811,200,562200,09:37:54
2811,100,281100,09:37:52
2811,200,562200,09:37:51
2811,100,281100,09:37:51
2811,100,281100,09:37:51
2812,500,1406000,09:37:51
2811,400,1124400,09:37:51
2810,300,843000,09:37:51
2810,100,281000,09:37:51
2807,100,280700,09:37:51
2808,600,1684800,09:37:51
2809,200,561800,09:37:51
2809,100,280900,09:37:50
2809,100,280900,09:37:48
2810,100,281000,09:37:48
2810,100,281000,09:37:48
2810,200,562000,09:37:48
2811,300,843300,09:37:47
2810,400,1124000,09:37:47
2809,600,1685400,09:37:46
2810,400,1124000,09:37:46
2811,100,281100,09:37:46
2812,100,281200,09:37:45
2812,100,281200,09:37:44
2813,500,1406500,09:37:44
2812,100,281200,09:37:44
2811,100,281100,09:37:43
2811,500,1405500,09:37:42
2810,100,281000,09:37:42
2810,500,1405000,09:37:39
2810,200,562000,09:37:39
2812,100,281200,09:37:39
2811,100,281100,09:37:39
2812,800,2249600,09:37:39
2812,300,843600,09:37:39
2811,100,281100,09:37:39
2810,100,281000,09:37:37
2811,900,2529900,09:37:37
2810,300,843000,09:37:37
2810,800,2248000,09:37:35
2810,100,281000,09:37:35
2808,300,842400,09:37:33
2809,700,1966300,09:37:33
2808,100,280800,09:37:33
2807,100,280700,09:37:30
2808,200,561600,09:37:29
2808,100,280800,09:37:29
2807,100,280700,09:37:29
2807,100,280700,09:37:29
2808,100,280800,09:37:26
2808,100,280800,09:37:26
2808,300,842400,09:37:26
2808,100,280800,09:37:26
2808,100,280800,09:37:26
2809,100,280900,09:37:26
2808,900,2527200,09:37:26
2808,200,561600,09:37:26
2809,3200,8988800,09:37:26
2810,100,281000,09:37:25
2810,100,281000,09:37:23
2811,300,843300,09:37:22
2810,100,281000,09:37:22
2809,100,280900,09:37:21
2810,100,281000,09:37:20
2810,400,1124000,09:37:19
2810,100,281000,09:37:18
2811,100,281100,09:37:18
2810,100,281000,09:37:17
2811,200,562200,09:37:17
2810,500,1405000,09:37:17
2811,200,562200,09:37:14
2811,100,281100,09:37:13
2811,200,562200,09:37:10
2811,400,1124400,09:37:10
2813,400,1125200,09:37:10
2812,100,281200,09:37:10
2811,100,281100,09:37:10
2813,200,562600,09:37:10
2812,100,281200,09:37:10
2812,100,281200,09:37:10
2813,100,281300,09:37:09
2812,100,281200,09:37:09
2813,600,1687800,09:37:09
2812,100,281200,09:37:09
2812,100,281200,09:37:09
2812,200,562400,09:37:09
2813,1700,4782100,09:37:09
2813,100,281300,09:37:09
2812,400,1124800,09:37:09
2811,600,1686600,09:37:09
2810,200,562000,09:37:09
2810,100,281000,09:37:08
2811,600,1686600,09:37:07
2812,100,281200,09:37:07
2811,200,562200,09:37:07
2812,1400,3936800,09:37:07
2811,100,281100,09:37:07
2809,500,1404500,09:37:07
2810,500,1405000,09:37:07
2811,1000,2811000,09:37:07
2810,100,281000,09:37:07
2809,100,280900,09:37:07
2810,200,562000,09:37:06
2809,100,280900,09:37:06
2808,400,1123200,09:37:06
2809,300,842700,09:37:06
2809,100,280900,09:37:06
2810,100,281000,09:37:06
2810,1700,4777000,09:37:05
2809,100,280900,09:37:05
2810,100,281000,09:37:05
2808,100,280800,09:37:05
2809,600,1685400,09:37:02
2808,100,280800,09:37:02
2808,100,280800,09:37:02
2807,700,1964900,09:37:02
2808,100,280800,09:37:01
2807,100,280700,09:37:01
2806,100,280600,09:37:01
2806,100,280600,09:37:01
2807,900,2526300,09:37:01
2805,100,280500,09:37:01
2806,500,1403000,09:37:01
2807,100,280700,09:37:00
2807,700,1964900,09:37:00
2805,100,280500,09:36:59
2805,100,280500,09:36:59
2806,100,280600,09:36:57
2806,500,1403000,09:36:57
2805,100,280500,09:36:57
2805,600,1683000,09:36:57
2806,100,280600,09:36:57
2808,500,1404000,09:36:57
2807,600,1684200,09:36:57
2805,700,1963500,09:36:57
2806,300,841800,09:36:57
2806,100,280600,09:36:56
2808,400,1123200,09:36:56
2807,100,280700,09:36:56
2806,100,280600,09:36:56
2806,200,561200,09:36:56
2804,200,560800,09:36:56
2806,500,1403000,09:36:56
2805,300,841500,09:36:56
2806,200,561200,09:36:56
2806,100,280600,09:36:56
2806,100,280600,09:36:56
2804,100,280400,09:36:56
2804,200,560800,09:36:56
2806,100,280600,09:36:56
2806,200,561200,09:36:56
2805,600,1683000,09:36:56
2806,900,2525400,09:36:56
2807,300,842100,09:36:56
2808,400,1123200,09:36:56
2810,400,1124000,09:36:56
2809,200,561800,09:36:56
2809,100,280900,09:36:55
2809,100,280900,09:36:55
2810,200,562000,09:36:55
2810,200,562000,09:36:55
2810,100,281000,09:36:52
2810,300,843000,09:36:50
2810,400,1124000,09:36:50
2810,200,562000,09:36:50
2811,100,281100,09:36:49
2811,200,562200,09:36:49
2811,100,281100,09:36:48
2811,300,843300,09:36:48
2811,200,562200,09:36:46
2812,100,281200,09:36:46
2813,100,281300,09:36:46
2813,200,562600,09:36:45
2811,200,562200,09:36:45
2813,100,281300,09:36:44
2813,100,281300,09:36:43
2812,200,562400,09:36:43
2812,100,281200,09:36:42
2812,200,562400,09:36:41
2812,100,281200,09:36:41
2812,100,281200,09:36:41
2812,100,281200,09:36:41
2812,100,281200,09:36:41
2812,300,843600,09:36:41
2812,800,2249600,09:36:41
2813,100,281300,09:36:40
2814,100,281400,09:36:39
2813,100,281300,09:36:38
2812,100,281200,09:36:37
2812,200,562400,09:36:37
2812,300,843600,09:36:36
2812,100,281200,09:36:33
2812,100,281200,09:36:33
2813,2000,5626000,09:36:32
2813,100,281300,09:36:32
2813,600,1687800,09:36:31
2812,200,562400,09:36:31
2811,200,562200,09:36:30
2812,100,281200,09:36:28
2812,200,562400,09:36:28
2813,100,281300,09:36:27
2812,100,281200,09:36:25
2812,100,281200,09:36:25
2812,100,281200,09:36:25
2813,100,281300,09:36:24
2812,100,281200,09:36:24
2812,100,281200,09:36:24
2812,100,281200,09:36:24
2812,100,281200,09:36:24
2812,300,843600,09:36:24
2813,100,281300,09:36:23
2813,200,562600,09:36:23
2813,100,281300,09:36:22
2813,200,562600,09:36:22
2814,100,281400,09:36:22
2814,200,562800,09:36:22
2814,100,281400,09:36:21
2814,200,562800,09:36:21
2813,100,281300,09:36:21
2814,200,562800,09:36:20
2814,200,562800,09:36:20
2812,100,281200,09:36:19
2810,900,2529000,09:36:19
2811,1100,3092100,09:36:19
2812,500,1406000,09:36:19
2813,200,562600,09:36:19
2814,100,281400,09:36:18
2813,100,281300,09:36:17
2813,100,281300,09:36:17
2811,100,281100,09:36:15
2813,100,281300,09:36:10
2812,200,562400,09:36:10
2812,100,281200,09:36:10
2810,100,281000,09:36:09
2811,100,281100,09:36:09
2811,100,281100,09:36:09
2812,200,562400,09:36:09
2811,300,843300,09:36:09
2809,200,561800,09:36:09
2809,200,561800,09:36:09
2810,100,281000,09:36:08
2810,100,281000,09:36:08
2810,800,2248000,09:36:08
2810,100,281000,09:36:08
2810,200,562000,09:36:08
2808,100,280800,09:36:08
2808,900,2527200,09:36:07
2807,800,2245600,09:36:07
2806,500,1403000,09:36:07
2806,1000,2806000,09:36:07
2805,100,280500,09:36:06
2805,100,280500,09:36:06
2806,200,561200,09:36:06
2807,100,280700,09:36:05
2807,100,280700,09:36:05
2807,200,561400,09:36:05
2807,100,280700,09:36:05
2807,200,561400,09:36:05
2807,400,1122800,09:36:05
2807,100,280700,09:36:04
2807,100,280700,09:36:03
2808,200,561600,09:36:00
2808,200,561600,09:36:00
2808,100,280800,09:35:58
2806,100,280600,09:35:56
2806,300,841800,09:35:56
2808,800,2246400,09:35:56
2808,100,280800,09:35:56
2810,100,281000,09:35:56
2810,100,281000,09:35:56
2809,200,561800,09:35:56
2810,2200,6182000,09:35:56
2811,700,1967700,09:35:56
2813,100,281300,09:35:55
2813,400,1125200,09:35:55
2812,100,281200,09:35:55
2812,200,562400,09:35:55
2813,100,281300,09:35:55
2811,400,1124400,09:35:55
2812,1000,2812000,09:35:55
2814,100,281400,09:35:54
2813,100,281300,09:35:54
2814,500,1407000,09:35:54
2813,500,1406500,09:35:54
2811,100,281100,09:35:53
2812,100,281200,09:35:53
2812,100,281200,09:35:53
2812,300,843600,09:35:53
2811,100,281100,09:35:53
2810,100,281000,09:35:53
2809,200,561800,09:35:52
2810,500,1405000,09:35:52
2811,100,281100,09:35:52
2811,100,281100,09:35:51
2811,100,281100,09:35:51
2811,100,281100,09:35:51
2810,100,281000,09:35:50
2810,100,281000,09:35:50
2812,100,281200,09:35:48
2812,200,562400,09:35:48
2811,200,562200,09:35:46
2811,300,843300,09:35:44
2811,300,843300,09:35:44
2811,100,281100,09:35:44
2813,200,562600,09:35:44
2812,500,1406000,09:35:44
2811,100,281100,09:35:44
2811,100,281100,09:35:43
2810,300,843000,09:35:41
2811,200,562200,09:35:41
2810,100,281000,09:35:41
2810,100,281000,09:35:41
2810,200,562000,09:35:41
2810,1000,2810000,09:35:41
2811,200,562200,09:35:40
2812,100,281200,09:35:39
2812,500,1406000,09:35:39
2812,500,1406000,09:35:39
2813,200,562600,09:35:38
2812,100,281200,09:35:37
2813,100,281300,09:35:37
2813,100,281300,09:35:37
2812,100,281200,09:35:36
2812,100,281200,09:35:36
2812,100,281200,09:35:36
2813,400,1125200,09:35:36
2812,600,1687200,09:35:36
2811,100,281100,09:35:36
2812,200,562400,09:35:36
2811,200,562200,09:35:36
2814,1300,3658200,09:35:36
2813,800,2250400,09:35:36
2812,300,843600,09:35:36
2812,100,281200,09:35:36
2812,100,281200,09:35:36
2812,200,562400,09:35:36
2812,100,281200,09:35:36
2812,100,281200,09:35:36
2812,1000,2812000,09:35:36
2814,1300,3658200,09:35:36
2813,700,1969100,09:35:36
2813,100,281300,09:35:36
2813,200,562600,09:35:36
2812,500,1406000,09:35:36
2811,100,281100,09:35:36
2812,100,281200,09:35:36
2812,100,281200,09:35:36
2812,100,281200,09:35:36
2812,100,281200,09:35:36
2814,300,844200,09:35:36
2814,100,281400,09:35:36
2814,1200,3376800,09:35:36
2815,100,281500,09:35:36
2814,400,1125600,09:35:36
2814,800,2251200,09:35:36
2814,800,2251200,09:35:36
2814,100,281400,09:35:36
2814,100,281400,09:35:36
2813,500,1406500,09:35:36
2813,100,281300,09:35:36
2812,15200,42742400,09:35:36
2812,100,281200,09:35:36
2812,500,1406000,09:35:36
2811,1000,2811000,09:35:36
2811,100,281100,09:35:36
2811,100,281100,09:35:36
2811,500,1405500,09:35:36
2811,500,1405500,09:35:36
2810,29200,82052000,09:35:36
2810,100,281000,09:35:36
2809,3800,10674200,09:35:36
2809,100,280900,09:35:36
2808,2000,5616000,09:35:36
2807,2600,7298200,09:35:36
2806,1100,3086600,09:35:35
2806,100,280600,09:35:35
2806,800,2244800,09:35:35
2805,4100,11500500,09:35:35
2805,500,1402500,09:35:35
2803,100,280300,09:35:35
2804,1700,4766800,09:35:35
2803,100,280300,09:35:34
2804,200,560800,09:35:34
2803,100,280300,09:35:33
2804,100,280400,09:35:33
2803,100,280300,09:35:33
2803,1300,3643900,09:35:33
2802,100,280200,09:35:32
2801,100,280100,09:35:31
2802,100,280200,09:35:31
2801,1100,3081100,09:35:31
2800,1400,3920000,09:35:31
2799,100,279900,09:35:31
2798,100,279800,09:35:30
2799,200,559800,09:35:30
2801,200,560200,09:35:26
2799,300,839700,09:35:26
2800,100,280000,09:35:26
2800,100,280000,09:35:26
2800,300,840000,09:35:26
2802,100,280200,09:35:26
2801,500,1400500,09:35:26
2802,200,560400,09:35:26
2801,100,280100,09:35:26
2802,200,560400,09:35:26
2803,200,560600,09:35:25
2803,200,560600,09:35:25
2803,200,560600,09:35:25
2803,200,560600,09:35:25
2803,1200,3363600,09:35:25
2803,100,280300,09:35:25
2803,100,280300,09:35:25
2802,1800,5043600,09:35:25
2802,1300,3642600,09:35:25
2802,700,1961400,09:35:25
2802,700,1961400,09:35:25
2802,100,280200,09:35:25
2802,3200,8966400,09:35:25
2802,800,2241600,09:35:25
2801,100,280100,09:35:25
2802,100,280200,09:35:25
2801,500,1400500,09:35:25
2801,100,280100,09:35:25
2800,400,1120000,09:35:25
2800,4900,13720000,09:35:25
2800,800,2240000,09:35:25
2800,100,280000,09:35:25
2798,200,559600,09:35:25
2799,3400,9516600,09:35:25
2798,200,559600,09:35:23
2798,400,1119200,09:35:23
2797,100,279700,09:35:23
2796,100,279600,09:35:23
2795,100,279500,09:35:20
2795,200,559000,09:35:20
2794,100,279400,09:35:18
2794,100,279400,09:35:18
2793,200,558600,09:35:17
2793,500,1396500,09:35:17
2794,500,1397000,09:35:17
2796,300,838800,09:35:16
2795,100,279500,09:35:16
2795,300,838500,09:35:16
2794,200,558800,09:35:15
2795,200,559000,09:35:12
2793,100,279300,09:35:12
2791,300,837300,09:35:12
2792,300,837600,09:35:12
2792,1000,2792000,09:35:11
2793,100,279300,09:35:10
2792,300,837600,09:35:10
2792,100,279200,09:35:10
2791,100,279100,09:35:09
2792,100,279200,09:35:08
2791,100,279100,09:35:05
2791,300,837300,09:35:05
2790,300,837000,09:35:05
2790,100,279000,09:35:05
2790,100,279000,09:35:03
2790,200,558000,09:35:01
2789,400,1115600,09:35:00
2789,100,278900,09:35:00
2789,100,278900,09:35:00
2787,400,1114800,09:35:00
2788,100,278800,09:35:00
2788,200,557600,09:35:00
2788,100,278800,09:34:54
2787,200,557400,09:34:54
2788,300,836400,09:34:54
2790,100,279000,09:34:53
2789,100,278900,09:34:53
2788,100,278800,09:34:53
2788,200,557600,09:34:53
2790,200,558000,09:34:53
2789,100,278900,09:34:52
2790,100,279000,09:34:51
2791,100,279100,09:34:45
2792,200,558400,09:34:45
2790,200,558000,09:34:43
2789,300,836700,09:34:43
2789,200,557800,09:34:42
2789,100,278900,09:34:40
2790,100,279000,09:34:40
2789,300,836700,09:34:40
2789,100,278900,09:34:38
2790,200,558000,09:34:37
2789,400,1115600,09:34:33
2790,200,558000,09:34:33
2789,500,1394500,09:34:32
2790,1200,3348000,09:34:32
2791,100,279100,09:34:31
2790,300,837000,09:34:31
2791,200,558200,09:34:31
2790,200,558000,09:34:26
2790,2100,5859000,09:34:26
2791,600,1674600,09:34:26
2792,200,558400,09:34:26
2792,200,558400,09:34:25
2791,100,279100,09:34:25
2791,200,558200,09:34:25
2790,300,837000,09:34:24
2790,300,837000,09:34:23
2790,300,837000,09:34:23
2791,100,279100,09:34:22
2790,100,279000,09:34:21
2790,100,279000,09:34:21
2790,100,279000,09:34:20
2790,200,558000,09:34:20
2790,500,1395000,09:34:20
2790,100,279000,09:34:19
2791,500,1395500,09:34:19
2792,400,1116800,09:34:19
2793,100,279300,09:34:17
2793,100,279300,09:34:17
2793,100,279300,09:34:16
2793,100,279300,09:34:15
2793,100,279300,09:34:15
2797,100,279700,09:34:14
2796,800,2236800,09:34:14
2795,1100,3074500,09:34:14
2793,100,279300,09:34:13
2794,300,838200,09:34:12
2796,300,838800,09:34:11
2794,400,1117600,09:34:11
2795,200,559000,09:34:11
2795,3000,8385000,09:34:11
2796,200,559200,09:34:10
2796,100,279600,09:34:10
2796,200,559200,09:34:08
2797,600,1678200,09:34:08
2797,1000,2797000,09:34:08
2798,100,279800,09:34:08
2799,100,279900,09:34:08
2798,100,279800,09:34:08
2799,800,2239200,09:34:06
2800,100,280000,09:34:06
2801,100,280100,09:34:02
2800,400,1120000,09:34:02
2799,600,1679400,09:34:00
2799,400,1119600,09:34:00
2800,500,1400000,09:34:00
2800,100,280000,09:34:00
2801,100,280100,09:34:00
2802,300,840600,09:34:00
2802,300,840600,09:34:00
2802,100,280200,09:33:59
2801,100,280100,09:33:58
2801,200,560200,09:33:58
2801,100,280100,09:33:57
2801,600,1680600,09:33:57
2801,100,280100,09:33:57
2802,100,280200,09:33:56
2802,200,560400,09:33:55
2802,100,280200,09:33:53
2802,500,1401000,09:33:53
2802,100,280200,09:33:53
2802,100,280200,09:33:53
2802,100,280200,09:33:53
2802,100,280200,09:33:53
2801,100,280100,09:33:52
2802,200,560400,09:33:51
2801,600,1680600,09:33:50
2802,200,560400,09:33:50
2802,100,280200,09:33:50
2802,200,560400,09:33:50
2802,100,280200,09:33:50
2802,100,280200,09:33:46
2802,100,280200,09:33:46
2801,100,280100,09:33:46
2801,100,280100,09:33:46
2801,100,280100,09:33:45
2801,100,280100,09:33:45
2801,700,1960700,09:33:45
2800,800,2240000,09:33:44
2801,700,1960700,09:33:44
2802,500,1401000,09:33:44
2802,100,280200,09:33:44
2802,100,280200,09:33:43
2803,100,280300,09:33:43
2803,600,1681800,09:33:43
2803,100,280300,09:33:42
2802,100,280200,09:33:42
2802,500,1401000,09:33:41
2803,100,280300,09:33:41
2802,1200,3362400,09:33:41
2802,500,1401000,09:33:41
2801,600,1680600,09:33:41
2801,100,280100,09:33:41
2800,2300,6440000,09:33:41
2800,200,560000,09:33:41
2800,400,1120000,09:33:41
2800,100,280000,09:33:41
2800,100,280000,09:33:41
2800,200,560000,09:33:41
2800,300,840000,09:33:41
2799,1400,3918600,09:33:41
2798,200,559600,09:33:39
2798,100,279800,09:33:39
2799,200,559800,09:33:38
2799,300,839700,09:33:38
2799,300,839700,09:33:38
2797,200,559400,09:33:34
2798,100,279800,09:33:34
2799,200,559800,09:33:34
2798,100,279800,09:33:31
2799,100,279900,09:33:29
2799,100,279900,09:33:29
2799,200,559800,09:33:29
2798,100,279800,09:33:29
2798,200,559600,09:33:29
2797,1800,5034600,09:33:28
2798,100,279800,09:33:28
2798,100,279800,09:33:27
2798,200,559600,09:33:26
2800,100,280000,09:33:25
2800,100,280000,09:33:25
2799,200,559800,09:33:24
2798,800,2238400,09:33:24
2798,600,1678800,09:33:24
2798,100,279800,09:33:24
2796,100,279600,09:33:21
2795,400,1118000,09:33:21
2798,100,279800,09:33:20
2797,800,2237600,09:33:20
2795,300,838500,09:33:20
2795,100,279500,09:33:20
2795,100,279500,09:33:19
2795,200,559000,09:33:19
2795,100,279500,09:33:19
2795,100,279500,09:33:19
2795,500,1397500,09:33:19
2796,100,279600,09:33:18
2797,100,279700,09:33:17
2797,100,279700,09:33:16
2796,300,838800,09:33:16
2797,200,559400,09:33:16
2798,200,559600,09:33:15
2797,200,559400,09:33:15
2796,100,279600,09:33:15
2795,100,279500,09:33:09
2797,100,279700,09:33:09
2796,100,279600,09:33:09
2797,100,279700,09:33:09
2796,300,838800,09:33:09
2795,200,559000,09:33:08
2793,700,1955100,09:33:08
2794,1000,2794000,09:33:08
2795,300,838500,09:33:08
2795,200,559000,09:33:07
2795,400,1118000,09:33:07
2794,100,279400,09:33:07
2794,100,279400,09:33:06
2795,200,559000,09:33:04
2794,200,558800,09:33:03
2795,500,1397500,09:33:03
2795,200,559000,09:33:02
2796,500,1398000,09:33:02
2797,2500,6992500,09:33:02
2797,1100,3076700,09:33:02
2797,300,839100,09:33:02
2797,300,839100,09:33:02
2797,300,839100,09:33:02
2797,300,839100,09:33:02
2798,100,279800,09:33:01
2799,100,279900,09:33:01
2799,100,279900,09:33:01
2800,1300,3640000,09:33:00
2799,100,279900,09:33:00
2799,100,279900,09:33:00
2799,200,559800,09:33:00
2799,400,1119600,09:33:00
2799,400,1119600,09:33:00
2797,100,279700,09:33:00
2798,100,279800,09:32:59
2799,100,279900,09:32:57
2799,100,279900,09:32:57
2798,100,279800,09:32:57
2798,400,1119200,09:32:57
2799,200,559800,09:32:57
2799,100,279900,09:32:55
2799,100,279900,09:32:55
2799,100,279900,09:32:53
2799,100,279900,09:32:53
2800,100,280000,09:32:52
2799,100,279900,09:32:52
2800,100,280000,09:32:52
2799,1100,3078900,09:32:52
2802,200,560400,09:32:52
2800,500,1400000,09:32:52
2801,100,280100,09:32:52
2803,200,560600,09:32:51
2803,100,280300,09:32:51
2803,400,1121200,09:32:51
2803,300,840900,09:32:51
2803,100,280300,09:32:51
2803,400,1121200,09:32:51
2802,3900,10927800,09:32:51
2802,100,280200,09:32:51
2801,100,280100,09:32:51
2801,100,280100,09:32:51
2800,1800,5040000,09:32:51
2797,200,559400,09:32:48
2798,100,279800,09:32:48
2799,100,279900,09:32:47
2799,200,559800,09:32:47
2797,100,279700,09:32:47
2798,200,559600,09:32:47
2799,100,279900,09:32:47
2799,100,279900,09:32:47
2799,100,279900,09:32:46
2799,100,279900,09:32:46
2799,600,1679400,09:32:46
2799,100,279900,09:32:46
2800,100,280000,09:32:46
2800,100,280000,09:32:46
2800,100,280000,09:32:44
2800,200,560000,09:32:44
2800,300,840000,09:32:44
2800,300,840000,09:32:44
2799,100,279900,09:32:43
2799,100,279900,09:32:42
2800,200,560000,09:32:42
2800,200,560000,09:32:41
2801,100,280100,09:32:41
2801,100,280100,09:32:41
2800,100,280000,09:32:40
2800,100,280000,09:32:40
2801,100,280100,09:32:40
2801,200,560200,09:32:40
2800,100,280000,09:32:39
2800,100,280000,09:32:38
2800,100,280000,09:32:38
2800,200,560000,09:32:35
2800,100,280000,09:32:32
2800,400,1120000,09:32:32
2798,200,559600,09:32:32
2799,100,279900,09:32:31
2799,100,279900,09:32:30
2799,100,279900,09:32:30
2798,100,279800,09:32:30
2798,200,559600,09:32:29
2799,300,839700,09:32:29
2799,100,279900,09:32:29
2798,100,279800,09:32:27
2799,100,279900,09:32:26
2799,100,279900,09:32:26
2799,100,279900,09:32:26
2799,200,559800,09:32:26
2800,200,560000,09:32:26
2800,300,840000,09:32:26
2800,500,1400000,09:32:26
2800,100,280000,09:32:26
2800,200,560000,09:32:26
2798,100,279800,09:32:26
2799,1100,3078900,09:32:26
2798,400,1119200,09:32:26
2797,100,279700,09:32:25
2797,100,279700,09:32:24
2796,100,279600,09:32:23
2796,100,279600,09:32:23
2796,300,838800,09:32:23
2797,300,839100,09:32:20
2797,100,279700,09:32:20
2796,200,559200,09:32:19
2796,100,279600,09:32:18
2796,300,838800,09:32:18
2796,200,559200,09:32:18
2797,100,279700,09:32:17
2797,400,1118800,09:32:16
2798,100,279800,09:32:16
2798,100,279800,09:32:14
2797,200,559400,09:32:14
2797,200,559400,09:32:13
2798,200,559600,09:32:13
2799,200,559800,09:32:12
2798,200,559600,09:32:12
2799,100,279900,09:32:11
2800,100,280000,09:32:10
2799,100,279900,09:32:10
2800,500,1400000,09:32:10
2798,200,559600,09:32:10
2799,400,1119600,09:32:09
2800,800,2240000,09:32:09
2802,300,840600,09:32:09
2801,100,280100,09:32:09
2801,100,280100,09:32:09
2801,100,280100,09:32:09
2800,900,2520000,09:32:09
2800,100,280000,09:32:09
2800,800,2240000,09:32:09
2799,100,279900,09:32:09
2798,200,559600,09:32:08
2797,100,279700,09:32:08
2797,300,839100,09:32:08
2798,300,839400,09:32:08
2799,100,279900,09:32:08
2797,100,279700,09:32:07
2798,100,279800,09:32:05
2797,100,279700,09:32:04
2798,400,1119200,09:32:04
2799,100,279900,09:32:03
2799,1300,3638700,09:32:01
2799,700,1959300,09:32:01
2800,200,560000,09:32:00
2800,100,280000,09:32:00
2798,600,1678800,09:32:00
2798,100,279800,09:32:00
2797,100,279700,09:32:00
2796,400,1118400,09:32:00
2796,200,559200,09:32:00
2795,100,279500,09:32:00
2795,100,279500,09:32:00
2795,100,279500,09:32:00
2795,300,838500,09:32:00
2794,400,1117600,09:31:58
2794,100,279400,09:31:57
2795,300,838500,09:31:56
2796,100,279600,09:31:55
2797,100,279700,09:31:55
2795,500,1397500,09:31:52
2795,100,279500,09:31:51
2795,100,279500,09:31:51
2796,100,279600,09:31:50
2797,100,279700,09:31:50
2795,100,279500,09:31:50
2796,100,279600,09:31:50
2796,700,1957200,09:31:50
2798,100,279800,09:31:50
2798,300,839400,09:31:49
2798,300,839400,09:31:49
2798,100,279800,09:31:49
2798,100,279800,09:31:49
2797,1200,3356400,09:31:49
2798,600,1678800,09:31:49
2799,200,559800,09:31:49
2801,100,280100,09:31:49
2803,100,280300,09:31:49
2801,900,2520900,09:31:49
2802,700,1961400,09:31:49
2803,100,280300,09:31:49
2804,900,2523600,09:31:49
2804,200,560800,09:31:49
2803,700,1962100,09:31:49
2802,100,280200,09:31:49
2803,100,280300,09:31:49
2803,400,1121200,09:31:49
2803,1100,3083300,09:31:49
2803,100,280300,09:31:49
2802,1200,3362400,09:31:49
2802,400,1120800,09:31:49
2801,400,1120400,09:31:49
2801,1200,3361200,09:31:49
2801,100,280100,09:31:49
2801,500,1400500,09:31:49
2801,100,280100,09:31:49
2800,8400,23520000,09:31:49
2799,800,2239200,09:31:49
2799,800,2239200,09:31:49
2799,800,2239200,09:31:49
2799,600,1679400,09:31:49
2799,800,2239200,09:31:49
2799,100,279900,09:31:49
2799,200,559800,09:31:49
2798,100,279800,09:31:49
2799,300,839700,09:31:48
2798,100,279800,09:31:47
2798,100,279800,09:31:47
2797,200,559400,09:31:45
2797,100,279700,09:31:45
2796,100,279600,09:31:42
2795,100,279500,09:31:42
2795,100,279500,09:31:42
2796,200,559200,09:31:42
2795,200,559000,09:31:41
2794,100,279400,09:31:41
2795,100,279500,09:31:40
2795,100,279500,09:31:40
2795,300,838500,09:31:40
2795,100,279500,09:31:38
2795,100,279500,09:31:38
2795,100,279500,09:31:36
2795,200,559000,09:31:36
2795,200,559000,09:31:34
2795,500,1397500,09:31:32
2795,100,279500,09:31:32
2795,200,559000,09:31:32
2796,100,279600,09:31:31
2795,200,559000,09:31:30
2796,100,279600,09:31:30
2796,100,279600,09:31:28
2797,100,279700,09:31:27
2797,100,279700,09:31:27
2797,100,279700,09:31:27
2797,100,279700,09:31:27
2797,100,279700,09:31:27
2797,100,279700,09:31:26
2797,100,279700,09:31:26
2797,100,279700,09:31:26
2797,500,1398500,09:31:26
2798,100,279800,09:31:26
2798,100,279800,09:31:21
2798,100,279800,09:31:21
2797,400,1118800,09:31:21
2797,100,279700,09:31:20
2798,100,279800,09:31:20
2798,100,279800,09:31:20
2796,100,279600,09:31:20
2797,100,279700,09:31:20
2797,100,279700,09:31:18
2797,1100,3076700,09:31:17
2796,1000,2796000,09:31:17
2795,100,279500,09:31:17
2795,200,559000,09:31:17
2794,500,1397000,09:31:15
2794,1100,3073400,09:31:15
2795,1100,3074500,09:31:15
2796,2600,7269600,09:31:15
2796,600,1677600,09:31:15
2797,100,279700,09:31:14
2796,1300,3634800,09:31:14
2797,700,1957900,09:31:14
2799,300,839700,09:31:13
2798,100,279800,09:31:13
2798,400,1119200,09:31:13
2798,500,1399000,09:31:13
2798,500,1399000,09:31:13
2798,200,559600,09:31:13
2797,100,279700,09:31:13
2797,100,279700,09:31:13
2797,1000,2797000,09:31:13
2796,1200,3355200,09:31:12
2795,100,279500,09:31:12
2795,200,559000,09:31:12
2795,1000,2795000,09:31:12
2795,1000,2795000,09:31:12
2795,300,838500,09:31:12
2795,100,279500,09:31:12
2795,200,559000,09:31:12
2794,1900,5308600,09:31:12
2792,200,558400,09:31:09
2793,100,279300,09:31:07
2791,200,558200,09:31:06
2792,800,2233600,09:31:06
2792,200,558400,09:31:06
2790,100,279000,09:31:06
2790,100,279000,09:31:03
2790,200,558000,09:31:01
2791,300,837300,09:31:00
2793,100,279300,09:31:00
2794,100,279400,09:31:00
2794,300,838200,09:31:00
2793,100,279300,09:30:58
2793,100,279300,09:30:58
2791,100,279100,09:30:56
2792,100,279200,09:30:55
2792,100,279200,09:30:54
2792,100,279200,09:30:53
2791,100,279100,09:30:52
2790,300,837000,09:30:51
2789,300,836700,09:30:51
2788,100,278800,09:30:50
2788,200,557600,09:30:50
2789,100,278900,09:30:50
2789,300,836700,09:30:50
2790,2600,7254000,09:30:50
2792,100,279200,09:30:49
2793,200,558600,09:30:48
2792,100,279200,09:30:48
2793,100,279300,09:30:47
2792,100,279200,09:30:47
2792,100,279200,09:30:46
2792,200,558400,09:30:46
2794,100,279400,09:30:44
2795,100,279500,09:30:44
2794,100,279400,09:30:43
2795,200,559000,09:30:43
2793,100,279300,09:30:43
2793,100,279300,09:30:42
2792,500,1396000,09:30:42
2791,200,558200,09:30:41
2792,100,279200,09:30:41
2791,100,279100,09:30:41
2792,200,558400,09:30:35
2790,200,558000,09:30:34
2791,100,279100,09:30:34
2791,200,558200,09:30:34
2791,100,279100,09:30:33
2793,100,279300,09:30:33
2793,400,1117200,09:30:33
2795,100,279500,09:30:32
2794,100,279400,09:30:32
2795,200,559000,09:30:29
2794,700,1955800,09:30:29
2793,300,837900,09:30:29
2793,100,279300,09:30:29
2791,100,279100,09:30:28
2792,100,279200,09:30:28
2793,100,279300,09:30:28
2793,100,279300,09:30:27
2793,300,837900,09:30:27
2793,300,837900,09:30:27
2793,100,279300,09:30:27
2793,100,279300,09:30:26
2794,100,279400,09:30:26
2793,200,558600,09:30:26
2796,100,279600,09:30:25
2795,300,838500,09:30:25
2798,400,1119200,09:30:24
2797,600,1678200,09:30:24
2795,100,279500,09:30:24
2797,100,279700,09:30:24
2796,100,279600,09:30:23
2798,100,279800,09:30:23
2799,500,1399500,09:30:22
2796,100,279600,09:30:22
2797,100,279700,09:30:22
2797,100,279700,09:30:21
2796,200,559200,09:30:21
2795,100,279500,09:30:21
2795,400,1118000,09:30:20
2793,200,558600,09:30:20
2795,400,1118000,09:30:18
2795,100,279500,09:30:18
2795,300,838500,09:30:18
2795,100,279500,09:30:18
2794,100,279400,09:30:17
2794,900,2514600,09:30:17
2793,400,1117200,09:30:17
2793,700,1955100,09:30:17
2793,400,1117200,09:30:17
2792,400,1116800,09:30:17
2791,200,558200,09:30:17
2790,1100,3069000,09:30:17
2789,1600,4462400,09:30:17
2788,900,2509200,09:30:17
2786,100,278600,09:30:17
2788,100,278800,09:30:16
2787,100,278700,09:30:15
2787,100,278700,09:30:15
2787,600,1672200,09:30:15
2787,200,557400,09:30:15
2787,200,557400,09:30:15
2788,100,278800,09:30:15
2788,200,557600,09:30:15
2789,100,278900,09:30:14
2789,100,278900,09:30:14
2790,100,279000,09:30:13
2789,100,278900,09:30:11
2790,100,279000,09:30:11
2790,100,279000,09:30:11
2788,500,1394000,09:30:11
2789,500,1394500,09:30:11
2791,100,279100,09:30:10
2790,100,279000,09:30:10
2791,100,279100,09:30:09
2792,100,279200,09:30:09
2790,100,279000,09:30:08
2791,100,279100,09:30:07
2788,300,836400,09:30:07
2789,800,2231200,09:30:07
2790,800,2232000,09:30:07
2791,200,558200,09:30:07
2792,100,279200,09:30:07
2793,100,279300,09:30:05
2792,100,279200,09:30:05
2791,100,279100,09:30:03
2790,300,837000,09:30:03
2792,100,279200,09:30:02
2789,100,278900,09:30:02
2790,100,279000,09:30:01
2790,100,279000,09:30:01
2790,100,279000,09:30:01
2790,800,2232000,09:30:01
2789,1100,3067900,09:30:01
2788,100,278800,09:30:01
2787,100,278700,09:30:01
2787,300,836100,09:30:01
2789,100,278900,09:30:00
2789,400,1115600,09:30:00
2789,700,1952300,09:30:00
2788,100,278800,09:29:57
2787,500,1393500,09:29:57
2788,100,278800,09:29:57
2788,100,278800,09:29:57
2790,100,279000,09:29:57
2788,1000,2788000,09:29:57
2789,100,278900,09:29:57
2789,200,557800,09:29:57
2791,300,837300,09:29:57
2790,100,279000,09:29:57
2791,100,279100,09:29:56
2791,100,279100,09:29:56
2790,100,279000,09:29:56
2788,100,278800,09:29:56
2789,600,1673400,09:29:56
2790,200,558000,09:29:55
2790,100,279000,09:29:55
2790,100,279000,09:29:55
2789,100,278900,09:29:55
2789,200,557800,09:29:55
2789,100,278900,09:29:54
2789,100,278900,09:29:53
2789,100,278900,09:29:51
2787,100,278700,09:29:50
2789,100,278900,09:29:49
2788,100,278800,09:29:49
2787,200,557400,09:29:49
2788,100,278800,09:29:49
2787,200,557400,09:29:49
2788,200,557600,09:29:49
2789,100,278900,09:29:48
2788,200,557600,09:29:48
2788,100,278800,09:29:47
2790,100,279000,09:29:47
2791,100,279100,09:29:47
2793,100,279300,09:29:46
2792,100,279200,09:29:46
2792,300,837600,09:29:46
2794,100,279400,09:29:45
2795,100,279500,09:29:45
2794,200,558800,09:29:45
2795,100,279500,09:29:45
2794,100,279400,09:29:45
2795,100,279500,09:29:45
2796,100,279600,09:29:45
2794,100,279400,09:29:45
2796,100,279600,09:29:45
2795,200,559000,09:29:45
2796,200,559200,09:29:45
2798,100,279800,09:29:44
2797,100,279700,09:29:44
2797,700,1957900,09:29:43
2798,300,839400,09:29:43
2800,100,280000,09:29:42
2800,100,280000,09:29:42
2800,200,560000,09:29:42
2799,700,1959300,09:29:42
2798,1400,3917200,09:29:42
2797,700,1957900,09:29:42
2796,100,279600,09:29:42
2797,100,279700,09:29:39
2795,1900,5310500,09:29:39
2795,100,279500,09:29:39
2794,200,558800,09:29:37
2795,100,279500,09:29:37
2795,100,279500,09:29:36
2795,200,559000,09:29:36
2796,200,559200,09:29:36
2796,100,279600,09:29:36
2796,200,559200,09:29:36
2796,100,279600,09:29:35
2794,100,279400,09:29:35
2796,400,1118400,09:29:34
2795,100,279500,09:29:34
2795,100,279500,09:29:34
2794,800,2235200,09:29:34
2795,100,279500,09:29:34
2796,200,559200,09:29:34
2796,200,559200,09:29:33
2795,100,279500,09:29:31
2796,1400,3914400,09:29:31
2796,100,279600,09:29:31
2794,200,558800,09:29:30
2795,100,279500,09:29:30
2794,100,279400,09:29:29
2795,100,279500,09:29:29
2795,700,1956500,09:29:29
2794,100,279400,09:29:26
2794,100,279400,09:29:26
2795,300,838500,09:29:26
2796,300,838800,09:29:25
2796,100,279600,09:29:25
2797,200,559400,09:29:24
2798,100,279800,09:29:23
2797,600,1678200,09:29:23
2798,400,1119200,09:29:23
2799,100,279900,09:29:23
2799,300,839700,09:29:23
2798,500,1399000,09:29:23
2796,100,279600,09:29:22
2795,1200,3354000,09:29:22
2796,300,838800,09:29:22
2797,100,279700,09:29:22
2797,100,279700,09:29:19
2798,300,839400,09:29:19
2797,100,279700,09:29:18
2798,100,279800,09:29:18
2798,400,1119200,09:29:17
2796,100,279600,09:29:17
2797,100,279700,09:29:17
2796,100,279600,09:29:17
2796,100,279600,09:29:17
2797,100,279700,09:29:17
2797,600,1678200,09:29:15
2797,200,559400,09:29:15
2796,200,559200,09:29:15
2796,100,279600,09:29:15
2795,600,1677000,09:29:14
2795,200,559000,09:29:14
2795,200,559000,09:29:14
2794,300,838200,09:29:14
2795,100,279500,09:29:13
2795,300,838500,09:29:13
2796,200,559200,09:29:13
2798,100,279800,09:29:11
2799,200,559800,09:29:10
2801,100,280100,09:29:10
2800,500,1400000,09:29:10
2799,100,279900,09:29:10
2800,200,560000,09:29:10
2801,300,840300,09:29:10
2801,100,280100,09:29:10
2801,100,280100,09:29:10
2801,100,280100,09:29:10
2801,200,560200,09:29:10
2801,100,280100,09:29:10
2801,300,840300,09:29:10
2800,2000,5600000,09:29:10
2799,200,559800,09:29:09
2798,100,279800,09:29:09
2798,100,279800,09:29:09
2798,1100,3077800,09:29:09
2797,100,279700,09:29:09
2796,100,279600,09:29:08
2796,200,559200,09:29:08
2795,200,559000,09:29:05
2795,100,279500,09:29:04
2795,400,1118000,09:29:04
2797,100,279700,09:29:03
2797,100,279700,09:29:03
2796,100,279600,09:29:03
2796,200,559200,09:29:03
2795,100,279500,09:29:03
2795,100,279500,09:29:03
2795,200,559000,09:29:03
2793,100,279300,09:29:03
2794,100,279400,09:29:00
2796,100,279600,09:29:00
2798,300,839400,09:28:59
2797,700,1957900,09:28:59
2795,100,279500,09:28:59
2795,100,279500,09:28:59
2795,100,279500,09:28:59
2795,100,279500,09:28:59
2796,200,559200,09:28:58
2797,200,559400,09:28:58
2797,100,279700,09:28:58
2798,200,559600,09:28:58
2797,300,839100,09:28:58
2797,100,279700,09:28:57
2797,400,1118800,09:28:57
2795,400,1118000,09:28:57
2794,400,1117600,09:28:57
2793,300,837900,09:28:56
2792,400,1116800,09:28:56
2792,100,279200,09:28:56
2791,100,279100,09:28:56
2790,300,837000,09:28:56
2790,400,1116000,09:28:56
2789,1600,4462400,09:28:56
2788,100,278800,09:28:56
2788,100,278800,09:28:56
2786,100,278600,09:28:56
2787,400,1114800,09:28:56
2788,400,1115200,09:28:56
2787,200,557400,09:28:55
2788,300,836400,09:28:55
2790,100,279000,09:28:54
2789,100,278900,09:28:54
2789,100,278900,09:28:54
2789,100,278900,09:28:54
2789,300,836700,09:28:54
2790,200,558000,09:28:53
2790,300,837000,09:28:52
2790,100,279000,09:28:51
2791,100,279100,09:28:51
2791,100,279100,09:28:51
2791,200,558200,09:28:50
2791,100,279100,09:28:49
2791,100,279100,09:28:49
2790,400,1116000,09:28:46
2789,100,278900,09:28:46
2788,100,278800,09:28:46
2789,300,836700,09:28:46
2788,100,278800,09:28:45
2789,100,278900,09:28:45
2787,300,836100,09:28:45
2787,100,278700,09:28:44
2788,100,278800,09:28:44
2786,400,1114400,09:28:44
2787,600,1672200,09:28:44
2789,100,278900,09:28:44
2788,1300,3624400,09:28:44
2788,700,1951600,09:28:43
2788,100,278800,09:28:43
2789,200,557800,09:28:42
2789,100,278900,09:28:41
2790,100,279000,09:28:41
2790,200,558000,09:28:41
2791,400,1116400,09:28:40
2790,300,837000,09:28:40
2789,300,836700,09:28:40
2789,100,278900,09:28:39
2786,100,278600,09:28:38
2787,400,1114800,09:28:38
2786,100,278600,09:28:37
2785,100,278500,09:28:36
2787,100,278700,09:28:35
2786,200,557200,09:28:35
2785,100,278500,09:28:35
2785,100,278500,09:28:35
2784,300,835200,09:28:35
2785,200,557000,09:28:35
2785,300,835500,09:28:35
2784,200,556800,09:28:35
2784,100,278400,09:28:35
2784,100,278400,09:28:35
2784,100,278400,09:28:35
2782,800,2225600,09:28:35
2783,100,278300,09:28:35
2782,100,278200,09:28:34
2784,100,278400,09:28:34
2782,100,278200,09:28:34
2783,100,278300,09:28:34
2783,200,556600,09:28:34
2784,200,556800,09:28:34
2783,400,1113200,09:28:34
2782,300,834600,09:28:34
2780,300,834000,09:28:34
2781,800,2224800,09:28:34
2782,500,1391000,09:28:34
2780,100,278000,09:28:33
2780,100,278000,09:28:33
2782,100,278200,09:28:33
2780,100,278000,09:28:33
2780,600,1668000,09:28:32
2781,100,278100,09:28:32
2781,300,834300,09:28:32
2782,100,278200,09:28:32
2782,100,278200,09:28:32
2781,200,556200,09:28:32
2782,300,834600,09:28:32
2782,100,278200,09:28:32
2782,100,278200,09:28:32
2782,100,278200,09:28:32
2783,100,278300,09:28:32
2784,100,278400,09:28:32
2784,100,278400,09:28:32
2783,500,1391500,09:28:32
2784,700,1948800,09:28:32
2783,100,278300,09:28:32
2782,100,278200,09:28:31
2780,200,556000,09:28:31
2781,300,834300,09:28:31
2783,100,278300,09:28:31
2782,100,278200,09:28:31
2780,100,278000,09:28:31
2781,100,278100,09:28:31
2781,100,278100,09:28:31
2782,100,278200,09:28:31
2782,100,278200,09:28:31
2781,100,278100,09:28:30
2781,100,278100,09:28:30
2783,100,278300,09:28:30
2782,200,556400,09:28:30
2780,100,278000,09:28:30
2780,100,278000,09:28:30
2781,900,2502900,09:28:30
2782,100,278200,09:28:30
2783,100,278300,09:28:30
2780,800,2224000,09:28:30
2781,300,834300,09:28:30
2782,400,1112800,09:28:30
2783,100,278300,09:28:30
2785,300,835500,09:28:30
2785,200,557000,09:28:30
2785,200,557000,09:28:30
2785,100,278500,09:28:30
2784,100,278400,09:28:30
2785,300,835500,09:28:30
2785,200,557000,09:28:30
2785,100,278500,09:28:30
2785,100,278500,09:28:30
2785,100,278500,09:28:30
2785,100,278500,09:28:30
2785,100,278500,09:28:30
2786,500,1393000,09:28:29
2782,200,556400,09:28:29
2783,1200,3339600,09:28:29
2784,300,835200,09:28:29
2785,1200,3342000,09:28:29
2786,200,557200,09:28:29
2787,200,557400,09:28:29
2786,100,278600,09:28:29
2787,100,278700,09:28:28
2787,100,278700,09:28:28
2787,700,1950900,09:28:28
2787,100,278700,09:28:27
2787,100,278700,09:28:27
2787,100,278700,09:28:27
2787,100,278700,09:28:27
2788,100,278800,09:28:27
2789,200,557800,09:28:26
2789,100,278900,09:28:26
2789,100,278900,09:28:26
2789,100,278900,09:28:26
2789,100,278900,09:28:26
2789,100,278900,09:28:26
2789,300,836700,09:28:26
2790,100,279000,09:28:26
2789,100,278900,09:28:26
2789,100,278900,09:28:24
2790,100,279000,09:28:24
2790,100,279000,09:28:24
2791,100,279100,09:28:22
2791,100,279100,09:28:22
2791,300,837300,09:28:22
2789,100,278900,09:28:21
2790,300,837000,09:28:21
2788,100,278800,09:28:21
2789,200,557800,09:28:21
2789,100,278900,09:28:20
2789,100,278900,09:28:20
2789,100,278900,09:28:20
2789,100,278900,09:28:20
2790,100,279000,09:28:20
2790,100,279000,09:28:19
2790,100,279000,09:28:18
2789,100,278900,09:28:17
2791,100,279100,09:28:17
2792,100,279200,09:28:16
2791,200,558200,09:28:16
2791,100,279100,09:28:16
2791,100,279100,09:28:15
2792,300,837600,09:28:14
2790,100,279000,09:28:14
2791,100,279100,09:28:13
2792,100,279200,09:28:13
2790,200,558000,09:28:13
2790,100,279000,09:28:13
2793,100,279300,09:28:12
2789,400,1115600,09:28:12
2790,500,1395000,09:28:12
2791,100,279100,09:28:12
2792,100,279200,09:28:12
2792,100,279200,09:28:12
2792,400,1116800,09:28:12
2793,300,837900,09:28:11
2793,200,558600,09:28:11
2794,400,1117600,09:28:11
2795,100,279500,09:28:11
2796,100,279600,09:28:11
2796,100,279600,09:28:11
2797,1000,2797000,09:28:11
2798,300,839400,09:28:11
2799,100,279900,09:28:11
2800,100,280000,09:28:10
2800,100,280000,09:28:10
2801,100,280100,09:28:10
2801,500,1400500,09:28:10
2801,200,560200,09:28:10
2800,100,280000,09:28:10
2800,100,280000,09:28:10
2801,100,280100,09:28:10
2800,200,560000,09:28:10
2802,100,280200,09:28:08
2802,100,280200,09:28:08
2801,100,280100,09:28:07
2801,100,280100,09:28:06
2803,500,1401500,09:28:06
2803,200,560600,09:28:06
2802,100,280200,09:28:05
2800,100,280000,09:28:05
2800,100,280000,09:28:04
2801,100,280100,09:28:04
2801,100,280100,09:28:03
2800,300,840000,09:28:03
2801,200,560200,09:28:02
2801,100,280100,09:28:02
2800,100,280000,09:28:02
2801,1100,3081100,09:28:02
2800,100,280000,09:28:02
2800,200,560000,09:28:02
2799,100,279900,09:28:02
2798,200,559600,09:28:02
2799,100,279900,09:28:02
2799,100,279900,09:28:02
2800,100,280000,09:28:02
2800,100,280000,09:28:02
2800,100,280000,09:28:02
2799,100,279900,09:28:00
2800,100,280000,09:28:00
2798,100,279800,09:27:59
2797,100,279700,09:27:58
2798,500,1399000,09:27:58
2799,100,279900,09:27:58
2800,400,1120000,09:27:58
2798,300,839400,09:27:58
2799,100,279900,09:27:57
2800,200,560000,09:27:57
2800,100,280000,09:27:57
2800,100,280000,09:27:57
2799,400,1119600,09:27:56
2801,100,280100,09:27:56
2800,100,280000,09:27:56
2800,100,280000,09:27:56
2800,100,280000,09:27:56
2801,100,280100,09:27:55
2801,200,560200,09:27:55
2800,100,280000,09:27:55
2802,100,280200,09:27:55
2801,100,280100,09:27:54
2801,200,560200,09:27:54
2801,200,560200,09:27:54
2800,300,840000,09:27:54
2801,100,280100,09:27:54
2804,100,280400,09:27:52
2802,200,560400,09:27:52
2804,100,280400,09:27:52
2805,100,280500,09:27:52
2804,100,280400,09:27:51
2804,100,280400,09:27:51
2805,2300,6451500,09:27:51
2808,100,280800,09:27:50
2806,200,561200,09:27:49
2806,100,280600,09:27:49
2807,200,561400,09:27:49
2807,100,280700,09:27:49
2808,1100,3088800,09:27:49
2808,100,280800,09:27:49
2806,100,280600,09:27:49
2808,100,280800,09:27:48
2807,100,280700,09:27:48
2806,100,280600,09:27:47
2805,200,561000,09:27:47
2806,1700,4770200,09:27:47
2805,200,561000,09:27:47
2804,200,560800,09:27:47
2805,100,280500,09:27:47
2805,100,280500,09:27:47
2805,100,280500,09:27:47
2805,100,280500,09:27:47
2805,200,561000,09:27:47
2805,100,280500,09:27:46
2805,100,280500,09:27:46
2807,200,561400,09:27:46
2806,100,280600,09:27:46
2805,100,280500,09:27:46
2808,100,280800,09:27:46
2807,500,1403500,09:27:45
2807,100,280700,09:27:45
2806,100,280600,09:27:45
2806,300,841800,09:27:45
2807,100,280700,09:27:45
2808,100,280800,09:27:45
2807,300,842100,09:27:44
2807,100,280700,09:27:44
2806,200,561200,09:27:44
2806,100,280600,09:27:44
2805,3100,8695500,09:27:44
2804,100,280400,09:27:44
2803,100,280300,09:27:44
2802,300,840600,09:27:44
2802,100,280200,09:27:44
2803,100,280300,09:27:44
2802,100,280200,09:27:44
2802,200,560400,09:27:44
2804,800,2243200,09:27:44
2803,600,1681800,09:27:44
2803,100,280300,09:27:44
2803,400,1121200,09:27:43
2802,500,1401000,09:27:43
2801,600,1680600,09:27:42
2802,100,280200,09:27:41
2799,100,279900,09:27:41
2799,1300,3638700,09:27:40
2800,400,1120000,09:27:40
2801,100,280100,09:27:40
2801,100,280100,09:27:39
2800,200,560000,09:27:39
2801,300,840300,09:27:38
2800,300,840000,09:27:38
2800,1000,2800000,09:27:38
2802,100,280200,09:27:38
2803,100,280300,09:27:38
2802,700,1961400,09:27:38
2802,100,280200,09:27:38
2801,100,280100,09:27:38
2800,100,280000,09:27:38
2800,100,280000,09:27:38
2800,100,280000,09:27:38
2800,100,280000,09:27:37
2801,100,280100,09:27:37
2801,100,280100,09:27:37
2801,100,280100,09:27:37
2802,100,280200,09:27:37
2802,200,560400,09:27:37
2802,100,280200,09:27:37
2802,100,280200,09:27:37
2804,100,280400,09:27:37
2804,800,2243200,09:27:37
2803,400,1121200,09:27:37
2802,100,280200,09:27:37
2802,600,1681200,09:27:37
2803,700,1962100,09:27:37
2802,400,1120800,09:27:37
2802,200,560400,09:27:37
2802,300,840600,09:27:37
2801,100,280100,09:27:37
2801,700,1960700,09:27:37
2799,100,279900,09:27:37
2800,34100,95480000,09:27:37
2800,100,280000,09:27:37
2800,800,2240000,09:27:37
2800,2300,6440000,09:27:37
2800,900,2520000,09:27:37
2799,9000,25191000,09:27:37
2799,100,279900,09:27:37
2798,3900,10912200,09:27:37
2797,600,1678200,09:27:37
2797,100,279700,09:27:36
2796,100,279600,09:27:35
2796,200,559200,09:27:35
2797,100,279700,09:27:34
2796,400,1118400,09:27:34
2796,200,559200,09:27:34
2796,300,838800,09:27:34
2797,100,279700,09:27:33
2797,200,559400,09:27:33
2795,300,838500,09:27:32
2795,500,1397500,09:27:32
2795,100,279500,09:27:32
2795,300,838500,09:27:32
2791,300,837300,09:27:32
2792,1700,4746400,09:27:32
2793,1400,3910200,09:27:32
2794,1100,3073400,09:27:32
2795,100,279500,09:27:31
2796,100,279600,09:27:31
2796,100,279600,09:27:31
2796,100,279600,09:27:31
2797,200,559400,09:27:30
2797,100,279700,09:27:30
2797,300,839100,09:27:29
2796,100,279600,09:27:29
2794,300,838200,09:27:29
2797,200,559400,09:27:29
2796,200,559200,09:27:29
2796,100,279600,09:27:28
2795,100,279500,09:27:28
2795,100,279500,09:27:28
2796,100,279600,09:27:28
2796,900,2516400,09:27:28
2795,300,838500,09:27:27
2795,1900,5310500,09:27:27
2795,2200,6149000,09:27:27
2795,800,2236000,09:27:27
2794,100,279400,09:27:27
2794,100,279400,09:27:26
2794,100,279400,09:27:24
2794,100,279400,09:27:22
2792,400,1116800,09:27:22
2793,300,837900,09:27:22
2793,100,279300,09:27:22
2794,100,279400,09:27:21
2794,300,838200,09:27:20
2793,100,279300,09:27:20
2794,100,279400,09:27:20
2793,100,279300,09:27:20
2793,100,279300,09:27:19
2793,100,279300,09:27:19
2793,100,279300,09:27:19
2793,1400,3910200,09:27:19
2793,600,1675800,09:27:19
2794,100,279400,09:27:18
2794,200,558800,09:27:17
2794,200,558800,09:27:16
2794,200,558800,09:27:15
2795,100,279500,09:27:15
2794,100,279400,09:27:15
2794,100,279400,09:27:15
2794,300,838200,09:27:15
2794,100,279400,09:27:15
2793,200,558600,09:27:15
2793,100,279300,09:27:15
2793,200,558600,09:27:15
2793,100,279300,09:27:15
2793,100,279300,09:27:14
2793,100,279300,09:27:14
2793,100,279300,09:27:14
2792,100,279200,09:27:14
2792,100,279200,09:27:14
2793,400,1117200,09:27:13
2793,300,837900,09:27:12
2794,200,558800,09:27:10
2792,100,279200,09:27:10
2793,200,558600,09:27:10
2792,700,1954400,09:27:10
2793,100,279300,09:27:10
2794,100,279400,09:27:10
2793,200,558600,09:27:10
2794,300,838200,09:27:10
2794,100,279400,09:27:10
2793,3100,8658300,09:27:10
2792,200,558400,09:27:10
2790,100,279000,09:27:10
2791,100,279100,09:27:10
2791,200,558200,09:27:09
2792,100,279200,09:27:08
2791,700,1953700,09:27:08
2793,200,558600,09:27:05
2792,100,279200,09:27:04
2791,100,279100,09:27:04
2793,100,279300,09:27:03
2794,100,279400,09:27:02
2794,100,279400,09:27:01
2793,100,279300,09:27:01
2792,200,558400,09:27:00
2793,200,558600,09:26:59
2793,400,1117200,09:26:59
2791,100,279100,09:26:59
2792,200,558400,09:26:59
2793,200,558600,09:26:59
2794,400,1117600,09:26:59
2795,100,279500,09:26:58
2795,100,279500,09:26:58
2797,100,279700,09:26:58
2796,100,279600,09:26:57
2796,100,279600,09:26:57
2797,200,559400,09:26:56
2797,400,1118800,09:26:56
2796,100,279600,09:26:56
2796,600,1677600,09:26:56
2797,200,559400,09:26:56
2798,200,559600,09:26:56
2797,100,279700,09:26:56
2796,300,838800,09:26:55
2796,700,1957200,09:26:55
2795,100,279500,09:26:55
2792,2000,5584000,09:26:55
2792,1300,3629600,09:26:55
2792,7900,22056800,09:26:55
2792,100,279200,09:26:55
2792,100,279200,09:26:55
2792,200,558400,09:26:55
2792,100,279200,09:26:55
2792,100,279200,09:26:55
2792,100,279200,09:26:55
2792,100,279200,09:26:55
2792,100,279200,09:26:55
2792,100,279200,09:26:55
2792,300,837600,09:26:55
2792,1900,5304800,09:26:55
2793,1100,3072300,09:26:55
2794,2700,7543800,09:26:55
2795,900,2515500,09:26:55
2796,200,559200,09:26:55
2797,200,559400,09:26:55
2796,300,838800,09:26:55
2795,400,1118000,09:26:54
2797,100,279700,09:26:54
2796,200,559200,09:26:54
2796,200,559200,09:26:54
2797,100,279700,09:26:54
2796,100,279600,09:26:54
2797,100,279700,09:26:54
2797,700,1957900,09:26:54
2796,100,279600,09:26:54
2797,5000,13985000,09:26:54
2797,5000,13985000,09:26:54
2796,1000,2796000,09:26:54
2795,3100,8664500,09:26:54
2794,200,558800,09:26:54
2793,100,279300,09:26:53
2793,300,837900,09:26:53
2794,200,558800,09:26:53
2794,100,279400,09:26:53
2793,200,558600,09:26:53
2794,100,279400,09:26:53
2794,200,558800,09:26:53
2793,100,279300,09:26:53
2793,100,279300,09:26:53
2794,100,279400,09:26:53
2794,100,279400,09:26:53
2794,100,279400,09:26:51
2793,100,279300,09:26:51
2793,100,279300,09:26:51
2794,100,279400,09:26:50
2794,100,279400,09:26:50
2794,700,1955800,09:26:50
2794,100,279400,09:26:50
2793,300,837900,09:26:50
2793,200,558600,09:26:49
2793,100,279300,09:26:49
2792,100,279200,09:26:48
2791,100,279100,09:26:48
2792,300,837600,09:26:48
2792,100,279200,09:26:48
2791,100,279100,09:26:48
2792,100,279200,09:26:46
2793,200,558600,09:26:46
2792,100,279200,09:26:46
2792,100,279200,09:26:46
2792,100,279200,09:26:46
2791,400,1116400,09:26:46
2792,100,279200,09:26:46
2794,100,279400,09:26:45
2793,100,279300,09:26:45
2793,100,279300,09:26:44
2793,400,1117200,09:26:43
2794,100,279400,09:26:43
2793,100,279300,09:26:42
2791,400,1116400,09:26:42
2792,100,279200,09:26:42
2794,500,1397000,09:26:42
2793,500,1396500,09:26:42
2792,300,837600,09:26:42
2794,100,279400,09:26:42
2794,200,558800,09:26:42
2793,400,1117200,09:26:42
2792,100,279200,09:26:41
2792,200,558400,09:26:41
2793,100,279300,09:26:41
2794,100,279400,09:26:41
2793,100,279300,09:26:41
2793,300,837900,09:26:41
2794,100,279400,09:26:41
2794,100,279400,09:26:41
2795,100,279500,09:26:41
2793,500,1396500,09:26:41
2794,2800,7823200,09:26:41
2793,400,1117200,09:26:41
2792,100,279200,09:26:40
2792,100,279200,09:26:40
2792,900,2512800,09:26:40
2791,400,1116400,09:26:40
2790,100,279000,09:26:40
2790,100,279000,09:26:40
2790,200,558000,09:26:39
2790,100,279000,09:26:39
2788,100,278800,09:26:39
2790,100,279000,09:26:39
2790,100,279000,09:26:39
2790,100,279000,09:26:39
2791,100,279100,09:26:39
2790,100,279000,09:26:39
2791,100,279100,09:26:39
2791,100,279100,09:26:39
2791,500,1395500,09:26:39
2791,100,279100,09:26:39
2790,4000,11160000,09:26:39
2789,400,1115600,09:26:39
2787,100,278700,09:26:39
2787,100,278700,09:26:39
2789,100,278900,09:26:38
2784,300,835200,09:26:38
2785,1100,3063500,09:26:38
2786,800,2228800,09:26:38
2787,300,836100,09:26:38
2788,100,278800,09:26:37
2787,400,1114800,09:26:37
2788,100,278800,09:26:37
2788,200,557600,09:26:37
2789,300,836700,09:26:37
2788,2300,6412400,09:26:37
2787,400,1114800,09:26:37
2786,700,1950200,09:26:37
2786,100,278600,09:26:36
2785,1600,4456000,09:26:36
2784,700,1948800,09:26:36
2784,100,278400,09:26:36
2783,100,278300,09:26:35
2783,100,278300,09:26:35
2783,1400,3896200,09:26:35
2782,200,556400,09:26:35
2780,200,556000,09:26:35
2781,500,1390500,09:26:35
2782,100,278200,09:26:35
2782,100,278200,09:26:35
2782,100,278200,09:26:35
2782,300,834600,09:26:35
2781,100,278100,09:26:35
2780,100,278000,09:26:35
2781,800,2224800,09:26:35
2780,1100,3058000,09:26:35
2778,200,555600,09:26:35
2779,100,277900,09:26:35
2780,100,278000,09:26:34
2779,100,277900,09:26:33
2777,100,277700,09:26:32
2778,100,277800,09:26:32
2779,100,277900,09:26:28
2778,100,277800,09:26:28
2777,200,555400,09:26:27
2779,300,833700,09:26:27
2778,100,277800,09:26:27
2776,100,277600,09:26:27
2778,200,555600,09:26:26
2777,100,277700,09:26:25
2777,300,833100,09:26:25
2777,100,277700,09:26:24
2779,100,277900,09:26:24
2778,100,277800,09:26:24
2778,100,277800,09:26:23
2780,100,278000,09:26:21
2781,100,278100,09:26:20
2782,800,2225600,09:26:20
2781,500,1390500,09:26:20
2780,500,1390000,09:26:20
2780,600,1668000,09:26:20
2779,100,277900,09:26:20
2778,100,277800,09:26:19
2780,100,278000,09:26:19
2779,200,555800,09:26:19
2779,100,277900,09:26:18
2778,100,277800,09:26:18
2778,100,277800,09:26:18
2780,100,278000,09:26:16
2780,500,1390000,09:26:15
2780,400,1112000,09:26:15
2780,100,278000,09:26:15
2779,100,277900,09:26:15
2780,400,1112000,09:26:14
2781,100,278100,09:26:13
2780,100,278000,09:26:13
2779,200,555800,09:26:11
2780,400,1112000,09:26:10
2779,100,277900,09:26:10
2777,500,1388500,09:26:10
2778,400,1111200,09:26:10
2780,300,834000,09:26:10
2780,100,278000,09:26:08
2781,100,278100,09:26:08
2782,100,278200,09:26:08
2782,100,278200,09:26:07
2781,100,278100,09:26:06
2781,100,278100,09:26:06
2781,100,278100,09:26:05
2782,200,556400,09:26:02
2781,100,278100,09:26:02
2782,200,556400,09:26:00
2781,100,278100,09:25:56
2783,500,1391500,09:25:54
2783,100,278300,09:25:54
2782,100,278200,09:25:54
2780,400,1112000,09:25:54
2780,600,1668000,09:25:54
2781,400,1112400,09:25:53
2779,100,277900,09:25:53
2779,100,277900,09:25:52
2780,100,278000,09:25:52
2779,200,555800,09:25:52
2780,400,1112000,09:25:52
2780,100,278000,09:25:50
2779,200,555800,09:25:50
2780,400,1112000,09:25:50
2781,100,278100,09:25:50
2781,200,556200,09:25:50
2780,400,1112000,09:25:50
2783,200,556600,09:25:49
2782,500,1391000,09:25:49
2781,100,278100,09:25:49
2780,100,278000,09:25:49
2781,100,278100,09:25:49
2781,100,278100,09:25:49
2781,100,278100,09:25:49
2781,100,278100,09:25:49
2781,100,278100,09:25:49
2779,600,1667400,09:25:49
2780,400,1112000,09:25:49
2781,100,278100,09:25:49
2781,100,278100,09:25:48
2782,100,278200,09:25:48
2783,100,278300,09:25:47
2783,100,278300,09:25:47
2784,100,278400,09:25:46
2783,200,556600,09:25:46
2784,100,278400,09:25:43
2785,100,278500,09:25:42
2783,100,278300,09:25:42
2784,300,835200,09:25:42
2785,100,278500,09:25:42
2786,400,1114400,09:25:42
2786,100,278600,09:25:41
2786,100,278600,09:25:41
2786,100,278600,09:25:41
2787,1100,3065700,09:25:41
2786,100,278600,09:25:41
2787,300,836100,09:25:41
2786,200,557200,09:25:41
2785,100,278500,09:25:41
2784,100,278400,09:25:40
2785,100,278500,09:25:40
2786,700,1950200,09:25:40
2785,200,557000,09:25:40
2784,100,278400,09:25:39
2784,100,278400,09:25:38
2784,200,556800,09:25:38
2783,100,278300,09:25:38
2784,300,835200,09:25:37
2783,200,556600,09:25:37
2782,100,278200,09:25:37
2782,100,278200,09:25:37
2781,400,1112400,09:25:37
2780,1200,3336000,09:25:37
2778,100,277800,09:25:37
2778,200,555600,09:25:37
2779,100,277900,09:25:37
2779,100,277900,09:25:37
2780,200,556000,09:25:37
2777,100,277700,09:25:37
2778,100,277800,09:25:37
2780,400,1112000,09:25:37
2779,600,1667400,09:25:37
2777,100,277700,09:25:36
2777,100,277700,09:25:36
2777,100,277700,09:25:36
2778,100,277800,09:25:36
2777,300,833100,09:25:35
2778,100,277800,09:25:35
2778,100,277800,09:25:35
2779,100,277900,09:25:35
2780,200,556000,09:25:35
2778,200,555600,09:25:35
2777,900,2499300,09:25:35
2778,400,1111200,09:25:35
2779,200,555800,09:25:35
2779,300,833700,09:25:35
2780,200,556000,09:25:35
2781,200,556200,09:25:35
2781,100,278100,09:25:35
2783,100,278300,09:25:34
2782,300,834600,09:25:33
2783,100,278300,09:25:33
2784,100,278400,09:25:33
2785,800,2228000,09:25:33
2783,300,834900,09:25:33
2784,100,278400,09:25:33
2784,300,835200,09:25:33
2785,100,278500,09:25:33
2785,300,835500,09:25:33
2785,300,835500,09:25:33
2783,100,278300,09:25:33
2783,100,278300,09:25:33
2783,200,556600,09:25:33
2785,100,278500,09:25:33
2783,1200,3339600,09:25:33
2784,1500,4176000,09:25:33
2785,3600,10026000,09:25:33
2786,1300,3621800,09:25:33
2787,100,278700,09:25:33
2789,400,1115600,09:25:33
2787,100,278700,09:25:32
2787,200,557400,09:25:31
2787,200,557400,09:25:31
2786,100,278600,09:25:30
2786,200,557200,09:25:29
2787,400,1114800,09:25:26
2786,200,557200,09:25:26
2786,200,557200,09:25:25
2786,100,278600,09:25:24
2786,100,278600,09:25:24
2787,100,278700,09:25:23
2787,100,278700,09:25:23
2787,100,278700,09:25:23
2789,100,278900,09:25:23
2789,500,1394500,09:25:23
2788,500,1394000,09:25:23
2787,100,278700,09:25:23
2786,1000,2786000,09:25:23
2787,1200,3344400,09:25:23
2788,100,278800,09:25:23
2789,100,278900,09:25:23
2787,300,836100,09:25:22
2789,200,557800,09:25:22
2789,100,278900,09:25:22
2790,200,558000,09:25:21
2789,200,557800,09:25:21
2790,200,558000,09:25:21
2787,100,278700,09:25:20
2789,100,278900,09:25:20
2789,100,278900,09:25:20
2789,300,836700,09:25:20
2788,200,557600,09:25:19
2787,100,278700,09:25:19
2787,100,278700,09:25:17
2789,100,278900,09:25:16
2788,100,278800,09:25:16
2788,200,557600,09:25:16
2788,100,278800,09:25:16
2789,100,278900,09:25:15
2787,100,278700,09:25:13
2788,100,278800,09:25:13
2787,100,278700,09:25:12
2787,100,278700,09:25:12
2788,1900,5297200,09:25:12
2788,100,278800,09:25:12
2788,100,278800,09:25:12
2786,100,278600,09:25:12
2786,400,1114400,09:25:12
2787,100,278700,09:25:11
2786,500,1393000,09:25:11
2789,100,278900,09:25:10
2788,100,278800,09:25:10
2787,200,557400,09:25:10
2786,100,278600,09:25:10
2788,100,278800,09:25:10
2787,100,278700,09:25:10
2786,100,278600,09:25:09
2788,200,557600,09:25:08
2788,200,557600,09:25:08
2787,100,278700,09:25:08
2787,100,278700,09:25:08
2787,100,278700,09:25:08
2785,100,278500,09:25:06
2787,100,278700,09:25:06
2786,200,557200,09:25:06
2786,100,278600,09:25:06
2787,400,1114800,09:25:05
2786,100,278600,09:25:05
2786,100,278600,09:25:04
2786,100,278600,09:25:04
2784,100,278400,09:25:04
2786,100,278600,09:25:04
2786,200,557200,09:25:03
2785,100,278500,09:25:02
2786,100,278600,09:25:01
2785,100,278500,09:25:01
2785,200,557000,09:25:01
2785,200,557000,09:25:01
2783,200,556600,09:25:01
2784,100,278400,09:25:01
2784,200,556800,09:25:01
2786,100,278600,09:25:01
2786,100,278600,09:25:01
2789,100,278900,09:25:01
2787,100,278700,09:25:01
2788,2100,5854800,09:25:01
2788,600,1672800,09:25:01
2787,700,1950900,09:25:01
2786,300,835800,09:25:01
2785,300,835500,09:25:01
2784,100,278400,09:25:01
2783,100,278300,09:25:01
2784,400,1113600,09:25:00
2782,300,834600,09:24:59
2783,100,278300,09:24:59
2784,100,278400,09:24:59
2784,300,835200,09:24:58
2784,200,556800,09:24:58
2783,100,278300,09:24:57
2784,100,278400,09:24:56
2783,100,278300,09:24:54
2782,900,2503800,09:24:54
2784,200,556800,09:24:52
2783,100,278300,09:24:52
2785,100,278500,09:24:52
2784,400,1113600,09:24:52
2785,100,278500,09:24:52
2785,100,278500,09:24:52
2785,1600,4456000,09:24:52
2785,400,1114000,09:24:52
2784,100,278400,09:24:52
2784,100,278400,09:24:50
2784,100,278400,09:24:50
2783,200,556600,09:24:49
2781,100,278100,09:24:49
2782,400,1112800,09:24:49
2783,100,278300,09:24:47
2781,100,278100,09:24:47
2782,100,278200,09:24:47
2782,200,556400,09:24:47
2782,100,278200,09:24:46
2782,100,278200,09:24:45
2782,100,278200,09:24:45
2782,100,278200,09:24:45
2783,400,1113200,09:24:45
2782,100,278200,09:24:44
2782,100,278200,09:24:43
2782,100,278200,09:24:41
2782,100,278200,09:24:41
2782,200,556400,09:24:40
2781,100,278100,09:24:40
2781,100,278100,09:24:39
2782,200,556400,09:24:37
2783,100,278300,09:24:37
2782,100,278200,09:24:36
2781,100,278100,09:24:36
2781,300,834300,09:24:36
2780,500,1390000,09:24:36
2779,200,555800,09:24:36
2779,100,277900,09:24:36
2779,100,277900,09:24:36
2780,100,278000,09:24:35
2781,100,278100,09:24:35
2781,100,278100,09:24:34
2782,100,278200,09:24:34
2782,200,556400,09:24:34
2783,200,556600,09:24:34
2783,100,278300,09:24:34
2783,100,278300,09:24:34
2784,200,556800,09:24:34
2784,100,278400,09:24:34
2783,2600,7235800,09:24:34
2783,3200,8905600,09:24:34
2782,500,1391000,09:24:34
2782,1500,4173000,09:24:34
2781,600,1668600,09:24:34
2781,100,278100,09:24:34
2781,100,278100,09:24:34
2780,1400,3892000,09:24:34
2779,300,833700,09:24:34
2778,500,1389000,09:24:34
2777,100,277700,09:24:32
2777,300,833100,09:24:32
2778,100,277800,09:24:32
2778,200,555600,09:24:31
2777,100,277700,09:24:31
2778,100,277800,09:24:30
2779,200,555800,09:24:30
2780,100,278000,09:24:30
2780,100,278000,09:24:30
2780,100,278000,09:24:30
2779,1500,4168500,09:24:30
2777,300,833100,09:24:30
2777,200,555400,09:24:30
2776,100,277600,09:24:30
2776,200,555200,09:24:29
2776,100,277600,09:24:29
2777,100,277700,09:24:25
2777,500,1388500,09:24:25
2778,100,277800,09:24:23
2779,100,277900,09:24:22
2777,100,277700,09:24:22
2779,100,277900,09:24:21
2780,900,2502000,09:24:20
2779,300,833700,09:24:19
2778,300,833400,09:24:18
2778,100,277800,09:24:18
2778,100,277800,09:24:18
2779,100,277900,09:24:16
2779,100,277900,09:24:15
2778,100,277800,09:24:14
2777,100,277700,09:24:14
2778,300,833400,09:24:14
2779,700,1945300,09:24:14
2779,100,277900,09:24:14
2779,100,277900,09:24:14
2779,100,277900,09:24:14
2779,100,277900,09:24:14
2779,100,277900,09:24:14
2779,200,555800,09:24:14
2781,100,278100,09:24:14
2779,100,277900,09:24:14
2780,3300,9174000,09:24:14
2780,100,278000,09:24:14
2778,200,555600,09:24:14
2776,600,1665600,09:24:14
2777,600,1666200,09:24:14
2780,600,1668000,09:24:14
2779,400,1111600,09:24:14
2779,100,277900,09:24:11
2778,200,555600,09:24:11
2778,200,555600,09:24:11
2776,200,555200,09:24:10
2777,300,833100,09:24:10
2776,100,277600,09:24:10
2776,100,277600,09:24:10
2775,200,555000,09:24:10
2774,100,277400,09:24:09
2774,100,277400,09:24:08
2774,100,277400,09:24:08
2774,200,554800,09:24:08
2774,100,277400,09:24:08
2773,100,277300,09:24:07
2773,700,1941100,09:24:07
2774,300,832200,09:24:07
2774,100,277400,09:24:07
2772,300,831600,09:24:07
2772,500,1386000,09:24:07
2774,100,277400,09:24:06
2772,100,277200,09:24:06
2774,100,277400,09:24:06
2773,200,554600,09:24:06
2773,100,277300,09:24:06
2773,100,277300,09:24:03
2774,300,832200,09:24:03
2774,100,277400,09:24:02
2774,100,277400,09:24:02
2774,100,277400,09:24:02
2774,100,277400,09:24:01
2774,200,554800,09:24:01
2774,400,1109600,09:24:01
2773,100,277300,09:24:01
2774,100,277400,09:24:01
2773,1000,2773000,09:24:01
2773,100,277300,09:24:00
2773,100,277300,09:24:00
2773,100,277300,09:24:00
2773,200,554600,09:24:00
2772,100,277200,09:23:59
2771,100,277100,09:23:58
2772,100,277200,09:23:58
2772,100,277200,09:23:58
2772,100,277200,09:23:58
2772,100,277200,09:23:58
2771,100,277100,09:23:58
2772,100,277200,09:23:57
2770,100,277000,09:23:57
2771,500,1385500,09:23:57
2773,100,277300,09:23:57
2771,100,277100,09:23:57
2771,100,277100,09:23:57
2772,100,277200,09:23:57
2772,300,831600,09:23:57
2771,1200,3325200,09:23:57
2770,200,554000,09:23:57
2770,200,554000,09:23:57
2770,200,554000,09:23:57
2771,100,277100,09:23:56
2771,100,277100,09:23:55
2771,800,2216800,09:23:55
2772,200,554400,09:23:55
2773,100,277300,09:23:54
2774,100,277400,09:23:54
2775,100,277500,09:23:53
2775,400,1110000,09:23:53
2775,100,277500,09:23:53
2775,300,832500,09:23:53
2775,300,832500,09:23:53
2776,200,555200,09:23:53
2776,100,277600,09:23:52
2778,100,277800,09:23:51
2779,100,277900,09:23:49
2779,200,555800,09:23:48
2778,100,277800,09:23:48
2778,100,277800,09:23:48
2778,100,277800,09:23:48
2777,100,277700,09:23:48
2778,200,555600,09:23:47
2780,100,278000,09:23:45
2780,400,1112000,09:23:45
2780,100,278000,09:23:45
2779,300,833700,09:23:45
2780,200,556000,09:23:44
2779,100,277900,09:23:44
2780,100,278000,09:23:42
2779,100,277900,09:23:42
2779,100,277900,09:23:42
2779,100,277900,09:23:42
2781,400,1112400,09:23:42
2781,100,278100,09:23:41
2779,100,277900,09:23:41
2778,600,1666800,09:23:41
2780,100,278000,09:23:41
2780,200,556000,09:23:41
2780,100,278000,09:23:41
2781,100,278100,09:23:41
2781,100,278100,09:23:40
2781,1000,2781000,09:23:40
2784,300,835200,09:23:40
2783,200,556600,09:23:40
2784,300,835200,09:23:40
2783,200,556600,09:23:40
2783,100,278300,09:23:39
2781,100,278100,09:23:39
2782,100,278200,09:23:39
2781,200,556200,09:23:38
2782,200,556400,09:23:38
2782,100,278200,09:23:38
2782,300,834600,09:23:36
2780,100,278000,09:23:34
2781,100,278100,09:23:34
2781,200,556200,09:23:34
2781,100,278100,09:23:33
2780,1100,3058000,09:23:32
2779,100,277900,09:23:32
2779,100,277900,09:23:32
2777,100,277700,09:23:31
2778,100,277800,09:23:30
2778,100,277800,09:23:30
2778,100,277800,09:23:29
2779,400,1111600,09:23:28
2778,300,833400,09:23:28
2776,200,555200,09:23:24
2776,100,277600,09:23:23
2779,100,277900,09:23:23
2778,300,833400,09:23:22
2779,100,277900,09:23:20
2778,400,1111200,09:23:20
2779,300,833700,09:23:20
2779,200,555800,09:23:20
2782,100,278200,09:23:20
2781,300,834300,09:23:20
2781,500,1390500,09:23:20
2782,100,278200,09:23:20
2782,200,556400,09:23:20
2782,1100,3060200,09:23:20
2781,100,278100,09:23:20
2779,300,833700,09:23:20
2780,600,1668000,09:23:20
2781,100,278100,09:23:17
2780,800,2224000,09:23:17
2781,600,1668600,09:23:17
2782,400,1112800,09:23:17
2783,100,278300,09:23:17
2783,300,834900,09:23:17
2784,300,835200,09:23:17
2783,200,556600,09:23:15
2782,100,278200,09:23:15
2784,100,278400,09:23:13
2783,100,278300,09:23:13
2781,100,278100,09:23:12
2783,200,556600,09:23:12
2781,100,278100,09:23:12
2781,300,834300,09:23:10
2782,200,556400,09:23:10
2783,100,278300,09:23:10
2784,100,278400,09:23:09
2784,200,556800,09:23:09
2783,200,556600,09:23:09
2783,400,1113200,09:23:08
2783,100,278300,09:23:08
2783,200,556600,09:23:08
2785,800,2228000,09:23:08
2785,200,557000,09:23:08
2783,200,556600,09:23:08
2783,200,556600,09:23:07
2782,200,556400,09:23:07
2782,100,278200,09:23:05
2781,100,278100,09:23:05
2780,200,556000,09:23:05
2782,100,278200,09:23:05
2782,200,556400,09:23:05
2782,100,278200,09:23:05
2780,100,278000,09:23:05
2780,300,834000,09:23:05
2781,100,278100,09:23:04
2781,100,278100,09:23:04
2781,200,556200,09:23:04
2780,400,1112000,09:23:04
2779,100,277900,09:23:03
2778,200,555600,09:23:03
2779,100,277900,09:23:03
2779,100,277900,09:23:03
2780,3500,9730000,09:23:03
2779,100,277900,09:23:03
2780,1000,2780000,09:23:03
2779,1400,3890600,09:23:03
2778,2100,5833800,09:23:03
2777,300,833100,09:23:03
2775,100,277500,09:23:03
2775,100,277500,09:23:03
2775,100,277500,09:23:03
2777,300,833100,09:23:03
2776,600,1665600,09:23:03
2774,400,1109600,09:23:01
2775,1100,3052500,09:23:01
2774,600,1664400,09:23:01
2772,200,554400,09:23:00
2770,200,554000,09:23:00
2771,200,554200,09:22:59
2769,400,1107600,09:22:59
2770,100,277000,09:22:59
2772,300,831600,09:22:59
2771,100,277100,09:22:59
2771,100,277100,09:22:59
2771,200,554200,09:22:59
2771,100,277100,09:22:58
2769,100,276900,09:22:58
2770,200,554000,09:22:58
2771,100,277100,09:22:58
2772,100,277200,09:22:57
2770,100,277000,09:22:56
2771,100,277100,09:22:56
2771,100,277100,09:22:56
2771,600,1662600,09:22:56
2773,100,277300,09:22:55
2772,100,277200,09:22:55
2772,500,1386000,09:22:55
2773,100,277300,09:22:55
2773,100,277300,09:22:54
2773,100,277300,09:22:54
2772,100,277200,09:22:53
2772,100,277200,09:22:53
2773,100,277300,09:22:53
2771,100,277100,09:22:53
2770,300,831000,09:22:53
2771,300,831300,09:22:53
2773,200,554600,09:22:52
2772,100,277200,09:22:52
2772,200,554400,09:22:52
2772,300,831600,09:22:52
2773,1000,2773000,09:22:52
2771,100,277100,09:22:52
2770,400,1108000,09:22:52
2771,400,1108400,09:22:52
2772,200,554400,09:22:52
2772,200,554400,09:22:51
2771,100,277100,09:22:51
2769,100,276900,09:22:51
2771,100,277100,09:22:51
2771,200,554200,09:22:51
2770,300,831000,09:22:51
2769,200,553800,09:22:51
2770,200,554000,09:22:50
2772,100,277200,09:22:50
2770,100,277000,09:22:50
2770,100,277000,09:22:50
2770,100,277000,09:22:50
2771,100,277100,09:22:50
2771,400,1108400,09:22:50
2772,100,277200,09:22:49
2773,300,831900,09:22:49
2772,200,554400,09:22:48
2772,400,1108800,09:22:48
2770,100,277000,09:22:48
2770,500,1385000,09:22:48
2772,200,554400,09:22:48
2771,200,554200,09:22:48
2770,300,831000,09:22:47
2769,100,276900,09:22:47
2769,100,276900,09:22:47
2770,300,831000,09:22:47
2769,200,553800,09:22:47
2770,2400,6648000,09:22:47
2769,1200,3322800,09:22:47
2768,800,2214400,09:22:47
2767,200,553400,09:22:47
2766,100,276600,09:22:47
2766,100,276600,09:22:47
2767,500,1383500,09:22:47
2766,200,553200,09:22:47
2766,100,276600,09:22:47
2766,100,276600,09:22:46
2766,100,276600,09:22:46
2766,100,276600,09:22:46
2766,100,276600,09:22:46
2766,200,553200,09:22:46
2766,100,276600,09:22:46
2766,500,1383000,09:22:46
2764,100,276400,09:22:46
2766,100,276600,09:22:46
2765,1900,5253500,09:22:46
2764,100,276400,09:22:46
2764,200,552800,09:22:46
2763,100,276300,09:22:46
2763,100,276300,09:22:46
2763,300,828900,09:22:46
2762,100,276200,09:22:46
2762,100,276200,09:22:46
2762,100,276200,09:22:46
2762,200,552400,09:22:46
2762,100,276200,09:22:46
2761,3000,8283000,09:22:46
2760,11100,30636000,09:22:46
2760,1300,3588000,09:22:46
2759,400,1103600,09:22:46
2759,300,827700,09:22:46
2758,1200,3309600,09:22:46
2754,100,275400,09:22:46
2756,100,275600,09:22:46
2755,200,551000,09:22:45
2755,100,275500,09:22:43
2754,300,826200,09:22:43
2754,100,275400,09:22:40
2753,100,275300,09:22:39
2753,100,275300,09:22:39
2752,400,1100800,09:22:38
2752,100,275200,09:22:36
2753,800,2202400,09:22:36
2754,200,550800,09:22:36
2754,100,275400,09:22:36
2754,100,275400,09:22:36
2754,100,275400,09:22:36
2756,200,551200,09:22:34
2756,100,275600,09:22:34
2756,200,551200,09:22:33
2759,800,2207200,09:22:33
2758,1600,4412800,09:22:33
2757,400,1102800,09:22:33
2756,200,551200,09:22:33
2756,100,275600,09:22:33
2753,700,1927100,09:22:33
2753,600,1651800,09:22:33
2754,600,1652400,09:22:33
2756,500,1378000,09:22:33
2758,500,1379000,09:22:32
2756,100,275600,09:22:32
2758,100,275800,09:22:32
2757,1100,3032700,09:22:32
2757,200,551400,09:22:32
2755,100,275500,09:22:31
2756,200,551200,09:22:31
2755,700,1928500,09:22:31
2754,100,275400,09:22:28
2754,100,275400,09:22:27
2754,200,550800,09:22:26
2752,200,550400,09:22:25
2753,100,275300,09:22:25
2754,100,275400,09:22:25
2754,100,275400,09:22:25
2756,100,275600,09:22:24
2754,100,275400,09:22:23
2756,100,275600,09:22:23
2756,100,275600,09:22:23
2755,1400,3857000,09:22:23
2755,100,275500,09:22:23
2754,100,275400,09:22:22
2753,200,550600,09:22:22
2752,400,1100800,09:22:22
2752,1000,2752000,09:22:22
2750,100,275000,09:22:20
2750,200,550000,09:22:20
2750,800,2200000,09:22:20
2749,100,274900,09:22:20
2751,100,275100,09:22:18
2749,200,549800,09:22:18
2750,700,1925000,09:22:18
2752,100,275200,09:22:16
2754,400,1101600,09:22:15
2753,200,550600,09:22:15
2753,300,825900,09:22:15
2753,100,275300,09:22:13
2751,700,1925700,09:22:12
2752,700,1926400,09:22:12
2753,100,275300,09:22:07
2752,100,275200,09:22:07
2755,200,551000,09:22:07
2756,100,275600,09:22:06
2755,100,275500,09:22:06
2756,100,275600,09:22:06
2755,100,275500,09:22:06
2756,500,1378000,09:22:06
2756,100,275600,09:22:06
2755,1700,4683500,09:22:06
2754,100,275400,09:22:06
2754,100,275400,09:22:06
2754,500,1377000,09:22:05
2754,100,275400,09:22:05
2751,400,1100400,09:22:05
2750,300,825000,09:22:04
2751,600,1650600,09:22:04
2752,100,275200,09:22:04
2753,100,275300,09:22:04
2753,100,275300,09:22:04
2753,200,550600,09:22:04
2751,100,275100,09:22:04
2752,100,275200,09:22:02
2752,200,550400,09:22:02
2754,100,275400,09:22:02
2754,100,275400,09:22:01
2753,200,550600,09:22:01
2752,1000,2752000,09:22:01
2752,100,275200,09:22:01
2751,300,825300,09:21:59
2751,100,275100,09:21:59
2750,1000,2750000,09:21:59
2750,200,550000,09:21:59
2750,200,550000,09:21:59
2749,100,274900,09:21:58
2749,300,824700,09:21:57
2748,800,2198400,09:21:57
2747,200,549400,09:21:57
2746,100,274600,09:21:57
2745,500,1372500,09:21:57
2746,500,1373000,09:21:57
2747,200,549400,09:21:57
2748,100,274800,09:21:56
2748,100,274800,09:21:54
2747,100,274700,09:21:54
2748,100,274800,09:21:54
2747,100,274700,09:21:53
2749,100,274900,09:21:51
2750,100,275000,09:21:50
2750,100,275000,09:21:49
2750,100,275000,09:21:49
2750,700,1925000,09:21:49
2749,100,274900,09:21:47
2750,400,1100000,09:21:47
2750,100,275000,09:21:47
2752,100,275200,09:21:45
2751,100,275100,09:21:45
2751,100,275100,09:21:45
2751,100,275100,09:21:45
2752,300,825600,09:21:45
2751,900,2475900,09:21:45
2750,100,275000,09:21:43
2750,100,275000,09:21:42
2751,100,275100,09:21:42
2751,100,275100,09:21:42
2750,300,825000,09:21:42
2750,200,550000,09:21:42
2749,100,274900,09:21:42
2750,100,275000,09:21:42
2747,300,824100,09:21:42
2748,600,1648800,09:21:42
2750,100,275000,09:21:42
2752,100,275200,09:21:40
2752,100,275200,09:21:40
2752,100,275200,09:21:40
2754,100,275400,09:21:40
2753,600,1651800,09:21:40
2752,100,275200,09:21:40
2752,300,825600,09:21:40
2753,100,275300,09:21:40
2752,1000,2752000,09:21:40
2751,600,1650600,09:21:40
2750,100,275000,09:21:39
2750,100,275000,09:21:39
2752,500,1376000,09:21:38
2751,100,275100,09:21:37
2752,200,550400,09:21:36
2750,100,275000,09:21:35
2750,1300,3575000,09:21:35
2750,300,825000,09:21:35
2747,100,274700,09:21:35
2748,100,274800,09:21:35
2749,900,2474100,09:21:35
2748,400,1099200,09:21:35
2745,200,549000,09:21:35
2746,100,274600,09:21:35
2745,200,549000,09:21:33
2744,100,274400,09:21:33
2746,100,274600,09:21:33
2743,100,274300,09:21:32
2744,100,274400,09:21:31
2745,500,1372500,09:21:31
2745,100,274500,09:21:31
2745,100,274500,09:21:31
2746,100,274600,09:21:31
2746,100,274600,09:21:30
2747,200,549400,09:21:30
2746,300,823800,09:21:30
2747,600,1648200,09:21:30
2748,100,274800,09:21:30
2749,100,274900,09:21:30
2749,100,274900,09:21:28
2748,100,274800,09:21:28
2748,200,549600,09:21:28
2748,200,549600,09:21:28
2749,100,274900,09:21:28
2750,100,275000,09:21:27
2749,100,274900,09:21:24
2749,300,824700,09:21:24
2749,400,1099600,09:21:24
2751,400,1100400,09:21:24
2750,100,275000,09:21:24
2749,200,549800,09:21:23
2750,200,550000,09:21:23
2750,800,2200000,09:21:23
2750,100,275000,09:21:23
2751,100,275100,09:21:22
2750,100,275000,09:21:21
2751,100,275100,09:21:21
2749,100,274900,09:21:21
2750,100,275000,09:21:21
2750,300,825000,09:21:21
2750,200,550000,09:21:21
2750,200,550000,09:21:20
2750,100,275000,09:21:19
2749,100,274900,09:21:18
2750,100,275000,09:21:17
2748,300,824400,09:21:17
2750,200,550000,09:21:16
2749,400,1099600,09:21:16
2750,100,275000,09:21:16
2752,200,550400,09:21:15
2752,100,275200,09:21:15
2750,100,275000,09:21:14
2751,200,550200,09:21:14
2752,100,275200,09:21:14
2750,200,550000,09:21:13
2752,200,550400,09:21:13
2751,100,275100,09:21:13
2752,100,275200,09:21:12
2753,100,275300,09:21:12
2752,200,550400,09:21:12
2751,100,275100,09:21:12
2751,100,275100,09:21:12
2752,100,275200,09:21:11
2752,100,275200,09:21:10
2751,100,275100,09:21:10
2753,300,825900,09:21:10
2752,200,550400,09:21:10
2754,100,275400,09:21:10
2753,100,275300,09:21:10
2752,200,550400,09:21:10
2752,100,275200,09:21:10
2751,300,825300,09:21:10
2751,200,550200,09:21:10
2752,100,275200,09:21:10
2753,300,825900,09:21:10
2752,100,275200,09:21:09
2754,100,275400,09:21:09
2753,100,275300,09:21:09
2752,100,275200,09:21:09
2753,100,275300,09:21:09
2755,400,1102000,09:21:09
2754,500,1377000,09:21:09
2753,100,275300,09:21:09
2754,100,275400,09:21:09
2752,100,275200,09:21:09
2751,900,2475900,09:21:09
2752,200,550400,09:21:09
2752,100,275200,09:21:09
2752,100,275200,09:21:09
2753,500,1376500,09:21:09
2755,100,275500,09:21:08
2756,100,275600,09:21:08
2756,100,275600,09:21:08
2755,2300,6336500,09:21:08
2755,100,275500,09:21:08
2755,100,275500,09:21:08
2755,100,275500,09:21:08
2754,100,275400,09:21:08
2755,100,275500,09:21:08
2754,200,550800,09:21:08
2753,500,1376500,09:21:08
2752,300,825600,09:21:08
2752,400,1100800,09:21:08
2751,2500,6877500,09:21:08
2751,200,550200,09:21:08
2750,8200,22550000,09:21:08
2749,500,1374500,09:21:08
2749,100,274900,09:21:07
2748,100,274800,09:21:07
2747,100,274700,09:21:07
2748,100,274800,09:21:05
2748,1100,3022800,09:21:05
2747,100,274700,09:21:05
2748,100,274800,09:21:05
2747,600,1648200,09:21:05
2747,100,274700,09:21:05
2746,200,549200,09:21:05
2745,100,274500,09:21:05
2745,100,274500,09:21:05
2744,100,274400,09:21:05
2745,100,274500,09:21:05
2745,300,823500,09:21:05
2745,500,1372500,09:21:05
2745,200,549000,09:21:05
2744,100,274400,09:21:05
2744,100,274400,09:21:05
2745,300,823500,09:21:04
2743,100,274300,09:21:04
2741,100,274100,09:21:04
2742,800,2193600,09:21:04
2743,100,274300,09:21:03
2743,100,274300,09:21:03
2743,100,274300,09:21:02
2743,200,548600,09:21:01
2742,100,274200,09:21:00
2743,100,274300,09:21:00
2743,100,274300,09:20:59
2744,100,274400,09:20:59
2745,400,1098000,09:20:59
2745,200,549000,09:20:59
2743,100,274300,09:20:58
2744,200,548800,09:20:58
2744,200,548800,09:20:58
2743,100,274300,09:20:57
2742,200,548400,09:20:56
2741,400,1096400,09:20:56
2743,100,274300,09:20:54
2742,200,548400,09:20:53
2740,100,274000,09:20:53
2742,200,548400,09:20:53
2743,200,548600,09:20:53
2744,100,274400,09:20:52
2745,200,549000,09:20:51
2744,300,823200,09:20:51
2745,200,549000,09:20:51
2742,100,274200,09:20:51
2743,300,822900,09:20:51
2744,200,548800,09:20:50
2744,100,274400,09:20:50
2746,100,274600,09:20:50
2745,100,274500,09:20:50
2743,100,274300,09:20:50
2745,200,549000,09:20:49
2742,200,548400,09:20:49
2743,400,1097200,09:20:49
2744,800,2195200,09:20:48
2745,200,549000,09:20:48
2745,100,274500,09:20:47
2745,300,823500,09:20:47
2746,100,274600,09:20:47
2745,100,274500,09:20:46
2746,100,274600,09:20:46
2745,100,274500,09:20:45
2746,400,1098400,09:20:45
2746,300,823800,09:20:45
2744,100,274400,09:20:45
2744,100,274400,09:20:45
2743,500,1371500,09:20:45
2744,500,1372000,09:20:45
2745,600,1647000,09:20:45
2746,100,274600,09:20:45
2746,200,549200,09:20:44
2745,1900,5215500,09:20:44
2744,400,1097600,09:20:44
2743,1000,2743000,09:20:44
2742,100,274200,09:20:44
2740,100,274000,09:20:44
2740,100,274000,09:20:44
2741,100,274100,09:20:44
2741,100,274100,09:20:44
2743,100,274300,09:20:43
2742,100,274200,09:20:43
2742,600,1645200,09:20:43
2742,100,274200,09:20:43
2742,400,1096800,09:20:43
2744,100,274400,09:20:42
2744,100,274400,09:20:42
2743,300,822900,09:20:41
2744,100,274400,09:20:41
2742,100,274200,09:20:41
2743,100,274300,09:20:39
2742,300,822600,09:20:39
2740,100,274000,09:20:38
2741,100,274100,09:20:37
2738,400,1095200,09:20:37
2739,400,1095600,09:20:37
2740,200,548000,09:20:37
2739,300,821700,09:20:36
2739,100,273900,09:20:36
2740,600,1644000,09:20:36
2740,200,548000,09:20:36
2740,100,274000,09:20:36
2740,100,274000,09:20:35
2741,100,274100,09:20:35
2740,100,274000,09:20:35
2740,100,274000,09:20:35
2741,400,1096400,09:20:35
2740,100,274000,09:20:35
2740,200,548000,09:20:35
2739,100,273900,09:20:35
2739,100,273900,09:20:35
2739,200,547800,09:20:35
2740,100,274000,09:20:34
2741,300,822300,09:20:34
2740,200,548000,09:20:33
2739,300,821700,09:20:33
2738,100,273800,09:20:32
2738,100,273800,09:20:31
2740,200,548000,09:20:30
2739,100,273900,09:20:30
2738,100,273800,09:20:30
2738,100,273800,09:20:30
2741,100,274100,09:20:29
2739,100,273900,09:20:28
2738,100,273800,09:20:28
2739,1200,3286800,09:20:28
2739,100,273900,09:20:28
2739,100,273900,09:20:28
2739,500,1369500,09:20:28
2741,100,274100,09:20:28
2741,200,548200,09:20:28
2739,100,273900,09:20:28
2742,100,274200,09:20:28
2739,200,547800,09:20:27
2740,100,274000,09:20:27
2740,600,1644000,09:20:27
2740,100,274000,09:20:27
2741,400,1096400,09:20:26
2741,100,274100,09:20:26
2743,100,274300,09:20:26
2742,100,274200,09:20:25
2742,100,274200,09:20:25
2743,300,822900,09:20:25
2741,1200,3289200,09:20:25
2742,300,822600,09:20:25
2742,100,274200,09:20:24
2743,300,822900,09:20:24
2745,100,274500,09:20:24
2744,300,823200,09:20:24
2744,100,274400,09:20:24
2745,3400,9333000,09:20:24
2746,100,274600,09:20:24
2746,100,274600,09:20:23
2747,100,274700,09:20:23
2747,100,274700,09:20:23
2747,800,2197600,09:20:23
2747,200,549400,09:20:23
2748,100,274800,09:20:23
2746,200,549200,09:20:23
2747,300,824100,09:20:23
2748,400,1099200,09:20:22
2749,100,274900,09:20:22
2750,800,2200000,09:20:22
2749,100,274900,09:20:22
2748,100,274800,09:20:22
2749,100,274900,09:20:22
2749,1200,3298800,09:20:22
2748,100,274800,09:20:21
2747,100,274700,09:20:21
2748,300,824400,09:20:21
2747,100,274700,09:20:21
2748,100,274800,09:20:21
2748,600,1648800,09:20:21
2747,200,549400,09:20:21
2747,100,274700,09:20:20
2746,700,1922200,09:20:19
2746,100,274600,09:20:19
2745,100,274500,09:20:18
2747,100,274700,09:20:18
2746,400,1098400,09:20:17
2745,200,549000,09:20:17
2744,100,274400,09:20:17
2744,100,274400,09:20:17
2744,100,274400,09:20:17
2745,100,274500,09:20:17
2745,300,823500,09:20:17
2744,900,2469600,09:20:17
2744,100,274400,09:20:17
2743,100,274300,09:20:16
2743,100,274300,09:20:16
2744,100,274400,09:20:16
2745,300,823500,09:20:16
2744,100,274400,09:20:16
2744,100,274400,09:20:16
2747,100,274700,09:20:16
2746,600,1647600,09:20:16
2744,400,1097600,09:20:16
2743,100,274300,09:20:16
2743,100,274300,09:20:16
2743,100,274300,09:20:16
2744,600,1646400,09:20:16
2745,100,274500,09:20:16
2745,100,274500,09:20:16
2747,300,824100,09:20:16
2746,400,1098400,09:20:16
2745,100,274500,09:20:15
2745,200,549000,09:20:15
2745,100,274500,09:20:15
2745,100,274500,09:20:15
2744,100,274400,09:20:15
2745,100,274500,09:20:15
2744,100,274400,09:20:15
2744,100,274400,09:20:15
2744,300,823200,09:20:15
2743,100,274300,09:20:15
2743,200,548600,09:20:15
2743,400,1097200,09:20:15
2744,100,274400,09:20:15
2744,100,274400,09:20:15
2744,400,1097600,09:20:15
2746,200,549200,09:20:15
2745,100,274500,09:20:15
2746,100,274600,09:20:15
2744,100,274400,09:20:15
2745,2100,5764500,09:20:15
2745,700,1921500,09:20:15
2745,100,274500,09:20:15
2744,600,1646400,09:20:15
2742,100,274200,09:20:15
2743,200,548600,09:20:15
2742,100,274200,09:20:15
2742,100,274200,09:20:15
2743,400,1097200,09:20:15
2743,300,822900,09:20:15
2741,100,274100,09:20:14
2742,200,548400,09:20:14
2740,100,274000,09:20:14
2741,100,274100,09:20:14
2741,500,1370500,09:20:14
2740,1500,4110000,09:20:14
2740,200,548000,09:20:14
2740,100,274000,09:20:14
2739,200,547800,09:20:13
2739,100,273900,09:20:13
2738,100,273800,09:20:13
2739,100,273900,09:20:12
2739,100,273900,09:20:12
2739,100,273900,09:20:12
2739,200,547800,09:20:11
2738,100,273800,09:20:10
2737,1000,2737000,09:20:10
2734,100,273400,09:20:10
2734,100,273400,09:20:09
2734,100,273400,09:20:09
2736,100,273600,09:20:09
2736,100,273600,09:20:09
2735,2000,5470000,09:20:09
2734,100,273400,09:20:09
2733,200,546600,09:20:09
2733,500,1366500,09:20:09
2732,600,1639200,09:20:08
2731,2100,5735100,09:20:08
2730,100,273000,09:20:08
2729,400,1091600,09:20:08
2727,100,272700,09:20:08
2727,200,545400,09:20:06
2729,100,272900,09:20:06
2729,100,272900,09:20:06
2727,100,272700,09:20:06
2728,100,272800,09:20:06
2728,400,1091200,09:20:06
2729,100,272900,09:20:06
2730,300,819000,09:20:06
2730,600,1638000,09:20:06
2730,300,819000,09:20:05
2731,100,273100,09:20:05
2731,100,273100,09:20:05
2732,100,273200,09:20:05
2733,100,273300,09:20:05
2731,100,273100,09:20:04
2733,100,273300,09:20:03
2731,100,273100,09:20:03
2732,100,273200,09:20:03
2731,200,546200,09:20:03
2731,100,273100,09:20:01
2731,100,273100,09:20:01
2731,100,273100,09:20:01
2732,400,1092800,09:20:00
2731,100,273100,09:20:00
2731,100,273100,09:20:00
2731,200,546200,09:20:00
2732,100,273200,09:20:00
2733,500,1366500,09:20:00
2732,600,1639200,09:20:00
2731,100,273100,09:20:00
2731,500,1365500,09:20:00
2731,300,819300,09:20:00
2730,200,546000,09:20:00
2730,100,273000,09:19:58
2729,100,272900,09:19:58
2731,100,273100,09:19:58
2730,300,819000,09:19:58
2730,200,546000,09:19:57
2730,100,273000,09:19:57
2732,100,273200,09:19:56
2732,400,1092800,09:19:56
2730,100,273000,09:19:56
2732,300,819600,09:19:55
2731,200,546200,09:19:55
2731,100,273100,09:19:54
2731,100,273100,09:19:54
2731,100,273100,09:19:53
2730,100,273000,09:19:53
2730,400,1092000,09:19:52
2731,100,273100,09:19:52
2730,100,273000,09:19:52
2731,100,273100,09:19:52
2732,200,546400,09:19:51
2732,400,1092800,09:19:51
2731,500,1365500,09:19:50
2732,100,273200,09:19:50
2734,500,1367000,09:19:49
2733,300,819900,09:19:49
2731,400,1092400,09:19:49
2732,200,546400,09:19:49
2732,100,273200,09:19:48
2732,100,273200,09:19:47
2731,100,273100,09:19:47
2732,100,273200,09:19:47
2731,100,273100,09:19:46
2731,100,273100,09:19:46
2732,100,273200,09:19:45
2731,100,273100,09:19:45
2731,100,273100,09:19:45
2732,100,273200,09:19:45
2732,300,819600,09:19:45
2731,100,273100,09:19:44
2731,100,273100,09:19:44
2731,200,546200,09:19:44
2733,100,273300,09:19:43
2732,100,273200,09:19:43
2733,100,273300,09:19:43
2734,100,273400,09:19:42
2732,100,273200,09:19:42
2732,100,273200,09:19:42
2732,100,273200,09:19:42
2732,100,273200,09:19:42
2733,100,273300,09:19:41
2730,400,1092000,09:19:41
2731,400,1092400,09:19:41
2732,200,546400,09:19:41
2731,100,273100,09:19:40
2732,100,273200,09:19:40
2732,100,273200,09:19:39
2733,100,273300,09:19:39
2735,300,820500,09:19:39
2734,600,1640400,09:19:39
2731,100,273100,09:19:38
2732,100,273200,09:19:36
2732,100,273200,09:19:36
2732,100,273200,09:19:36
2732,800,2185600,09:19:36
2732,100,273200,09:19:36
2733,400,1093200,09:19:36
2733,200,546600,09:19:36
2733,100,273300,09:19:36
2732,500,1366000,09:19:36
2730,100,273000,09:19:36
2731,1000,2731000,09:19:36
2730,3500,9555000,09:19:36
2729,600,1637400,09:19:36
2727,100,272700,09:19:36
2729,100,272900,09:19:35
2727,100,272700,09:19:34
2727,100,272700,09:19:34
2728,100,272800,09:19:32
2727,300,818100,09:19:32
2727,100,272700,09:19:32
2727,200,545400,09:19:31
2725,100,272500,09:19:31
2727,100,272700,09:19:31
2727,100,272700,09:19:31
2727,200,545400,09:19:31
2728,100,272800,09:19:31
2728,500,1364000,09:19:31
2727,700,1908900,09:19:31
2727,2800,7635600,09:19:31
2727,100,272700,09:19:31
2726,1000,2726000,09:19:31
2725,400,1090000,09:19:31
2723,100,272300,09:19:31
2725,200,545000,09:19:30
2725,300,817500,09:19:30
2724,100,272400,09:19:29
2724,100,272400,09:19:29
2725,100,272500,09:19:26
2725,100,272500,09:19:26
2725,200,545000,09:19:26
2724,100,272400,09:19:26
2723,600,1633800,09:19:26
2722,700,1905400,09:19:26
2721,500,1360500,09:19:26
2719,300,815700,09:19:25
2720,100,272000,09:19:25
2720,100,272000,09:19:23
2720,200,544000,09:19:22
2722,100,272200,09:19:20
2721,300,816300,09:19:20
2721,500,1360500,09:19:20
2722,100,272200,09:19:19
2722,100,272200,09:19:19
2722,300,816600,09:19:18
2723,100,272300,09:19:18
2723,300,816900,09:19:18
2724,100,272400,09:19:17
2724,100,272400,09:19:17
2725,100,272500,09:19:17
2725,100,272500,09:19:17
2725,100,272500,09:19:17
2725,100,272500,09:19:17
2724,100,272400,09:19:17
2723,300,816900,09:19:17
2723,100,272300,09:19:17
2724,100,272400,09:19:17
2725,1900,5177500,09:19:17
2725,100,272500,09:19:17
2724,300,817200,09:19:17
2725,800,2180000,09:19:17
2725,700,1907500,09:19:17
2725,500,1362500,09:19:17
2724,400,1089600,09:19:17
2723,400,1089200,09:19:17
2722,100,272200,09:19:16
2721,1300,3537300,09:19:16
2720,600,1632000,09:19:16
2719,200,543800,09:19:16
2718,100,271800,09:19:14
2717,500,1358500,09:19:12
2718,300,815400,09:19:12
2718,1300,3533400,09:19:12
2718,100,271800,09:19:12
2718,200,543600,09:19:12
2719,100,271900,09:19:10
2719,300,815700,09:19:10
2719,300,815700,09:19:10
2719,100,271900,09:19:10
2719,300,815700,09:19:10
2719,100,271900,09:19:09
2720,500,1360000,09:19:07
2721,100,272100,09:19:07
2721,100,272100,09:19:07
2721,200,544200,09:19:07
2721,100,272100,09:19:05
2721,100,272100,09:19:04
2719,100,271900,09:19:03
2718,100,271800,09:19:03
2719,100,271900,09:19:03
2720,100,272000,09:19:02
2718,100,271800,09:19:00
2719,500,1359500,09:19:00
2720,100,272000,09:19:00
2720,400,1088000,09:19:00
2719,200,543800,09:19:00
2718,400,1087200,09:19:00
2718,100,271800,09:19:00
2717,900,2445300,09:19:00
2717,100,271700,09:19:00
2717,100,271700,09:18:59
2716,200,543200,09:18:59
2715,100,271500,09:18:58
2716,100,271600,09:18:56
2715,300,814500,09:18:56
2715,200,543000,09:18:56
2715,100,271500,09:18:56
2715,800,2172000,09:18:56
2714,200,542800,09:18:56
2713,500,1356500,09:18:55
2715,200,543000,09:18:54
2716,100,271600,09:18:53
2715,100,271500,09:18:53
2713,100,271300,09:18:52
2713,100,271300,09:18:52
2714,700,1899800,09:18:52
2716,100,271600,09:18:51
2715,600,1629000,09:18:50
2716,200,543200,09:18:49
2717,100,271700,09:18:49
2716,500,1358000,09:18:49
2718,100,271800,09:18:48
2717,100,271700,09:18:48
2718,400,1087200,09:18:47
2717,200,543400,09:18:47
2718,100,271800,09:18:46
2717,100,271700,09:18:45
2717,300,815100,09:18:45
2718,100,271800,09:18:45
2719,200,543800,09:18:43
2719,100,271900,09:18:43
2718,100,271800,09:18:43
2717,400,1086800,09:18:42
2718,100,271800,09:18:42
2718,400,1087200,09:18:42
2720,200,544000,09:18:41
2719,200,543800,09:18:41
2719,200,543800,09:18:41
2720,600,1632000,09:18:41
2720,100,272000,09:18:41
2721,1300,3537300,09:18:41
2722,400,1088800,09:18:41
2724,100,272400,09:18:40
2723,100,272300,09:18:40
2723,100,272300,09:18:40
2724,100,272400,09:18:39
2722,200,544400,09:18:38
2723,300,816900,09:18:38
2724,100,272400,09:18:38
2724,100,272400,09:18:37
2724,200,544800,09:18:37
2724,400,1089600,09:18:37
2725,400,1090000,09:18:37
2726,100,272600,09:18:35
2727,100,272700,09:18:35
2727,100,272700,09:18:35
2726,100,272600,09:18:35
2726,100,272600,09:18:35
2726,200,545200,09:18:35
2726,100,272600,09:18:35
2725,100,272500,09:18:35
2724,700,1906800,09:18:35
2724,100,272400,09:18:34
2723,500,1361500,09:18:34
2723,100,272300,09:18:34
2723,200,544600,09:18:34
2723,200,544600,09:18:34
2722,500,1361000,09:18:33
2720,600,1632000,09:18:33
2719,100,271900,09:18:33
2717,100,271700,09:18:33
2719,100,271900,09:18:32
2719,100,271900,09:18:31
2719,200,543800,09:18:29
2721,100,272100,09:18:29
2720,100,272000,09:18:29
2718,200,543600,09:18:29
2720,500,1360000,09:18:28
2720,100,272000,09:18:28
2718,100,271800,09:18:27
2719,600,1631400,09:18:27
2720,300,816000,09:18:27
2721,200,544200,09:18:27
2721,100,272100,09:18:26
2722,100,272200,09:18:26
2721,100,272100,09:18:25
2721,100,272100,09:18:25
2721,100,272100,09:18:25
2720,100,272000,09:18:25
2721,100,272100,09:18:23
2722,100,272200,09:18:23
2722,100,272200,09:18:22
2721,300,816300,09:18:22
2722,100,272200,09:18:22
2721,300,816300,09:18:22
2721,100,272100,09:18:21
2721,400,1088400,09:18:20
2722,100,272200,09:18:20
2723,100,272300,09:18:19
2723,200,544600,09:18:19
2723,100,272300,09:18:19
2722,100,272200,09:18:19
2723,100,272300,09:18:19
2723,100,272300,09:18:19
2722,300,816600,09:18:18
2721,300,816300,09:18:18
2721,400,1088400,09:18:18
2721,400,1088400,09:18:18
2721,200,544200,09:18:18
2721,100,272100,09:18:17
2721,500,1360500,09:18:17
2720,100,272000,09:18:17
2721,100,272100,09:18:17
2720,800,2176000,09:18:17
2720,200,544000,09:18:17
2720,900,2448000,09:18:17
2719,300,815700,09:18:16
2719,600,1631400,09:18:16
2718,100,271800,09:18:16
2718,800,2174400,09:18:16
2718,200,543600,09:18:16
2718,700,1902600,09:18:16
2718,100,271800,09:18:15
2717,900,2445300,09:18:15
2717,100,271700,09:18:15
2716,1100,2987600,09:18:15
2715,100,271500,09:18:12
2715,200,543000,09:18:12
2715,1000,2715000,09:18:12
2714,100,271400,09:18:12
2713,100,271300,09:18:11
2714,200,542800,09:18:11
2714,200,542800,09:18:10
2712,100,271200,09:18:07
2713,200,542600,09:18:07
2713,100,271300,09:18:06
2713,100,271300,09:18:06
2713,100,271300,09:18:04
2715,300,814500,09:18:03
2714,600,1628400,09:18:03
2713,200,542600,09:18:03
2713,100,271300,09:18:00
2712,100,271200,09:18:00
2712,100,271200,09:18:00
2712,300,813600,09:17:59
2714,200,542800,09:17:58
2713,100,271300,09:17:58
2713,100,271300,09:17:58
2711,200,542200,09:17:57
2713,300,813900,09:17:57
2711,200,542200,09:17:56
2712,200,542400,09:17:56
2712,300,813600,09:17:55
2714,200,542800,09:17:55
2712,100,271200,09:17:54
2712,100,271200,09:17:54
2713,900,2441700,09:17:54
2714,300,814200,09:17:54
2714,800,2171200,09:17:54
2715,100,271500,09:17:53
2715,100,271500,09:17:53
2715,100,271500,09:17:53
2715,400,1086000,09:17:53
2716,100,271600,09:17:53
2716,100,271600,09:17:53
2716,100,271600,09:17:53
2717,100,271700,09:17:53
2717,100,271700,09:17:52
2715,300,814500,09:17:51
2716,1300,3530800,09:17:51
2717,100,271700,09:17:50
2717,100,271700,09:17:50
2717,200,543400,09:17:50
2716,100,271600,09:17:50
2716,200,543200,09:17:49
2714,100,271400,09:17:49
2716,200,543200,09:17:48
2715,100,271500,09:17:48
2716,100,271600,09:17:48
2715,100,271500,09:17:48
2715,500,1357500,09:17:48
2716,200,543200,09:17:46
2715,100,271500,09:17:46
2715,100,271500,09:17:45
2716,100,271600,09:17:44
2716,100,271600,09:17:43
2717,100,271700,09:17:43
2715,400,1086000,09:17:43
2715,100,271500,09:17:43
2715,2100,5701500,09:17:43
2716,1100,2987600,09:17:43
2718,200,543600,09:17:42
2718,200,543600,09:17:41
2717,200,543400,09:17:41
2718,100,271800,09:17:41
2717,100,271700,09:17:40
2718,100,271800,09:17:40
2718,400,1087200,09:17:40
2716,100,271600,09:17:40
2718,200,543600,09:17:40
2716,600,1629600,09:17:40
2717,100,271700,09:17:40
2718,200,543600,09:17:40
2717,100,271700,09:17:40
2718,200,543600,09:17:40
2718,100,271800,09:17:39
2720,100,272000,09:17:39
2719,100,271900,09:17:39
2719,100,271900,09:17:39
2718,100,271800,09:17:38
2717,100,271700,09:17:36
2718,100,271800,09:17:35
2718,100,271800,09:17:35
2719,100,271900,09:17:35
2719,100,271900,09:17:33
2719,100,271900,09:17:33
2720,800,2176000,09:17:32
2719,1100,2990900,09:17:32
2718,100,271800,09:17:32
2719,100,271900,09:17:32
2718,100,271800,09:17:30
2717,600,1630200,09:17:30
2719,100,271900,09:17:29
2718,100,271800,09:17:29
2716,100,271600,09:17:28
2718,100,271800,09:17:27
2718,200,543600,09:17:27
2716,300,814800,09:17:26
2717,300,815100,09:17:26
2719,200,543800,09:17:26
2718,100,271800,09:17:25
2719,100,271900,09:17:25
2719,400,1087600,09:17:25
2719,100,271900,09:17:24
2719,100,271900,09:17:24
2718,100,271800,09:17:23
2719,100,271900,09:17:22
2721,100,272100,09:17:22
2720,1400,3808000,09:17:22
2719,300,815700,09:17:22
2719,100,271900,09:17:22
2719,200,543800,09:17:21
2718,200,543600,09:17:21
2718,100,271800,09:17:21
2718,100,271800,09:17:21
2718,100,271800,09:17:20
2719,100,271900,09:17:20
2718,200,543600,09:17:20
2717,300,815100,09:17:20
2717,100,271700,09:17:19
2719,100,271900,09:17:19
2718,100,271800,09:17:19
2719,100,271900,09:17:18
2718,100,271800,09:17:18
2718,100,271800,09:17:18
2719,100,271900,09:17:17
2719,100,271900,09:17:17
2719,300,815700,09:17:16
2719,100,271900,09:17:16
2719,100,271900,09:17:15
2719,100,271900,09:17:15
2719,200,543800,09:17:14
2719,200,543800,09:17:13
2717,100,271700,09:17:13
2719,100,271900,09:17:13
2718,100,271800,09:17:13
2720,100,272000,09:17:13
2720,200,544000,09:17:13
2719,100,271900,09:17:13
2719,200,543800,09:17:12
2719,300,815700,09:17:12
2718,200,543600,09:17:12
2719,200,543800,09:17:12
2719,200,543800,09:17:12
2719,100,271900,09:17:12
2722,100,272200,09:17:12
2720,2100,5712000,09:17:12
2721,400,1088400,09:17:12
2723,100,272300,09:17:12
2723,200,544600,09:17:12
2724,100,272400,09:17:12
2723,100,272300,09:17:12
2723,100,272300,09:17:12
2723,100,272300,09:17:12
2720,100,272000,09:17:12
2722,100,272200,09:17:12
2722,100,272200,09:17:12
2721,300,816300,09:17:12
2723,500,1361500,09:17:11
2723,100,272300,09:17:11
2722,100,272200,09:17:11
2722,100,272200,09:17:10
2721,100,272100,09:17:10
2722,200,544400,09:17:10
2721,100,272100,09:17:10
2723,100,272300,09:17:10
2721,100,272100,09:17:10
2722,100,272200,09:17:10
2722,100,272200,09:17:09
2722,100,272200,09:17:09
2720,200,544000,09:17:09
2721,100,272100,09:17:09
2720,500,1360000,09:17:09
2721,100,272100,09:17:09
2722,200,544400,09:17:09
2723,200,544600,09:17:09
2722,100,272200,09:17:09
2722,100,272200,09:17:08
2720,100,272000,09:17:08
2723,100,272300,09:17:08
2721,100,272100,09:17:08
2721,100,272100,09:17:08
2721,300,816300,09:17:08
2720,400,1088000,09:17:08
2719,100,271900,09:17:07
2719,100,271900,09:17:07
2719,100,271900,09:17:07
2719,300,815700,09:17:07
2718,100,271800,09:17:07
2717,100,271700,09:17:06
2716,700,1901200,09:17:06
2716,100,271600,09:17:06
2715,1100,2986500,09:17:06
2715,100,271500,09:17:06
2715,200,543000,09:17:06
2715,200,543000,09:17:06
2715,200,543000,09:17:06
2714,100,271400,09:17:06
2714,200,542800,09:17:05
2714,100,271400,09:17:04
2713,100,271300,09:17:04
2713,100,271300,09:17:03
2713,100,271300,09:17:03
2713,200,542600,09:17:03
2713,200,542600,09:17:03
2713,100,271300,09:17:03
2713,100,271300,09:17:02
2710,200,542000,09:17:01
2711,300,813300,09:17:01
2712,700,1898400,09:17:01
2711,100,271100,09:17:01
2710,300,813000,09:17:00
2711,100,271100,09:17:00
2711,100,271100,09:17:00
2711,100,271100,09:17:00
2711,500,1355500,09:17:00
2709,700,1896300,09:17:00
2710,500,1355000,09:17:00
2712,200,542400,09:16:59
2710,200,542000,09:16:59
2711,100,271100,09:16:59
2712,200,542400,09:16:59
2712,100,271200,09:16:59
2711,100,271100,09:16:59
2712,200,542400,09:16:59
2711,700,1897700,09:16:59
2710,300,813000,09:16:59
2709,200,541800,09:16:58
2709,300,812700,09:16:58
2709,100,270900,09:16:58
2709,200,541800,09:16:58
2708,200,541600,09:16:57
2708,100,270800,09:16:57
2708,200,541600,09:16:57
2708,500,1354000,09:16:57
2708,100,270800,09:16:57
2707,100,270700,09:16:57
2707,100,270700,09:16:57
2707,100,270700,09:16:56
2707,200,541400,09:16:56
2707,100,270700,09:16:55
2707,100,270700,09:16:55
2708,100,270800,09:16:55
2707,1200,3248400,09:16:55
2705,100,270500,09:16:55
2705,100,270500,09:16:54
2706,100,270600,09:16:54
2706,100,270600,09:16:54
2705,300,811500,09:16:54
2705,100,270500,09:16:52
2704,100,270400,09:16:52
2704,600,1622400,09:16:52
2705,100,270500,09:16:52
2705,100,270500,09:16:52
2707,900,2436300,09:16:51
2706,1100,2976600,09:16:51
2705,100,270500,09:16:51
2704,100,270400,09:16:50
2705,100,270500,09:16:50
2705,400,1082000,09:16:50
2704,100,270400,09:16:50
2702,200,540400,09:16:50
2704,100,270400,09:16:50
2702,100,270200,09:16:50
2704,700,1892800,09:16:50
2703,100,270300,09:16:50
2701,100,270100,09:16:49
2702,100,270200,09:16:49
2704,400,1081600,09:16:49
2704,100,270400,09:16:49
2703,400,1081200,09:16:49
2702,100,270200,09:16:48
2701,100,270100,09:16:48
2701,100,270100,09:16:47
2701,100,270100,09:16:47
2700,200,540000,09:16:46
2702,300,810600,09:16:45
2701,100,270100,09:16:45
2702,400,1080800,09:16:45
2701,100,270100,09:16:45
2701,100,270100,09:16:44
2701,100,270100,09:16:43
2699,100,269900,09:16:42
2699,800,2159200,09:16:42
2698,400,1079200,09:16:42
2698,300,809400,09:16:42
2697,100,269700,09:16:42
2697,100,269700,09:16:41
2696,100,269600,09:16:41
2696,100,269600,09:16:41
2697,100,269700,09:16:40
2697,100,269700,09:16:40
2697,100,269700,09:16:40
2697,300,809100,09:16:40
2699,100,269900,09:16:40
2698,800,2158400,09:16:39
2699,800,2159200,09:16:39
2700,100,270000,09:16:39
2700,100,270000,09:16:39
2702,100,270200,09:16:39
2701,100,270100,09:16:39
2699,200,539800,09:16:39
2701,100,270100,09:16:39
2701,100,270100,09:16:39
2702,900,2431800,09:16:39
2700,100,270000,09:16:39
2700,100,270000,09:16:39
2700,100,270000,09:16:39
2698,100,269800,09:16:39
2700,100,270000,09:16:39
2700,300,810000,09:16:39
2701,400,1080400,09:16:39
2702,100,270200,09:16:39
2700,100,270000,09:16:39
2701,500,1350500,09:16:39
2701,600,1620600,09:16:39
2700,2700,7290000,09:16:39
2701,200,540200,09:16:39
2700,12600,34020000,09:16:39
2700,300,810000,09:16:39
2700,1400,3780000,09:16:39
2700,100,270000,09:16:39
2700,100,270000,09:16:39
2700,100,270000,09:16:39
2700,100,270000,09:16:39
2700,100,270000,09:16:39
2700,700,1890000,09:16:39
2700,300,810000,09:16:39
2700,100,270000,09:16:39
2700,100,270000,09:16:39
2700,100,270000,09:16:39
2700,100,270000,09:16:39
2699,100,269900,09:16:39
2698,100,269800,09:16:39
2695,100,269500,09:16:39
2696,1200,3235200,09:16:39
2700,4200,11340000,09:16:39
2699,2000,5398000,09:16:39
2698,2200,5935600,09:16:39
2697,500,1348500,09:16:39
2696,200,539200,09:16:39
2696,400,1078400,09:16:39
2699,100,269900,09:16:36
2696,100,269600,09:16:36
2697,100,269700,09:16:36
2698,200,539600,09:16:36
2697,500,1348500,09:16:36
2698,200,539600,09:16:36
2699,200,539800,09:16:36
2700,1700,4590000,09:16:35
2699,100,269900,09:16:35
2699,300,809700,09:16:34
2699,100,269900,09:16:33
2697,200,539400,09:16:33
2699,200,539800,09:16:32
2698,100,269800,09:16:32
2700,500,1350000,09:16:32
2699,1200,3238800,09:16:32
2698,300,809400,09:16:32
2697,100,269700,09:16:32
2696,100,269600,09:16:32
2697,200,539400,09:16:32
2694,500,1347000,09:16:31
2695,100,269500,09:16:31
2694,100,269400,09:16:30
2695,2400,6468000,09:16:30
2696,300,808800,09:16:30
2697,100,269700,09:16:30
2696,600,1617600,09:16:30
2697,200,539400,09:16:30
2699,100,269900,09:16:29
2698,300,809400,09:16:29
2698,200,539600,09:16:29
2697,100,269700,09:16:28
2696,100,269600,09:16:28
2696,600,1617600,09:16:28
2697,400,1078800,09:16:28
2698,200,539600,09:16:27
2698,200,539600,09:16:27
2700,100,270000,09:16:27
2699,300,809700,09:16:27
2698,100,269800,09:16:27
2697,200,539400,09:16:25
2698,300,809400,09:16:24
2698,100,269800,09:16:23
2698,100,269800,09:16:23
2697,100,269700,09:16:23
2695,100,269500,09:16:23
2697,100,269700,09:16:22
2697,400,1078800,09:16:22
2696,200,539200,09:16:22
2698,1000,2698000,09:16:21
2698,100,269800,09:16:21
2698,200,539600,09:16:21
2698,100,269800,09:16:21
2698,100,269800,09:16:20
2697,100,269700,09:16:20
2697,100,269700,09:16:20
2697,100,269700,09:16:20
2698,100,269800,09:16:19
2700,500,1350000,09:16:19
2699,300,809700,09:16:19
2698,500,1349000,09:16:19
2697,300,809100,09:16:19
2697,500,1348500,09:16:19
2697,500,1348500,09:16:19
2696,100,269600,09:16:18
2696,400,1078400,09:16:17
2694,200,538800,09:16:17
2695,100,269500,09:16:17
2696,100,269600,09:16:16
2695,1200,3234000,09:16:15
2695,300,808500,09:16:15
2695,400,1078000,09:16:15
2695,100,269500,09:16:15
2695,100,269500,09:16:14
2695,100,269500,09:16:14
2695,200,539000,09:16:14
2695,300,808500,09:16:14
2695,800,2156000,09:16:14
2694,200,538800,09:16:14
2694,200,538800,09:16:13
2693,100,269300,09:16:13
2693,100,269300,09:16:12
2693,100,269300,09:16:12
2694,100,269400,09:16:12
2693,400,1077200,09:16:12
2693,100,269300,09:16:11
2695,200,539000,09:16:10
2694,100,269400,09:16:10
2695,100,269500,09:16:09
2695,100,269500,09:16:09
2695,100,269500,09:16:07
2695,100,269500,09:16:07
2694,100,269400,09:16:07
2694,200,538800,09:16:07
2692,100,269200,09:16:06
2693,200,538600,09:16:05
2693,100,269300,09:16:05
2693,100,269300,09:16:04
2691,200,538200,09:16:03
2691,500,1345500,09:16:02
2693,100,269300,09:16:00
2693,100,269300,09:16:00
2693,300,807900,09:16:00
2692,100,269200,09:16:00
2692,100,269200,09:15:59
2694,100,269400,09:15:59
2692,100,269200,09:15:58
2692,100,269200,09:15:58
2694,200,538800,09:15:58
2693,200,538600,09:15:58
2692,100,269200,09:15:58
2692,100,269200,09:15:58
2691,400,1076400,09:15:58
2693,400,1077200,09:15:58
2690,100,269000,09:15:58
2691,3100,8342100,09:15:58
2691,100,269100,09:15:58
2692,100,269200,09:15:57
2692,100,269200,09:15:57
2692,200,538400,09:15:57
2692,1000,2692000,09:15:57
2692,300,807600,09:15:56
2693,200,538600,09:15:56
2693,200,538600,09:15:56
2694,100,269400,09:15:56
2693,100,269300,09:15:56
2694,500,1347000,09:15:55
2695,1100,2964500,09:15:55
2695,100,269500,09:15:55
2696,100,269600,09:15:55
2695,100,269500,09:15:54
2695,100,269500,09:15:54
2695,100,269500,09:15:54
2695,100,269500,09:15:54
2695,100,269500,09:15:54
2696,100,269600,09:15:54
2698,200,539600,09:15:54
2696,1300,3504800,09:15:53
2696,200,539200,09:15:53
2695,200,539000,09:15:52
2696,100,269600,09:15:52
2696,100,269600,09:15:52
2696,100,269600,09:15:51
2694,200,538800,09:15:51
2697,400,1078800,09:15:51
2696,500,1348000,09:15:51
2695,100,269500,09:15:51
2694,100,269400,09:15:50
2694,100,269400,09:15:50
2695,1500,4042500,09:15:50
2696,900,2426400,09:15:50
2697,500,1348500,09:15:50
2698,100,269800,09:15:50
2697,100,269700,09:15:50
2700,100,270000,09:15:50
2698,1200,3237600,09:15:50
2698,500,1349000,09:15:50
2699,500,1349500,09:15:50
2701,200,540200,09:15:49
2700,200,540000,09:15:49
2700,100,270000,09:15:49
2700,500,1350000,09:15:48
2698,100,269800,09:15:47
2699,100,269900,09:15:46
2699,100,269900,09:15:46
2700,200,540000,09:15:45
2699,100,269900,09:15:45
2700,100,270000,09:15:44
2699,300,809700,09:15:44
2700,100,270000,09:15:44
2700,200,540000,09:15:44
2700,100,270000,09:15:43
2696,300,808800,09:15:43
2696,100,269600,09:15:43
2697,400,1078800,09:15:43
2697,100,269700,09:15:42
2695,100,269500,09:15:42
2697,500,1348500,09:15:42
2696,200,539200,09:15:42
2694,100,269400,09:15:41
2695,100,269500,09:15:41
2695,1500,4042500,09:15:41
2696,300,808800,09:15:41
2697,1600,4315200,09:15:41
2698,1000,2698000,09:15:41
2699,400,1079600,09:15:41
2699,100,269900,09:15:41
2700,100,270000,09:15:41
2700,100,270000,09:15:41
2698,300,809400,09:15:41
2699,100,269900,09:15:41
2700,100,270000,09:15:41
2700,100,270000,09:15:41
2699,100,269900,09:15:41
2698,100,269800,09:15:41
2699,1500,4048500,09:15:41
2701,100,270100,09:15:40
2699,100,269900,09:15:40
2699,100,269900,09:15:40
2700,100,270000,09:15:40
2700,1000,2700000,09:15:40
2700,100,270000,09:15:40
2701,1000,2701000,09:15:40
2702,300,810600,09:15:40
2702,200,540400,09:15:39
2702,100,270200,09:15:37
2703,100,270300,09:15:36
2705,100,270500,09:15:35
2703,100,270300,09:15:34
2704,100,270400,09:15:34
2704,300,811200,09:15:34
2703,300,810900,09:15:34
2703,100,270300,09:15:34
2703,100,270300,09:15:33
2702,100,270200,09:15:33
2702,100,270200,09:15:33
2703,100,270300,09:15:33
2704,200,540800,09:15:33
2703,100,270300,09:15:33
2703,100,270300,09:15:31
2707,100,270700,09:15:30
2706,900,2435400,09:15:30
2707,100,270700,09:15:30
2706,100,270600,09:15:30
2705,1100,2975500,09:15:30
2704,2500,6760000,09:15:30
2703,1700,4595100,09:15:30
2702,700,1891400,09:15:30
2700,900,2430000,09:15:30
2700,100,270000,09:15:30
2702,300,810600,09:15:28
2702,100,270200,09:15:28
2701,100,270100,09:15:28
2701,200,540200,09:15:28
2703,600,1621800,09:15:27
2702,200,540400,09:15:27
2702,500,1351000,09:15:27
2702,400,1080800,09:15:26
2701,300,810300,09:15:26
2700,100,270000,09:15:26
2701,100,270100,09:15:26
2701,100,270100,09:15:26
2701,200,540200,09:15:26
2701,100,270100,09:15:26
2701,100,270100,09:15:26
2701,100,270100,09:15:26
2701,200,540200,09:15:26
2700,300,810000,09:15:26
2700,4800,12960000,09:15:26
2700,100,270000,09:15:26
2700,100,270000,09:15:26
2701,1300,3511300,09:15:26
2701,100,270100,09:15:26
2702,1700,4593400,09:15:26
2703,800,2162400,09:15:26
2704,500,1352000,09:15:26
2705,1000,2705000,09:15:26
2707,700,1894900,09:15:26
2706,200,541200,09:15:26
2705,100,270500,09:15:25
2704,200,540800,09:15:25
2705,200,541000,09:15:25
2706,100,270600,09:15:24
2706,200,541200,09:15:24
2705,100,270500,09:15:24
2704,100,270400,09:15:24
2705,200,541000,09:15:23
2704,100,270400,09:15:23
2704,100,270400,09:15:22
2704,100,270400,09:15:21
2705,100,270500,09:15:20
2707,400,1082800,09:15:20
2706,200,541200,09:15:20
2704,100,270400,09:15:19
2706,100,270600,09:15:18
2704,100,270400,09:15:18
2706,100,270600,09:15:18
2706,800,2164800,09:15:18
2705,100,270500,09:15:18
2705,100,270500,09:15:17
2704,200,540800,09:15:17
2703,100,270300,09:15:16
2704,600,1622400,09:15:16
2705,600,1623000,09:15:16
2706,700,1894200,09:15:16
2707,300,812100,09:15:16
2707,100,270700,09:15:15
2707,100,270700,09:15:14
2706,200,541200,09:15:13
2707,300,812100,09:15:13
2707,100,270700,09:15:12
2706,100,270600,09:15:11
2707,100,270700,09:15:11
2706,100,270600,09:15:10
2706,100,270600,09:15:10
2706,1200,3247200,09:15:10
2706,100,270600,09:15:10
2706,100,270600,09:15:10
2706,100,270600,09:15:10
2706,100,270600,09:15:10
2707,100,270700,09:15:09
2707,100,270700,09:15:09
2708,200,541600,09:15:09
2708,200,541600,09:15:09
2708,100,270800,09:15:09
2707,100,270700,09:15:09
2707,100,270700,09:15:09
2707,100,270700,09:15:09
2707,100,270700,09:15:09
2706,800,2164800,09:15:09
2708,100,270800,09:15:09
2707,500,1353500,09:15:09
2709,200,541800,09:15:09
2708,100,270800,09:15:08
2707,300,812100,09:15:08
2707,100,270700,09:15:08
2707,100,270700,09:15:08
2707,100,270700,09:15:08
2706,100,270600,09:15:08
2705,800,2164000,09:15:08
2705,200,541000,09:15:08
2703,200,540600,09:15:07
2704,100,270400,09:15:07
2700,200,540000,09:15:05
2699,200,539800,09:15:05
2702,100,270200,09:15:04
2703,300,810900,09:15:03
2702,100,270200,09:15:03
2702,300,810600,09:15:03
2700,1100,2970000,09:15:03
2701,100,270100,09:15:03
2701,100,270100,09:15:03
2701,600,1620600,09:15:03
2702,200,540400,09:15:03
2703,600,1621800,09:15:03
2703,200,540600,09:15:02
2703,100,270300,09:15:02
2704,300,811200,09:15:02
2703,100,270300,09:15:02
2702,300,810600,09:15:01
2702,300,810600,09:15:01
2700,200,540000,09:15:01
2701,200,540200,09:15:00
2702,100,270200,09:15:00
2700,100,270000,09:15:00
2700,100,270000,09:14:59
2701,100,270100,09:14:59
2702,100,270200,09:14:58
2701,200,540200,09:14:58
2702,800,2161600,09:14:58
2699,200,539800,09:14:58
2701,500,1350500,09:14:56
2699,300,809700,09:14:56
2699,100,269900,09:14:56
2698,100,269800,09:14:56
2698,1000,2698000,09:14:56
2697,100,269700,09:14:56
2697,100,269700,09:14:56
2697,100,269700,09:14:56
2697,200,539400,09:14:56
2696,100,269600,09:14:56
2697,200,539400,09:14:56
2696,200,539200,09:14:56
2696,100,269600,09:14:56
2697,100,269700,09:14:56
2697,600,1618200,09:14:56
2698,400,1079200,09:14:56
2699,200,539800,09:14:56
2699,1000,2699000,09:14:56
2699,100,269900,09:14:56
2700,11200,30240000,09:14:56
2701,200,540200,09:14:56
2701,300,810300,09:14:56
2702,100,270200,09:14:56
2703,200,540600,09:14:56
2704,400,1081600,09:14:55
2704,100,270400,09:14:55
2703,200,540600,09:14:55
2702,500,1351000,09:14:54
2702,100,270200,09:14:54
2704,100,270400,09:14:53
2704,400,1081600,09:14:53
2702,100,270200,09:14:53
2701,100,270100,09:14:52
2701,500,1350500,09:14:52
2703,300,810900,09:14:51
2703,700,1892100,09:14:51
2703,100,270300,09:14:51
2701,100,270100,09:14:51
2701,300,810300,09:14:51
2701,200,540200,09:14:50
2701,100,270100,09:14:49
2701,100,270100,09:14:49
2701,100,270100,09:14:49
2700,200,540000,09:14:49
2701,100,270100,09:14:48
2701,900,2430900,09:14:48
2701,200,540200,09:14:48
2701,300,810300,09:14:48
2701,100,270100,09:14:48
2702,100,270200,09:14:48
2701,200,540200,09:14:47
2701,200,540200,09:14:47
2702,100,270200,09:14:46
2701,100,270100,09:14:46
2703,100,270300,09:14:46
2702,100,270200,09:14:46
2702,300,810600,09:14:45
2702,300,810600,09:14:45
2703,100,270300,09:14:43
2703,100,270300,09:14:43
2702,100,270200,09:14:42
2702,200,540400,09:14:41
2703,100,270300,09:14:41
2703,1300,3513900,09:14:41
2703,100,270300,09:14:41
2705,100,270500,09:14:41
2704,200,540800,09:14:40
2705,2100,5680500,09:14:40
2705,100,270500,09:14:40
2706,1000,2706000,09:14:40
2705,100,270500,09:14:39
2705,100,270500,09:14:39
2705,100,270500,09:14:39
2706,1900,5141400,09:14:39
2708,100,270800,09:14:39
2708,100,270800,09:14:38
2706,100,270600,09:14:38
2707,1400,3789800,09:14:38
2709,300,812700,09:14:38
2708,500,1354000,09:14:37
2708,100,270800,09:14:37
2708,100,270800,09:14:36
2709,1100,2979900,09:14:36
2709,100,270900,09:14:36
2710,1500,4065000,09:14:36
2711,400,1084400,09:14:36
2711,100,271100,09:14:36
2712,100,271200,09:14:36
2712,100,271200,09:14:35
2712,100,271200,09:14:35
2712,100,271200,09:14:35
2712,400,1084800,09:14:35
2713,100,271300,09:14:33
2713,100,271300,09:14:32
2714,200,542800,09:14:32
2713,100,271300,09:14:30
2713,400,1085200,09:14:30
2714,100,271400,09:14:30
2714,100,271400,09:14:27
2714,500,1357000,09:14:27
2712,100,271200,09:14:25
2712,600,1627200,09:14:23
2713,100,271300,09:14:23
2713,400,1085200,09:14:23
2713,400,1085200,09:14:23
2713,100,271300,09:14:23
2712,200,542400,09:14:23
2712,100,271200,09:14:23
2711,100,271100,09:14:23
2711,100,271100,09:14:22
2711,100,271100,09:14:22
2711,100,271100,09:14:20
2711,100,271100,09:14:20
2710,400,1084000,09:14:19
2709,100,270900,09:14:19
2709,300,812700,09:14:19
2710,100,271000,09:14:18
2711,100,271100,09:14:16
2709,100,270900,09:14:15
2710,100,271000,09:14:15
2710,200,542000,09:14:15
2711,100,271100,09:14:15
2711,200,542200,09:14:14
2711,300,813300,09:14:13
2712,100,271200,09:14:12
2711,100,271100,09:14:12
2711,200,542200,09:14:12
2709,400,1083600,09:14:10
2711,100,271100,09:14:10
2710,200,542000,09:14:10
2712,100,271200,09:14:10
2712,300,813600,09:14:10
2710,200,542000,09:14:10
2712,100,271200,09:14:10
2711,100,271100,09:14:09
2711,100,271100,09:14:08
2713,100,271300,09:14:07
2712,600,1627200,09:14:07
2711,200,542200,09:14:07
2710,1000,2710000,09:14:04
2710,100,271000,09:14:04
2709,700,1896300,09:14:04
2708,100,270800,09:14:04
2708,1000,2708000,09:14:04
2710,600,1626000,09:14:03
2709,300,812700,09:14:03
2708,600,1624800,09:14:03
2708,500,1354000,09:14:03
2708,300,812400,09:14:02
2708,200,541600,09:14:02
2708,100,270800,09:14:01
2709,100,270900,09:14:01
2711,100,271100,09:14:00
2711,600,1626600,09:14:00
2710,100,271000,09:14:00
2709,200,541800,09:14:00
2708,100,270800,09:14:00
2707,900,2436300,09:14:00
2708,100,270800,09:14:00
2708,600,1624800,09:14:00
2709,200,541800,09:14:00
2710,100,271000,09:14:00
2710,300,813000,09:14:00
2708,100,270800,09:14:00
2712,500,1356000,09:14:00
2711,500,1355500,09:14:00
2710,300,813000,09:14:00
2709,200,541800,09:14:00
2708,800,2166400,09:13:59
2709,100,270900,09:13:59
2710,300,813000,09:13:59
2710,100,271000,09:13:59
2710,100,271000,09:13:59
2708,100,270800,09:13:59
2709,500,1354500,09:13:59
2709,100,270900,09:13:59
2710,2000,5420000,09:13:59
2710,500,1355000,09:13:59
2711,400,1084400,09:13:59
2713,100,271300,09:13:58
2712,200,542400,09:13:58
2713,600,1627800,09:13:58
2713,1300,3526900,09:13:58
2715,100,271500,09:13:56
2714,400,1085600,09:13:56
2714,100,271400,09:13:56
2714,100,271400,09:13:55
2713,300,813900,09:13:55
2713,100,271300,09:13:53
2714,100,271400,09:13:53
2713,100,271300,09:13:52
2713,300,813900,09:13:52
2714,100,271400,09:13:52
2715,100,271500,09:13:51
2713,100,271300,09:13:51
2713,100,271300,09:13:51
2713,100,271300,09:13:50
2713,200,542600,09:13:50
2713,100,271300,09:13:50
2713,100,271300,09:13:50
2713,100,271300,09:13:50
2712,100,271200,09:13:50
2712,100,271200,09:13:50
2712,100,271200,09:13:50
2712,500,1356000,09:13:50
2712,100,271200,09:13:50
2713,900,2441700,09:13:50
2714,1000,2714000,09:13:50
2714,100,271400,09:13:50
2715,1100,2986500,09:13:50
2716,300,814800,09:13:50
2717,100,271700,09:13:50
2717,100,271700,09:13:50
2718,100,271800,09:13:50
2719,100,271900,09:13:49
2719,100,271900,09:13:47
2718,100,271800,09:13:47
2718,100,271800,09:13:47
2718,100,271800,09:13:47
2719,100,271900,09:13:47
2719,200,543800,09:13:46
2718,500,1359000,09:13:46
2720,300,816000,09:13:46
2719,200,543800,09:13:46
2718,300,815400,09:13:45
2717,700,1901900,09:13:45
2717,100,271700,09:13:45
2717,200,543400,09:13:44
2717,100,271700,09:13:43
2715,200,543000,09:13:43
2716,100,271600,09:13:42
2715,400,1086000,09:13:42
2716,800,2172800,09:13:42
2719,100,271900,09:13:41
2718,100,271800,09:13:40
2716,100,271600,09:13:39
2715,100,271500,09:13:35
2717,400,1086800,09:13:35
2716,300,814800,09:13:35
2717,400,1086800,09:13:34
2717,100,271700,09:13:34
2717,400,1086800,09:13:34
2720,400,1088000,09:13:34
2720,100,272000,09:13:34
2719,400,1087600,09:13:34
2718,100,271800,09:13:33
2718,700,1902600,09:13:33
2719,100,271900,09:13:33
2717,100,271700,09:13:32
2719,100,271900,09:13:32
2717,100,271700,09:13:31
2719,100,271900,09:13:31
2718,100,271800,09:13:31
2718,300,815400,09:13:31
2718,900,2446200,09:13:31
2718,300,815400,09:13:30
2717,200,543400,09:13:30
2715,100,271500,09:13:30
2715,200,543000,09:13:30
2714,100,271400,09:13:29
2716,100,271600,09:13:28
2716,200,543200,09:13:27
2714,100,271400,09:13:27
2715,300,814500,09:13:26
2715,1000,2715000,09:13:26
2715,100,271500,09:13:25
2716,200,543200,09:13:25
2716,200,543200,09:13:24
2714,100,271400,09:13:21
2715,100,271500,09:13:21
2714,200,542800,09:13:21
2712,200,542400,09:13:20
2713,300,813900,09:13:20
2712,100,271200,09:13:20
2712,100,271200,09:13:20
2712,100,271200,09:13:20
2712,100,271200,09:13:20
2712,100,271200,09:13:20
2713,200,542600,09:13:20
2714,700,1899800,09:13:19
2715,400,1086000,09:13:19
2716,100,271600,09:13:19
2716,100,271600,09:13:19
2716,500,1358000,09:13:19
2715,400,1086000,09:13:19
2715,100,271500,09:13:19
2715,100,271500,09:13:19
2714,100,271400,09:13:18
2714,300,814200,09:13:18
2714,100,271400,09:13:18
2714,100,271400,09:13:17
2714,100,271400,09:13:17
2714,200,542800,09:13:17
2713,100,271300,09:13:16
2715,300,814500,09:13:16
2717,200,543400,09:13:16
2716,300,814800,09:13:16
2715,300,814500,09:13:16
2714,100,271400,09:13:16
2714,100,271400,09:13:16
2716,100,271600,09:13:16
2710,1500,4065000,09:13:16
2711,1500,4066500,09:13:16
2712,400,1084800,09:13:16
2713,1200,3255600,09:13:16
2714,100,271400,09:13:16
2714,100,271400,09:13:16
2713,300,813900,09:13:15
2714,100,271400,09:13:15
2713,100,271300,09:13:14
2715,100,271500,09:13:14
2715,300,814500,09:13:14
2716,100,271600,09:13:14
2716,100,271600,09:13:14
2717,100,271700,09:13:13
2717,1500,4075500,09:13:13
2718,100,271800,09:13:13
2718,100,271800,09:13:13
2718,100,271800,09:13:13
2718,100,271800,09:13:13
2720,100,272000,09:13:13
2719,100,271900,09:13:12
2719,400,1087600,09:13:12
2719,500,1359500,09:13:12
2719,100,271900,09:13:12
2719,100,271900,09:13:12
2720,100,272000,09:13:12
2720,200,544000,09:13:12
2721,100,272100,09:13:12
2721,300,816300,09:13:12
2719,100,271900,09:13:11
2719,100,271900,09:13:11
2720,100,272000,09:13:11
2720,100,272000,09:13:11
2720,800,2176000,09:13:10
2719,100,271900,09:13:10
2719,300,815700,09:13:10
2720,2800,7616000,09:13:10
2720,200,544000,09:13:10
2721,2200,5986200,09:13:10
2722,100,272200,09:13:10
2722,200,544400,09:13:10
2723,100,272300,09:13:09
2723,200,544600,09:13:09
2723,100,272300,09:13:09
2723,100,272300,09:13:09
2723,100,272300,09:13:08
2723,100,272300,09:13:08
2723,100,272300,09:13:07
2723,400,1089200,09:13:07
2722,100,272200,09:13:07
2723,100,272300,09:13:06
2722,300,816600,09:13:06
2723,200,544600,09:13:06
2723,100,272300,09:13:05
2723,100,272300,09:13:05
2723,100,272300,09:13:05
2723,200,544600,09:13:03
2724,100,272400,09:13:03
2724,100,272400,09:13:03
2723,200,544600,09:13:02
2724,100,272400,09:13:02
2724,100,272400,09:13:02
2725,100,272500,09:13:02
2724,100,272400,09:13:02
2725,1700,4632500,09:13:02
2723,100,272300,09:13:01
2724,400,1089600,09:13:01
2724,100,272400,09:13:01
2725,400,1090000,09:13:00
2725,300,817500,09:12:59
2726,300,817800,09:12:59
2727,200,545400,09:12:59
2727,400,1090800,09:12:59
2727,400,1090800,09:12:59
2727,100,272700,09:12:58
2727,100,272700,09:12:58
2728,100,272800,09:12:58
2726,100,272600,09:12:57
2726,100,272600,09:12:57
2727,100,272700,09:12:57
2725,100,272500,09:12:56
2725,100,272500,09:12:56
2724,100,272400,09:12:56
2725,100,272500,09:12:55
2724,700,1906800,09:12:55
2724,300,817200,09:12:55
2724,100,272400,09:12:55
2722,300,816600,09:12:55
2724,100,272400,09:12:55
2724,100,272400,09:12:55
2725,100,272500,09:12:55
2722,2600,7077200,09:12:55
2723,1100,2995300,09:12:55
2724,600,1634400,09:12:55
2725,2900,7902500,09:12:55
2726,300,817800,09:12:55
2726,300,817800,09:12:54
2727,200,545400,09:12:54
2727,100,272700,09:12:54
2727,100,272700,09:12:54
2725,100,272500,09:12:54
2726,400,1090400,09:12:54
2726,300,817800,09:12:54
2727,1400,3817800,09:12:54
2727,1300,3545100,09:12:54
2728,700,1909600,09:12:54
2729,1100,3001900,09:12:54
2730,2500,6825000,09:12:54
2731,1400,3823400,09:12:54
2732,700,1912400,09:12:54
2735,100,273500,09:12:54
2733,1400,3826200,09:12:54
2734,400,1093600,09:12:54
2735,12500,34187500,09:12:54
2736,1400,3830400,09:12:54
2736,100,273600,09:12:54
2736,800,2188800,09:12:52
2737,200,547400,09:12:52
2737,200,547400,09:12:52
2737,100,273700,09:12:51
2737,400,1094800,09:12:50
2738,100,273800,09:12:50
2738,100,273800,09:12:50
2738,100,273800,09:12:50
2739,100,273900,09:12:50
2738,100,273800,09:12:49
2739,200,547800,09:12:49
2740,100,274000,09:12:49
2739,100,273900,09:12:49
2740,100,274000,09:12:47
2741,400,1096400,09:12:47
2741,100,274100,09:12:47
2741,200,548200,09:12:46
2741,100,274100,09:12:46
2741,1300,3563300,09:12:44
2740,100,274000,09:12:44
2740,100,274000,09:12:44
2740,300,822000,09:12:43
2740,600,1644000,09:12:43
2738,100,273800,09:12:43
2737,200,547400,09:12:42
2738,100,273800,09:12:41
2736,100,273600,09:12:41
2735,300,820500,09:12:41
2736,200,547200,09:12:41
2736,100,273600,09:12:40
2737,300,821100,09:12:40
2738,100,273800,09:12:40
2739,100,273900,09:12:39
2738,100,273800,09:12:39
2738,100,273800,09:12:38
2738,100,273800,09:12:38
2739,100,273900,09:12:37
2740,100,274000,09:12:37
2741,100,274100,09:12:37
2741,100,274100,09:12:37
2737,200,547400,09:12:36
2738,900,2464200,09:12:36
2739,500,1369500,09:12:36
2740,300,822000,09:12:36
2740,100,274000,09:12:36
2740,300,822000,09:12:35
2739,700,1917300,09:12:35
2739,100,273900,09:12:35
2739,200,547800,09:12:35
2740,5700,15618000,09:12:35
2741,900,2466900,09:12:35
2741,100,274100,09:12:35
2743,100,274300,09:12:32
2741,100,274100,09:12:32
2742,2500,6855000,09:12:32
2742,100,274200,09:12:32
2742,100,274200,09:12:31
2744,100,274400,09:12:31
2742,100,274200,09:12:30
2742,100,274200,09:12:30
2742,100,274200,09:12:30
2743,3000,8229000,09:12:30
2744,500,1372000,09:12:30
2744,100,274400,09:12:27
2745,300,823500,09:12:26
2746,500,1373000,09:12:26
2746,400,1098400,09:12:26
2745,200,549000,09:12:25
2745,300,823500,09:12:24
2745,2000,5490000,09:12:24
2745,300,823500,09:12:24
2747,100,274700,09:12:23
2748,100,274800,09:12:23
2747,500,1373500,09:12:23
2745,300,823500,09:12:23
2745,100,274500,09:12:22
2747,100,274700,09:12:21
2745,700,1921500,09:12:20
2747,300,824100,09:12:20
2746,200,549200,09:12:20
2746,200,549200,09:12:20
2747,100,274700,09:12:19
2746,100,274600,09:12:19
2747,100,274700,09:12:19
2747,100,274700,09:12:19
2748,100,274800,09:12:18
2747,200,549400,09:12:16
2747,300,824100,09:12:16
2747,100,274700,09:12:16
2746,100,274600,09:12:16
2746,100,274600,09:12:16
2746,300,823800,09:12:16
2747,100,274700,09:12:15
2746,300,823800,09:12:15
2747,300,824100,09:12:15
2750,400,1100000,09:12:15
2749,600,1649400,09:12:15
2747,400,1098800,09:12:14
2745,100,274500,09:12:14
2745,100,274500,09:12:14
2747,100,274700,09:12:12
2747,600,1648200,09:12:12
2746,400,1098400,09:12:12
2743,100,274300,09:12:11
2744,2000,5488000,09:12:11
2744,100,274400,09:12:11
2746,500,1373000,09:12:10
2744,100,274400,09:12:10
2744,100,274400,09:12:10
2745,1700,4666500,09:12:10
2745,100,274500,09:12:10
2745,400,1098000,09:12:10
2746,3500,9611000,09:12:10
2747,800,2197600,09:12:10
2748,1100,3022800,09:12:09
2749,200,549800,09:12:09
2749,400,1099600,09:12:09
2750,500,1375000,09:12:09
2751,100,275100,09:12:07
2753,200,550600,09:12:07
2752,200,550400,09:12:07
2751,100,275100,09:12:06
2753,100,275300,09:12:06
2752,100,275200,09:12:06
2752,600,1651200,09:12:05
2753,300,825900,09:12:05
2751,800,2200800,09:12:05
2750,400,1100000,09:12:05
2751,200,550200,09:12:05
2753,100,275300,09:12:04
2753,100,275300,09:12:04
2752,100,275200,09:12:04
2753,300,825900,09:12:03
2752,100,275200,09:12:03
2754,400,1101600,09:12:03
2753,100,275300,09:12:03
2753,400,1101200,09:12:03
2753,100,275300,09:12:03
2751,100,275100,09:12:03
2753,100,275300,09:12:02
2752,200,550400,09:12:02
2751,100,275100,09:12:01
2751,100,275100,09:12:00
2750,100,275000,09:12:00
2750,100,275000,09:12:00
2750,1100,3025000,09:12:00
2749,200,549800,09:12:00
2749,100,274900,09:11:59
2749,100,274900,09:11:58
2749,100,274900,09:11:57
2749,100,274900,09:11:56
2749,300,824700,09:11:54
2748,200,549600,09:11:54
2748,100,274800,09:11:50
2749,100,274900,09:11:50
2748,100,274800,09:11:50
2749,100,274900,09:11:50
2749,600,1649400,09:11:50
2750,100,275000,09:11:49
2750,300,825000,09:11:49
2749,300,824700,09:11:47
2751,100,275100,09:11:47
2752,200,550400,09:11:47
2751,200,550200,09:11:47
2751,300,825300,09:11:47
2751,300,825300,09:11:47
2750,400,1100000,09:11:47
2748,100,274800,09:11:46
2749,100,274900,09:11:46
2750,300,825000,09:11:46
2748,100,274800,09:11:46
2750,500,1375000,09:11:46
2749,200,549800,09:11:46
2748,1600,4396800,09:11:46
2747,400,1098800,09:11:46
2747,100,274700,09:11:44
2747,300,824100,09:11:43
2747,300,824100,09:11:43
2746,100,274600,09:11:42
2746,100,274600,09:11:42
2746,100,274600,09:11:41
2747,100,274700,09:11:40
2746,100,274600,09:11:40
2746,100,274600,09:11:40
2746,400,1098400,09:11:40
2748,200,549600,09:11:40
2748,300,824400,09:11:40
2747,100,274700,09:11:40
2746,300,823800,09:11:39
2748,400,1099200,09:11:39
2747,400,1098800,09:11:39
2746,100,274600,09:11:39
2745,200,549000,09:11:38
2746,100,274600,09:11:38
2745,200,549000,09:11:38
2745,100,274500,09:11:38
2745,100,274500,09:11:37
2745,100,274500,09:11:36
2745,100,274500,09:11:36
2745,100,274500,09:11:36
2744,200,548800,09:11:36
2746,100,274600,09:11:36
2745,900,2470500,09:11:36
2746,600,1647600,09:11:36
2747,100,274700,09:11:36
2746,100,274600,09:11:34
2748,100,274800,09:11:34
2749,100,274900,09:11:34
2749,200,549800,09:11:33
2748,200,549600,09:11:32
2746,100,274600,09:11:32
2749,200,549800,09:11:32
2750,200,550000,09:11:32
2749,500,1374500,09:11:32
2748,200,549600,09:11:32
2747,900,2472300,09:11:32
2745,100,274500,09:11:32
2745,100,274500,09:11:32
2746,900,2471400,09:11:32
2745,100,274500,09:11:32
2745,100,274500,09:11:32
2744,200,548800,09:11:32
2744,100,274400,09:11:32
2745,2200,6039000,09:11:32
2746,200,549200,09:11:32
2747,200,549400,09:11:32
2748,1000,2748000,09:11:32
2750,100,275000,09:11:30
2749,100,274900,09:11:30
2749,100,274900,09:11:30
2749,100,274900,09:11:29
2750,500,1375000,09:11:29
2750,100,275000,09:11:29
2749,100,274900,09:11:28
2750,600,1650000,09:11:25
2748,100,274800,09:11:25
2750,200,550000,09:11:25
2748,100,274800,09:11:24
2746,300,823800,09:11:23
2749,200,549800,09:11:23
2745,1400,3843000,09:11:22
2746,400,1098400,09:11:22
2746,200,549200,09:11:22
2747,500,1373500,09:11:22
2748,100,274800,09:11:22
2748,100,274800,09:11:22
2750,100,275000,09:11:21
2750,100,275000,09:11:21
2750,200,550000,09:11:21
2751,100,275100,09:11:21
2751,200,550200,09:11:20
2749,200,549800,09:11:20
2748,400,1099200,09:11:20
2747,400,1098800,09:11:20
2747,100,274700,09:11:19
2747,100,274700,09:11:19
2751,100,275100,09:11:18
2750,300,825000,09:11:17
2748,100,274800,09:11:17
2749,600,1649400,09:11:16
2745,1300,3568500,09:11:15
2746,600,1647600,09:11:15
2747,100,274700,09:11:15
2747,300,824100,09:11:15
2749,200,549800,09:11:15
2748,200,549600,09:11:15
2746,300,823800,09:11:14
2747,100,274700,09:11:14
2746,100,274600,09:11:14
2747,600,1648200,09:11:14
2746,200,549200,09:11:14
2746,100,274600,09:11:13
2746,100,274600,09:11:13
2744,100,274400,09:11:12
2745,100,274500,09:11:12
2745,100,274500,09:11:12
2746,100,274600,09:11:11
2744,100,274400,09:11:11
2745,100,274500,09:11:11
2745,100,274500,09:11:10
2746,100,274600,09:11:10
2745,100,274500,09:11:10
2745,500,1372500,09:11:10
2746,200,549200,09:11:10
2746,100,274600,09:11:09
2748,100,274800,09:11:09
2748,100,274800,09:11:08
2746,200,549200,09:11:08
2746,100,274600,09:11:08
2746,100,274600,09:11:08
2748,300,824400,09:11:08
2748,100,274800,09:11:08
2748,100,274800,09:11:07
2749,900,2474100,09:11:07
2750,100,275000,09:11:07
2751,100,275100,09:11:06
2750,100,275000,09:11:05
2750,100,275000,09:11:05
2749,500,1374500,09:11:04
2750,100,275000,09:11:04
2750,100,275000,09:11:04
2750,100,275000,09:11:04
2750,100,275000,09:11:04
2749,400,1099600,09:11:04
2752,100,275200,09:11:04
2750,100,275000,09:11:04
2750,100,275000,09:11:04
2749,100,274900,09:11:03
2749,100,274900,09:11:03
2750,100,275000,09:11:03
2749,300,824700,09:11:03
2750,200,550000,09:11:03
2751,200,550200,09:11:03
2751,300,825300,09:11:03
2753,200,550600,09:11:03
2754,300,826200,09:11:03
2752,200,550400,09:11:03
2750,200,550000,09:11:03
2751,200,550200,09:11:03
2750,100,275000,09:11:03
2749,100,274900,09:11:03
2750,3400,9350000,09:11:03
2752,100,275200,09:11:03
2752,100,275200,09:11:03
2751,1400,3851400,09:11:03
2753,100,275300,09:11:03
2753,100,275300,09:11:03
2753,100,275300,09:11:03
2753,100,275300,09:11:03
2752,400,1100800,09:11:03
2753,100,275300,09:11:03
2753,200,550600,09:11:03
2755,100,275500,09:11:03
2754,600,1652400,09:11:03
2755,1200,3306000,09:11:03
2756,100,275600,09:11:03
2758,100,275800,09:11:03
2756,100,275600,09:11:02
2756,100,275600,09:11:02
2757,100,275700,09:11:02
2759,800,2207200,09:11:02
2758,200,551600,09:11:02
2758,200,551600,09:11:01
2759,300,827700,09:11:01
2758,200,551600,09:11:01
2756,100,275600,09:11:00
2757,600,1654200,09:11:00
2755,2100,5785500,09:10:59
2756,200,551200,09:10:59
2756,100,275600,09:10:59
2756,100,275600,09:10:59
2756,100,275600,09:10:59
2757,100,275700,09:10:58
2758,100,275800,09:10:58
2758,100,275800,09:10:57
2756,300,826800,09:10:56
2758,100,275800,09:10:56
2758,100,275800,09:10:56
2755,100,275500,09:10:55
2756,500,1378000,09:10:54
2754,100,275400,09:10:54
2754,100,275400,09:10:53
2754,100,275400,09:10:53
2754,100,275400,09:10:53
2754,100,275400,09:10:53
2752,200,550400,09:10:52
2752,100,275200,09:10:52
2753,600,1651800,09:10:51
2755,100,275500,09:10:51
2753,200,550600,09:10:50
2754,200,550800,09:10:50
2757,100,275700,09:10:49
2753,200,550600,09:10:49
2754,500,1377000,09:10:49
2755,500,1377500,09:10:49
2755,200,551000,09:10:49
2755,100,275500,09:10:49
2755,300,826500,09:10:49
2754,600,1652400,09:10:49
2755,100,275500,09:10:49
2758,100,275800,09:10:49
2758,100,275800,09:10:49
2758,400,1103200,09:10:49
2755,1500,4132500,09:10:49
2755,2100,5785500,09:10:49
2756,1100,3031600,09:10:49
2758,100,275800,09:10:49
2758,500,1379000,09:10:49
2759,500,1379500,09:10:49
2760,300,828000,09:10:47
2759,300,827700,09:10:47
2759,400,1103600,09:10:47
2760,100,276000,09:10:45
2760,700,1932000,09:10:44
2761,100,276100,09:10:43
2761,100,276100,09:10:43
2761,100,276100,09:10:43
2761,100,276100,09:10:42
2759,100,275900,09:10:42
2759,100,275900,09:10:42
2759,100,275900,09:10:42
2759,100,275900,09:10:42
2761,100,276100,09:10:41
2761,100,276100,09:10:41
2761,200,552200,09:10:41
2760,700,1932000,09:10:41
2759,100,275900,09:10:41
2759,200,551800,09:10:41
2757,100,275700,09:10:41
2758,100,275800,09:10:41
2757,300,827100,09:10:40
2757,100,275700,09:10:40
2757,200,551400,09:10:40
2756,100,275600,09:10:39
2757,100,275700,09:10:38
2755,100,275500,09:10:38
2755,100,275500,09:10:36
2756,200,551200,09:10:36
2756,200,551200,09:10:36
2754,100,275400,09:10:36
2755,100,275500,09:10:36
2756,100,275600,09:10:35
2755,300,826500,09:10:35
2755,100,275500,09:10:35
2755,100,275500,09:10:35
2755,100,275500,09:10:35
2755,100,275500,09:10:35
2755,200,551000,09:10:35
2755,100,275500,09:10:34
2754,100,275400,09:10:34
2755,400,1102000,09:10:33
2755,100,275500,09:10:33
2755,200,551000,09:10:32
2757,100,275700,09:10:30
2756,100,275600,09:10:30
2758,100,275800,09:10:29
2759,600,1655400,09:10:29
2758,400,1103200,09:10:29
2757,100,275700,09:10:29
2756,200,551200,09:10:29
2756,100,275600,09:10:29
2756,100,275600,09:10:29
2756,100,275600,09:10:29
2757,200,551400,09:10:29
2758,1000,2758000,09:10:29
2758,100,275800,09:10:29
2759,100,275900,09:10:29
2759,100,275900,09:10:28
2759,100,275900,09:10:28
2759,100,275900,09:10:28
2759,100,275900,09:10:27
2759,200,551800,09:10:27
2759,100,275900,09:10:27
2760,200,552000,09:10:26
2761,100,276100,09:10:25
2761,100,276100,09:10:24
2761,100,276100,09:10:24
2760,100,276000,09:10:24
2761,500,1380500,09:10:24
2760,100,276000,09:10:23
2760,100,276000,09:10:23
2762,100,276200,09:10:23
2761,300,828300,09:10:23
2760,500,1380000,09:10:22
2759,100,275900,09:10:22
2759,100,275900,09:10:22
2759,100,275900,09:10:21
2759,100,275900,09:10:21
2760,100,276000,09:10:21
2759,100,275900,09:10:21
2760,400,1104000,09:10:20
2760,100,276000,09:10:20
2759,100,275900,09:10:19
2759,100,275900,09:10:19
2761,100,276100,09:10:19
2758,100,275800,09:10:19
2759,100,275900,09:10:19
2759,600,1655400,09:10:19
2760,400,1104000,09:10:19
2761,300,828300,09:10:19
2760,100,276000,09:10:19
2760,100,276000,09:10:19
2760,100,276000,09:10:19
2760,2600,7176000,09:10:19
2761,500,1380500,09:10:19
2762,100,276200,09:10:19
2762,100,276200,09:10:19
2762,400,1104800,09:10:19
2764,100,276400,09:10:18
2763,100,276300,09:10:18
2763,100,276300,09:10:18
2764,100,276400,09:10:18
2764,100,276400,09:10:17
2763,100,276300,09:10:17
2764,100,276400,09:10:17
2765,200,553000,09:10:17
2766,100,276600,09:10:17
2765,100,276500,09:10:16
2765,100,276500,09:10:16
2765,100,276500,09:10:16
2765,100,276500,09:10:16
2766,100,276600,09:10:16
2767,100,276700,09:10:16
2766,100,276600,09:10:16
2765,400,1106000,09:10:16
2766,100,276600,09:10:16
2765,100,276500,09:10:16
2767,100,276700,09:10:15
2766,100,276600,09:10:15
2767,100,276700,09:10:15
2767,100,276700,09:10:15
2768,200,553600,09:10:15
2769,200,553800,09:10:15
2769,100,276900,09:10:15
2769,200,553800,09:10:14
2767,400,1106800,09:10:14
2769,100,276900,09:10:14
2770,100,277000,09:10:14
2770,100,277000,09:10:14
2768,1600,4428800,09:10:14
2771,200,554200,09:10:14
2770,100,277000,09:10:14
2768,100,276800,09:10:14
2769,200,553800,09:10:14
2770,100,277000,09:10:14
2771,100,277100,09:10:14
2771,300,831300,09:10:13
2771,100,277100,09:10:13
2773,100,277300,09:10:13
2770,100,277000,09:10:13
2771,400,1108400,09:10:13
2771,100,277100,09:10:12
2769,100,276900,09:10:12
2770,100,277000,09:10:12
2769,100,276900,09:10:12
2770,1500,4155000,09:10:12
2771,100,277100,09:10:12
2771,100,277100,09:10:12
2771,300,831300,09:10:11
2771,100,277100,09:10:10
2772,100,277200,09:10:10
2774,100,277400,09:10:10
2773,100,277300,09:10:09
2772,200,554400,09:10:09
2772,200,554400,09:10:09
2772,400,1108800,09:10:09
2773,300,831900,09:10:09
2772,500,1386000,09:10:09
2773,400,1109200,09:10:09
2774,100,277400,09:10:09
2775,100,277500,09:10:08
2774,100,277400,09:10:08
2773,500,1386500,09:10:08
2774,100,277400,09:10:08
2775,200,555000,09:10:08
2775,200,555000,09:10:07
2775,400,1110000,09:10:07
2776,100,277600,09:10:07
2777,100,277700,09:10:06
2775,100,277500,09:10:06
2777,200,555400,09:10:06
2776,300,832800,09:10:06
2775,100,277500,09:10:06
2775,100,277500,09:10:06
2773,100,277300,09:10:06
2774,100,277400,09:10:05
2776,100,277600,09:10:05
2775,200,555000,09:10:05
2775,100,277500,09:10:05
2775,100,277500,09:10:05
2778,100,277800,09:10:05
2777,100,277700,09:10:05
2777,200,555400,09:10:05
2776,400,1110400,09:10:04
2775,100,277500,09:10:04
2775,100,277500,09:10:04
2774,100,277400,09:10:04
2777,100,277700,09:10:04
2774,100,277400,09:10:04
2774,200,554800,09:10:04
2776,100,277600,09:10:04
2777,200,555400,09:10:04
2775,3500,9712500,09:10:04
2777,100,277700,09:10:04
2777,300,833100,09:10:04
2778,1900,5278200,09:10:04
2779,700,1945300,09:10:04
2780,400,1112000,09:10:04
2780,1700,4726000,09:10:04
2781,400,1112400,09:10:04
2781,100,278100,09:10:04
2782,100,278200,09:10:04
2782,300,834600,09:10:04
2782,100,278200,09:10:04
2782,100,278200,09:10:04
2784,100,278400,09:10:04
2783,300,834900,09:10:03
2784,300,835200,09:10:03
2784,400,1113600,09:10:03
2785,100,278500,09:10:03
2785,100,278500,09:10:02
2786,400,1114400,09:10:01
2784,100,278400,09:10:01
2785,100,278500,09:10:00
2787,200,557400,09:10:00
2786,100,278600,09:09:59
2786,700,1950200,09:09:59
2786,100,278600,09:09:59
2786,2600,7243600,09:09:59
2787,300,836100,09:09:59
2788,300,836400,09:09:59
2788,100,278800,09:09:57
2787,100,278700,09:09:56
2789,200,557800,09:09:56
2787,200,557400,09:09:56
2787,500,1393500,09:09:56
2790,100,279000,09:09:56
2789,1000,2789000,09:09:55
2789,100,278900,09:09:55
2789,200,557800,09:09:55
2787,100,278700,09:09:54
2788,100,278800,09:09:54
2786,600,1671600,09:09:54
2788,100,278800,09:09:54
2787,300,836100,09:09:54
2788,200,557600,09:09:54
2789,600,1673400,09:09:54
2789,300,836700,09:09:52
2788,500,1394000,09:09:52
2788,200,557600,09:09:52
2787,400,1114800,09:09:52
2786,200,557200,09:09:52
2786,1300,3621800,09:09:52
2788,100,278800,09:09:52
2786,100,278600,09:09:51
2785,100,278500,09:09:51
2786,100,278600,09:09:49
2785,100,278500,09:09:48
2785,100,278500,09:09:47
2785,300,835500,09:09:47
2784,100,278400,09:09:47
2783,100,278300,09:09:47
2783,300,834900,09:09:47
2784,200,556800,09:09:47
2784,100,278400,09:09:47
2784,100,278400,09:09:47
2784,100,278400,09:09:46
2784,100,278400,09:09:46
2785,400,1114000,09:09:45
2787,200,557400,09:09:45
2786,100,278600,09:09:44
2786,400,1114400,09:09:44
2784,100,278400,09:09:44
2785,200,557000,09:09:44
2785,800,2228000,09:09:44
2788,300,836400,09:09:43
2785,100,278500,09:09:43
2785,100,278500,09:09:43
2786,100,278600,09:09:42
2788,100,278800,09:09:42
2787,100,278700,09:09:42
2788,200,557600,09:09:42
2789,500,1394500,09:09:42
2791,100,279100,09:09:41
2790,100,279000,09:09:41
2788,100,278800,09:09:41
2788,100,278800,09:09:41
2788,100,278800,09:09:41
2789,100,278900,09:09:39
2788,1300,3624400,09:09:39
2789,600,1673400,09:09:39
2790,200,558000,09:09:39
2790,200,558000,09:09:39
2789,100,278900,09:09:39
2788,100,278800,09:09:39
2790,100,279000,09:09:39
2789,400,1115600,09:09:39
2788,200,557600,09:09:38
2788,100,278800,09:09:38
2790,100,279000,09:09:37
2789,100,278900,09:09:37
2789,200,557800,09:09:37
2791,100,279100,09:09:37
2790,700,1953000,09:09:37
2791,300,837300,09:09:37
2791,200,558200,09:09:37
2792,100,279200,09:09:36
2792,100,279200,09:09:36
2792,500,1396000,09:09:36
2790,300,837000,09:09:36
2791,1600,4465600,09:09:36
2792,100,279200,09:09:36
2793,300,837900,09:09:36
2790,100,279000,09:09:36
2790,100,279000,09:09:36
2790,100,279000,09:09:36
2790,100,279000,09:09:36
2790,100,279000,09:09:36
2792,400,1116800,09:09:36
2792,100,279200,09:09:36
2792,400,1116800,09:09:36
2792,800,2233600,09:09:36
2792,200,558400,09:09:36
2791,300,837300,09:09:36
2791,900,2511900,09:09:36
2792,300,837600,09:09:36
2792,400,1116800,09:09:36
2792,300,837600,09:09:36
2792,100,279200,09:09:35
2793,200,558600,09:09:35
2793,300,837900,09:09:35
2792,100,279200,09:09:35
2793,200,558600,09:09:35
2792,400,1116800,09:09:35
2792,100,279200,09:09:35
2792,100,279200,09:09:35
2791,200,558200,09:09:35
2792,100,279200,09:09:35
2793,100,279300,09:09:35
2793,500,1396500,09:09:35
2793,100,279300,09:09:35
2793,200,558600,09:09:35
2794,100,279400,09:09:35
2794,200,558800,09:09:35
2794,100,279400,09:09:35
2794,200,558800,09:09:35
2794,100,279400,09:09:35
2795,100,279500,09:09:35
2795,1400,3913000,09:09:35
2796,600,1677600,09:09:35
2796,200,559200,09:09:35
2798,100,279800,09:09:35
2797,1200,3356400,09:09:35
2798,200,559600,09:09:35
2799,200,559800,09:09:35
2799,100,279900,09:09:35
2798,100,279800,09:09:35
2800,100,280000,09:09:35
2800,100,280000,09:09:35
2798,500,1399000,09:09:35
2799,200,559800,09:09:35
2800,500,1400000,09:09:35
2801,100,280100,09:09:35
2799,1000,2799000,09:09:35
2802,200,560400,09:09:35
2800,800,2240000,09:09:35
2803,100,280300,09:09:35
2801,700,1960700,09:09:35
2803,200,560600,09:09:35
2802,400,1120800,09:09:35
2803,100,280300,09:09:35
2804,700,1962800,09:09:35
2805,100,280500,09:09:35
2804,100,280400,09:09:35
2804,100,280400,09:09:35
2804,600,1682400,09:09:35
2807,100,280700,09:09:35
2804,700,1962800,09:09:35
2807,100,280700,09:09:35
2805,800,2244000,09:09:35
2806,900,2525400,09:09:35
2807,300,842100,09:09:35
2807,600,1684200,09:09:34
2807,100,280700,09:09:34
2808,1300,3650400,09:09:34
2809,400,1123600,09:09:34
2810,100,281000,09:09:34
2809,400,1123600,09:09:34
2810,400,1124000,09:09:34
2811,100,281100,09:09:34
2809,100,280900,09:09:34
2810,100,281000,09:09:34
2811,100,281100,09:09:34
2811,100,281100,09:09:34
2811,100,281100,09:09:34
2812,100,281200,09:09:34
2812,100,281200,09:09:34
2813,1000,2813000,09:09:34
2808,1100,3088800,09:09:34
2809,1500,4213500,09:09:34
2810,400,1124000,09:09:34
2811,100,281100,09:09:34
2812,100,281200,09:09:34
2812,100,281200,09:09:34
2812,100,281200,09:09:34
2812,400,1124800,09:09:34
2811,200,562200,09:09:34
2812,300,843600,09:09:34
2810,1100,3091000,09:09:34
2811,1900,5340900,09:09:34
2812,1500,4218000,09:09:34
2813,700,1969100,09:09:34
2814,1000,2814000,09:09:34
2815,800,2252000,09:09:34
2818,100,281800,09:09:34
2817,300,845100,09:09:34
2819,100,281900,09:09:34
2819,100,281900,09:09:34
2819,100,281900,09:09:34
2816,100,281600,09:09:33
2818,300,845400,09:09:33
2818,100,281800,09:09:32
2817,900,2535300,09:09:32
2817,200,563400,09:09:32
2819,100,281900,09:09:32
2818,4000,11272000,09:09:32
2818,100,281800,09:09:32
2817,3300,9296100,09:09:32
2816,300,844800,09:09:32
2816,100,281600,09:09:32
2816,100,281600,09:09:32
2816,500,1408000,09:09:32
2816,100,281600,09:09:32
2815,8000,22520000,09:09:32
2815,100,281500,09:09:32
2814,4400,12381600,09:09:32
2813,200,562600,09:09:32
2812,200,562400,09:09:32
2812,200,562400,09:09:32
2812,200,562400,09:09:31
2811,800,2248800,09:09:31
2810,100,281000,09:09:31
2809,100,280900,09:09:30
2810,100,281000,09:09:30
2811,100,281100,09:09:27
2809,100,280900,09:09:27
2810,100,281000,09:09:27
2809,100,280900,09:09:27
2809,100,280900,09:09:27
2809,100,280900,09:09:27
2809,100,280900,09:09:27
2809,400,1123600,09:09:27
2810,600,1686000,09:09:27
2810,100,281000,09:09:26
2810,200,562000,09:09:26
2809,100,280900,09:09:25
2809,200,561800,09:09:22
2811,100,281100,09:09:21
2811,100,281100,09:09:21
2810,100,281000,09:09:21
2810,100,281000,09:09:21
2810,100,281000,09:09:21
2810,500,1405000,09:09:21
2809,100,280900,09:09:20
2810,100,281000,09:09:20
2810,100,281000,09:09:19
2810,200,562000,09:09:19
2810,100,281000,09:09:19
2809,200,561800,09:09:19
2811,100,281100,09:09:18
2812,100,281200,09:09:17
2812,100,281200,09:09:16
2811,800,2248800,09:09:16
2810,400,1124000,09:09:14
2811,100,281100,09:09:14
2811,100,281100,09:09:14
2811,200,562200,09:09:14
2810,100,281000,09:09:13
2811,100,281100,09:09:13
2811,100,281100,09:09:13
2811,100,281100,09:09:13
2811,100,281100,09:09:13
2811,100,281100,09:09:13
2809,100,280900,09:09:13
2810,100,281000,09:09:13
2810,200,562000,09:09:13
2808,100,280800,09:09:13
2809,500,1404500,09:09:13
2811,100,281100,09:09:12
2810,300,843000,09:09:12
2810,100,281000,09:09:12
2810,100,281000,09:09:12
2810,100,281000,09:09:12
2809,100,280900,09:09:12
2811,100,281100,09:09:12
2810,500,1405000,09:09:12
2811,100,281100,09:09:12
2811,400,1124400,09:09:12
2811,100,281100,09:09:12
2813,300,843900,09:09:11
2810,100,281000,09:09:11
2812,100,281200,09:09:11
2812,100,281200,09:09:10
2811,200,562200,09:09:09
2810,200,562000,09:09:09
2811,100,281100,09:09:09
2811,100,281100,09:09:09
2811,100,281100,09:09:09
2810,200,562000,09:09:08
2810,400,1124000,09:09:07
2809,100,280900,09:09:07
2808,100,280800,09:09:07
2809,100,280900,09:09:07
2808,300,842400,09:09:07
2807,100,280700,09:09:07
2807,300,842100,09:09:07
2806,100,280600,09:09:07
2805,100,280500,09:09:07
2805,100,280500,09:09:04
2805,100,280500,09:09:04
2806,200,561200,09:09:04
2808,200,561600,09:09:03
2808,100,280800,09:09:03
2809,100,280900,09:09:03
2810,100,281000,09:09:02
2811,100,281100,09:09:02
2810,200,562000,09:09:02
2810,500,1405000,09:09:02
2811,100,281100,09:09:02
2813,100,281300,09:09:02
2813,200,562600,09:09:01
2812,100,281200,09:09:01
2813,1200,3375600,09:09:00
2812,200,562400,09:09:00
2812,400,1124800,09:09:00
2814,100,281400,09:09:00
2813,200,562600,09:09:00
2813,900,2531700,09:09:00
2812,100,281200,09:09:00
2813,600,1687800,09:09:00
2812,400,1124800,09:08:59
2812,200,562400,09:08:59
2812,500,1406000,09:08:59
2812,500,1406000,09:08:59
2811,100,281100,09:08:59
2811,100,281100,09:08:59
2811,100,281100,09:08:59
2812,100,281200,09:08:59
2810,100,281000,09:08:59
2811,1100,3092100,09:08:59
2811,600,1686600,09:08:59
2811,1200,3373200,09:08:59
2811,100,281100,09:08:59
2810,16200,45522000,09:08:59
2810,500,1405000,09:08:59
2810,2200,6182000,09:08:59
2810,200,562000,09:08:59
2809,100,280900,09:08:59
2809,1500,4213500,09:08:59
2809,900,2528100,09:08:59
2809,200,561800,09:08:59
2809,100,280900,09:08:59
2808,3300,9266400,09:08:59
2808,100,280800,09:08:59
2807,300,842100,09:08:58
2806,700,1964200,09:08:58
2806,300,841800,09:08:58
2806,400,1122400,09:08:58
2805,3800,10659000,09:08:58
2804,100,280400,09:08:58
2804,900,2523600,09:08:58
2804,1500,4206000,09:08:58
2803,500,1401500,09:08:58
2802,700,1961400,09:08:58
2801,300,840300,09:08:57
2800,2000,5600000,09:08:57
2801,100,280100,09:08:56
2800,100,280000,09:08:56
2801,600,1680600,09:08:56
2800,800,2240000,09:08:56
2801,100,280100,09:08:55
2801,500,1400500,09:08:55
2800,100,280000,09:08:55
2798,400,1119200,09:08:54
2799,1000,2799000,09:08:54
2800,200,560000,09:08:54
2801,100,280100,09:08:54
2800,100,280000,09:08:53
2801,100,280100,09:08:53
2799,100,279900,09:08:52
2800,1000,2800000,09:08:52
2799,100,279900,09:08:52
2800,200,560000,09:08:52
2800,900,2520000,09:08:51
2799,600,1679400,09:08:51
2797,100,279700,09:08:51
2797,100,279700,09:08:51
2798,2000,5596000,09:08:51
2797,400,1118800,09:08:51
2796,400,1118400,09:08:51
2797,100,279700,09:08:51
2797,100,279700,09:08:51
2797,100,279700,09:08:51
2797,100,279700,09:08:51
2796,700,1957200,09:08:51
2799,200,559800,09:08:51
2798,200,559600,09:08:51
2796,100,279600,09:08:50
2797,100,279700,09:08:50
2798,100,279800,09:08:50
2798,200,559600,09:08:49
2798,200,559600,09:08:47
2797,400,1118800,09:08:47
2799,200,559800,09:08:47
2798,200,559600,09:08:47
2798,100,279800,09:08:46
2797,1400,3915800,09:08:46
2799,300,839700,09:08:46
2799,700,1959300,09:08:46
2799,200,559800,09:08:46
2800,100,280000,09:08:46
2799,200,559800,09:08:46
2800,100,280000,09:08:46
2800,400,1120000,09:08:45
2800,200,560000,09:08:44
2800,100,280000,09:08:43
2800,200,560000,09:08:43
2802,100,280200,09:08:41
2802,1300,3642600,09:08:41
2801,200,560200,09:08:41
2801,100,280100,09:08:41
2801,100,280100,09:08:41
2801,200,560200,09:08:41
2802,300,840600,09:08:41
2802,3200,8966400,09:08:41
2801,600,1680600,09:08:41
2800,300,840000,09:08:41
2799,100,279900,09:08:41
2799,100,279900,09:08:41
2799,500,1399500,09:08:40
2799,100,279900,09:08:39
2799,400,1119600,09:08:38
2797,100,279700,09:08:38
2799,100,279900,09:08:37
2797,200,559400,09:08:37
2797,100,279700,09:08:37
2799,1100,3078900,09:08:36
2800,900,2520000,09:08:36
2800,100,280000,09:08:35
2801,800,2240800,09:08:34
2800,500,1400000,09:08:34
2800,100,280000,09:08:34
2800,100,280000,09:08:34
2799,900,2519100,09:08:34
2800,1200,3360000,09:08:34
2799,200,559800,09:08:33
2800,100,280000,09:08:32
2800,200,560000,09:08:32
2800,100,280000,09:08:32
2800,100,280000,09:08:32
2801,100,280100,09:08:31
2801,100,280100,09:08:31
2802,100,280200,09:08:30
2801,1000,2801000,09:08:30
2802,100,280200,09:08:30
2802,700,1961400,09:08:29
2801,300,840300,09:08:29
2801,100,280100,09:08:29
2801,300,840300,09:08:29
2802,800,2241600,09:08:29
2803,100,280300,09:08:29
2804,200,560800,09:08:29
2804,100,280400,09:08:29
2803,100,280300,09:08:28
2804,100,280400,09:08:28
2806,200,561200,09:08:28
2805,100,280500,09:08:28
2805,300,841500,09:08:28
2804,300,841200,09:08:27
2805,100,280500,09:08:27
2805,100,280500,09:08:26
2805,800,2244000,09:08:25
2804,200,560800,09:08:25
2805,200,561000,09:08:24
2806,300,841800,09:08:24
2807,300,842100,09:08:22
2808,200,561600,09:08:22
2808,200,561600,09:08:22
2808,600,1684800,09:08:22
2808,400,1123200,09:08:22
2807,100,280700,09:08:21
2807,100,280700,09:08:21
2807,200,561400,09:08:21
2807,200,561400,09:08:21
2807,200,561400,09:08:21
2806,1100,3086600,09:08:21
2806,100,280600,09:08:21
2805,11000,30855000,09:08:21
2804,100,280400,09:08:19
2804,100,280400,09:08:19
2805,100,280500,09:08:19
2805,100,280500,09:08:19
2804,300,841200,09:08:19
2803,100,280300,09:08:19
2803,400,1121200,09:08:19
2804,100,280400,09:08:18
2804,100,280400,09:08:18
2802,100,280200,09:08:17
2804,100,280400,09:08:17
2803,100,280300,09:08:17
2804,500,1402000,09:08:17
2804,100,280400,09:08:17
2802,700,1961400,09:08:17
2803,200,560600,09:08:17
2804,200,560800,09:08:17
2805,100,280500,09:08:16
2804,100,280400,09:08:16
2804,100,280400,09:08:16
2803,100,280300,09:08:16
2804,200,560800,09:08:16
2801,100,280100,09:08:16
2802,600,1681200,09:08:16
2803,300,840900,09:08:16
2805,100,280500,09:08:16
2804,400,1121600,09:08:16
2805,700,1963500,09:08:16
2805,200,561000,09:08:15
2805,100,280500,09:08:15
2804,400,1121600,09:08:15
2803,100,280300,09:08:15
2803,400,1121200,09:08:15
2805,2400,6732000,09:08:15
2805,100,280500,09:08:14
2804,100,280400,09:08:14
2805,100,280500,09:08:14
2804,2000,5608000,09:08:14
2804,100,280400,09:08:14
2803,2300,6446900,09:08:14
2802,300,840600,09:08:14
2802,400,1120800,09:08:14
2802,100,280200,09:08:14
2802,200,560400,09:08:14
2802,400,1120800,09:08:14
2802,200,560400,09:08:14
2801,1000,2801000,09:08:14
2801,200,560200,09:08:14
2801,100,280100,09:08:14
2801,500,1400500,09:08:14
2800,68200,190960000,09:08:14
2800,2200,6160000,09:08:14
2800,1000,2800000,09:08:14
2800,4300,12040000,09:08:14
2800,3100,8680000,09:08:14
2799,1100,3078900,09:08:14
2797,500,1398500,09:08:13
2796,100,279600,09:08:13
2797,300,839100,09:08:12
2797,100,279700,09:08:12
2796,400,1118400,09:08:06
2796,100,279600,09:08:05
2797,100,279700,09:08:05
2797,100,279700,09:08:05
2798,100,279800,09:08:05
2798,100,279800,09:08:05
2798,100,279800,09:08:05
2799,100,279900,09:08:05
2797,100,279700,09:08:04
2797,100,279700,09:08:04
2798,800,2238400,09:08:04
2798,300,839400,09:08:03
2797,100,279700,09:08:03
2797,100,279700,09:08:03
2797,500,1398500,09:08:03
2797,100,279700,09:08:03
2797,1300,3636100,09:08:03
2798,500,1399000,09:08:03
2800,100,280000,09:08:02
2799,2500,6997500,09:08:02
2799,200,559800,09:08:02
2799,3900,10916100,09:08:02
2799,100,279900,09:08:02
2799,100,279900,09:08:02
2798,9900,27700200,09:08:02
2798,100,279800,09:08:02
2797,2100,5873700,09:08:02
2797,400,1118800,09:08:02
2797,4600,12866200,09:08:02
2797,100,279700,09:08:02
2796,100,279600,09:08:02
2796,100,279600,09:08:02
2796,100,279600,09:08:02
2795,2500,6987500,09:08:02
2795,500,1397500,09:08:01
2793,300,837900,09:08:01
2791,400,1116400,09:08:01
2792,100,279200,09:08:01
2791,100,279100,09:08:01
2792,100,279200,09:08:01
2794,100,279400,09:07:59
2795,100,279500,09:07:56
2794,100,279400,09:07:55
2793,200,558600,09:07:55
2793,100,279300,09:07:54
2794,100,279400,09:07:54
2793,100,279300,09:07:53
2792,100,279200,09:07:53
2794,500,1397000,09:07:53
2793,100,279300,09:07:52
2793,200,558600,09:07:52
2791,100,279100,09:07:52
2792,100,279200,09:07:51
2793,100,279300,09:07:51
2793,800,2234400,09:07:49
2791,100,279100,09:07:47
2793,100,279300,09:07:47
2793,700,1955100,09:07:47
2795,100,279500,09:07:44
2795,200,559000,09:07:44
2795,300,838500,09:07:44
2793,200,558600,09:07:44
2794,100,279400,09:07:43
2794,100,279400,09:07:42
2794,100,279400,09:07:42
2793,100,279300,09:07:42
2794,100,279400,09:07:42
2795,100,279500,09:07:40
2797,100,279700,09:07:40
2797,100,279700,09:07:40
2796,100,279600,09:07:40
2797,100,279700,09:07:40
2795,100,279500,09:07:40
2796,100,279600,09:07:39
2795,100,279500,09:07:39
2795,100,279500,09:07:39
2795,300,838500,09:07:39
2797,100,279700,09:07:39
2796,100,279600,09:07:39
2795,100,279500,09:07:39
2794,100,279400,09:07:39
2797,100,279700,09:07:38
2796,100,279600,09:07:38
2796,1000,2796000,09:07:37
2796,400,1118400,09:07:37
2796,1100,3075600,09:07:37
2794,300,838200,09:07:37
2796,100,279600,09:07:37
2794,200,558800,09:07:37
2795,800,2236000,09:07:37
2795,800,2236000,09:07:37
2793,100,279300,09:07:37
2793,100,279300,09:07:37
2792,100,279200,09:07:37
2795,8200,22919000,09:07:37
2793,100,279300,09:07:37
2791,100,279100,09:07:37
2791,100,279100,09:07:37
2795,1100,3074500,09:07:37
2794,900,2514600,09:07:37
2793,1700,4748100,09:07:37
2792,100,279200,09:07:37
2791,100,279100,09:07:37
2793,100,279300,09:07:37
2791,500,1395500,09:07:37
2792,400,1116800,09:07:37
2792,100,279200,09:07:37
2791,700,1953700,09:07:37
2790,6000,16740000,09:07:37
2790,100,279000,09:07:37
2789,300,836700,09:07:37
2789,100,278900,09:07:37
2788,2300,6412400,09:07:37
2787,100,278700,09:07:37
2787,100,278700,09:07:37
2786,1800,5014800,09:07:37
2785,6800,18938000,09:07:37
2784,2300,6403200,09:07:37
2783,200,556600,09:07:37
2783,100,278300,09:07:37
2782,100,278200,09:07:37
2782,700,1947400,09:07:37
2781,200,556200,09:07:37
2780,300,834000,09:07:37
2782,200,556400,09:07:37
2780,100,278000,09:07:34
2780,100,278000,09:07:33
2781,100,278100,09:07:33
2779,1200,3334800,09:07:33
2780,1100,3058000,09:07:33
2781,400,1112400,09:07:33
2783,100,278300,09:07:32
2783,300,834900,09:07:32
2781,300,834300,09:07:32
2782,200,556400,09:07:32
2782,100,278200,09:07:32
2783,100,278300,09:07:32
2782,100,278200,09:07:32
2784,100,278400,09:07:32
2784,100,278400,09:07:32
2784,200,556800,09:07:32
2784,100,278400,09:07:32
2783,100,278300,09:07:32
2783,100,278300,09:07:32
2785,200,557000,09:07:32
2785,100,278500,09:07:31
2783,100,278300,09:07:31
2784,1400,3897600,09:07:31
2783,100,278300,09:07:31
2783,200,556600,09:07:31
2782,100,278200,09:07:31
2782,200,556400,09:07:31
2782,200,556400,09:07:31
2782,200,556400,09:07:31
2780,100,278000,09:07:30
2780,100,278000,09:07:28
2780,100,278000,09:07:25
2781,100,278100,09:07:25
2779,200,555800,09:07:24
2781,100,278100,09:07:24
2780,300,834000,09:07:23
2780,200,556000,09:07:23
2779,400,1111600,09:07:21
2777,100,277700,09:07:21
2777,100,277700,09:07:21
2777,100,277700,09:07:21
2776,100,277600,09:07:21
2775,100,277500,09:07:20
2775,100,277500,09:07:17
2774,100,277400,09:07:16
2774,100,277400,09:07:15
2774,700,1941800,09:07:15
2774,100,277400,09:07:15
2775,900,2497500,09:07:15
2776,100,277600,09:07:15
2776,500,1388000,09:07:15
2776,100,277600,09:07:15
2776,200,555200,09:07:15
2776,100,277600,09:07:15
2779,100,277900,09:07:14
2778,500,1389000,09:07:14
2777,300,833100,09:07:14
2779,100,277900,09:07:14
2779,100,277900,09:07:14
2778,700,1944600,09:07:14
2779,300,833700,09:07:14
2781,300,834300,09:07:14
2780,100,278000,09:07:14
2779,200,555800,09:07:13
2781,100,278100,09:07:13
2781,400,1112400,09:07:13
2781,200,556200,09:07:12
2780,100,278000,09:07:12
2781,700,1946700,09:07:12
2782,1200,3338400,09:07:12
2783,300,834900,09:07:12
2784,400,1113600,09:07:12
2783,200,556600,09:07:11
2780,1100,3058000,09:07:11
2781,1200,3337200,09:07:11
2782,400,1112800,09:07:11
2782,200,556400,09:07:10
2781,100,278100,09:07:10
2782,200,556400,09:07:08
2780,100,278000,09:07:06
2780,100,278000,09:07:06
2781,100,278100,09:07:05
2783,400,1113200,09:07:05
2782,500,1391000,09:07:05
2781,100,278100,09:07:05
2781,100,278100,09:07:03
2781,100,278100,09:07:03
2784,200,556800,09:07:03
2783,300,834900,09:07:03
2780,100,278000,09:07:00
2781,100,278100,09:07:00
2783,300,834900,09:07:00
2782,100,278200,09:07:00
2783,100,278300,09:06:59
2782,300,834600,09:06:58
2785,100,278500,09:06:58
2785,100,278500,09:06:57
2785,200,557000,09:06:57
2784,100,278400,09:06:56
2784,300,835200,09:06:56
2783,600,1669800,09:06:56
2783,200,556600,09:06:56
2782,200,556400,09:06:55
2782,100,278200,09:06:55
2782,100,278200,09:06:52
2782,100,278200,09:06:52
2781,400,1112400,09:06:52
2781,100,278100,09:06:52
2780,2100,5838000,09:06:52
2779,900,2501100,09:06:52
2778,300,833400,09:06:51
2778,100,277800,09:06:50
2776,200,555200,09:06:49
2776,100,277600,09:06:47
2779,100,277900,09:06:47
2779,200,555800,09:06:46
2778,500,1389000,09:06:45
2777,100,277700,09:06:45
2777,100,277700,09:06:44
2775,100,277500,09:06:43
2776,200,555200,09:06:43
2777,100,277700,09:06:43
2777,700,1943900,09:06:43
2777,100,277700,09:06:42
2776,200,555200,09:06:42
2776,700,1943200,09:06:39
2775,100,277500,09:06:39
2774,300,832200,09:06:39
2775,200,555000,09:06:39
2775,100,277500,09:06:39
2776,100,277600,09:06:38
2776,300,832800,09:06:37
2777,300,833100,09:06:37
2777,100,277700,09:06:37
2777,400,1110800,09:06:37
2779,100,277900,09:06:33
2778,100,277800,09:06:32
2778,100,277800,09:06:32
2779,200,555800,09:06:30
2779,100,277900,09:06:30
2780,500,1390000,09:06:29
2780,100,278000,09:06:29
2777,100,277700,09:06:28
2779,100,277900,09:06:27
2779,100,277900,09:06:27
2779,700,1945300,09:06:27
2778,100,277800,09:06:26
2778,500,1389000,09:06:26
2778,200,555600,09:06:26
2779,100,277900,09:06:26
2780,400,1112000,09:06:25
2779,100,277900,09:06:25
2778,100,277800,09:06:23
2779,200,555800,09:06:23
2779,100,277900,09:06:23
2779,100,277900,09:06:22
2780,100,278000,09:06:22
2777,100,277700,09:06:21
2778,100,277800,09:06:21
2778,1000,2778000,09:06:21
2778,100,277800,09:06:20
2778,400,1111200,09:06:19
2776,200,555200,09:06:17
2781,300,834300,09:06:16
2778,100,277800,09:06:16
2781,200,556200,09:06:16
2781,100,278100,09:06:15
2780,100,278000,09:06:15
2780,100,278000,09:06:15
2779,100,277900,09:06:15
2780,100,278000,09:06:15
2780,2900,8062000,09:06:15
2779,500,1389500,09:06:15
2778,500,1389000,09:06:15
2778,100,277800,09:06:14
2775,100,277500,09:06:13
2778,100,277800,09:06:13
2775,100,277500,09:06:12
2776,200,555200,09:06:12
2776,100,277600,09:06:12
2775,1400,3885000,09:06:12
2775,100,277500,09:06:12
2772,200,554400,09:06:11
2772,200,554400,09:06:10
2773,400,1109200,09:06:10
2773,200,554600,09:06:10
2771,100,277100,09:06:10
2773,300,831900,09:06:10
2772,200,554400,09:06:09
2772,400,1108800,09:06:09
2772,200,554400,09:06:09
2771,100,277100,09:06:09
2772,100,277200,09:06:09
2771,100,277100,09:06:09
2771,100,277100,09:06:09
2771,200,554200,09:06:08
2770,500,1385000,09:06:07
2771,300,831300,09:06:07
2772,300,831600,09:06:07
2772,100,277200,09:06:06
2770,1000,2770000,09:06:06
2771,800,2216800,09:06:05
2770,500,1385000,09:06:04
2770,100,277000,09:06:04
2772,100,277200,09:06:04
2771,400,1108400,09:06:03
2772,100,277200,09:06:02
2770,300,831000,09:06:02
2771,2300,6373300,09:06:02
2772,1100,3049200,09:06:02
2773,700,1941100,09:06:02
2773,2900,8041700,09:06:01
2773,700,1941100,09:06:01
2773,600,1663800,09:06:01
2776,100,277600,09:06:01
2775,100,277500,09:06:01
2774,200,554800,09:06:01
2774,200,554800,09:06:01
2771,100,277100,09:06:00
2773,100,277300,09:06:00
2772,100,277200,09:06:00
2772,100,277200,09:06:00
2772,1000,2772000,09:06:00
2773,100,277300,09:06:00
2774,600,1664400,09:06:00
2775,1000,2775000,09:06:00
2776,100,277600,09:06:00
2776,100,277600,09:06:00
2777,100,277700,09:05:59
2777,500,1388500,09:05:59
2778,200,555600,09:05:59
2780,100,278000,09:05:58
2778,100,277800,09:05:58
2781,100,278100,09:05:57
2781,100,278100,09:05:57
2781,800,2224800,09:05:57
2780,2800,7784000,09:05:57
2779,100,277900,09:05:57
2779,100,277900,09:05:57
2777,300,833100,09:05:56
2779,100,277900,09:05:56
2779,100,277900,09:05:55
2778,100,277800,09:05:55
2777,200,555400,09:05:55
2777,100,277700,09:05:53
2777,100,277700,09:05:53
2778,100,277800,09:05:50
2778,1100,3055800,09:05:50
2777,300,833100,09:05:50
2776,300,832800,09:05:50
2777,100,277700,09:05:50
2775,100,277500,09:05:49
2777,300,833100,09:05:49
2776,300,832800,09:05:49
2776,700,1943200,09:05:48
2779,400,1111600,09:05:48
2777,100,277700,09:05:48
2778,100,277800,09:05:48
2776,100,277600,09:05:48
2777,100,277700,09:05:48
2777,100,277700,09:05:47
2778,100,277800,09:05:47
2777,100,277700,09:05:47
2776,100,277600,09:05:47
2776,100,277600,09:05:47
2777,100,277700,09:05:47
2777,100,277700,09:05:46
2778,100,277800,09:05:46
2777,100,277700,09:05:46
2777,100,277700,09:05:46
2777,800,2221600,09:05:46
2778,200,555600,09:05:46
2778,200,555600,09:05:46
2780,100,278000,09:05:46
2781,300,834300,09:05:45
2782,100,278200,09:05:44
2782,100,278200,09:05:44
2783,100,278300,09:05:44
2782,100,278200,09:05:43
2783,200,556600,09:05:43
2781,100,278100,09:05:43
2781,100,278100,09:05:43
2781,200,556200,09:05:43
2782,100,278200,09:05:42
2781,100,278100,09:05:42
2780,100,278000,09:05:42
2780,100,278000,09:05:42
2779,100,277900,09:05:42
2780,100,278000,09:05:42
2780,300,834000,09:05:42
2780,100,278000,09:05:42
2780,200,556000,09:05:42
2780,200,556000,09:05:42
2780,200,556000,09:05:42
2780,100,278000,09:05:42
2779,100,277900,09:05:42
2781,200,556200,09:05:42
2780,100,278000,09:05:42
2779,100,277900,09:05:42
2780,700,1946000,09:05:42
2780,3000,8340000,09:05:42
2780,100,278000,09:05:42
2780,100,278000,09:05:42
2780,100,278000,09:05:42
2782,100,278200,09:05:42
2781,200,556200,09:05:42
2782,3600,10015200,09:05:42
2783,100,278300,09:05:41
2783,100,278300,09:05:41
2785,200,557000,09:05:41
2785,1800,5013000,09:05:41
2786,200,557200,09:05:41
2787,600,1672200,09:05:40
2787,100,278700,09:05:40
2786,100,278600,09:05:40
2786,100,278600,09:05:39
2790,500,1395000,09:05:38
2790,100,279000,09:05:38
2790,100,279000,09:05:38
2788,200,557600,09:05:38
2788,100,278800,09:05:38
2790,100,279000,09:05:37
2790,100,279000,09:05:37
2788,100,278800,09:05:37
2790,700,1953000,09:05:37
2789,200,557800,09:05:37
2787,200,557400,09:05:36
2789,100,278900,09:05:36
2788,100,278800,09:05:36
2788,100,278800,09:05:36
2788,100,278800,09:05:36
2788,100,278800,09:05:36
2788,200,557600,09:05:36
2787,100,278700,09:05:36
2788,100,278800,09:05:36
2787,700,1950900,09:05:36
2788,100,278800,09:05:36
2788,100,278800,09:05:36
2788,100,278800,09:05:36
2788,100,278800,09:05:36
2790,100,279000,09:05:36
2791,100,279100,09:05:35
2791,100,279100,09:05:35
2790,300,837000,09:05:35
2792,300,837600,09:05:32
2791,100,279100,09:05:30
2790,100,279000,09:05:30
2790,100,279000,09:05:30
2790,100,279000,09:05:30
2790,300,837000,09:05:30
2791,100,279100,09:05:29
2791,600,1674600,09:05:28
2790,400,1116000,09:05:27
2789,200,557800,09:05:27
2790,300,837000,09:05:27
2791,100,279100,09:05:26
2791,100,279100,09:05:26
2791,100,279100,09:05:26
2792,100,279200,09:05:26
2792,100,279200,09:05:26
2792,100,279200,09:05:26
2793,100,279300,09:05:26
2792,100,279200,09:05:26
2793,100,279300,09:05:26
2792,100,279200,09:05:26
2793,100,279300,09:05:26
2793,200,558600,09:05:26
2794,300,838200,09:05:26
2793,400,1117200,09:05:26
2792,200,558400,09:05:26
2791,100,279100,09:05:25
2790,200,558000,09:05:25
2790,100,279000,09:05:25
2792,100,279200,09:05:25
2792,300,837600,09:05:25
2791,100,279100,09:05:25
2790,100,279000,09:05:24
2790,100,279000,09:05:24
2792,500,1396000,09:05:24
2791,900,2511900,09:05:24
2789,100,278900,09:05:24
2790,1600,4464000,09:05:24
2790,300,837000,09:05:24
2793,100,279300,09:05:24
2792,100,279200,09:05:24
2791,100,279100,09:05:24
2792,100,279200,09:05:24
2791,200,558200,09:05:24
2791,200,558200,09:05:24
2792,100,279200,09:05:24
2792,100,279200,09:05:24
2792,2200,6142400,09:05:24
2793,100,279300,09:05:24
2793,100,279300,09:05:24
2795,800,2236000,09:05:22
2794,500,1397000,09:05:22
2793,200,558600,09:05:20
2794,100,279400,09:05:19
2793,1000,2793000,09:05:19
2796,200,559200,09:05:19
2796,100,279600,09:05:18
2795,100,279500,09:05:18
2796,200,559200,09:05:17
2795,100,279500,09:05:17
2795,400,1118000,09:05:17
2795,100,279500,09:05:16
2795,1300,3633500,09:05:16
2794,800,2235200,09:05:16
2792,100,279200,09:05:15
2792,100,279200,09:05:15
2793,100,279300,09:05:15
2795,200,559000,09:05:15
2794,100,279400,09:05:15
2795,300,838500,09:05:14
2796,100,279600,09:05:14
2796,100,279600,09:05:14
2796,100,279600,09:05:14
2796,100,279600,09:05:14
2796,100,279600,09:05:14
2796,300,838800,09:05:14
2797,200,559400,09:05:14
2798,200,559600,09:05:13
2796,100,279600,09:05:13
2795,600,1677000,09:05:12
2794,100,279400,09:05:11
2795,200,559000,09:05:11
2794,100,279400,09:05:11
2792,100,279200,09:05:11
2793,100,279300,09:05:11
2796,200,559200,09:05:10
2794,200,558800,09:05:10
2796,100,279600,09:05:10
2795,100,279500,09:05:10
2796,100,279600,09:05:10
2796,100,279600,09:05:10
2796,100,279600,09:05:10
2796,200,559200,09:05:10
2796,100,279600,09:05:10
2797,100,279700,09:05:10
2796,100,279600,09:05:10
2795,300,838500,09:05:10
2797,3600,10069200,09:05:10
2797,100,279700,09:05:10
2794,200,558800,09:05:10
2796,2800,7828800,09:05:10
2795,500,1397500,09:05:10
2795,1000,2795000,09:05:10
2793,200,558600,09:05:10
2794,100,279400,09:05:09
2795,100,279500,09:05:09
2794,300,838200,09:05:09
2794,100,279400,09:05:08
2792,200,558400,09:05:08
2794,100,279400,09:05:08
2792,200,558400,09:05:08
2794,400,1117600,09:05:07
2794,100,279400,09:05:07
2792,300,837600,09:05:06
2791,100,279100,09:05:06
2792,100,279200,09:05:06
2790,500,1395000,09:05:06
2791,500,1395500,09:05:06
2791,100,279100,09:05:06
2794,200,558800,09:05:06
2793,400,1117200,09:05:06
2789,100,278900,09:05:06
2791,100,279100,09:05:06
2789,100,278900,09:05:05
2793,200,558600,09:05:05
2792,100,279200,09:05:04
2791,100,279100,09:05:04
2793,100,279300,09:05:04
2792,400,1116800,09:05:04
2790,3900,10881000,09:05:04
2790,400,1116000,09:05:04
2790,700,1953000,09:05:04
2793,900,2513700,09:05:04
2792,100,279200,09:05:04
2791,500,1395500,09:05:04
2792,100,279200,09:05:03
2791,100,279100,09:05:03
2790,100,279000,09:05:03
2790,600,1674000,09:05:03
2790,100,279000,09:05:03
2790,200,558000,09:05:02
2789,1000,2789000,09:05:02
2789,100,278900,09:05:01
2789,100,278900,09:05:01
2789,200,557800,09:05:00
2789,200,557800,09:05:00
2789,100,278900,09:05:00
2789,100,278900,09:05:00
2789,800,2231200,09:04:59
2788,800,2230400,09:04:59
2787,100,278700,09:04:59
2787,100,278700,09:04:59
2787,200,557400,09:04:59
2787,100,278700,09:04:58
2788,100,278800,09:04:58
2787,300,836100,09:04:58
2790,100,279000,09:04:58
2790,500,1395000,09:04:58
2791,100,279100,09:04:58
2791,100,279100,09:04:58
2790,600,1674000,09:04:58
2789,300,836700,09:04:58
2788,300,836400,09:04:58
2787,100,278700,09:04:58
2787,100,278700,09:04:58
2788,100,278800,09:04:56
2788,200,557600,09:04:56
2788,400,1115200,09:04:56
2787,100,278700,09:04:56
2786,200,557200,09:04:54
2785,100,278500,09:04:54
2784,100,278400,09:04:54
2785,100,278500,09:04:53
2784,100,278400,09:04:53
2785,400,1114000,09:04:52
2783,100,278300,09:04:52
2784,300,835200,09:04:52
2785,100,278500,09:04:52
2785,100,278500,09:04:52
2788,100,278800,09:04:52
2786,300,835800,09:04:51
2786,100,278600,09:04:51
2786,100,278600,09:04:50
2787,200,557400,09:04:49
2787,100,278700,09:04:49
2787,100,278700,09:04:49
2787,100,278700,09:04:48
2790,100,279000,09:04:48
2790,100,279000,09:04:48
2791,900,2511900,09:04:47
2794,100,279400,09:04:47
2793,900,2513700,09:04:47
2792,100,279200,09:04:47
2792,100,279200,09:04:47
2792,100,279200,09:04:47
2792,100,279200,09:04:47
2792,100,279200,09:04:47
2792,200,558400,09:04:47
2790,100,279000,09:04:46
2791,600,1674600,09:04:46
2791,100,279100,09:04:46
2791,200,558200,09:04:46
2791,100,279100,09:04:46
2792,300,837600,09:04:46
2792,400,1116800,09:04:46
2789,100,278900,09:04:46
2792,100,279200,09:04:45
2791,300,837300,09:04:45
2789,100,278900,09:04:45
2790,100,279000,09:04:45
2789,200,557800,09:04:45
2791,300,837300,09:04:45
2791,1400,3907400,09:04:45
2790,100,279000,09:04:45
2791,100,279100,09:04:45
2789,100,278900,09:04:45
2790,3700,10323000,09:04:45
2789,1300,3625700,09:04:45
2789,100,278900,09:04:45
2789,100,278900,09:04:45
2790,100,279000,09:04:45
2790,100,279000,09:04:45
2790,100,279000,09:04:45
2789,700,1952300,09:04:45
2789,100,278900,09:04:45
2788,1900,5297200,09:04:45
2787,400,1114800,09:04:45
2784,300,835200,09:04:45
2785,100,278500,09:04:44
2784,100,278400,09:04:43
2784,100,278400,09:04:43
2784,100,278400,09:04:43
2786,100,278600,09:04:41
2787,500,1393500,09:04:41
2786,100,278600,09:04:39
2784,100,278400,09:04:39
2786,400,1114400,09:04:39
2785,200,557000,09:04:39
2783,100,278300,09:04:39
2785,100,278500,09:04:38
2785,200,557000,09:04:38
2785,100,278500,09:04:37
2784,100,278400,09:04:37
2785,100,278500,09:04:37
2786,100,278600,09:04:37
2786,500,1393000,09:04:36
2785,700,1949500,09:04:36
2782,800,2225600,09:04:36
2782,500,1391000,09:04:36
2783,200,556600,09:04:35
2782,100,278200,09:04:33
2782,100,278200,09:04:33
2783,200,556600,09:04:32
2782,100,278200,09:04:32
2782,100,278200,09:04:32
2782,300,834600,09:04:32
2783,100,278300,09:04:32
2783,400,1113200,09:04:32
2784,200,556800,09:04:32
2785,100,278500,09:04:31
2784,200,556800,09:04:31
2784,100,278400,09:04:31
2784,200,556800,09:04:30
2785,300,835500,09:04:30
2785,100,278500,09:04:29
2786,300,835800,09:04:28
2786,100,278600,09:04:28
2786,100,278600,09:04:28
2785,200,557000,09:04:28
2785,400,1114000,09:04:28
2785,100,278500,09:04:28
2784,100,278400,09:04:26
2784,100,278400,09:04:26
2783,100,278300,09:04:26
2782,100,278200,09:04:26
2781,200,556200,09:04:26
2781,100,278100,09:04:26
2781,100,278100,09:04:25
2781,200,556200,09:04:23
2782,100,278200,09:04:23
2781,100,278100,09:04:23
2783,100,278300,09:04:22
2781,100,278100,09:04:22
2782,100,278200,09:04:22
2783,100,278300,09:04:21
2785,600,1671000,09:04:21
2784,300,835200,09:04:21
2782,400,1112800,09:04:21
2783,100,278300,09:04:20
2783,200,556600,09:04:20
2783,100,278300,09:04:20
2783,100,278300,09:04:20
2783,100,278300,09:04:20
2783,100,278300,09:04:20
2784,100,278400,09:04:20
2784,100,278400,09:04:19
2784,200,556800,09:04:19
2784,2400,6681600,09:04:19
2785,100,278500,09:04:19
2785,100,278500,09:04:19
2786,800,2228800,09:04:18
2785,100,278500,09:04:18
2784,100,278400,09:04:18
2785,800,2228000,09:04:18
2785,100,278500,09:04:18
2785,300,835500,09:04:18
2788,100,278800,09:04:17
2787,100,278700,09:04:17
2786,300,835800,09:04:16
2785,100,278500,09:04:16
2786,1800,5014800,09:04:16
2786,200,557200,09:04:16
2786,600,1671600,09:04:16
2788,300,836400,09:04:13
2788,100,278800,09:04:12
2788,100,278800,09:04:12
2787,100,278700,09:04:11
2787,300,836100,09:04:11
2788,100,278800,09:04:10
2788,100,278800,09:04:10
2789,500,1394500,09:04:10
2788,100,278800,09:04:10
2788,200,557600,09:04:10
2788,400,1115200,09:04:10
2789,100,278900,09:04:09
2790,100,279000,09:04:09
2790,100,279000,09:04:09
2791,200,558200,09:04:09
2790,300,837000,09:04:09
2790,100,279000,09:04:09
2791,100,279100,09:04:09
2791,100,279100,09:04:09
2792,100,279200,09:04:09
2793,100,279300,09:04:09
2792,700,1954400,09:04:09
2792,100,279200,09:04:09
2790,100,279000,09:04:07
2791,100,279100,09:04:06
2791,200,558200,09:04:06
2790,100,279000,09:04:06
2789,300,836700,09:04:05
2791,100,279100,09:04:05
2790,600,1674000,09:04:05
2789,200,557800,09:04:05
2787,100,278700,09:04:05
2787,100,278700,09:04:04
2787,100,278700,09:04:04
2787,100,278700,09:04:04
2789,100,278900,09:04:03
2786,400,1114400,09:04:03
2787,100,278700,09:04:03
2787,100,278700,09:04:03
2789,100,278900,09:04:02
2789,100,278900,09:04:01
2790,200,558000,09:04:01
2789,700,1952300,09:04:01
2786,300,835800,09:04:01
2787,700,1950900,09:04:01
2788,100,278800,09:04:01
2788,200,557600,09:04:00
2787,100,278700,09:04:00
2787,100,278700,09:04:00
2785,100,278500,09:04:00
2787,100,278700,09:04:00
2787,100,278700,09:04:00
2787,200,557400,09:04:00
2788,100,278800,09:04:00
2788,400,1115200,09:04:00
2785,700,1949500,09:04:00
2786,800,2228800,09:04:00
2787,300,836100,09:04:00
2789,100,278900,09:04:00
2788,100,278800,09:04:00
2787,300,836100,09:04:00
2787,100,278700,09:03:59
2787,100,278700,09:03:59
2788,500,1394000,09:03:59
2788,200,557600,09:03:58
2788,100,278800,09:03:58
2789,100,278900,09:03:58
2791,100,279100,09:03:58
2790,100,279000,09:03:57
2788,100,278800,09:03:57
2788,100,278800,09:03:56
2789,100,278900,09:03:56
2791,100,279100,09:03:56
2790,100,279000,09:03:56
2790,400,1116000,09:03:56
2790,100,279000,09:03:56
2789,100,278900,09:03:56
2789,100,278900,09:03:56
2789,200,557800,09:03:56
2790,100,279000,09:03:56
2788,300,836400,09:03:56
2789,100,278900,09:03:56
2789,100,278900,09:03:56
2789,100,278900,09:03:56
2789,100,278900,09:03:56
2789,100,278900,09:03:56
2789,200,557800,09:03:56
2789,200,557800,09:03:56
2789,900,2510100,09:03:56
2789,200,557800,09:03:56
2789,1300,3625700,09:03:56
2789,1400,3904600,09:03:56
2789,100,278900,09:03:56
2790,300,837000,09:03:56
2792,200,558400,09:03:54
2791,200,558200,09:03:54
2790,100,279000,09:03:53
2791,100,279100,09:03:53
2792,200,558400,09:03:53
2792,100,279200,09:03:53
2792,100,279200,09:03:53
2792,400,1116800,09:03:53
2792,600,1675200,09:03:53
2793,100,279300,09:03:53
2794,100,279400,09:03:52
2795,100,279500,09:03:51
2794,300,838200,09:03:50
2794,100,279400,09:03:50
2794,100,279400,09:03:50
2794,100,279400,09:03:49
2795,100,279500,09:03:49
2795,100,279500,09:03:49
2795,100,279500,09:03:49
2796,200,559200,09:03:49
2796,100,279600,09:03:49
2795,1700,4751500,09:03:49
2795,700,1956500,09:03:49
2795,2400,6708000,09:03:49
2794,300,838200,09:03:49
2793,200,558600,09:03:49
2792,100,279200,09:03:49
2790,600,1674000,09:03:49
2791,400,1116400,09:03:49
2792,300,837600,09:03:49
2790,100,279000,09:03:49
2791,600,1674600,09:03:49
2790,100,279000,09:03:49
2790,800,2232000,09:03:49
2792,600,1675200,09:03:49
2791,200,558200,09:03:49
2788,1000,2788000,09:03:49
2789,800,2231200,09:03:49
2790,400,1116000,09:03:49
2791,300,837300,09:03:48
2790,200,558000,09:03:48
2789,100,278900,09:03:47
2789,100,278900,09:03:47
2790,100,279000,09:03:47
2791,200,558200,09:03:47
2789,100,278900,09:03:47
2790,500,1395000,09:03:47
2790,100,279000,09:03:46
2790,100,279000,09:03:46
2792,100,279200,09:03:46
2792,400,1116800,09:03:45
2791,100,279100,09:03:45
2791,100,279100,09:03:44
2791,300,837300,09:03:44
2793,200,558600,09:03:44
2791,100,279100,09:03:44
2791,100,279100,09:03:44
2792,100,279200,09:03:44
2794,200,558800,09:03:44
2793,300,837900,09:03:44
2793,100,279300,09:03:44
2794,300,838200,09:03:43
2793,100,279300,09:03:43
2796,100,279600,09:03:43
2795,300,838500,09:03:43
2794,200,558800,09:03:43
2795,100,279500,09:03:43
2794,200,558800,09:03:43
2795,200,559000,09:03:43
2795,200,559000,09:03:43
2797,100,279700,09:03:43
2796,2700,7549200,09:03:43
2795,100,279500,09:03:43
2796,100,279600,09:03:43
2795,700,1956500,09:03:43
2795,3000,8385000,09:03:43
2795,100,279500,09:03:42
2794,1500,4191000,09:03:42
2793,500,1396500,09:03:42
2792,100,279200,09:03:40
2793,200,558600,09:03:39
2792,200,558400,09:03:39
2791,100,279100,09:03:38
2789,300,836700,09:03:38
2790,300,837000,09:03:37
2789,100,278900,09:03:36
2790,100,279000,09:03:35
2789,100,278900,09:03:34
2792,200,558400,09:03:34
2789,300,836700,09:03:33
2789,100,278900,09:03:33
2791,500,1395500,09:03:33
2788,700,1951600,09:03:33
2789,300,836700,09:03:33
2789,100,278900,09:03:33
2791,200,558200,09:03:32
2790,300,837000,09:03:32
2791,800,2232800,09:03:32
2793,200,558600,09:03:32
2794,100,279400,09:03:32
2794,300,838200,09:03:32
2794,100,279400,09:03:31
2794,100,279400,09:03:31
2793,600,1675800,09:03:31
2793,100,279300,09:03:31
2792,1500,4188000,09:03:31
2791,500,1395500,09:03:31
2790,100,279000,09:03:31
2790,2100,5859000,09:03:31
2789,100,278900,09:03:31
2788,1000,2788000,09:03:31
2787,1000,2787000,09:03:31
2786,100,278600,09:03:31
2786,100,278600,09:03:31
2785,1000,2785000,09:03:31
2784,100,278400,09:03:31
2784,100,278400,09:03:31
2784,100,278400,09:03:31
2784,400,1113600,09:03:31
2783,100,278300,09:03:31
2781,300,834300,09:03:31
2782,100,278200,09:03:31
2783,400,1113200,09:03:31
2783,400,1113200,09:03:31
2782,100,278200,09:03:31
2781,100,278100,09:03:31
2783,100,278300,09:03:31
2782,500,1391000,09:03:31
2783,3000,8349000,09:03:31
2783,100,278300,09:03:31
2783,100,278300,09:03:31
2784,100,278400,09:03:31
2784,200,556800,09:03:30
2784,100,278400,09:03:29
2784,100,278400,09:03:28
2784,100,278400,09:03:28
2784,300,835200,09:03:28
2784,300,835200,09:03:27
2786,200,557200,09:03:27
2786,100,278600,09:03:26
2785,300,835500,09:03:26
2786,200,557200,09:03:26
2784,400,1113600,09:03:24
2785,200,557000,09:03:24
2785,500,1392500,09:03:24
2787,200,557400,09:03:24
2784,300,835200,09:03:24
2785,100,278500,09:03:23
2787,800,2229600,09:03:23
2786,400,1114400,09:03:23
2784,200,556800,09:03:22
2786,500,1393000,09:03:21
2785,100,278500,09:03:21
2784,100,278400,09:03:20
2782,100,278200,09:03:19
2785,300,835500,09:03:18
2783,100,278300,09:03:18
2784,200,556800,09:03:17
2783,100,278300,09:03:17
2783,300,834900,09:03:17
2781,100,278100,09:03:17
2782,300,834600,09:03:17
2781,200,556200,09:03:17
2780,400,1112000,09:03:17
2780,900,2502000,09:03:17
2781,300,834300,09:03:17
2781,100,278100,09:03:17
2782,300,834600,09:03:17
2782,200,556400,09:03:16
2782,100,278200,09:03:15
2781,100,278100,09:03:15
2781,300,834300,09:03:14
2782,100,278200,09:03:14
2783,100,278300,09:03:14
2783,100,278300,09:03:14
2784,600,1670400,09:03:13
2784,200,556800,09:03:13
2781,200,556200,09:03:13
2782,100,278200,09:03:13
2784,200,556800,09:03:12
2784,100,278400,09:03:11
2784,200,556800,09:03:11
2785,200,557000,09:03:11
2782,900,2503800,09:03:11
2783,700,1948100,09:03:11
2784,400,1113600,09:03:11
2786,100,278600,09:03:11
2786,600,1671600,09:03:11
2785,300,835500,09:03:11
2783,400,1113200,09:03:10
2779,500,1389500,09:03:10
2780,500,1390000,09:03:10
2781,500,1390500,09:03:10
2782,300,834600,09:03:09
2781,100,278100,09:03:09
2782,100,278200,09:03:09
2783,100,278300,09:03:09
2785,100,278500,09:03:08
2782,100,278200,09:03:08
2783,300,834900,09:03:08
2782,100,278200,09:03:08
2783,100,278300,09:03:08
2783,100,278300,09:03:07
2784,100,278400,09:03:07
2784,600,1670400,09:03:07
2784,200,556800,09:03:07
2785,100,278500,09:03:07
2786,100,278600,09:03:07
2786,300,835800,09:03:07
2785,100,278500,09:03:06
2785,100,278500,09:03:06
2786,300,835800,09:03:06
2787,200,557400,09:03:06
2787,100,278700,09:03:05
2789,100,278900,09:03:05
2788,900,2509200,09:03:05
2786,100,278600,09:03:05
2787,100,278700,09:03:05
2787,100,278700,09:03:05
2787,100,278700,09:03:05
2787,100,278700,09:03:05
2787,100,278700,09:03:05
2788,100,278800,09:03:05
2790,100,279000,09:03:04
2788,100,278800,09:03:03
2790,100,279000,09:03:03
2790,200,558000,09:03:03
2790,200,558000,09:03:03
2791,100,279100,09:03:03
2789,100,278900,09:03:02
2790,100,279000,09:03:02
2790,100,279000,09:03:02
2792,100,279200,09:03:02
2790,100,279000,09:03:02
2792,200,558400,09:03:01
2790,100,279000,09:03:01
2792,200,558400,09:03:01
2791,100,279100,09:03:01
2789,100,278900,09:03:01
2789,200,557800,09:03:00
2790,100,279000,09:03:00
2788,200,557600,09:03:00
2790,100,279000,09:02:59
2791,300,837300,09:02:58
2791,100,279100,09:02:58
2789,100,278900,09:02:58
2791,100,279100,09:02:58
2790,100,279000,09:02:58
2791,200,558200,09:02:58
2790,1000,2790000,09:02:57
2789,200,557800,09:02:57
2789,200,557800,09:02:57
2790,700,1953000,09:02:57
2792,100,279200,09:02:57
2790,100,279000,09:02:56
2791,300,837300,09:02:56
2792,100,279200,09:02:56
2792,100,279200,09:02:56
2791,1400,3907400,09:02:56
2790,1100,3069000,09:02:56
2790,400,1116000,09:02:56
2788,100,278800,09:02:56
2789,100,278900,09:02:56
2789,100,278900,09:02:56
2788,200,557600,09:02:55
2789,100,278900,09:02:55
2789,100,278900,09:02:55
2790,100,279000,09:02:55
2792,300,837600,09:02:54
2789,100,278900,09:02:54
2789,100,278900,09:02:53
2789,100,278900,09:02:53
2791,400,1116400,09:02:53
2793,300,837900,09:02:53
2791,700,1953700,09:02:53
2790,400,1116000,09:02:53
2789,200,557800,09:02:53
2789,100,278900,09:02:53
2787,500,1393500,09:02:53
2788,500,1394000,09:02:53
2789,200,557800,09:02:53
2790,500,1395000,09:02:53
2791,100,279100,09:02:53
2792,100,279200,09:02:53
2791,100,279100,09:02:52
2794,300,838200,09:02:52
2793,100,279300,09:02:52
2792,200,558400,09:02:52
2791,400,1116400,09:02:52
2792,200,558400,09:02:52
2793,100,279300,09:02:52
2791,100,279100,09:02:52
2792,300,837600,09:02:51
2791,600,1674600,09:02:51
2792,600,1675200,09:02:51
2793,100,279300,09:02:51
2793,100,279300,09:02:51
2794,100,279400,09:02:51
2793,100,279300,09:02:51
2793,100,279300,09:02:51
2794,600,1676400,09:02:50
2793,300,837900,09:02:50
2790,400,1116000,09:02:50
2791,500,1395500,09:02:50
2792,100,279200,09:02:50
2793,100,279300,09:02:50
2790,200,558000,09:02:50
2792,1500,4188000,09:02:50
2792,100,279200,09:02:50
2791,300,837300,09:02:50
2791,100,279100,09:02:50
2791,200,558200,09:02:50
2791,4600,12838600,09:02:50
2791,800,2232800,09:02:50
2790,12600,35154000,09:02:50
2790,100,279000,09:02:50
2789,2100,5856900,09:02:50
2789,100,278900,09:02:50
2788,1900,5297200,09:02:50
2788,200,557600,09:02:50
2788,100,278800,09:02:50
2787,300,836100,09:02:50
2787,100,278700,09:02:50
2787,600,1672200,09:02:50
2786,2700,7522200,09:02:50
2785,200,557000,09:02:49
2784,300,835200,09:02:49
2784,300,835200,09:02:48
2785,100,278500,09:02:48
2785,100,278500,09:02:48
2786,100,278600,09:02:48
2785,2200,6127000,09:02:48
2785,700,1949500,09:02:48
2783,100,278300,09:02:48
2785,100,278500,09:02:48
2784,700,1948800,09:02:48
2783,100,278300,09:02:48
2783,100,278300,09:02:48
2783,100,278300,09:02:48
2782,1000,2782000,09:02:48
2781,400,1112400,09:02:48
2781,100,278100,09:02:48
2780,600,1668000,09:02:48
2780,200,556000,09:02:48
2779,100,277900,09:02:47
2778,100,277800,09:02:46
2779,100,277900,09:02:45
2777,100,277700,09:02:43
2779,400,1111600,09:02:43
2776,200,555200,09:02:42
2777,100,277700,09:02:42
2777,100,277700,09:02:42
2778,100,277800,09:02:42
2778,100,277800,09:02:41
2779,100,277900,09:02:41
2779,100,277900,09:02:41
2779,200,555800,09:02:41
2779,100,277900,09:02:41
2777,100,277700,09:02:41
2780,200,556000,09:02:40
2781,100,278100,09:02:40
2782,100,278200,09:02:40
2782,100,278200,09:02:40
2782,200,556400,09:02:40
2782,100,278200,09:02:40
2781,2200,6118200,09:02:40
2781,600,1668600,09:02:40
2781,300,834300,09:02:40
2781,100,278100,09:02:40
2781,500,1390500,09:02:40
2780,7500,20850000,09:02:40
2779,100,277900,09:02:40
2779,100,277900,09:02:40
2778,100,277800,09:02:39
2777,100,277700,09:02:39
2779,300,833700,09:02:38
2779,300,833700,09:02:38
2778,1000,2778000,09:02:38
2776,100,277600,09:02:38
2775,200,555000,09:02:38
2775,100,277500,09:02:38
2779,100,277900,09:02:36
2777,600,1666200,09:02:36
2778,100,277800,09:02:36
2779,200,555800,09:02:36
2780,300,834000,09:02:36
2779,200,555800,09:02:36
2778,200,555600,09:02:35
2777,500,1388500,09:02:35
2776,100,277600,09:02:35
2776,300,832800,09:02:34
2775,100,277500,09:02:32
2775,300,832500,09:02:32
2775,100,277500,09:02:32
2773,100,277300,09:02:32
2774,500,1387000,09:02:31
2772,100,277200,09:02:31
2773,700,1941100,09:02:31
2774,100,277400,09:02:31
2774,100,277400,09:02:31
2775,400,1110000,09:02:31
2775,100,277500,09:02:30
2774,400,1109600,09:02:30
2776,100,277600,09:02:30
2777,400,1110800,09:02:29
2775,100,277500,09:02:29
2778,100,277800,09:02:29
2776,100,277600,09:02:29
2777,100,277700,09:02:29
2777,700,1943900,09:02:29
2778,100,277800,09:02:29
2779,1100,3056900,09:02:29
2778,1400,3889200,09:02:29
2777,800,2221600,09:02:29
2776,300,832800,09:02:29
2776,200,555200,09:02:28
2775,200,555000,09:02:28
2774,100,277400,09:02:28
2775,100,277500,09:02:28
2775,100,277500,09:02:28
2775,100,277500,09:02:28
2776,100,277600,09:02:28
2775,200,555000,09:02:27
2777,100,277700,09:02:27
2776,100,277600,09:02:26
2777,100,277700,09:02:26
2777,100,277700,09:02:26
2777,200,555400,09:02:26
2776,100,277600,09:02:26
2776,400,1110400,09:02:26
2774,1100,3051400,09:02:26
2775,200,555000,09:02:26
2776,100,277600,09:02:26
2774,100,277400,09:02:26
2776,100,277600,09:02:26
2775,1000,2775000,09:02:26
2774,300,832200,09:02:26
2773,400,1109200,09:02:25
2775,600,1665000,09:02:25
2776,100,277600,09:02:25
2777,100,277700,09:02:25
2777,100,277700,09:02:25
2777,400,1110800,09:02:25
2776,100,277600,09:02:25
2777,100,277700,09:02:25
2776,2200,6107200,09:02:25
2775,2500,6937500,09:02:25
2774,300,832200,09:02:25
2773,100,277300,09:02:25
2772,100,277200,09:02:24
2771,100,277100,09:02:24
2772,200,554400,09:02:24
2773,100,277300,09:02:24
2773,100,277300,09:02:24
2773,100,277300,09:02:24
2775,100,277500,09:02:24
2774,500,1387000,09:02:24
2774,400,1109600,09:02:23
2772,200,554400,09:02:23
2773,600,1663800,09:02:23
2772,100,277200,09:02:22
2772,100,277200,09:02:22
2771,200,554200,09:02:22
2772,500,1386000,09:02:22
2772,100,277200,09:02:22
2771,300,831300,09:02:22
2771,100,277100,09:02:22
2770,2100,5817000,09:02:22
2769,100,276900,09:02:22
2769,200,553800,09:02:22
2768,300,830400,09:02:22
2766,100,276600,09:02:21
2765,100,276500,09:02:21
2765,100,276500,09:02:21
2766,100,276600,09:02:21
2762,700,1933400,09:02:21
2763,1800,4973400,09:02:21
2764,400,1105600,09:02:21
2765,600,1659000,09:02:21
2766,100,276600,09:02:21
2766,100,276600,09:02:20
2768,300,830400,09:02:20
2767,200,553400,09:02:20
2767,200,553400,09:02:20
2766,500,1383000,09:02:20
2767,200,553400,09:02:20
2767,200,553400,09:02:20
2769,600,1661400,09:02:20
2768,200,553600,09:02:20
2769,100,276900,09:02:20
2767,100,276700,09:02:20
2767,100,276700,09:02:20
2769,100,276900,09:02:20
2769,300,830700,09:02:20
2768,100,276800,09:02:20
2766,100,276600,09:02:20
2768,300,830400,09:02:20
2765,100,276500,09:02:19
2766,100,276600,09:02:18
2766,200,553200,09:02:18
2764,400,1105600,09:02:18
2767,200,553400,09:02:18
2764,300,829200,09:02:18
2767,100,276700,09:02:18
2767,100,276700,09:02:18
2766,100,276600,09:02:18
2765,400,1106000,09:02:18
2766,100,276600,09:02:17
2765,400,1106000,09:02:17
2765,100,276500,09:02:17
2766,800,2212800,09:02:17
2766,400,1106400,09:02:17
2765,400,1106000,09:02:16
2763,400,1105200,09:02:16
2762,300,828600,09:02:16
2763,300,828900,09:02:16
2765,200,553000,09:02:15
2764,600,1658400,09:02:15
2761,100,276100,09:02:15
2763,100,276300,09:02:15
2764,100,276400,09:02:14
2763,100,276300,09:02:14
2763,400,1105200,09:02:14
2762,600,1657200,09:02:14
2761,600,1656600,09:02:14
2761,200,552200,09:02:13
2760,100,276000,09:02:13
2760,100,276000,09:02:12
2761,100,276100,09:02:12
2760,100,276000,09:02:11
2762,100,276200,09:02:11
2762,100,276200,09:02:11
2760,100,276000,09:02:11
2761,200,552200,09:02:11
2760,100,276000,09:02:11
2760,100,276000,09:02:11
2763,200,552600,09:02:11
2762,200,552400,09:02:11
2761,100,276100,09:02:11
2761,100,276100,09:02:11
2762,100,276200,09:02:10
2763,300,828900,09:02:10
2762,100,276200,09:02:10
2760,300,828000,09:02:09
2761,200,552200,09:02:09
2762,200,552400,09:02:09
2759,100,275900,09:02:09
2760,100,276000,09:02:09
2762,100,276200,09:02:09
2761,100,276100,09:02:09
2761,100,276100,09:02:08
2762,100,276200,09:02:08
2761,100,276100,09:02:08
2762,500,1381000,09:02:08
2762,300,828600,09:02:07
2763,200,552600,09:02:07
2766,200,553200,09:02:07
2764,200,552800,09:02:07
2762,100,276200,09:02:07
2762,400,1104800,09:02:07
2763,100,276300,09:02:07
2764,100,276400,09:02:06
2764,400,1105600,09:02:06
2763,200,552600,09:02:06
2762,400,1104800,09:02:06
2762,300,828600,09:02:06
2762,100,276200,09:02:06
2759,100,275900,09:02:06
2760,200,552000,09:02:06
2761,300,828300,09:02:06
2761,500,1380500,09:02:06
2762,400,1104800,09:02:06
2764,200,552800,09:02:06
2763,300,828900,09:02:06
2761,100,276100,09:02:06
2760,100,276000,09:02:06
2759,300,827700,09:02:06
2759,100,275900,09:02:06
2760,100,276000,09:02:05
2760,100,276000,09:02:05
2762,200,552400,09:02:05
2760,200,552000,09:02:05
2761,100,276100,09:02:05
2761,100,276100,09:02:04
2763,100,276300,09:02:04
2763,100,276300,09:02:04
2763,300,828900,09:02:03
2763,600,1657800,09:02:03
2762,300,828600,09:02:03
2761,100,276100,09:02:03
2761,200,552200,09:02:03
2763,300,828900,09:02:03
2766,100,276600,09:02:03
2764,100,276400,09:02:02
2765,100,276500,09:02:02
2765,100,276500,09:02:02
2763,200,552600,09:02:02
2763,300,828900,09:02:02
2764,200,552800,09:02:02
2764,300,829200,09:02:02
2763,100,276300,09:02:02
2761,100,276100,09:02:02
2765,100,276500,09:02:02
2765,100,276500,09:02:01
2765,100,276500,09:02:01
2766,100,276600,09:02:01
2768,100,276800,09:02:01
2767,100,276700,09:02:00
2768,200,553600,09:01:59
2766,100,276600,09:01:58
2769,200,553800,09:01:58
2768,100,276800,09:01:58
2768,800,2214400,09:01:58
2767,200,553400,09:01:58
2768,100,276800,09:01:58
2762,1000,2762000,09:01:58
2763,600,1657800,09:01:58
2764,400,1105600,09:01:58
2765,500,1382500,09:01:58
2766,200,553200,09:01:58
2766,200,553200,09:01:58
2767,200,553400,09:01:58
2769,100,276900,09:01:58
2766,100,276600,09:01:57
2767,300,830100,09:01:57
2768,100,276800,09:01:57
2770,300,831000,09:01:57
2769,700,1938300,09:01:57
2769,100,276900,09:01:57
2769,100,276900,09:01:57
2769,100,276900,09:01:57
2769,100,276900,09:01:57
2771,100,277100,09:01:57
2768,200,553600,09:01:56
2770,200,554000,09:01:56
2767,500,1383500,09:01:56
2768,400,1107200,09:01:56
2769,200,553800,09:01:55
2771,100,277100,09:01:55
2768,100,276800,09:01:55
2771,400,1108400,09:01:55
2770,200,554000,09:01:55
2769,100,276900,09:01:55
2770,500,1385000,09:01:55
2768,200,553600,09:01:55
2769,200,553800,09:01:55
2770,200,554000,09:01:55
2768,300,830400,09:01:54
2770,100,277000,09:01:54
2773,100,277300,09:01:53
2772,100,277200,09:01:53
2770,200,554000,09:01:53
2772,200,554400,09:01:52
2772,100,277200,09:01:52
2773,100,277300,09:01:52
2774,100,277400,09:01:51
2774,200,554800,09:01:50
2777,100,277700,09:01:50
2776,200,555200,09:01:50
2775,100,277500,09:01:50
2775,100,277500,09:01:50
2777,200,555400,09:01:50
2774,100,277400,09:01:50
2776,200,555200,09:01:49
2775,2400,6660000,09:01:49
2774,100,277400,09:01:49
2774,300,832200,09:01:49
2773,100,277300,09:01:49
2772,200,554400,09:01:49
2772,100,277200,09:01:49
2770,900,2493000,09:01:49
2770,400,1108000,09:01:49
2768,500,1384000,09:01:49
2770,100,277000,09:01:48
2772,100,277200,09:01:48
2770,100,277000,09:01:48
2770,300,831000,09:01:48
2772,100,277200,09:01:48
2773,200,554600,09:01:48
2771,200,554200,09:01:48
2774,100,277400,09:01:47
2772,100,277200,09:01:47
2773,100,277300,09:01:47
2774,100,277400,09:01:47
2773,200,554600,09:01:47
2772,700,1940400,09:01:47
2771,200,554200,09:01:47
2770,200,554000,09:01:47
2769,100,276900,09:01:47
2769,300,830700,09:01:47
2766,200,553200,09:01:47
2767,500,1383500,09:01:47
2768,200,553600,09:01:47
2770,300,831000,09:01:46
2771,400,1108400,09:01:46
2770,100,277000,09:01:46
2768,600,1660800,09:01:46
2769,500,1384500,09:01:46
2770,100,277000,09:01:46
2771,100,277100,09:01:46
2770,500,1385000,09:01:45
2770,200,554000,09:01:45
2768,100,276800,09:01:45
2769,100,276900,09:01:45
2770,600,1662000,09:01:45
2771,900,2493900,09:01:45
2772,300,831600,09:01:45
2775,100,277500,09:01:45
2774,500,1387000,09:01:43
2773,100,277300,09:01:43
2772,100,277200,09:01:43
2772,100,277200,09:01:43
2773,200,554600,09:01:43
2775,100,277500,09:01:43
2777,100,277700,09:01:43
2777,100,277700,09:01:42
2777,200,555400,09:01:42
2778,100,277800,09:01:42
2779,100,277900,09:01:41
2780,200,556000,09:01:41
2778,200,555600,09:01:41
2779,100,277900,09:01:41
2780,200,556000,09:01:41
2779,100,277900,09:01:41
2779,100,277900,09:01:41
2778,100,277800,09:01:41
2779,100,277900,09:01:40
2779,500,1389500,09:01:40
2780,100,278000,09:01:40
2780,100,278000,09:01:40
2780,100,278000,09:01:40
2781,200,556200,09:01:40
2781,100,278100,09:01:40
2780,1100,3058000,09:01:40
2779,100,277900,09:01:40
2781,100,278100,09:01:39
2778,600,1666800,09:01:39
2779,300,833700,09:01:39
2780,100,278000,09:01:39
2780,200,556000,09:01:39
2780,100,278000,09:01:39
2776,300,832800,09:01:39
2779,600,1667400,09:01:39
2778,300,833400,09:01:39
2777,100,277700,09:01:39
2776,100,277600,09:01:39
2777,4500,12496500,09:01:39
2777,300,833100,09:01:39
2777,100,277700,09:01:39
2777,200,555400,09:01:39
2777,300,833100,09:01:39
2776,100,277600,09:01:39
2776,100,277600,09:01:39
2777,200,555400,09:01:39
2778,100,277800,09:01:39
2777,100,277700,09:01:38
2777,100,277700,09:01:38
2778,100,277800,09:01:38
2778,100,277800,09:01:38
2778,200,555600,09:01:38
2777,100,277700,09:01:38
2776,100,277600,09:01:38
2777,100,277700,09:01:38
2777,100,277700,09:01:38
2776,100,277600,09:01:38
2776,100,277600,09:01:38
2776,100,277600,09:01:38
2774,100,277400,09:01:38
2775,100,277500,09:01:37
2775,100,277500,09:01:37
2776,200,555200,09:01:37
2772,100,277200,09:01:37
2775,800,2220000,09:01:37
2770,100,277000,09:01:37
2771,1100,3048100,09:01:37
2772,800,2217600,09:01:37
2773,400,1109200,09:01:37
2774,300,832200,09:01:37
2775,100,277500,09:01:37
2774,200,554800,09:01:37
2774,100,277400,09:01:37
2774,100,277400,09:01:37
2774,100,277400,09:01:37
2774,200,554800,09:01:37
2774,200,554800,09:01:37
2774,100,277400,09:01:37
2775,300,832500,09:01:37
2776,100,277600,09:01:37
2776,200,555200,09:01:37
2776,100,277600,09:01:36
2777,500,1388500,09:01:36
2777,200,555400,09:01:36
2778,100,277800,09:01:35
2779,100,277900,09:01:34
2780,100,278000,09:01:34
2780,100,278000,09:01:34
2782,100,278200,09:01:34
2780,2700,7506000,09:01:34
2781,100,278100,09:01:34
2779,100,277900,09:01:34
2779,200,555800,09:01:33
2782,100,278200,09:01:33
2781,100,278100,09:01:33
2779,100,277900,09:01:33
2778,100,277800,09:01:33
2780,100,278000,09:01:33
2779,100,277900,09:01:33
2777,400,1110800,09:01:32
2777,100,277700,09:01:32
2777,100,277700,09:01:32
2777,100,277700,09:01:32
2780,100,278000,09:01:32
2778,100,277800,09:01:31
2780,100,278000,09:01:31
2778,100,277800,09:01:31
2781,100,278100,09:01:31
2781,100,278100,09:01:31
2778,100,277800,09:01:30
2780,100,278000,09:01:30
2782,300,834600,09:01:29
2781,300,834300,09:01:29
2781,100,278100,09:01:29
2783,100,278300,09:01:29
2783,200,556600,09:01:29
2784,100,278400,09:01:29
2786,100,278600,09:01:29
2786,200,557200,09:01:28
2786,100,278600,09:01:28
2785,200,557000,09:01:28
2783,100,278300,09:01:28
2788,400,1115200,09:01:27
2787,300,836100,09:01:27
2787,200,557400,09:01:27
2787,100,278700,09:01:27
2787,800,2229600,09:01:27
2786,400,1114400,09:01:27
2784,100,278400,09:01:27
2785,1100,3063500,09:01:27
2783,100,278300,09:01:27
2782,200,556400,09:01:26
2783,400,1113200,09:01:26
2785,300,835500,09:01:25
2782,100,278200,09:01:25
2784,100,278400,09:01:25
2782,200,556400,09:01:25
2782,100,278200,09:01:24
2784,600,1670400,09:01:24
2786,100,278600,09:01:24
2785,100,278500,09:01:24
2788,100,278800,09:01:24
2788,100,278800,09:01:24
2786,100,278600,09:01:24
2785,300,835500,09:01:24
2782,100,278200,09:01:23
2784,100,278400,09:01:23
2784,100,278400,09:01:23
2784,100,278400,09:01:23
2784,200,556800,09:01:23
2784,200,556800,09:01:23
2785,100,278500,09:01:23
2783,500,1391500,09:01:23
2784,100,278400,09:01:23
2786,100,278600,09:01:23
2786,1000,2786000,09:01:23
2786,100,278600,09:01:23
2786,100,278600,09:01:23
2785,700,1949500,09:01:23
2785,500,1392500,09:01:23
2784,300,835200,09:01:23
2783,200,556600,09:01:23
2782,200,556400,09:01:23
2779,100,277900,09:01:23
2781,100,278100,09:01:22
2781,100,278100,09:01:22
2779,300,833700,09:01:22
2782,200,556400,09:01:22
2782,100,278200,09:01:22
2779,100,277900,09:01:21
2781,100,278100,09:01:21
2783,200,556600,09:01:21
2783,100,278300,09:01:21
2782,100,278200,09:01:21
2782,100,278200,09:01:21
2782,300,834600,09:01:21
2780,200,556000,09:01:21
2779,100,277900,09:01:21
2780,100,278000,09:01:20
2781,100,278100,09:01:20
2781,100,278100,09:01:20
2781,100,278100,09:01:20
2779,200,555800,09:01:19
2783,200,556600,09:01:19
2782,100,278200,09:01:18
2782,200,556400,09:01:18
2781,100,278100,09:01:18
2781,100,278100,09:01:18
2780,200,556000,09:01:18
2782,100,278200,09:01:18
2782,100,278200,09:01:18
2782,100,278200,09:01:17
2781,300,834300,09:01:17
2780,200,556000,09:01:17
2779,500,1389500,09:01:17
2781,200,556200,09:01:17
2781,100,278100,09:01:17
2783,100,278300,09:01:16
2782,100,278200,09:01:16
2781,100,278100,09:01:16
2780,100,278000,09:01:16
2781,200,556200,09:01:16
2779,500,1389500,09:01:16
2780,100,278000,09:01:16
2780,100,278000,09:01:16
2782,100,278200,09:01:15
2784,1200,3340800,09:01:15
2783,100,278300,09:01:15
2782,3100,8624200,09:01:15
2781,600,1668600,09:01:15
2778,200,555600,09:01:15
2779,300,833700,09:01:15
2780,100,278000,09:01:15
2781,100,278100,09:01:15
2781,200,556200,09:01:14
2781,100,278100,09:01:14
2781,100,278100,09:01:14
2781,200,556200,09:01:14
2780,100,278000,09:01:14
2780,100,278000,09:01:14
2782,100,278200,09:01:13
2780,1400,3892000,09:01:13
2779,300,833700,09:01:13
2778,700,1944600,09:01:13
2779,300,833700,09:01:13
2779,200,555800,09:01:13
2781,100,278100,09:01:13
2780,100,278000,09:01:13
2779,300,833700,09:01:13
2778,200,555600,09:01:13
2776,100,277600,09:01:12
2777,400,1110800,09:01:12
2776,200,555200,09:01:12
2775,100,277500,09:01:12
2775,100,277500,09:01:12
2775,100,277500,09:01:11
2776,100,277600,09:01:11
2775,100,277500,09:01:11
2775,100,277500,09:01:11
2774,100,277400,09:01:11
2775,200,555000,09:01:11
2774,300,832200,09:01:10
2775,200,555000,09:01:10
2776,200,555200,09:01:10
2777,100,277700,09:01:10
2777,100,277700,09:01:10
2776,300,832800,09:01:10
2775,300,832500,09:01:10
2775,400,1110000,09:01:10
2776,200,555200,09:01:10
2776,400,1110400,09:01:10
2777,300,833100,09:01:10
2778,100,277800,09:01:09
2779,400,1111600,09:01:09
2777,100,277700,09:01:09
2778,300,833400,09:01:09
2777,100,277700,09:01:09
2779,100,277900,09:01:09
2780,200,556000,09:01:08
2780,200,556000,09:01:08
2779,400,1111600,09:01:08
2778,200,555600,09:01:08
2777,100,277700,09:01:08
2779,100,277900,09:01:08
2781,100,278100,09:01:08
2781,100,278100,09:01:08
2780,1300,3614000,09:01:08
2780,1200,3336000,09:01:08
2780,700,1946000,09:01:08
2780,100,278000,09:01:08
2780,1200,3336000,09:01:08
2780,1400,3892000,09:01:08
2779,1300,3612700,09:01:08
2778,1200,3333600,09:01:08
2777,100,277700,09:01:08
2775,100,277500,09:01:08
2775,300,832500,09:01:07
2776,100,277600,09:01:07
2776,200,555200,09:01:07
2779,200,555800,09:01:07
2778,200,555600,09:01:07
2777,100,277700,09:01:07
2775,100,277500,09:01:06
2778,200,555600,09:01:06
2776,100,277600,09:01:06
2777,1500,4165500,09:01:06
2775,200,555000,09:01:06
2774,100,277400,09:01:06
2774,400,1109600,09:01:05
2773,100,277300,09:01:05
2772,100,277200,09:01:05
2772,100,277200,09:01:05
2772,100,277200,09:01:05
2772,100,277200,09:01:05
2774,300,832200,09:01:04
2773,100,277300,09:01:04
2773,100,277300,09:01:04
2772,200,554400,09:01:04
2772,200,554400,09:01:04
2772,100,277200,09:01:04
2770,1800,4986000,09:01:04
2770,100,277000,09:01:04
2771,900,2493900,09:01:04
2770,3400,9418000,09:01:04
2770,100,277000,09:01:04
2769,100,276900,09:01:04
2768,1200,3321600,09:01:04
2767,300,830100,09:01:04
2765,100,276500,09:01:03
2767,100,276700,09:01:03
2768,500,1384000,09:01:03
2767,200,553400,09:01:03
2765,100,276500,09:01:03
2766,100,276600,09:01:03
2766,100,276600,09:01:03
2768,100,276800,09:01:03
2769,200,553800,09:01:03
2768,100,276800,09:01:02
2768,100,276800,09:01:02
2770,100,277000,09:01:02
2769,800,2215200,09:01:02
2768,100,276800,09:01:01
2769,100,276900,09:01:01
2768,1000,2768000,09:01:01
2768,200,553600,09:01:01
2768,100,276800,09:01:01
2768,200,553600,09:01:01
2767,100,276700,09:01:01
2766,100,276600,09:01:01
2765,100,276500,09:01:01
2767,100,276700,09:01:01
2766,2200,6085200,09:01:01
2765,300,829500,09:01:01
2765,100,276500,09:01:00
2765,100,276500,09:01:00
2763,300,828900,09:01:00
2763,500,1381500,09:01:00
2764,700,1934800,09:01:00
2763,300,828900,09:01:00
2763,100,276300,09:01:00
2762,200,552400,09:01:00
2757,2500,6892500,09:01:00
2757,800,2205600,09:01:00
2758,1100,3033800,09:01:00
2759,700,1931300,09:01:00
2760,1300,3588000,09:01:00
2761,500,1380500,09:01:00
2762,1100,3038200,09:01:00
2762,500,1381000,09:01:00
2759,700,1931300,09:01:00
2760,600,1656000,09:01:00
2761,600,1656600,09:01:00
2762,100,276200,09:01:00
2762,200,552400,09:01:00
2763,100,276300,09:01:00
2764,100,276400,09:01:00
2763,200,552600,09:01:00
2762,200,552400,09:00:59
2762,200,552400,09:00:59
2763,200,552600,09:00:59
2764,100,276400,09:00:59
2765,100,276500,09:00:59
2765,2400,6636000,09:00:59
2764,800,2211200,09:00:59
2763,100,276300,09:00:59
2764,100,276400,09:00:59
2762,100,276200,09:00:59
2762,100,276200,09:00:58
2760,100,276000,09:00:58
2760,100,276000,09:00:58
2761,200,552200,09:00:58
2761,200,552200,09:00:58
2763,400,1105200,09:00:58
2762,1700,4695400,09:00:58
2761,800,2208800,09:00:58
2760,200,552000,09:00:58
2760,100,276000,09:00:58
2760,300,828000,09:00:58
2760,600,1656000,09:00:58
2759,200,551800,09:00:58
2758,400,1103200,09:00:58
2758,100,275800,09:00:57
2759,100,275900,09:00:57
2756,100,275600,09:00:57
2758,100,275800,09:00:57
2757,300,827100,09:00:56
2759,100,275900,09:00:56
2761,100,276100,09:00:56
2760,200,552000,09:00:56
2760,300,828000,09:00:56
2759,300,827700,09:00:56
2758,100,275800,09:00:56
2757,200,551400,09:00:56
2756,100,275600,09:00:56
2756,100,275600,09:00:56
2755,500,1377500,09:00:56
2755,100,275500,09:00:55
2759,100,275900,09:00:55
2755,100,275500,09:00:54
2756,700,1929200,09:00:54
2757,100,275700,09:00:54
2759,100,275900,09:00:54
2761,400,1104400,09:00:54
2761,100,276100,09:00:54
2760,100,276000,09:00:54
2760,500,1380000,09:00:53
2758,100,275800,09:00:53
2756,100,275600,09:00:53
2756,100,275600,09:00:53
2756,400,1102400,09:00:53
2758,400,1103200,09:00:53
2758,100,275800,09:00:53
2756,300,826800,09:00:53
2759,100,275900,09:00:53
2757,1000,2757000,09:00:52
2760,100,276000,09:00:52
2761,100,276100,09:00:52
2759,100,275900,09:00:52
2760,900,2484000,09:00:52
2759,100,275900,09:00:52
2757,200,551400,09:00:52
2757,100,275700,09:00:52
2757,100,275700,09:00:51
2758,100,275800,09:00:51
2757,400,1102800,09:00:51
2758,300,827400,09:00:51
2759,200,551800,09:00:51
2761,100,276100,09:00:51
2760,100,276000,09:00:51
2761,500,1380500,09:00:51
2760,300,828000,09:00:51
2759,100,275900,09:00:51
2758,600,1654800,09:00:50
2759,100,275900,09:00:50
2758,100,275800,09:00:50
2759,100,275900,09:00:50
2757,200,551400,09:00:50
2758,200,551600,09:00:50
2759,100,275900,09:00:50
2758,200,551600,09:00:49
2759,100,275900,09:00:49
2759,200,551800,09:00:49
2758,100,275800,09:00:49
2758,200,551600,09:00:48
2760,300,828000,09:00:48
2759,100,275900,09:00:48
2759,100,275900,09:00:48
2757,100,275700,09:00:48
2757,400,1102800,09:00:48
2757,100,275700,09:00:48
2756,1000,2756000,09:00:48
2755,400,1102000,09:00:48
2754,100,275400,09:00:48
2755,100,275500,09:00:48
2755,100,275500,09:00:47
2757,300,827100,09:00:47
2755,100,275500,09:00:47
2756,100,275600,09:00:47
2756,100,275600,09:00:47
2758,300,827400,09:00:46
2757,200,551400,09:00:46
2756,100,275600,09:00:46
2756,100,275600,09:00:46
2756,100,275600,09:00:46
2755,100,275500,09:00:46
2754,200,550800,09:00:46
2755,100,275500,09:00:46
2757,100,275700,09:00:46
2756,100,275600,09:00:46
2755,100,275500,09:00:46
2755,100,275500,09:00:46
2755,100,275500,09:00:45
2756,100,275600,09:00:45
2755,500,1377500,09:00:45
2755,100,275500,09:00:45
2757,100,275700,09:00:43
2755,100,275500,09:00:43
2757,100,275700,09:00:42
2755,100,275500,09:00:42
2756,100,275600,09:00:42
2757,100,275700,09:00:42
2756,100,275600,09:00:42
2755,100,275500,09:00:42
2756,100,275600,09:00:42
2757,200,551400,09:00:42
2757,100,275700,09:00:41
2755,500,1377500,09:00:41
2757,200,551400,09:00:41
2753,200,550600,09:00:41
2754,1300,3580200,09:00:41
2755,1000,2755000,09:00:41
2756,200,551200,09:00:41
2757,100,275700,09:00:40
2756,100,275600,09:00:40
2759,100,275900,09:00:40
2758,100,275800,09:00:40
2759,300,827700,09:00:40
2761,100,276100,09:00:39
2759,100,275900,09:00:39
2759,200,551800,09:00:39
2760,1000,2760000,09:00:39
2762,300,828600,09:00:39
2761,300,828300,09:00:39
2760,2200,6072000,09:00:39
2759,1300,3586700,09:00:39
2757,100,275700,09:00:39
2757,100,275700,09:00:39
2756,100,275600,09:00:39
2755,100,275500,09:00:38
2753,100,275300,09:00:38
2756,100,275600,09:00:38
2755,100,275500,09:00:38
2755,100,275500,09:00:38
2754,100,275400,09:00:38
2754,100,275400,09:00:37
2759,1000,2759000,09:00:37
2758,300,827400,09:00:37
2757,1300,3584100,09:00:37
2756,200,551200,09:00:37
2755,100,275500,09:00:37
2754,100,275400,09:00:37
2753,100,275300,09:00:37
2751,100,275100,09:00:36
2752,400,1100800,09:00:36
2757,200,551400,09:00:36
2756,200,551200,09:00:36
2755,100,275500,09:00:36
2755,200,551000,09:00:36
2755,200,551000,09:00:36
2756,2600,7165600,09:00:35
2756,100,275600,09:00:35
2757,100,275700,09:00:35
2758,300,827400,09:00:35
2757,400,1102800,09:00:35
2757,100,275700,09:00:35
2756,100,275600,09:00:35
2757,100,275700,09:00:35
2756,2400,6614400,09:00:35
2755,1300,3581500,09:00:35
2754,100,275400,09:00:35
2754,200,550800,09:00:35
2753,400,1101200,09:00:35
2752,200,550400,09:00:35
2751,100,275100,09:00:35
2751,200,550200,09:00:35
2750,100,275000,09:00:34
2749,600,1649400,09:00:34
2749,100,274900,09:00:34
2751,300,825300,09:00:34
2750,200,550000,09:00:34
2749,100,274900,09:00:34
2748,700,1923600,09:00:33
2749,200,549800,09:00:33
2748,700,1923600,09:00:33
2745,200,549000,09:00:33
2746,100,274600,09:00:33
2748,100,274800,09:00:33
2749,300,824700,09:00:33
2749,300,824700,09:00:33
2753,800,2202400,09:00:33
2752,300,825600,09:00:33
2751,700,1925700,09:00:33
2750,200,550000,09:00:33
2750,600,1650000,09:00:32
2750,100,275000,09:00:32
2747,600,1648200,09:00:32
2748,200,549600,09:00:32
2749,100,274900,09:00:32
2750,100,275000,09:00:32
2749,100,274900,09:00:32
2746,300,823800,09:00:32
2748,200,549600,09:00:32
2746,200,549200,09:00:31
2746,100,274600,09:00:31
2747,200,549400,09:00:31
2747,200,549400,09:00:30
2745,400,1098000,09:00:30
2746,400,1098400,09:00:30
2747,200,549400,09:00:30
2749,400,1099600,09:00:30
2748,100,274800,09:00:30
2748,200,549600,09:00:30
2749,400,1099600,09:00:30
2750,100,275000,09:00:30
2749,100,274900,09:00:30
2750,200,550000,09:00:29
2750,100,275000,09:00:29
2750,100,275000,09:00:28
2750,200,550000,09:00:28
2751,100,275100,09:00:28
2753,200,550600,09:00:27
2751,200,550200,09:00:27
2753,200,550600,09:00:27
2752,3500,9632000,09:00:27
2751,1100,3026100,09:00:27
2751,200,550200,09:00:27
2750,700,1925000,09:00:26
2747,100,274700,09:00:26
2748,200,549600,09:00:26
2746,100,274600,09:00:25
2746,800,2196800,09:00:25
2745,200,549000,09:00:25
2745,100,274500,09:00:25
2746,100,274600,09:00:25
2747,200,549400,09:00:25
2748,300,824400,09:00:25
2750,100,275000,09:00:25
2750,100,275000,09:00:25
2749,600,1649400,09:00:25
2750,11500,31625000,09:00:25
2749,900,2474100,09:00:25
2750,2900,7975000,09:00:25
2749,500,1374500,09:00:25
2750,1900,5225000,09:00:25
2750,100,275000,09:00:25
2749,200,549800,09:00:25
2750,500,1375000,09:00:25
2749,2200,6047800,09:00:25
2748,1200,3297600,09:00:25
2747,1500,4120500,09:00:25
2746,200,549200,09:00:25
2745,200,549000,09:00:25
2744,300,823200,09:00:25
2742,100,274200,09:00:25
2743,100,274300,09:00:25
2745,200,549000,09:00:24
2744,400,1097600,09:00:24
2742,100,274200,09:00:24
2744,100,274400,09:00:24
2743,100,274300,09:00:23
2744,100,274400,09:00:23
2742,100,274200,09:00:23
2744,100,274400,09:00:23
2742,200,548400,09:00:23
2743,100,274300,09:00:23
2745,100,274500,09:00:22
2744,1000,2744000,09:00:22
2744,100,274400,09:00:22
2742,100,274200,09:00:21
2742,400,1096800,09:00:21
2741,400,1096400,09:00:21
2737,100,273700,09:00:20
2741,100,274100,09:00:20
2740,100,274000,09:00:20
2739,300,821700,09:00:20
2739,100,273900,09:00:20
2737,100,273700,09:00:20
2738,400,1095200,09:00:20
2742,100,274200,09:00:20
2741,100,274100,09:00:20
2739,300,821700,09:00:20
2737,100,273700,09:00:20
2736,900,2462400,09:00:20
2732,100,273200,09:00:20
2735,200,547000,09:00:20
2737,100,273700,09:00:19
2737,300,821100,09:00:19
2741,400,1096400,09:00:19
2742,200,548400,09:00:19
2745,600,1647000,09:00:19
2745,100,274500,09:00:19
2745,200,549000,09:00:19
2745,100,274500,09:00:19
2745,200,549000,09:00:19
2745,200,549000,09:00:19
2745,200,549000,09:00:19
2745,100,274500,09:00:19
2745,200,549000,09:00:19
2745,100,274500,09:00:19
2745,1000,2745000,09:00:19
2742,700,1919400,09:00:19
2744,100,274400,09:00:19
2744,100,274400,09:00:17
2743,100,274300,09:00:17
2743,100,274300,09:00:17
2743,600,1645800,09:00:17
2742,100,274200,09:00:17
2741,100,274100,09:00:17
2742,1400,3838800,09:00:17
2736,200,547200,09:00:17
2737,100,273700,09:00:17
2741,300,822300,09:00:17
2740,200,548000,09:00:17
2740,700,1918000,09:00:17
2738,500,1369000,09:00:17
2738,100,273800,09:00:17
2739,900,2465100,09:00:17
2738,100,273800,09:00:17
2734,1400,3827600,09:00:17
2735,700,1914500,09:00:17
2739,200,547800,09:00:16
2738,100,273800,09:00:16
2735,600,1641000,09:00:16
2738,300,821400,09:00:16
2734,600,1640400,09:00:16
2736,200,547200,09:00:16
2735,100,273500,09:00:16
2734,100,273400,09:00:16
2732,100,273200,09:00:16
2734,400,1093600,09:00:16
2731,100,273100,09:00:16
2734,300,820200,09:00:15
2736,300,820800,09:00:15
2737,100,273700,09:00:15
2737,600,1642200,09:00:15
2736,100,273600,09:00:15
2736,100,273600,09:00:15
2735,500,1367500,09:00:15
2734,500,1367000,09:00:15
2733,300,819900,09:00:15
2731,100,273100,09:00:14
2728,200,545600,09:00:14
2730,100,273000,09:00:13
2729,100,272900,09:00:13
2727,100,272700,09:00:13
2725,200,545000,09:00:13
2726,100,272600,09:00:13
2727,100,272700,09:00:13
2727,100,272700,09:00:13
2728,100,272800,09:00:13
2727,400,1090800,09:00:13
2726,300,817800,09:00:13
2726,100,272600,09:00:13
2726,200,545200,09:00:13
2725,200,545000,09:00:13
2724,400,1089600,09:00:13
2723,200,544600,09:00:13
2723,200,544600,09:00:12
2721,100,272100,09:00:12
2721,500,1360500,09:00:12
2721,500,1360500,09:00:12
2722,100,272200,09:00:12
2721,100,272100,09:00:12
2719,100,271900,09:00:12
2720,200,544000,09:00:12
2719,100,271900,09:00:12
2720,200,544000,09:00:12
2717,100,271700,09:00:12
2718,200,543600,09:00:12
2719,200,543800,09:00:12
2722,100,272200,09:00:12
2721,200,544200,09:00:12
2719,400,1087600,09:00:12
2720,100,272000,09:00:12
2721,100,272100,09:00:12
2722,200,544400,09:00:12
2723,300,816900,09:00:12
2728,700,1909600,09:00:12
2727,300,818100,09:00:12
2719,300,815700,09:00:12
2720,900,2448000,09:00:12
2721,1100,2993100,09:00:12
2722,500,1361000,09:00:12
2723,700,1906100,09:00:12
2724,200,544800,09:00:12
2725,300,817500,09:00:12
2731,100,273100,09:00:10
2735,200,547000,09:00:10
2734,300,820200,09:00:10
2733,300,819900,09:00:10
2732,200,546400,09:00:10
2731,200,546200,09:00:10
2730,500,1365000,09:00:10
2732,100,273200,09:00:09
2731,200,546200,09:00:08
2733,100,273300,09:00:08
2732,400,1092800,09:00:08
2731,400,1092400,09:00:08
2729,100,272900,09:00:07
2729,400,1091600,09:00:07
2730,100,273000,09:00:07
2730,200,546000,09:00:06
2731,100,273100,09:00:06
2732,600,1639200,09:00:06
2733,100,273300,09:00:06
2732,1000,2732000,09:00:06
2734,100,273400,09:00:06
2732,500,1366000,09:00:06
2731,100,273100,09:00:06
2732,1000,2732000,09:00:06
2733,100,273300,09:00:06
2730,200,546000,09:00:06
2727,200,545400,09:00:06
2727,200,545400,09:00:06
2728,100,272800,09:00:06
2729,200,545800,09:00:06
2731,100,273100,09:00:05
2730,100,273000,09:00:05
2730,1000,2730000,09:00:05
2730,200,546000,09:00:05
2730,100,273000,09:00:05
2729,100,272900,09:00:05
2730,200,546000,09:00:05
2729,100,272900,09:00:05
2727,200,545400,09:00:04
2726,100,272600,09:00:04
2722,500,1361000,09:00:04
2723,100,272300,09:00:04
2725,400,1090000,09:00:04
2727,100,272700,09:00:04
2727,100,272700,09:00:04
2730,600,1638000,09:00:04
2727,100,272700,09:00:04
2729,200,545800,09:00:04
2729,200,545800,09:00:03
2728,100,272800,09:00:03
2727,300,818100,09:00:03
2726,300,817800,09:00:03
2725,1400,3815000,09:00:02
2725,100,272500,09:00:02
2725,100,272500,09:00:02
2725,300,817500,09:00:02
2721,100,272100,09:00:02
2723,500,1361500,09:00:02
2724,500,1362000,09:00:02
2725,200,545000,09:00:02
2725,100,272500,09:00:02
2730,500,1365000,09:00:01
2729,200,545800,09:00:01
2729,100,272900,09:00:01
2729,1200,3274800,09:00:01
2729,100,272900,09:00:01
2728,300,818400,09:00:01
2728,100,272800,09:00:01
2728,100,272800,09:00:01
2727,200,545400,09:00:01
2726,100,272600,09:00:01
2725,200,545000,09:00:01
2724,200,544800,09:00:01
2725,300,817500,09:00:01
2726,200,545200,09:00:01
2727,100,272700,09:00:01
2727,100,272700,09:00:01
2727,100,272700,09:00:01
2726,100,272600,09:00:01
2726,100,272600,09:00:00
2726,100,272600,09:00:00
2725,200,545000,09:00:00
2725,100,272500,09:00:00
2725,100,272500,09:00:00
2723,600,1633800,09:00:00
2722,87300,237630600,09:00:00