値段,株数,金額,時刻
34640,160200,5549328000,15:30:00
34540,100,3454000,15:24:59
34580,100,3458000,15:24:55
34580,100,3458000,15:24:51
34550,100,3455000,15:24:50
34550,100,3455000,15:24:47
34560,300,10368000,15:24:47
34570,100,3457000,15:24:47
34570,100,3457000,15:24:47
34580,100,3458000,15:24:47
34580,100,3458000,15:24:47
34570,100,3457000,15:24:47
34570,200,6914000,15:24:47
34570,100,3457000,15:24:47
34570,300,10371000,15:24:47
34580,100,3458000,15:24:47
34570,200,6914000,15:24:45
34570,200,6914000,15:24:45
34570,100,3457000,15:24:45
34560,100,3456000,15:24:45
34630,200,6926000,15:24:45
34630,500,17315000,15:24:45
34620,500,17310000,15:24:45
34610,600,20766000,15:24:45
34600,700,24220000,15:24:45
34590,300,10377000,15:24:45
34580,600,20748000,15:24:45
34570,600,20742000,15:24:45
34560,400,13824000,15:24:45
34550,400,13820000,15:24:45
34540,500,17270000,15:24:45
34520,100,3452000,15:24:45
34530,100,3453000,15:24:42
34540,100,3454000,15:24:42
34530,300,10359000,15:24:38
34530,100,3453000,15:24:38
34540,100,3454000,15:24:37
34540,100,3454000,15:24:34
34520,100,3452000,15:24:33
34530,100,3453000,15:24:30
34520,100,3452000,15:24:30
34530,100,3453000,15:24:29
34540,500,17270000,15:24:29
34550,1500,51825000,15:24:29
34560,1100,38016000,15:24:29
34560,100,3456000,15:24:29
34570,1100,38027000,15:24:29
34570,100,3457000,15:24:28
34580,1700,58786000,15:24:27
34590,100,3459000,15:24:27
34590,1200,41508000,15:24:27
34590,100,3459000,15:24:27
34590,100,3459000,15:24:27
34590,100,3459000,15:24:26
34590,100,3459000,15:24:26
34590,100,3459000,15:24:26
34620,100,3462000,15:24:26
34590,100,3459000,15:24:26
34610,100,3461000,15:24:26
34600,2800,96880000,15:24:26
34610,100,3461000,15:24:26
34610,400,13844000,15:24:26
34610,1000,34610000,15:24:26
34620,700,24234000,15:24:26
34630,400,13852000,15:24:26
34630,100,3463000,15:24:18
34640,100,3464000,15:24:17
34630,100,3463000,15:24:14
34640,100,3464000,15:24:09
34650,100,3465000,15:24:07
34630,100,3463000,15:24:05
34640,100,3464000,15:24:04
34650,200,6930000,15:24:03
34650,100,3465000,15:24:02
34670,100,3467000,15:24:01
34650,100,3465000,15:24:00
34650,100,3465000,15:23:57
34660,300,10398000,15:23:57
34650,100,3465000,15:23:57
34650,300,10395000,15:23:56
34660,100,3466000,15:23:56
34650,400,13860000,15:23:55
34640,200,6928000,15:23:53
34640,100,3464000,15:23:53
34640,100,3464000,15:23:50
34630,100,3463000,15:23:43
34640,100,3464000,15:23:36
34640,100,3464000,15:23:36
34640,100,3464000,15:23:36
34640,300,10392000,15:23:34
34650,100,3465000,15:23:26
34650,100,3465000,15:23:26
34650,100,3465000,15:23:20
34650,100,3465000,15:23:18
34660,100,3466000,15:23:06
34670,200,6934000,15:22:55
34670,100,3467000,15:22:55
34680,600,20808000,15:22:55
34680,100,3468000,15:22:55
34680,100,3468000,15:22:41
34680,100,3468000,15:22:39
34700,100,3470000,15:22:32
34690,100,3469000,15:22:27
34680,100,3468000,15:22:22
34690,300,10407000,15:22:22
34700,1500,52050000,15:22:22
34700,100,3470000,15:22:04
34700,200,6940000,15:22:03
34700,400,13880000,15:22:03
34710,100,3471000,15:22:01
34710,100,3471000,15:22:01
34710,1100,38181000,15:22:01
34710,200,6942000,15:22:01
34710,600,20826000,15:22:01
34710,100,3471000,15:22:00
34710,100,3471000,15:21:56
34710,100,3471000,15:21:44
34710,100,3471000,15:21:44
34700,100,3470000,15:21:42
34700,100,3470000,15:21:39
34700,100,3470000,15:21:34
34700,100,3470000,15:21:34
34700,100,3470000,15:21:34
34700,100,3470000,15:21:34
34700,100,3470000,15:21:29
34700,100,3470000,15:21:29
34700,100,3470000,15:21:27
34700,100,3470000,15:21:26
34700,400,13880000,15:21:26
34700,100,3470000,15:21:26
34690,100,3469000,15:21:13
34690,200,6938000,15:21:13
34680,100,3468000,15:20:40
34680,300,10404000,15:20:39
34680,100,3468000,15:20:39
34670,100,3467000,15:20:38
34670,200,6934000,15:20:38
34670,800,27736000,15:20:38
34660,100,3466000,15:20:38
34660,600,20796000,15:20:38
34660,100,3466000,15:20:38
34660,100,3466000,15:20:36
34650,100,3465000,15:20:34
34650,100,3465000,15:20:31
34650,100,3465000,15:20:31
34650,100,3465000,15:20:27
34650,300,10395000,15:20:25
34650,400,13860000,15:20:06
34640,200,6928000,15:20:00
34650,100,3465000,15:19:59
34650,100,3465000,15:19:59
34650,300,10395000,15:19:59
34650,100,3465000,15:19:53
34650,100,3465000,15:19:51
34650,700,24255000,15:19:49
34650,100,3465000,15:19:49
34650,100,3465000,15:19:49
34650,100,3465000,15:19:49
34640,100,3464000,15:19:49
34640,100,3464000,15:19:40
34640,100,3464000,15:19:36
34630,100,3463000,15:19:34
34640,100,3464000,15:19:31
34640,400,13856000,15:19:31
34640,100,3464000,15:19:31
34640,100,3464000,15:19:22
34640,100,3464000,15:19:12
34640,100,3464000,15:19:08
34640,100,3464000,15:19:05
34640,300,10392000,15:19:04
34630,100,3463000,15:19:00
34630,100,3463000,15:18:59
34630,200,6926000,15:18:54
34620,200,6924000,15:18:54
34630,1200,41556000,15:18:54
34640,600,20784000,15:18:54
34650,100,3465000,15:18:48
34650,100,3465000,15:18:44
34650,100,3465000,15:18:43
34650,100,3465000,15:18:43
34650,100,3465000,15:18:43
34650,600,20790000,15:18:43
34660,100,3466000,15:18:23
34650,100,3465000,15:18:17
34660,300,10398000,15:17:59
34660,100,3466000,15:17:59
34660,100,3466000,15:17:59
34670,100,3467000,15:17:53
34670,100,3467000,15:17:41
34670,100,3467000,15:17:39
34670,100,3467000,15:17:39
34670,100,3467000,15:17:39
34660,100,3466000,15:17:37
34660,100,3466000,15:17:36
34660,100,3466000,15:17:36
34670,100,3467000,15:17:26
34660,100,3466000,15:17:24
34660,400,13864000,15:17:23
34660,100,3466000,15:17:23
34660,100,3466000,15:17:21
34660,100,3466000,15:17:20
34660,100,3466000,15:17:20
34650,100,3465000,15:17:20
34660,100,3466000,15:17:19
34660,500,17330000,15:17:19
34660,100,3466000,15:17:19
34670,300,10401000,15:17:07
34670,400,13868000,15:17:07
34670,200,6934000,15:17:07
34690,200,6938000,15:17:04
34680,300,10404000,15:17:04
34670,100,3467000,15:16:45
34670,100,3467000,15:16:44
34680,100,3468000,15:16:41
34680,100,3468000,15:16:40
34680,400,13872000,15:16:14
34680,100,3468000,15:16:14
34680,100,3468000,15:16:14
34690,100,3469000,15:16:13
34690,100,3469000,15:16:13
34690,700,24283000,15:16:13
34710,100,3471000,15:16:06
34700,100,3470000,15:16:06
34700,100,3470000,15:16:04
34700,100,3470000,15:16:03
34700,100,3470000,15:15:56
34700,600,20820000,15:15:56
34700,100,3470000,15:15:56
34700,100,3470000,15:15:56
34700,100,3470000,15:15:52
34690,100,3469000,15:15:37
34690,100,3469000,15:15:32
34690,100,3469000,15:15:28
34690,100,3469000,15:15:25
34690,100,3469000,15:15:18
34690,300,10407000,15:15:11
34680,100,3468000,15:15:00
34690,200,6938000,15:14:53
34680,100,3468000,15:14:53
34680,200,6936000,15:14:52
34690,300,10407000,15:14:41
34690,700,24283000,15:14:41
34700,200,6940000,15:14:38
34700,100,3470000,15:14:38
34700,300,10410000,15:14:29
34700,100,3470000,15:14:29
34700,300,10410000,15:14:24
34700,100,3470000,15:14:24
34710,100,3471000,15:14:16
34710,200,6942000,15:14:16
34710,200,6942000,15:14:16
34710,200,6942000,15:14:16
34710,200,6942000,15:14:16
34710,100,3471000,15:14:16
34720,100,3472000,15:14:11
34720,200,6944000,15:14:11
34730,300,10419000,15:14:07
34730,500,17365000,15:14:07
34720,100,3472000,15:14:04
34730,100,3473000,15:14:01
34720,100,3472000,15:14:01
34720,200,6944000,15:14:01
34720,100,3472000,15:13:54
34720,100,3472000,15:13:51
34720,100,3472000,15:13:51
34730,100,3473000,15:13:43
34720,100,3472000,15:13:34
34720,100,3472000,15:13:34
34720,100,3472000,15:13:31
34710,100,3471000,15:13:29
34720,100,3472000,15:13:25
34720,200,6944000,15:13:22
34720,200,6944000,15:13:21
34710,200,6942000,15:13:21
34710,300,10413000,15:13:21
34700,200,6940000,15:13:15
34700,200,6940000,15:13:14
34700,100,3470000,15:13:14
34700,300,10410000,15:13:14
34700,100,3470000,15:13:14
34710,100,3471000,15:12:55
34710,300,10413000,15:12:55
34710,200,6942000,15:12:55
34720,200,6944000,15:12:44
34720,100,3472000,15:12:39
34720,100,3472000,15:12:39
34710,200,6942000,15:12:33
34710,100,3471000,15:12:19
34720,100,3472000,15:12:18
34710,100,3471000,15:12:16
34720,100,3472000,15:12:13
34720,100,3472000,15:12:13
34720,100,3472000,15:12:13
34720,1100,38192000,15:12:13
34720,100,3472000,15:12:13
34720,300,10416000,15:12:13
34720,100,3472000,15:12:13
34720,300,10416000,15:12:13
34720,300,10416000,15:12:13
34730,100,3473000,15:12:10
34730,100,3473000,15:12:09
34730,100,3473000,15:12:08
34730,100,3473000,15:11:57
34730,200,6946000,15:11:54
34730,100,3473000,15:11:54
34720,200,6944000,15:11:48
34710,100,3471000,15:11:44
34700,100,3470000,15:11:40
34710,100,3471000,15:11:39
34710,200,6942000,15:11:39
34710,200,6942000,15:11:39
34710,100,3471000,15:11:38
34730,100,3473000,15:11:34
34730,100,3473000,15:11:34
34730,100,3473000,15:11:25
34730,200,6946000,15:11:20
34730,100,3473000,15:11:20
34730,400,13892000,15:11:20
34730,400,13892000,15:11:20
34730,300,10419000,15:11:20
34730,400,13892000,15:11:20
34720,100,3472000,15:11:16
34720,100,3472000,15:11:16
34720,100,3472000,15:11:15
34720,100,3472000,15:11:11
34720,200,6944000,15:11:07
34710,100,3471000,15:11:02
34720,100,3472000,15:11:01
34720,300,10416000,15:11:01
34720,400,13888000,15:11:01
34720,400,13888000,15:11:01
34730,100,3473000,15:10:56
34730,100,3473000,15:10:48
34730,500,17365000,15:10:45
34720,100,3472000,15:10:43
34720,100,3472000,15:10:36
34700,100,3470000,15:10:28
34700,500,17350000,15:10:28
34700,500,17350000,15:10:28
34710,600,20826000,15:10:28
34710,100,3471000,15:10:28
34710,1000,34710000,15:10:28
34720,300,10416000,15:10:27
34720,200,6944000,15:10:27
34720,300,10416000,15:10:27
34710,400,13884000,15:10:26
34710,100,3471000,15:10:19
34710,100,3471000,15:10:18
34710,100,3471000,15:10:18
34710,500,17355000,15:10:15
34700,300,10410000,15:10:13
34700,100,3470000,15:10:13
34700,200,6940000,15:10:13
34700,200,6940000,15:10:13
34690,100,3469000,15:10:09
34700,100,3470000,15:10:06
34690,500,17345000,15:10:06
34680,500,17340000,15:10:05
34670,100,3467000,15:10:01
34680,100,3468000,15:09:59
34670,100,3467000,15:09:57
34680,100,3468000,15:09:56
34670,100,3467000,15:09:47
34670,200,6934000,15:09:47
34670,1200,41604000,15:09:47
34660,100,3466000,15:09:39
34650,100,3465000,15:09:30
34660,100,3466000,15:09:30
34660,100,3466000,15:09:27
34660,100,3466000,15:09:26
34660,100,3466000,15:09:26
34660,100,3466000,15:09:25
34660,100,3466000,15:09:16
34660,100,3466000,15:09:13
34660,300,10398000,15:09:01
34660,300,10398000,15:09:01
34660,100,3466000,15:08:51
34670,100,3467000,15:08:47
34670,100,3467000,15:08:39
34670,300,10401000,15:08:39
34670,300,10401000,15:08:39
34670,300,10401000,15:08:39
34660,100,3466000,15:08:39
34660,100,3466000,15:08:35
34650,100,3465000,15:08:33
34650,100,3465000,15:08:25
34650,100,3465000,15:08:20
34650,100,3465000,15:08:20
34650,100,3465000,15:08:19
34650,200,6930000,15:08:12
34650,100,3465000,15:08:06
34650,100,3465000,15:08:02
34660,100,3466000,15:07:55
34650,600,20790000,15:07:54
34640,100,3464000,15:07:51
34640,100,3464000,15:07:51
34630,100,3463000,15:07:47
34630,100,3463000,15:07:45
34630,100,3463000,15:07:43
34630,200,6926000,15:07:43
34630,200,6926000,15:07:43
34630,200,6926000,15:07:43
34630,100,3463000,15:07:37
34640,100,3464000,15:07:34
34640,100,3464000,15:07:24
34640,100,3464000,15:07:24
34650,100,3465000,15:07:21
34650,300,10395000,15:07:21
34650,400,13860000,15:07:21
34660,400,13864000,15:07:17
34660,600,20796000,15:07:17
34670,100,3467000,15:07:01
34670,100,3467000,15:07:01
34670,100,3467000,15:07:00
34670,100,3467000,15:07:00
34660,100,3466000,15:07:00
34670,300,10401000,15:06:48
34670,700,24269000,15:06:48
34670,100,3467000,15:06:39
34660,100,3466000,15:06:39
34660,100,3466000,15:06:28
34670,100,3467000,15:06:25
34670,100,3467000,15:06:25
34670,100,3467000,15:06:25
34670,100,3467000,15:06:25
34670,1200,41604000,15:06:25
34660,100,3466000,15:06:24
34660,100,3466000,15:06:23
34660,100,3466000,15:06:16
34660,100,3466000,15:06:12
34670,100,3467000,15:06:10
34660,100,3466000,15:06:10
34660,200,6932000,15:06:08
34660,100,3466000,15:06:08
34660,300,10398000,15:06:08
34660,100,3466000,15:06:08
34670,200,6934000,15:05:53
34660,100,3466000,15:05:53
34660,200,6932000,15:05:53
34660,100,3466000,15:05:53
34660,700,24262000,15:05:44
34660,100,3466000,15:05:44
34660,100,3466000,15:05:44
34670,100,3467000,15:05:30
34670,100,3467000,15:05:23
34670,100,3467000,15:05:23
34680,100,3468000,15:05:22
34660,100,3466000,15:05:19
34670,200,6934000,15:05:19
34680,100,3468000,15:05:18
34680,100,3468000,15:05:18
34680,300,10404000,15:05:18
34690,500,17345000,15:05:13
34690,400,13876000,15:05:13
34700,200,6940000,15:05:02
34680,100,3468000,15:05:00
34700,100,3470000,15:04:59
34690,200,6938000,15:04:58
34700,100,3470000,15:04:56
34700,100,3470000,15:04:53
34680,200,6936000,15:04:51
34700,100,3470000,15:04:50
34700,100,3470000,15:04:50
34700,100,3470000,15:04:49
34690,300,10407000,15:04:48
34680,200,6936000,15:04:40
34670,200,6934000,15:04:40
34680,100,3468000,15:04:39
34670,800,27736000,15:04:39
34660,500,17330000,15:04:39
34650,500,17325000,15:04:39
34640,100,3464000,15:04:39
34640,100,3464000,15:04:35
34640,100,3464000,15:04:32
34640,100,3464000,15:04:31
34640,600,20784000,15:04:26
34640,100,3464000,15:04:26
34650,200,6930000,15:04:26
34650,400,13860000,15:04:20
34650,400,13860000,15:04:09
34670,100,3467000,15:04:01
34660,100,3466000,15:04:01
34660,100,3466000,15:04:00
34670,500,17335000,15:04:00
34680,300,10404000,15:03:57
34680,100,3468000,15:03:57
34680,100,3468000,15:03:53
34670,100,3467000,15:03:50
34680,100,3468000,15:03:49
34680,100,3468000,15:03:48
34680,200,6936000,15:03:48
34680,100,3468000,15:03:38
34680,100,3468000,15:03:31
34680,100,3468000,15:03:30
34690,300,10407000,15:03:30
34690,100,3469000,15:03:30
34680,100,3468000,15:03:29
34680,600,20808000,15:03:27
34680,200,6936000,15:03:23
34680,100,3468000,15:03:23
34680,200,6936000,15:03:23
34670,100,3467000,15:03:17
34670,100,3467000,15:03:17
34680,100,3468000,15:03:16
34670,100,3467000,15:03:15
34680,100,3468000,15:03:15
34680,200,6936000,15:03:15
34670,200,6934000,15:03:14
34660,100,3466000,15:03:12
34660,100,3466000,15:03:11
34650,200,6930000,15:03:06
34650,400,13860000,15:03:06
34650,100,3465000,15:03:00
34650,100,3465000,15:03:00
34640,100,3464000,15:02:57
34640,100,3464000,15:02:52
34640,100,3464000,15:02:50
34630,700,24241000,15:02:50
34630,100,3463000,15:02:50
34620,800,27696000,15:02:48
34620,100,3462000,15:02:48
34620,100,3462000,15:02:48
34620,100,3462000,15:02:48
34620,100,3462000,15:02:48
34610,100,3461000,15:02:48
34620,100,3462000,15:02:48
34610,100,3461000,15:02:47
34610,100,3461000,15:02:47
34610,100,3461000,15:02:44
34610,300,10383000,15:02:41
34610,100,3461000,15:02:31
34610,200,6922000,15:02:31
34610,100,3461000,15:02:16
34610,100,3461000,15:02:13
34610,100,3461000,15:02:12
34610,300,10383000,15:02:12
34610,100,3461000,15:02:09
34620,100,3462000,15:02:03
34610,100,3461000,15:02:02
34620,100,3462000,15:02:00
34620,100,3462000,15:01:58
34620,500,17310000,15:01:58
34600,100,3460000,15:01:49
34610,100,3461000,15:01:43
34610,200,6922000,15:01:43
34610,100,3461000,15:01:43
34600,1000,34600000,15:01:41
34590,100,3459000,15:01:37
34570,100,3457000,15:01:33
34580,100,3458000,15:01:32
34580,100,3458000,15:01:32
34590,100,3459000,15:01:32
34590,100,3459000,15:01:31
34590,100,3459000,15:01:21
34580,100,3458000,15:01:21
34590,100,3459000,15:01:16
34590,100,3459000,15:01:13
34590,200,6918000,15:01:12
34580,100,3458000,15:01:09
34570,100,3457000,15:01:01
34570,100,3457000,15:00:52
34580,100,3458000,15:00:51
34580,100,3458000,15:00:48
34580,100,3458000,15:00:48
34590,100,3459000,15:00:46
34590,100,3459000,15:00:36
34590,100,3459000,15:00:36
34590,100,3459000,15:00:36
34590,100,3459000,15:00:36
34580,100,3458000,15:00:30
34590,600,20754000,15:00:30
34580,400,13832000,15:00:30
34570,100,3457000,15:00:29
34570,200,6914000,15:00:25
34570,100,3457000,15:00:24
34560,700,24192000,15:00:24
34540,100,3454000,15:00:17
34560,100,3456000,15:00:14
34550,100,3455000,15:00:11
34550,100,3455000,15:00:08
34550,100,3455000,15:00:08
34550,100,3455000,15:00:00
34540,100,3454000,14:59:59
34550,100,3455000,14:59:59
34540,400,13816000,14:59:56
34550,100,3455000,14:59:26
34540,100,3454000,14:59:19
34550,300,10365000,14:59:16
34530,100,3453000,14:59:03
34530,100,3453000,14:59:03
34540,400,13816000,14:59:02
34540,100,3454000,14:59:02
34540,100,3454000,14:58:58
34550,100,3455000,14:58:42
34550,300,10365000,14:58:42
34570,100,3457000,14:58:34
34570,100,3457000,14:58:34
34560,600,20736000,14:58:32
34550,100,3455000,14:58:28
34550,100,3455000,14:58:20
34550,200,6910000,14:58:20
34550,200,6910000,14:58:20
34550,100,3455000,14:58:20
34560,100,3456000,14:58:17
34560,300,10368000,14:58:17
34560,100,3456000,14:57:56
34560,200,6912000,14:57:40
34560,100,3456000,14:57:40
34560,1000,34560000,14:57:37
34550,100,3455000,14:57:35
34550,100,3455000,14:57:33
34550,100,3455000,14:57:27
34550,100,3455000,14:57:21
34550,100,3455000,14:57:12
34550,100,3455000,14:57:11
34550,300,10365000,14:57:05
34540,100,3454000,14:57:04
34540,100,3454000,14:57:02
34550,400,13820000,14:57:02
34560,200,6912000,14:56:52
34560,100,3456000,14:56:52
34570,300,10371000,14:56:47
34580,100,3458000,14:56:36
34580,300,10374000,14:56:28
34570,100,3457000,14:56:25
34570,100,3457000,14:56:25
34570,100,3457000,14:56:23
34570,100,3457000,14:56:15
34580,400,13832000,14:56:15
34600,200,6920000,14:56:03
34600,400,13840000,14:56:03
34600,100,3460000,14:56:03
34590,100,3459000,14:56:01
34590,100,3459000,14:55:56
34580,100,3458000,14:55:51
34590,100,3459000,14:55:47
34600,100,3460000,14:55:46
34600,100,3460000,14:55:43
34600,200,6920000,14:55:43
34600,100,3460000,14:55:43
34610,100,3461000,14:55:38
34600,100,3460000,14:55:37
34600,100,3460000,14:55:30
34610,200,6922000,14:55:28
34610,100,3461000,14:55:28
34610,100,3461000,14:55:26
34610,300,10383000,14:55:24
34610,100,3461000,14:55:24
34600,100,3460000,14:55:22
34600,100,3460000,14:55:15
34600,100,3460000,14:55:12
34600,500,17300000,14:55:09
34590,100,3459000,14:55:04
34590,100,3459000,14:55:01
34590,200,6918000,14:54:55
34580,100,3458000,14:54:53
34580,100,3458000,14:54:47
34580,100,3458000,14:54:45
34590,300,10377000,14:54:45
34580,200,6916000,14:54:41
34570,300,10371000,14:54:37
34560,100,3456000,14:54:28
34560,100,3456000,14:54:19
34570,100,3457000,14:54:18
34570,100,3457000,14:54:18
34570,100,3457000,14:54:11
34570,100,3457000,14:54:10
34560,100,3456000,14:54:09
34560,100,3456000,14:54:09
34560,400,13824000,14:54:08
34560,100,3456000,14:54:08
34550,100,3455000,14:54:07
34550,100,3455000,14:54:00
34550,200,6910000,14:53:59
34550,100,3455000,14:53:59
34550,100,3455000,14:53:59
34540,100,3454000,14:53:55
34530,200,6906000,14:53:53
34540,100,3454000,14:53:53
34540,100,3454000,14:53:53
34540,100,3454000,14:53:53
34540,100,3454000,14:53:45
34540,100,3454000,14:53:39
34540,100,3454000,14:53:39
34530,100,3453000,14:53:28
34540,100,3454000,14:53:24
34530,300,10359000,14:53:23
34520,400,13808000,14:53:19
34510,800,27608000,14:53:19
34500,100,3450000,14:53:18
34500,100,3450000,14:53:16
34500,700,24150000,14:53:14
34500,100,3450000,14:53:14
34500,100,3450000,14:53:14
34500,100,3450000,14:53:14
34500,200,6900000,14:53:14
34500,300,10350000,14:53:14
34500,800,27600000,14:53:14
34500,200,6900000,14:53:13
34500,300,10350000,14:53:13
34510,100,3451000,14:53:08
34510,100,3451000,14:53:08
34500,100,3450000,14:53:07
34500,100,3450000,14:53:07
34500,100,3450000,14:53:07
34500,100,3450000,14:53:07
34510,100,3451000,14:53:06
34520,100,3452000,14:53:03
34510,100,3451000,14:52:59
34510,100,3451000,14:52:59
34510,100,3451000,14:52:56
34520,400,13808000,14:52:54
34510,100,3451000,14:52:50
34510,100,3451000,14:52:47
34510,600,20706000,14:52:45
34510,300,10353000,14:52:45
34510,400,13804000,14:52:45
34520,100,3452000,14:52:34
34520,100,3452000,14:52:25
34520,500,17260000,14:52:25
34530,100,3453000,14:52:18
34530,100,3453000,14:52:14
34540,100,3454000,14:52:09
34540,100,3454000,14:52:05
34540,600,20724000,14:52:04
34530,100,3453000,14:52:00
34530,100,3453000,14:52:00
34530,100,3453000,14:51:48
34540,100,3454000,14:51:38
34540,100,3454000,14:51:35
34540,100,3454000,14:51:31
34530,100,3453000,14:51:25
34540,100,3454000,14:51:22
34520,100,3452000,14:51:21
34520,100,3452000,14:51:20
34530,100,3453000,14:51:17
34530,200,6906000,14:51:12
34530,100,3453000,14:50:59
34540,100,3454000,14:50:59
34530,100,3453000,14:50:55
34540,100,3454000,14:50:47
34540,100,3454000,14:50:34
34550,100,3455000,14:50:33
34560,100,3456000,14:50:30
34560,100,3456000,14:50:22
34570,100,3457000,14:50:17
34560,100,3456000,14:50:16
34560,100,3456000,14:50:16
34560,300,10368000,14:50:16
34550,100,3455000,14:50:15
34540,300,10362000,14:50:03
34530,700,24171000,14:50:03
34520,100,3452000,14:50:01
34520,100,3452000,14:49:47
34520,100,3452000,14:49:45
34520,600,20712000,14:49:45
34520,100,3452000,14:49:31
34520,100,3452000,14:49:30
34520,100,3452000,14:49:28
34520,100,3452000,14:49:27
34520,100,3452000,14:49:27
34520,100,3452000,14:49:27
34530,100,3453000,14:49:23
34530,400,13812000,14:49:23
34530,100,3453000,14:49:20
34530,100,3453000,14:49:20
34540,100,3454000,14:49:16
34540,100,3454000,14:49:16
34540,100,3454000,14:49:16
34540,100,3454000,14:49:15
34540,100,3454000,14:49:14
34540,500,17270000,14:49:13
34540,100,3454000,14:49:12
34540,100,3454000,14:49:12
34550,1200,41460000,14:49:10
34550,1000,34550000,14:49:10
34550,100,3455000,14:49:05
34550,100,3455000,14:49:05
34550,100,3455000,14:49:05
34550,400,13820000,14:49:05
34550,100,3455000,14:49:05
34550,300,10365000,14:49:05
34560,200,6912000,14:48:53
34560,100,3456000,14:48:53
34560,100,3456000,14:48:53
34560,100,3456000,14:48:53
34560,100,3456000,14:48:53
34560,100,3456000,14:48:53
34570,400,13828000,14:48:38
34570,100,3457000,14:48:38
34580,100,3458000,14:48:26
34580,100,3458000,14:48:17
34580,100,3458000,14:48:12
34580,100,3458000,14:47:56
34580,100,3458000,14:47:36
34590,100,3459000,14:47:34
34590,100,3459000,14:47:10
34590,100,3459000,14:47:10
34590,100,3459000,14:47:06
34590,100,3459000,14:47:04
34580,300,10374000,14:47:02
34580,100,3458000,14:47:02
34570,100,3457000,14:46:50
34570,200,6914000,14:46:50
34570,100,3457000,14:46:46
34570,400,13828000,14:46:42
34570,100,3457000,14:46:35
34570,100,3457000,14:46:13
34570,200,6914000,14:46:13
34570,200,6914000,14:45:58
34570,300,10371000,14:45:40
34570,100,3457000,14:45:35
34570,100,3457000,14:45:35
34570,200,6914000,14:45:35
34580,100,3458000,14:45:31
34580,100,3458000,14:45:31
34580,800,27664000,14:45:31
34590,100,3459000,14:45:25
34590,100,3459000,14:45:20
34590,100,3459000,14:45:20
34600,100,3460000,14:45:16
34610,100,3461000,14:45:15
34610,100,3461000,14:45:06
34610,100,3461000,14:44:48
34630,100,3463000,14:44:15
34630,200,6926000,14:44:15
34620,200,6924000,14:44:12
34630,100,3463000,14:44:07
34630,300,10389000,14:44:04
34630,100,3463000,14:43:52
34630,100,3463000,14:43:39
34630,100,3463000,14:43:39
34630,100,3463000,14:43:39
34630,100,3463000,14:43:24
34630,100,3463000,14:43:24
34620,1000,34620000,14:43:20
34610,100,3461000,14:43:14
34610,100,3461000,14:43:14
34610,200,6922000,14:43:14
34600,100,3460000,14:43:11
34590,100,3459000,14:43:07
34580,100,3458000,14:43:03
34590,100,3459000,14:42:59
34600,100,3460000,14:42:43
34600,300,10380000,14:42:43
34590,100,3459000,14:42:35
34590,100,3459000,14:42:35
34590,100,3459000,14:42:34
34590,100,3459000,14:42:27
34590,100,3459000,14:42:19
34600,100,3460000,14:42:17
34600,100,3460000,14:42:01
34600,100,3460000,14:41:58
34600,200,6920000,14:41:56
34620,100,3462000,14:41:49
34610,300,10383000,14:41:49
34600,100,3460000,14:41:39
34600,400,13840000,14:41:32
34590,100,3459000,14:41:19
34580,100,3458000,14:41:09
34570,100,3457000,14:41:09
34580,100,3458000,14:41:08
34580,100,3458000,14:41:08
34590,100,3459000,14:40:39
34600,100,3460000,14:40:38
34590,200,6918000,14:40:37
34590,100,3459000,14:40:37
34590,300,10377000,14:40:37
34580,100,3458000,14:40:37
34580,100,3458000,14:40:37
34580,100,3458000,14:40:31
34570,100,3457000,14:40:24
34570,100,3457000,14:40:24
34580,100,3458000,14:40:16
34570,100,3457000,14:40:06
34570,300,10371000,14:40:06
34570,100,3457000,14:40:06
34570,100,3457000,14:39:44
34560,100,3456000,14:39:37
34560,100,3456000,14:39:34
34570,300,10371000,14:39:27
34570,100,3457000,14:39:19
34580,100,3458000,14:39:16
34580,100,3458000,14:39:16
34580,200,6916000,14:39:16
34570,100,3457000,14:39:12
34580,100,3458000,14:39:11
34580,100,3458000,14:39:05
34570,100,3457000,14:39:04
34570,200,6914000,14:39:01
34570,100,3457000,14:39:01
34570,100,3457000,14:38:57
34570,100,3457000,14:38:54
34560,100,3456000,14:38:50
34560,200,6912000,14:38:50
34560,100,3456000,14:38:50
34560,100,3456000,14:38:50
34560,100,3456000,14:38:50
34570,100,3457000,14:38:33
34570,100,3457000,14:38:33
34570,300,10371000,14:38:33
34570,200,6914000,14:38:24
34570,100,3457000,14:38:14
34570,100,3457000,14:38:01
34570,100,3457000,14:38:01
34570,100,3457000,14:38:01
34570,700,24199000,14:38:01
34570,200,6914000,14:38:01
34570,100,3457000,14:38:01
34570,400,13828000,14:38:01
34580,200,6916000,14:37:52
34580,100,3458000,14:37:47
34580,200,6916000,14:37:44
34580,100,3458000,14:37:44
34580,100,3458000,14:37:44
34580,100,3458000,14:37:41
34580,100,3458000,14:37:26
34580,100,3458000,14:37:26
34580,100,3458000,14:37:14
34590,100,3459000,14:37:13
34590,800,27672000,14:37:04
34580,100,3458000,14:37:03
34580,300,10374000,14:37:03
34570,100,3457000,14:37:00
34570,100,3457000,14:37:00
34570,100,3457000,14:36:59
34570,200,6914000,14:36:59
34570,100,3457000,14:36:59
34580,100,3458000,14:36:53
34580,400,13832000,14:36:53
34580,300,10374000,14:36:53
34580,200,6916000,14:36:53
34590,200,6918000,14:36:45
34600,100,3460000,14:36:45
34600,100,3460000,14:36:43
34580,100,3458000,14:36:39
34580,400,13832000,14:36:39
34590,100,3459000,14:36:39
34600,100,3460000,14:36:37
34590,200,6918000,14:36:37
34600,200,6920000,14:36:36
34600,100,3460000,14:36:36
34600,200,6920000,14:36:36
34600,100,3460000,14:36:36
34600,400,13840000,14:36:36
34600,100,3460000,14:36:36
34600,100,3460000,14:36:36
34610,100,3461000,14:36:32
34610,200,6922000,14:36:32
34610,200,6922000,14:36:32
34610,200,6922000,14:36:32
34610,100,3461000,14:36:31
34610,100,3461000,14:36:30
34620,100,3462000,14:36:30
34620,300,10386000,14:36:26
34620,100,3462000,14:36:26
34630,100,3463000,14:36:20
34640,100,3464000,14:36:20
34640,100,3464000,14:36:18
34630,200,6926000,14:36:11
34630,100,3463000,14:36:00
34630,100,3463000,14:35:53
34640,100,3464000,14:35:50
34640,100,3464000,14:35:30
34630,100,3463000,14:35:11
34630,200,6926000,14:35:10
34630,100,3463000,14:34:54
34630,200,6926000,14:34:52
34640,100,3464000,14:34:49
34650,100,3465000,14:33:49
34650,100,3465000,14:33:48
34650,100,3465000,14:33:44
34650,200,6930000,14:33:43
34660,100,3466000,14:33:41
34660,100,3466000,14:33:41
34650,200,6930000,14:33:36
34650,300,10395000,14:33:36
34640,100,3464000,14:33:33
34640,100,3464000,14:33:33
34630,100,3463000,14:33:33
34620,300,10386000,14:33:30
34610,100,3461000,14:32:53
34620,100,3462000,14:32:53
34620,100,3462000,14:32:28
34620,100,3462000,14:32:28
34620,100,3462000,14:32:27
34620,100,3462000,14:32:20
34620,100,3462000,14:32:20
34620,300,10386000,14:32:20
34600,100,3460000,14:32:04
34600,100,3460000,14:32:04
34600,100,3460000,14:32:04
34600,100,3460000,14:32:04
34600,100,3460000,14:32:04
34610,100,3461000,14:32:02
34610,100,3461000,14:32:02
34610,100,3461000,14:32:02
34620,100,3462000,14:31:58
34630,100,3463000,14:31:57
34630,100,3463000,14:31:56
34630,100,3463000,14:31:53
34630,100,3463000,14:31:50
34640,100,3464000,14:31:35
34630,500,17315000,14:31:31
34640,100,3464000,14:31:28
34650,100,3465000,14:31:24
34640,100,3464000,14:31:24
34650,100,3465000,14:31:14
34650,300,10395000,14:31:10
34650,100,3465000,14:31:10
34640,100,3464000,14:31:07
34640,100,3464000,14:31:05
34640,100,3464000,14:31:05
34650,100,3465000,14:30:49
34650,700,24255000,14:30:45
34640,100,3464000,14:30:43
34630,200,6926000,14:30:40
34620,100,3462000,14:30:36
34630,100,3463000,14:30:36
34620,100,3462000,14:30:34
34640,500,17320000,14:30:25
34640,100,3464000,14:30:25
34640,100,3464000,14:30:23
34640,100,3464000,14:30:22
34630,300,10389000,14:30:22
34620,100,3462000,14:30:12
34620,100,3462000,14:30:12
34620,300,10386000,14:30:06
34630,100,3463000,14:29:56
34630,100,3463000,14:29:54
34630,200,6926000,14:29:50
34630,300,10389000,14:29:50
34630,300,10389000,14:29:50
34630,100,3463000,14:29:50
34620,100,3462000,14:29:49
34620,300,10386000,14:29:47
34620,200,6924000,14:29:47
34620,100,3462000,14:29:43
34620,100,3462000,14:29:40
34620,200,6924000,14:29:40
34620,100,3462000,14:29:40
34620,100,3462000,14:29:40
34620,100,3462000,14:29:26
34610,100,3461000,14:28:55
34620,100,3462000,14:28:33
34610,500,17305000,14:28:27
34610,100,3461000,14:28:27
34600,100,3460000,14:28:20
34600,200,6920000,14:28:20
34600,100,3460000,14:28:09
34600,100,3460000,14:28:06
34600,100,3460000,14:28:05
34600,100,3460000,14:27:54
34600,100,3460000,14:27:54
34590,100,3459000,14:27:50
34600,100,3460000,14:27:50
34600,200,6920000,14:27:50
34600,200,6920000,14:27:50
34600,100,3460000,14:27:47
34600,100,3460000,14:27:45
34600,100,3460000,14:27:45
34610,100,3461000,14:27:39
34610,300,10383000,14:27:39
34620,100,3462000,14:27:34
34620,100,3462000,14:27:27
34620,100,3462000,14:27:27
34620,100,3462000,14:27:23
34620,100,3462000,14:27:05
34620,300,10386000,14:27:04
34610,100,3461000,14:26:58
34610,100,3461000,14:26:45
34610,100,3461000,14:26:43
34620,100,3462000,14:26:39
34610,200,6922000,14:26:31
34600,100,3460000,14:26:24
34600,100,3460000,14:26:17
34600,100,3460000,14:26:16
34600,100,3460000,14:26:16
34600,100,3460000,14:26:16
34600,100,3460000,14:26:04
34590,100,3459000,14:26:03
34600,500,17300000,14:26:02
34610,400,13844000,14:25:59
34610,100,3461000,14:25:59
34610,100,3461000,14:25:59
34610,100,3461000,14:25:59
34620,100,3462000,14:25:45
34630,100,3463000,14:25:43
34620,100,3462000,14:25:42
34620,100,3462000,14:25:34
34620,100,3462000,14:25:32
34620,100,3462000,14:25:30
34620,100,3462000,14:25:29
34620,200,6924000,14:25:21
34620,100,3462000,14:25:21
34630,100,3463000,14:25:17
34620,100,3462000,14:25:08
34650,200,6930000,14:25:04
34640,300,10392000,14:25:04
34630,100,3463000,14:25:03
34620,100,3462000,14:24:47
34630,300,10389000,14:24:40
34630,100,3463000,14:24:40
34620,100,3462000,14:24:34
34620,300,10386000,14:24:29
34610,100,3461000,14:24:15
34610,100,3461000,14:24:15
34610,100,3461000,14:23:51
34620,100,3462000,14:23:40
34620,100,3462000,14:23:40
34620,100,3462000,14:23:24
34620,100,3462000,14:23:04
34620,400,13848000,14:23:00
34610,100,3461000,14:23:00
34620,300,10386000,14:22:51
34610,300,10383000,14:22:50
34600,400,13840000,14:22:37
34590,100,3459000,14:22:32
34590,100,3459000,14:22:32
34580,100,3458000,14:22:22
34590,300,10377000,14:22:22
34600,1000,34600000,14:22:15
34600,100,3460000,14:22:02
34610,100,3461000,14:21:58
34610,400,13844000,14:21:51
34620,100,3462000,14:21:50
34620,100,3462000,14:21:41
34620,200,6924000,14:21:32
34620,100,3462000,14:21:29
34620,100,3462000,14:21:29
34620,100,3462000,14:21:20
34620,100,3462000,14:21:19
34620,100,3462000,14:21:15
34620,100,3462000,14:21:15
34630,100,3463000,14:21:01
34630,100,3463000,14:20:52
34630,100,3463000,14:20:48
34650,100,3465000,14:20:44
34650,100,3465000,14:20:43
34640,200,6928000,14:20:42
34630,100,3463000,14:20:38
34630,100,3463000,14:20:31
34630,100,3463000,14:20:23
34630,500,17315000,14:20:23
34620,100,3462000,14:20:20
34620,600,20772000,14:20:16
34620,100,3462000,14:20:08
34610,100,3461000,14:20:03
34610,100,3461000,14:19:54
34600,100,3460000,14:19:48
34610,400,13844000,14:19:41
34600,100,3460000,14:19:37
34600,100,3460000,14:19:26
34600,300,10380000,14:19:26
34590,100,3459000,14:19:22
34590,300,10377000,14:19:20
34570,100,3457000,14:19:14
34570,100,3457000,14:19:13
34570,100,3457000,14:19:13
34580,100,3458000,14:19:13
34580,100,3458000,14:19:13
34580,200,6916000,14:19:08
34580,100,3458000,14:19:01
34590,100,3459000,14:18:51
34590,100,3459000,14:18:46
34590,100,3459000,14:18:36
34590,100,3459000,14:18:34
34590,300,10377000,14:18:29
34590,100,3459000,14:18:29
34600,100,3460000,14:18:18
34600,100,3460000,14:18:15
34610,100,3461000,14:18:12
34600,100,3460000,14:18:08
34600,100,3460000,14:17:53
34600,200,6920000,14:17:53
34600,100,3460000,14:17:53
34600,100,3460000,14:17:41
34600,100,3460000,14:17:40
34590,200,6918000,14:17:39
34600,100,3460000,14:17:27
34600,500,17300000,14:17:27
34600,100,3460000,14:17:27
34600,100,3460000,14:17:27
34600,100,3460000,14:17:27
34600,100,3460000,14:17:27
34590,200,6918000,14:17:23
34580,100,3458000,14:17:14
34580,100,3458000,14:17:14
34580,200,6916000,14:17:13
34580,100,3458000,14:17:13
34590,100,3459000,14:16:54
34600,100,3460000,14:16:53
34600,100,3460000,14:16:51
34590,100,3459000,14:16:49
34590,100,3459000,14:16:47
34590,100,3459000,14:16:46
34590,100,3459000,14:16:40
34590,100,3459000,14:16:40
34590,100,3459000,14:16:35
34580,100,3458000,14:16:34
34590,100,3459000,14:16:34
34590,500,17295000,14:16:34
34580,100,3458000,14:16:30
34590,100,3459000,14:16:26
34590,300,10377000,14:16:25
34590,300,10377000,14:16:25
34600,100,3460000,14:16:16
34600,100,3460000,14:16:11
34610,100,3461000,14:16:08
34600,100,3460000,14:16:03
34600,300,10380000,14:16:00
34600,300,10380000,14:16:00
34610,100,3461000,14:15:58
34610,100,3461000,14:15:58
34610,100,3461000,14:15:58
34620,100,3462000,14:15:51
34620,100,3462000,14:15:47
34630,300,10389000,14:15:34
34630,100,3463000,14:15:34
34620,100,3462000,14:15:21
34620,100,3462000,14:15:19
34620,100,3462000,14:15:14
34620,100,3462000,14:15:13
34610,500,17305000,14:15:12
34600,100,3460000,14:14:59
34600,100,3460000,14:14:52
34600,100,3460000,14:14:52
34600,200,6920000,14:14:47
34590,100,3459000,14:14:33
34600,800,27680000,14:14:33
34590,100,3459000,14:14:33
34590,200,6918000,14:14:29
34590,100,3459000,14:14:26
34590,200,6918000,14:14:19
34590,100,3459000,14:14:15
34590,100,3459000,14:14:15
34590,100,3459000,14:14:15
34590,100,3459000,14:14:14
34590,200,6918000,14:14:12
34600,200,6920000,14:14:12
34600,100,3460000,14:14:11
34600,200,6920000,14:14:11
34610,400,13844000,14:14:10
34610,100,3461000,14:14:10
34620,100,3462000,14:14:02
34620,400,13848000,14:14:02
34620,100,3462000,14:14:01
34620,200,6924000,14:14:01
34620,300,10386000,14:13:20
34630,100,3463000,14:13:15
34630,100,3463000,14:13:13
34630,100,3463000,14:13:11
34630,100,3463000,14:13:09
34630,100,3463000,14:13:08
34630,100,3463000,14:13:08
34640,400,13856000,14:13:04
34640,500,17320000,14:12:46
34640,100,3464000,14:12:46
34630,100,3463000,14:12:30
34640,100,3464000,14:12:21
34630,100,3463000,14:12:21
34630,200,6926000,14:12:17
34630,100,3463000,14:12:13
34620,100,3462000,14:12:11
34630,100,3463000,14:12:09
34630,100,3463000,14:12:00
34630,100,3463000,14:11:58
34630,300,10389000,14:11:48
34630,200,6926000,14:11:40
34620,100,3462000,14:11:39
34630,100,3463000,14:11:37
34620,200,6924000,14:11:32
34620,100,3462000,14:11:27
34640,100,3464000,14:11:25
34630,100,3463000,14:11:21
34620,100,3462000,14:11:17
34620,100,3462000,14:11:13
34620,200,6924000,14:11:12
34620,100,3462000,14:11:05
34610,100,3461000,14:11:05
34600,100,3460000,14:11:02
34600,100,3460000,14:11:02
34600,100,3460000,14:10:59
34590,100,3459000,14:10:59
34590,200,6918000,14:10:59
34580,100,3458000,14:10:58
34580,100,3458000,14:10:58
34580,100,3458000,14:10:58
34580,200,6916000,14:10:46
34590,100,3459000,14:10:44
34580,100,3458000,14:10:44
34590,100,3459000,14:10:38
34590,300,10377000,14:10:31
34590,100,3459000,14:10:31
34600,100,3460000,14:10:27
34600,100,3460000,14:10:25
34600,100,3460000,14:10:21
34600,100,3460000,14:10:19
34600,100,3460000,14:10:10
34600,100,3460000,14:10:05
34600,100,3460000,14:10:05
34600,100,3460000,14:10:05
34600,100,3460000,14:10:05
34600,100,3460000,14:10:05
34600,100,3460000,14:10:05
34600,100,3460000,14:10:05
34600,300,10380000,14:10:05
34600,100,3460000,14:10:05
34600,100,3460000,14:10:05
34610,100,3461000,14:10:05
34610,100,3461000,14:10:04
34610,400,13844000,14:10:03
34610,200,6922000,14:10:03
34610,100,3461000,14:10:03
34620,100,3462000,14:09:55
34620,100,3462000,14:09:48
34630,100,3463000,14:09:45
34610,100,3461000,14:09:42
34620,100,3462000,14:09:38
34630,200,6926000,14:09:32
34630,200,6926000,14:09:32
34630,100,3463000,14:09:32
34630,200,6926000,14:09:32
34620,100,3462000,14:09:30
34620,100,3462000,14:09:26
34620,100,3462000,14:09:26
34620,100,3462000,14:09:22
34630,100,3463000,14:09:19
34620,100,3462000,14:09:13
34620,100,3462000,14:09:06
34620,400,13848000,14:09:06
34620,200,6924000,14:09:00
34610,100,3461000,14:08:57
34610,100,3461000,14:08:55
34610,100,3461000,14:08:55
34610,200,6922000,14:08:49
34600,200,6920000,14:08:44
34600,100,3460000,14:08:44
34610,200,6922000,14:08:27
34610,300,10383000,14:08:27
34610,100,3461000,14:08:27
34600,200,6920000,14:08:25
34600,100,3460000,14:08:25
34590,100,3459000,14:08:24
34580,100,3458000,14:08:23
34580,400,13832000,14:08:23
34580,100,3458000,14:08:23
34580,100,3458000,14:08:22
34580,100,3458000,14:08:22
34580,100,3458000,14:08:22
34590,300,10377000,14:08:21
34590,100,3459000,14:08:21
34600,1000,34600000,14:08:21
34600,1100,38060000,14:08:21
34600,100,3460000,14:08:18
34600,100,3460000,14:08:14
34600,100,3460000,14:08:13
34600,100,3460000,14:08:13
34610,100,3461000,14:08:06
34610,700,24227000,14:08:06
34610,100,3461000,14:08:04
34610,100,3461000,14:08:04
34610,300,10383000,14:08:04
34620,100,3462000,14:07:52
34620,300,10386000,14:07:52
34620,700,24234000,14:07:52
34630,100,3463000,14:07:48
34620,100,3462000,14:07:05
34640,100,3464000,14:07:00
34630,300,10389000,14:06:57
34620,100,3462000,14:06:56
34620,200,6924000,14:06:52
34620,100,3462000,14:06:52
34610,100,3461000,14:06:43
34610,100,3461000,14:06:43
34610,100,3461000,14:06:42
34610,100,3461000,14:06:42
34620,200,6924000,14:06:40
34620,1000,34620000,14:06:40
34630,100,3463000,14:06:40
34630,100,3463000,14:06:37
34630,100,3463000,14:06:27
34630,100,3463000,14:06:27
34630,100,3463000,14:06:18
34640,100,3464000,14:06:18
34630,300,10389000,14:06:18
34630,200,6926000,14:06:11
34630,200,6926000,14:06:11
34630,100,3463000,14:06:11
34630,100,3463000,14:06:10
34630,100,3463000,14:06:07
34630,100,3463000,14:06:01
34630,300,10389000,14:05:59
34640,100,3464000,14:05:56
34640,100,3464000,14:05:50
34640,100,3464000,14:05:50
34640,100,3464000,14:05:43
34640,300,10392000,14:05:32
34650,100,3465000,14:05:27
34640,100,3464000,14:05:23
34640,200,6928000,14:05:22
34640,100,3464000,14:05:22
34640,100,3464000,14:05:21
34640,100,3464000,14:05:20
34640,100,3464000,14:05:20
34640,200,6928000,14:05:20
34640,600,20784000,14:05:20
34650,200,6930000,14:05:15
34650,400,13860000,14:05:15
34660,100,3466000,14:05:08
34660,100,3466000,14:05:04
34660,200,6932000,14:05:03
34660,100,3466000,14:04:59
34650,500,17325000,14:04:46
34660,100,3466000,14:04:43
34660,100,3466000,14:04:43
34670,700,24269000,14:04:36
34660,100,3466000,14:04:31
34670,100,3467000,14:04:30
34670,100,3467000,14:04:27
34650,100,3465000,14:04:26
34660,400,13864000,14:04:26
34670,100,3467000,14:04:17
34670,100,3467000,14:04:13
34680,100,3468000,14:04:13
34680,100,3468000,14:04:08
34680,100,3468000,14:04:08
34680,100,3468000,14:04:08
34690,100,3469000,14:03:54
34700,100,3470000,14:03:36
34690,100,3469000,14:03:33
34680,100,3468000,14:03:19
34690,300,10407000,14:03:15
34680,100,3468000,14:03:14
34680,400,13872000,14:03:14
34670,100,3467000,14:03:09
34670,100,3467000,14:03:08
34670,100,3467000,14:03:08
34670,100,3467000,14:03:08
34670,100,3467000,14:03:08
34670,200,6934000,14:03:08
34670,200,6934000,14:03:08
34670,100,3467000,14:03:08
34670,100,3467000,14:03:03
34680,100,3468000,14:02:56
34680,100,3468000,14:02:56
34680,100,3468000,14:02:52
34680,1100,38148000,14:02:52
34680,100,3468000,14:02:52
34680,100,3468000,14:02:52
34680,200,6936000,14:02:52
34690,100,3469000,14:02:45
34690,100,3469000,14:02:45
34690,100,3469000,14:02:45
34700,200,6940000,14:02:32
34700,200,6940000,14:02:32
34690,100,3469000,14:02:28
34690,100,3469000,14:02:27
34690,100,3469000,14:02:26
34680,100,3468000,14:02:25
34690,100,3469000,14:02:23
34690,100,3469000,14:02:15
34690,200,6938000,14:02:14
34690,100,3469000,14:02:14
34690,100,3469000,14:02:08
34690,200,6938000,14:02:03
34690,200,6938000,14:02:03
34700,100,3470000,14:02:01
34710,100,3471000,14:01:50
34710,100,3471000,14:01:50
34710,100,3471000,14:01:43
34720,100,3472000,14:01:35
34720,100,3472000,14:01:35
34710,100,3471000,14:01:18
34700,100,3470000,14:01:17
34690,100,3469000,14:01:14
34700,100,3470000,14:01:12
34700,100,3470000,14:01:11
34700,100,3470000,14:01:11
34700,100,3470000,14:01:08
34700,800,27760000,14:01:08
34700,100,3470000,14:01:08
34700,100,3470000,14:01:08
34710,700,24297000,14:01:05
34710,200,6942000,14:01:05
34710,100,3471000,14:01:05
34710,100,3471000,14:00:52
34710,100,3471000,14:00:52
34720,100,3472000,14:00:52
34720,100,3472000,14:00:52
34720,200,6944000,14:00:52
34730,100,3473000,14:00:45
34750,100,3475000,14:00:14
34770,100,3477000,14:00:12
34760,100,3476000,14:00:00
34760,100,3476000,13:59:48
34770,100,3477000,13:59:46
34760,600,20856000,13:59:46
34750,200,6950000,13:59:44
34740,200,6948000,13:59:42
34730,100,3473000,13:59:17
34730,100,3473000,13:59:17
34730,100,3473000,13:59:17
34730,200,6946000,13:59:01
34730,100,3473000,13:58:52
34730,100,3473000,13:58:38
34730,100,3473000,13:58:38
34720,100,3472000,13:58:30
34720,100,3472000,13:58:27
34730,900,31257000,13:58:26
34740,100,3474000,13:58:21
34750,100,3475000,13:58:05
34750,400,13900000,13:58:02
34750,400,13900000,13:57:55
34750,100,3475000,13:57:55
34740,100,3474000,13:57:51
34740,100,3474000,13:57:46
34740,100,3474000,13:57:42
34740,100,3474000,13:57:41
34740,200,6948000,13:57:41
34740,100,3474000,13:57:41
34740,100,3474000,13:57:41
34750,100,3475000,13:57:36
34750,500,17375000,13:57:30
34750,100,3475000,13:57:30
34760,100,3476000,13:57:17
34760,100,3476000,13:57:14
34760,100,3476000,13:57:12
34770,100,3477000,13:57:07
34770,100,3477000,13:57:07
34770,200,6954000,13:57:07
34760,1000,34760000,13:56:56
34750,100,3475000,13:56:54
34750,100,3475000,13:56:49
34750,100,3475000,13:56:38
34760,100,3476000,13:56:33
34750,100,3475000,13:56:33
34750,200,6950000,13:56:31
34740,100,3474000,13:56:29
34730,100,3473000,13:56:26
34740,100,3474000,13:56:26
34740,400,13896000,13:56:26
34750,400,13900000,13:56:08
34750,100,3475000,13:56:02
34760,100,3476000,13:55:51
34750,100,3475000,13:55:50
34750,100,3475000,13:55:38
34750,100,3475000,13:55:25
34750,100,3475000,13:55:19
34740,100,3474000,13:55:13
34750,100,3475000,13:55:13
34750,200,6950000,13:55:02
34750,100,3475000,13:55:02
34750,100,3475000,13:54:39
34750,100,3475000,13:54:39
34760,100,3476000,13:54:36
34760,100,3476000,13:54:17
34760,300,10428000,13:54:17
34780,100,3478000,13:54:16
34780,100,3478000,13:54:16
34770,100,3477000,13:54:16
34760,100,3476000,13:54:06
34760,200,6952000,13:54:06
34770,200,6954000,13:54:04
34770,400,13908000,13:54:04
34770,100,3477000,13:54:03
34760,300,10428000,13:53:55
34750,100,3475000,13:53:54
34750,200,6950000,13:53:54
34750,100,3475000,13:53:53
34750,100,3475000,13:53:49
34750,300,10425000,13:53:49
34750,100,3475000,13:53:49
34750,200,6950000,13:53:49
34760,200,6952000,13:53:20
34760,100,3476000,13:53:20
34760,200,6952000,13:53:20
34760,100,3476000,13:52:49
34760,100,3476000,13:52:37
34760,100,3476000,13:52:28
34760,100,3476000,13:52:25
34750,200,6950000,13:52:23
34750,100,3475000,13:52:08
34750,100,3475000,13:51:54
34750,100,3475000,13:51:45
34750,200,6950000,13:51:44
34760,300,10428000,13:51:38
34760,300,10428000,13:51:38
34750,400,13900000,13:51:34
34740,100,3474000,13:51:29
34740,100,3474000,13:51:18
34740,100,3474000,13:51:18
34740,400,13896000,13:51:18
34740,100,3474000,13:51:18
34740,100,3474000,13:51:18
34730,100,3473000,13:51:07
34720,100,3472000,13:50:43
34740,100,3474000,13:50:31
34730,300,10419000,13:50:20
34710,100,3471000,13:50:16
34690,100,3469000,13:50:02
34700,100,3470000,13:50:02
34690,100,3469000,13:50:01
34690,100,3469000,13:50:01
34700,600,20820000,13:50:01
34700,500,17350000,13:50:01
34700,700,24290000,13:50:01
34700,100,3470000,13:50:01
34700,100,3470000,13:50:01
34710,800,27768000,13:50:01
34720,700,24304000,13:50:00
34730,500,17365000,13:49:53
34740,100,3474000,13:49:34
34740,100,3474000,13:49:32
34740,300,10422000,13:49:30
34740,100,3474000,13:49:25
34740,100,3474000,13:49:16
34750,100,3475000,13:48:47
34740,100,3474000,13:48:44
34740,300,10422000,13:48:41
34740,100,3474000,13:48:41
34740,100,3474000,13:48:41
34750,900,31275000,13:48:38
34760,100,3476000,13:48:38
34760,300,10428000,13:48:19
34760,100,3476000,13:48:17
34770,300,10431000,13:48:01
34760,200,6952000,13:48:01
34750,100,3475000,13:47:58
34760,100,3476000,13:47:58
34760,200,6952000,13:47:45
34760,100,3476000,13:47:30
34770,200,6954000,13:47:21
34770,300,10431000,13:47:21
34760,100,3476000,13:47:16
34760,400,13904000,13:47:16
34750,100,3475000,13:47:06
34740,100,3474000,13:46:56
34750,100,3475000,13:46:55
34750,100,3475000,13:46:53
34750,100,3475000,13:46:33
34750,100,3475000,13:46:25
34750,100,3475000,13:46:23
34750,500,17375000,13:46:06
34750,100,3475000,13:46:06
34760,100,3476000,13:45:55
34760,100,3476000,13:45:55
34750,200,6950000,13:45:52
34750,100,3475000,13:45:28
34760,300,10428000,13:45:28
34750,100,3475000,13:45:25
34750,100,3475000,13:45:17
34760,400,13904000,13:45:04
34760,100,3476000,13:44:45
34760,100,3476000,13:44:43
34760,100,3476000,13:44:36
34750,100,3475000,13:44:33
34750,400,13900000,13:44:33
34760,100,3476000,13:44:32
34760,100,3476000,13:44:32
34760,100,3476000,13:44:32
34760,100,3476000,13:44:32
34760,100,3476000,13:44:23
34760,500,17380000,13:44:15
34770,100,3477000,13:43:50
34770,100,3477000,13:43:46
34770,100,3477000,13:43:38
34770,100,3477000,13:43:26
34770,100,3477000,13:43:14
34770,100,3477000,13:43:14
34770,100,3477000,13:43:13
34770,100,3477000,13:43:07
34780,100,3478000,13:43:00
34770,100,3477000,13:42:51
34770,100,3477000,13:42:51
34770,100,3477000,13:42:51
34770,100,3477000,13:42:48
34760,100,3476000,13:42:31
34760,100,3476000,13:42:19
34750,100,3475000,13:42:12
34760,100,3476000,13:42:06
34760,200,6952000,13:42:05
34760,100,3476000,13:41:48
34760,100,3476000,13:41:48
34760,700,24332000,13:41:48
34770,100,3477000,13:41:48
34760,1100,38236000,13:41:48
34750,200,6950000,13:41:48
34730,100,3473000,13:41:48
34740,100,3474000,13:41:48
34740,100,3474000,13:41:41
34740,100,3474000,13:41:32
34740,100,3474000,13:41:32
34750,100,3475000,13:41:21
34750,100,3475000,13:41:17
34750,400,13900000,13:41:14
34750,100,3475000,13:41:14
34740,100,3474000,13:41:13
34730,100,3473000,13:41:10
34730,100,3473000,13:41:09
34730,100,3473000,13:41:09
34740,100,3474000,13:41:05
34740,100,3474000,13:41:05
34740,100,3474000,13:41:05
34740,200,6948000,13:41:05
34740,200,6948000,13:41:05
34750,100,3475000,13:40:49
34760,100,3476000,13:40:48
34750,400,13900000,13:40:44
34750,100,3475000,13:40:44
34750,100,3475000,13:40:44
34750,100,3475000,13:40:44
34760,600,20856000,13:40:39
34770,100,3477000,13:40:08
34770,100,3477000,13:40:08
34770,100,3477000,13:40:06
34780,100,3478000,13:40:06
34790,100,3479000,13:39:59
34790,100,3479000,13:39:51
34790,200,6958000,13:39:50
34790,200,6958000,13:39:50
34790,100,3479000,13:39:50
34790,200,6958000,13:39:50
34780,1000,34780000,13:39:39
34780,100,3478000,13:39:28
34760,100,3476000,13:39:21
34760,100,3476000,13:39:21
34760,200,6952000,13:39:21
34770,100,3477000,13:39:21
34770,200,6954000,13:39:20
34770,300,10431000,13:39:20
34760,100,3476000,13:39:17
34760,100,3476000,13:39:13
34750,100,3475000,13:39:04
34760,100,3476000,13:38:56
34750,100,3475000,13:38:50
34760,100,3476000,13:38:49
34760,100,3476000,13:38:48
34760,100,3476000,13:38:41
34760,300,10428000,13:38:30
34760,100,3476000,13:38:30
34770,100,3477000,13:38:23
34770,100,3477000,13:38:21
34770,100,3477000,13:37:57
34770,100,3477000,13:37:57
34780,100,3478000,13:37:46
34780,100,3478000,13:37:41
34780,100,3478000,13:37:35
34780,100,3478000,13:37:28
34780,100,3478000,13:37:26
34770,100,3477000,13:37:20
34770,100,3477000,13:37:20
34770,300,10431000,13:37:12
34770,100,3477000,13:37:07
34770,100,3477000,13:37:03
34780,100,3478000,13:36:54
34770,100,3477000,13:36:51
34780,200,6956000,13:36:50
34780,100,3478000,13:36:50
34780,400,13912000,13:36:49
34780,100,3478000,13:36:49
34770,200,6954000,13:36:45
34760,100,3476000,13:36:43
34750,100,3475000,13:36:42
34760,100,3476000,13:36:37
34750,100,3475000,13:36:36
34750,100,3475000,13:36:36
34750,100,3475000,13:36:21
34740,100,3474000,13:36:19
34760,100,3476000,13:36:16
34750,200,6950000,13:36:06
34750,100,3475000,13:36:01
34740,100,3474000,13:35:59
34740,100,3474000,13:35:59
34750,100,3475000,13:35:56
34740,200,6948000,13:35:55
34740,100,3474000,13:35:53
34740,100,3474000,13:35:53
34730,100,3473000,13:35:52
34740,100,3474000,13:35:51
34730,100,3473000,13:35:37
34730,200,6946000,13:35:30
34730,200,6946000,13:35:30
34730,200,6946000,13:35:30
34730,100,3473000,13:35:29
34720,100,3472000,13:35:29
34730,100,3473000,13:35:28
34730,100,3473000,13:35:28
34720,100,3472000,13:35:23
34720,100,3472000,13:35:19
34720,100,3472000,13:35:18
34720,100,3472000,13:35:03
34720,400,13888000,13:35:03
34720,100,3472000,13:35:03
34720,100,3472000,13:35:03
34720,100,3472000,13:34:59
34720,200,6944000,13:34:58
34720,100,3472000,13:34:58
34730,100,3473000,13:34:43
34730,300,10419000,13:34:43
34730,300,10419000,13:34:43
34730,100,3473000,13:34:42
34730,100,3473000,13:34:41
34740,100,3474000,13:34:41
34740,100,3474000,13:34:38
34740,100,3474000,13:34:38
34740,200,6948000,13:34:29
34740,100,3474000,13:34:27
34740,200,6948000,13:34:17
34740,100,3474000,13:34:09
34740,100,3474000,13:34:09
34740,100,3474000,13:34:08
34740,100,3474000,13:34:08
34740,100,3474000,13:34:07
34740,100,3474000,13:34:07
34740,100,3474000,13:34:06
34740,100,3474000,13:34:06
34750,200,6950000,13:34:00
34750,100,3475000,13:34:00
34750,300,10425000,13:34:00
34750,100,3475000,13:34:00
34750,1200,41700000,13:34:00
34750,100,3475000,13:34:00
34750,100,3475000,13:34:00
34750,800,27800000,13:34:00
34750,200,6950000,13:34:00
34750,100,3475000,13:34:00
34750,700,24325000,13:34:00
34760,200,6952000,13:33:53
34760,100,3476000,13:33:53
34760,200,6952000,13:33:53
34760,100,3476000,13:33:53
34770,100,3477000,13:33:44
34770,100,3477000,13:33:39
34770,100,3477000,13:33:35
34780,100,3478000,13:33:34
34770,100,3477000,13:33:29
34780,100,3478000,13:33:24
34780,100,3478000,13:33:22
34760,100,3476000,13:33:16
34780,100,3478000,13:33:13
34780,100,3478000,13:33:03
34780,200,6956000,13:33:03
34780,100,3478000,13:33:03
34780,200,6956000,13:33:03
34770,100,3477000,13:33:02
34760,100,3476000,13:33:01
34760,100,3476000,13:33:00
34760,100,3476000,13:33:00
34760,100,3476000,13:32:56
34760,100,3476000,13:32:54
34760,500,17380000,13:32:54
34760,100,3476000,13:32:53
34760,100,3476000,13:32:50
34760,300,10428000,13:32:47
34760,100,3476000,13:32:47
34760,700,24332000,13:32:40
34760,200,6952000,13:32:40
34760,100,3476000,13:32:40
34770,100,3477000,13:32:31
34770,200,6954000,13:32:31
34770,100,3477000,13:32:31
34780,100,3478000,13:32:12
34780,100,3478000,13:32:07
34770,200,6954000,13:31:59
34780,100,3478000,13:31:59
34780,400,13912000,13:31:59
34780,200,6956000,13:31:33
34770,100,3477000,13:31:18
34770,100,3477000,13:31:18
34770,100,3477000,13:31:17
34770,200,6954000,13:31:15
34770,100,3477000,13:31:09
34780,200,6956000,13:31:03
34790,100,3479000,13:30:48
34790,200,6958000,13:30:48
34790,100,3479000,13:30:48
34780,400,13912000,13:30:48
34770,100,3477000,13:30:45
34770,200,6954000,13:30:31
34790,100,3479000,13:30:30
34780,200,6956000,13:30:30
34770,100,3477000,13:30:29
34780,1000,34780000,13:30:29
34790,100,3479000,13:30:26
34790,200,6958000,13:30:22
34800,100,3480000,13:29:58
34800,200,6960000,13:29:50
34800,100,3480000,13:29:47
34810,100,3481000,13:29:33
34800,200,6960000,13:29:33
34790,500,17395000,13:29:33
34810,100,3481000,13:29:15
34800,100,3480000,13:29:14
34810,100,3481000,13:29:02
34820,100,3482000,13:29:01
34830,100,3483000,13:28:50
34820,200,6964000,13:28:41
34820,100,3482000,13:28:41
34810,200,6962000,13:28:41
34800,100,3480000,13:28:38
34800,200,6960000,13:28:19
34790,100,3479000,13:28:14
34790,100,3479000,13:28:06
34790,100,3479000,13:28:03
34790,100,3479000,13:27:56
34800,400,13920000,13:27:55
34800,400,13920000,13:27:55
34810,100,3481000,13:27:49
34810,100,3481000,13:27:43
34820,100,3482000,13:27:42
34810,100,3481000,13:27:39
34810,100,3481000,13:27:33
34810,100,3481000,13:27:33
34810,100,3481000,13:27:08
34810,600,20886000,13:27:07
34820,100,3482000,13:27:03
34810,100,3481000,13:26:57
34810,300,10443000,13:26:57
34820,200,6964000,13:26:52
34810,100,3481000,13:26:50
34810,200,6962000,13:26:29
34820,100,3482000,13:26:25
34820,400,13928000,13:26:14
34820,100,3482000,13:26:14
34820,100,3482000,13:26:14
34830,100,3483000,13:26:11
34840,100,3484000,13:26:05
34840,100,3484000,13:26:01
34830,100,3483000,13:26:00
34830,100,3483000,13:25:52
34830,100,3483000,13:25:52
34820,100,3482000,13:25:52
34820,500,17410000,13:25:51
34810,100,3481000,13:25:50
34810,100,3481000,13:25:47
34810,100,3481000,13:25:47
34800,100,3480000,13:25:47
34810,100,3481000,13:25:47
34810,100,3481000,13:25:46
34810,100,3481000,13:25:45
34800,100,3480000,13:25:11
34790,100,3479000,13:25:09
34800,100,3480000,13:25:09
34800,300,10440000,13:25:09
34800,100,3480000,13:25:01
34810,100,3481000,13:25:00
34810,200,6962000,13:24:51
34810,100,3481000,13:24:51
34810,100,3481000,13:24:51
34810,100,3481000,13:24:51
34800,700,24360000,13:24:47
34790,100,3479000,13:24:35
34790,300,10437000,13:24:34
34780,100,3478000,13:24:20
34780,100,3478000,13:24:16
34780,100,3478000,13:24:14
34780,100,3478000,13:24:09
34780,100,3478000,13:24:07
34790,300,10437000,13:24:02
34780,100,3478000,13:23:57
34780,700,24346000,13:23:57
34790,100,3479000,13:23:55
34790,100,3479000,13:23:35
34790,100,3479000,13:23:28
34790,100,3479000,13:23:22
34810,100,3481000,13:23:12
34800,100,3480000,13:23:11
34810,100,3481000,13:23:11
34800,1000,34800000,13:23:11
34790,300,10437000,13:23:11
34800,100,3480000,13:23:07
34790,200,6958000,13:23:01
34790,200,6958000,13:23:01
34780,100,3478000,13:23:01
34780,100,3478000,13:23:01
34770,100,3477000,13:22:57
34770,100,3477000,13:22:41
34770,100,3477000,13:22:36
34760,100,3476000,13:22:30
34760,100,3476000,13:22:21
34770,100,3477000,13:22:19
34780,100,3478000,13:22:13
34780,100,3478000,13:22:12
34790,100,3479000,13:22:03
34770,100,3477000,13:21:51
34770,100,3477000,13:21:49
34770,100,3477000,13:21:48
34770,100,3477000,13:21:48
34770,100,3477000,13:21:48
34780,300,10434000,13:21:48
34780,100,3478000,13:21:48
34780,100,3478000,13:21:30
34800,100,3480000,13:21:27
34790,100,3479000,13:21:27
34790,100,3479000,13:21:12
34780,100,3478000,13:20:55
34780,100,3478000,13:20:52
34790,100,3479000,13:20:48
34780,100,3478000,13:20:48
34790,100,3479000,13:20:47
34790,100,3479000,13:20:40
34790,100,3479000,13:20:40
34790,100,3479000,13:20:40
34770,100,3477000,13:20:39
34770,100,3477000,13:20:39
34780,100,3478000,13:20:39
34770,100,3477000,13:20:34
34770,500,17385000,13:20:34
34780,100,3478000,13:20:29
34780,500,17390000,13:20:27
34780,300,10434000,13:20:27
34790,100,3479000,13:20:25
34790,100,3479000,13:20:24
34790,100,3479000,13:20:15
34790,100,3479000,13:20:05
34780,100,3478000,13:19:51
34780,100,3478000,13:19:37
34780,100,3478000,13:19:37
34790,300,10437000,13:19:37
34790,100,3479000,13:19:37
34800,200,6960000,13:19:15
34800,100,3480000,13:19:14
34800,100,3480000,13:19:08
34800,100,3480000,13:19:08
34810,100,3481000,13:19:06
34810,100,3481000,13:19:06
34800,100,3480000,13:19:06
34790,100,3479000,13:19:00
34780,100,3478000,13:18:48
34790,100,3479000,13:18:48
34800,100,3480000,13:18:48
34800,100,3480000,13:18:40
34810,100,3481000,13:18:37
34800,100,3480000,13:18:37
34800,200,6960000,13:18:34
34800,200,6960000,13:18:34
34790,600,20874000,13:18:30
34780,100,3478000,13:18:25
34790,100,3479000,13:18:19
34790,100,3479000,13:18:16
34780,100,3478000,13:18:16
34780,100,3478000,13:18:16
34760,100,3476000,13:18:09
34770,100,3477000,13:18:09
34770,400,13908000,13:18:09
34770,100,3477000,13:18:09
34750,100,3475000,13:17:59
34770,100,3477000,13:17:58
34760,100,3476000,13:17:57
34750,100,3475000,13:17:56
34750,100,3475000,13:17:55
34760,100,3476000,13:17:54
34760,100,3476000,13:17:54
34760,100,3476000,13:17:54
34770,200,6954000,13:17:51
34770,200,6954000,13:17:42
34770,100,3477000,13:17:40
34790,100,3479000,13:17:33
34790,100,3479000,13:17:33
34790,100,3479000,13:17:14
34780,100,3478000,13:17:14
34770,100,3477000,13:17:01
34770,100,3477000,13:17:01
34780,100,3478000,13:17:01
34780,100,3478000,13:17:01
34780,100,3478000,13:17:01
34790,100,3479000,13:16:57
34790,100,3479000,13:16:57
34790,100,3479000,13:16:56
34790,100,3479000,13:16:54
34800,100,3480000,13:16:42
34800,100,3480000,13:16:41
34800,300,10440000,13:16:41
34800,100,3480000,13:16:41
34800,100,3480000,13:16:41
34800,300,10440000,13:16:41
34810,100,3481000,13:16:40
34830,100,3483000,13:16:33
34820,400,13928000,13:16:28
34810,100,3481000,13:16:19
34810,100,3481000,13:16:17
34810,100,3481000,13:16:15
34810,100,3481000,13:16:07
34820,100,3482000,13:16:06
34810,100,3481000,13:16:02
34810,100,3481000,13:15:50
34810,100,3481000,13:15:50
34810,100,3481000,13:15:41
34810,100,3481000,13:15:41
34810,100,3481000,13:15:41
34810,100,3481000,13:15:41
34810,100,3481000,13:15:41
34810,100,3481000,13:15:36
34820,100,3482000,13:15:31
34810,100,3481000,13:15:28
34820,300,10446000,13:15:27
34830,100,3483000,13:15:24
34830,100,3483000,13:15:19
34820,100,3482000,13:15:19
34830,100,3483000,13:15:17
34830,100,3483000,13:15:05
34840,100,3484000,13:15:04
34830,300,10449000,13:15:03
34820,200,6964000,13:15:03
34820,200,6964000,13:14:59
34820,100,3482000,13:14:56
34820,100,3482000,13:14:52
34830,400,13932000,13:14:52
34830,100,3483000,13:14:52
34840,100,3484000,13:14:49
34840,100,3484000,13:14:32
34850,100,3485000,13:14:31
34850,100,3485000,13:14:29
34850,100,3485000,13:14:29
34850,200,6970000,13:14:29
34850,100,3485000,13:14:27
34850,100,3485000,13:14:25
34870,200,6974000,13:14:10
34860,100,3486000,13:14:10
34870,100,3487000,13:14:07
34860,200,6972000,13:14:06
34860,100,3486000,13:14:06
34860,200,6972000,13:14:06
34860,100,3486000,13:14:06
34870,100,3487000,13:13:57
34870,100,3487000,13:13:57
34880,100,3488000,13:13:55
34870,700,24409000,13:13:51
34860,100,3486000,13:13:40
34850,100,3485000,13:13:40
34860,100,3486000,13:13:31
34860,100,3486000,13:13:31
34860,100,3486000,13:13:30
34850,400,13940000,13:13:20
34850,300,10455000,13:13:20
34850,100,3485000,13:13:20
34860,100,3486000,13:13:14
34860,100,3486000,13:13:14
34860,100,3486000,13:13:03
34850,200,6970000,13:13:02
34850,100,3485000,13:13:02
34860,100,3486000,13:13:02
34870,100,3487000,13:12:59
34860,600,20916000,13:12:59
34850,900,31365000,13:12:58
34840,100,3484000,13:12:57
34840,200,6968000,13:12:56
34840,100,3484000,13:12:56
34830,100,3483000,13:12:52
34830,100,3483000,13:12:51
34830,100,3483000,13:12:49
34830,100,3483000,13:12:46
34820,100,3482000,13:12:27
34840,100,3484000,13:12:21
34820,100,3482000,13:12:21
34830,200,6966000,13:12:21
34830,200,6966000,13:12:21
34820,100,3482000,13:12:16
34820,100,3482000,13:12:14
34820,100,3482000,13:12:11
34820,100,3482000,13:12:11
34820,100,3482000,13:12:07
34820,100,3482000,13:12:00
34820,100,3482000,13:11:48
34810,100,3481000,13:11:45
34820,100,3482000,13:11:34
34810,100,3481000,13:11:30
34810,100,3481000,13:11:29
34810,100,3481000,13:11:29
34810,100,3481000,13:11:27
34810,100,3481000,13:11:22
34810,200,6962000,13:11:13
34810,100,3481000,13:11:10
34810,100,3481000,13:11:10
34810,100,3481000,13:11:08
34820,800,27856000,13:11:02
34820,100,3482000,13:11:02
34820,100,3482000,13:11:01
34830,100,3483000,13:11:01
34830,100,3483000,13:11:01
34830,200,6966000,13:11:01
34830,200,6966000,13:11:01
34840,100,3484000,13:10:55
34830,100,3483000,13:10:55
34830,100,3483000,13:10:54
34830,100,3483000,13:10:53
34840,100,3484000,13:10:50
34830,300,10449000,13:10:49
34850,100,3485000,13:10:44
34850,100,3485000,13:10:44
34840,100,3484000,13:10:44
34830,100,3483000,13:10:43
34830,100,3483000,13:10:41
34830,100,3483000,13:10:37
34820,100,3482000,13:10:32
34830,100,3483000,13:10:30
34830,100,3483000,13:10:29
34820,100,3482000,13:10:23
34810,100,3481000,13:10:21
34820,100,3482000,13:10:21
34820,300,10446000,13:10:20
34810,200,6962000,13:10:20
34800,100,3480000,13:10:20
34800,200,6960000,13:10:18
34800,100,3480000,13:10:18
34790,100,3479000,13:10:14
34790,100,3479000,13:10:11
34800,100,3480000,13:10:11
34790,100,3479000,13:10:11
34770,100,3477000,13:10:10
34780,400,13912000,13:10:10
34770,700,24339000,13:10:10
34760,100,3476000,13:10:10
34760,100,3476000,13:10:04
34750,200,6950000,13:09:57
34750,100,3475000,13:09:52
34760,200,6952000,13:09:51
34760,100,3476000,13:09:48
34760,300,10428000,13:09:48
34760,300,10428000,13:09:48
34760,300,10428000,13:09:48
34760,200,6952000,13:09:45
34760,100,3476000,13:09:44
34770,100,3477000,13:09:40
34770,100,3477000,13:09:37
34770,100,3477000,13:09:37
34770,100,3477000,13:09:37
34770,100,3477000,13:09:37
34760,100,3476000,13:09:35
34760,200,6952000,13:09:33
34740,100,3474000,13:09:31
34750,100,3475000,13:09:28
34750,200,6950000,13:09:28
34740,100,3474000,13:09:19
34740,100,3474000,13:09:19
34740,100,3474000,13:09:19
34740,100,3474000,13:09:18
34730,100,3473000,13:09:17
34730,100,3473000,13:09:16
34740,100,3474000,13:09:16
34740,100,3474000,13:09:14
34740,100,3474000,13:09:13
34740,100,3474000,13:09:13
34740,100,3474000,13:09:13
34740,400,13896000,13:09:13
34740,300,10422000,13:09:13
34750,300,10425000,13:09:13
34750,100,3475000,13:09:13
34750,100,3475000,13:09:13
34750,100,3475000,13:09:13
34760,300,10428000,13:09:12
34760,1000,34760000,13:09:12
34770,100,3477000,13:09:04
34780,100,3478000,13:08:56
34770,500,17385000,13:08:55
34760,100,3476000,13:08:49
34760,100,3476000,13:08:49
34760,100,3476000,13:08:49
34770,100,3477000,13:08:46
34760,100,3476000,13:08:44
34760,100,3476000,13:08:44
34760,100,3476000,13:08:43
34770,100,3477000,13:08:42
34770,1200,41724000,13:08:42
34780,800,27824000,13:08:42
34790,100,3479000,13:08:41
34790,100,3479000,13:08:41
34790,100,3479000,13:08:40
34790,100,3479000,13:08:36
34790,100,3479000,13:08:36
34790,100,3479000,13:08:33
34800,100,3480000,13:08:31
34800,100,3480000,13:08:31
34800,100,3480000,13:08:31
34790,100,3479000,13:08:31
34790,100,3479000,13:08:26
34800,100,3480000,13:08:26
34800,200,6960000,13:08:26
34780,100,3478000,13:08:25
34790,200,6958000,13:08:25
34790,100,3479000,13:08:25
34790,100,3479000,13:08:25
34800,300,10440000,13:08:25
34800,800,27840000,13:08:25
34800,100,3480000,13:08:25
34800,100,3480000,13:08:25
34810,100,3481000,13:08:22
34810,100,3481000,13:08:22
34810,100,3481000,13:08:19
34820,100,3482000,13:08:06
34820,100,3482000,13:08:06
34820,200,6964000,13:08:06
34820,100,3482000,13:08:06
34820,100,3482000,13:08:05
34820,100,3482000,13:08:05
34830,100,3483000,13:08:05
34830,100,3483000,13:08:05
34840,200,6968000,13:08:00
34840,200,6968000,13:08:00
34840,200,6968000,13:07:54
34840,100,3484000,13:07:49
34850,100,3485000,13:07:49
34850,100,3485000,13:07:42
34850,100,3485000,13:07:41
34850,100,3485000,13:07:38
34850,300,10455000,13:07:38
34850,300,10455000,13:07:38
34840,100,3484000,13:07:31
34840,100,3484000,13:07:28
34840,100,3484000,13:07:24
34840,100,3484000,13:07:24
34840,100,3484000,13:07:24
34840,300,10452000,13:07:21
34840,100,3484000,13:07:18
34840,100,3484000,13:07:16
34850,100,3485000,13:07:14
34840,100,3484000,13:07:07
34840,300,10452000,13:07:04
34830,100,3483000,13:07:00
34820,100,3482000,13:06:57
34820,100,3482000,13:06:57
34830,100,3483000,13:06:56
34820,100,3482000,13:06:55
34820,100,3482000,13:06:55
34820,100,3482000,13:06:49
34820,100,3482000,13:06:44
34830,100,3483000,13:06:42
34840,100,3484000,13:06:33
34840,100,3484000,13:06:28
34850,100,3485000,13:06:27
34840,300,10452000,13:06:26
34840,100,3484000,13:06:26
34820,100,3482000,13:06:16
34830,500,17415000,13:06:14
34820,100,3482000,13:06:14
34820,100,3482000,13:06:14
34830,100,3483000,13:06:08
34820,100,3482000,13:06:08
34820,100,3482000,13:06:07
34820,100,3482000,13:06:06
34810,100,3481000,13:06:05
34800,100,3480000,13:06:05
34810,100,3481000,13:06:04
34810,100,3481000,13:06:04
34820,300,10446000,13:06:03
34830,200,6966000,13:06:00
34830,100,3483000,13:05:58
34840,100,3484000,13:05:54
34840,200,6968000,13:05:54
34840,200,6968000,13:05:54
34840,100,3484000,13:05:54
34840,400,13936000,13:05:52
34840,200,6968000,13:05:50
34840,200,6968000,13:05:50
34840,100,3484000,13:05:50
34830,100,3483000,13:05:48
34830,100,3483000,13:05:47
34840,100,3484000,13:05:46
34830,100,3483000,13:05:46
34830,100,3483000,13:05:42
34820,200,6964000,13:05:42
34830,300,10449000,13:05:42
34830,100,3483000,13:05:39
34830,100,3483000,13:05:39
34830,500,17415000,13:05:39
34830,100,3483000,13:05:35
34840,1200,41808000,13:05:34
34840,100,3484000,13:05:34
34840,500,17420000,13:05:34
34850,1300,45305000,13:05:34
34860,200,6972000,13:05:33
34860,500,17430000,13:05:33
34860,100,3486000,13:05:33
34870,200,6974000,13:05:28
34860,100,3486000,13:05:26
34870,100,3487000,13:05:16
34870,100,3487000,13:05:16
34880,100,3488000,13:05:10
34880,700,24416000,13:05:07
34880,100,3488000,13:05:07
34880,100,3488000,13:05:07
34880,100,3488000,13:05:07
34880,100,3488000,13:05:06
34900,100,3490000,13:05:01
34890,100,3489000,13:04:59
34880,100,3488000,13:04:54
34890,200,6978000,13:04:54
34890,200,6978000,13:04:43
34890,200,6978000,13:04:43
34900,100,3490000,13:04:34
34900,100,3490000,13:04:34
34900,100,3490000,13:04:32
34900,100,3490000,13:04:31
34900,100,3490000,13:04:29
34900,100,3490000,13:04:28
34900,100,3490000,13:04:18
34910,400,13964000,13:04:17
34910,100,3491000,13:04:17
34900,100,3490000,13:04:13
34900,100,3490000,13:04:08
34880,100,3488000,13:03:52
34880,100,3488000,13:03:51
34880,100,3488000,13:03:51
34890,200,6978000,13:03:50
34900,100,3490000,13:03:50
34900,100,3490000,13:03:49
34900,100,3490000,13:03:47
34900,100,3490000,13:03:47
34900,100,3490000,13:03:47
34910,200,6982000,13:03:39
34900,100,3490000,13:03:36
34900,100,3490000,13:03:36
34900,100,3490000,13:03:36
34900,200,6980000,13:03:36
34900,200,6980000,13:03:36
34900,200,6980000,13:03:36
34910,100,3491000,13:03:34
34920,100,3492000,13:03:27
34920,100,3492000,13:03:27
34920,600,20952000,13:03:27
34930,100,3493000,13:03:17
34920,200,6984000,13:03:12
34940,100,3494000,13:03:10
34930,100,3493000,13:03:08
34930,100,3493000,13:03:06
34930,100,3493000,13:03:02
34940,100,3494000,13:03:02
34950,100,3495000,13:03:01
34950,100,3495000,13:02:53
34940,100,3494000,13:02:43
34930,100,3493000,13:02:43
34950,100,3495000,13:02:41
34950,100,3495000,13:02:40
34940,100,3494000,13:02:38
34940,100,3494000,13:02:35
34940,100,3494000,13:02:34
34940,300,10482000,13:02:33
34930,100,3493000,13:02:26
34930,100,3493000,13:02:26
34930,100,3493000,13:02:26
34920,200,6984000,13:02:17
34910,100,3491000,13:02:14
34920,200,6984000,13:02:13
34910,100,3491000,13:02:12
34910,100,3491000,13:02:09
34910,100,3491000,13:02:05
34910,100,3491000,13:02:03
34910,300,10473000,13:02:03
34910,200,6982000,13:02:03
34910,100,3491000,13:02:01
34920,100,3492000,13:01:59
34920,100,3492000,13:01:59
34920,100,3492000,13:01:59
34920,100,3492000,13:01:59
34920,100,3492000,13:01:59
34920,100,3492000,13:01:59
34930,100,3493000,13:01:52
34930,100,3493000,13:01:52
34930,100,3493000,13:01:46
34930,100,3493000,13:01:46
34930,200,6986000,13:01:46
34930,100,3493000,13:01:46
34940,300,10482000,13:01:45
34940,100,3494000,13:01:45
34950,100,3495000,13:01:42
34950,300,10485000,13:01:33
34950,100,3495000,13:01:33
34960,100,3496000,13:01:24
34960,100,3496000,13:01:20
34960,100,3496000,13:01:20
34950,100,3495000,13:01:13
34950,100,3495000,13:01:02
34970,100,3497000,13:00:57
34960,200,6992000,13:00:55
34950,100,3495000,13:00:50
34950,100,3495000,13:00:45
34950,100,3495000,13:00:44
34950,200,6990000,13:00:44
34950,100,3495000,13:00:38
34950,100,3495000,13:00:36
34950,100,3495000,13:00:36
34950,100,3495000,13:00:36
34960,300,10488000,13:00:36
34970,100,3497000,13:00:33
34970,100,3497000,13:00:26
34970,100,3497000,13:00:18
34970,200,6994000,13:00:18
34980,200,6996000,13:00:16
34980,100,3498000,13:00:16
34980,200,6996000,13:00:16
34990,100,3499000,13:00:15
34990,100,3499000,13:00:13
34990,400,13996000,13:00:12
34990,100,3499000,13:00:12
34990,100,3499000,13:00:12
35000,100,3500000,13:00:03
35010,100,3501000,12:59:59
35010,200,7002000,12:59:49
35000,100,3500000,12:59:47
34990,300,10497000,12:59:37
35000,100,3500000,12:59:37
35010,100,3501000,12:59:26
35010,100,3501000,12:59:25
35010,100,3501000,12:59:23
35010,100,3501000,12:59:15
35010,100,3501000,12:59:15
35000,100,3500000,12:59:08
35010,100,3501000,12:59:08
35000,100,3500000,12:59:03
35000,100,3500000,12:59:00
35000,100,3500000,12:58:54
35000,100,3500000,12:58:52
35000,300,10500000,12:58:52
34980,100,3498000,12:58:42
34990,100,3499000,12:58:39
34990,100,3499000,12:58:38
34990,100,3499000,12:58:38
34990,200,6998000,12:58:34
34990,200,6998000,12:58:34
34990,100,3499000,12:58:34
35000,100,3500000,12:58:32
35000,100,3500000,12:58:31
35000,100,3500000,12:58:31
35000,100,3500000,12:58:27
35000,600,21000000,12:58:23
35010,100,3501000,12:58:22
35010,100,3501000,12:58:21
35000,100,3500000,12:58:19
35000,100,3500000,12:58:18
35000,100,3500000,12:58:17
35000,200,7000000,12:58:17
35010,100,3501000,12:58:17
35010,100,3501000,12:58:17
35010,100,3501000,12:58:17
35020,100,3502000,12:58:06
35040,100,3504000,12:58:00
35040,100,3504000,12:58:00
35040,100,3504000,12:58:00
35050,100,3505000,12:57:53
35050,100,3505000,12:57:52
35050,100,3505000,12:57:52
35050,100,3505000,12:57:52
35060,100,3506000,12:57:50
35080,100,3508000,12:57:40
35080,100,3508000,12:57:39
35080,200,7016000,12:57:39
35080,100,3508000,12:57:39
35080,100,3508000,12:57:39
35080,100,3508000,12:57:39
35080,100,3508000,12:57:39
35080,100,3508000,12:57:39
35070,2700,94689000,12:57:39
35070,200,7014000,12:57:39
35060,100,3506000,12:57:38
35050,100,3505000,12:57:37
35050,100,3505000,12:57:31
35050,300,10515000,12:57:16
35070,100,3507000,12:57:11
35060,100,3506000,12:57:09
35060,100,3506000,12:57:08
35070,500,17535000,12:57:05
35050,100,3505000,12:57:01
35050,100,3505000,12:56:58
35050,100,3505000,12:56:55
35040,100,3504000,12:56:52
35050,100,3505000,12:56:51
35050,100,3505000,12:56:51
35050,100,3505000,12:56:49
35050,100,3505000,12:56:43
35040,100,3504000,12:56:37
35050,300,10515000,12:56:37
35050,100,3505000,12:56:37
35050,200,7010000,12:56:37
35050,100,3505000,12:56:37
35050,100,3505000,12:56:37
35060,100,3506000,12:56:32
35060,100,3506000,12:56:30
35060,300,10518000,12:56:30
35080,200,7016000,12:56:28
35070,200,7014000,12:56:28
35060,100,3506000,12:56:26
35070,500,17535000,12:56:25
35060,100,3506000,12:56:25
35070,100,3507000,12:56:20
35060,100,3506000,12:56:14
35060,300,10518000,12:56:09
35050,100,3505000,12:56:06
35040,100,3504000,12:56:01
35050,100,3505000,12:55:58
35050,100,3505000,12:55:58
35050,200,7010000,12:55:58
35050,400,14020000,12:55:58
35050,100,3505000,12:55:55
35040,300,10512000,12:55:55
35040,400,14016000,12:55:55
35030,100,3503000,12:55:55
35030,600,21018000,12:55:44
35020,100,3502000,12:55:38
35030,500,17515000,12:55:34
35030,100,3503000,12:55:34
35020,100,3502000,12:55:31
35030,200,7006000,12:55:29
35020,100,3502000,12:55:29
35020,300,10506000,12:55:29
35020,300,10506000,12:55:29
35030,100,3503000,12:55:22
35040,100,3504000,12:55:20
35040,100,3504000,12:55:15
35030,600,21018000,12:55:12
35030,100,3503000,12:55:12
35040,100,3504000,12:55:11
35040,100,3504000,12:55:09
35040,100,3504000,12:55:08
35050,100,3505000,12:55:03
35050,100,3505000,12:55:02
35050,400,14020000,12:55:00
35040,100,3504000,12:55:00
35040,200,7008000,12:54:53
35050,300,10515000,12:54:53
35040,200,7008000,12:54:53
35040,100,3504000,12:54:50
35040,200,7008000,12:54:50
35030,200,7006000,12:54:49
35030,100,3503000,12:54:49
35020,100,3502000,12:54:48
35020,300,10506000,12:54:48
35020,100,3502000,12:54:44
35010,100,3501000,12:54:44
35010,1200,42012000,12:54:44
35010,1200,42012000,12:54:44
35010,200,7002000,12:54:43
35010,100,3501000,12:54:42
35010,500,17505000,12:54:42
35010,100,3501000,12:54:33
35010,100,3501000,12:54:33
35010,100,3501000,12:54:33
35020,100,3502000,12:54:30
35010,100,3501000,12:54:24
35010,100,3501000,12:54:24
35010,100,3501000,12:54:24
35010,100,3501000,12:54:20
35010,100,3501000,12:54:20
35010,100,3501000,12:54:16
35000,100,3500000,12:54:14
35000,100,3500000,12:54:12
34990,100,3499000,12:54:11
35000,100,3500000,12:54:08
35000,1200,42000000,12:54:08
35000,100,3500000,12:54:08
34990,100,3499000,12:54:02
34980,100,3498000,12:54:01
34990,400,13996000,12:54:00
34980,200,6996000,12:53:56
34960,100,3496000,12:53:54
34970,200,6994000,12:53:52
34960,100,3496000,12:53:51
34970,100,3497000,12:53:49
34970,100,3497000,12:53:49
34960,100,3496000,12:53:47
34960,100,3496000,12:53:47
34960,100,3496000,12:53:47
34960,100,3496000,12:53:43
34960,100,3496000,12:53:32
34960,200,6992000,12:53:30
34960,100,3496000,12:53:29
34970,100,3497000,12:53:26
34970,100,3497000,12:53:13
34970,300,10491000,12:53:12
34960,200,6992000,12:53:10
34960,100,3496000,12:53:10
34960,100,3496000,12:53:08
34960,100,3496000,12:53:04
34960,100,3496000,12:52:57
34950,100,3495000,12:52:40
34960,100,3496000,12:52:40
34960,100,3496000,12:52:40
34970,100,3497000,12:52:35
34970,100,3497000,12:52:35
34970,100,3497000,12:52:35
34970,500,17485000,12:52:35
34970,500,17485000,12:52:35
34970,100,3497000,12:52:35
34980,100,3498000,12:52:26
34990,100,3499000,12:52:24
35000,100,3500000,12:52:17
35000,100,3500000,12:52:13
35000,100,3500000,12:52:13
35000,100,3500000,12:52:13
35000,100,3500000,12:52:12
34990,200,6998000,12:52:12
34990,100,3499000,12:52:12
34980,800,27984000,12:52:12
34970,400,13988000,12:52:12
34960,800,27968000,12:52:12
34960,100,3496000,12:52:08
34950,700,24465000,12:52:08
34930,100,3493000,12:51:59
34930,100,3493000,12:51:53
34940,100,3494000,12:51:47
34940,100,3494000,12:51:47
34930,100,3493000,12:51:44
34930,100,3493000,12:51:40
34940,100,3494000,12:51:36
34930,100,3493000,12:51:34
34930,300,10479000,12:51:32
34940,100,3494000,12:51:28
34940,100,3494000,12:51:28
34940,100,3494000,12:51:22
34940,100,3494000,12:51:22
34930,100,3493000,12:51:20
34930,100,3493000,12:51:14
34920,100,3492000,12:51:04
34930,100,3493000,12:51:03
34920,100,3492000,12:51:01
34920,400,13968000,12:51:01
34920,300,10476000,12:51:01
34900,100,3490000,12:50:46
34910,100,3491000,12:50:42
34910,200,6982000,12:50:42
34910,100,3491000,12:50:42
34900,300,10470000,12:50:33
34900,200,6980000,12:50:26
34890,100,3489000,12:50:25
34890,100,3489000,12:50:20
34890,100,3489000,12:50:16
34890,200,6978000,12:50:16
34890,1000,34890000,12:50:16
34900,100,3490000,12:50:16
34900,100,3490000,12:50:15
34890,100,3489000,12:50:14
34880,200,6976000,12:50:12
34860,100,3486000,12:50:11
34850,100,3485000,12:50:11
34860,400,13944000,12:50:11
34860,100,3486000,12:50:10
34860,100,3486000,12:50:09
34860,100,3486000,12:50:09
34870,100,3487000,12:50:08
34870,200,6974000,12:50:08
34870,100,3487000,12:50:08
34870,100,3487000,12:50:04
34880,100,3488000,12:50:03
34880,200,6976000,12:49:54
34880,100,3488000,12:49:54
34890,100,3489000,12:49:54
34890,600,20934000,12:49:54
34890,100,3489000,12:49:54
34900,100,3490000,12:49:48
34900,100,3490000,12:49:47
34900,300,10470000,12:49:47
34900,300,10470000,12:49:47
34890,100,3489000,12:49:38
34900,100,3490000,12:49:28
34900,100,3490000,12:49:25
34900,100,3490000,12:49:22
34900,100,3490000,12:49:22
34900,100,3490000,12:49:22
34900,100,3490000,12:49:22
34910,100,3491000,12:49:15
34900,100,3490000,12:49:15
34910,100,3491000,12:49:13
34910,100,3491000,12:49:12
34910,100,3491000,12:49:09
34910,200,6982000,12:49:09
34910,100,3491000,12:49:09
34920,100,3492000,12:49:08
34910,100,3491000,12:49:06
34920,100,3492000,12:49:05
34920,100,3492000,12:49:00
34930,400,13972000,12:49:00
34930,100,3493000,12:49:00
34930,100,3493000,12:49:00
34930,100,3493000,12:49:00
34940,100,3494000,12:48:56
34940,300,10482000,12:48:52
34940,100,3494000,12:48:52
34950,300,10485000,12:48:48
34950,300,10485000,12:48:48
34970,100,3497000,12:48:43
34960,100,3496000,12:48:41
34950,100,3495000,12:48:35
34960,200,6992000,12:48:35
34960,100,3496000,12:48:35
34970,100,3497000,12:48:34
34980,100,3498000,12:48:21
34970,100,3497000,12:48:21
34960,100,3496000,12:48:21
34960,200,6992000,12:48:20
34970,100,3497000,12:48:20
34970,300,10491000,12:48:20
34960,700,24472000,12:48:19
34940,100,3494000,12:48:12
34940,100,3494000,12:48:08
34940,100,3494000,12:48:08
34940,200,6988000,12:48:08
34940,300,10482000,12:48:08
34940,100,3494000,12:48:08
34950,200,6990000,12:48:07
34940,100,3494000,12:48:06
34950,100,3495000,12:48:04
34940,100,3494000,12:47:58
34950,100,3495000,12:47:54
34950,100,3495000,12:47:53
34950,300,10485000,12:47:48
34950,100,3495000,12:47:48
34940,100,3494000,12:47:48
34940,100,3494000,12:47:39
34950,100,3495000,12:47:37
34940,100,3494000,12:47:32
34930,100,3493000,12:47:24
34940,500,17470000,12:47:24
34930,300,10479000,12:47:16
34940,200,6988000,12:47:16
34940,100,3494000,12:47:14
34940,100,3494000,12:47:13
34940,200,6988000,12:47:12
34940,100,3494000,12:47:12
34940,300,10482000,12:47:12
34930,100,3493000,12:47:07
34930,100,3493000,12:47:05
34930,300,10479000,12:47:04
34930,100,3493000,12:47:04
34910,500,17455000,12:46:59
34920,700,24444000,12:46:54
34910,100,3491000,12:46:47
34900,900,31410000,12:46:45
34900,100,3490000,12:46:45
34880,100,3488000,12:46:42
34880,200,6976000,12:46:42
34880,100,3488000,12:46:39
34880,100,3488000,12:46:36
34870,100,3487000,12:46:34
34860,200,6972000,12:46:33
34860,100,3486000,12:46:30
34860,100,3486000,12:46:29
34850,100,3485000,12:46:27
34850,400,13940000,12:46:27
34840,200,6968000,12:46:25
34820,100,3482000,12:46:23
34830,200,6966000,12:46:22
34830,100,3483000,12:46:22
34830,100,3483000,12:46:22
34820,100,3482000,12:46:21
34820,100,3482000,12:46:20
34820,100,3482000,12:46:20
34820,100,3482000,12:46:16
34810,100,3481000,12:46:14
34800,100,3480000,12:46:14
34800,100,3480000,12:46:13
34800,100,3480000,12:46:13
34800,100,3480000,12:46:13
34800,100,3480000,12:46:13
34810,300,10443000,12:46:13
34800,200,6960000,12:46:13
34800,300,10440000,12:46:13
34810,100,3481000,12:46:13
34810,300,10443000,12:46:13
34810,100,3481000,12:46:13
34810,100,3481000,12:46:10
34810,200,6962000,12:46:10
34810,100,3481000,12:46:10
34810,400,13924000,12:46:09
34820,200,6964000,12:46:09
34820,100,3482000,12:46:09
34810,400,13924000,12:46:08
34810,100,3481000,12:46:08
34820,100,3482000,12:46:07
34820,100,3482000,12:46:07
34820,100,3482000,12:46:07
34830,200,6966000,12:46:06
34830,100,3483000,12:46:06
34840,200,6968000,12:46:03
34840,100,3484000,12:46:03
34840,100,3484000,12:46:03
34840,100,3484000,12:46:03
34840,100,3484000,12:46:03
34840,200,6968000,12:46:03
34850,100,3485000,12:46:01
34850,100,3485000,12:46:01
34850,100,3485000,12:46:01
34860,100,3486000,12:45:58
34850,100,3485000,12:45:57
34860,300,10458000,12:45:56
34870,100,3487000,12:45:53
34880,100,3488000,12:45:48
34890,100,3489000,12:45:44
34870,100,3487000,12:45:44
34880,100,3488000,12:45:41
34870,300,10461000,12:45:40
34860,100,3486000,12:45:40
34860,100,3486000,12:45:35
34860,200,6972000,12:45:35
34860,200,6972000,12:45:31
34850,100,3485000,12:45:27
34860,100,3486000,12:45:27
34850,100,3485000,12:45:26
34850,100,3485000,12:45:26
34850,100,3485000,12:45:26
34850,600,20910000,12:45:26
34860,500,17430000,12:45:25
34870,400,13948000,12:45:25
34870,200,6974000,12:45:25
34870,100,3487000,12:45:25
34880,1600,55808000,12:45:25
34880,400,13952000,12:45:25
34880,600,20928000,12:45:25
34880,1100,38368000,12:45:25
34890,800,27912000,12:45:25
34900,100,3490000,12:45:22
34900,400,13960000,12:45:20
34910,100,3491000,12:45:19
34910,100,3491000,12:45:11
34900,300,10470000,12:45:03
34900,600,20940000,12:45:03
34920,100,3492000,12:45:01
34920,100,3492000,12:45:00
34900,100,3490000,12:44:59
34900,100,3490000,12:44:57
34900,100,3490000,12:44:54
34900,200,6980000,12:44:52
34900,100,3490000,12:44:51
34910,200,6982000,12:44:49
34920,200,6984000,12:44:49
34920,100,3492000,12:44:44
34910,100,3491000,12:44:42
34910,100,3491000,12:44:40
34920,100,3492000,12:44:39
34920,200,6984000,12:44:39
34930,100,3493000,12:44:37
34930,100,3493000,12:44:37
34930,200,6986000,12:44:34
34930,300,10479000,12:44:34
34920,100,3492000,12:44:28
34920,100,3492000,12:44:27
34920,100,3492000,12:44:26
34920,200,6984000,12:44:25
34920,100,3492000,12:44:25
34920,100,3492000,12:44:25
34920,100,3492000,12:44:19
34920,100,3492000,12:44:19
34930,100,3493000,12:44:12
34930,100,3493000,12:44:12
34920,200,6984000,12:44:11
34910,100,3491000,12:44:11
34910,100,3491000,12:44:08
34910,100,3491000,12:44:08
34900,700,24430000,12:44:07
34890,100,3489000,12:44:04
34890,100,3489000,12:44:01
34890,300,10467000,12:44:01
34900,100,3490000,12:43:58
34900,100,3490000,12:43:56
34900,100,3490000,12:43:55
34900,300,10470000,12:43:54
34900,100,3490000,12:43:54
34910,100,3491000,12:43:50
34920,100,3492000,12:43:45
34910,500,17455000,12:43:45
34900,200,6980000,12:43:45
34900,100,3490000,12:43:38
34890,100,3489000,12:43:38
34880,100,3488000,12:43:38
34880,100,3488000,12:43:38
34880,300,10464000,12:43:38
34880,100,3488000,12:43:36
34880,400,13952000,12:43:35
34880,100,3488000,12:43:35
34880,100,3488000,12:43:34
34880,100,3488000,12:43:30
34890,400,13956000,12:43:30
34890,100,3489000,12:43:27
34890,300,10467000,12:43:25
34900,100,3490000,12:43:23
34900,100,3490000,12:43:23
34890,100,3489000,12:43:15
34890,100,3489000,12:43:14
34890,100,3489000,12:43:14
34900,100,3490000,12:43:14
34900,100,3490000,12:43:12
34900,100,3490000,12:43:09
34900,100,3490000,12:43:07
34900,100,3490000,12:43:02
34900,200,6980000,12:42:59
34900,300,10470000,12:42:59
34900,1100,38390000,12:42:56
34900,100,3490000,12:42:53
34900,100,3490000,12:42:52
34900,100,3490000,12:42:52
34900,100,3490000,12:42:51
34900,100,3490000,12:42:51
34900,100,3490000,12:42:50
34900,100,3490000,12:42:49
34910,100,3491000,12:42:45
34910,100,3491000,12:42:44
34910,100,3491000,12:42:44
34910,100,3491000,12:42:42
34910,100,3491000,12:42:42
34910,100,3491000,12:42:40
34920,600,20952000,12:42:40
34920,200,6984000,12:42:40
34920,100,3492000,12:42:40
34930,100,3493000,12:42:39
34930,400,13972000,12:42:39
34940,600,20964000,12:42:38
34950,100,3495000,12:42:24
34950,100,3495000,12:42:22
34940,100,3494000,12:42:22
34940,100,3494000,12:42:21
34950,100,3495000,12:42:20
34940,300,10482000,12:42:19
34950,100,3495000,12:42:17
34950,100,3495000,12:42:13
34940,400,13976000,12:42:12
34950,300,10485000,12:42:10
34950,100,3495000,12:42:10
34940,100,3494000,12:42:09
34940,100,3494000,12:42:05
34950,100,3495000,12:42:05
34960,100,3496000,12:42:04
34950,100,3495000,12:42:03
34950,100,3495000,12:42:00
34950,100,3495000,12:42:00
34960,100,3496000,12:42:00
34950,100,3495000,12:41:55
34950,100,3495000,12:41:53
34960,100,3496000,12:41:50
34950,100,3495000,12:41:43
34950,100,3495000,12:41:41
34940,100,3494000,12:41:41
34940,100,3494000,12:41:41
34940,100,3494000,12:41:41
34950,1000,34950000,12:41:41
34960,1100,38456000,12:41:41
34970,100,3497000,12:41:39
34970,300,10491000,12:41:39
34970,100,3497000,12:41:36
34970,100,3497000,12:41:36
34980,100,3498000,12:41:36
34980,100,3498000,12:41:36
34980,700,24486000,12:41:36
34980,100,3498000,12:41:36
34990,500,17495000,12:41:35
35000,1100,38500000,12:41:35
35000,100,3500000,12:41:35
35000,100,3500000,12:41:35
35000,200,7000000,12:41:35
35000,200,7000000,12:41:35
35000,100,3500000,12:41:35
35000,100,3500000,12:41:35
35000,100,3500000,12:41:35
35010,200,7002000,12:41:32
35010,200,7002000,12:41:32
35010,200,7002000,12:41:32
35020,1300,45526000,12:41:32
35030,300,10509000,12:41:31
35030,400,14012000,12:41:31
35040,100,3504000,12:41:30
35040,200,7008000,12:41:29
35040,200,7008000,12:41:29
35060,100,3506000,12:41:20
35070,100,3507000,12:40:57
35060,100,3506000,12:40:57
35060,200,7012000,12:40:57
35050,100,3505000,12:40:47
35050,100,3505000,12:40:47
35040,100,3504000,12:40:45
35050,100,3505000,12:40:45
35040,500,17520000,12:40:33
35050,100,3505000,12:40:31
35070,100,3507000,12:40:29
35070,100,3507000,12:40:29
35060,900,31554000,12:40:28
35050,300,10515000,12:40:26
35040,100,3504000,12:40:23
35030,100,3503000,12:40:21
35040,100,3504000,12:40:19
35030,100,3503000,12:40:11
35020,100,3502000,12:40:04
35040,100,3504000,12:39:59
35040,100,3504000,12:39:59
35030,100,3503000,12:39:58
35040,500,17520000,12:39:58
35040,200,7008000,12:39:57
35050,100,3505000,12:39:51
35050,100,3505000,12:39:51
35050,100,3505000,12:39:47
35050,100,3505000,12:39:47
35050,300,10515000,12:39:47
35050,300,10515000,12:39:47
35050,100,3505000,12:39:36
35050,100,3505000,12:39:33
35050,200,7010000,12:39:33
35050,100,3505000,12:39:29
35040,200,7008000,12:39:25
35040,100,3504000,12:39:25
35030,100,3503000,12:39:16
35010,100,3501000,12:39:08
35010,100,3501000,12:39:03
35020,100,3502000,12:39:03
35020,100,3502000,12:39:03
35020,100,3502000,12:38:53
35020,200,7004000,12:38:53
35030,2300,80569000,12:38:53
35030,600,21018000,12:38:53
35030,100,3503000,12:38:53
35030,100,3503000,12:38:53
35040,100,3504000,12:38:52
35040,100,3504000,12:38:48
35040,500,17520000,12:38:46
35040,100,3504000,12:38:46
35040,100,3504000,12:38:45
35040,100,3504000,12:38:45
35040,200,7008000,12:38:45
35040,200,7008000,12:38:45
35040,200,7008000,12:38:45
35050,100,3505000,12:38:26
35050,200,7010000,12:38:26
35060,100,3506000,12:38:23
35060,100,3506000,12:38:23
35050,100,3505000,12:38:22
35060,200,7012000,12:38:17
35060,200,7012000,12:38:06
35060,100,3506000,12:38:06
35050,100,3505000,12:37:58
35040,100,3504000,12:37:51
35050,400,14020000,12:37:50
35050,100,3505000,12:37:50
35050,100,3505000,12:37:46
35060,100,3506000,12:37:44
35050,200,7010000,12:37:43
35060,100,3506000,12:37:40
35050,300,10515000,12:37:38
35050,300,10515000,12:37:38
35050,300,10515000,12:37:38
35050,300,10515000,12:37:38
35040,100,3504000,12:37:35
35040,100,3504000,12:37:34
35030,200,7006000,12:37:33
35030,200,7006000,12:37:32
35050,1200,42060000,12:37:28
35040,200,7008000,12:37:26
35040,100,3504000,12:37:25
35030,100,3503000,12:37:22
35010,100,3501000,12:37:21
35030,200,7006000,12:37:20
35030,400,14012000,12:37:14
35020,200,7004000,12:37:13
35020,200,7004000,12:37:13
35010,100,3501000,12:37:12
35010,200,7002000,12:37:11
35010,300,10503000,12:37:11
35000,100,3500000,12:37:05
35000,300,10500000,12:37:05
35000,200,7000000,12:37:05
35000,100,3500000,12:37:01
35010,100,3501000,12:36:53
35010,100,3501000,12:36:51
35010,100,3501000,12:36:51
35010,300,10503000,12:36:51
35000,100,3500000,12:36:45
35000,1400,49000000,12:36:45
35000,100,3500000,12:36:45
35000,500,17500000,12:36:45
35000,100,3500000,12:36:45
35000,600,21000000,12:36:45
35000,300,10500000,12:36:45
35000,100,3500000,12:36:45
35000,700,24500000,12:36:45
35000,100,3500000,12:36:44
35000,100,3500000,12:36:41
35010,300,10503000,12:36:40
35010,700,24507000,12:36:40
35010,100,3501000,12:36:40
35010,200,7002000,12:36:40
35010,300,10503000,12:36:40
35020,200,7004000,12:36:31
35020,100,3502000,12:36:31
35020,400,14008000,12:36:31
35020,100,3502000,12:36:27
35020,100,3502000,12:36:26
35030,100,3503000,12:36:25
35030,500,17515000,12:36:25
35040,100,3504000,12:36:22
35050,100,3505000,12:36:17
35040,100,3504000,12:36:17
35040,500,17520000,12:36:14
35050,700,24535000,12:36:10
35050,100,3505000,12:36:10
35050,300,10515000,12:36:10
35060,900,31554000,12:36:06
35060,300,10518000,12:36:04
35070,200,7014000,12:36:00
35080,800,28064000,12:36:00
35090,300,10527000,12:36:00
35090,100,3509000,12:35:59
35090,100,3509000,12:35:59
35100,200,7020000,12:35:58
35100,100,3510000,12:35:58
35110,100,3511000,12:35:55
35120,100,3512000,12:35:50
35110,100,3511000,12:35:50
35100,100,3510000,12:35:44
35100,100,3510000,12:35:44
35100,600,21060000,12:35:40
35110,300,10533000,12:35:39
35120,200,7024000,12:35:31
35110,200,7022000,12:35:29
35120,300,10536000,12:35:28
35110,200,7022000,12:35:25
35110,100,3511000,12:35:25
35100,100,3510000,12:35:21
35110,100,3511000,12:35:15
35090,100,3509000,12:35:01
35100,500,17550000,12:35:01
35100,100,3510000,12:35:01
35100,100,3510000,12:35:01
35100,100,3510000,12:35:01
35110,100,3511000,12:34:59
35110,100,3511000,12:34:50
35110,100,3511000,12:34:48
35110,100,3511000,12:34:43
35110,100,3511000,12:34:41
35110,100,3511000,12:34:41
35120,100,3512000,12:34:41
35120,100,3512000,12:34:41
35130,100,3513000,12:34:40
35130,100,3513000,12:34:38
35120,200,7024000,12:34:27
35120,400,14048000,12:34:27
35120,100,3512000,12:34:27
35120,700,24584000,12:34:27
35130,100,3513000,12:34:26
35120,100,3512000,12:34:24
35120,300,10536000,12:34:24
35120,100,3512000,12:34:19
35120,200,7024000,12:34:16
35110,100,3511000,12:34:15
35110,100,3511000,12:34:14
35110,100,3511000,12:34:12
35120,200,7024000,12:34:12
35120,300,10536000,12:34:12
35120,100,3512000,12:34:12
35130,100,3513000,12:34:09
35130,100,3513000,12:34:04
35130,200,7026000,12:34:04
35130,300,10539000,12:34:04
35130,100,3513000,12:33:58
35140,100,3514000,12:33:58
35140,100,3514000,12:33:58
35150,100,3515000,12:33:54
35150,100,3515000,12:33:51
35150,200,7030000,12:33:46
35130,100,3513000,12:33:45
35120,100,3512000,12:33:43
35140,100,3514000,12:33:42
35130,100,3513000,12:33:41
35120,100,3512000,12:33:41
35130,100,3513000,12:33:40
35130,100,3513000,12:33:40
35140,700,24598000,12:33:40
35150,200,7030000,12:33:39
35160,200,7032000,12:33:39
35150,100,3515000,12:33:34
35160,100,3516000,12:33:32
35160,600,21096000,12:33:32
35160,100,3516000,12:33:32
35150,100,3515000,12:33:28
35150,100,3515000,12:33:25
35150,100,3515000,12:33:23
35150,100,3515000,12:33:23
35150,100,3515000,12:33:22
35160,100,3516000,12:33:18
35160,100,3516000,12:33:12
35170,100,3517000,12:33:09
35170,400,14068000,12:33:09
35170,100,3517000,12:33:09
35180,100,3518000,12:33:06
35180,500,17590000,12:33:02
35190,100,3519000,12:33:01
35190,100,3519000,12:33:01
35190,100,3519000,12:32:57
35190,100,3519000,12:32:56
35190,200,7038000,12:32:51
35190,100,3519000,12:32:51
35190,100,3519000,12:32:45
35200,100,3520000,12:32:41
35200,300,10560000,12:32:41
35210,100,3521000,12:32:37
35200,100,3520000,12:32:31
35210,100,3521000,12:32:28
35220,100,3522000,12:32:27
35220,100,3522000,12:32:26
35230,500,17615000,12:32:26
35230,200,7046000,12:32:26
35220,500,17610000,12:32:26
35210,800,28168000,12:32:26
35200,1000,35200000,12:32:26
35190,200,7038000,12:32:26
35180,100,3518000,12:32:25
35180,100,3518000,12:32:25
35180,100,3518000,12:32:12
35180,100,3518000,12:32:05
35180,100,3518000,12:32:02
35180,100,3518000,12:32:01
35180,100,3518000,12:31:58
35170,100,3517000,12:31:58
35180,200,7036000,12:31:58
35190,200,7038000,12:31:58
35190,200,7038000,12:31:58
35190,200,7038000,12:31:58
35190,200,7038000,12:31:58
35200,100,3520000,12:31:57
35200,400,14080000,12:31:57
35200,100,3520000,12:31:57
35200,100,3520000,12:31:56
35220,100,3522000,12:31:55
35210,100,3521000,12:31:54
35220,300,10566000,12:31:49
35220,100,3522000,12:31:49
35220,200,7044000,12:31:48
35220,100,3522000,12:31:48
35210,100,3521000,12:31:37
35220,100,3522000,12:31:31
35230,400,14092000,12:31:30
35220,100,3522000,12:31:30
35210,100,3521000,12:31:30
35210,100,3521000,12:31:30
35210,200,7042000,12:31:25
35200,100,3520000,12:31:25
35190,100,3519000,12:31:23
35200,400,14080000,12:31:23
35210,400,14084000,12:31:23
35210,100,3521000,12:31:23
35220,200,7044000,12:31:23
35220,100,3522000,12:31:23
35220,500,17610000,12:31:19
35220,400,14088000,12:31:19
35230,100,3523000,12:31:16
35230,100,3523000,12:31:08
35240,100,3524000,12:31:08
35230,100,3523000,12:31:06
35230,400,14092000,12:31:04
35240,400,14096000,12:31:04
35240,100,3524000,12:31:03
35250,100,3525000,12:31:02
35240,100,3524000,12:31:00
35230,200,7046000,12:31:00
35230,100,3523000,12:31:00
35220,100,3522000,12:30:58
35220,200,7044000,12:30:53
35240,200,7048000,12:30:47
35240,100,3524000,12:30:45
35270,100,3527000,12:30:45
35250,100,3525000,12:30:45
35250,100,3525000,12:30:45
35260,100,3526000,12:30:45
35260,100,3526000,12:30:45
35280,300,10584000,12:30:45
35270,100,3527000,12:30:45
35260,100,3526000,12:30:45
35260,100,3526000,12:30:45
35270,200,7054000,12:30:45
35260,100,3526000,12:30:45
35270,100,3527000,12:30:45
35280,100,3528000,12:30:45
35280,100,3528000,12:30:45
35280,100,3528000,12:30:45
35290,100,3529000,12:30:45
35290,300,10587000,12:30:45
35280,1600,56448000,12:30:45
35280,100,3528000,12:30:45
35280,200,7056000,12:30:45
35280,900,31752000,12:30:45
35250,100,3525000,12:30:45
35270,900,31743000,12:30:45
35270,100,3527000,12:30:45
35260,500,17630000,12:30:45
35250,800,28200000,12:30:45
35250,2000,70500000,12:30:45
35240,800,28192000,12:30:45
35230,800,28184000,12:30:45
35220,600,21132000,12:30:45
35210,100,3521000,12:30:39
35210,300,10563000,12:30:39
35210,100,3521000,12:30:35
35220,400,14088000,12:30:35
35210,100,3521000,12:30:35
35220,100,3522000,12:30:34
35230,100,3523000,12:30:34
35230,400,14092000,12:30:32
35210,200,7042000,12:30:29
35200,100,3520000,12:30:28
35210,100,3521000,12:30:27
35210,100,3521000,12:30:22
35220,100,3522000,12:30:21
35200,100,3520000,12:30:17
35200,400,14080000,12:30:17
35190,100,3519000,12:30:16
35180,100,3518000,12:30:16
35180,200,7036000,12:30:15
35180,100,3518000,12:30:11
35200,200,7040000,12:30:07
35210,100,3521000,12:30:07
35220,400,14088000,12:30:06
35230,100,3523000,12:30:06
35230,100,3523000,12:30:06
35230,100,3523000,12:30:05
35220,100,3522000,12:30:05
35200,100,3520000,12:30:04
35230,100,3523000,12:30:03
35210,300,10563000,12:30:02
35200,300,10560000,12:30:02
35200,100,3520000,12:30:02
35200,100,3520000,12:30:02
35210,100,3521000,12:30:01
35190,300,10557000,12:30:01
35200,200,7040000,12:30:01
35220,100,3522000,12:30:01
35210,400,14084000,12:30:01
35210,100,3521000,12:30:01
35220,100,3522000,12:30:01
35210,100,3521000,12:30:01
35230,200,7046000,12:30:01
35210,200,7042000,12:30:01
35230,300,10569000,12:30:01
35210,100,3521000,12:30:01
35210,200,7042000,12:30:01
35210,100,3521000,12:30:01
35210,100,3521000,12:30:01
35220,100,3522000,12:30:01
35210,300,10563000,12:30:01
35220,100,3522000,12:30:01
35220,100,3522000,12:30:01
35230,100,3523000,12:30:01
35210,100,3521000,12:30:01
35230,200,7046000,12:30:01
35210,100,3521000,12:30:01
35220,300,10566000,12:30:01
35240,100,3524000,12:30:01
35240,100,3524000,12:30:01
35240,100,3524000,12:30:01
35240,400,14096000,12:30:01
35230,100,3523000,12:30:00
35220,100,3522000,12:30:00
35230,400,14092000,12:30:00
35220,100,3522000,12:30:00
35200,100,3520000,12:30:00
35210,100,3521000,12:30:00
35220,400,14088000,12:30:00
35210,400,14084000,12:30:00
35200,1800,63360000,12:30:00
35190,200,7038000,12:30:00
35190,600,21114000,12:30:00
35190,400,14076000,12:30:00
35160,100,3516000,12:30:00
35180,100,3518000,12:30:00
35180,100,3518000,12:30:00
35190,100,3519000,12:30:00
35190,200,7038000,12:30:00
35180,100,3518000,12:30:00
35190,200,7038000,12:30:00
35180,100,3518000,12:30:00
35180,900,31662000,12:30:00
35170,900,31653000,12:30:00
35160,1100,38676000,12:30:00
35150,1300,45695000,12:30:00
35140,100,3514000,12:30:00
35140,100,3514000,12:30:00
35140,14100,495474000,12:30:00
35030,6500,227695000,11:30:00
35040,500,17520000,11:29:59
35050,100,3505000,11:29:59
35050,100,3505000,11:29:55
35060,100,3506000,11:29:54
35050,100,3505000,11:29:50
35060,100,3506000,11:29:50
35060,100,3506000,11:29:45
35060,100,3506000,11:29:45
35070,1100,38577000,11:29:41
35070,500,17535000,11:29:41
35080,100,3508000,11:29:31
35070,200,7014000,11:29:22
35080,300,10524000,11:29:22
35070,400,14028000,11:29:06
35080,100,3508000,11:29:05
35070,400,14028000,11:29:01
35070,300,10521000,11:29:01
35060,100,3506000,11:28:54
35060,100,3506000,11:28:50
35060,100,3506000,11:28:26
35060,300,10518000,11:28:09
35050,300,10515000,11:28:00
35040,200,7008000,11:27:48
35050,100,3505000,11:27:37
35040,200,7008000,11:27:26
35040,100,3504000,11:27:26
35050,100,3505000,11:27:21
35050,100,3505000,11:27:03
35050,100,3505000,11:27:02
35050,100,3505000,11:26:42
35040,100,3504000,11:26:21
35030,100,3503000,11:26:21
35030,100,3503000,11:26:14
35020,100,3502000,11:26:13
35030,100,3503000,11:26:12
35030,100,3503000,11:26:12
35030,100,3503000,11:26:12
35050,100,3505000,11:25:44
35050,100,3505000,11:25:37
35050,100,3505000,11:25:37
35040,200,7008000,11:25:29
35050,100,3505000,11:25:17
35050,100,3505000,11:25:13
35050,100,3505000,11:25:10
35050,100,3505000,11:25:08
35060,100,3506000,11:24:54
35050,100,3505000,11:24:46
35040,100,3504000,11:24:44
35050,100,3505000,11:24:38
35050,200,7010000,11:24:38
35040,100,3504000,11:24:37
35040,100,3504000,11:24:37
35030,100,3503000,11:24:36
35020,100,3502000,11:24:29
35030,100,3503000,11:24:18
35020,100,3502000,11:24:16
35030,200,7006000,11:23:44
35040,100,3504000,11:23:39
35040,100,3504000,11:23:39
35030,100,3503000,11:23:34
35040,100,3504000,11:23:20
35040,100,3504000,11:23:19
35040,100,3504000,11:23:19
35040,100,3504000,11:23:19
35040,100,3504000,11:23:15
35030,100,3503000,11:23:13
35030,100,3503000,11:23:13
35030,100,3503000,11:23:04
35020,100,3502000,11:23:00
35020,100,3502000,11:22:55
35020,100,3502000,11:22:52
35020,200,7004000,11:22:52
35020,100,3502000,11:22:52
35020,100,3502000,11:22:52
35020,100,3502000,11:22:52
35020,100,3502000,11:22:52
35030,100,3503000,11:22:46
35030,100,3503000,11:22:44
35030,100,3503000,11:22:38
35030,300,10509000,11:22:35
35030,100,3503000,11:22:25
35040,100,3504000,11:22:21
35040,200,7008000,11:22:21
35040,100,3504000,11:22:15
35040,100,3504000,11:22:10
35050,100,3505000,11:22:04
35050,100,3505000,11:22:02
35050,100,3505000,11:21:55
35040,100,3504000,11:21:43
35040,100,3504000,11:21:43
35050,100,3505000,11:21:43
35050,100,3505000,11:21:43
35060,100,3506000,11:21:35
35070,100,3507000,11:21:29
35070,100,3507000,11:21:21
35060,200,7012000,11:21:12
35070,100,3507000,11:21:12
35070,100,3507000,11:21:12
35070,100,3507000,11:21:12
35080,300,10524000,11:21:09
35100,200,7020000,11:20:52
35100,100,3510000,11:20:44
35100,300,10530000,11:20:42
35100,100,3510000,11:20:35
35100,100,3510000,11:20:35
35100,300,10530000,11:20:20
35110,100,3511000,11:20:11
35110,400,14044000,11:20:08
35100,100,3510000,11:19:58
35090,100,3509000,11:19:56
35100,100,3510000,11:19:55
35100,100,3510000,11:19:55
35100,300,10530000,11:19:55
35100,100,3510000,11:19:55
35100,100,3510000,11:19:55
35100,200,7020000,11:19:55
35100,700,24570000,11:19:55
35100,100,3510000,11:19:55
35090,100,3509000,11:19:55
35090,200,7018000,11:19:55
35090,200,7018000,11:19:55
35080,100,3508000,11:19:26
35080,300,10524000,11:19:26
35090,100,3509000,11:19:17
35090,100,3509000,11:19:17
35090,100,3509000,11:19:08
35080,100,3508000,11:19:08
35080,200,7016000,11:19:08
35080,100,3508000,11:19:07
35070,100,3507000,11:18:56
35080,100,3508000,11:18:46
35080,100,3508000,11:18:46
35090,100,3509000,11:18:40
35100,100,3510000,11:18:34
35090,400,14036000,11:18:34
35080,200,7016000,11:18:30
35080,100,3508000,11:18:16
35080,100,3508000,11:18:13
35070,100,3507000,11:18:01
35080,100,3508000,11:17:49
35080,100,3508000,11:17:40
35070,100,3507000,11:17:33
35080,100,3508000,11:17:32
35070,100,3507000,11:17:31
35070,100,3507000,11:17:31
35080,100,3508000,11:17:30
35080,100,3508000,11:17:26
35080,100,3508000,11:17:25
35070,100,3507000,11:17:23
35060,100,3506000,11:17:21
35050,100,3505000,11:17:11
35050,100,3505000,11:17:05
35050,100,3505000,11:17:05
35050,100,3505000,11:17:04
35050,100,3505000,11:17:03
35040,300,10512000,11:16:58
35040,100,3504000,11:16:50
35040,100,3504000,11:16:42
35030,100,3503000,11:16:40
35030,100,3503000,11:16:32
35030,100,3503000,11:16:29
35040,100,3504000,11:16:23
35040,100,3504000,11:16:22
35040,100,3504000,11:16:18
35040,100,3504000,11:16:17
35040,100,3504000,11:15:58
35040,100,3504000,11:15:58
35040,300,10512000,11:15:58
35030,200,7006000,11:15:53
35030,100,3503000,11:15:53
35030,100,3503000,11:15:53
35030,100,3503000,11:15:53
35020,100,3502000,11:15:42
35020,100,3502000,11:15:41
35030,100,3503000,11:15:30
35020,100,3502000,11:15:29
35020,100,3502000,11:15:25
35010,100,3501000,11:15:24
35010,400,14004000,11:15:24
35020,100,3502000,11:15:17
35020,200,7004000,11:15:17
35020,200,7004000,11:15:17
35010,100,3501000,11:15:09
35010,200,7002000,11:15:08
35010,100,3501000,11:15:07
35010,100,3501000,11:15:04
35010,100,3501000,11:15:03
35010,100,3501000,11:15:03
35010,100,3501000,11:15:03
35010,100,3501000,11:15:03
35000,200,7000000,11:15:00
35000,900,31500000,11:15:00
35000,100,3500000,11:14:52
35000,100,3500000,11:14:51
35000,100,3500000,11:14:51
35000,600,21000000,11:14:50
35010,600,21006000,11:14:50
35020,400,14008000,11:14:45
35030,100,3503000,11:14:43
35030,100,3503000,11:14:43
35030,200,7006000,11:14:41
35030,100,3503000,11:14:41
35030,100,3503000,11:14:41
35030,100,3503000,11:14:41
35030,400,14012000,11:14:41
35030,100,3503000,11:14:39
35040,2100,73584000,11:14:37
35040,700,24528000,11:14:37
35040,100,3504000,11:14:31
35050,100,3505000,11:14:29
35040,100,3504000,11:14:19
35050,800,28040000,11:14:17
35050,100,3505000,11:14:16
35050,100,3505000,11:14:16
35060,100,3506000,11:14:14
35060,100,3506000,11:13:54
35060,100,3506000,11:13:54
35070,300,10521000,11:13:51
35080,100,3508000,11:13:49
35080,100,3508000,11:13:47
35080,100,3508000,11:13:40
35080,100,3508000,11:13:08
35100,100,3510000,11:13:07
35100,100,3510000,11:13:06
35090,100,3509000,11:13:06
35100,100,3510000,11:12:59
35110,100,3511000,11:12:55
35100,100,3510000,11:12:54
35080,100,3508000,11:12:50
35070,200,7014000,11:12:47
35080,100,3508000,11:12:41
35090,100,3509000,11:12:39
35090,100,3509000,11:12:29
35080,100,3508000,11:12:20
35080,200,7016000,11:12:20
35090,100,3509000,11:12:07
35070,100,3507000,11:12:07
35080,600,21048000,11:12:01
35080,300,10524000,11:12:01
35090,100,3509000,11:11:56
35090,100,3509000,11:11:56
35090,100,3509000,11:11:56
35090,100,3509000,11:11:56
35100,100,3510000,11:11:31
35110,100,3511000,11:11:27
35100,100,3510000,11:11:20
35100,100,3510000,11:11:20
35090,100,3509000,11:11:14
35100,100,3510000,11:11:14
35110,100,3511000,11:11:08
35120,100,3512000,11:10:51
35120,400,14048000,11:10:47
35100,200,7020000,11:10:42
35100,100,3510000,11:10:42
35110,200,7022000,11:10:35
35100,200,7020000,11:10:33
35090,100,3509000,11:10:25
35090,100,3509000,11:10:25
35080,100,3508000,11:10:04
35080,100,3508000,11:10:04
35090,100,3509000,11:10:04
35090,100,3509000,11:09:55
35090,100,3509000,11:09:55
35100,100,3510000,11:09:46
35100,100,3510000,11:09:44
35110,100,3511000,11:09:35
35110,100,3511000,11:09:32
35120,200,7024000,11:09:31
35110,100,3511000,11:09:16
35120,100,3512000,11:09:16
35120,100,3512000,11:09:13
35120,400,14048000,11:09:04
35120,400,14048000,11:09:04
35110,100,3511000,11:08:45
35110,100,3511000,11:08:36
35110,300,10533000,11:08:36
35110,100,3511000,11:08:30
35100,100,3510000,11:08:16
35090,100,3509000,11:08:12
35090,100,3509000,11:08:00
35090,100,3509000,11:08:00
35090,100,3509000,11:08:00
35090,100,3509000,11:07:51
35100,100,3510000,11:07:50
35100,200,7020000,11:07:50
35100,200,7020000,11:07:50
35110,100,3511000,11:07:40
35120,100,3512000,11:07:38
35110,300,10533000,11:07:37
35110,100,3511000,11:07:35
35120,500,17560000,11:07:01
35110,300,10533000,11:07:00
35090,100,3509000,11:06:52
35100,100,3510000,11:06:51
35090,100,3509000,11:06:48
35090,300,10527000,11:06:44
35090,100,3509000,11:06:44
35100,100,3510000,11:06:35
35100,100,3510000,11:06:34
35100,100,3510000,11:06:34
35120,200,7024000,11:06:08
35120,100,3512000,11:06:01
35100,500,17550000,11:05:38
35100,300,10530000,11:05:38
35100,100,3510000,11:05:25
35100,100,3510000,11:05:08
35110,100,3511000,11:05:02
35120,100,3512000,11:05:02
35120,100,3512000,11:05:02
35130,100,3513000,11:05:00
35130,300,10539000,11:05:00
35120,300,10536000,11:04:50
35120,100,3512000,11:04:40
35110,100,3511000,11:04:38
35110,200,7022000,11:04:27
35110,100,3511000,11:04:27
35120,100,3512000,11:04:27
35130,100,3513000,11:04:03
35130,100,3513000,11:04:00
35140,100,3514000,11:04:00
35130,700,24591000,11:04:00
35120,200,7024000,11:04:00
35110,100,3511000,11:03:58
35110,100,3511000,11:03:57
35110,100,3511000,11:03:54
35100,400,14040000,11:03:53
35090,100,3509000,11:03:51
35090,200,7018000,11:03:51
35080,100,3508000,11:03:42
35070,100,3507000,11:03:41
35090,100,3509000,11:03:38
35080,100,3508000,11:03:35
35080,100,3508000,11:03:30
35080,100,3508000,11:03:23
35080,100,3508000,11:03:21
35070,100,3507000,11:03:10
35060,100,3506000,11:03:10
35040,100,3504000,11:03:05
35050,100,3505000,11:03:01
35050,100,3505000,11:03:01
35050,100,3505000,11:03:00
35040,100,3504000,11:03:00
35040,200,7008000,11:03:00
35050,1400,49070000,11:03:00
35060,600,21036000,11:03:00
35070,300,10521000,11:02:57
35070,100,3507000,11:02:57
35070,100,3507000,11:02:57
35070,300,10521000,11:02:55
35080,100,3508000,11:02:53
35080,200,7016000,11:02:53
35080,100,3508000,11:02:53
35090,400,14036000,11:02:49
35090,100,3509000,11:02:45
35090,100,3509000,11:02:40
35100,100,3510000,11:02:33
35110,100,3511000,11:02:32
35100,100,3510000,11:02:23
35110,100,3511000,11:02:16
35100,300,10530000,11:02:07
35110,100,3511000,11:01:53
35110,100,3511000,11:01:45
35110,100,3511000,11:01:37
35120,100,3512000,11:01:34
35130,100,3513000,11:01:30
35130,100,3513000,11:01:22
35140,200,7028000,11:01:05
35140,100,3514000,11:01:04
35130,100,3513000,11:00:53
35130,100,3513000,11:00:46
35140,300,10542000,11:00:41
35130,200,7026000,11:00:35
35140,100,3514000,11:00:32
35130,100,3513000,11:00:22
35140,100,3514000,11:00:21
35140,300,10542000,11:00:16
35130,100,3513000,11:00:15
35110,100,3511000,11:00:06
35120,400,14048000,11:00:02
35100,100,3510000,10:59:58
35100,100,3510000,10:59:58
35090,200,7018000,10:59:50
35100,100,3510000,10:59:38
35100,100,3510000,10:59:38
35090,200,7018000,10:59:21
35090,100,3509000,10:59:09
35090,100,3509000,10:59:08
35100,100,3510000,10:58:59
35110,100,3511000,10:58:55
35110,100,3511000,10:58:52
35110,100,3511000,10:58:43
35100,100,3510000,10:58:37
35090,100,3509000,10:58:33
35100,100,3510000,10:58:32
35090,100,3509000,10:58:30
35080,100,3508000,10:58:20
35090,100,3509000,10:58:12
35090,100,3509000,10:58:12
35090,100,3509000,10:58:12
35080,200,7016000,10:58:10
35070,100,3507000,10:58:04
35070,200,7014000,10:57:58
35070,200,7014000,10:57:58
35070,100,3507000,10:57:53
35080,100,3508000,10:57:45
35080,100,3508000,10:57:45
35080,100,3508000,10:57:45
35070,100,3507000,10:57:43
35070,200,7014000,10:57:42
35080,100,3508000,10:57:38
35080,100,3508000,10:57:38
35080,100,3508000,10:57:37
35080,400,14032000,10:57:37
35080,100,3508000,10:57:36
35090,500,17545000,10:57:36
35100,100,3510000,10:57:34
35090,100,3509000,10:57:32
35090,100,3509000,10:57:31
35100,400,14040000,10:57:30
35100,100,3510000,10:57:30
35100,500,17550000,10:57:30
35100,100,3510000,10:57:30
35100,400,14040000,10:57:30
35100,100,3510000,10:57:30
35110,100,3511000,10:57:26
35120,100,3512000,10:57:21
35110,100,3511000,10:57:12
35120,100,3512000,10:57:11
35120,100,3512000,10:57:10
35110,100,3511000,10:57:04
35110,100,3511000,10:57:04
35110,100,3511000,10:57:00
35110,200,7022000,10:56:45
35120,100,3512000,10:56:36
35120,100,3512000,10:56:31
35120,100,3512000,10:56:31
35140,100,3514000,10:56:24
35140,100,3514000,10:56:24
35140,100,3514000,10:56:21
35150,100,3515000,10:56:18
35160,100,3516000,10:56:06
35160,100,3516000,10:56:06
35160,100,3516000,10:55:59
35150,100,3515000,10:55:56
35150,100,3515000,10:55:51
35150,100,3515000,10:55:49
35150,100,3515000,10:55:47
35140,200,7028000,10:55:45
35150,100,3515000,10:55:40
35150,200,7030000,10:55:40
35160,100,3516000,10:55:31
35160,100,3516000,10:55:31
35170,100,3517000,10:55:28
35180,100,3518000,10:55:21
35170,200,7034000,10:55:21
35170,200,7034000,10:54:56
35170,100,3517000,10:54:56
35160,100,3516000,10:54:54
35160,100,3516000,10:54:53
35160,100,3516000,10:54:53
35160,100,3516000,10:54:53
35160,100,3516000,10:54:50
35170,100,3517000,10:54:48
35180,200,7036000,10:54:41
35170,600,21102000,10:54:41
35160,800,28128000,10:54:37
35170,100,3517000,10:54:31
35160,100,3516000,10:54:31
35150,400,14060000,10:54:30
35150,200,7030000,10:54:30
35140,300,10542000,10:54:30
35120,100,3512000,10:54:23
35130,100,3513000,10:54:23
35130,300,10539000,10:54:16
35120,100,3512000,10:54:11
35110,100,3511000,10:54:06
35110,100,3511000,10:54:03
35110,100,3511000,10:54:03
35110,100,3511000,10:54:03
35120,100,3512000,10:53:42
35120,100,3512000,10:53:37
35110,100,3511000,10:53:35
35110,100,3511000,10:53:25
35110,100,3511000,10:53:23
35110,100,3511000,10:53:13
35110,100,3511000,10:53:13
35100,100,3510000,10:52:48
35100,100,3510000,10:52:48
35100,500,17550000,10:52:48
35110,300,10533000,10:52:35
35130,100,3513000,10:52:26
35130,200,7026000,10:52:06
35140,100,3514000,10:51:55
35130,100,3513000,10:51:45
35130,100,3513000,10:51:45
35140,300,10542000,10:51:45
35140,100,3514000,10:51:32
35150,100,3515000,10:51:29
35150,300,10545000,10:51:19
35150,100,3515000,10:51:04
35160,100,3516000,10:50:58
35170,100,3517000,10:50:51
35160,400,14064000,10:50:51
35160,100,3516000,10:50:51
35160,100,3516000,10:50:51
35160,100,3516000,10:50:46
35150,100,3515000,10:50:45
35150,200,7030000,10:50:45
35150,200,7030000,10:50:45
35140,400,14056000,10:50:44
35140,100,3514000,10:50:42
35130,100,3513000,10:50:38
35130,100,3513000,10:50:09
35130,100,3513000,10:49:49
35120,100,3512000,10:49:44
35120,100,3512000,10:49:44
35120,100,3512000,10:49:44
35120,100,3512000,10:49:44
35140,100,3514000,10:49:28
35130,100,3513000,10:49:28
35130,200,7026000,10:49:17
35120,200,7024000,10:49:13
35110,100,3511000,10:49:10
35120,100,3512000,10:49:08
35100,100,3510000,10:48:59
35110,100,3511000,10:48:54
35110,100,3511000,10:48:32
35120,100,3512000,10:48:30
35120,100,3512000,10:48:30
35120,200,7024000,10:48:30
35120,200,7024000,10:48:30
35130,100,3513000,10:48:22
35130,100,3513000,10:48:19
35130,100,3513000,10:48:15
35140,100,3514000,10:48:11
35130,200,7026000,10:48:06
35130,200,7026000,10:48:06
35120,100,3512000,10:48:03
35120,100,3512000,10:47:59
35130,100,3513000,10:47:47
35130,100,3513000,10:47:42
35120,100,3512000,10:47:37
35100,200,7020000,10:47:22
35110,100,3511000,10:47:22
35110,100,3511000,10:47:21
35100,100,3510000,10:47:19
35100,100,3510000,10:47:19
35110,100,3511000,10:47:08
35110,200,7022000,10:47:08
35090,200,7018000,10:47:01
35090,100,3509000,10:47:01
35090,100,3509000,10:47:01
35090,100,3509000,10:47:01
35090,100,3509000,10:47:01
35090,100,3509000,10:47:01
35090,100,3509000,10:47:01
35110,100,3511000,10:46:48
35100,100,3510000,10:46:47
35100,100,3510000,10:46:38
35100,200,7020000,10:46:38
35090,400,14036000,10:46:29
35090,300,10527000,10:46:22
35100,100,3510000,10:46:19
35110,100,3511000,10:46:04
35090,100,3509000,10:46:00
35090,300,10527000,10:45:59
35100,100,3510000,10:45:52
35100,100,3510000,10:45:51
35090,100,3509000,10:45:50
35090,100,3509000,10:45:48
35090,100,3509000,10:45:48
35110,100,3511000,10:45:48
35100,100,3510000,10:45:45
35100,300,10530000,10:45:45
35100,100,3510000,10:45:41
35110,100,3511000,10:45:41
35120,200,7024000,10:45:37
35120,100,3512000,10:45:37
35130,100,3513000,10:45:35
35140,100,3514000,10:45:33
35140,100,3514000,10:45:28
35130,200,7026000,10:45:28
35130,100,3513000,10:45:28
35130,100,3513000,10:45:28
35130,100,3513000,10:45:12
35140,300,10542000,10:45:12
35140,300,10542000,10:45:12
35150,200,7030000,10:45:02
35150,100,3515000,10:44:51
35160,100,3516000,10:44:49
35160,100,3516000,10:44:49
35170,100,3517000,10:44:48
35170,100,3517000,10:44:40
35160,100,3516000,10:44:36
35150,100,3515000,10:44:36
35150,100,3515000,10:44:36
35160,100,3516000,10:44:34
35160,300,10548000,10:44:34
35160,100,3516000,10:44:32
35150,100,3515000,10:44:32
35150,100,3515000,10:44:29
35150,100,3515000,10:44:20
35150,100,3515000,10:44:19
35150,100,3515000,10:44:17
35150,100,3515000,10:44:15
35150,100,3515000,10:44:14
35140,100,3514000,10:44:13
35140,100,3514000,10:44:10
35150,100,3515000,10:44:06
35150,100,3515000,10:44:06
35140,100,3514000,10:44:05
35140,100,3514000,10:44:05
35140,100,3514000,10:44:04
35120,100,3512000,10:44:00
35120,100,3512000,10:43:53
35120,200,7024000,10:43:53
35120,200,7024000,10:43:53
35120,100,3512000,10:43:53
35110,100,3511000,10:43:51
35110,100,3511000,10:43:46
35110,100,3511000,10:43:42
35100,100,3510000,10:43:42
35090,100,3509000,10:43:32
35090,100,3509000,10:43:30
35090,200,7018000,10:43:30
35090,100,3509000,10:43:30
35100,600,21060000,10:43:28
35100,100,3510000,10:43:28
35110,100,3511000,10:43:17
35110,100,3511000,10:43:10
35120,100,3512000,10:43:04
35110,100,3511000,10:43:03
35110,100,3511000,10:43:03
35110,300,10533000,10:42:54
35130,100,3513000,10:42:53
35130,100,3513000,10:42:53
35110,100,3511000,10:42:36
35120,100,3512000,10:42:31
35110,100,3511000,10:42:31
35090,100,3509000,10:42:25
35100,100,3510000,10:42:23
35100,100,3510000,10:42:19
35100,200,7020000,10:42:02
35100,100,3510000,10:42:02
35080,200,7016000,10:41:57
35080,600,21048000,10:41:57
35080,100,3508000,10:41:48
35090,200,7018000,10:41:48
35090,300,10527000,10:41:48
35090,100,3509000,10:41:40
35090,100,3509000,10:41:40
35090,100,3509000,10:41:40
35090,100,3509000,10:41:40
35090,100,3509000,10:41:35
35090,100,3509000,10:41:35
35090,100,3509000,10:41:32
35080,100,3508000,10:41:23
35080,200,7016000,10:41:23
35080,100,3508000,10:41:23
35080,100,3508000,10:41:22
35090,500,17545000,10:41:22
35100,1500,52650000,10:41:22
35110,400,14044000,10:41:19
35110,400,14044000,10:41:19
35120,100,3512000,10:41:19
35120,100,3512000,10:41:19
35120,100,3512000,10:41:19
35130,100,3513000,10:41:17
35130,100,3513000,10:41:15
35130,100,3513000,10:41:07
35140,100,3514000,10:41:05
35150,100,3515000,10:41:01
35150,100,3515000,10:40:54
35150,100,3515000,10:40:53
35140,100,3514000,10:40:51
35140,100,3514000,10:40:29
35120,100,3512000,10:40:24
35110,100,3511000,10:40:15
35110,100,3511000,10:40:15
35110,100,3511000,10:40:15
35130,100,3513000,10:40:09
35130,100,3513000,10:40:06
35110,100,3511000,10:40:04
35120,100,3512000,10:40:04
35120,200,7024000,10:39:59
35130,300,10539000,10:39:59
35130,100,3513000,10:39:44
35140,300,10542000,10:39:44
35150,200,7030000,10:39:44
35150,100,3515000,10:39:44
35160,300,10548000,10:39:43
35200,100,3520000,10:39:24
35190,100,3519000,10:39:24
35190,100,3519000,10:39:24
35170,100,3517000,10:39:20
35170,100,3517000,10:39:20
35180,100,3518000,10:39:11
35170,100,3517000,10:39:10
35170,100,3517000,10:39:10
35180,100,3518000,10:39:02
35180,100,3518000,10:39:02
35180,200,7036000,10:38:58
35180,100,3518000,10:38:58
35200,700,24640000,10:38:47
35210,100,3521000,10:38:41
35210,100,3521000,10:38:41
35210,100,3521000,10:38:36
35210,100,3521000,10:38:31
35200,1100,38720000,10:38:29
35190,100,3519000,10:38:29
35190,100,3519000,10:38:28
35200,100,3520000,10:38:25
35200,100,3520000,10:38:24
35200,100,3520000,10:38:24
35200,100,3520000,10:38:24
35220,100,3522000,10:38:21
35210,300,10563000,10:38:19
35220,200,7044000,10:38:18
35220,100,3522000,10:38:18
35220,300,10566000,10:38:18
35230,100,3523000,10:38:15
35230,100,3523000,10:38:05
35230,400,14092000,10:38:05
35240,100,3524000,10:38:01
35240,100,3524000,10:37:59
35240,100,3524000,10:37:57
35240,100,3524000,10:37:57
35250,100,3525000,10:37:51
35250,100,3525000,10:37:51
35230,100,3523000,10:37:45
35240,400,14096000,10:37:42
35220,200,7044000,10:37:42
35230,100,3523000,10:37:38
35240,100,3524000,10:37:38
35240,100,3524000,10:37:37
35240,700,24668000,10:37:37
35250,100,3525000,10:37:37
35260,100,3526000,10:37:35
35250,1300,45825000,10:37:34
35250,400,14100000,10:37:34
35240,2200,77528000,10:37:34
35220,100,3522000,10:37:33
35240,100,3524000,10:37:33
35230,800,28184000,10:37:33
35220,100,3522000,10:37:32
35220,800,28176000,10:37:31
35210,100,3521000,10:37:24
35210,100,3521000,10:37:24
35200,300,10560000,10:37:20
35180,100,3518000,10:37:17
35180,200,7036000,10:37:06
35180,100,3518000,10:37:05
35190,100,3519000,10:37:00
35190,100,3519000,10:37:00
35200,100,3520000,10:36:58
35200,100,3520000,10:36:56
35220,100,3522000,10:36:48
35220,100,3522000,10:36:48
35220,100,3522000,10:36:48
35220,100,3522000,10:36:48
35210,100,3521000,10:36:47
35200,100,3520000,10:36:36
35210,200,7042000,10:36:36
35210,300,10563000,10:36:35
35200,100,3520000,10:36:32
35190,100,3519000,10:36:27
35190,200,7038000,10:36:27
35200,100,3520000,10:36:23
35200,800,28160000,10:36:12
35200,400,14080000,10:36:12
35210,100,3521000,10:36:06
35210,100,3521000,10:35:51
35220,200,7044000,10:35:50
35220,100,3522000,10:35:50
35220,200,7044000,10:35:45
35200,100,3520000,10:35:43
35220,100,3522000,10:35:43
35220,800,28176000,10:35:41
35220,400,14088000,10:35:41
35210,300,10563000,10:35:39
35180,100,3518000,10:35:38
35180,400,14072000,10:35:36
35190,100,3519000,10:35:36
35200,100,3520000,10:35:32
35200,400,14080000,10:35:31
35200,100,3520000,10:35:28
35200,100,3520000,10:35:28
35190,100,3519000,10:35:27
35190,500,17595000,10:35:27
35180,1000,35180000,10:35:27
35160,100,3516000,10:35:24
35170,300,10551000,10:35:24
35160,100,3516000,10:35:23
35160,100,3516000,10:35:23
35160,100,3516000,10:35:16
35150,400,14060000,10:35:12
35160,100,3516000,10:35:08
35170,100,3517000,10:35:04
35160,100,3516000,10:35:03
35160,100,3516000,10:34:57
35160,100,3516000,10:34:57
35170,100,3517000,10:34:52
35160,100,3516000,10:34:48
35160,200,7032000,10:34:48
35160,200,7032000,10:34:48
35150,100,3515000,10:34:44
35150,100,3515000,10:34:44
35140,100,3514000,10:34:36
35130,200,7026000,10:34:23
35130,100,3513000,10:34:19
35130,100,3513000,10:34:19
35130,100,3513000,10:34:17
35120,400,14048000,10:34:13
35110,100,3511000,10:34:06
35110,200,7022000,10:34:06
35110,100,3511000,10:34:05
35100,500,17550000,10:34:04
35090,100,3509000,10:34:01
35080,100,3508000,10:33:54
35080,100,3508000,10:33:54
35070,100,3507000,10:33:47
35070,100,3507000,10:33:46
35080,100,3508000,10:33:46
35080,100,3508000,10:33:45
35080,200,7016000,10:33:44
35090,100,3509000,10:33:40
35090,100,3509000,10:33:40
35100,100,3510000,10:33:24
35110,100,3511000,10:33:24
35110,100,3511000,10:33:23
35110,100,3511000,10:33:21
35110,100,3511000,10:33:17
35100,100,3510000,10:33:14
35090,100,3509000,10:33:13
35090,300,10527000,10:33:13
35090,300,10527000,10:33:13
35100,100,3510000,10:32:59
35110,200,7022000,10:32:58
35100,100,3510000,10:32:57
35110,100,3511000,10:32:56
35100,100,3510000,10:32:55
35090,200,7018000,10:32:46
35070,100,3507000,10:32:34
35060,100,3506000,10:32:33
35060,100,3506000,10:32:33
35060,100,3506000,10:32:33
35060,100,3506000,10:32:33
35050,100,3505000,10:32:31
35050,100,3505000,10:32:25
35030,600,21018000,10:32:15
35030,100,3503000,10:32:15
35030,100,3503000,10:32:15
35020,100,3502000,10:32:12
35010,100,3501000,10:32:10
35010,300,10503000,10:32:10
35010,100,3501000,10:32:10
35020,100,3502000,10:32:07
35020,100,3502000,10:32:06
35020,100,3502000,10:32:05
35030,700,24521000,10:32:05
35040,100,3504000,10:32:01
35040,100,3504000,10:32:01
35030,100,3503000,10:31:57
35040,400,14016000,10:31:55
35050,100,3505000,10:31:52
35040,100,3504000,10:31:51
35020,100,3502000,10:31:48
35050,100,3505000,10:31:35
35050,100,3505000,10:31:35
35040,100,3504000,10:31:35
35040,200,7008000,10:31:34
35040,100,3504000,10:31:34
35030,200,7006000,10:31:31
35020,100,3502000,10:31:28
35020,100,3502000,10:31:26
35020,600,21012000,10:31:26
35020,100,3502000,10:31:26
35030,200,7006000,10:31:25
35040,100,3504000,10:31:24
35030,100,3503000,10:31:22
35030,100,3503000,10:31:22
35040,100,3504000,10:31:12
35040,200,7008000,10:31:10
35040,200,7008000,10:31:10
35050,200,7010000,10:31:02
35050,100,3505000,10:31:00
35050,100,3505000,10:30:59
35050,100,3505000,10:30:59
35050,100,3505000,10:30:58
35050,100,3505000,10:30:58
35060,100,3506000,10:30:58
35060,100,3506000,10:30:58
35070,200,7014000,10:30:53
35060,400,14024000,10:30:53
35060,100,3506000,10:30:52
35060,100,3506000,10:30:51
35070,100,3507000,10:30:51
35070,100,3507000,10:30:51
35080,700,24556000,10:30:51
35090,200,7018000,10:30:50
35090,100,3509000,10:30:50
35100,1000,35100000,10:30:49
35100,200,7020000,10:30:49
35110,100,3511000,10:30:44
35110,100,3511000,10:30:44
35120,100,3512000,10:30:23
35130,100,3513000,10:30:22
35130,100,3513000,10:30:16
35130,100,3513000,10:30:09
35130,200,7026000,10:30:04
35120,200,7024000,10:30:03
35120,100,3512000,10:30:03
35100,100,3510000,10:30:01
35110,300,10533000,10:29:59
35110,100,3511000,10:29:55
35110,100,3511000,10:29:55
35110,100,3511000,10:29:55
35110,100,3511000,10:29:55
35110,100,3511000,10:29:55
35110,100,3511000,10:29:55
35110,100,3511000,10:29:55
35130,100,3513000,10:29:42
35120,200,7024000,10:29:25
35130,100,3513000,10:29:17
35130,100,3513000,10:29:14
35140,100,3514000,10:29:09
35130,100,3513000,10:29:06
35130,100,3513000,10:28:59
35130,200,7026000,10:28:58
35140,100,3514000,10:28:57
35150,100,3515000,10:28:56
35150,100,3515000,10:28:56
35160,100,3516000,10:28:54
35180,100,3518000,10:28:39
35170,100,3517000,10:28:30
35170,100,3517000,10:28:30
35170,100,3517000,10:28:25
35180,200,7036000,10:28:19
35180,100,3518000,10:28:19
35170,100,3517000,10:28:19
35160,1000,35160000,10:28:19
35160,100,3516000,10:28:19
35160,300,10548000,10:28:19
35160,300,10548000,10:28:19
35160,300,10548000,10:28:19
35160,100,3516000,10:28:09
35150,100,3515000,10:28:03
35150,100,3515000,10:27:57
35150,100,3515000,10:27:56
35150,400,14060000,10:27:56
35130,100,3513000,10:27:51
35120,100,3512000,10:27:31
35110,100,3511000,10:27:25
35110,100,3511000,10:27:25
35120,100,3512000,10:27:24
35130,200,7026000,10:27:23
35130,100,3513000,10:27:23
35130,100,3513000,10:27:12
35150,100,3515000,10:27:12
35150,200,7030000,10:27:05
35150,300,10545000,10:27:03
35130,100,3513000,10:26:55
35120,100,3512000,10:26:47
35100,100,3510000,10:26:38
35100,100,3510000,10:26:33
35100,300,10530000,10:26:31
35100,100,3510000,10:26:27
35100,100,3510000,10:26:13
35090,100,3509000,10:26:11
35090,200,7018000,10:26:07
35100,1000,35100000,10:26:06
35100,100,3510000,10:26:06
35110,100,3511000,10:26:01
35110,100,3511000,10:26:00
35110,300,10533000,10:25:50
35110,100,3511000,10:25:50
35110,100,3511000,10:25:50
35120,100,3512000,10:25:40
35120,100,3512000,10:25:39
35120,100,3512000,10:25:39
35120,100,3512000,10:25:36
35120,200,7024000,10:25:35
35120,100,3512000,10:25:35
35130,100,3513000,10:25:34
35140,100,3514000,10:25:32
35120,100,3512000,10:25:30
35130,200,7026000,10:25:30
35130,200,7026000,10:25:30
35130,100,3513000,10:25:30
35130,100,3513000,10:25:30
35140,100,3514000,10:25:20
35140,100,3514000,10:25:20
35140,100,3514000,10:25:20
35140,100,3514000,10:25:20
35140,100,3514000,10:25:20
35140,100,3514000,10:25:20
35140,100,3514000,10:25:19
35150,100,3515000,10:25:18
35150,100,3515000,10:25:18
35150,200,7030000,10:25:18
35160,100,3516000,10:25:11
35170,100,3517000,10:25:07
35170,300,10551000,10:25:05
35160,100,3516000,10:25:04
35160,200,7032000,10:25:04
35150,200,7030000,10:24:58
35160,100,3516000,10:24:56
35160,100,3516000,10:24:43
35160,100,3516000,10:24:43
35170,400,14068000,10:24:39
35160,100,3516000,10:24:36
35160,100,3516000,10:24:36
35170,100,3517000,10:24:35
35180,200,7036000,10:24:34
35170,100,3517000,10:24:31
35170,100,3517000,10:24:29
35170,100,3517000,10:24:29
35170,100,3517000,10:24:29
35170,100,3517000,10:24:26
35160,100,3516000,10:24:25
35150,100,3515000,10:24:17
35150,100,3515000,10:24:16
35150,100,3515000,10:24:16
35140,100,3514000,10:24:14
35140,100,3514000,10:24:09
35130,100,3513000,10:24:05
35130,100,3513000,10:24:05
35120,100,3512000,10:24:05
35120,100,3512000,10:24:04
35110,100,3511000,10:24:02
35110,100,3511000,10:24:02
35110,300,10533000,10:24:02
35110,100,3511000,10:24:02
35110,100,3511000,10:24:02
35110,300,10533000,10:23:56
35110,100,3511000,10:23:56
35110,100,3511000,10:23:56
35110,100,3511000,10:23:56
35120,100,3512000,10:23:50
35110,100,3511000,10:23:38
35120,200,7024000,10:23:37
35130,100,3513000,10:23:34
35140,100,3514000,10:23:28
35140,100,3514000,10:23:27
35140,100,3514000,10:23:27
35140,100,3514000,10:23:18
35120,100,3512000,10:23:16
35110,100,3511000,10:23:16
35120,100,3512000,10:23:16
35110,100,3511000,10:23:15
35120,100,3512000,10:23:15
35120,100,3512000,10:23:15
35120,200,7024000,10:23:15
35130,100,3513000,10:23:15
35130,300,10539000,10:23:15
35140,100,3514000,10:23:13
35150,100,3515000,10:23:12
35150,100,3515000,10:23:08
35150,100,3515000,10:23:06
35140,100,3514000,10:23:01
35140,100,3514000,10:23:00
35140,100,3514000,10:22:59
35150,100,3515000,10:22:59
35150,100,3515000,10:22:58
35160,400,14064000,10:22:58
35170,100,3517000,10:22:57
35180,100,3518000,10:22:56
35190,200,7038000,10:22:55
35180,100,3518000,10:22:54
35190,100,3519000,10:22:51
35200,100,3520000,10:22:48
35200,100,3520000,10:22:47
35210,100,3521000,10:22:45
35220,100,3522000,10:22:38
35220,100,3522000,10:22:38
35220,100,3522000,10:22:32
35220,100,3522000,10:22:32
35220,100,3522000,10:22:32
35210,100,3521000,10:22:31
35210,100,3521000,10:22:31
35210,100,3521000,10:22:29
35200,100,3520000,10:22:29
35190,100,3519000,10:22:28
35180,100,3518000,10:22:25
35170,100,3517000,10:22:21
35180,100,3518000,10:22:12
35180,200,7036000,10:22:09
35170,100,3517000,10:21:59
35180,100,3518000,10:21:58
35180,100,3518000,10:21:58
35170,100,3517000,10:21:56
35170,100,3517000,10:21:55
35180,100,3518000,10:21:50
35180,100,3518000,10:21:50
35190,100,3519000,10:21:49
35190,100,3519000,10:21:49
35190,100,3519000,10:21:43
35200,100,3520000,10:21:41
35180,100,3518000,10:21:40
35190,100,3519000,10:21:39
35180,100,3518000,10:21:38
35170,100,3517000,10:21:35
35170,100,3517000,10:21:35
35170,200,7034000,10:21:35
35180,100,3518000,10:21:35
35180,100,3518000,10:21:35
35180,100,3518000,10:21:34
35180,100,3518000,10:21:33
35190,400,14076000,10:21:33
35190,100,3519000,10:21:33
35200,100,3520000,10:21:33
35200,100,3520000,10:21:33
35200,100,3520000,10:21:33
35200,100,3520000,10:21:33
35200,200,7040000,10:21:32
35210,100,3521000,10:21:27
35210,300,10563000,10:21:26
35210,100,3521000,10:21:26
35210,100,3521000,10:21:26
35210,100,3521000,10:21:26
35220,200,7044000,10:21:26
35220,100,3522000,10:21:26
35230,100,3523000,10:21:19
35230,300,10569000,10:21:19
35230,200,7046000,10:21:19
35230,100,3523000,10:21:19
35240,100,3524000,10:21:01
35230,100,3523000,10:20:54
35230,200,7046000,10:20:53
35240,100,3524000,10:20:49
35240,100,3524000,10:20:45
35250,100,3525000,10:20:44
35250,100,3525000,10:20:42
35240,100,3524000,10:20:38
35240,100,3524000,10:20:38
35230,100,3523000,10:20:37
35230,100,3523000,10:20:35
35230,100,3523000,10:20:34
35230,100,3523000,10:20:34
35220,100,3522000,10:20:33
35220,200,7044000,10:20:32
35220,100,3522000,10:20:32
35220,200,7044000,10:20:29
35220,100,3522000,10:20:29
35220,100,3522000,10:20:29
35230,200,7046000,10:20:25
35230,100,3523000,10:20:22
35230,100,3523000,10:20:22
35230,500,17615000,10:20:22
35230,100,3523000,10:20:22
35240,100,3524000,10:20:19
35240,100,3524000,10:20:19
35250,1100,38775000,10:20:17
35250,300,10575000,10:20:17
35250,300,10575000,10:20:17
35250,300,10575000,10:20:17
35250,100,3525000,10:20:17
35260,100,3526000,10:20:12
35270,800,28216000,10:20:11
35260,100,3526000,10:20:09
35260,300,10578000,10:20:09
35270,100,3527000,10:20:04
35260,100,3526000,10:20:02
35270,100,3527000,10:20:02
35260,100,3526000,10:20:00
35250,100,3525000,10:19:54
35260,200,7052000,10:19:53
35260,100,3526000,10:19:53
35260,100,3526000,10:19:53
35250,100,3525000,10:19:52
35250,200,7050000,10:19:52
35250,700,24675000,10:19:52
35230,100,3523000,10:19:51
35240,100,3524000,10:19:45
35250,100,3525000,10:19:42
35240,300,10572000,10:19:42
35230,100,3523000,10:19:40
35250,800,28200000,10:19:36
35240,100,3524000,10:19:36
35230,100,3523000,10:19:33
35240,100,3524000,10:19:33
35240,100,3524000,10:19:28
35240,200,7048000,10:19:28
35240,100,3524000,10:19:28
35240,200,7048000,10:19:28
35230,100,3523000,10:19:22
35240,100,3524000,10:19:22
35230,500,17615000,10:19:18
35220,100,3522000,10:19:18
35220,100,3522000,10:19:17
35220,100,3522000,10:19:17
35220,100,3522000,10:19:14
35220,100,3522000,10:19:13
35230,100,3523000,10:19:11
35230,200,7046000,10:19:11
35230,100,3523000,10:19:11
35230,200,7046000,10:19:11
35220,2700,95094000,10:19:11
35220,100,3522000,10:19:10
35220,100,3522000,10:19:10
35220,100,3522000,10:19:10
35210,400,14084000,10:19:09
35210,100,3521000,10:19:09
35210,200,7042000,10:19:09
35200,1700,59840000,10:19:09
35190,300,10557000,10:19:09
35190,1000,35190000,10:19:09
35180,700,24626000,10:19:09
35170,100,3517000,10:19:01
35170,100,3517000,10:18:59
35170,100,3517000,10:18:55
35170,400,14068000,10:18:55
35170,100,3517000,10:18:44
35160,100,3516000,10:18:40
35160,100,3516000,10:18:40
35160,100,3516000,10:18:31
35150,200,7030000,10:18:31
35150,100,3515000,10:18:31
35160,100,3516000,10:18:29
35160,100,3516000,10:18:24
35160,100,3516000,10:18:22
35150,100,3515000,10:18:19
35170,100,3517000,10:18:19
35150,100,3515000,10:18:19
35160,100,3516000,10:18:18
35160,100,3516000,10:18:18
35160,200,7032000,10:18:18
35170,100,3517000,10:18:13
35170,100,3517000,10:18:03
35160,100,3516000,10:18:02
35180,300,10554000,10:17:56
35170,100,3517000,10:17:39
35170,100,3517000,10:17:39
35160,100,3516000,10:17:36
35170,300,10551000,10:17:26
35170,100,3517000,10:17:26
35180,300,10554000,10:17:18
35180,100,3518000,10:17:18
35170,100,3517000,10:17:14
35170,100,3517000,10:17:11
35170,100,3517000,10:17:11
35170,100,3517000,10:17:11
35170,100,3517000,10:17:11
35170,100,3517000,10:17:11
35180,100,3518000,10:17:08
35180,100,3518000,10:16:58
35180,100,3518000,10:16:58
35180,700,24626000,10:16:58
35170,100,3517000,10:16:43
35170,700,24619000,10:16:41
35160,100,3516000,10:16:41
35150,100,3515000,10:16:38
35150,100,3515000,10:16:29
35160,100,3516000,10:16:28
35160,1200,42192000,10:16:28
35150,400,14060000,10:16:24
35130,100,3513000,10:16:16
35140,100,3514000,10:16:14
35150,200,7030000,10:16:14
35150,100,3515000,10:16:10
35140,100,3514000,10:16:09
35150,400,14060000,10:16:03
35150,100,3515000,10:16:03
35150,100,3515000,10:16:03
35150,100,3515000,10:16:03
35150,100,3515000,10:16:03
35150,200,7030000,10:15:57
35140,100,3514000,10:15:53
35150,100,3515000,10:15:52
35140,100,3514000,10:15:52
35150,600,21090000,10:15:38
35140,100,3514000,10:15:32
35140,100,3514000,10:15:30
35160,200,7032000,10:15:27
35150,100,3515000,10:15:25
35150,100,3515000,10:15:18
35130,200,7026000,10:15:16
35140,100,3514000,10:15:15
35130,100,3513000,10:15:10
35140,100,3514000,10:15:01
35150,100,3515000,10:15:01
35150,100,3515000,10:15:00
35150,100,3515000,10:15:00
35150,300,10545000,10:14:59
35150,300,10545000,10:14:59
35150,100,3515000,10:14:58
35150,100,3515000,10:14:58
35150,300,10545000,10:14:58
35140,900,31626000,10:14:58
35130,1100,38643000,10:14:58
35120,200,7024000,10:14:54
35120,300,10536000,10:14:54
35110,100,3511000,10:14:51
35110,100,3511000,10:14:50
35110,100,3511000,10:14:50
35120,100,3512000,10:14:45
35120,200,7024000,10:14:42
35110,100,3511000,10:14:42
35100,100,3510000,10:14:38
35090,200,7018000,10:14:35
35100,100,3510000,10:14:34
35100,600,21060000,10:14:33
35090,100,3509000,10:14:33
35090,400,14036000,10:14:32
35080,300,10524000,10:14:30
35080,100,3508000,10:14:30
35070,100,3507000,10:14:26
35070,400,14028000,10:14:26
35050,100,3505000,10:14:23
35050,100,3505000,10:14:21
35060,200,7012000,10:14:10
35050,200,7010000,10:14:09
35050,100,3505000,10:14:04
35040,100,3504000,10:14:01
35050,100,3505000,10:13:58
35040,100,3504000,10:13:53
35040,100,3504000,10:13:53
35050,100,3505000,10:13:47
35060,100,3506000,10:13:43
35050,100,3505000,10:13:39
35070,100,3507000,10:13:37
35070,100,3507000,10:13:36
35070,100,3507000,10:13:31
35050,100,3505000,10:13:24
35050,400,14020000,10:13:20
35040,200,7008000,10:13:20
35030,100,3503000,10:13:15
35030,100,3503000,10:13:08
35030,100,3503000,10:13:08
35020,100,3502000,10:13:05
35020,100,3502000,10:12:50
35010,100,3501000,10:12:45
35020,100,3502000,10:12:43
35020,100,3502000,10:12:43
35020,100,3502000,10:12:43
35030,200,7006000,10:12:43
35040,100,3504000,10:12:41
35040,100,3504000,10:12:41
35040,300,10512000,10:12:30
35040,100,3504000,10:12:30
35030,100,3503000,10:12:27
35030,100,3503000,10:12:23
35030,100,3503000,10:12:23
35030,100,3503000,10:12:23
35020,100,3502000,10:12:13
35010,100,3501000,10:12:11
35010,100,3501000,10:12:10
35010,100,3501000,10:12:10
35000,100,3500000,10:12:09
35000,100,3500000,10:12:07
35000,100,3500000,10:12:06
35000,400,14000000,10:12:06
34990,100,3499000,10:12:03
34990,200,6998000,10:12:03
34980,100,3498000,10:11:59
34980,100,3498000,10:11:57
34970,300,10491000,10:11:55
34960,100,3496000,10:11:55
34950,200,6990000,10:11:54
34960,100,3496000,10:11:54
34960,100,3496000,10:11:52
34960,300,10488000,10:11:52
34950,200,6990000,10:11:44
34960,300,10488000,10:11:44
34960,200,6992000,10:11:44
34960,100,3496000,10:11:44
34970,400,13988000,10:11:43
34980,100,3498000,10:11:41
35000,100,3500000,10:11:22
34980,100,3498000,10:11:20
34980,200,6996000,10:11:20
34970,600,20982000,10:11:14
34970,100,3497000,10:11:14
34980,100,3498000,10:11:14
34980,100,3498000,10:11:14
34980,100,3498000,10:11:14
34990,100,3499000,10:11:14
34980,100,3498000,10:11:14
34990,100,3499000,10:11:13
35000,400,14000000,10:11:13
35010,100,3501000,10:11:13
35000,100,3500000,10:11:13
35010,1200,42012000,10:11:13
35000,300,10500000,10:11:13
34990,100,3499000,10:11:13
34990,100,3499000,10:11:13
34990,100,3499000,10:11:13
34990,100,3499000,10:11:13
34990,100,3499000,10:11:13
34990,100,3499000,10:11:13
34990,500,17495000,10:11:13
34990,100,3499000,10:11:13
34990,100,3499000,10:11:13
34990,100,3499000,10:11:13
34990,100,3499000,10:11:13
34990,100,3499000,10:11:13
35000,1800,63000000,10:11:13
35010,500,17505000,10:11:13
35020,200,7004000,10:11:12
35020,100,3502000,10:11:12
35030,100,3503000,10:11:08
35030,300,10509000,10:10:58
35030,100,3503000,10:10:58
35040,100,3504000,10:10:56
35040,200,7008000,10:10:56
35040,100,3504000,10:10:56
35040,100,3504000,10:10:53
35050,100,3505000,10:10:50
35050,100,3505000,10:10:44
35030,100,3503000,10:10:33
35040,100,3504000,10:10:33
35050,100,3505000,10:10:32
35060,100,3506000,10:10:31
35060,400,14024000,10:10:19
35070,500,17535000,10:10:18
35090,100,3509000,10:10:12
35080,200,7016000,10:10:06
35090,100,3509000,10:10:03
35070,100,3507000,10:10:01
35070,200,7014000,10:09:58
35060,100,3506000,10:09:50
35050,100,3505000,10:09:49
35050,100,3505000,10:09:48
35050,100,3505000,10:09:48
35050,100,3505000,10:09:48
35050,200,7010000,10:09:48
35050,200,7010000,10:09:48
35050,100,3505000,10:09:48
35040,100,3504000,10:09:46
35040,100,3504000,10:09:46
35040,100,3504000,10:09:45
35040,100,3504000,10:09:40
35050,100,3505000,10:09:39
35040,100,3504000,10:09:38
35040,100,3504000,10:09:37
35030,100,3503000,10:09:31
35020,100,3502000,10:09:28
35030,100,3503000,10:09:26
35020,100,3502000,10:09:15
35030,200,7006000,10:09:12
35000,100,3500000,10:09:03
35010,400,14004000,10:09:03
35010,100,3501000,10:09:03
35010,100,3501000,10:09:03
35010,200,7002000,10:09:03
35030,100,3503000,10:08:53
35030,100,3503000,10:08:47
35040,100,3504000,10:08:45
35040,100,3504000,10:08:36
35030,100,3503000,10:08:35
35030,300,10509000,10:08:35
35020,100,3502000,10:08:28
35020,200,7004000,10:08:25
35020,300,10506000,10:08:16
35020,200,7004000,10:08:16
35020,300,10506000,10:08:16
35020,300,10506000,10:08:16
35020,100,3502000,10:08:16
35040,100,3504000,10:08:07
35030,100,3503000,10:08:07
35020,100,3502000,10:08:02
35030,1000,35030000,10:08:02
35040,100,3504000,10:08:02
35040,400,14016000,10:07:47
35050,100,3505000,10:07:45
35080,100,3508000,10:07:28
35070,100,3507000,10:07:27
35060,100,3506000,10:07:26
35050,100,3505000,10:07:19
35050,100,3505000,10:07:09
35050,100,3505000,10:07:05
35050,200,7010000,10:07:04
35050,100,3505000,10:07:04
35050,100,3505000,10:07:04
35060,100,3506000,10:07:02
35060,100,3506000,10:07:00
35070,100,3507000,10:06:52
35050,100,3505000,10:06:43
35040,100,3504000,10:06:43
35050,500,17525000,10:06:36
35050,100,3505000,10:06:36
35050,100,3505000,10:06:36
35050,100,3505000,10:06:36
35050,100,3505000,10:06:29
35050,100,3505000,10:06:29
35060,300,10518000,10:06:29
35070,100,3507000,10:06:15
35080,100,3508000,10:06:14
35080,200,7016000,10:06:08
35070,100,3507000,10:06:05
35070,200,7014000,10:06:05
35070,900,31563000,10:06:05
35080,100,3508000,10:06:05
35080,100,3508000,10:06:04
35090,200,7018000,10:06:02
35090,300,10527000,10:06:02
35100,900,31590000,10:06:01
35110,100,3511000,10:06:00
35110,100,3511000,10:05:51
35120,100,3512000,10:05:48
35120,200,7024000,10:05:45
35130,100,3513000,10:05:40
35130,100,3513000,10:05:40
35130,100,3513000,10:05:40
35130,100,3513000,10:05:18
35140,200,7028000,10:05:09
35130,100,3513000,10:05:06
35130,100,3513000,10:05:06
35120,100,3512000,10:05:00
35120,200,7024000,10:05:00
35120,200,7024000,10:05:00
35130,200,7026000,10:04:45
35140,100,3514000,10:04:42
35140,100,3514000,10:04:38
35140,200,7028000,10:04:36
35140,100,3514000,10:04:19
35130,100,3513000,10:04:12
35150,100,3515000,10:04:10
35150,100,3515000,10:04:06
35140,100,3514000,10:04:03
35150,100,3515000,10:04:03
35150,100,3515000,10:04:03
35140,200,7028000,10:04:02
35140,100,3514000,10:03:59
35130,100,3513000,10:03:56
35130,200,7026000,10:03:56
35110,100,3511000,10:03:53
35120,100,3512000,10:03:50
35120,100,3512000,10:03:47
35110,100,3511000,10:03:46
35100,100,3510000,10:03:43
35100,100,3510000,10:03:43
35090,100,3509000,10:03:38
35090,100,3509000,10:03:35
35090,100,3509000,10:03:30
35070,100,3507000,10:03:30
35100,100,3510000,10:03:26
35090,100,3509000,10:03:26
35080,100,3508000,10:03:25
35070,200,7014000,10:03:25
35070,100,3507000,10:03:25
35080,200,7016000,10:03:24
35100,100,3510000,10:03:23
35100,100,3510000,10:03:18
35090,100,3509000,10:03:15
35090,400,14036000,10:03:15
35100,300,10530000,10:03:15
35110,100,3511000,10:03:12
35120,1900,66728000,10:03:12
35120,100,3512000,10:03:12
35120,200,7024000,10:03:12
35130,200,7026000,10:03:07
35130,200,7026000,10:03:07
35130,200,7026000,10:03:07
35160,400,14064000,10:02:57
35160,100,3516000,10:02:49
35160,300,10548000,10:02:49
35170,100,3517000,10:02:48
35170,100,3517000,10:02:48
35160,300,10548000,10:02:48
35150,200,7030000,10:02:48
35140,100,3514000,10:02:47
35130,100,3513000,10:02:43
35130,100,3513000,10:02:35
35130,100,3513000,10:02:29
35130,100,3513000,10:02:29
35130,100,3513000,10:02:25
35130,100,3513000,10:02:23
35120,100,3512000,10:02:22
35120,100,3512000,10:02:21
35130,100,3513000,10:02:18
35130,100,3513000,10:02:18
35140,100,3514000,10:02:17
35140,200,7028000,10:02:11
35150,100,3515000,10:02:10
35160,100,3516000,10:01:58
35140,100,3514000,10:01:53
35130,100,3513000,10:01:31
35140,100,3514000,10:01:31
35140,100,3514000,10:01:25
35150,200,7030000,10:01:23
35160,100,3516000,10:01:22
35160,100,3516000,10:01:10
35170,100,3517000,10:01:10
35150,100,3515000,10:01:08
35150,600,21090000,10:01:08
35130,100,3513000,10:01:00
35130,200,7026000,10:01:00
35130,100,3513000,10:00:49
35120,200,7024000,10:00:44
35120,200,7024000,10:00:38
35120,100,3512000,10:00:38
35140,100,3514000,10:00:35
35150,100,3515000,10:00:31
35150,100,3515000,10:00:31
35150,100,3515000,10:00:30
35150,100,3515000,10:00:30
35140,100,3514000,10:00:30
35140,100,3514000,10:00:30
35140,100,3514000,10:00:30
35120,100,3512000,10:00:10
35100,300,10530000,10:00:00
35120,100,3512000,09:59:55
35130,100,3513000,09:59:33
35130,100,3513000,09:59:33
35130,100,3513000,09:59:33
35130,100,3513000,09:59:33
35130,100,3513000,09:59:33
35110,100,3511000,09:59:27
35120,300,10536000,09:59:26
35120,100,3512000,09:59:26
35110,100,3511000,09:59:18
35090,200,7018000,09:59:13
35100,100,3510000,09:59:10
35100,100,3510000,09:59:07
35100,100,3510000,09:59:07
35110,100,3511000,09:59:01
35100,100,3510000,09:59:00
35110,300,10533000,09:58:54
35100,800,28080000,09:58:53
35100,100,3510000,09:58:53
35110,100,3511000,09:58:50
35110,100,3511000,09:58:48
35110,100,3511000,09:58:47
35110,100,3511000,09:58:46
35110,100,3511000,09:58:46
35130,100,3513000,09:58:41
35130,100,3513000,09:58:35
35120,100,3512000,09:58:35
35120,100,3512000,09:58:30
35110,500,17555000,09:58:30
35110,100,3511000,09:58:30
35120,400,14048000,09:58:30
35130,200,7026000,09:58:22
35130,100,3513000,09:58:22
35140,200,7028000,09:58:22
35150,600,21090000,09:58:21
35160,100,3516000,09:58:19
35160,100,3516000,09:58:17
35170,100,3517000,09:58:17
35170,100,3517000,09:58:17
35160,100,3516000,09:58:15
35170,100,3517000,09:58:07
35160,100,3516000,09:58:06
35170,100,3517000,09:57:57
35180,100,3518000,09:57:50
35190,100,3519000,09:57:48
35190,100,3519000,09:57:48
35190,100,3519000,09:57:43
35160,100,3516000,09:57:40
35170,100,3517000,09:57:40
35180,100,3518000,09:57:38
35180,100,3518000,09:57:34
35180,100,3518000,09:57:32
35190,100,3519000,09:57:30
35190,100,3519000,09:57:29
35200,200,7040000,09:57:27
35200,100,3520000,09:57:16
35210,500,17605000,09:57:16
35230,100,3523000,09:57:13
35240,100,3524000,09:57:12
35230,100,3523000,09:57:11
35230,800,28184000,09:57:10
35220,200,7044000,09:57:09
35220,200,7044000,09:57:09
35220,200,7044000,09:57:09
35220,100,3522000,09:57:09
35220,100,3522000,09:57:09
35210,100,3521000,09:57:05
35210,100,3521000,09:57:03
35200,100,3520000,09:57:02
35200,100,3520000,09:57:02
35210,400,14084000,09:57:00
35210,100,3521000,09:57:00
35210,100,3521000,09:57:00
35210,100,3521000,09:56:59
35200,1200,42240000,09:56:58
35200,100,3520000,09:56:58
35200,200,7040000,09:56:58
35200,300,10560000,09:56:58
35190,800,28152000,09:56:58
35180,700,24626000,09:56:58
35170,500,17585000,09:56:58
35160,100,3516000,09:56:58
35150,100,3515000,09:56:40
35160,100,3516000,09:56:40
35150,100,3515000,09:56:39
35140,100,3514000,09:56:37
35150,100,3515000,09:56:36
35150,100,3515000,09:56:34
35150,100,3515000,09:56:34
35160,100,3516000,09:56:27
35150,200,7030000,09:56:26
35150,300,10545000,09:56:26
35140,400,14056000,09:56:26
35140,100,3514000,09:56:26
35130,100,3513000,09:56:23
35120,200,7024000,09:56:23
35120,100,3512000,09:56:23
35120,100,3512000,09:56:22
35110,200,7022000,09:56:22
35100,300,10530000,09:56:22
35090,300,10527000,09:56:16
35090,100,3509000,09:56:16
35080,500,17540000,09:56:07
35070,200,7014000,09:56:06
35060,100,3506000,09:55:58
35050,100,3505000,09:55:49
35060,100,3506000,09:55:49
35070,100,3507000,09:55:46
35070,100,3507000,09:55:40
35070,100,3507000,09:55:34
35060,200,7012000,09:55:31
35060,100,3506000,09:55:31
35070,100,3507000,09:55:24
35070,100,3507000,09:55:24
35070,100,3507000,09:55:24
35070,100,3507000,09:55:16
35050,100,3505000,09:55:12
35050,100,3505000,09:55:12
35050,100,3505000,09:55:07
35040,300,10512000,09:54:53
35040,100,3504000,09:54:53
35020,100,3502000,09:54:46
35020,100,3502000,09:54:46
35030,200,7006000,09:54:46
35040,100,3504000,09:54:42
35050,100,3505000,09:54:41
35040,200,7008000,09:54:40
35040,100,3504000,09:54:40
35050,300,10515000,09:54:40
35050,100,3505000,09:54:35
35040,100,3504000,09:54:34
35050,100,3505000,09:54:20
35050,200,7010000,09:54:18
35050,400,14020000,09:54:17
35050,100,3505000,09:54:17
35050,100,3505000,09:54:16
35050,100,3505000,09:54:16
35060,100,3506000,09:54:16
35050,100,3505000,09:54:16
35060,100,3506000,09:54:15
35060,100,3506000,09:54:15
35070,200,7014000,09:54:15
35070,100,3507000,09:54:15
35080,100,3508000,09:54:15
35080,100,3508000,09:54:14
35080,100,3508000,09:54:11
35080,200,7016000,09:54:11
35080,100,3508000,09:54:11
35090,100,3509000,09:54:01
35100,100,3510000,09:54:00
35100,100,3510000,09:54:00
35110,100,3511000,09:53:57
35110,200,7022000,09:53:54
35100,100,3510000,09:53:51
35100,200,7020000,09:53:51
35090,100,3509000,09:53:49
35080,100,3508000,09:53:46
35090,100,3509000,09:53:41
35090,100,3509000,09:53:32
35090,100,3509000,09:53:32
35080,100,3508000,09:53:25
35080,200,7016000,09:53:25
35080,100,3508000,09:53:25
35090,100,3509000,09:53:22
35100,100,3510000,09:53:21
35110,100,3511000,09:53:13
35100,100,3510000,09:53:11
35100,200,7020000,09:53:08
35090,100,3509000,09:53:04
35090,100,3509000,09:53:03
35090,100,3509000,09:53:03
35100,100,3510000,09:53:02
35090,100,3509000,09:53:01
35090,100,3509000,09:53:01
35060,100,3506000,09:52:55
35050,100,3505000,09:52:54
35040,100,3504000,09:52:53
35030,100,3503000,09:52:52
35030,100,3503000,09:52:52
35040,400,14016000,09:52:52
35040,100,3504000,09:52:44
35050,100,3505000,09:52:44
35050,400,14020000,09:52:41
35050,100,3505000,09:52:41
35040,100,3504000,09:52:36
35040,100,3504000,09:52:36
35040,100,3504000,09:52:30
35040,100,3504000,09:52:29
35040,100,3504000,09:52:21
35040,100,3504000,09:52:10
35030,100,3503000,09:52:04
35050,100,3505000,09:52:03
35030,100,3503000,09:52:03
35030,100,3503000,09:52:03
35040,100,3504000,09:52:01
35050,100,3505000,09:51:55
35050,100,3505000,09:51:55
35040,200,7008000,09:51:52
35050,100,3505000,09:51:50
35050,100,3505000,09:51:50
35070,100,3507000,09:51:42
35060,100,3506000,09:51:40
35050,100,3505000,09:51:39
35050,100,3505000,09:51:36
35050,100,3505000,09:51:30
35050,100,3505000,09:51:30
35050,100,3505000,09:51:30
35050,100,3505000,09:51:30
35050,100,3505000,09:51:30
35040,100,3504000,09:51:25
35050,100,3505000,09:51:24
35040,100,3504000,09:51:23
35050,200,7010000,09:51:18
35060,100,3506000,09:51:10
35060,200,7012000,09:51:10
35070,100,3507000,09:51:08
35060,100,3506000,09:51:06
35060,200,7012000,09:51:04
35040,100,3504000,09:51:03
35050,300,10515000,09:51:03
35050,100,3505000,09:51:03
35060,100,3506000,09:51:03
35070,100,3507000,09:51:02
35080,200,7016000,09:51:01
35080,100,3508000,09:51:01
35080,100,3508000,09:50:58
35080,100,3508000,09:50:58
35080,100,3508000,09:50:57
35090,300,10527000,09:50:55
35100,900,31590000,09:50:54
35110,300,10533000,09:50:54
35120,100,3512000,09:50:53
35130,100,3513000,09:50:52
35130,100,3513000,09:50:44
35140,300,10542000,09:50:44
35170,200,7034000,09:50:40
35160,100,3516000,09:50:38
35160,100,3516000,09:50:26
35160,200,7032000,09:50:26
35150,300,10545000,09:50:16
35140,100,3514000,09:50:15
35140,100,3514000,09:50:15
35140,300,10542000,09:50:11
35140,100,3514000,09:50:11
35160,100,3516000,09:50:03
35150,100,3515000,09:50:01
35160,100,3516000,09:49:48
35160,100,3516000,09:49:42
35150,200,7030000,09:49:37
35150,100,3515000,09:49:37
35140,200,7028000,09:49:37
35120,100,3512000,09:49:36
35120,200,7024000,09:49:35
35130,200,7026000,09:49:34
35140,100,3514000,09:49:34
35140,100,3514000,09:49:21
35140,100,3514000,09:49:18
35150,100,3515000,09:49:00
35150,100,3515000,09:48:57
35140,100,3514000,09:48:57
35140,100,3514000,09:48:55
35140,100,3514000,09:48:53
35150,300,10545000,09:48:53
35150,100,3515000,09:48:53
35160,100,3516000,09:48:49
35170,100,3517000,09:48:41
35170,100,3517000,09:48:38
35190,100,3519000,09:48:33
35190,100,3519000,09:48:33
35190,100,3519000,09:48:33
35190,100,3519000,09:48:33
35170,100,3517000,09:48:26
35160,100,3516000,09:48:26
35170,300,10551000,09:48:24
35180,100,3518000,09:48:22
35190,100,3519000,09:48:13
35180,100,3518000,09:48:11
35180,200,7036000,09:48:11
35190,100,3519000,09:48:07
35200,100,3520000,09:48:03
35180,200,7036000,09:47:58
35190,100,3519000,09:47:49
35180,300,10554000,09:47:41
35180,100,3518000,09:47:41
35190,100,3519000,09:47:38
35200,100,3520000,09:47:38
35200,100,3520000,09:47:38
35200,100,3520000,09:47:38
35210,300,10563000,09:47:38
35220,100,3522000,09:47:36
35230,100,3523000,09:47:34
35230,100,3523000,09:47:34
35230,200,7046000,09:47:34
35220,200,7044000,09:47:33
35220,100,3522000,09:47:32
35210,100,3521000,09:47:30
35200,100,3520000,09:47:26
35220,100,3522000,09:47:25
35230,100,3523000,09:47:24
35230,300,10569000,09:47:24
35220,200,7044000,09:47:24
35220,100,3522000,09:47:24
35220,100,3522000,09:47:24
35220,200,7044000,09:47:24
35220,600,21132000,09:47:24
35210,400,14084000,09:47:23
35210,100,3521000,09:47:23
35200,1700,59840000,09:47:23
35190,400,14076000,09:47:19
35180,100,3518000,09:47:18
35180,100,3518000,09:47:18
35180,100,3518000,09:47:18
35180,100,3518000,09:47:15
35180,100,3518000,09:47:05
35170,100,3517000,09:47:03
35170,100,3517000,09:47:02
35180,100,3518000,09:47:01
35180,700,24626000,09:47:01
35180,100,3518000,09:47:01
35170,100,3517000,09:46:54
35170,300,10551000,09:46:53
35150,100,3515000,09:46:45
35150,100,3515000,09:46:45
35170,100,3517000,09:46:41
35160,100,3516000,09:46:39
35170,800,28136000,09:46:31
35170,100,3517000,09:46:31
35170,400,14068000,09:46:31
35170,100,3517000,09:46:31
35160,100,3516000,09:46:30
35160,100,3516000,09:46:23
35150,300,10545000,09:46:22
35150,400,14060000,09:46:22
35150,100,3515000,09:46:22
35140,100,3514000,09:46:21
35140,400,14056000,09:46:14
35130,100,3513000,09:46:12
35140,100,3514000,09:46:10
35140,100,3514000,09:46:08
35140,100,3514000,09:46:08
35140,100,3514000,09:46:08
35130,700,24591000,09:46:04
35120,400,14048000,09:45:57
35110,100,3511000,09:45:52
35110,100,3511000,09:45:48
35100,100,3510000,09:45:44
35100,100,3510000,09:45:44
35110,100,3511000,09:45:40
35100,100,3510000,09:45:40
35100,100,3510000,09:45:35
35100,100,3510000,09:45:34
35100,200,7020000,09:45:34
35090,100,3509000,09:45:30
35090,100,3509000,09:45:25
35090,100,3509000,09:45:23
35080,200,7016000,09:45:22
35100,300,10530000,09:45:12
35100,100,3510000,09:45:03
35090,100,3509000,09:44:58
35070,300,10521000,09:44:54
35060,200,7012000,09:44:50
35060,100,3506000,09:44:45
35060,100,3506000,09:44:44
35070,100,3507000,09:44:44
35070,200,7014000,09:44:43
35070,100,3507000,09:44:43
35070,100,3507000,09:44:43
35080,100,3508000,09:44:43
35090,100,3509000,09:44:42
35090,100,3509000,09:44:41
35090,100,3509000,09:44:41
35100,100,3510000,09:44:41
35100,100,3510000,09:44:41
35100,100,3510000,09:44:41
35100,100,3510000,09:44:41
35110,100,3511000,09:44:40
35120,100,3512000,09:44:38
35110,100,3511000,09:44:38
35110,300,10533000,09:44:36
35120,100,3512000,09:44:36
35120,100,3512000,09:44:35
35120,200,7024000,09:44:35
35120,200,7024000,09:44:35
35120,200,7024000,09:44:35
35130,300,10539000,09:44:30
35140,100,3514000,09:44:26
35130,100,3513000,09:44:26
35120,100,3512000,09:44:21
35140,100,3514000,09:44:18
35130,100,3513000,09:44:14
35120,100,3512000,09:44:12
35120,100,3512000,09:44:06
35130,100,3513000,09:44:02
35130,100,3513000,09:43:57
35130,100,3513000,09:43:56
35140,100,3514000,09:43:53
35140,100,3514000,09:43:53
35150,100,3515000,09:43:51
35150,100,3515000,09:43:51
35150,100,3515000,09:43:44
35150,100,3515000,09:43:41
35150,200,7030000,09:43:41
35140,100,3514000,09:43:39
35130,100,3513000,09:43:37
35120,100,3512000,09:43:36
35120,100,3512000,09:43:34
35120,200,7024000,09:43:34
35120,200,7024000,09:43:34
35130,100,3513000,09:43:31
35140,100,3514000,09:43:31
35130,100,3513000,09:43:30
35120,100,3512000,09:43:28
35120,100,3512000,09:43:27
35120,100,3512000,09:43:22
35100,100,3510000,09:43:22
35110,800,28088000,09:43:22
35120,600,21072000,09:43:22
35130,300,10539000,09:43:22
35130,100,3513000,09:43:22
35130,100,3513000,09:43:18
35130,100,3513000,09:43:17
35140,100,3514000,09:43:11
35130,100,3513000,09:43:07
35130,100,3513000,09:43:01
35140,100,3514000,09:42:59
35140,500,17570000,09:42:58
35130,300,10539000,09:42:58
35120,100,3512000,09:42:58
35100,100,3510000,09:42:44
35100,100,3510000,09:42:43
35080,100,3508000,09:42:41
35090,100,3509000,09:42:41
35110,100,3511000,09:42:40
35100,900,31590000,09:42:40
35120,100,3512000,09:42:35
35100,100,3510000,09:42:32
35120,100,3512000,09:42:29
35120,200,7024000,09:42:28
35120,100,3512000,09:42:28
35100,100,3510000,09:42:28
35100,100,3510000,09:42:25
35110,100,3511000,09:42:24
35110,100,3511000,09:42:21
35110,100,3511000,09:42:21
35110,100,3511000,09:42:21
35100,100,3510000,09:42:21
35100,100,3510000,09:42:21
35100,100,3510000,09:42:21
35090,100,3509000,09:42:20
35090,100,3509000,09:42:20
35080,100,3508000,09:42:19
35080,300,10524000,09:42:19
35080,300,10524000,09:42:19
35080,200,7016000,09:42:19
35070,100,3507000,09:42:18
35070,100,3507000,09:42:16
35070,400,14028000,09:42:16
35060,100,3506000,09:42:16
35060,100,3506000,09:42:16
35050,200,7010000,09:42:15
35050,100,3505000,09:42:15
35050,100,3505000,09:42:15
35050,100,3505000,09:42:15
35040,200,7008000,09:42:14
35030,100,3503000,09:42:13
35030,100,3503000,09:42:09
35030,100,3503000,09:42:07
35030,100,3503000,09:42:06
35020,200,7004000,09:42:05
35030,100,3503000,09:42:05
35030,100,3503000,09:42:04
35030,300,10509000,09:42:04
35030,100,3503000,09:42:03
35030,100,3503000,09:42:00
35030,100,3503000,09:41:57
35020,100,3502000,09:41:56
35020,100,3502000,09:41:54
35000,300,10500000,09:41:52
34990,100,3499000,09:41:51
34970,100,3497000,09:41:47
34970,300,10491000,09:41:39
34990,100,3499000,09:41:35
34990,100,3499000,09:41:35
34970,100,3497000,09:41:25
34960,100,3496000,09:41:22
34980,200,6996000,09:41:22
34970,100,3497000,09:41:20
34960,100,3496000,09:41:19
34950,200,6990000,09:41:19
34940,100,3494000,09:41:19
34940,100,3494000,09:41:17
34940,100,3494000,09:41:16
34950,100,3495000,09:41:13
34960,200,6992000,09:41:11
34960,100,3496000,09:41:07
34960,300,10488000,09:41:06
34950,100,3495000,09:41:06
34950,100,3495000,09:41:06
34950,100,3495000,09:41:06
34950,100,3495000,09:41:06
34950,100,3495000,09:41:06
34950,200,6990000,09:41:06
34950,100,3495000,09:41:06
34950,200,6990000,09:41:06
34960,900,31464000,09:41:06
34960,100,3496000,09:41:06
34980,100,3498000,09:41:05
34970,100,3497000,09:41:03
34980,100,3498000,09:41:01
34980,100,3498000,09:40:56
34970,100,3497000,09:40:54
34990,100,3499000,09:40:53
34970,100,3497000,09:40:53
34980,100,3498000,09:40:53
34980,100,3498000,09:40:51
34990,100,3499000,09:40:50
35000,100,3500000,09:40:49
35000,100,3500000,09:40:49
34990,100,3499000,09:40:48
34990,100,3499000,09:40:48
35000,100,3500000,09:40:47
34980,100,3498000,09:40:47
34980,100,3498000,09:40:47
34990,100,3499000,09:40:46
34970,100,3497000,09:40:44
34980,100,3498000,09:40:44
34990,200,6998000,09:40:43
34990,100,3499000,09:40:43
35000,1300,45500000,09:40:43
35010,100,3501000,09:40:41
35010,100,3501000,09:40:41
35010,100,3501000,09:40:40
35010,100,3501000,09:40:38
35020,100,3502000,09:40:37
35020,100,3502000,09:40:37
35020,100,3502000,09:40:37
35020,100,3502000,09:40:37
35020,100,3502000,09:40:37
35030,100,3503000,09:40:37
35040,100,3504000,09:40:36
35040,300,10512000,09:40:34
35040,200,7008000,09:40:30
35020,100,3502000,09:40:19
35020,100,3502000,09:40:11
35020,100,3502000,09:40:11
35000,100,3500000,09:40:11
35000,100,3500000,09:40:11
35000,100,3500000,09:40:11
35000,100,3500000,09:40:11
35000,100,3500000,09:40:11
35010,100,3501000,09:40:08
35020,100,3502000,09:40:08
35030,100,3503000,09:40:06
35040,100,3504000,09:40:06
35020,100,3502000,09:40:02
35050,100,3505000,09:39:59
35040,100,3504000,09:39:59
35050,100,3505000,09:39:59
35040,200,7008000,09:39:58
35030,100,3503000,09:39:58
35010,100,3501000,09:39:57
35020,100,3502000,09:39:57
35010,200,7002000,09:39:55
35010,100,3501000,09:39:54
35010,100,3501000,09:39:54
35020,100,3502000,09:39:53
35020,100,3502000,09:39:52
35010,100,3501000,09:39:52
35020,100,3502000,09:39:39
35020,200,7004000,09:39:39
35020,300,10506000,09:39:39
35030,300,10509000,09:39:38
35030,100,3503000,09:39:38
35030,100,3503000,09:39:38
35030,100,3503000,09:39:37
35040,100,3504000,09:39:37
35050,100,3505000,09:39:37
35050,100,3505000,09:39:34
35060,100,3506000,09:39:30
35050,100,3505000,09:39:27
35050,100,3505000,09:39:21
35050,100,3505000,09:39:21
35050,200,7010000,09:39:21
35050,200,7010000,09:39:21
35050,200,7010000,09:39:21
35050,100,3505000,09:39:21
35070,100,3507000,09:39:17
35070,100,3507000,09:39:16
35060,100,3506000,09:39:14
35060,100,3506000,09:39:14
35070,300,10521000,09:39:13
35070,100,3507000,09:39:13
35070,100,3507000,09:39:13
35080,1000,35080000,09:39:13
35090,100,3509000,09:39:08
35100,100,3510000,09:39:03
35100,100,3510000,09:39:00
35090,200,7018000,09:38:58
35100,100,3510000,09:38:55
35120,100,3512000,09:38:49
35120,100,3512000,09:38:49
35120,100,3512000,09:38:49
35120,100,3512000,09:38:49
35120,100,3512000,09:38:49
35110,200,7022000,09:38:49
35100,100,3510000,09:38:44
35100,200,7020000,09:38:43
35100,100,3510000,09:38:39
35090,100,3509000,09:38:39
35100,100,3510000,09:38:36
35090,100,3509000,09:38:34
35090,100,3509000,09:38:34
35100,100,3510000,09:38:30
35080,100,3508000,09:38:25
35090,100,3509000,09:38:25
35110,100,3511000,09:38:21
35100,100,3510000,09:38:19
35090,100,3509000,09:38:19
35090,100,3509000,09:38:18
35100,100,3510000,09:38:16
35100,100,3510000,09:38:15
35090,100,3509000,09:38:14
35100,100,3510000,09:38:14
35090,100,3509000,09:38:12
35090,100,3509000,09:38:12
35100,100,3510000,09:38:11
35080,100,3508000,09:38:11
35090,200,7018000,09:38:10
35100,600,21060000,09:38:10
35100,100,3510000,09:38:10
35100,100,3510000,09:38:10
35110,200,7022000,09:38:09
35110,300,10533000,09:38:08
35110,100,3511000,09:38:08
35120,300,10536000,09:38:08
35130,200,7026000,09:38:07
35140,200,7028000,09:38:06
35140,100,3514000,09:38:05
35150,100,3515000,09:38:04
35150,600,21090000,09:38:04
35150,300,10545000,09:38:04
35160,100,3516000,09:37:55
35160,200,7032000,09:37:55
35160,100,3516000,09:37:55
35160,200,7032000,09:37:55
35170,100,3517000,09:37:53
35170,100,3517000,09:37:53
35180,100,3518000,09:37:51
35180,100,3518000,09:37:51
35180,100,3518000,09:37:48
35190,100,3519000,09:37:46
35190,100,3519000,09:37:45
35180,100,3518000,09:37:42
35180,200,7036000,09:37:40
35190,100,3519000,09:37:33
35190,100,3519000,09:37:31
35180,100,3518000,09:37:28
35180,100,3518000,09:37:16
35160,300,10548000,09:37:11
35170,100,3517000,09:37:11
35170,100,3517000,09:37:11
35180,100,3518000,09:37:10
35170,100,3517000,09:37:07
35170,100,3517000,09:37:06
35160,100,3516000,09:37:06
35160,100,3516000,09:37:06
35160,100,3516000,09:37:06
35160,100,3516000,09:37:06
35160,200,7032000,09:37:06
35160,100,3516000,09:37:06
35160,100,3516000,09:37:06
35160,100,3516000,09:37:06
35160,100,3516000,09:37:06
35160,100,3516000,09:37:06
35160,400,14064000,09:37:03
35170,100,3517000,09:37:03
35170,100,3517000,09:36:59
35170,200,7034000,09:36:59
35170,200,7034000,09:36:59
35180,100,3518000,09:36:58
35180,100,3518000,09:36:58
35180,100,3518000,09:36:55
35200,100,3520000,09:36:55
35220,500,17610000,09:36:53
35200,100,3520000,09:36:48
35200,100,3520000,09:36:46
35200,100,3520000,09:36:46
35200,100,3520000,09:36:46
35200,200,7040000,09:36:46
35200,200,7040000,09:36:46
35200,200,7040000,09:36:46
35200,200,7040000,09:36:46
35200,200,7040000,09:36:46
35190,100,3519000,09:36:45
35180,100,3518000,09:36:44
35180,100,3518000,09:36:44
35160,100,3516000,09:36:43
35170,100,3517000,09:36:42
35170,100,3517000,09:36:42
35170,100,3517000,09:36:42
35170,100,3517000,09:36:42
35180,100,3518000,09:36:42
35180,200,7036000,09:36:39
35180,200,7036000,09:36:39
35180,100,3518000,09:36:39
35180,100,3518000,09:36:39
35170,400,14068000,09:36:38
35180,100,3518000,09:36:38
35170,100,3517000,09:36:36
35170,100,3517000,09:36:36
35180,100,3518000,09:36:34
35190,100,3519000,09:36:34
35180,200,7036000,09:36:32
35170,100,3517000,09:36:28
35180,100,3518000,09:36:28
35180,200,7036000,09:36:27
35180,200,7036000,09:36:27
35190,100,3519000,09:36:25
35200,100,3520000,09:36:24
35200,100,3520000,09:36:20
35210,100,3521000,09:36:20
35210,100,3521000,09:36:20
35200,100,3520000,09:36:20
35190,100,3519000,09:36:16
35200,100,3520000,09:36:16
35200,200,7040000,09:36:16
35200,100,3520000,09:36:16
35210,200,7042000,09:36:16
35210,100,3521000,09:36:16
35210,100,3521000,09:36:16
35210,100,3521000,09:36:16
35220,100,3522000,09:36:15
35220,200,7044000,09:36:15
35220,100,3522000,09:36:15
35230,100,3523000,09:36:07
35240,300,10572000,09:36:03
35230,100,3523000,09:36:03
35230,100,3523000,09:36:03
35230,100,3523000,09:36:03
35230,100,3523000,09:35:51
35220,100,3522000,09:35:48
35220,100,3522000,09:35:44
35200,100,3520000,09:35:39
35210,100,3521000,09:35:38
35190,100,3519000,09:35:38
35200,100,3520000,09:35:38
35200,100,3520000,09:35:38
35200,100,3520000,09:35:38
35200,200,7040000,09:35:38
35200,800,28160000,09:35:38
35210,100,3521000,09:35:34
35210,100,3521000,09:35:32
35210,100,3521000,09:35:32
35220,100,3522000,09:35:31
35220,200,7044000,09:35:30
35230,100,3523000,09:35:29
35230,100,3523000,09:35:27
35240,100,3524000,09:35:25
35250,100,3525000,09:35:19
35250,100,3525000,09:35:19
35240,100,3524000,09:35:18
35240,100,3524000,09:35:18
35230,100,3523000,09:35:12
35220,100,3522000,09:35:11
35210,100,3521000,09:35:10
35220,200,7044000,09:35:09
35240,100,3524000,09:35:03
35230,100,3523000,09:35:02
35230,100,3523000,09:35:02
35240,100,3524000,09:35:01
35240,100,3524000,09:34:58
35240,300,10572000,09:34:58
35250,100,3525000,09:34:58
35250,100,3525000,09:34:58
35250,100,3525000,09:34:58
35250,100,3525000,09:34:58
35260,100,3526000,09:34:53
35260,100,3526000,09:34:52
35260,200,7052000,09:34:50
35260,100,3526000,09:34:50
35270,100,3527000,09:34:48
35270,200,7054000,09:34:48
35280,100,3528000,09:34:45
35280,200,7056000,09:34:43
35280,100,3528000,09:34:36
35280,100,3528000,09:34:36
35290,100,3529000,09:34:36
35290,300,10587000,09:34:36
35290,100,3529000,09:34:36
35280,100,3528000,09:34:36
35290,200,7058000,09:34:33
35290,200,7058000,09:34:29
35290,100,3529000,09:34:27
35290,100,3529000,09:34:27
35290,100,3529000,09:34:27
35280,100,3528000,09:34:27
35270,200,7054000,09:34:23
35260,100,3526000,09:34:18
35270,100,3527000,09:34:18
35270,100,3527000,09:34:15
35260,100,3526000,09:34:14
35270,100,3527000,09:34:14
35270,100,3527000,09:34:14
35280,300,10584000,09:34:13
35270,300,10581000,09:34:13
35260,100,3526000,09:34:13
35250,100,3525000,09:34:12
35270,100,3527000,09:34:10
35280,100,3528000,09:34:09
35270,100,3527000,09:34:09
35270,100,3527000,09:34:08
35260,100,3526000,09:34:07
35260,200,7052000,09:34:07
35260,100,3526000,09:34:07
35250,600,21150000,09:34:07
35250,200,7050000,09:34:07
35240,100,3524000,09:34:06
35240,100,3524000,09:34:06
35240,100,3524000,09:34:06
35240,100,3524000,09:34:06
35240,200,7048000,09:34:06
35240,100,3524000,09:34:06
35240,100,3524000,09:34:06
35240,100,3524000,09:34:05
35240,100,3524000,09:34:05
35230,100,3523000,09:34:04
35230,700,24661000,09:34:04
35220,700,24654000,09:34:04
35220,300,10566000,09:34:04
35210,100,3521000,09:34:04
35220,100,3522000,09:34:04
35220,100,3522000,09:34:03
35220,100,3522000,09:34:03
35220,100,3522000,09:34:03
35210,400,14084000,09:34:02
35210,700,24647000,09:34:02
35210,100,3521000,09:34:02
35210,300,10563000,09:34:02
35210,300,10563000,09:34:02
35210,300,10563000,09:34:02
35210,100,3521000,09:34:01
35200,100,3520000,09:34:00
35210,200,7042000,09:34:00
35200,1100,38720000,09:34:00
35200,200,7040000,09:34:00
35200,100,3520000,09:34:00
35190,100,3519000,09:33:58
35170,300,10551000,09:33:47
35180,100,3518000,09:33:47
35190,100,3519000,09:33:43
35170,200,7034000,09:33:37
35180,100,3518000,09:33:35
35190,100,3519000,09:33:33
35190,100,3519000,09:33:33
35190,100,3519000,09:33:33
35190,300,10557000,09:33:29
35180,100,3518000,09:33:28
35190,100,3519000,09:33:24
35190,100,3519000,09:33:24
35190,100,3519000,09:33:21
35190,100,3519000,09:33:19
35180,100,3518000,09:33:18
35170,100,3517000,09:33:18
35180,100,3518000,09:33:17
35180,100,3518000,09:33:17
35190,100,3519000,09:33:13
35200,100,3520000,09:33:12
35190,100,3519000,09:33:09
35190,200,7038000,09:33:07
35180,100,3518000,09:33:05
35180,200,7036000,09:33:04
35180,100,3518000,09:33:04
35180,100,3518000,09:33:04
35160,100,3516000,09:33:04
35170,100,3517000,09:33:03
35150,100,3515000,09:33:03
35150,100,3515000,09:33:02
35170,100,3517000,09:33:02
35160,100,3516000,09:33:02
35160,100,3516000,09:33:02
35160,100,3516000,09:33:01
35170,100,3517000,09:32:58
35170,100,3517000,09:32:57
35180,100,3518000,09:32:56
35180,300,10554000,09:32:55
35180,200,7036000,09:32:48
35200,100,3520000,09:32:47
35190,100,3519000,09:32:46
35180,100,3518000,09:32:45
35200,100,3520000,09:32:44
35190,200,7038000,09:32:43
35190,100,3519000,09:32:42
35190,100,3519000,09:32:41
35180,100,3518000,09:32:41
35160,100,3516000,09:32:41
35180,100,3518000,09:32:40
35180,200,7036000,09:32:40
35180,200,7036000,09:32:40
35200,100,3520000,09:32:37
35200,100,3520000,09:32:35
35210,100,3521000,09:32:30
35210,100,3521000,09:32:30
35190,100,3519000,09:32:28
35200,100,3520000,09:32:27
35210,100,3521000,09:32:27
35200,100,3520000,09:32:26
35180,100,3518000,09:32:26
35180,100,3518000,09:32:23
35190,100,3519000,09:32:22
35190,100,3519000,09:32:22
35180,100,3518000,09:32:20
35200,100,3520000,09:32:20
35210,400,14084000,09:32:19
35200,2100,73920000,09:32:19
35190,500,17595000,09:32:19
35180,1000,35180000,09:32:19
35170,500,17585000,09:32:19
35160,500,17580000,09:32:19
35160,100,3516000,09:32:18
35180,100,3518000,09:32:15
35180,100,3518000,09:32:15
35180,100,3518000,09:32:15
35180,100,3518000,09:32:15
35180,100,3518000,09:32:15
35170,300,10551000,09:32:14
35160,100,3516000,09:32:10
35150,500,17575000,09:32:09
35170,100,3517000,09:32:06
35170,100,3517000,09:32:03
35180,100,3518000,09:32:03
35170,100,3517000,09:32:03
35160,100,3516000,09:32:01
35150,600,21090000,09:32:01
35160,300,10548000,09:32:01
35170,100,3517000,09:32:01
35170,200,7034000,09:32:00
35180,100,3518000,09:31:58
35180,100,3518000,09:31:57
35170,200,7034000,09:31:57
35170,100,3517000,09:31:57
35170,300,10551000,09:31:57
35170,200,7034000,09:31:57
35160,200,7032000,09:31:55
35150,100,3515000,09:31:49
35150,100,3515000,09:31:49
35150,100,3515000,09:31:48
35150,100,3515000,09:31:48
35150,100,3515000,09:31:48
35150,300,10545000,09:31:47
35150,100,3515000,09:31:47
35150,100,3515000,09:31:47
35150,100,3515000,09:31:47
35150,100,3515000,09:31:47
35140,100,3514000,09:31:46
35140,100,3514000,09:31:46
35130,100,3513000,09:31:43
35130,100,3513000,09:31:41
35130,100,3513000,09:31:37
35120,100,3512000,09:31:37
35140,100,3514000,09:31:30
35130,100,3513000,09:31:30
35120,100,3512000,09:31:28
35120,100,3512000,09:31:28
35110,100,3511000,09:31:25
35120,100,3512000,09:31:25
35140,100,3514000,09:31:18
35130,100,3513000,09:31:17
35130,600,21078000,09:31:17
35120,100,3512000,09:31:15
35100,100,3510000,09:31:13
35100,100,3510000,09:31:12
35100,100,3510000,09:31:12
35100,100,3510000,09:31:12
35100,100,3510000,09:31:12
35090,100,3509000,09:31:10
35090,100,3509000,09:31:08
35090,100,3509000,09:31:08
35080,200,7016000,09:31:00
35090,100,3509000,09:30:59
35090,200,7018000,09:30:57
35100,100,3510000,09:30:53
35100,300,10530000,09:30:53
35120,100,3512000,09:30:51
35100,100,3510000,09:30:50
35110,100,3511000,09:30:47
35100,100,3510000,09:30:45
35120,100,3512000,09:30:41
35110,100,3511000,09:30:39
35130,100,3513000,09:30:36
35120,100,3512000,09:30:35
35120,200,7024000,09:30:35
35100,100,3510000,09:30:32
35090,100,3509000,09:30:28
35100,100,3510000,09:30:26
35110,100,3511000,09:30:25
35100,600,21060000,09:30:25
35070,100,3507000,09:30:23
35090,100,3509000,09:30:19
35070,100,3507000,09:30:10
35080,100,3508000,09:30:08
35080,100,3508000,09:30:04
35080,100,3508000,09:30:00
35080,100,3508000,09:30:00
35080,200,7016000,09:30:00
35090,100,3509000,09:29:55
35100,100,3510000,09:29:54
35090,300,10527000,09:29:50
35080,100,3508000,09:29:50
35070,100,3507000,09:29:49
35080,100,3508000,09:29:47
35080,100,3508000,09:29:43
35060,100,3506000,09:29:43
35060,200,7012000,09:29:39
35070,100,3507000,09:29:37
35080,100,3508000,09:29:35
35080,100,3508000,09:29:35
35080,100,3508000,09:29:34
35050,300,10515000,09:29:32
35060,100,3506000,09:29:32
35060,200,7012000,09:29:29
35070,100,3507000,09:29:26
35070,100,3507000,09:29:25
35060,100,3506000,09:29:24
35050,200,7010000,09:29:24
35030,100,3503000,09:29:22
35040,100,3504000,09:29:21
35040,100,3504000,09:29:20
35010,100,3501000,09:29:20
35040,100,3504000,09:29:20
35030,100,3503000,09:29:19
35020,100,3502000,09:29:19
35010,100,3501000,09:29:19
35000,100,3500000,09:29:18
35000,100,3500000,09:29:14
34980,100,3498000,09:29:14
34990,100,3499000,09:29:11
34980,100,3498000,09:29:11
35000,100,3500000,09:29:06
34980,100,3498000,09:28:59
34950,100,3495000,09:28:58
34960,200,6992000,09:28:57
34970,100,3497000,09:28:57
34970,100,3497000,09:28:57
34990,100,3499000,09:28:54
34990,200,6998000,09:28:53
35000,100,3500000,09:28:52
35000,100,3500000,09:28:52
35000,100,3500000,09:28:52
35000,100,3500000,09:28:48
35000,100,3500000,09:28:48
35000,200,7000000,09:28:48
35000,100,3500000,09:28:48
35000,100,3500000,09:28:48
35000,100,3500000,09:28:48
35000,100,3500000,09:28:44
34990,400,13996000,09:28:44
34960,100,3496000,09:28:41
34960,100,3496000,09:28:38
34960,100,3496000,09:28:35
34940,100,3494000,09:28:35
34940,100,3494000,09:28:34
34960,100,3496000,09:28:27
34950,200,6990000,09:28:27
34950,400,13980000,09:28:22
34960,100,3496000,09:28:21
34960,100,3496000,09:28:21
34960,100,3496000,09:28:20
34970,100,3497000,09:28:17
34970,100,3497000,09:28:12
34970,100,3497000,09:28:08
34970,100,3497000,09:28:06
34960,300,10488000,09:28:05
34960,100,3496000,09:28:05
34940,100,3494000,09:28:05
34930,100,3493000,09:28:03
34920,100,3492000,09:28:03
34930,100,3493000,09:28:03
34920,100,3492000,09:28:02
34920,100,3492000,09:28:01
34910,100,3491000,09:28:01
34920,100,3492000,09:28:00
34920,100,3492000,09:28:00
34930,100,3493000,09:28:00
34920,100,3492000,09:27:59
34930,100,3493000,09:27:55
34940,100,3494000,09:27:55
34940,100,3494000,09:27:54
34940,100,3494000,09:27:54
34950,100,3495000,09:27:49
34960,100,3496000,09:27:48
34950,100,3495000,09:27:48
34950,100,3495000,09:27:45
34950,200,6990000,09:27:44
34950,100,3495000,09:27:43
34960,100,3496000,09:27:41
34980,100,3498000,09:27:40
34970,300,10491000,09:27:38
34970,100,3497000,09:27:38
34940,100,3494000,09:27:37
34950,300,10485000,09:27:36
34950,100,3495000,09:27:36
34960,500,17480000,09:27:36
34960,100,3496000,09:27:36
34970,100,3497000,09:27:35
34970,100,3497000,09:27:33
34980,100,3498000,09:27:33
34970,200,6994000,09:27:32
34970,100,3497000,09:27:32
34970,100,3497000,09:27:32
34980,100,3498000,09:27:31
34970,200,6994000,09:27:28
34970,100,3497000,09:27:27
34970,100,3497000,09:27:27
34970,500,17485000,09:27:26
34980,100,3498000,09:27:26
34980,100,3498000,09:27:26
34980,100,3498000,09:27:26
34980,100,3498000,09:27:26
34980,200,6996000,09:27:26
34990,200,6998000,09:27:26
35000,1500,52500000,09:27:26
35030,100,3503000,09:27:24
35030,100,3503000,09:27:15
35020,100,3502000,09:27:14
35010,100,3501000,09:27:13
35020,200,7004000,09:27:12
35020,200,7004000,09:27:12
35030,200,7006000,09:27:12
35070,100,3507000,09:27:09
35050,100,3505000,09:27:08
35050,100,3505000,09:27:08
35050,100,3505000,09:27:08
35060,100,3506000,09:27:07
35070,100,3507000,09:27:07
35080,100,3508000,09:27:02
35080,100,3508000,09:26:59
35080,100,3508000,09:26:58
35080,100,3508000,09:26:58
35070,400,14028000,09:26:57
35060,100,3506000,09:26:55
35050,200,7010000,09:26:53
35050,100,3505000,09:26:53
35060,100,3506000,09:26:53
35070,100,3507000,09:26:42
35060,100,3506000,09:26:41
35060,200,7012000,09:26:41
35070,100,3507000,09:26:40
35070,100,3507000,09:26:39
35050,100,3505000,09:26:30
35050,100,3505000,09:26:28
35060,100,3506000,09:26:28
35060,100,3506000,09:26:27
35060,100,3506000,09:26:24
35060,100,3506000,09:26:24
35040,100,3504000,09:26:22
35030,100,3503000,09:26:15
35050,100,3505000,09:26:15
35040,100,3504000,09:26:14
35040,100,3504000,09:26:14
35050,300,10515000,09:26:14
35050,100,3505000,09:26:14
35060,100,3506000,09:26:11
35060,200,7012000,09:26:11
35080,100,3508000,09:26:10
35070,100,3507000,09:26:09
35080,100,3508000,09:26:09
35070,200,7014000,09:26:08
35080,500,17540000,09:26:07
35090,100,3509000,09:26:05
35090,100,3509000,09:26:05
35090,100,3509000,09:26:04
35100,300,10530000,09:26:04
35100,100,3510000,09:26:04
35100,100,3510000,09:26:04
35110,300,10533000,09:25:59
35110,100,3511000,09:25:59
35120,100,3512000,09:25:58
35130,100,3513000,09:25:57
35120,100,3512000,09:25:57
35120,100,3512000,09:25:54
35120,300,10536000,09:25:51
35130,200,7026000,09:25:51
35140,200,7028000,09:25:49
35130,100,3513000,09:25:47
35140,100,3514000,09:25:47
35150,100,3515000,09:25:43
35140,100,3514000,09:25:43
35140,100,3514000,09:25:42
35150,100,3515000,09:25:37
35150,100,3515000,09:25:37
35140,100,3514000,09:25:36
35120,100,3512000,09:25:34
35130,200,7026000,09:25:31
35140,100,3514000,09:25:29
35130,300,10539000,09:25:27
35130,100,3513000,09:25:27
35140,100,3514000,09:25:26
35140,200,7028000,09:25:26
35150,100,3515000,09:25:24
35150,100,3515000,09:25:24
35130,100,3513000,09:25:24
35140,100,3514000,09:25:19
35150,100,3515000,09:25:12
35160,100,3516000,09:25:08
35160,100,3516000,09:25:05
35170,100,3517000,09:25:04
35170,100,3517000,09:25:04
35160,100,3516000,09:25:01
35120,100,3512000,09:25:00
35150,100,3515000,09:24:56
35140,200,7028000,09:24:53
35140,100,3514000,09:24:53
35150,100,3515000,09:24:53
35150,100,3515000,09:24:51
35150,100,3515000,09:24:48
35150,100,3515000,09:24:47
35150,100,3515000,09:24:45
35160,100,3516000,09:24:44
35170,200,7034000,09:24:42
35180,100,3518000,09:24:42
35180,100,3518000,09:24:42
35190,800,28152000,09:24:42
35210,100,3521000,09:24:38
35210,100,3521000,09:24:37
35210,100,3521000,09:24:37
35210,100,3521000,09:24:36
35200,100,3520000,09:24:35
35200,200,7040000,09:24:35
35200,100,3520000,09:24:32
35200,100,3520000,09:24:32
35200,200,7040000,09:24:32
35200,300,10560000,09:24:32
35200,500,17600000,09:24:32
35200,200,7040000,09:24:32
35190,700,24633000,09:24:32
35190,100,3519000,09:24:30
35190,100,3519000,09:24:29
35190,100,3519000,09:24:28
35190,300,10557000,09:24:28
35190,100,3519000,09:24:26
35200,100,3520000,09:24:26
35190,100,3519000,09:24:26
35190,200,7038000,09:24:25
35200,100,3520000,09:24:25
35190,100,3519000,09:24:24
35190,200,7038000,09:24:24
35180,100,3518000,09:24:24
35170,100,3517000,09:24:24
35180,100,3518000,09:24:23
35180,100,3518000,09:24:23
35180,100,3518000,09:24:23
35170,200,7034000,09:24:22
35170,100,3517000,09:24:22
35170,200,7034000,09:24:22
35170,200,7034000,09:24:22
35160,100,3516000,09:24:21
35160,100,3516000,09:24:21
35150,800,28120000,09:24:21
35140,100,3514000,09:24:20
35120,200,7024000,09:24:19
35130,100,3513000,09:24:19
35130,100,3513000,09:24:19
35130,100,3513000,09:24:19
35120,100,3512000,09:24:19
35110,500,17555000,09:24:19
35100,100,3510000,09:24:15
35090,200,7018000,09:24:14
35080,100,3508000,09:24:13
35060,100,3506000,09:24:11
35070,100,3507000,09:24:09
35080,100,3508000,09:24:07
35080,100,3508000,09:24:07
35090,100,3509000,09:24:07
35110,100,3511000,09:24:06
35100,100,3510000,09:24:06
35110,100,3511000,09:24:02
35110,100,3511000,09:24:02
35120,100,3512000,09:23:59
35120,100,3512000,09:23:52
35110,100,3511000,09:23:52
35130,100,3513000,09:23:51
35120,100,3512000,09:23:49
35130,100,3513000,09:23:48
35120,100,3512000,09:23:47
35100,100,3510000,09:23:47
35110,100,3511000,09:23:47
35110,100,3511000,09:23:47
35100,400,14040000,09:23:46
35090,300,10527000,09:23:46
35080,200,7016000,09:23:46
35070,500,17535000,09:23:46
35060,100,3506000,09:23:46
35070,100,3507000,09:23:40
35070,100,3507000,09:23:39
35060,300,10518000,09:23:39
35060,100,3506000,09:23:39
35060,100,3506000,09:23:39
35050,100,3505000,09:23:39
35050,100,3505000,09:23:39
35030,100,3503000,09:23:38
35030,100,3503000,09:23:38
35040,100,3504000,09:23:38
35030,100,3503000,09:23:36
35030,300,10509000,09:23:35
35020,100,3502000,09:23:29
35020,200,7004000,09:23:29
35030,100,3503000,09:23:27
35030,100,3503000,09:23:26
35040,100,3504000,09:23:25
35050,100,3505000,09:23:25
35050,100,3505000,09:23:24
35050,100,3505000,09:23:23
35050,100,3505000,09:23:21
35050,400,14020000,09:23:19
35040,100,3504000,09:23:17
35040,100,3504000,09:23:17
35040,100,3504000,09:23:17
35030,100,3503000,09:23:15
35030,100,3503000,09:23:15
35020,100,3502000,09:23:13
35030,100,3503000,09:23:09
35020,100,3502000,09:23:08
35030,100,3503000,09:23:05
35030,100,3503000,09:23:05
35020,100,3502000,09:22:58
35040,100,3504000,09:22:54
35040,100,3504000,09:22:54
35050,200,7010000,09:22:52
35050,100,3505000,09:22:52
35050,100,3505000,09:22:47
35040,100,3504000,09:22:47
35040,100,3504000,09:22:46
35030,100,3503000,09:22:41
35020,100,3502000,09:22:40
35020,100,3502000,09:22:40
35020,100,3502000,09:22:39
35030,100,3503000,09:22:38
35020,100,3502000,09:22:38
35020,100,3502000,09:22:38
35000,100,3500000,09:22:37
35000,100,3500000,09:22:37
35000,100,3500000,09:22:37
35000,100,3500000,09:22:37
35000,100,3500000,09:22:37
35000,100,3500000,09:22:37
34990,200,6998000,09:22:36
34990,100,3499000,09:22:36
34990,100,3499000,09:22:36
34990,100,3499000,09:22:36
34980,100,3498000,09:22:36
34980,100,3498000,09:22:36
34980,100,3498000,09:22:36
34970,300,10491000,09:22:35
34960,100,3496000,09:22:33
34950,200,6990000,09:22:32
34940,100,3494000,09:22:32
34940,100,3494000,09:22:29
34940,100,3494000,09:22:25
34950,100,3495000,09:22:24
34960,100,3496000,09:22:22
34960,200,6992000,09:22:21
34950,200,6990000,09:22:21
34940,200,6988000,09:22:16
34930,100,3493000,09:22:14
34920,300,10476000,09:22:14
34910,100,3491000,09:22:14
34900,100,3490000,09:22:14
34900,100,3490000,09:22:12
34900,100,3490000,09:22:12
34910,100,3491000,09:22:08
34910,100,3491000,09:22:07
34920,100,3492000,09:22:04
34910,100,3491000,09:22:03
34920,100,3492000,09:22:02
34930,100,3493000,09:22:01
34910,100,3491000,09:21:59
34920,100,3492000,09:21:58
34920,100,3492000,09:21:58
34920,100,3492000,09:21:58
34930,200,6986000,09:21:57
34930,100,3493000,09:21:57
34930,100,3493000,09:21:57
34940,100,3494000,09:21:55
34950,100,3495000,09:21:52
34950,100,3495000,09:21:52
34940,100,3494000,09:21:47
34940,100,3494000,09:21:47
34940,100,3494000,09:21:47
34950,100,3495000,09:21:46
34980,100,3498000,09:21:42
34970,200,6994000,09:21:40
34990,100,3499000,09:21:36
34990,100,3499000,09:21:32
34980,100,3498000,09:21:31
34980,300,10494000,09:21:31
34970,100,3497000,09:21:29
34970,100,3497000,09:21:28
34950,100,3495000,09:21:27
34960,100,3496000,09:21:26
34970,100,3497000,09:21:24
34970,100,3497000,09:21:24
34950,300,10485000,09:21:23
34970,200,6994000,09:21:20
34960,200,6992000,09:21:20
34940,100,3494000,09:21:19
34950,100,3495000,09:21:19
34930,100,3493000,09:21:18
34910,100,3491000,09:21:17
34930,100,3493000,09:21:17
34920,100,3492000,09:21:16
34920,100,3492000,09:21:16
34920,200,6984000,09:21:16
34910,100,3491000,09:21:16
34910,300,10473000,09:21:15
34890,100,3489000,09:21:15
34890,100,3489000,09:21:15
34880,100,3488000,09:21:14
34890,100,3489000,09:21:14
34890,100,3489000,09:21:14
34880,100,3488000,09:21:14
34890,100,3489000,09:21:14
34890,100,3489000,09:21:14
34900,1100,38390000,09:21:14
34910,500,17455000,09:21:13
34920,100,3492000,09:21:12
34930,300,10479000,09:21:11
34940,100,3494000,09:21:11
34940,100,3494000,09:21:11
34940,100,3494000,09:21:11
34940,100,3494000,09:21:10
34950,100,3495000,09:21:09
34950,200,6990000,09:21:09
34950,100,3495000,09:21:09
34960,100,3496000,09:21:08
34970,100,3497000,09:21:08
34960,200,6992000,09:21:07
34960,100,3496000,09:21:07
34960,100,3496000,09:21:07
34960,100,3496000,09:21:06
34980,100,3498000,09:21:03
34980,300,10494000,09:21:02
34970,400,13988000,09:21:02
34970,100,3497000,09:21:02
34980,100,3498000,09:21:01
34970,100,3497000,09:21:00
34980,100,3498000,09:20:59
34970,100,3497000,09:20:58
34970,100,3497000,09:20:58
34960,200,6992000,09:20:58
34970,100,3497000,09:20:56
34990,100,3499000,09:20:56
34980,100,3498000,09:20:56
34980,100,3498000,09:20:56
35000,100,3500000,09:20:55
35000,100,3500000,09:20:55
35000,500,17500000,09:20:54
35010,200,7002000,09:20:53
35010,100,3501000,09:20:53
34990,100,3499000,09:20:51
35000,100,3500000,09:20:49
34990,100,3499000,09:20:47
34990,100,3499000,09:20:46
35000,100,3500000,09:20:45
35000,100,3500000,09:20:45
35000,400,14000000,09:20:45
35000,400,14000000,09:20:45
35000,400,14000000,09:20:45
35000,100,3500000,09:20:45
35000,100,3500000,09:20:45
35010,100,3501000,09:20:44
35010,700,24507000,09:20:44
35020,400,14008000,09:20:41
35020,100,3502000,09:20:41
35020,100,3502000,09:20:41
35030,100,3503000,09:20:39
35030,100,3503000,09:20:39
35040,100,3504000,09:20:38
35040,200,7008000,09:20:38
35040,100,3504000,09:20:38
35050,1200,42060000,09:20:38
35060,100,3506000,09:20:36
35060,100,3506000,09:20:35
35060,100,3506000,09:20:33
35070,100,3507000,09:20:29
35050,100,3505000,09:20:26
35060,200,7012000,09:20:26
35060,200,7012000,09:20:26
35060,100,3506000,09:20:25
35070,100,3507000,09:20:25
35070,100,3507000,09:20:25
35070,100,3507000,09:20:25
35070,100,3507000,09:20:25
35070,100,3507000,09:20:25
35080,300,10524000,09:20:25
35100,100,3510000,09:20:21
35100,100,3510000,09:20:20
35100,100,3510000,09:20:20
35090,100,3509000,09:20:20
35080,200,7016000,09:20:19
35080,100,3508000,09:20:19
35100,200,7020000,09:20:09
35110,100,3511000,09:20:09
35120,100,3512000,09:20:08
35110,100,3511000,09:20:06
35130,100,3513000,09:20:04
35120,100,3512000,09:20:03
35090,100,3509000,09:20:02
35100,100,3510000,09:20:02
35090,100,3509000,09:20:02
35080,300,10524000,09:20:01
35090,200,7018000,09:20:00
35100,500,17550000,09:20:00
35120,300,10536000,09:19:59
35130,400,14052000,09:19:52
35130,100,3513000,09:19:52
35140,100,3514000,09:19:49
35150,100,3515000,09:19:46
35150,100,3515000,09:19:45
35150,100,3515000,09:19:44
35150,100,3515000,09:19:43
35150,100,3515000,09:19:39
35150,100,3515000,09:19:39
35150,100,3515000,09:19:38
35130,100,3513000,09:19:36
35140,100,3514000,09:19:35
35130,100,3513000,09:19:34
35140,100,3514000,09:19:28
35130,100,3513000,09:19:26
35150,100,3515000,09:19:23
35150,100,3515000,09:19:19
35150,100,3515000,09:19:19
35170,100,3517000,09:19:16
35180,100,3518000,09:19:16
35180,200,7036000,09:19:15
35170,100,3517000,09:19:15
35160,100,3516000,09:19:14
35150,100,3515000,09:19:11
35160,100,3516000,09:19:11
35160,100,3516000,09:19:11
35170,200,7034000,09:19:11
35180,100,3518000,09:19:07
35180,100,3518000,09:19:06
35170,100,3517000,09:19:03
35180,200,7036000,09:19:03
35190,200,7038000,09:19:02
35180,100,3518000,09:18:59
35180,100,3518000,09:18:59
35160,100,3516000,09:18:58
35160,100,3516000,09:18:58
35150,100,3515000,09:18:57
35150,300,10545000,09:18:55
35130,100,3513000,09:18:54
35130,100,3513000,09:18:53
35120,100,3512000,09:18:51
35120,100,3512000,09:18:50
35140,100,3514000,09:18:50
35130,100,3513000,09:18:49
35120,200,7024000,09:18:49
35110,100,3511000,09:18:48
35100,100,3510000,09:18:46
35090,100,3509000,09:18:45
35090,100,3509000,09:18:45
35080,100,3508000,09:18:44
35070,100,3507000,09:18:43
35070,100,3507000,09:18:43
35070,100,3507000,09:18:41
35080,100,3508000,09:18:38
35070,100,3507000,09:18:37
35060,100,3506000,09:18:37
35050,200,7010000,09:18:37
35040,100,3504000,09:18:36
35040,100,3504000,09:18:36
35030,100,3503000,09:18:34
35020,200,7004000,09:18:34
35030,100,3503000,09:18:34
35030,100,3503000,09:18:34
35020,100,3502000,09:18:33
35000,100,3500000,09:18:30
35010,300,10503000,09:18:30
35010,100,3501000,09:18:30
35020,500,17510000,09:18:28
35030,100,3503000,09:18:24
35030,100,3503000,09:18:24
35030,100,3503000,09:18:23
35040,200,7008000,09:18:23
35050,100,3505000,09:18:20
35050,100,3505000,09:18:20
35050,100,3505000,09:18:20
35050,800,28040000,09:18:20
35070,100,3507000,09:18:18
35070,100,3507000,09:18:18
35080,100,3508000,09:18:18
35080,100,3508000,09:18:18
35090,300,10527000,09:18:18
35100,100,3510000,09:18:15
35110,100,3511000,09:18:11
35080,100,3508000,09:18:08
35090,100,3509000,09:18:08
35090,100,3509000,09:18:08
35120,100,3512000,09:18:06
35110,100,3511000,09:18:06
35090,100,3509000,09:18:06
35080,100,3508000,09:18:05
35070,100,3507000,09:18:05
35070,200,7014000,09:18:04
35080,900,31572000,09:18:04
35090,100,3509000,09:18:02
35090,100,3509000,09:18:02
35110,200,7022000,09:17:58
35120,300,10536000,09:17:58
35110,100,3511000,09:17:57
35090,400,14036000,09:17:56
35100,200,7020000,09:17:56
35110,200,7022000,09:17:56
35110,100,3511000,09:17:55
35100,100,3510000,09:17:55
35100,700,24570000,09:17:55
35100,100,3510000,09:17:55
35100,100,3510000,09:17:55
35110,300,10533000,09:17:55
35110,100,3511000,09:17:55
35110,600,21066000,09:17:55
35110,100,3511000,09:17:55
35110,300,10533000,09:17:55
35120,300,10536000,09:17:55
35130,700,24591000,09:17:55
35140,100,3514000,09:17:55
35150,100,3515000,09:17:54
35160,100,3516000,09:17:54
35180,100,3518000,09:17:53
35150,100,3515000,09:17:52
35150,800,28120000,09:17:50
35160,100,3516000,09:17:50
35180,100,3518000,09:17:47
35180,200,7036000,09:17:46
35190,100,3519000,09:17:44
35180,200,7036000,09:17:42
35180,100,3518000,09:17:40
35160,100,3516000,09:17:39
35170,100,3517000,09:17:38
35180,100,3518000,09:17:36
35160,200,7032000,09:17:33
35170,200,7034000,09:17:33
35170,100,3517000,09:17:31
35150,100,3515000,09:17:30
35150,100,3515000,09:17:28
35160,100,3516000,09:17:26
35150,100,3515000,09:17:25
35170,100,3517000,09:17:22
35160,100,3516000,09:17:22
35160,100,3516000,09:17:19
35160,100,3516000,09:17:19
35150,100,3515000,09:17:19
35140,100,3514000,09:17:18
35140,100,3514000,09:17:18
35120,100,3512000,09:17:14
35130,100,3513000,09:17:14
35120,100,3512000,09:17:13
35130,100,3513000,09:17:13
35120,200,7024000,09:17:13
35130,100,3513000,09:17:11
35150,100,3515000,09:17:09
35130,300,10539000,09:17:09
35140,700,24598000,09:17:09
35190,100,3519000,09:17:05
35170,100,3517000,09:17:05
35180,200,7036000,09:17:04
35180,100,3518000,09:17:04
35160,100,3516000,09:17:03
35160,100,3516000,09:17:03
35150,100,3515000,09:17:03
35150,100,3515000,09:17:03
35130,100,3513000,09:17:03
35140,100,3514000,09:17:02
35140,100,3514000,09:17:02
35120,100,3512000,09:17:00
35140,200,7028000,09:17:00
35120,100,3512000,09:16:58
35150,100,3515000,09:16:57
35160,100,3516000,09:16:57
35130,100,3513000,09:16:56
35150,100,3515000,09:16:55
35130,100,3513000,09:16:53
35130,100,3513000,09:16:53
35130,100,3513000,09:16:53
35130,100,3513000,09:16:53
35110,100,3511000,09:16:52
35120,100,3512000,09:16:52
35110,100,3511000,09:16:51
35100,700,24570000,09:16:50
35110,200,7022000,09:16:50
35130,100,3513000,09:16:48
35120,100,3512000,09:16:48
35130,100,3513000,09:16:46
35130,200,7026000,09:16:46
35120,100,3512000,09:16:46
35130,500,17565000,09:16:46
35120,200,7024000,09:16:46
35130,100,3513000,09:16:45
35140,100,3514000,09:16:45
35140,100,3514000,09:16:45
35130,100,3513000,09:16:45
35120,100,3512000,09:16:45
35120,100,3512000,09:16:45
35130,100,3513000,09:16:43
35130,100,3513000,09:16:43
35130,100,3513000,09:16:43
35130,200,7026000,09:16:43
35130,100,3513000,09:16:43
35140,100,3514000,09:16:42
35150,900,31635000,09:16:42
35150,100,3515000,09:16:42
35180,100,3518000,09:16:41
35170,100,3517000,09:16:41
35180,100,3518000,09:16:41
35170,100,3517000,09:16:41
35170,100,3517000,09:16:41
35180,100,3518000,09:16:40
35190,100,3519000,09:16:39
35180,100,3518000,09:16:39
35200,100,3520000,09:16:38
35200,100,3520000,09:16:38
35220,100,3522000,09:16:37
35230,100,3523000,09:16:36
35230,200,7046000,09:16:35
35240,100,3524000,09:16:34
35250,100,3525000,09:16:34
35260,200,7052000,09:16:33
35270,100,3527000,09:16:32
35270,100,3527000,09:16:32
35270,100,3527000,09:16:31
35270,100,3527000,09:16:31
35280,100,3528000,09:16:30
35290,100,3529000,09:16:30
35290,100,3529000,09:16:28
35290,100,3529000,09:16:28
35300,100,3530000,09:16:25
35310,100,3531000,09:16:24
35330,100,3533000,09:16:24
35330,100,3533000,09:16:23
35330,100,3533000,09:16:23
35320,100,3532000,09:16:23
35300,300,10590000,09:16:22
35310,100,3531000,09:16:22
35310,100,3531000,09:16:22
35300,200,7060000,09:16:21
35310,300,10593000,09:16:20
35330,100,3533000,09:16:18
35330,100,3533000,09:16:18
35330,100,3533000,09:16:18
35340,100,3534000,09:16:16
35340,100,3534000,09:16:15
35330,100,3533000,09:16:13
35330,100,3533000,09:16:13
35320,100,3532000,09:16:13
35320,100,3532000,09:16:13
35310,100,3531000,09:16:13
35320,100,3532000,09:16:12
35320,100,3532000,09:16:11
35310,100,3531000,09:16:11
35310,100,3531000,09:16:11
35320,200,7064000,09:16:10
35320,200,7064000,09:16:10
35330,100,3533000,09:16:10
35330,100,3533000,09:16:08
35340,100,3534000,09:16:08
35340,100,3534000,09:16:07
35350,100,3535000,09:16:07
35350,100,3535000,09:16:07
35340,100,3534000,09:16:06
35320,100,3532000,09:16:06
35330,300,10599000,09:16:06
35330,600,21198000,09:16:06
35340,1000,35340000,09:16:06
35360,100,3536000,09:16:04
35350,100,3535000,09:15:59
35350,900,31815000,09:15:59
35370,100,3537000,09:15:57
35370,100,3537000,09:15:57
35380,100,3538000,09:15:54
35350,100,3535000,09:15:53
35350,100,3535000,09:15:52
35360,100,3536000,09:15:52
35370,100,3537000,09:15:52
35380,100,3538000,09:15:47
35370,200,7074000,09:15:46
35370,100,3537000,09:15:46
35390,100,3539000,09:15:45
35370,100,3537000,09:15:44
35390,100,3539000,09:15:44
35390,100,3539000,09:15:44
35380,100,3538000,09:15:44
35390,100,3539000,09:15:43
35390,100,3539000,09:15:39
35410,100,3541000,09:15:38
35390,100,3539000,09:15:38
35380,100,3538000,09:15:35
35380,100,3538000,09:15:35
35400,100,3540000,09:15:35
35400,300,10620000,09:15:34
35400,100,3540000,09:15:34
35400,100,3540000,09:15:34
35380,100,3538000,09:15:32
35390,100,3539000,09:15:32
35370,100,3537000,09:15:31
35350,100,3535000,09:15:30
35360,100,3536000,09:15:30
35350,100,3535000,09:15:29
35370,100,3537000,09:15:29
35360,200,7072000,09:15:29
35360,100,3536000,09:15:29
35370,100,3537000,09:15:28
35370,100,3537000,09:15:28
35380,100,3538000,09:15:27
35380,100,3538000,09:15:27
35380,200,7076000,09:15:27
35390,100,3539000,09:15:25
35390,100,3539000,09:15:25
35360,100,3536000,09:15:24
35370,100,3537000,09:15:24
35380,300,10614000,09:15:24
35380,100,3538000,09:15:24
35370,100,3537000,09:15:23
35380,100,3538000,09:15:21
35370,100,3537000,09:15:20
35360,100,3536000,09:15:20
35380,200,7076000,09:15:20
35370,200,7074000,09:15:20
35380,200,7076000,09:15:20
35390,200,7078000,09:15:20
35390,800,28312000,09:15:20
35400,200,7080000,09:15:20
35410,100,3541000,09:15:20
35430,200,7086000,09:15:19
35420,300,10626000,09:15:19
35410,200,7082000,09:15:19
35400,200,7080000,09:15:18
35400,100,3540000,09:15:18
35390,100,3539000,09:15:18
35400,100,3540000,09:15:17
35400,100,3540000,09:15:17
35390,100,3539000,09:15:17
35390,100,3539000,09:15:17
35380,100,3538000,09:15:16
35390,100,3539000,09:15:16
35390,100,3539000,09:15:15
35380,100,3538000,09:15:12
35380,100,3538000,09:15:12
35370,100,3537000,09:15:12
35360,100,3536000,09:15:12
35370,100,3537000,09:15:10
35370,100,3537000,09:15:09
35380,100,3538000,09:15:08
35400,100,3540000,09:15:08
35420,100,3542000,09:15:08
35410,100,3541000,09:15:08
35390,900,31851000,09:15:07
35420,100,3542000,09:15:07
35420,100,3542000,09:15:07
35420,100,3542000,09:15:07
35420,100,3542000,09:15:07
35420,200,7084000,09:15:07
35420,100,3542000,09:15:07
35410,200,7082000,09:15:07
35410,200,7082000,09:15:07
35420,100,3542000,09:15:07
35420,100,3542000,09:15:07
35420,100,3542000,09:15:07
35430,600,21258000,09:15:07
35420,300,10626000,09:15:07
35420,400,14168000,09:15:07
35420,100,3542000,09:15:07
35420,100,3542000,09:15:07
35410,100,3541000,09:15:07
35410,100,3541000,09:15:07
35410,300,10623000,09:15:07
35400,6000,212400000,09:15:06
35390,600,21234000,09:15:06
35380,500,17690000,09:15:06
35380,200,7076000,09:15:06
35370,100,3537000,09:15:06
35370,100,3537000,09:15:06
35360,400,14144000,09:15:06
35350,200,7070000,09:15:06
35350,300,10605000,09:15:06
35350,1200,42420000,09:15:06
35340,1000,35340000,09:15:06
35330,1000,35330000,09:15:06
35320,300,10596000,09:15:05
35320,100,3532000,09:15:05
35310,1400,49434000,09:15:05
35300,700,24710000,09:15:05
35300,1400,49420000,09:15:05
35300,100,3530000,09:15:05
35300,200,7060000,09:15:05
35300,100,3530000,09:15:05
35300,100,3530000,09:15:05
35300,100,3530000,09:15:04
35300,200,7060000,09:15:04
35290,100,3529000,09:15:04
35290,100,3529000,09:15:04
35290,100,3529000,09:15:04
35270,100,3527000,09:15:04
35290,200,7058000,09:15:04
35270,200,7054000,09:15:03
35280,100,3528000,09:15:03
35280,100,3528000,09:15:03
35290,100,3529000,09:15:03
35300,100,3530000,09:15:03
35300,200,7060000,09:15:03
35290,600,21174000,09:15:03
35280,1000,35280000,09:15:03
35270,200,7054000,09:15:02
35270,200,7054000,09:15:02
35270,100,3527000,09:15:01
35270,200,7054000,09:15:01
35260,200,7052000,09:15:01
35270,100,3527000,09:15:01
35270,200,7054000,09:15:01
35270,300,10581000,09:15:01
35260,900,31734000,09:15:01
35250,2100,74025000,09:15:01
35240,700,24668000,09:15:01
35240,100,3524000,09:15:01
35230,600,21138000,09:15:01
35220,500,17610000,09:15:01
35210,100,3521000,09:15:01
35200,200,7040000,09:15:01
35210,100,3521000,09:14:55
35220,100,3522000,09:14:52
35220,300,10566000,09:14:52
35210,100,3521000,09:14:52
35210,100,3521000,09:14:52
35190,100,3519000,09:14:50
35200,100,3520000,09:14:50
35190,100,3519000,09:14:49
35190,100,3519000,09:14:46
35190,200,7038000,09:14:46
35150,100,3515000,09:14:43
35170,100,3517000,09:14:41
35150,100,3515000,09:14:38
35150,100,3515000,09:14:37
35160,300,10548000,09:14:37
35170,100,3517000,09:14:35
35180,100,3518000,09:14:35
35170,100,3517000,09:14:35
35180,100,3518000,09:14:35
35180,300,10554000,09:14:35
35180,200,7036000,09:14:35
35180,500,17590000,09:14:34
35190,100,3519000,09:14:33
35190,100,3519000,09:14:33
35210,100,3521000,09:14:31
35200,400,14080000,09:14:29
35200,300,10560000,09:14:29
35200,100,3520000,09:14:29
35210,100,3521000,09:14:29
35220,100,3522000,09:14:21
35220,100,3522000,09:14:20
35210,100,3521000,09:14:19
35220,200,7044000,09:14:19
35210,100,3521000,09:14:19
35200,100,3520000,09:14:14
35200,100,3520000,09:14:12
35210,100,3521000,09:14:11
35210,100,3521000,09:14:11
35200,100,3520000,09:14:10
35200,100,3520000,09:14:10
35200,400,14080000,09:14:07
35210,200,7042000,09:14:07
35210,100,3521000,09:14:07
35200,100,3520000,09:14:05
35210,100,3521000,09:14:00
35210,100,3521000,09:14:00
35200,100,3520000,09:13:58
35210,100,3521000,09:13:55
35200,100,3520000,09:13:54
35180,100,3518000,09:13:53
35200,100,3520000,09:13:53
35200,100,3520000,09:13:53
35200,500,17600000,09:13:53
35200,600,21120000,09:13:53
35210,200,7042000,09:13:53
35200,200,7040000,09:13:52
35210,100,3521000,09:13:52
35210,100,3521000,09:13:51
35210,100,3521000,09:13:48
35210,100,3521000,09:13:45
35210,100,3521000,09:13:45
35210,100,3521000,09:13:44
35210,100,3521000,09:13:43
35210,300,10563000,09:13:43
35200,200,7040000,09:13:43
35200,1800,63360000,09:13:43
35190,600,21114000,09:13:43
35180,200,7036000,09:13:39
35180,100,3518000,09:13:39
35160,100,3516000,09:13:34
35160,100,3516000,09:13:33
35170,100,3517000,09:13:30
35170,300,10551000,09:13:23
35170,100,3517000,09:13:23
35190,100,3519000,09:13:22
35190,100,3519000,09:13:22
35180,100,3518000,09:13:22
35190,100,3519000,09:13:16
35170,100,3517000,09:13:16
35180,200,7036000,09:13:14
35180,100,3518000,09:13:14
35190,100,3519000,09:13:10
35180,100,3518000,09:13:10
35170,100,3517000,09:13:07
35160,100,3516000,09:13:04
35160,200,7032000,09:13:03
35180,200,7036000,09:13:02
35180,100,3518000,09:13:02
35170,100,3517000,09:13:01
35180,100,3518000,09:12:59
35160,100,3516000,09:12:56
35150,100,3515000,09:12:55
35150,100,3515000,09:12:55
35150,100,3515000,09:12:55
35160,300,10548000,09:12:54
35170,100,3517000,09:12:53
35170,100,3517000,09:12:52
35190,200,7038000,09:12:48
35180,500,17590000,09:12:48
35170,100,3517000,09:12:48
35170,100,3517000,09:12:48
35170,100,3517000,09:12:46
35170,100,3517000,09:12:42
35170,100,3517000,09:12:41
35170,100,3517000,09:12:37
35160,100,3516000,09:12:37
35170,100,3517000,09:12:31
35160,100,3516000,09:12:28
35160,100,3516000,09:12:27
35170,100,3517000,09:12:27
35180,100,3518000,09:12:24
35180,100,3518000,09:12:24
35180,100,3518000,09:12:24
35150,100,3515000,09:12:22
35170,100,3517000,09:12:21
35170,200,7034000,09:12:21
35170,100,3517000,09:12:19
35160,100,3516000,09:12:19
35150,300,10545000,09:12:19
35140,100,3514000,09:12:16
35140,100,3514000,09:12:16
35130,100,3513000,09:12:15
35130,200,7026000,09:12:11
35130,100,3513000,09:12:11
35120,100,3512000,09:12:08
35120,200,7024000,09:12:08
35130,100,3513000,09:12:04
35120,100,3512000,09:12:02
35130,100,3513000,09:11:58
35110,300,10533000,09:11:57
35130,300,10539000,09:11:53
35130,100,3513000,09:11:52
35120,200,7024000,09:11:49
35120,100,3512000,09:11:47
35110,100,3511000,09:11:46
35120,100,3512000,09:11:46
35110,100,3511000,09:11:45
35110,100,3511000,09:11:45
35110,100,3511000,09:11:45
35120,300,10536000,09:11:45
35140,500,17570000,09:11:44
35150,100,3515000,09:11:43
35150,100,3515000,09:11:43
35170,100,3517000,09:11:39
35150,200,7030000,09:11:38
35160,100,3516000,09:11:37
35160,100,3516000,09:11:37
35180,100,3518000,09:11:32
35170,200,7034000,09:11:32
35170,100,3517000,09:11:32
35150,100,3515000,09:11:27
35170,100,3517000,09:11:27
35170,100,3517000,09:11:26
35170,100,3517000,09:11:26
35180,300,10554000,09:11:24
35170,100,3517000,09:11:24
35170,100,3517000,09:11:22
35160,100,3516000,09:11:20
35140,100,3514000,09:11:19
35150,100,3515000,09:11:18
35150,100,3515000,09:11:18
35160,100,3516000,09:11:17
35160,100,3516000,09:11:14
35150,600,21090000,09:11:14
35140,100,3514000,09:11:13
35140,300,10542000,09:11:09
35140,200,7028000,09:11:08
35130,200,7026000,09:11:08
35110,100,3511000,09:11:08
35110,100,3511000,09:11:08
35120,100,3512000,09:11:07
35120,100,3512000,09:11:05
35130,100,3513000,09:11:04
35130,100,3513000,09:11:01
35120,100,3512000,09:11:00
35120,100,3512000,09:11:00
35100,100,3510000,09:11:00
35110,100,3511000,09:10:59
35110,100,3511000,09:10:59
35100,200,7020000,09:10:59
35100,100,3510000,09:10:59
35100,100,3510000,09:10:54
35110,100,3511000,09:10:53
35100,100,3510000,09:10:44
35120,100,3512000,09:10:43
35120,100,3512000,09:10:39
35110,200,7022000,09:10:37
35110,100,3511000,09:10:37
35130,200,7026000,09:10:32
35130,100,3513000,09:10:32
35110,100,3511000,09:10:32
35110,100,3511000,09:10:31
35110,100,3511000,09:10:28
35120,100,3512000,09:10:28
35110,100,3511000,09:10:26
35110,400,14044000,09:10:26
35080,100,3508000,09:10:19
35090,100,3509000,09:10:17
35080,300,10524000,09:10:15
35090,100,3509000,09:10:15
35100,200,7020000,09:10:15
35100,100,3510000,09:10:12
35110,300,10533000,09:10:12
35120,100,3512000,09:10:12
35120,100,3512000,09:10:10
35130,100,3513000,09:10:10
35130,100,3513000,09:10:08
35120,100,3512000,09:10:08
35120,200,7024000,09:10:07
35130,100,3513000,09:10:06
35120,100,3512000,09:10:06
35110,100,3511000,09:10:05
35100,100,3510000,09:10:05
35080,200,7016000,09:10:04
35060,100,3506000,09:09:56
35040,100,3504000,09:09:56
35020,100,3502000,09:09:56
35020,600,21012000,09:09:56
35030,300,10509000,09:09:56
35040,100,3504000,09:09:55
35020,500,17510000,09:09:45
35030,100,3503000,09:09:45
35030,100,3503000,09:09:45
35020,200,7004000,09:09:44
35030,800,28024000,09:09:44
35050,100,3505000,09:09:44
35070,100,3507000,09:09:44
35050,100,3505000,09:09:44
35040,100,3504000,09:09:44
35040,100,3504000,09:09:44
35060,100,3506000,09:09:44
35050,100,3505000,09:09:43
35080,100,3508000,09:09:42
35060,100,3506000,09:09:41
35070,100,3507000,09:09:41
35080,100,3508000,09:09:41
35090,100,3509000,09:09:41
35090,200,7018000,09:09:41
35090,100,3509000,09:09:41
35110,100,3511000,09:09:40
35100,300,10530000,09:09:40
35100,100,3510000,09:09:40
35100,100,3510000,09:09:40
35110,500,17555000,09:09:39
35110,100,3511000,09:09:39
35110,100,3511000,09:09:38
35120,400,14048000,09:09:37
35130,400,14052000,09:09:36
35140,100,3514000,09:09:36
35150,300,10545000,09:09:36
35170,200,7034000,09:09:36
35180,500,17590000,09:09:36
35190,700,24633000,09:09:36
35200,200,7040000,09:09:36
35210,100,3521000,09:09:33
35200,200,7040000,09:09:28
35200,100,3520000,09:09:28
35200,100,3520000,09:09:28
35200,100,3520000,09:09:28
35190,100,3519000,09:09:27
35190,100,3519000,09:09:24
35180,100,3518000,09:09:17
35180,100,3518000,09:09:17
35180,200,7036000,09:09:17
35180,200,7036000,09:09:17
35190,100,3519000,09:09:16
35200,100,3520000,09:09:14
35190,100,3519000,09:09:13
35200,100,3520000,09:09:12
35190,100,3519000,09:09:11
35190,100,3519000,09:09:11
35190,100,3519000,09:09:11
35190,100,3519000,09:09:10
35200,100,3520000,09:09:10
35200,100,3520000,09:09:10
35200,400,14080000,09:09:09
35200,100,3520000,09:09:04
35200,100,3520000,09:09:03
35200,100,3520000,09:09:01
35200,100,3520000,09:08:59
35200,200,7040000,09:08:58
35200,100,3520000,09:08:58
35200,100,3520000,09:08:58
35200,100,3520000,09:08:58
35200,100,3520000,09:08:57
35200,100,3520000,09:08:55
35200,100,3520000,09:08:54
35200,100,3520000,09:08:52
35210,100,3521000,09:08:52
35210,100,3521000,09:08:50
35220,100,3522000,09:08:50
35210,200,7042000,09:08:50
35210,100,3521000,09:08:50
35200,300,10560000,09:08:50
35200,100,3520000,09:08:50
35200,100,3520000,09:08:50
35200,100,3520000,09:08:50
35200,100,3520000,09:08:50
35200,700,24640000,09:08:50
35190,500,17595000,09:08:50
35190,100,3519000,09:08:50
35180,100,3518000,09:08:49
35170,100,3517000,09:08:49
35170,100,3517000,09:08:49
35170,100,3517000,09:08:49
35180,400,14072000,09:08:49
35170,100,3517000,09:08:49
35170,100,3517000,09:08:49
35170,100,3517000,09:08:49
35170,300,10551000,09:08:49
35160,100,3516000,09:08:49
35150,800,28120000,09:08:49
35140,100,3514000,09:08:48
35140,100,3514000,09:08:48
35140,100,3514000,09:08:47
35140,100,3514000,09:08:47
35140,100,3514000,09:08:47
35140,100,3514000,09:08:47
35140,500,17570000,09:08:47
35140,100,3514000,09:08:47
35140,100,3514000,09:08:47
35140,100,3514000,09:08:47
35140,100,3514000,09:08:47
35130,100,3513000,09:08:45
35120,100,3512000,09:08:39
35120,100,3512000,09:08:39
35130,100,3513000,09:08:39
35130,100,3513000,09:08:38
35130,100,3513000,09:08:37
35120,100,3512000,09:08:37
35140,200,7028000,09:08:35
35140,100,3514000,09:08:35
35130,100,3513000,09:08:33
35110,100,3511000,09:08:33
35130,100,3513000,09:08:31
35110,100,3511000,09:08:31
35110,100,3511000,09:08:31
35100,100,3510000,09:08:30
35100,100,3510000,09:08:30
35100,200,7020000,09:08:26
35110,100,3511000,09:08:26
35120,200,7024000,09:08:26
35140,100,3514000,09:08:25
35130,100,3513000,09:08:25
35130,100,3513000,09:08:25
35140,100,3514000,09:08:24
35140,100,3514000,09:08:23
35140,100,3514000,09:08:23
35130,300,10539000,09:08:23
35110,100,3511000,09:08:20
35130,100,3513000,09:08:20
35120,200,7024000,09:08:19
35120,200,7024000,09:08:19
35120,100,3512000,09:08:19
35110,200,7022000,09:08:19
35100,500,17550000,09:08:18
35100,100,3510000,09:08:18
35100,500,17550000,09:08:18
35090,200,7018000,09:08:17
35090,100,3509000,09:08:17
35090,100,3509000,09:08:17
35080,100,3508000,09:08:15
35070,300,10521000,09:08:15
35070,100,3507000,09:08:10
35070,100,3507000,09:08:10
35070,200,7014000,09:08:09
35070,100,3507000,09:08:09
35060,200,7012000,09:08:09
35050,100,3505000,09:08:09
35050,200,7010000,09:08:09
35040,700,24528000,09:08:09
35010,100,3501000,09:08:08
35010,100,3501000,09:08:08
35010,100,3501000,09:08:08
34990,100,3499000,09:08:07
34990,100,3499000,09:08:07
34990,100,3499000,09:08:07
34980,100,3498000,09:08:07
34990,200,6998000,09:08:07
35000,100,3500000,09:08:06
35000,100,3500000,09:08:06
35000,100,3500000,09:08:06
35000,100,3500000,09:08:06
35000,100,3500000,09:08:06
35000,200,7000000,09:08:06
35000,300,10500000,09:08:06
35010,1100,38511000,09:08:06
35020,100,3502000,09:08:06
35020,300,10506000,09:08:06
35030,500,17515000,09:08:05
35040,100,3504000,09:08:04
35040,100,3504000,09:08:04
35050,200,7010000,09:08:04
35060,100,3506000,09:08:04
35060,100,3506000,09:08:04
35070,100,3507000,09:08:02
35080,100,3508000,09:08:01
35090,100,3509000,09:07:58
35070,100,3507000,09:07:58
35080,100,3508000,09:07:44
35050,200,7010000,09:07:42
35090,100,3509000,09:07:42
35060,200,7012000,09:07:42
35080,200,7016000,09:07:42
35060,100,3506000,09:07:41
35060,100,3506000,09:07:41
35050,100,3505000,09:07:41
35040,100,3504000,09:07:39
35040,100,3504000,09:07:39
35070,100,3507000,09:07:39
35050,100,3505000,09:07:37
35070,100,3507000,09:07:37
35050,100,3505000,09:07:35
35040,100,3504000,09:07:34
35040,100,3504000,09:07:34
35050,100,3505000,09:07:34
35040,100,3504000,09:07:34
35060,200,7012000,09:07:34
35060,500,17530000,09:07:34
35080,100,3508000,09:07:34
35070,500,17535000,09:07:34
35080,400,14032000,09:07:34
35090,400,14036000,09:07:34
35100,100,3510000,09:07:33
35100,100,3510000,09:07:32
35110,200,7022000,09:07:32
35110,100,3511000,09:07:32
35100,100,3510000,09:07:31
35100,100,3510000,09:07:30
35100,300,10530000,09:07:30
35120,100,3512000,09:07:29
35110,100,3511000,09:07:26
35100,200,7020000,09:07:23
35100,200,7020000,09:07:20
35100,100,3510000,09:07:19
35110,100,3511000,09:07:19
35130,100,3513000,09:07:16
35130,100,3513000,09:07:16
35130,100,3513000,09:07:15
35120,100,3512000,09:07:14
35120,100,3512000,09:07:13
35120,100,3512000,09:07:13
35140,500,17570000,09:07:12
35140,100,3514000,09:07:12
35130,100,3513000,09:07:12
35120,100,3512000,09:07:11
35110,100,3511000,09:07:11
35110,300,10533000,09:07:11
35110,100,3511000,09:07:11
35110,100,3511000,09:07:10
35110,100,3511000,09:07:07
35110,100,3511000,09:07:07
35140,100,3514000,09:07:06
35140,100,3514000,09:07:03
35120,100,3512000,09:07:02
35120,100,3512000,09:07:02
35140,100,3514000,09:07:02
35120,100,3512000,09:07:01
35130,100,3513000,09:07:01
35130,100,3513000,09:07:01
35120,200,7024000,09:07:00
35110,100,3511000,09:07:00
35100,100,3510000,09:07:00
35100,100,3510000,09:07:00
35090,100,3509000,09:07:00
35070,100,3507000,09:07:00
35080,100,3508000,09:07:00
35070,100,3507000,09:06:59
35090,100,3509000,09:06:59
35090,100,3509000,09:06:59
35090,100,3509000,09:06:58
35100,100,3510000,09:06:58
35100,200,7020000,09:06:58
35110,100,3511000,09:06:57
35120,100,3512000,09:06:55
35140,100,3514000,09:06:53
35170,100,3517000,09:06:49
35170,300,10551000,09:06:49
35170,400,14068000,09:06:49
35160,300,10548000,09:06:49
35150,100,3515000,09:06:49
35150,200,7030000,09:06:48
35140,100,3514000,09:06:48
35130,300,10539000,09:06:48
35110,100,3511000,09:06:47
35110,100,3511000,09:06:47
35100,100,3510000,09:06:47
35100,200,7020000,09:06:47
35100,200,7020000,09:06:46
35100,100,3510000,09:06:46
35110,100,3511000,09:06:46
35110,100,3511000,09:06:46
35100,100,3510000,09:06:46
35100,100,3510000,09:06:46
35110,100,3511000,09:06:45
35120,100,3512000,09:06:45
35150,100,3515000,09:06:44
35140,100,3514000,09:06:44
35120,100,3512000,09:06:44
35130,200,7026000,09:06:43
35120,100,3512000,09:06:43
35130,200,7026000,09:06:43
35140,100,3514000,09:06:43
35150,100,3515000,09:06:43
35170,100,3517000,09:06:42
35170,100,3517000,09:06:39
35150,100,3515000,09:06:39
35150,100,3515000,09:06:39
35150,100,3515000,09:06:39
35150,100,3515000,09:06:39
35160,100,3516000,09:06:38
35160,100,3516000,09:06:37
35170,100,3517000,09:06:36
35160,100,3516000,09:06:35
35170,100,3517000,09:06:34
35160,100,3516000,09:06:34
35180,100,3518000,09:06:33
35180,100,3518000,09:06:33
35170,200,7034000,09:06:33
35160,100,3516000,09:06:33
35170,100,3517000,09:06:31
35180,100,3518000,09:06:31
35180,100,3518000,09:06:31
35190,100,3519000,09:06:29
35200,100,3520000,09:06:29
35190,100,3519000,09:06:28
35190,100,3519000,09:06:26
35190,100,3519000,09:06:26
35180,100,3518000,09:06:23
35180,100,3518000,09:06:22
35170,200,7034000,09:06:21
35160,300,10548000,09:06:21
35140,100,3514000,09:06:21
35140,100,3514000,09:06:21
35140,100,3514000,09:06:21
35150,100,3515000,09:06:20
35150,100,3515000,09:06:20
35150,300,10545000,09:06:20
35150,100,3515000,09:06:20
35150,100,3515000,09:06:20
35160,100,3516000,09:06:20
35170,100,3517000,09:06:20
35170,100,3517000,09:06:20
35180,100,3518000,09:06:19
35190,100,3519000,09:06:19
35200,300,10560000,09:06:19
35200,1100,38720000,09:06:19
35230,100,3523000,09:06:16
35220,100,3522000,09:06:16
35220,100,3522000,09:06:15
35200,100,3520000,09:06:14
35230,100,3523000,09:06:14
35210,100,3521000,09:06:13
35200,100,3520000,09:06:12
35200,200,7040000,09:06:11
35210,100,3521000,09:06:11
35210,100,3521000,09:06:11
35210,100,3521000,09:06:11
35210,100,3521000,09:06:10
35220,200,7044000,09:06:10
35240,100,3524000,09:06:10
35230,100,3523000,09:06:10
35230,100,3523000,09:06:10
35230,100,3523000,09:06:10
35230,100,3523000,09:06:10
35230,100,3523000,09:06:10
35240,100,3524000,09:06:10
35240,100,3524000,09:06:09
35270,100,3527000,09:06:06
35290,200,7058000,09:06:05
35290,200,7058000,09:06:05
35290,100,3529000,09:06:04
35290,100,3529000,09:06:04
35280,200,7056000,09:06:04
35270,300,10581000,09:06:04
35250,100,3525000,09:06:04
35270,100,3527000,09:06:04
35240,100,3524000,09:06:02
35250,200,7050000,09:06:02
35250,200,7050000,09:06:02
35280,100,3528000,09:06:01
35260,100,3526000,09:06:01
35280,100,3528000,09:06:00
35290,100,3529000,09:06:00
35310,400,14124000,09:06:00
35300,1200,42360000,09:06:00
35290,100,3529000,09:06:00
35290,300,10587000,09:06:00
35290,100,3529000,09:06:00
35280,200,7056000,09:06:00
35270,200,7054000,09:06:00
35270,100,3527000,09:05:57
35260,100,3526000,09:05:57
35260,200,7052000,09:05:56
35250,100,3525000,09:05:55
35250,100,3525000,09:05:55
35250,200,7050000,09:05:54
35260,100,3526000,09:05:54
35280,100,3528000,09:05:52
35270,100,3527000,09:05:52
35280,100,3528000,09:05:51
35290,100,3529000,09:05:48
35290,100,3529000,09:05:48
35290,100,3529000,09:05:48
35260,100,3526000,09:05:47
35280,100,3528000,09:05:46
35250,100,3525000,09:05:43
35270,100,3527000,09:05:43
35240,100,3524000,09:05:42
35260,400,14104000,09:05:42
35260,100,3526000,09:05:42
35260,100,3526000,09:05:42
35250,100,3525000,09:05:41
35240,100,3524000,09:05:41
35240,100,3524000,09:05:40
35240,200,7048000,09:05:39
35240,100,3524000,09:05:39
35240,100,3524000,09:05:37
35240,200,7048000,09:05:36
35250,100,3525000,09:05:36
35250,400,14100000,09:05:35
35270,100,3527000,09:05:35
35270,100,3527000,09:05:35
35300,100,3530000,09:05:32
35290,100,3529000,09:05:32
35300,100,3530000,09:05:32
35300,100,3530000,09:05:31
35270,500,17635000,09:05:29
35270,100,3527000,09:05:29
35260,200,7052000,09:05:29
35260,100,3526000,09:05:28
35250,200,7050000,09:05:28
35250,100,3525000,09:05:28
35240,100,3524000,09:05:28
35260,100,3526000,09:05:28
35280,100,3528000,09:05:26
35290,100,3529000,09:05:26
35270,600,21162000,09:05:26
35280,100,3528000,09:05:26
35280,600,21168000,09:05:26
35290,100,3529000,09:05:26
35290,200,7058000,09:05:26
35300,1000,35300000,09:05:26
35300,300,10590000,09:05:26
35300,100,3530000,09:05:26
35300,100,3530000,09:05:26
35300,100,3530000,09:05:26
35300,500,17650000,09:05:26
35300,300,10590000,09:05:26
35300,200,7060000,09:05:26
35300,100,3530000,09:05:26
35300,100,3530000,09:05:26
35290,400,14116000,09:05:26
35280,800,28224000,09:05:26
35270,600,21162000,09:05:26
35240,100,3524000,09:05:25
35250,100,3525000,09:05:25
35250,100,3525000,09:05:24
35260,100,3526000,09:05:24
35250,300,10575000,09:05:24
35230,400,14092000,09:05:24
35210,100,3521000,09:05:24
35190,100,3519000,09:05:23
35190,100,3519000,09:05:22
35200,100,3520000,09:05:22
35200,100,3520000,09:05:22
35190,100,3519000,09:05:22
35200,100,3520000,09:05:22
35200,100,3520000,09:05:20
35210,100,3521000,09:05:19
35200,100,3520000,09:05:19
35210,100,3521000,09:05:19
35220,100,3522000,09:05:19
35230,100,3523000,09:05:19
35240,100,3524000,09:05:19
35230,100,3523000,09:05:19
35230,300,10569000,09:05:19
35220,300,10566000,09:05:19
35210,500,17605000,09:05:19
35200,200,7040000,09:05:19
35200,100,3520000,09:05:18
35200,100,3520000,09:05:18
35210,100,3521000,09:05:17
35210,100,3521000,09:05:14
35210,100,3521000,09:05:11
35220,100,3522000,09:05:09
35210,200,7042000,09:05:09
35230,100,3523000,09:05:08
35220,100,3522000,09:05:08
35230,200,7046000,09:05:05
35230,400,14092000,09:05:05
35220,100,3522000,09:05:03
35210,100,3521000,09:05:03
35200,100,3520000,09:05:03
35200,100,3520000,09:05:03
35200,100,3520000,09:05:03
35200,200,7040000,09:05:03
35200,100,3520000,09:05:02
35210,100,3521000,09:05:01
35210,100,3521000,09:05:01
35210,100,3521000,09:05:01
35230,100,3523000,09:04:59
35230,100,3523000,09:04:59
35220,100,3522000,09:04:58
35220,100,3522000,09:04:57
35220,100,3522000,09:04:56
35230,100,3523000,09:04:55
35230,100,3523000,09:04:54
35240,100,3524000,09:04:54
35240,100,3524000,09:04:53
35230,100,3523000,09:04:53
35240,100,3524000,09:04:52
35250,300,10575000,09:04:52
35240,100,3524000,09:04:51
35250,100,3525000,09:04:50
35240,100,3524000,09:04:50
35220,100,3522000,09:04:49
35220,100,3522000,09:04:49
35230,100,3523000,09:04:49
35240,100,3524000,09:04:48
35240,100,3524000,09:04:46
35240,100,3524000,09:04:46
35250,100,3525000,09:04:46
35240,100,3524000,09:04:46
35210,100,3521000,09:04:45
35230,100,3523000,09:04:45
35210,100,3521000,09:04:45
35220,100,3522000,09:04:45
35210,100,3521000,09:04:45
35210,100,3521000,09:04:45
35220,100,3522000,09:04:45
35220,500,17610000,09:04:45
35220,100,3522000,09:04:45
35220,100,3522000,09:04:45
35240,100,3524000,09:04:44
35230,200,7046000,09:04:44
35230,200,7046000,09:04:43
35240,100,3524000,09:04:43
35240,100,3524000,09:04:41
35250,300,10575000,09:04:41
35270,100,3527000,09:04:40
35250,100,3525000,09:04:39
35260,100,3526000,09:04:39
35270,100,3527000,09:04:38
35280,100,3528000,09:04:38
35280,200,7056000,09:04:38
35270,100,3527000,09:04:37
35260,300,10578000,09:04:37
35260,100,3526000,09:04:36
35250,100,3525000,09:04:35
35250,100,3525000,09:04:35
35250,100,3525000,09:04:35
35250,200,7050000,09:04:35
35250,100,3525000,09:04:35
35250,100,3525000,09:04:35
35250,100,3525000,09:04:35
35260,100,3526000,09:04:35
35260,200,7052000,09:04:35
35260,100,3526000,09:04:35
35280,200,7056000,09:04:35
35270,200,7054000,09:04:35
35260,100,3526000,09:04:35
35260,100,3526000,09:04:35
35270,100,3527000,09:04:35
35280,100,3528000,09:04:35
35280,100,3528000,09:04:33
35290,100,3529000,09:04:33
35290,100,3529000,09:04:33
35270,100,3527000,09:04:32
35290,100,3529000,09:04:32
35270,100,3527000,09:04:32
35270,100,3527000,09:04:32
35280,400,14112000,09:04:32
35280,100,3528000,09:04:32
35280,300,10584000,09:04:32
35290,100,3529000,09:04:32
35290,100,3529000,09:04:31
35300,100,3530000,09:04:29
35300,100,3530000,09:04:28
35300,100,3530000,09:04:28
35300,100,3530000,09:04:28
35310,200,7062000,09:04:28
35320,100,3532000,09:04:27
35330,100,3533000,09:04:27
35320,100,3532000,09:04:27
35330,100,3533000,09:04:25
35330,100,3533000,09:04:24
35340,100,3534000,09:04:24
35330,300,10599000,09:04:23
35320,100,3532000,09:04:21
35320,100,3532000,09:04:20
35300,300,10590000,09:04:20
35300,700,24710000,09:04:20
35330,100,3533000,09:04:20
35300,100,3530000,09:04:18
35300,100,3530000,09:04:18
35300,100,3530000,09:04:18
35310,100,3531000,09:04:17
35300,100,3530000,09:04:15
35300,100,3530000,09:04:15
35300,400,14120000,09:04:14
35300,300,10590000,09:04:14
35310,300,10593000,09:04:14
35320,100,3532000,09:04:13
35330,100,3533000,09:04:13
35300,100,3530000,09:04:10
35290,100,3529000,09:04:10
35280,100,3528000,09:04:09
35280,100,3528000,09:04:08
35280,100,3528000,09:04:08
35300,100,3530000,09:04:07
35280,100,3528000,09:04:06
35300,100,3530000,09:04:06
35300,100,3530000,09:04:06
35300,100,3530000,09:04:06
35300,100,3530000,09:04:05
35290,100,3529000,09:04:05
35290,100,3529000,09:04:05
35250,100,3525000,09:04:02
35260,100,3526000,09:04:02
35260,100,3526000,09:04:02
35260,100,3526000,09:04:02
35270,100,3527000,09:04:02
35270,100,3527000,09:04:02
35290,100,3529000,09:04:00
35310,200,7062000,09:03:59
35290,100,3529000,09:03:58
35300,300,10590000,09:03:58
35310,100,3531000,09:03:58
35330,100,3533000,09:03:57
35340,300,10602000,09:03:56
35330,400,14132000,09:03:56
35320,700,24724000,09:03:56
35310,100,3531000,09:03:56
35310,100,3531000,09:03:56
35310,100,3531000,09:03:56
35300,100,3530000,09:03:56
35290,300,10587000,09:03:56
35270,400,14108000,09:03:56
35260,200,7052000,09:03:56
35250,500,17625000,09:03:56
35240,100,3524000,09:03:56
35240,100,3524000,09:03:56
35250,200,7050000,09:03:51
35250,100,3525000,09:03:51
35250,400,14100000,09:03:50
35270,100,3527000,09:03:49
35260,100,3526000,09:03:49
35260,100,3526000,09:03:49
35260,100,3526000,09:03:49
35270,100,3527000,09:03:49
35270,500,17635000,09:03:49
35290,100,3529000,09:03:49
35280,100,3528000,09:03:49
35280,100,3528000,09:03:48
35280,100,3528000,09:03:46
35280,100,3528000,09:03:45
35280,100,3528000,09:03:45
35280,100,3528000,09:03:43
35280,100,3528000,09:03:43
35290,100,3529000,09:03:42
35290,200,7058000,09:03:42
35300,200,7060000,09:03:41
35290,100,3529000,09:03:41
35290,100,3529000,09:03:40
35280,100,3528000,09:03:40
35280,100,3528000,09:03:40
35280,100,3528000,09:03:38
35310,100,3531000,09:03:38
35290,100,3529000,09:03:37
35300,100,3530000,09:03:37
35300,500,17650000,09:03:36
35300,100,3530000,09:03:36
35300,100,3530000,09:03:36
35300,500,17650000,09:03:36
35300,100,3530000,09:03:36
35300,100,3530000,09:03:36
35300,100,3530000,09:03:36
35300,100,3530000,09:03:36
35290,600,21174000,09:03:36
35290,300,10587000,09:03:36
35290,100,3529000,09:03:36
35280,100,3528000,09:03:35
35280,400,14112000,09:03:35
35270,100,3527000,09:03:34
35270,100,3527000,09:03:34
35260,200,7052000,09:03:34
35250,800,28200000,09:03:34
35250,100,3525000,09:03:34
35230,100,3523000,09:03:33
35230,100,3523000,09:03:33
35230,100,3523000,09:03:33
35230,200,7046000,09:03:33
35240,100,3524000,09:03:33
35240,100,3524000,09:03:33
35240,100,3524000,09:03:31
35240,100,3524000,09:03:31
35240,100,3524000,09:03:30
35240,100,3524000,09:03:30
35240,100,3524000,09:03:29
35240,100,3524000,09:03:29
35240,300,10572000,09:03:28
35230,200,7046000,09:03:28
35220,100,3522000,09:03:26
35220,100,3522000,09:03:25
35230,100,3523000,09:03:25
35220,100,3522000,09:03:24
35210,100,3521000,09:03:22
35210,100,3521000,09:03:22
35220,100,3522000,09:03:20
35220,100,3522000,09:03:20
35220,100,3522000,09:03:20
35220,200,7044000,09:03:20
35210,200,7042000,09:03:20
35200,1300,45760000,09:03:20
35200,100,3520000,09:03:20
35200,2700,95040000,09:03:20
35190,500,17595000,09:03:20
35180,200,7036000,09:03:20
35180,100,3518000,09:03:20
35180,100,3518000,09:03:20
35170,100,3517000,09:03:19
35150,200,7030000,09:03:19
35160,100,3516000,09:03:15
35160,100,3516000,09:03:15
35150,100,3515000,09:03:14
35170,100,3517000,09:03:14
35170,200,7034000,09:03:13
35160,100,3516000,09:03:12
35170,100,3517000,09:03:12
35170,200,7034000,09:03:11
35150,100,3515000,09:03:11
35150,100,3515000,09:03:10
35120,100,3512000,09:03:09
35130,200,7026000,09:03:09
35120,100,3512000,09:03:09
35120,100,3512000,09:03:07
35130,100,3513000,09:03:07
35120,100,3512000,09:03:07
35130,100,3513000,09:03:06
35140,100,3514000,09:03:06
35130,100,3513000,09:03:06
35130,100,3513000,09:03:06
35130,100,3513000,09:03:06
35140,200,7028000,09:03:06
35150,500,17575000,09:03:06
35160,100,3516000,09:03:06
35170,100,3517000,09:03:05
35180,100,3518000,09:03:04
35170,100,3517000,09:03:03
35160,100,3516000,09:03:03
35160,100,3516000,09:03:03
35170,100,3517000,09:03:01
35160,100,3516000,09:03:01
35160,300,10548000,09:03:01
35150,100,3515000,09:03:01
35150,100,3515000,09:03:01
35150,100,3515000,09:03:00
35150,100,3515000,09:02:59
35150,200,7030000,09:02:59
35150,100,3515000,09:02:59
35130,600,21078000,09:02:57
35140,100,3514000,09:02:57
35140,200,7028000,09:02:55
35150,100,3515000,09:02:54
35150,100,3515000,09:02:54
35140,200,7028000,09:02:54
35130,100,3513000,09:02:54
35130,100,3513000,09:02:53
35130,400,14052000,09:02:53
35130,100,3513000,09:02:53
35130,100,3513000,09:02:53
35140,100,3514000,09:02:52
35130,100,3513000,09:02:51
35120,100,3512000,09:02:51
35130,100,3513000,09:02:51
35130,100,3513000,09:02:50
35130,200,7026000,09:02:50
35120,100,3512000,09:02:50
35130,100,3513000,09:02:50
35110,100,3511000,09:02:48
35110,200,7022000,09:02:48
35120,100,3512000,09:02:48
35120,100,3512000,09:02:48
35120,100,3512000,09:02:47
35130,100,3513000,09:02:47
35120,100,3512000,09:02:47
35120,100,3512000,09:02:47
35110,100,3511000,09:02:46
35140,100,3514000,09:02:45
35110,100,3511000,09:02:45
35110,100,3511000,09:02:45
35100,100,3510000,09:02:44
35100,200,7020000,09:02:44
35110,100,3511000,09:02:44
35130,100,3513000,09:02:44
35120,100,3512000,09:02:44
35130,100,3513000,09:02:43
35120,100,3512000,09:02:43
35120,200,7024000,09:02:42
35120,300,10536000,09:02:42
35110,900,31599000,09:02:42
35100,1900,66690000,09:02:42
35100,200,7020000,09:02:42
35090,100,3509000,09:02:41
35080,100,3508000,09:02:40
35080,100,3508000,09:02:40
35070,100,3507000,09:02:40
35070,100,3507000,09:02:40
35070,200,7014000,09:02:40
35060,100,3506000,09:02:40
35050,700,24535000,09:02:40
35040,100,3504000,09:02:40
35040,200,7008000,09:02:40
35040,100,3504000,09:02:37
35040,100,3504000,09:02:36
35050,300,10515000,09:02:34
35050,100,3505000,09:02:34
35050,100,3505000,09:02:34
35050,100,3505000,09:02:33
35060,100,3506000,09:02:33
35050,100,3505000,09:02:33
35030,200,7006000,09:02:32
35030,100,3503000,09:02:32
35020,200,7004000,09:02:32
35010,100,3501000,09:02:32
35000,4200,147000000,09:02:32
34990,100,3499000,09:02:32
34980,100,3498000,09:02:28
34990,300,10497000,09:02:26
34980,500,17490000,09:02:26
34980,200,6996000,09:02:24
35000,100,3500000,09:02:22
35000,100,3500000,09:02:22
35010,100,3501000,09:02:21
35020,100,3502000,09:02:20
35030,100,3503000,09:02:20
35030,100,3503000,09:02:20
35030,100,3503000,09:02:20
35020,100,3502000,09:02:20
35000,100,3500000,09:02:19
35030,100,3503000,09:02:18
35030,100,3503000,09:02:18
35030,400,14012000,09:02:18
35040,200,7008000,09:02:18
35050,200,7010000,09:02:18
35050,100,3505000,09:02:18
35040,200,7008000,09:02:17
35030,100,3503000,09:02:17
35010,200,7002000,09:02:16
35010,100,3501000,09:02:16
35020,100,3502000,09:02:16
35000,3000,105000000,09:02:16
35000,700,24500000,09:02:16
34990,600,20994000,09:02:16
34980,200,6996000,09:02:16
34970,500,17485000,09:02:16
34960,300,10488000,09:02:16
34950,300,10485000,09:02:16
34930,100,3493000,09:02:15
34940,100,3494000,09:02:14
34930,100,3493000,09:02:12
34940,100,3494000,09:02:09
34930,400,13972000,09:02:09
34920,100,3492000,09:02:09
34900,100,3490000,09:02:08
34910,100,3491000,09:02:07
34930,100,3493000,09:02:04
34900,100,3490000,09:02:03
34900,100,3490000,09:02:03
34920,200,6984000,09:02:03
34930,100,3493000,09:02:03
34950,100,3495000,09:02:02
34950,200,6990000,09:01:57
34940,200,6988000,09:01:57
34930,100,3493000,09:01:57
34930,100,3493000,09:01:57
34930,300,10479000,09:01:55
34920,600,20952000,09:01:55
34910,100,3491000,09:01:55
34930,100,3493000,09:01:54
34930,100,3493000,09:01:51
34970,100,3497000,09:01:51
34950,200,6990000,09:01:51
34950,100,3495000,09:01:49
34940,100,3494000,09:01:48
34930,100,3493000,09:01:48
34920,400,13968000,09:01:48
34920,100,3492000,09:01:47
34900,300,10470000,09:01:47
34900,600,20940000,09:01:47
34900,300,10470000,09:01:47
34890,100,3489000,09:01:46
34890,100,3489000,09:01:46
34880,100,3488000,09:01:46
34840,100,3484000,09:01:46
34830,100,3483000,09:01:45
34850,100,3485000,09:01:44
34840,100,3484000,09:01:43
34880,100,3488000,09:01:43
34870,200,6974000,09:01:43
34860,100,3486000,09:01:43
34850,100,3485000,09:01:43
34850,100,3485000,09:01:43
34830,100,3483000,09:01:43
34840,100,3484000,09:01:43
34830,100,3483000,09:01:42
34810,200,6962000,09:01:41
34810,100,3481000,09:01:41
34800,600,20880000,09:01:41
34800,700,24360000,09:01:41
34790,100,3479000,09:01:36
34750,200,6950000,09:01:36
34760,100,3476000,09:01:36
34750,400,13900000,09:01:36
34740,600,20844000,09:01:36
34730,100,3473000,09:01:36
34720,400,13888000,09:01:36
34710,400,13884000,09:01:36
34700,600,20820000,09:01:36
34680,100,3468000,09:01:36
34670,100,3467000,09:01:35
34660,100,3466000,09:01:35
34650,100,3465000,09:01:35
34670,100,3467000,09:01:35
34670,100,3467000,09:01:35
34670,100,3467000,09:01:35
34660,100,3466000,09:01:34
34660,100,3466000,09:01:34
34650,100,3465000,09:01:34
34640,100,3464000,09:01:33
34660,100,3466000,09:01:29
34660,300,10398000,09:01:28
34650,300,10395000,09:01:28
34640,400,13856000,09:01:28
34630,100,3463000,09:01:28
34630,500,17315000,09:01:28
34600,100,3460000,09:01:25
34610,100,3461000,09:01:21
34600,100,3460000,09:01:16
34600,100,3460000,09:01:16
34570,200,6914000,09:01:14
34550,100,3455000,09:01:13
34540,100,3454000,09:01:12
34540,100,3454000,09:01:12
34590,100,3459000,09:01:09
34600,300,10380000,09:01:08
34600,100,3460000,09:01:05
34610,100,3461000,09:01:05
34620,100,3462000,09:01:05
34620,100,3462000,09:01:05
34640,100,3464000,09:01:05
34640,200,6928000,09:01:05
34640,100,3464000,09:01:05
34630,100,3463000,09:01:05
34640,200,6928000,09:01:05
34630,100,3463000,09:01:04
34620,100,3462000,09:01:04
34600,400,13840000,09:01:04
34600,200,6920000,09:01:04
34590,100,3459000,09:01:04
34580,100,3458000,09:01:04
34570,200,6914000,09:01:04
34550,100,3455000,09:01:00
34550,100,3455000,09:01:00
34580,200,6916000,09:01:00
34530,100,3453000,09:00:59
34530,100,3453000,09:00:54
34530,100,3453000,09:00:52
34540,200,6908000,09:00:52
34550,200,6910000,09:00:52
34580,100,3458000,09:00:52
34600,200,6920000,09:00:52
34610,100,3461000,09:00:51
34650,100,3465000,09:00:50
34640,100,3464000,09:00:50
34640,100,3464000,09:00:49
34630,200,6926000,09:00:49
34620,100,3462000,09:00:46
34630,300,10389000,09:00:46
34640,300,10392000,09:00:46
34650,600,20790000,09:00:46
34650,200,6930000,09:00:46
34640,300,10392000,09:00:46
34630,100,3463000,09:00:45
34620,100,3462000,09:00:45
34600,500,17300000,09:00:38
34600,600,20760000,09:00:38
34600,200,6920000,09:00:38
34560,200,6912000,09:00:38
34540,200,6908000,09:00:38
34520,100,3452000,09:00:37
34500,100,3450000,09:00:37
34500,200,6900000,09:00:37
34510,200,6902000,09:00:37
34510,100,3451000,09:00:37
34510,100,3451000,09:00:37
34560,100,3456000,09:00:35
34560,300,10368000,09:00:35
34580,100,3458000,09:00:34
34610,100,3461000,09:00:32
34580,100,3458000,09:00:31
34580,100,3458000,09:00:31
34560,100,3456000,09:00:29
34570,200,6914000,09:00:29
34600,100,3460000,09:00:28
34600,100,3460000,09:00:26
34600,100,3460000,09:00:22
34570,100,3457000,09:00:22
34590,100,3459000,09:00:21
34570,100,3457000,09:00:21
34580,200,6916000,09:00:21
34590,100,3459000,09:00:21
34610,100,3461000,09:00:21
34600,100,3460000,09:00:21
34620,100,3462000,09:00:20
34690,100,3469000,09:00:18
34670,200,6934000,09:00:18
34690,400,13876000,09:00:17
34720,100,3472000,09:00:17
34720,100,3472000,09:00:17
34710,100,3471000,09:00:17
34690,200,6938000,09:00:16
34690,100,3469000,09:00:14
34620,100,3462000,09:00:12
34570,100,3457000,09:00:11
34600,100,3460000,09:00:11
34610,300,10383000,09:00:11
34620,300,10386000,09:00:11
34630,100,3463000,09:00:11
34650,100,3465000,09:00:11
34640,100,3464000,09:00:11
34640,100,3464000,09:00:11
34610,100,3461000,09:00:10
34600,100,3460000,09:00:10
34570,100,3457000,09:00:09
34570,100,3457000,09:00:09
34550,100,3455000,09:00:09
34620,100,3462000,09:00:08
34660,300,10398000,09:00:07
34670,200,6934000,09:00:07
34680,100,3468000,09:00:07
34700,100,3470000,09:00:07
34680,100,3468000,09:00:07
34680,100,3468000,09:00:07
34680,100,3468000,09:00:07
34680,200,6936000,09:00:07
34650,100,3465000,09:00:07
34680,100,3468000,09:00:07
34660,200,6932000,09:00:07
34660,200,6932000,09:00:07
34660,100,3466000,09:00:07
34650,100,3465000,09:00:07
34640,200,6928000,09:00:07
34640,100,3464000,09:00:07
34600,100,3460000,09:00:07
34600,100,3460000,09:00:06
34590,100,3459000,09:00:06
34590,100,3459000,09:00:06
34560,100,3456000,09:00:06
34550,100,3455000,09:00:06
34520,100,3452000,09:00:05
34590,100,3459000,09:00:03
34610,100,3461000,09:00:02
34610,100,3461000,09:00:02
34580,100,3458000,09:00:01
34600,100,3460000,09:00:01
34610,200,6922000,09:00:01
34620,100,3462000,09:00:01
34630,100,3463000,09:00:01
34600,100,3460000,09:00:00
34610,200,6922000,09:00:00
34620,200,6924000,09:00:00
34610,200,6922000,09:00:00
34600,100,3460000,09:00:00
34600,400,13840000,09:00:00
34600,100,3460000,09:00:00
34610,400,13844000,09:00:00
34600,400,13840000,09:00:00
34600,100,3460000,09:00:00
34600,100,3460000,09:00:00
34580,100,3458000,09:00:00
34590,34600,1196814000,09:00:00