値段,株数,金額,時刻
8993,4235600,38090750800,15:30:00
9049,200,1809800,15:24:59
9050,1300,11765000,15:24:59
9050,300,2715000,15:24:59
9050,200,1810000,15:24:59
9051,200,1810200,15:24:59
9050,100,905000,15:24:59
9053,100,905300,15:24:58
9050,100,905000,15:24:58
9053,100,905300,15:24:57
9050,100,905000,15:24:57
9054,100,905400,15:24:57
9051,300,2715300,15:24:57
9052,100,905200,15:24:57
9053,100,905300,15:24:57
9050,1000,9050000,15:24:55
9051,500,4525500,15:24:55
9052,400,3620800,15:24:55
9054,100,905400,15:24:55
9055,100,905500,15:24:55
9052,200,1810400,15:24:55
9056,600,5433600,15:24:55
9055,800,7244000,15:24:55
9054,700,6337800,15:24:55
9053,500,4526500,15:24:55
9052,400,3620800,15:24:55
9052,300,2715600,15:24:53
9051,100,905100,15:24:53
9051,100,905100,15:24:53
9049,100,904900,15:24:52
9051,100,905100,15:24:51
9049,100,904900,15:24:50
9051,300,2715300,15:24:49
9050,100,905000,15:24:49
9050,100,905000,15:24:48
9049,100,904900,15:24:48
9052,100,905200,15:24:48
9052,400,3620800,15:24:48
9052,400,3620800,15:24:48
9051,400,3620400,15:24:47
9050,400,3620000,15:24:47
9049,100,904900,15:24:47
9048,100,904800,15:24:46
9049,100,904900,15:24:46
9049,100,904900,15:24:45
9050,200,1810000,15:24:45
9050,500,4525000,15:24:45
9050,100,905000,15:24:42
9050,500,4525000,15:24:42
9051,200,1810200,15:24:42
9052,400,3620800,15:24:42
9051,100,905100,15:24:42
9050,100,905000,15:24:41
9051,200,1810200,15:24:39
9054,100,905400,15:24:39
9053,400,3621200,15:24:39
9052,300,2715600,15:24:39
9052,100,905200,15:24:39
9052,300,2715600,15:24:39
9051,100,905100,15:24:39
9049,200,1809800,15:24:38
9050,100,905000,15:24:38
9051,400,3620400,15:24:38
9051,100,905100,15:24:38
9052,500,4526000,15:24:38
9052,100,905200,15:24:38
9052,400,3620800,15:24:37
9051,100,905100,15:24:37
9050,500,4525000,15:24:36
9050,100,905000,15:24:36
9050,200,1810000,15:24:34
9050,200,1810000,15:24:34
9050,500,4525000,15:24:34
9049,200,1809800,15:24:34
9048,1500,13572000,15:24:33
9048,200,1809600,15:24:33
9048,200,1809600,15:24:30
9048,200,1809600,15:24:30
9048,200,1809600,15:24:30
9049,500,4524500,15:24:30
9051,600,5430600,15:24:30
9051,500,4525500,15:24:30
9050,300,2715000,15:24:30
9049,200,1809800,15:24:30
9048,200,1809600,15:24:30
9048,100,904800,15:24:30
9046,100,904600,15:24:30
9047,100,904700,15:24:30
9046,300,2713800,15:24:30
9046,100,904600,15:24:30
9046,300,2713800,15:24:30
9047,400,3618800,15:24:30
9048,200,1809600,15:24:29
9048,200,1809600,15:24:29
9049,100,904900,15:24:28
9049,600,5429400,15:24:28
9048,200,1809600,15:24:27
9048,100,904800,15:24:27
9050,500,4525000,15:24:27
9049,200,1809800,15:24:27
9048,200,1809600,15:24:27
9047,100,904700,15:24:27
9046,200,1809200,15:24:26
9044,100,904400,15:24:26
9044,400,3617600,15:24:26
9045,3800,34371000,15:24:26
9046,1100,9950600,15:24:26
9047,400,3618800,15:24:26
9048,600,5428800,15:24:26
9048,100,904800,15:24:26
9049,100,904900,15:24:26
9049,100,904900,15:24:24
9050,100,905000,15:24:24
9049,100,904900,15:24:24
9049,200,1809800,15:24:23
9048,800,7238400,15:24:22
9050,200,1810000,15:24:22
9050,1400,12670000,15:24:22
9051,400,3620400,15:24:22
9052,500,4526000,15:24:19
9052,100,905200,15:24:19
9052,100,905200,15:24:18
9052,200,1810400,15:24:17
9052,700,6336400,15:24:17
9052,300,2715600,15:24:17
9053,100,905300,15:24:16
9053,700,6337100,15:24:16
9054,100,905400,15:24:16
9054,100,905400,15:24:11
9054,100,905400,15:24:11
9053,100,905300,15:24:11
9051,200,1810200,15:24:09
9049,100,904900,15:24:06
9051,100,905100,15:24:05
9050,100,905000,15:24:05
9050,100,905000,15:24:05
9049,400,3619600,15:24:05
9049,100,904900,15:24:05
9051,100,905100,15:24:05
9051,300,2715300,15:24:05
9050,100,905000,15:24:04
9051,100,905100,15:24:04
9050,100,905000,15:24:03
9051,100,905100,15:24:03
9051,300,2715300,15:24:03
9052,600,5431200,15:24:03
9054,200,1810800,15:24:03
9055,2400,21732000,15:24:03
9054,700,6337800,15:24:03
9053,200,1810600,15:24:03
9052,100,905200,15:24:03
9052,100,905200,15:24:03
9053,100,905300,15:24:03
9052,400,3620800,15:24:02
9051,100,905100,15:24:02
9050,100,905000,15:24:02
9050,700,6335000,15:24:01
9049,800,7239200,15:24:01
9048,300,2714400,15:24:01
9047,100,904700,15:24:01
9048,200,1809600,15:24:01
9048,100,904800,15:24:01
9047,200,1809400,15:24:01
9047,100,904700,15:24:01
9047,100,904700,15:24:01
9046,100,904600,15:24:01
9048,100,904800,15:24:01
9049,100,904900,15:24:01
9049,100,904900,15:24:01
9045,600,5427000,15:24:00
9046,100,904600,15:24:00
9047,200,1809400,15:24:00
9048,300,2714400,15:24:00
9050,100,905000,15:24:00
9050,100,905000,15:24:00
9046,1500,13569000,15:24:00
9047,900,8142300,15:24:00
9048,500,4524000,15:24:00
9049,600,5429400,15:24:00
9050,400,3620000,15:24:00
9053,100,905300,15:24:00
9051,100,905100,15:24:00
9048,100,904800,15:24:00
9051,100,905100,15:24:00
9053,1300,11768900,15:24:00
9052,1100,9957200,15:24:00
9051,1100,9956100,15:24:00
9050,6200,56110000,15:24:00
9049,300,2714700,15:24:00
9047,200,1809400,15:24:00
9049,100,904900,15:24:00
9046,700,6332200,15:24:00
9047,500,4523500,15:24:00
9048,200,1809600,15:24:00
9049,200,1809800,15:24:00
9047,100,904700,15:24:00
9050,3300,29865000,15:24:00
9049,600,5429400,15:24:00
9046,100,904600,15:24:00
9049,100,904900,15:24:00
9049,100,904900,15:24:00
9048,100,904800,15:24:00
9048,100,904800,15:24:00
9048,200,1809600,15:24:00
9049,800,7239200,15:24:00
9048,2000,18096000,15:24:00
9047,100,904700,15:23:59
9047,100,904700,15:23:59
9047,300,2714100,15:23:58
9048,100,904800,15:23:58
9048,100,904800,15:23:57
9048,200,1809600,15:23:57
9048,100,904800,15:23:56
9047,100,904700,15:23:55
9046,100,904600,15:23:53
9047,100,904700,15:23:51
9046,100,904600,15:23:50
9046,100,904600,15:23:50
9047,100,904700,15:23:49
9047,100,904700,15:23:48
9046,900,8141400,15:23:48
9047,100,904700,15:23:48
9047,100,904700,15:23:45
9046,100,904600,15:23:44
9046,100,904600,15:23:43
9046,100,904600,15:23:42
9045,1800,16281000,15:23:42
9045,100,904500,15:23:42
9044,200,1808800,15:23:41
9045,100,904500,15:23:41
9044,200,1808800,15:23:40
9045,100,904500,15:23:40
9044,1500,13566000,15:23:39
9043,600,5425800,15:23:39
9042,900,8137800,15:23:38
9041,800,7232800,15:23:38
9041,100,904100,15:23:38
9040,200,1808000,15:23:38
9041,100,904100,15:23:38
9041,100,904100,15:23:34
9040,100,904000,15:23:33
9041,200,1808200,15:23:31
9041,700,6328700,15:23:31
9040,100,904000,15:23:31
9041,100,904100,15:23:29
9041,100,904100,15:23:29
9041,100,904100,15:23:29
9041,100,904100,15:23:28
9041,100,904100,15:23:25
9041,200,1808200,15:23:24
9040,100,904000,15:23:24
9041,100,904100,15:23:24
9041,200,1808200,15:23:24
9041,200,1808200,15:23:23
9041,100,904100,15:23:22
9040,100,904000,15:23:22
9040,100,904000,15:23:20
9041,100,904100,15:23:20
9040,100,904000,15:23:18
9040,300,2712000,15:23:18
9041,100,904100,15:23:17
9040,100,904000,15:23:17
9040,100,904000,15:23:17
9040,200,1808000,15:23:17
9040,1400,12656000,15:23:17
9042,100,904200,15:23:16
9041,200,1808200,15:23:15
9042,100,904200,15:23:14
9040,100,904000,15:23:13
9042,200,1808400,15:23:13
9041,500,4520500,15:23:11
9040,100,904000,15:23:10
9041,600,5424600,15:23:10
9042,100,904200,15:23:10
9041,100,904100,15:23:09
9041,100,904100,15:23:08
9042,300,2712600,15:23:08
9041,3400,30739400,15:23:08
9041,100,904100,15:23:08
9040,1000,9040000,15:23:08
9040,200,1808000,15:23:07
9040,100,904000,15:23:07
9041,100,904100,15:23:06
9040,200,1808000,15:23:04
9040,700,6328000,15:23:04
9041,100,904100,15:23:04
9040,200,1808000,15:23:04
9041,300,2712300,15:23:02
9039,100,903900,15:23:00
9040,200,1808000,15:23:00
9040,2000,18080000,15:23:00
9040,100,904000,15:23:00
9039,100,903900,15:23:00
9039,100,903900,15:23:00
9039,700,6327300,15:23:00
9039,300,2711700,15:23:00
9039,100,903900,15:23:00
9039,100,903900,15:23:00
9040,200,1808000,15:23:00
9040,200,1808000,15:22:59
9038,100,903800,15:22:57
9039,200,1807800,15:22:55
9039,100,903900,15:22:55
9040,100,904000,15:22:51
9040,100,904000,15:22:51
9038,100,903800,15:22:49
9040,100,904000,15:22:49
9040,100,904000,15:22:48
9040,100,904000,15:22:46
9039,100,903900,15:22:45
9039,300,2711700,15:22:45
9038,200,1807600,15:22:45
9038,200,1807600,15:22:45
9038,100,903800,15:22:45
9039,100,903900,15:22:44
9039,100,903900,15:22:44
9039,200,1807800,15:22:44
9039,100,903900,15:22:44
9038,900,8134200,15:22:43
9040,100,904000,15:22:40
9039,100,903900,15:22:39
9039,100,903900,15:22:39
9040,100,904000,15:22:36
9039,200,1807800,15:22:36
9040,100,904000,15:22:36
9039,300,2711700,15:22:35
9039,700,6327300,15:22:34
9039,100,903900,15:22:34
9039,100,903900,15:22:32
9038,100,903800,15:22:32
9038,300,2711400,15:22:31
9039,100,903900,15:22:31
9038,200,1807600,15:22:30
9038,100,903800,15:22:30
9038,100,903800,15:22:30
9038,100,903800,15:22:30
9038,200,1807600,15:22:29
9038,1100,9941800,15:22:29
9038,100,903800,15:22:29
9039,100,903900,15:22:27
9038,100,903800,15:22:26
9040,100,904000,15:22:25
9039,200,1807800,15:22:25
9039,100,903900,15:22:23
9040,200,1808000,15:22:23
9039,300,2711700,15:22:23
9039,100,903900,15:22:21
9040,100,904000,15:22:21
9039,100,903900,15:22:21
9039,400,3615600,15:22:21
9040,100,904000,15:22:21
9039,100,903900,15:22:20
9039,200,1807800,15:22:18
9040,100,904000,15:22:18
9039,100,903900,15:22:18
9039,200,1807800,15:22:18
9039,400,3615600,15:22:18
9039,100,903900,15:22:18
9038,100,903800,15:22:18
9039,300,2711700,15:22:18
9039,100,903900,15:22:16
9038,100,903800,15:22:16
9039,100,903900,15:22:15
9039,100,903900,15:22:14
9038,100,903800,15:22:13
9038,100,903800,15:22:13
9038,100,903800,15:22:13
9038,100,903800,15:22:12
9038,100,903800,15:22:12
9038,100,903800,15:22:12
9038,100,903800,15:22:12
9038,100,903800,15:22:12
9037,100,903700,15:22:12
9038,100,903800,15:22:12
9040,400,3616000,15:22:12
9039,800,7231200,15:22:12
9038,100,903800,15:22:11
9038,200,1807600,15:22:10
9038,100,903800,15:22:10
9039,100,903900,15:22:10
9039,100,903900,15:22:10
9038,100,903800,15:22:09
9038,100,903800,15:22:09
9039,100,903900,15:22:08
9038,100,903800,15:22:06
9039,100,903900,15:22:06
9039,100,903900,15:22:06
9039,800,7231200,15:22:06
9039,100,903900,15:22:03
9038,100,903800,15:22:02
9038,1100,9941800,15:22:02
9037,100,903700,15:22:02
9037,600,5422200,15:22:00
9036,100,903600,15:22:00
9036,100,903600,15:21:59
9037,600,5422200,15:21:59
9037,200,1807400,15:21:57
9037,100,903700,15:21:55
9036,500,4518000,15:21:52
9038,100,903800,15:21:51
9037,800,7229600,15:21:51
9037,100,903700,15:21:51
9036,100,903600,15:21:50
9036,200,1807200,15:21:50
9036,1100,9939600,15:21:50
9036,100,903600,15:21:50
9036,100,903600,15:21:50
9035,200,1807000,15:21:47
9035,100,903500,15:21:46
9036,100,903600,15:21:45
9035,100,903500,15:21:44
9036,100,903600,15:21:42
9036,100,903600,15:21:42
9036,100,903600,15:21:40
9036,200,1807200,15:21:39
9035,100,903500,15:21:38
9035,200,1807000,15:21:37
9035,1000,9035000,15:21:37
9036,100,903600,15:21:34
9036,100,903600,15:21:32
9036,100,903600,15:21:31
9036,100,903600,15:21:30
9035,100,903500,15:21:29
9036,100,903600,15:21:27
9036,100,903600,15:21:26
9036,400,3614400,15:21:26
9037,100,903700,15:21:23
9037,100,903700,15:21:22
9036,200,1807200,15:21:21
9036,100,903600,15:21:20
9036,100,903600,15:21:20
9036,100,903600,15:21:20
9036,100,903600,15:21:20
9036,100,903600,15:21:19
9036,1400,12650400,15:21:19
9036,100,903600,15:21:17
9036,200,1807200,15:21:15
9035,100,903500,15:21:14
9035,1900,17166500,15:21:14
9035,100,903500,15:21:13
9034,100,903400,15:21:11
9033,1000,9033000,15:21:08
9034,100,903400,15:21:08
9034,100,903400,15:21:08
9034,400,3613600,15:21:06
9034,2700,24391800,15:21:06
9033,200,1806600,15:21:05
9032,100,903200,15:21:00
9032,100,903200,15:20:58
9034,100,903400,15:20:55
9033,100,903300,15:20:54
9033,300,2709900,15:20:54
9033,1600,14452800,15:20:54
9033,100,903300,15:20:49
9034,100,903400,15:20:46
9032,100,903200,15:20:39
9032,100,903200,15:20:38
9032,400,3612800,15:20:38
9033,400,3613200,15:20:38
9033,200,1806600,15:20:38
9034,200,1806800,15:20:35
9033,100,903300,15:20:34
9033,300,2709900,15:20:33
9033,900,8129700,15:20:33
9033,100,903300,15:20:33
9033,100,903300,15:20:33
9032,100,903200,15:20:33
9033,100,903300,15:20:32
9032,100,903200,15:20:24
9032,100,903200,15:20:22
9032,100,903200,15:20:21
9032,300,2709600,15:20:19
9032,600,5419200,15:20:19
9032,100,903200,15:20:18
9032,100,903200,15:20:17
9032,100,903200,15:20:15
9033,300,2709900,15:20:14
9033,100,903300,15:20:14
9033,100,903300,15:20:13
9033,300,2709900,15:20:13
9034,500,4517000,15:20:13
9035,1000,9035000,15:20:13
9035,700,6324500,15:20:13
9035,100,903500,15:20:12
9036,200,1807200,15:20:12
9036,100,903600,15:20:12
9036,1600,14457600,15:20:12
9037,100,903700,15:20:12
9037,100,903700,15:20:11
9037,700,6325900,15:20:11
9037,2000,18074000,15:20:08
9038,100,903800,15:20:08
9038,2000,18076000,15:20:08
9039,2800,25309200,15:20:08
9039,100,903900,15:20:08
9040,100,904000,15:20:07
9040,1200,10848000,15:20:07
9040,200,1808000,15:20:06
9041,300,2712300,15:20:02
9041,1200,10849200,15:20:02
9040,100,904000,15:20:02
9041,100,904100,15:20:02
9040,100,904000,15:19:57
9040,100,904000,15:19:56
9040,600,5424000,15:19:51
9040,100,904000,15:19:51
9039,1200,10846800,15:19:51
9039,100,903900,15:19:49
9039,200,1807800,15:19:47
9038,100,903800,15:19:46
9039,300,2711700,15:19:46
9039,1700,15366300,15:19:46
9040,800,7232000,15:19:45
9041,200,1808200,15:19:42
9040,100,904000,15:19:41
9040,300,2712000,15:19:39
9041,100,904100,15:19:38
9040,100,904000,15:19:37
9040,100,904000,15:19:33
9041,200,1808200,15:19:33
9041,100,904100,15:19:33
9041,100,904100,15:19:31
9040,100,904000,15:19:31
9041,100,904100,15:19:29
9040,700,6328000,15:19:27
9040,2200,19888000,15:19:26
9040,100,904000,15:19:26
9040,100,904000,15:19:25
9040,500,4520000,15:19:24
9039,100,903900,15:19:24
9039,500,4519500,15:19:24
9039,100,903900,15:19:17
9040,200,1808000,15:19:16
9040,100,904000,15:19:09
9040,700,6328000,15:19:09
9040,200,1808000,15:19:06
9040,600,5424000,15:19:02
9041,100,904100,15:19:02
9040,100,904000,15:19:00
9040,400,3616000,15:19:00
9040,100,904000,15:19:00
9040,200,1808000,15:18:57
9041,100,904100,15:18:57
9041,300,2712300,15:18:57
9040,500,4520000,15:18:52
9041,100,904100,15:18:52
9041,100,904100,15:18:51
9041,300,2712300,15:18:51
9042,100,904200,15:18:51
9042,100,904200,15:18:50
9041,100,904100,15:18:49
9041,400,3616400,15:18:49
9041,200,1808200,15:18:48
9042,200,1808400,15:18:43
9041,600,5424600,15:18:42
9041,1000,9041000,15:18:39
9041,100,904100,15:18:37
9041,300,2712300,15:18:37
9040,200,1808000,15:18:34
9040,100,904000,15:18:33
9040,100,904000,15:18:31
9040,1500,13560000,15:18:31
9040,100,904000,15:18:30
9040,1700,15368000,15:18:30
9041,100,904100,15:18:26
9040,100,904000,15:18:25
9040,200,1808000,15:18:25
9041,700,6328700,15:18:22
9042,100,904200,15:18:18
9041,200,1808200,15:18:12
9042,400,3616800,15:18:11
9042,100,904200,15:18:09
9041,200,1808200,15:18:03
9040,500,4520000,15:17:58
9041,100,904100,15:17:58
9041,100,904100,15:17:58
9041,300,2712300,15:17:57
9041,100,904100,15:17:57
9042,200,1808400,15:17:51
9040,100,904000,15:17:51
9041,100,904100,15:17:50
9041,1400,12657400,15:17:49
9040,100,904000,15:17:49
9041,100,904100,15:17:49
9040,200,1808000,15:17:45
9039,100,903900,15:17:45
9040,900,8136000,15:17:45
9040,200,1808000,15:17:36
9040,300,2712000,15:17:36
9040,300,2712000,15:17:34
9039,100,903900,15:17:34
9039,100,903900,15:17:31
9040,100,904000,15:17:31
9039,700,6327300,15:17:30
9039,100,903900,15:17:29
9039,200,1807800,15:17:26
9039,200,1807800,15:17:26
9038,100,903800,15:17:20
9039,300,2711700,15:17:19
9039,500,4519500,15:17:19
9038,100,903800,15:17:18
9038,400,3615200,15:17:18
9038,600,5422800,15:17:18
9039,300,2711700,15:17:17
9039,700,6327300,15:17:17
9039,100,903900,15:17:17
9039,900,8135100,15:17:17
9039,100,903900,15:17:17
9039,100,903900,15:17:17
9039,100,903900,15:17:17
9039,300,2711700,15:17:17
9039,100,903900,15:17:17
9039,100,903900,15:17:16
9040,5800,52432000,15:17:16
9041,200,1808200,15:17:14
9041,100,904100,15:17:12
9041,100,904100,15:17:07
9040,300,2712000,15:17:01
9040,300,2712000,15:16:55
9040,600,5424000,15:16:54
9039,100,903900,15:16:53
9040,900,8136000,15:16:53
9040,2500,22600000,15:16:53
9041,100,904100,15:16:52
9041,600,5424600,15:16:52
9041,300,2712300,15:16:43
9041,100,904100,15:16:41
9040,200,1808000,15:16:37
9040,100,904000,15:16:35
9041,700,6328700,15:16:27
9040,500,4520000,15:16:25
9041,100,904100,15:16:14
9042,100,904200,15:16:14
9040,900,8136000,15:16:14
9041,600,5424600,15:16:13
9040,100,904000,15:16:10
9039,400,3615600,15:16:07
9039,100,903900,15:16:05
9039,500,4519500,15:16:05
9040,300,2712000,15:16:05
9041,400,3616400,15:16:03
9040,700,6328000,15:16:01
9039,400,3615600,15:16:01
9039,200,1807800,15:15:54
9039,700,6327300,15:15:53
9039,100,903900,15:15:53
9039,200,1807800,15:15:53
9040,1600,14464000,15:15:52
9040,100,904000,15:15:52
9040,100,904000,15:15:51
9041,400,3616400,15:15:51
9040,200,1808000,15:15:50
9040,100,904000,15:15:50
9040,2100,18984000,15:15:49
9040,100,904000,15:15:47
9040,100,904000,15:15:44
9041,2100,18986100,15:15:44
9041,100,904100,15:15:42
9042,400,3616800,15:15:41
9042,100,904200,15:15:40
9042,100,904200,15:15:38
9041,100,904100,15:15:37
9041,100,904100,15:15:35
9043,200,1808600,15:15:35
9042,100,904200,15:15:35
9042,200,1808400,15:15:34
9042,300,2712600,15:15:34
9043,200,1808600,15:15:32
9042,200,1808400,15:15:32
9043,900,8138700,15:15:31
9043,100,904300,15:15:31
9043,100,904300,15:15:31
9043,100,904300,15:15:31
9043,100,904300,15:15:31
9043,100,904300,15:15:31
9043,700,6330100,15:15:31
9042,400,3616800,15:15:31
9042,100,904200,15:15:30
9043,200,1808600,15:15:28
9042,900,8137800,15:15:28
9042,400,3616800,15:15:28
9042,100,904200,15:15:28
9043,500,4521500,15:15:28
9043,100,904300,15:15:27
9043,100,904300,15:15:27
9045,300,2713500,15:15:26
9044,100,904400,15:15:23
9045,100,904500,15:15:22
9045,400,3618000,15:15:22
9045,100,904500,15:15:21
9045,100,904500,15:15:19
9045,400,3618000,15:15:19
9046,100,904600,15:15:19
9045,1200,10854000,15:15:19
9044,100,904400,15:15:19
9044,300,2713200,15:15:18
9043,100,904300,15:15:17
9043,800,7234400,15:15:17
9043,100,904300,15:15:16
9043,100,904300,15:15:16
9044,100,904400,15:15:16
9044,1100,9948400,15:15:16
9043,400,3617200,15:15:15
9043,100,904300,15:15:14
9043,100,904300,15:15:14
9044,100,904400,15:15:12
9042,100,904200,15:15:11
9043,100,904300,15:15:11
9043,200,1808600,15:15:11
9043,500,4521500,15:15:11
9043,100,904300,15:15:11
9043,100,904300,15:15:05
9043,400,3617200,15:15:03
9044,100,904400,15:15:03
9044,400,3617600,15:15:02
9044,100,904400,15:15:01
9044,100,904400,15:15:01
9044,300,2713200,15:15:00
9043,200,1808600,15:14:58
9043,100,904300,15:14:58
9043,100,904300,15:14:58
9044,800,7235200,15:14:57
9045,100,904500,15:14:56
9045,400,3618000,15:14:56
9045,400,3618000,15:14:56
9045,200,1809000,15:14:56
9045,400,3618000,15:14:56
9045,100,904500,15:14:56
9044,100,904400,15:14:55
9044,400,3617600,15:14:54
9044,100,904400,15:14:54
9044,100,904400,15:14:52
9043,300,2712900,15:14:52
9043,800,7234400,15:14:51
9042,200,1808400,15:14:51
9042,100,904200,15:14:50
9043,100,904300,15:14:50
9042,100,904200,15:14:49
9042,100,904200,15:14:43
9042,200,1808400,15:14:36
9042,100,904200,15:14:36
9043,400,3617200,15:14:35
9043,500,4521500,15:14:35
9043,500,4521500,15:14:35
9044,400,3617600,15:14:35
9044,100,904400,15:14:35
9044,200,1808800,15:14:31
9044,100,904400,15:14:29
9044,500,4522000,15:14:28
9043,900,8138700,15:14:28
9041,100,904100,15:14:27
9041,100,904100,15:14:27
9042,400,3616800,15:14:27
9042,100,904200,15:14:26
9043,200,1808600,15:14:26
9042,100,904200,15:14:26
9043,200,1808600,15:14:25
9043,100,904300,15:14:25
9043,100,904300,15:14:22
9044,100,904400,15:14:20
9044,100,904400,15:14:19
9044,300,2713200,15:14:18
9045,100,904500,15:14:12
9045,100,904500,15:14:12
9044,400,3617600,15:14:12
9043,300,2712900,15:14:09
9043,500,4521500,15:14:09
9042,400,3616800,15:14:08
9042,700,6329400,15:14:04
9042,100,904200,15:14:03
9043,400,3617200,15:14:03
9042,100,904200,15:14:03
9042,100,904200,15:14:03
9042,700,6329400,15:14:02
9041,1800,16273800,15:14:02
9040,500,4520000,15:14:02
9039,100,903900,15:14:01
9038,300,2711400,15:14:00
9038,1300,11749400,15:14:00
9040,100,904000,15:14:00
9039,400,3615600,15:13:59
9039,100,903900,15:13:58
9039,100,903900,15:13:57
9039,800,7231200,15:13:57
9037,200,1807400,15:13:49
9037,800,7229600,15:13:49
9039,900,8135100,15:13:49
9038,2100,18979800,15:13:49
9037,700,6325900,15:13:48
9036,200,1807200,15:13:48
9037,300,2711100,15:13:47
9037,1300,11748100,15:13:46
9038,100,903800,15:13:46
9038,300,2711400,15:13:46
9037,100,903700,15:13:45
9038,100,903800,15:13:45
9038,200,1807600,15:13:41
9038,200,1807600,15:13:39
9038,100,903800,15:13:38
9038,300,2711400,15:13:36
9038,200,1807600,15:13:34
9038,200,1807600,15:13:33
9038,100,903800,15:13:31
9038,200,1807600,15:13:30
9038,100,903800,15:13:27
9039,600,5423400,15:13:26
9038,200,1807600,15:13:26
9037,200,1807400,15:13:26
9037,400,3614800,15:13:26
9038,600,5422800,15:13:26
9038,100,903800,15:13:24
9039,100,903900,15:13:24
9039,200,1807800,15:13:23
9039,200,1807800,15:13:23
9039,200,1807800,15:13:23
9040,100,904000,15:13:22
9039,200,1807800,15:13:21
9040,100,904000,15:13:21
9040,900,8136000,15:13:21
9039,200,1807800,15:13:19
9039,100,903900,15:13:15
9040,100,904000,15:13:14
9039,200,1807800,15:13:11
9040,100,904000,15:13:11
9040,1000,9040000,15:13:10
9041,100,904100,15:13:09
9041,100,904100,15:13:05
9041,100,904100,15:13:03
9041,300,2712300,15:13:03
9039,100,903900,15:13:03
9040,2300,20792000,15:13:02
9039,2700,24405300,15:13:02
9038,200,1807600,15:13:02
9037,100,903700,15:13:02
9038,400,3615200,15:13:01
9037,100,903700,15:12:57
9036,200,1807200,15:12:56
9037,100,903700,15:12:56
9038,200,1807600,15:12:55
9038,100,903800,15:12:55
9038,100,903800,15:12:54
9036,200,1807200,15:12:54
9038,200,1807600,15:12:53
9036,200,1807200,15:12:53
9037,100,903700,15:12:52
9037,200,1807400,15:12:52
9037,100,903700,15:12:52
9039,400,3615600,15:12:48
9038,600,5422800,15:12:48
9037,100,903700,15:12:47
9037,100,903700,15:12:47
9037,400,3614800,15:12:46
9037,100,903700,15:12:43
9036,100,903600,15:12:43
9036,100,903600,15:12:42
9036,300,2710800,15:12:42
9037,100,903700,15:12:40
9037,100,903700,15:12:39
9037,100,903700,15:12:39
9038,100,903800,15:12:38
9037,100,903700,15:12:35
9036,100,903600,15:12:34
9035,300,2710500,15:12:33
9037,400,3614800,15:12:33
9035,300,2710500,15:12:32
9036,100,903600,15:12:31
9036,100,903600,15:12:30
9036,700,6325200,15:12:30
9036,100,903600,15:12:30
9036,100,903600,15:12:30
9036,100,903600,15:12:29
9037,200,1807400,15:12:29
9037,300,2711100,15:12:28
9037,500,4518500,15:12:28
9037,500,4518500,15:12:28
9037,100,903700,15:12:27
9038,100,903800,15:12:27
9038,500,4519000,15:12:24
9038,100,903800,15:12:24
9038,100,903800,15:12:24
9038,100,903800,15:12:22
9039,100,903900,15:12:21
9038,400,3615200,15:12:21
9038,100,903800,15:12:20
9038,100,903800,15:12:19
9038,200,1807600,15:12:17
9038,200,1807600,15:12:17
9038,400,3615200,15:12:17
9039,100,903900,15:12:15
9039,100,903900,15:12:14
9039,100,903900,15:12:12
9039,100,903900,15:12:12
9039,100,903900,15:12:12
9039,300,2711700,15:12:12
9039,100,903900,15:12:10
9039,100,903900,15:12:10
9038,100,903800,15:12:10
9039,300,2711700,15:12:10
9040,200,1808000,15:12:07
9039,100,903900,15:12:06
9039,300,2711700,15:12:06
9040,200,1808000,15:12:05
9040,200,1808000,15:12:03
9041,100,904100,15:12:02
9040,100,904000,15:12:02
9041,100,904100,15:12:02
9040,100,904000,15:12:02
9040,1800,16272000,15:12:01
9040,300,2712000,15:12:01
9040,300,2712000,15:12:01
9040,300,2712000,15:12:01
9040,300,2712000,15:12:01
9039,100,903900,15:12:01
9039,100,903900,15:12:01
9039,300,2711700,15:12:00
9039,100,903900,15:12:00
9039,100,903900,15:11:59
9039,100,903900,15:11:56
9039,100,903900,15:11:56
9039,100,903900,15:11:56
9039,100,903900,15:11:56
9039,300,2711700,15:11:56
9039,100,903900,15:11:55
9039,200,1807800,15:11:55
9039,300,2711700,15:11:55
9038,100,903800,15:11:51
9038,100,903800,15:11:47
9038,100,903800,15:11:46
9038,1700,15364600,15:11:46
9038,2300,20787400,15:11:46
9038,300,2711400,15:11:42
9037,500,4518500,15:11:42
9036,200,1807200,15:11:41
9036,2000,18072000,15:11:41
9036,100,903600,15:11:41
9035,600,5421000,15:11:40
9035,200,1807000,15:11:40
9035,100,903500,15:11:38
9035,100,903500,15:11:37
9034,100,903400,15:11:34
9034,100,903400,15:11:33
9033,500,4516500,15:11:33
9034,1100,9937400,15:11:33
9033,2200,19872600,15:11:33
9033,100,903300,15:11:33
9033,100,903300,15:11:33
9033,100,903300,15:11:33
9032,500,4516000,15:11:30
9032,100,903200,15:11:24
9032,400,3612800,15:11:23
9032,100,903200,15:11:22
9032,300,2709600,15:11:22
9033,100,903300,15:11:22
9033,500,4516500,15:11:22
9033,500,4516500,15:11:22
9033,100,903300,15:11:22
9033,100,903300,15:11:22
9033,100,903300,15:11:22
9034,100,903400,15:11:21
9034,100,903400,15:11:21
9034,100,903400,15:11:21
9034,2300,20778200,15:11:21
9034,100,903400,15:11:21
9035,400,3614000,15:11:20
9034,400,3613600,15:11:16
9034,100,903400,15:11:09
9034,500,4517000,15:11:09
9034,100,903400,15:11:08
9034,200,1806800,15:11:04
9034,100,903400,15:11:01
9034,100,903400,15:11:01
9035,100,903500,15:11:00
9034,200,1806800,15:10:58
9034,100,903400,15:10:58
9034,300,2710200,15:10:58
9034,400,3613600,15:10:56
9035,300,2710500,15:10:51
9035,4100,37043500,15:10:51
9034,600,5420400,15:10:49
9033,100,903300,15:10:46
9034,200,1806800,15:10:46
9034,200,1806800,15:10:45
9035,100,903500,15:10:45
9033,100,903300,15:10:45
9034,100,903400,15:10:43
9034,100,903400,15:10:37
9033,500,4516500,15:10:37
9033,300,2709900,15:10:36
9034,200,1806800,15:10:34
9034,300,2710200,15:10:34
9034,300,2710200,15:10:33
9034,100,903400,15:10:33
9034,300,2710200,15:10:33
9034,300,2710200,15:10:33
9033,100,903300,15:10:32
9035,100,903500,15:10:27
9034,900,8130600,15:10:27
9032,200,1806400,15:10:26
9032,200,1806400,15:10:24
9032,200,1806400,15:10:24
9032,100,903200,15:10:24
9032,200,1806400,15:10:24
9032,100,903200,15:10:24
9032,100,903200,15:10:24
9032,100,903200,15:10:24
9032,800,7225600,15:10:24
9033,100,903300,15:10:24
9033,100,903300,15:10:23
9033,100,903300,15:10:23
9033,300,2709900,15:10:22
9033,100,903300,15:10:22
9033,200,1806600,15:10:19
9033,200,1806600,15:10:19
9033,200,1806600,15:10:19
9032,500,4516000,15:10:18
9031,100,903100,15:10:18
9031,100,903100,15:10:18
9032,300,2709600,15:10:17
9031,100,903100,15:10:17
9030,600,5418000,15:10:17
9031,800,7224800,15:10:17
9031,4500,40639500,15:10:17
9030,100,903000,15:10:15
9030,100,903000,15:10:15
9030,100,903000,15:10:15
9030,200,1806000,15:10:12
9029,200,1805800,15:10:09
9029,100,902900,15:10:06
9028,100,902800,15:10:04
9029,200,1805800,15:10:03
9029,100,902900,15:10:03
9029,100,902900,15:10:03
9030,100,903000,15:10:03
9030,1600,14448000,15:10:03
9029,100,902900,15:10:02
9029,100,902900,15:09:55
9029,100,902900,15:09:55
9030,100,903000,15:09:50
9029,100,902900,15:09:49
9030,200,1806000,15:09:46
9030,300,2709000,15:09:46
9030,2100,18963000,15:09:45
9030,2200,19866000,15:09:45
9029,400,3611600,15:09:45
9028,100,902800,15:09:42
9029,400,3611600,15:09:42
9028,1100,9930800,15:09:42
9029,400,3611600,15:09:42
9030,100,903000,15:09:42
9029,500,4514500,15:09:42
9030,100,903000,15:09:40
9030,100,903000,15:09:40
9030,100,903000,15:09:40
9030,400,3612000,15:09:39
9030,100,903000,15:09:38
9030,100,903000,15:09:36
9029,200,1805800,15:09:34
9030,600,5418000,15:09:34
9030,100,903000,15:09:33
9030,100,903000,15:09:31
9030,100,903000,15:09:30
9030,600,5418000,15:09:30
9030,300,2709000,15:09:30
9031,100,903100,15:09:30
9030,100,903000,15:09:30
9030,200,1806000,15:09:28
9030,100,903000,15:09:28
9030,100,903000,15:09:25
9030,1400,12642000,15:09:25
9030,500,4515000,15:09:25
9030,500,4515000,15:09:25
9030,500,4515000,15:09:25
9030,2500,22575000,15:09:25
9030,200,1806000,15:09:25
9028,100,902800,15:09:23
9028,200,1805600,15:09:23
9028,100,902800,15:09:20
9029,100,902900,15:09:19
9028,500,4514000,15:09:19
9029,100,902900,15:09:18
9029,100,902900,15:09:18
9029,100,902900,15:09:18
9027,100,902700,15:09:18
9027,100,902700,15:09:15
9027,100,902700,15:09:14
9028,200,1805600,15:09:14
9028,100,902800,15:09:14
9028,100,902800,15:09:14
9028,1200,10833600,15:09:14
9028,100,902800,15:09:13
9029,100,902900,15:09:12
9029,100,902900,15:09:12
9029,800,7223200,15:09:12
9029,100,902900,15:09:07
9028,200,1805600,15:09:07
9028,100,902800,15:09:04
9029,500,4514500,15:09:04
9028,100,902800,15:09:03
9028,100,902800,15:09:02
9029,1100,9931900,15:09:01
9028,200,1805600,15:08:55
9028,100,902800,15:08:50
9028,100,902800,15:08:49
9028,200,1805600,15:08:49
9027,100,902700,15:08:47
9028,100,902800,15:08:40
9028,100,902800,15:08:38
9028,100,902800,15:08:38
9028,100,902800,15:08:35
9028,100,902800,15:08:35
9028,100,902800,15:08:35
9028,400,3611200,15:08:35
9028,200,1805600,15:08:35
9028,100,902800,15:08:35
9029,300,2708700,15:08:30
9029,100,902900,15:08:25
9028,100,902800,15:08:21
9028,100,902800,15:08:17
9029,100,902900,15:08:17
9029,100,902900,15:08:17
9029,100,902900,15:08:17
9029,100,902900,15:08:17
9029,100,902900,15:08:14
9030,100,903000,15:08:13
9029,600,5417400,15:08:11
9029,100,902900,15:08:08
9028,100,902800,15:08:07
9027,100,902700,15:08:04
9028,100,902800,15:08:04
9028,100,902800,15:08:04
9027,600,5416200,15:08:04
9028,400,3611200,15:08:04
9029,100,902900,15:08:03
9029,200,1805800,15:08:03
9028,2900,26181200,15:08:03
9027,600,5416200,15:08:03
9027,100,902700,15:08:03
9027,100,902700,15:08:03
9027,100,902700,15:08:03
9027,600,5416200,15:08:03
9026,600,5415600,15:08:03
9026,200,1805200,15:08:03
9026,1300,11733800,15:08:03
9026,100,902600,15:08:02
9025,1000,9025000,15:08:00
9026,300,2707800,15:07:57
9026,100,902600,15:07:55
9025,100,902500,15:07:47
9025,400,3610000,15:07:47
9026,100,902600,15:07:43
9026,200,1805200,15:07:43
9026,100,902600,15:07:24
9025,800,7220000,15:07:24
9026,100,902600,15:07:21
9026,200,1805200,15:07:21
9026,100,902600,15:07:20
9026,100,902600,15:07:18
9027,400,3610800,15:07:17
9026,1300,11733800,15:07:16
9025,200,1805000,15:07:12
9025,100,902500,15:07:09
9025,1200,10830000,15:07:09
9025,300,2707500,15:07:06
9025,200,1805000,15:07:06
9025,600,5415000,15:07:06
9025,300,2707500,15:07:06
9025,600,5415000,15:07:03
9025,600,5415000,15:07:03
9025,200,1805000,15:07:02
9026,300,2707800,15:07:02
9026,200,1805200,15:07:01
9025,100,902500,15:07:00
9025,100,902500,15:06:53
9026,100,902600,15:06:50
9025,400,3610000,15:06:47
9025,100,902500,15:06:41
9025,300,2707500,15:06:40
9025,300,2707500,15:06:40
9025,1200,10830000,15:06:35
9025,100,902500,15:06:29
9025,200,1805000,15:06:29
9025,200,1805000,15:06:29
9025,100,902500,15:06:25
9026,500,4513000,15:06:24
9026,100,902600,15:06:24
9025,100,902500,15:06:22
9025,100,902500,15:06:19
9026,100,902600,15:06:19
9026,100,902600,15:06:18
9026,1100,9928600,15:06:18
9026,200,1805200,15:06:13
9027,100,902700,15:06:10
9026,100,902600,15:06:08
9026,100,902600,15:06:08
9027,100,902700,15:06:08
9026,100,902600,15:06:07
9025,1100,9927500,15:06:01
9026,300,2707800,15:05:57
9025,1100,9927500,15:05:53
9026,200,1805200,15:05:52
9026,200,1805200,15:05:46
9026,100,902600,15:05:45
9026,100,902600,15:05:45
9026,1200,10831200,15:05:45
9028,100,902800,15:05:45
9027,100,902700,15:05:45
9028,700,6319600,15:05:45
9027,300,2708100,15:05:44
9027,200,1805400,15:05:41
9027,300,2708100,15:05:41
9027,100,902700,15:05:41
9028,200,1805600,15:05:38
9028,100,902800,15:05:34
9028,100,902800,15:05:34
9028,1000,9028000,15:05:33
9029,300,2708700,15:05:33
9029,100,902900,15:05:25
9029,100,902900,15:05:23
9029,200,1805800,15:05:23
9028,1200,10833600,15:05:20
9027,1800,16248600,15:05:20
9027,100,902700,15:05:19
9026,100,902600,15:05:19
9026,100,902600,15:05:17
9026,100,902600,15:05:17
9026,100,902600,15:05:17
9026,100,902600,15:05:17
9025,100,902500,15:05:11
9025,500,4512500,15:05:11
9025,1600,14440000,15:05:05
9026,200,1805200,15:05:02
9027,100,902700,15:05:02
9027,100,902700,15:05:02
9028,100,902800,15:05:02
9028,100,902800,15:05:02
9029,200,1805800,15:05:02
9027,100,902700,15:05:02
9028,500,4514000,15:05:02
9027,3200,28886400,15:05:02
9026,500,4513000,15:05:02
9026,100,902600,15:05:02
9026,100,902600,15:05:02
9025,100,902500,15:04:59
9026,200,1805200,15:04:59
9025,100,902500,15:04:58
9025,100,902500,15:04:55
9025,100,902500,15:04:55
9026,100,902600,15:04:53
9026,400,3610400,15:04:53
9026,100,902600,15:04:51
9027,100,902700,15:04:50
9027,200,1805400,15:04:49
9027,600,5416200,15:04:49
9027,200,1805400,15:04:47
9026,600,5415600,15:04:44
9027,300,2708100,15:04:34
9027,100,902700,15:04:34
9027,100,902700,15:04:32
9027,100,902700,15:04:32
9028,500,4514000,15:04:29
9029,100,902900,15:04:25
9028,500,4514000,15:04:21
9029,100,902900,15:04:20
9029,100,902900,15:04:20
9029,900,8126100,15:04:20
9028,200,1805600,15:04:17
9028,100,902800,15:04:17
9027,100,902700,15:04:17
9027,700,6318900,15:04:17
9027,100,902700,15:04:14
9026,100,902600,15:04:14
9026,100,902600,15:04:14
9026,100,902600,15:04:09
9026,100,902600,15:04:08
9027,100,902700,15:04:07
9026,300,2707800,15:04:03
9027,100,902700,15:04:02
9027,100,902700,15:03:59
9027,100,902700,15:03:59
9027,100,902700,15:03:59
9027,1700,15345900,15:03:59
9026,500,4513000,15:03:58
9026,100,902600,15:03:55
9026,100,902600,15:03:54
9026,100,902600,15:03:54
9027,300,2708100,15:03:52
9027,100,902700,15:03:47
9027,300,2708100,15:03:45
9027,100,902700,15:03:43
9027,200,1805400,15:03:43
9027,100,902700,15:03:43
9027,100,902700,15:03:43
9028,100,902800,15:03:43
9028,100,902800,15:03:41
9028,100,902800,15:03:41
9028,200,1805600,15:03:41
9028,100,902800,15:03:32
9028,200,1805600,15:03:32
9029,100,902900,15:03:28
9029,100,902900,15:03:23
9029,100,902900,15:03:23
9029,600,5417400,15:03:23
9029,100,902900,15:03:23
9028,100,902800,15:03:22
9027,200,1805400,15:03:21
9027,200,1805400,15:03:20
9026,100,902600,15:03:20
9026,500,4513000,15:03:19
9025,1800,16245000,15:03:19
9024,100,902400,15:03:18
9024,100,902400,15:03:17
9024,100,902400,15:03:15
9024,100,902400,15:03:15
9025,900,8122500,15:03:15
9026,500,4513000,15:03:15
9026,300,2707800,15:03:15
9026,700,6318200,15:03:15
9027,300,2708100,15:03:14
9027,100,902700,15:03:14
9026,100,902600,15:03:02
9025,500,4512500,15:02:55
9025,100,902500,15:02:54
9025,200,1805000,15:02:50
9024,100,902400,15:02:48
9025,300,2707500,15:02:47
9024,100,902400,15:02:46
9024,100,902400,15:02:44
9024,300,2707200,15:02:41
9024,500,4512000,15:02:41
9024,500,4512000,15:02:41
9024,500,4512000,15:02:41
9023,600,5413800,15:02:40
9022,100,902200,15:02:39
9022,100,902200,15:02:37
9022,100,902200,15:02:36
9022,200,1804400,15:02:36
9022,100,902200,15:02:36
9022,200,1804400,15:02:36
9024,100,902400,15:02:34
9025,200,1805000,15:02:34
9025,700,6317500,15:02:34
9025,200,1805000,15:02:34
9026,200,1805200,15:02:34
9026,100,902600,15:02:34
9026,100,902600,15:02:31
9028,200,1805600,15:02:26
9028,700,6319600,15:02:26
9027,100,902700,15:02:26
9026,200,1805200,15:02:23
9027,300,2708100,15:02:22
9026,600,5415600,15:02:20
9025,700,6317500,15:02:20
9024,700,6316800,15:02:20
9024,200,1804800,15:02:17
9023,100,902300,15:02:17
9023,100,902300,15:02:17
9023,100,902300,15:02:17
9022,300,2706600,15:02:15
9023,100,902300,15:02:15
9023,100,902300,15:02:12
9023,100,902300,15:02:10
9023,200,1804600,15:02:10
9024,100,902400,15:02:05
9024,100,902400,15:02:04
9024,300,2707200,15:02:04
9024,100,902400,15:02:03
9025,600,5415000,15:02:01
9025,100,902500,15:02:01
9026,1200,10831200,15:02:01
9027,200,1805400,15:02:01
9027,100,902700,15:02:01
9027,300,2708100,15:02:01
9027,100,902700,15:02:01
9027,100,902700,15:01:56
9029,100,902900,15:01:56
9028,100,902800,15:01:51
9028,100,902800,15:01:51
9028,100,902800,15:01:49
9030,100,903000,15:01:48
9028,900,8125200,15:01:48
9029,300,2708700,15:01:48
9030,500,4515000,15:01:47
9030,100,903000,15:01:47
9031,200,1806200,15:01:45
9031,100,903100,15:01:38
9031,100,903100,15:01:32
9029,1000,9029000,15:01:31
9030,200,1806000,15:01:31
9031,100,903100,15:01:29
9031,300,2709300,15:01:28
9031,100,903100,15:01:28
9032,100,903200,15:01:27
9032,1100,9935200,15:01:25
9032,100,903200,15:01:25
9032,200,1806400,15:01:25
9032,500,4516000,15:01:25
9033,100,903300,15:01:25
9032,100,903200,15:01:24
9033,200,1806600,15:01:24
9033,700,6323100,15:01:24
9033,100,903300,15:01:23
9033,100,903300,15:01:20
9033,100,903300,15:01:18
9033,100,903300,15:01:17
9033,200,1806600,15:01:16
9034,200,1806800,15:01:12
9033,200,1806600,15:01:12
9033,200,1806600,15:01:10
9033,300,2709900,15:01:10
9033,500,4516500,15:01:09
9034,100,903400,15:01:08
9035,100,903500,15:01:08
9035,100,903500,15:01:08
9035,100,903500,15:01:08
9036,200,1807200,15:01:08
9035,200,1807000,15:01:08
9035,400,3614000,15:01:08
9035,300,2710500,15:01:08
9034,300,2710200,15:01:08
9032,100,903200,15:01:08
9033,300,2709900,15:01:08
9032,1400,12644800,15:01:08
9031,700,6321700,15:01:08
9030,4000,36120000,15:01:08
9030,100,903000,15:01:08
9030,100,903000,15:01:08
9029,100,902900,15:01:00
9029,100,902900,15:01:00
9029,1800,16252200,15:01:00
9028,100,902800,15:00:58
9028,400,3611200,15:00:57
9028,100,902800,15:00:54
9028,100,902800,15:00:54
9027,100,902700,15:00:42
9028,100,902800,15:00:42
9028,100,902800,15:00:42
9027,400,3610800,15:00:40
9029,600,5417400,15:00:39
9028,400,3611200,15:00:39
9027,100,902700,15:00:38
9028,100,902800,15:00:38
9027,300,2708100,15:00:38
9026,200,1805200,15:00:30
9025,400,3610000,15:00:27
9024,100,902400,15:00:25
9024,100,902400,15:00:24
9024,400,3609600,15:00:24
9024,400,3609600,15:00:24
9024,200,1804800,15:00:24
9025,500,4512500,15:00:23
9025,100,902500,15:00:23
9025,1100,9927500,15:00:23
9026,700,6318200,15:00:17
9026,1800,16246800,15:00:17
9026,100,902600,15:00:17
9026,100,902600,15:00:17
9026,100,902600,15:00:17
9026,100,902600,15:00:15
9027,100,902700,15:00:15
9027,100,902700,15:00:14
9027,100,902700,15:00:13
9026,100,902600,15:00:11
9026,100,902600,15:00:11
9027,100,902700,15:00:08
9026,100,902600,15:00:05
9026,200,1805200,15:00:05
9027,300,2708100,15:00:03
9027,100,902700,15:00:03
9027,100,902700,15:00:02
9029,100,902900,15:00:02
9028,100,902800,15:00:02
9028,200,1805600,15:00:02
9029,300,2708700,15:00:01
9028,100,902800,15:00:01
9029,100,902900,15:00:00
9028,300,2708400,14:59:55
9028,100,902800,14:59:55
9028,300,2708400,14:59:55
9028,100,902800,14:59:48
9029,100,902900,14:59:48
9028,200,1805600,14:59:41
9028,100,902800,14:59:40
9028,100,902800,14:59:40
9028,100,902800,14:59:40
9028,100,902800,14:59:40
9028,100,902800,14:59:40
9028,100,902800,14:59:40
9028,100,902800,14:59:40
9028,100,902800,14:59:40
9028,100,902800,14:59:40
9028,300,2708400,14:59:40
9028,100,902800,14:59:38
9028,100,902800,14:59:38
9028,100,902800,14:59:38
9028,100,902800,14:59:34
9029,100,902900,14:59:34
9028,100,902800,14:59:33
9028,400,3611200,14:59:33
9028,100,902800,14:59:26
9028,100,902800,14:59:26
9028,600,5416800,14:59:26
9026,1300,11733800,14:59:18
9027,1700,15345900,14:59:18
9028,300,2708400,14:59:18
9028,100,902800,14:59:18
9029,100,902900,14:59:18
9029,200,1805800,14:59:18
9028,100,902800,14:59:16
9028,100,902800,14:59:16
9028,300,2708400,14:59:16
9027,100,902700,14:59:12
9027,100,902700,14:59:11
9028,100,902800,14:59:08
9029,100,902900,14:59:08
9028,200,1805600,14:59:08
9028,100,902800,14:59:06
9028,100,902800,14:59:06
9027,100,902700,14:59:05
9028,100,902800,14:59:04
9028,300,2708400,14:59:04
9028,100,902800,14:59:00
9028,200,1805600,14:59:00
9028,200,1805600,14:59:00
9027,100,902700,14:59:00
9028,300,2708400,14:59:00
9028,100,902800,14:59:00
9027,700,6318900,14:59:00
9026,100,902600,14:58:58
9026,100,902600,14:58:50
9026,100,902600,14:58:45
9026,100,902600,14:58:45
9026,500,4513000,14:58:45
9026,100,902600,14:58:45
9026,200,1805200,14:58:42
9025,300,2707500,14:58:42
9025,200,1805000,14:58:39
9026,100,902600,14:58:33
9025,300,2707500,14:58:32
9025,500,4512500,14:58:32
9025,500,4512500,14:58:32
9025,100,902500,14:58:32
9025,100,902500,14:58:32
9025,100,902500,14:58:32
9024,100,902400,14:58:31
9024,200,1804800,14:58:28
9024,100,902400,14:58:28
9024,100,902400,14:58:28
9024,600,5414400,14:58:28
9024,100,902400,14:58:24
9024,1100,9926400,14:58:24
9023,100,902300,14:58:18
9023,200,1804600,14:58:14
9023,100,902300,14:58:10
9024,400,3609600,14:58:10
9024,800,7219200,14:58:10
9024,100,902400,14:58:00
9024,100,902400,14:58:00
9025,100,902500,14:57:52
9025,100,902500,14:57:52
9025,100,902500,14:57:49
9025,200,1805000,14:57:49
9025,200,1805000,14:57:49
9025,100,902500,14:57:45
9025,200,1805000,14:57:45
9025,200,1805000,14:57:45
9025,200,1805000,14:57:45
9025,100,902500,14:57:45
9024,500,4512000,14:57:45
9024,100,902400,14:57:38
9023,500,4511500,14:57:38
9024,100,902400,14:57:33
9023,100,902300,14:57:31
9023,100,902300,14:57:31
9024,200,1804800,14:57:29
9024,100,902400,14:57:29
9024,200,1804800,14:57:29
9024,300,2707200,14:57:23
9024,100,902400,14:57:23
9024,100,902400,14:57:23
9024,100,902400,14:57:23
9025,200,1805000,14:57:14
9025,100,902500,14:57:13
9025,100,902500,14:57:07
9025,200,1805000,14:57:07
9025,100,902500,14:57:07
9025,1300,11732500,14:57:07
9026,400,3610400,14:57:05
9026,300,2707800,14:57:03
9026,300,2707800,14:57:00
9026,100,902600,14:57:00
9026,400,3610400,14:57:00
9026,400,3610400,14:57:00
9026,100,902600,14:57:00
9026,100,902600,14:57:00
9026,100,902600,14:56:50
9025,300,2707500,14:56:48
9026,100,902600,14:56:47
9026,200,1805200,14:56:47
9026,200,1805200,14:56:47
9026,300,2707800,14:56:47
9026,500,4513000,14:56:47
9026,500,4513000,14:56:47
9027,100,902700,14:56:41
9028,100,902800,14:56:38
9027,100,902700,14:56:38
9026,100,902600,14:56:31
9026,100,902600,14:56:31
9027,100,902700,14:56:28
9027,100,902700,14:56:21
9027,100,902700,14:56:20
9027,100,902700,14:56:20
9028,1000,9028000,14:56:20
9029,300,2708700,14:56:17
9028,100,902800,14:56:14
9028,100,902800,14:56:14
9028,200,1805600,14:56:14
9027,100,902700,14:56:13
9027,100,902700,14:56:10
9028,100,902800,14:56:10
9028,300,2708400,14:56:09
9027,700,6318900,14:56:09
9027,500,4513500,14:56:08
9025,500,4512500,14:56:08
9026,300,2707800,14:56:08
9026,100,902600,14:56:04
9027,100,902700,14:56:03
9028,300,2708400,14:56:01
9027,600,5416200,14:56:00
9027,100,902700,14:55:59
9028,100,902800,14:55:58
9027,100,902700,14:55:56
9026,1700,15344200,14:55:56
9027,300,2708100,14:55:56
9027,300,2708100,14:55:52
9027,100,902700,14:55:52
9026,100,902600,14:55:51
9026,400,3610400,14:55:51
9028,3100,27986800,14:55:51
9027,1500,13540500,14:55:51
9026,400,3610400,14:55:51
9026,100,902600,14:55:50
9027,200,1805400,14:55:47
9026,100,902600,14:55:46
9026,100,902600,14:55:46
9026,100,902600,14:55:46
9026,100,902600,14:55:46
9026,100,902600,14:55:46
9026,300,2707800,14:55:46
9026,100,902600,14:55:44
9026,100,902600,14:55:43
9027,200,1805400,14:55:41
9026,200,1805200,14:55:41
9025,100,902500,14:55:35
9026,200,1805200,14:55:34
9026,100,902600,14:55:34
9026,100,902600,14:55:34
9025,1700,15342500,14:55:33
9024,1000,9024000,14:55:33
9024,100,902400,14:55:33
9024,100,902400,14:55:33
9023,1000,9023000,14:55:32
9022,100,902200,14:55:31
9023,100,902300,14:55:28
9022,100,902200,14:55:28
9022,300,2706600,14:55:25
9022,100,902200,14:55:25
9022,100,902200,14:55:25
9022,200,1804400,14:55:25
9022,400,3608800,14:55:23
9022,100,902200,14:55:18
9023,100,902300,14:55:18
9022,100,902200,14:55:18
9022,100,902200,14:55:13
9022,100,902200,14:55:07
9022,800,7217600,14:55:07
9021,100,902100,14:55:03
9021,100,902100,14:55:02
9021,2400,21650400,14:55:02
9020,800,7216000,14:55:02
9019,100,901900,14:54:58
9019,100,901900,14:54:56
9019,400,3607600,14:54:51
9018,100,901800,14:54:46
9018,800,7214400,14:54:45
9019,200,1803800,14:54:40
9018,300,2705400,14:54:38
9018,300,2705400,14:54:38
9019,100,901900,14:54:34
9019,100,901900,14:54:28
9019,100,901900,14:54:28
9019,100,901900,14:54:28
9019,100,901900,14:54:28
9019,100,901900,14:54:28
9018,100,901800,14:54:28
9019,600,5411400,14:54:28
9019,700,6313300,14:54:28
9020,100,902000,14:54:22
9019,100,901900,14:54:16
9019,100,901900,14:54:15
9020,300,2706000,14:54:12
9020,200,1804000,14:54:05
9020,100,902000,14:54:05
9020,100,902000,14:54:05
9020,100,902000,14:54:05
9020,100,902000,14:54:05
9020,100,902000,14:54:05
9020,200,1804000,14:54:05
9020,300,2706000,14:54:03
9019,100,901900,14:54:00
9019,500,4509500,14:53:59
9018,800,7214400,14:53:55
9019,100,901900,14:53:49
9019,100,901900,14:53:48
9020,100,902000,14:53:48
9020,100,902000,14:53:48
9020,800,7216000,14:53:48
9019,900,8117100,14:53:48
9019,300,2705700,14:53:48
9018,100,901800,14:53:47
9018,100,901800,14:53:45
9018,100,901800,14:53:40
9016,400,3606400,14:53:40
9017,100,901700,14:53:40
9017,200,1803400,14:53:36
9018,200,1803600,14:53:36
9018,300,2705400,14:53:36
9017,400,3606800,14:53:36
9018,100,901800,14:53:32
9018,100,901800,14:53:32
9018,100,901800,14:53:32
9018,100,901800,14:53:32
9018,100,901800,14:53:32
9018,500,4509000,14:53:32
9019,300,2705700,14:53:20
9017,100,901700,14:53:20
9018,200,1803600,14:53:19
9018,100,901800,14:53:18
9018,100,901800,14:53:15
9019,200,1803800,14:53:13
9019,100,901900,14:53:10
9018,100,901800,14:53:10
9018,100,901800,14:53:02
9018,100,901800,14:53:02
9018,1100,9919800,14:53:02
9019,100,901900,14:52:57
9019,100,901900,14:52:56
9019,300,2705700,14:52:56
9019,200,1803800,14:52:56
9020,100,902000,14:52:53
9020,300,2706000,14:52:53
9020,300,2706000,14:52:53
9019,100,901900,14:52:47
9019,100,901900,14:52:46
9019,100,901900,14:52:46
9019,100,901900,14:52:46
9019,200,1803800,14:52:46
9019,100,901900,14:52:45
9019,100,901900,14:52:45
9019,400,3607600,14:52:45
9020,200,1804000,14:52:43
9020,100,902000,14:52:43
9019,200,1803800,14:52:43
9019,100,901900,14:52:38
9020,200,1804000,14:52:38
9018,100,901800,14:52:37
9019,100,901900,14:52:35
9019,100,901900,14:52:34
9019,200,1803800,14:52:31
9018,300,2705400,14:52:30
9018,100,901800,14:52:26
9018,100,901800,14:52:26
9018,200,1803600,14:52:25
9018,100,901800,14:52:25
9019,2200,19841800,14:52:25
9019,600,5411400,14:52:25
9019,100,901900,14:52:25
9019,400,3607600,14:52:25
9019,4800,43291200,14:52:25
9020,100,902000,14:52:24
9020,500,4510000,14:52:24
9019,900,8117100,14:52:24
9019,200,1803800,14:52:24
9018,600,5410800,14:52:23
9019,100,901900,14:52:23
9019,100,901900,14:52:23
9018,300,2705400,14:52:22
9020,100,902000,14:52:21
9020,200,1804000,14:52:20
9020,100,902000,14:52:20
9019,100,901900,14:52:18
9019,600,5411400,14:52:17
9017,300,2705100,14:52:15
9019,100,901900,14:52:15
9017,100,901700,14:52:15
9018,200,1803600,14:52:15
9018,100,901800,14:52:11
9018,100,901800,14:52:11
9017,100,901700,14:52:10
9017,300,2705100,14:52:07
9015,100,901500,14:52:06
9016,300,2704800,14:52:05
9013,100,901300,14:52:04
9015,100,901500,14:52:04
9015,200,1803000,14:52:04
9016,100,901600,14:52:03
9014,100,901400,14:52:02
9014,500,4507000,14:52:02
9014,300,2704200,14:52:02
9013,2900,26137700,14:52:02
9012,1200,10814400,14:52:02
9010,100,901000,14:51:59
9012,500,4506000,14:51:58
9012,400,3604800,14:51:54
9010,200,1802000,14:51:54
9010,200,1802000,14:51:53
9012,100,901200,14:51:53
9011,100,901100,14:51:53
9011,100,901100,14:51:53
9008,200,1801600,14:51:53
9011,100,901100,14:51:53
9011,100,901100,14:51:53
9008,1500,13512000,14:51:53
9008,3900,35131200,14:51:53
9008,1600,14412800,14:51:53
9008,1800,16214400,14:51:53
9009,1300,11711700,14:51:53
9010,600,5406000,14:51:53
9011,300,2703300,14:51:53
9011,100,901100,14:51:52
9012,100,901200,14:51:52
9012,100,901200,14:51:50
9012,200,1802400,14:51:49
9012,100,901200,14:51:47
9012,100,901200,14:51:47
9011,200,1802200,14:51:46
9012,100,901200,14:51:46
9013,100,901300,14:51:46
9013,100,901300,14:51:46
9011,300,2703300,14:51:46
9012,100,901200,14:51:46
9013,100,901300,14:51:44
9013,100,901300,14:51:44
9013,100,901300,14:51:44
9013,100,901300,14:51:44
9012,100,901200,14:51:44
9013,300,2703900,14:51:44
9013,200,1802600,14:51:43
9011,300,2703300,14:51:42
9011,100,901100,14:51:42
9011,100,901100,14:51:42
9011,100,901100,14:51:41
9011,200,1802200,14:51:41
9010,3900,35139000,14:51:41
9011,500,4505500,14:51:41
9012,500,4506000,14:51:41
9013,100,901300,14:51:41
9013,100,901300,14:51:41
9013,100,901300,14:51:41
9014,100,901400,14:51:41
9014,100,901400,14:51:41
9014,100,901400,14:51:41
9013,200,1802600,14:51:41
9013,100,901300,14:51:41
9011,4700,42351700,14:51:41
9011,4600,41450600,14:51:41
9011,1200,10813200,14:51:41
9012,1500,13518000,14:51:41
9013,200,1802600,14:51:41
9014,100,901400,14:51:41
9013,600,5407800,14:51:41
9014,100,901400,14:51:41
9014,100,901400,14:51:41
9014,800,7211200,14:51:41
9014,100,901400,14:51:39
9016,100,901600,14:51:39
9014,100,901400,14:51:36
9015,100,901500,14:51:36
9015,200,1803000,14:51:36
9015,500,4507500,14:51:36
9015,100,901500,14:51:35
9015,100,901500,14:51:35
9015,200,1803000,14:51:35
9015,700,6310500,14:51:35
9016,200,1803200,14:51:34
9016,300,2704800,14:51:34
9016,200,1803200,14:51:33
9016,300,2704800,14:51:32
9016,300,2704800,14:51:32
9017,1500,13525500,14:51:32
9018,1300,11723400,14:51:32
9019,700,6313300,14:51:31
9020,200,1804000,14:51:25
9020,200,1804000,14:51:25
9020,100,902000,14:51:25
9020,200,1804000,14:51:25
9020,200,1804000,14:51:25
9020,100,902000,14:51:25
9020,100,902000,14:51:25
9021,400,3608400,14:51:25
9022,200,1804400,14:51:25
9022,700,6315400,14:51:25
9023,200,1804600,14:51:23
9024,100,902400,14:51:20
9024,100,902400,14:51:20
9023,500,4511500,14:51:20
9022,200,1804400,14:51:14
9024,100,902400,14:51:13
9024,100,902400,14:51:10
9023,100,902300,14:51:10
9023,100,902300,14:51:10
9021,500,4510500,14:51:08
9022,100,902200,14:51:08
9022,100,902200,14:51:07
9023,100,902300,14:51:07
9023,100,902300,14:51:06
9024,500,4512000,14:51:04
9025,400,3610000,14:51:03
9023,100,902300,14:50:59
9025,100,902500,14:50:59
9023,300,2706900,14:50:59
9025,100,902500,14:50:59
9023,2600,23459800,14:50:59
9024,2000,18048000,14:50:59
9025,1500,13537500,14:50:59
9026,500,4513000,14:50:59
9027,100,902700,14:50:58
9026,200,1805200,14:50:57
9026,100,902600,14:50:57
9026,100,902600,14:50:55
9026,100,902600,14:50:55
9026,300,2707800,14:50:55
9026,400,3610400,14:50:51
9027,100,902700,14:50:48
9027,100,902700,14:50:43
9025,100,902500,14:50:42
9027,200,1805400,14:50:39
9026,100,902600,14:50:38
9026,200,1805200,14:50:38
9025,400,3610000,14:50:37
9024,300,2707200,14:50:37
9023,600,5413800,14:50:35
9022,100,902200,14:50:32
9021,100,902100,14:50:30
9022,100,902200,14:50:30
9021,100,902100,14:50:30
9023,400,3609200,14:50:30
9023,300,2706900,14:50:30
9020,100,902000,14:50:30
9022,900,8119800,14:50:30
9022,100,902200,14:50:30
9021,3400,30671400,14:50:30
9020,200,1804000,14:50:30
9018,100,901800,14:50:30
9019,100,901900,14:50:29
9018,400,3607200,14:50:29
9019,600,5411400,14:50:29
9019,200,1803800,14:50:29
9019,100,901900,14:50:29
9020,100,902000,14:50:26
9020,200,1804000,14:50:26
9020,200,1804000,14:50:26
9020,400,3608000,14:50:26
9020,200,1804000,14:50:26
9020,900,8118000,14:50:26
9020,200,1804000,14:50:26
9020,100,902000,14:50:25
9020,100,902000,14:50:24
9020,300,2706000,14:50:24
9020,100,902000,14:50:24
9020,1500,13530000,14:50:24
9021,100,902100,14:50:23
9021,100,902100,14:50:22
9021,100,902100,14:50:21
9021,100,902100,14:50:18
9022,100,902200,14:50:17
9022,100,902200,14:50:17
9021,100,902100,14:50:17
9021,100,902100,14:50:16
9021,800,7216800,14:50:16
9022,100,902200,14:50:16
9022,300,2706600,14:50:16
9022,600,5413200,14:50:13
9022,100,902200,14:50:13
9023,100,902300,14:50:12
9022,300,2706600,14:50:11
9022,400,3608800,14:50:09
9022,100,902200,14:50:07
9023,200,1804600,14:50:07
9023,100,902300,14:50:06
9023,100,902300,14:50:05
9022,200,1804400,14:50:02
9023,200,1804600,14:50:02
9023,100,902300,14:50:00
9022,1100,9924200,14:50:00
9023,200,1804600,14:50:00
9023,900,8120700,14:50:00
9023,400,3609200,14:50:00
9024,100,902400,14:49:59
9024,100,902400,14:49:59
9024,100,902400,14:49:58
9024,100,902400,14:49:56
9024,100,902400,14:49:55
9024,100,902400,14:49:55
9024,1000,9024000,14:49:55
9024,100,902400,14:49:49
9025,100,902500,14:49:49
9025,100,902500,14:49:48
9025,100,902500,14:49:48
9025,100,902500,14:49:48
9025,100,902500,14:49:45
9025,100,902500,14:49:41
9026,100,902600,14:49:41
9026,100,902600,14:49:41
9025,100,902500,14:49:41
9027,400,3610800,14:49:41
9026,400,3610400,14:49:41
9024,400,3609600,14:49:40
9025,100,902500,14:49:36
9025,100,902500,14:49:31
9025,700,6317500,14:49:31
9025,200,1805000,14:49:22
9025,200,1805000,14:49:22
9027,200,1805400,14:49:21
9026,100,902600,14:49:21
9026,200,1805200,14:49:21
9026,100,902600,14:49:21
9027,100,902700,14:49:21
9027,100,902700,14:49:21
9027,900,8124300,14:49:21
9026,100,902600,14:49:21
9025,100,902500,14:49:20
9026,100,902600,14:49:20
9025,100,902500,14:49:20
9025,500,4512500,14:49:19
9025,200,1805000,14:49:19
9025,200,1805000,14:49:19
9026,300,2707800,14:49:19
9026,400,3610400,14:49:15
9026,100,902600,14:49:15
9026,100,902600,14:49:11
9025,200,1805000,14:49:09
9025,500,4512500,14:49:09
9026,300,2707800,14:49:09
9026,100,902600,14:49:07
9025,100,902500,14:49:04
9026,900,8123400,14:49:04
9026,200,1805200,14:49:03
9027,100,902700,14:49:00
9027,600,5416200,14:49:00
9026,100,902600,14:48:57
9027,300,2708100,14:48:52
9027,300,2708100,14:48:52
9028,100,902800,14:48:46
9028,400,3611200,14:48:46
9028,200,1805600,14:48:46
9027,300,2708100,14:48:43
9026,100,902600,14:48:43
9027,300,2708100,14:48:39
9026,200,1805200,14:48:29
9028,700,6319600,14:48:29
9027,300,2708100,14:48:29
9026,100,902600,14:48:29
9026,400,3610400,14:48:29
9027,800,7221600,14:48:29
9027,100,902700,14:48:28
9027,200,1805400,14:48:21
9027,100,902700,14:48:21
9027,100,902700,14:48:19
9028,300,2708400,14:48:15
9028,100,902800,14:48:15
9028,100,902800,14:48:15
9028,200,1805600,14:48:15
9028,100,902800,14:48:14
9030,100,903000,14:48:14
9029,600,5417400,14:48:14
9028,200,1805600,14:48:08
9028,100,902800,14:48:07
9028,200,1805600,14:48:07
9028,100,902800,14:48:07
9027,400,3610800,14:48:07
9026,100,902600,14:48:07
9026,300,2707800,14:48:07
9025,100,902500,14:48:05
9025,100,902500,14:48:05
9025,100,902500,14:48:05
9025,100,902500,14:48:05
9025,400,3610000,14:48:05
9025,200,1805000,14:48:05
9025,800,7220000,14:48:05
9025,1300,11732500,14:48:05
9025,1000,9025000,14:48:04
9026,100,902600,14:48:02
9026,200,1805200,14:48:02
9026,200,1805200,14:48:02
9026,100,902600,14:48:01
9026,200,1805200,14:48:01
9026,100,902600,14:48:00
9026,100,902600,14:47:57
9027,200,1805400,14:47:56
9027,200,1805400,14:47:56
9027,200,1805400,14:47:54
9028,200,1805600,14:47:54
9029,100,902900,14:47:48
9029,100,902900,14:47:46
9028,100,902800,14:47:42
9028,100,902800,14:47:42
9028,200,1805600,14:47:42
9027,200,1805400,14:47:42
9026,1400,12636400,14:47:42
9027,300,2708100,14:47:42
9027,100,902700,14:47:41
9028,300,2708400,14:47:41
9026,100,902600,14:47:41
9026,100,902600,14:47:40
9027,100,902700,14:47:40
9027,300,2708100,14:47:39
9027,300,2708100,14:47:39
9027,300,2708100,14:47:39
9028,1700,15347600,14:47:39
9029,100,902900,14:47:39
9029,5300,47853700,14:47:39
9030,2400,21672000,14:47:39
9031,1800,16255800,14:47:39
9032,1700,15354400,14:47:39
9033,1000,9033000,14:47:39
9033,200,1806600,14:47:39
9034,900,8130600,14:47:36
9035,300,2710500,14:47:35
9035,300,2710500,14:47:35
9036,100,903600,14:47:33
9037,300,2711100,14:47:31
9036,300,2710800,14:47:31
9035,100,903500,14:47:29
9035,200,1807000,14:47:25
9036,100,903600,14:47:25
9035,300,2710500,14:47:24
9034,200,1806800,14:47:23
9034,100,903400,14:47:23
9035,100,903500,14:47:23
9034,100,903400,14:47:23
9034,400,3613600,14:47:23
9033,100,903300,14:47:21
9033,100,903300,14:47:21
9033,300,2709900,14:47:17
9034,100,903400,14:47:17
9034,800,7227200,14:47:17
9035,100,903500,14:47:17
9035,100,903500,14:47:16
9035,100,903500,14:47:11
9035,200,1807000,14:47:11
9036,300,2710800,14:47:09
9036,100,903600,14:47:09
9037,400,3614800,14:47:06
9037,100,903700,14:47:06
9036,700,6325200,14:47:06
9036,100,903600,14:47:06
9036,1900,17168400,14:47:05
9035,500,4517500,14:47:05
9035,500,4517500,14:47:05
9035,500,4517500,14:47:05
9035,500,4517500,14:47:05
9035,100,903500,14:47:05
9035,300,2710500,14:47:02
9036,100,903600,14:46:54
9036,200,1807200,14:46:50
9036,200,1807200,14:46:50
9036,200,1807200,14:46:45
9036,100,903600,14:46:44
9036,100,903600,14:46:44
9036,100,903600,14:46:37
9037,300,2711100,14:46:37
9036,1100,9939600,14:46:36
9035,200,1807000,14:46:34
9035,600,5421000,14:46:32
9036,100,903600,14:46:31
9035,100,903500,14:46:27
9035,100,903500,14:46:27
9035,400,3614000,14:46:20
9035,300,2710500,14:46:20
9035,100,903500,14:46:20
9035,100,903500,14:46:10
9036,200,1807200,14:46:10
9037,100,903700,14:46:09
9037,400,3614800,14:46:09
9036,100,903600,14:46:09
9037,1100,9940700,14:46:09
9036,400,3614400,14:46:09
9035,600,5421000,14:46:04
9034,100,903400,14:46:00
9034,100,903400,14:45:57
9034,200,1806800,14:45:57
9034,100,903400,14:45:54
9034,100,903400,14:45:52
9034,200,1806800,14:45:52
9035,600,5421000,14:45:49
9034,400,3613600,14:45:49
9033,100,903300,14:45:48
9034,800,7227200,14:45:38
9034,100,903400,14:45:38
9034,100,903400,14:45:38
9035,100,903500,14:45:36
9034,100,903400,14:45:32
9035,800,7228000,14:45:32
9035,500,4517500,14:45:32
9036,100,903600,14:45:30
9035,100,903500,14:45:30
9035,100,903500,14:45:30
9035,100,903500,14:45:30
9035,100,903500,14:45:30
9035,100,903500,14:45:29
9036,100,903600,14:45:27
9035,300,2710500,14:45:27
9034,100,903400,14:45:25
9034,500,4517000,14:45:24
9033,100,903300,14:45:13
9033,500,4516500,14:45:13
9033,100,903300,14:45:13
9033,100,903300,14:45:13
9032,100,903200,14:45:05
9033,200,1806600,14:45:05
9033,200,1806600,14:45:05
9033,100,903300,14:45:05
9032,1200,10838400,14:45:05
9031,100,903100,14:44:58
9032,100,903200,14:44:53
9033,100,903300,14:44:52
9032,200,1806400,14:44:46
9032,200,1806400,14:44:46
9033,100,903300,14:44:44
9033,200,1806600,14:44:44
9033,100,903300,14:44:43
9033,1200,10839600,14:44:43
9034,100,903400,14:44:30
9033,100,903300,14:44:30
9034,100,903400,14:44:28
9034,1100,9937400,14:44:28
9035,100,903500,14:44:28
9034,200,1806800,14:44:26
9035,300,2710500,14:44:26
9035,100,903500,14:44:26
9036,300,2710800,14:44:25
9037,500,4518500,14:44:25
9037,100,903700,14:44:22
9037,300,2711100,14:44:19
9037,100,903700,14:44:09
9036,400,3614400,14:44:09
9036,1000,9036000,14:44:09
9037,100,903700,14:44:05
9037,100,903700,14:44:01
9037,100,903700,14:43:59
9037,100,903700,14:43:57
9037,100,903700,14:43:54
9037,100,903700,14:43:53
9037,100,903700,14:43:51
9038,400,3615200,14:43:51
9037,1000,9037000,14:43:50
9036,200,1807200,14:43:48
9037,100,903700,14:43:40
9035,100,903500,14:43:40
9036,300,2710800,14:43:38
9037,100,903700,14:43:34
9036,100,903600,14:43:33
9037,100,903700,14:43:32
9037,100,903700,14:43:30
9038,100,903800,14:43:30
9037,100,903700,14:43:29
9037,100,903700,14:43:28
9037,100,903700,14:43:25
9037,100,903700,14:43:25
9037,100,903700,14:43:25
9037,100,903700,14:43:25
9037,100,903700,14:43:24
9037,100,903700,14:43:20
9037,400,3614800,14:43:15
9037,100,903700,14:43:15
9036,100,903600,14:43:15
9036,100,903600,14:43:14
9036,200,1807200,14:43:12
9035,100,903500,14:43:11
9036,300,2710800,14:43:11
9036,200,1807200,14:43:11
9035,800,7228000,14:43:10
9034,100,903400,14:43:01
9034,100,903400,14:43:01
9035,500,4517500,14:42:54
9035,100,903500,14:42:52
9036,200,1807200,14:42:51
9036,200,1807200,14:42:51
9037,100,903700,14:42:49
9036,100,903600,14:42:47
9037,500,4518500,14:42:47
9038,300,2711400,14:42:47
9038,200,1807600,14:42:45
9038,100,903800,14:42:45
9039,100,903900,14:42:42
9040,400,3616000,14:42:40
9040,200,1808000,14:42:40
9040,200,1808000,14:42:40
9040,100,904000,14:42:40
9040,200,1808000,14:42:40
9040,100,904000,14:42:36
9041,300,2712300,14:42:34
9041,100,904100,14:42:32
9042,500,4521000,14:42:30
9042,100,904200,14:42:25
9042,100,904200,14:42:25
9042,100,904200,14:42:25
9041,1800,16273800,14:42:19
9041,100,904100,14:42:13
9042,100,904200,14:42:11
9042,100,904200,14:42:10
9042,200,1808400,14:42:04
9041,200,1808200,14:42:03
9042,500,4521000,14:42:03
9043,100,904300,14:42:01
9041,100,904100,14:41:58
9043,200,1808600,14:41:58
9044,600,5426400,14:41:58
9044,600,5426400,14:41:58
9045,900,8140500,14:41:58
9046,500,4523000,14:41:58
9046,200,1809200,14:41:58
9046,200,1809200,14:41:47
9046,200,1809200,14:41:46
9047,100,904700,14:41:46
9046,500,4523000,14:41:46
9046,500,4523000,14:41:46
9046,500,4523000,14:41:46
9046,100,904600,14:41:46
9045,300,2713500,14:41:46
9044,100,904400,14:41:43
9044,500,4522000,14:41:40
9045,100,904500,14:41:36
9045,100,904500,14:41:33
9045,300,2713500,14:41:32
9045,300,2713500,14:41:32
9045,200,1809000,14:41:29
9045,600,5427000,14:41:29
9046,400,3618400,14:41:27
9046,400,3618400,14:41:21
9046,100,904600,14:41:20
9047,200,1809400,14:41:20
9047,100,904700,14:41:19
9047,100,904700,14:41:18
9047,300,2714100,14:41:16
9048,100,904800,14:41:16
9048,200,1809600,14:41:15
9047,500,4523500,14:41:15
9046,100,904600,14:41:13
9046,300,2713800,14:41:10
9046,400,3618400,14:41:10
9045,100,904500,14:41:07
9045,100,904500,14:41:07
9045,200,1809000,14:41:07
9045,100,904500,14:41:07
9045,100,904500,14:41:04
9045,1000,9045000,14:41:04
9045,100,904500,14:41:02
9044,100,904400,14:41:01
9044,100,904400,14:40:57
9045,500,4522500,14:40:55
9046,100,904600,14:40:55
9046,100,904600,14:40:55
9046,100,904600,14:40:55
9045,100,904500,14:40:46
9046,100,904600,14:40:46
9046,100,904600,14:40:43
9046,100,904600,14:40:41
9046,400,3618400,14:40:38
9046,700,6332200,14:40:38
9045,900,8140500,14:40:38
9044,100,904400,14:40:37
9044,500,4522000,14:40:37
9044,100,904400,14:40:36
9044,100,904400,14:40:36
9044,100,904400,14:40:36
9045,100,904500,14:40:32
9045,500,4522500,14:40:30
9045,100,904500,14:40:30
9047,300,2714100,14:40:25
9046,100,904600,14:40:25
9046,200,1809200,14:40:25
9046,100,904600,14:40:25
9047,600,5428200,14:40:24
9047,400,3618800,14:40:24
9047,200,1809400,14:40:24
9047,100,904700,14:40:23
9047,100,904700,14:40:22
9048,700,6333600,14:40:22
9048,600,5428800,14:40:22
9048,300,2714400,14:40:20
9049,200,1809800,14:40:19
9048,100,904800,14:40:19
9049,100,904900,14:40:18
9048,300,2714400,14:40:17
9048,100,904800,14:40:17
9049,100,904900,14:40:14
9049,400,3619600,14:40:14
9049,200,1809800,14:40:14
9049,100,904900,14:40:14
9049,100,904900,14:40:14
9049,1300,11763700,14:40:14
9049,300,2714700,14:40:14
9050,1200,10860000,14:40:14
9050,100,905000,14:40:11
9050,100,905000,14:40:09
9051,400,3620400,14:40:09
9050,100,905000,14:40:05
9050,100,905000,14:40:04
9050,100,905000,14:40:04
9050,100,905000,14:39:59
9050,200,1810000,14:39:52
9051,800,7240800,14:39:51
9052,100,905200,14:39:50
9052,500,4526000,14:39:47
9052,300,2715600,14:39:47
9051,100,905100,14:39:46
9051,200,1810200,14:39:45
9051,100,905100,14:39:44
9051,100,905100,14:39:44
9050,200,1810000,14:39:37
9053,200,1810600,14:39:34
9052,800,7241600,14:39:34
9050,100,905000,14:39:32
9052,100,905200,14:39:32
9051,700,6335700,14:39:32
9050,200,1810000,14:39:32
9051,100,905100,14:39:29
9050,200,1810000,14:39:29
9050,400,3620000,14:39:29
9049,100,904900,14:39:29
9049,500,4524500,14:39:27
9049,100,904900,14:39:27
9049,700,6334300,14:39:27
9049,600,5429400,14:39:27
9048,100,904800,14:39:27
9047,100,904700,14:39:25
9048,300,2714400,14:39:19
9049,100,904900,14:39:19
9049,1300,11763700,14:39:19
9050,100,905000,14:39:17
9050,200,1810000,14:39:17
9050,300,2715000,14:39:17
9050,200,1810000,14:39:17
9050,200,1810000,14:39:17
9050,200,1810000,14:39:17
9050,100,905000,14:39:14
9051,100,905100,14:39:07
9051,100,905100,14:39:03
9050,300,2715000,14:38:55
9050,400,3620000,14:38:55
9052,200,1810400,14:38:51
9051,200,1810200,14:38:51
9050,100,905000,14:38:50
9050,400,3620000,14:38:50
9050,400,3620000,14:38:50
9050,100,905000,14:38:49
9050,100,905000,14:38:49
9051,200,1810200,14:38:44
9051,100,905100,14:38:44
9051,100,905100,14:38:44
9051,100,905100,14:38:43
9051,200,1810200,14:38:42
9051,100,905100,14:38:38
9050,100,905000,14:38:38
9051,1100,9956100,14:38:37
9051,100,905100,14:38:31
9051,300,2715300,14:38:29
9051,100,905100,14:38:26
9051,100,905100,14:38:26
9052,200,1810400,14:38:22
9051,100,905100,14:38:22
9051,300,2715300,14:38:22
9050,200,1810000,14:38:16
9050,100,905000,14:38:16
9048,100,904800,14:38:15
9048,200,1809600,14:38:15
9048,300,2714400,14:38:15
9048,300,2714400,14:38:15
9049,1000,9049000,14:38:13
9049,100,904900,14:38:13
9049,200,1809800,14:38:13
9049,100,904900,14:38:13
9050,100,905000,14:38:13
9050,200,1810000,14:38:06
9050,100,905000,14:38:04
9050,100,905000,14:38:04
9050,100,905000,14:38:04
9050,100,905000,14:38:01
9050,100,905000,14:38:00
9051,100,905100,14:37:59
9054,100,905400,14:37:59
9053,1100,9958300,14:37:59
9052,500,4526000,14:37:59
9051,100,905100,14:37:59
9050,200,1810000,14:37:57
9051,100,905100,14:37:56
9052,800,7241600,14:37:56
9051,200,1810200,14:37:56
9050,200,1810000,14:37:53
9051,100,905100,14:37:47
9051,100,905100,14:37:46
9051,300,2715300,14:37:46
9051,200,1810200,14:37:46
9050,800,7240000,14:37:46
9049,100,904900,14:37:46
9047,400,3618800,14:37:46
9048,600,5428800,14:37:46
9048,100,904800,14:37:46
9049,300,2714700,14:37:45
9049,500,4524500,14:37:43
9049,500,4524500,14:37:43
9049,100,904900,14:37:42
9050,200,1810000,14:37:39
9050,500,4525000,14:37:39
9049,100,904900,14:37:39
9049,100,904900,14:37:38
9050,100,905000,14:37:37
9049,100,904900,14:37:37
9050,400,3620000,14:37:29
9050,1100,9955000,14:37:29
9051,400,3620400,14:37:28
9051,500,4525500,14:37:28
9051,100,905100,14:37:27
9051,200,1810200,14:37:27
9052,100,905200,14:37:27
9052,200,1810400,14:37:26
9051,200,1810200,14:37:24
9051,100,905100,14:37:16
9049,100,904900,14:37:14
9050,900,8145000,14:37:14
9049,1100,9953900,14:37:14
9047,100,904700,14:37:11
9049,100,904900,14:37:11
9048,100,904800,14:37:02
9048,100,904800,14:37:02
9048,100,904800,14:37:01
9049,900,8144100,14:37:01
9049,100,904900,14:37:01
9049,300,2714700,14:37:01
9049,100,904900,14:37:01
9049,200,1809800,14:37:01
9049,200,1809800,14:36:59
9050,1800,16290000,14:36:59
9050,100,905000,14:36:59
9050,100,905000,14:36:59
9052,1000,9052000,14:36:57
9051,300,2715300,14:36:56
9051,800,7240800,14:36:55
9051,300,2715300,14:36:55
9050,100,905000,14:36:54
9050,600,5430000,14:36:53
9052,100,905200,14:36:44
9052,200,1810400,14:36:44
9051,200,1810200,14:36:44
9050,5100,46155000,14:36:44
9050,900,8145000,14:36:44
9050,100,905000,14:36:44
9050,100,905000,14:36:42
9050,100,905000,14:36:42
9049,100,904900,14:36:39
9048,100,904800,14:36:37
9047,100,904700,14:36:34
9048,100,904800,14:36:33
9048,400,3619200,14:36:33
9047,100,904700,14:36:33
9047,100,904700,14:36:33
9046,100,904600,14:36:33
9046,100,904600,14:36:30
9046,100,904600,14:36:30
9046,200,1809200,14:36:30
9045,200,1809000,14:36:30
9044,100,904400,14:36:25
9044,100,904400,14:36:22
9045,300,2713500,14:36:18
9044,200,1808800,14:36:17
9044,200,1808800,14:36:17
9045,100,904500,14:36:17
9046,400,3618400,14:36:17
9044,400,3617600,14:36:17
9045,200,1809000,14:36:17
9046,100,904600,14:36:16
9045,100,904500,14:36:16
9046,100,904600,14:36:16
9045,100,904500,14:36:15
9045,100,904500,14:36:15
9045,100,904500,14:36:13
9045,400,3618000,14:36:13
9046,200,1809200,14:36:12
9045,200,1809000,14:36:11
9041,100,904100,14:35:58
9040,600,5424000,14:35:58
9041,100,904100,14:35:58
9044,400,3617600,14:35:58
9043,700,6330100,14:35:58
9042,700,6329400,14:35:58
9041,200,1808200,14:35:58
9041,200,1808200,14:35:58
9040,2300,20792000,14:35:58
9040,700,6328000,14:35:58
9039,300,2711700,14:35:58
9038,100,903800,14:35:57
9038,100,903800,14:35:57
9038,400,3615200,14:35:57
9038,100,903800,14:35:57
9038,100,903800,14:35:56
9037,200,1807400,14:35:55
9035,100,903500,14:35:55
9035,2000,18070000,14:35:55
9034,1800,16261200,14:35:55
9033,1000,9033000,14:35:55
9032,700,6322400,14:35:55
9031,100,903100,14:35:55
9031,100,903100,14:35:54
9031,300,2709300,14:35:51
9031,400,3612400,14:35:51
9030,300,2709000,14:35:51
9030,100,903000,14:35:48
9029,200,1805800,14:35:48
9030,400,3612000,14:35:47
9030,400,3612000,14:35:44
9031,600,5418600,14:35:44
9033,300,2709900,14:35:44
9032,600,5419200,14:35:44
9032,100,903200,14:35:41
9031,100,903100,14:35:35
9031,100,903100,14:35:33
9031,100,903100,14:35:30
9030,100,903000,14:35:30
9031,100,903100,14:35:30
9031,200,1806200,14:35:30
9031,400,3612400,14:35:30
9030,300,2709000,14:35:29
9030,100,903000,14:35:29
9029,200,1805800,14:35:21
9029,100,902900,14:35:21
9029,100,902900,14:35:21
9029,100,902900,14:35:18
9029,100,902900,14:35:18
9029,500,4514500,14:35:18
9030,100,903000,14:35:17
9030,100,903000,14:35:14
9030,100,903000,14:35:14
9029,100,902900,14:35:10
9030,100,903000,14:35:10
9030,1000,9030000,14:35:09
9029,100,902900,14:35:07
9030,100,903000,14:35:03
9029,100,902900,14:35:03
9030,100,903000,14:35:03
9030,200,1806000,14:35:02
9030,100,903000,14:35:02
9030,100,903000,14:35:02
9030,400,3612000,14:35:02
9029,200,1805800,14:34:59
9030,300,2709000,14:34:59
9031,100,903100,14:34:58
9031,500,4515500,14:34:58
9031,300,2709300,14:34:56
9030,300,2709000,14:34:55
9029,100,902900,14:34:53
9030,100,903000,14:34:53
9031,100,903100,14:34:53
9030,1700,15351000,14:34:50
9030,300,2709000,14:34:50
9030,100,903000,14:34:49
9030,1200,10836000,14:34:49
9030,100,903000,14:34:49
9029,300,2708700,14:34:36
9030,700,6321000,14:34:36
9031,100,903100,14:34:36
9031,800,7224800,14:34:36
9031,200,1806200,14:34:36
9030,100,903000,14:34:32
9030,300,2709000,14:34:32
9030,1100,9933000,14:34:32
9031,100,903100,14:34:31
9030,800,7224000,14:34:31
9031,800,7224800,14:34:31
9032,200,1806400,14:34:30
9031,100,903100,14:34:27
9031,100,903100,14:34:26
9031,1000,9031000,14:34:26
9030,100,903000,14:34:20
9030,300,2709000,14:34:20
9029,100,902900,14:34:20
9028,100,902800,14:34:20
9026,100,902600,14:34:17
9027,100,902700,14:34:17
9027,200,1805400,14:34:17
9027,400,3610800,14:34:17
9027,400,3610800,14:34:17
9028,1300,11736400,14:34:17
9028,500,4514000,14:34:17
9028,100,902800,14:34:16
9028,100,902800,14:34:16
9028,100,902800,14:34:15
9028,100,902800,14:34:15
9028,100,902800,14:34:14
9029,100,902900,14:34:14
9029,100,902900,14:34:14
9029,100,902900,14:34:14
9030,1100,9933000,14:34:14
9030,800,7224000,14:34:14
9031,800,7224800,14:34:14
9031,300,2709300,14:34:14
9032,400,3612800,14:34:13
9032,100,903200,14:34:13
9032,100,903200,14:34:08
9032,100,903200,14:34:08
9032,100,903200,14:34:06
9032,300,2709600,14:34:05
9032,100,903200,14:34:05
9033,100,903300,14:34:05
9033,100,903300,14:34:05
9033,100,903300,14:34:05
9033,800,7226400,14:34:05
9034,800,7227200,14:34:05
9035,2400,21684000,14:34:05
9035,100,903500,14:34:05
9035,100,903500,14:34:05
9035,100,903500,14:34:05
9036,100,903600,14:34:02
9036,1000,9036000,14:34:01
9037,100,903700,14:34:01
9037,100,903700,14:34:01
9037,200,1807400,14:34:01
9037,100,903700,14:34:00
9037,100,903700,14:34:00
9037,200,1807400,14:33:52
9037,500,4518500,14:33:51
9038,100,903800,14:33:51
9038,100,903800,14:33:51
9038,100,903800,14:33:51
9038,100,903800,14:33:48
9038,100,903800,14:33:48
9038,100,903800,14:33:48
9038,200,1807600,14:33:47
9039,200,1807800,14:33:45
9039,100,903900,14:33:40
9039,600,5423400,14:33:40
9040,700,6328000,14:33:32
9040,600,5424000,14:33:26
9040,300,2712000,14:33:26
9040,100,904000,14:33:26
9040,100,904000,14:33:26
9040,100,904000,14:33:26
9040,100,904000,14:33:25
9039,100,903900,14:33:17
9041,300,2712300,14:33:10
9040,2200,19888000,14:33:10
9039,800,7231200,14:33:10
9038,100,903800,14:33:09
9038,100,903800,14:33:09
9038,100,903800,14:33:09
9039,100,903900,14:33:05
9037,100,903700,14:33:04
9037,200,1807400,14:33:02
9038,200,1807600,14:33:02
9038,200,1807600,14:32:58
9038,100,903800,14:32:58
9039,100,903900,14:32:57
9039,400,3615600,14:32:57
9041,100,904100,14:32:54
9040,100,904000,14:32:54
9040,200,1808000,14:32:54
9040,100,904000,14:32:53
9040,100,904000,14:32:53
9039,100,903900,14:32:47
9038,100,903800,14:32:45
9038,200,1807600,14:32:43
9038,100,903800,14:32:43
9038,100,903800,14:32:43
9039,200,1807800,14:32:42
9039,100,903900,14:32:41
9040,200,1808000,14:32:40
9040,100,904000,14:32:40
9040,100,904000,14:32:40
9041,100,904100,14:32:40
9041,100,904100,14:32:37
9041,500,4520500,14:32:36
9041,200,1808200,14:32:33
9043,100,904300,14:32:30
9043,100,904300,14:32:29
9044,100,904400,14:32:29
9045,500,4522500,14:32:29
9044,500,4522000,14:32:29
9043,200,1808600,14:32:26
9042,100,904200,14:32:26
9041,600,5424600,14:32:26
9042,800,7233600,14:32:26
9043,100,904300,14:32:23
9042,100,904200,14:32:22
9043,200,1808600,14:32:20
9043,100,904300,14:32:20
9043,600,5425800,14:32:12
9043,200,1808600,14:32:12
9042,300,2712600,14:32:12
9040,100,904000,14:32:11
9040,200,1808000,14:32:11
9041,100,904100,14:32:10
9041,100,904100,14:32:08
9040,300,2712000,14:32:08
9040,100,904000,14:32:08
9040,100,904000,14:32:05
9040,100,904000,14:32:05
9041,100,904100,14:32:02
9042,300,2712600,14:32:01
9042,200,1808400,14:32:01
9040,100,904000,14:32:00
9041,100,904100,14:32:00
9041,100,904100,14:32:00
9041,400,3616400,14:32:00
9040,100,904000,14:32:00
9039,100,903900,14:32:00
9039,100,903900,14:31:59
9041,100,904100,14:31:59
9039,100,903900,14:31:59
9040,2400,21696000,14:31:59
9039,100,903900,14:31:59
9036,800,7228800,14:31:59
9037,400,3614800,14:31:59
9038,200,1807600,14:31:58
9038,200,1807600,14:31:58
9037,100,903700,14:31:56
9037,500,4518500,14:31:56
9036,100,903600,14:31:54
9036,200,1807200,14:31:51
9037,500,4518500,14:31:51
9037,100,903700,14:31:51
9037,100,903700,14:31:51
9036,200,1807200,14:31:49
9037,100,903700,14:31:47
9037,200,1807400,14:31:42
9037,100,903700,14:31:41
9038,100,903800,14:31:40
9037,100,903700,14:31:39
9037,400,3614800,14:31:36
9038,100,903800,14:31:36
9038,200,1807600,14:31:36
9038,100,903800,14:31:36
9036,200,1807200,14:31:36
9037,800,7229600,14:31:36
9037,100,903700,14:31:35
9038,200,1807600,14:31:35
9039,100,903900,14:31:32
9040,100,904000,14:31:31
9039,100,903900,14:31:31
9039,200,1807800,14:31:31
9038,100,903800,14:31:31
9037,400,3614800,14:31:31
9038,100,903800,14:31:31
9038,100,903800,14:31:31
9038,100,903800,14:31:29
9037,100,903700,14:31:29
9037,100,903700,14:31:29
9037,500,4518500,14:31:29
9037,100,903700,14:31:29
9037,100,903700,14:31:29
9037,100,903700,14:31:29
9038,100,903800,14:31:29
9037,100,903700,14:31:28
9037,100,903700,14:31:28
9035,300,2710500,14:31:28
9036,500,4518000,14:31:28
9037,100,903700,14:31:28
9035,400,3614000,14:31:28
9036,600,5421600,14:31:28
9037,200,1807400,14:31:28
9037,200,1807400,14:31:26
9038,100,903800,14:31:24
9036,1100,9939600,14:31:24
9037,900,8133300,14:31:24
9038,100,903800,14:31:22
9038,300,2711400,14:31:22
9038,100,903800,14:31:16
9039,200,1807800,14:31:14
9037,300,2711100,14:31:14
9037,200,1807400,14:31:13
9038,100,903800,14:31:13
9038,100,903800,14:31:12
9038,100,903800,14:31:12
9037,200,1807400,14:31:12
9037,1800,16266600,14:31:12
9038,2300,20787400,14:31:12
9039,800,7231200,14:31:12
9040,2100,18984000,14:31:12
9040,100,904000,14:31:12
9040,400,3616000,14:31:12
9040,500,4520000,14:31:12
9040,100,904000,14:31:11
9040,100,904000,14:31:11
9040,100,904000,14:31:11
9040,400,3616000,14:31:11
9041,900,8136900,14:31:07
9041,600,5424600,14:31:04
9041,100,904100,14:31:04
9041,100,904100,14:31:04
9041,100,904100,14:31:04
9041,300,2712300,14:31:04
9041,200,1808200,14:31:03
9042,100,904200,14:31:03
9042,100,904200,14:31:03
9042,1000,9042000,14:30:58
9042,100,904200,14:30:58
9043,100,904300,14:30:56
9044,100,904400,14:30:54
9044,100,904400,14:30:53
9045,400,3618000,14:30:53
9043,100,904300,14:30:52
9043,400,3617200,14:30:51
9044,100,904400,14:30:51
9044,300,2713200,14:30:51
9045,200,1809000,14:30:49
9045,800,7236000,14:30:49
9045,100,904500,14:30:49
9046,100,904600,14:30:49
9047,200,1809400,14:30:49
9047,100,904700,14:30:49
9048,100,904800,14:30:47
9046,100,904600,14:30:46
9046,600,5427600,14:30:45
9046,200,1809200,14:30:45
9047,100,904700,14:30:42
9047,100,904700,14:30:42
9048,2100,19000800,14:30:42
9048,100,904800,14:30:42
9049,100,904900,14:30:42
9050,200,1810000,14:30:39
9050,500,4525000,14:30:39
9049,900,8144100,14:30:39
9048,300,2714400,14:30:37
9048,100,904800,14:30:36
9048,100,904800,14:30:36
9048,100,904800,14:30:36
9048,100,904800,14:30:36
9048,100,904800,14:30:35
9048,100,904800,14:30:35
9049,1100,9953900,14:30:35
9050,4600,41630000,14:30:35
9050,1400,12670000,14:30:35
9050,100,905000,14:30:34
9050,200,1810000,14:30:34
9050,100,905000,14:30:34
9050,200,1810000,14:30:34
9050,100,905000,14:30:34
9050,100,905000,14:30:34
9050,100,905000,14:30:34
9050,100,905000,14:30:33
9051,100,905100,14:30:33
9050,700,6335000,14:30:33
9051,1300,11766300,14:30:33
9052,1200,10862400,14:30:33
9052,100,905200,14:30:27
9052,100,905200,14:30:25
9052,300,2715600,14:30:25
9053,100,905300,14:30:23
9053,300,2715900,14:30:23
9054,200,1810800,14:30:19
9055,200,1811000,14:30:19
9055,100,905500,14:30:18
9053,100,905300,14:30:15
9053,100,905300,14:30:15
9054,600,5432400,14:30:14
9055,1100,9960500,14:30:14
9056,500,4528000,14:30:06
9056,100,905600,14:30:06
9057,900,8151300,14:30:06
9058,100,905800,14:30:01
9059,100,905900,14:30:01
9059,100,905900,14:30:01
9060,1400,12684000,14:30:01
9060,100,906000,14:30:01
9060,100,906000,14:30:01
9061,100,906100,14:29:59
9061,300,2718300,14:29:58
9062,500,4531000,14:29:58
9062,1700,15405400,14:29:58
9063,100,906300,14:29:56
9063,100,906300,14:29:56
9064,100,906400,14:29:56
9064,500,4532000,14:29:56
9063,200,1812600,14:29:56
9062,200,1812400,14:29:47
9062,100,906200,14:29:41
9061,100,906100,14:29:39
9061,100,906100,14:29:39
9061,200,1812200,14:29:39
9061,200,1812200,14:29:39
9061,300,2718300,14:29:39
9061,100,906100,14:29:37
9063,500,4531500,14:29:35
9062,400,3624800,14:29:35
9061,100,906100,14:29:31
9061,100,906100,14:29:29
9061,100,906100,14:29:29
9061,100,906100,14:29:29
9061,100,906100,14:29:29
9061,200,1812200,14:29:26
9061,100,906100,14:29:25
9061,100,906100,14:29:25
9062,100,906200,14:29:24
9061,100,906100,14:29:22
9061,400,3624400,14:29:22
9062,100,906200,14:29:21
9064,300,2719200,14:29:20
9064,1500,13596000,14:29:20
9063,200,1812600,14:29:20
9063,100,906300,14:29:19
9062,100,906200,14:29:18
9062,100,906200,14:29:18
9062,100,906200,14:29:17
9063,100,906300,14:29:16
9063,200,1812600,14:29:12
9064,200,1812800,14:29:12
9064,300,2719200,14:29:12
9064,400,3625600,14:29:12
9064,400,3625600,14:29:12
9064,400,3625600,14:29:12
9065,100,906500,14:29:07
9064,400,3625600,14:29:00
9062,400,3624800,14:29:00
9064,500,4532000,14:28:59
9063,200,1812600,14:28:59
9063,100,906300,14:28:54
9063,200,1812600,14:28:54
9062,400,3624800,14:28:53
9062,100,906200,14:28:53
9063,500,4531500,14:28:52
9064,200,1812800,14:28:43
9064,200,1812800,14:28:39
9063,100,906300,14:28:38
9064,200,1812800,14:28:38
9064,200,1812800,14:28:38
9064,200,1812800,14:28:38
9064,100,906400,14:28:36
9066,400,3626400,14:28:36
9065,100,906500,14:28:36
9064,300,2719200,14:28:32
9065,100,906500,14:28:31
9065,100,906500,14:28:31
9065,100,906500,14:28:31
9066,400,3626400,14:28:31
9066,1100,9972600,14:28:31
9067,100,906700,14:28:27
9068,500,4534000,14:28:26
9067,200,1813400,14:28:26
9067,200,1813400,14:28:25
9067,100,906700,14:28:24
9066,300,2719800,14:28:17
9066,300,2719800,14:28:10
9066,700,6346200,14:28:10
9066,300,2719800,14:28:08
9066,400,3626400,14:28:06
9065,100,906500,14:28:05
9065,100,906500,14:28:05
9065,200,1813000,14:28:02
9064,100,906400,14:28:02
9064,100,906400,14:28:01
9063,1700,15407100,14:27:59
9064,500,4532000,14:27:59
9064,100,906400,14:27:50
9064,100,906400,14:27:48
9064,200,1812800,14:27:47
9064,100,906400,14:27:43
9066,700,6346200,14:27:42
9065,100,906500,14:27:42
9063,100,906300,14:27:41
9064,1400,12689600,14:27:41
9065,1600,14504000,14:27:41
9067,800,7253600,14:27:40
9066,300,2719800,14:27:40
9065,100,906500,14:27:35
9065,200,1813000,14:27:30
9065,100,906500,14:27:27
9065,100,906500,14:27:22
9066,100,906600,14:27:18
9066,100,906600,14:27:18
9065,100,906500,14:27:18
9065,100,906500,14:27:16
9066,100,906600,14:27:16
9065,600,5439000,14:27:15
9065,1000,9065000,14:27:15
9066,100,906600,14:27:14
9065,100,906500,14:27:14
9066,200,1813200,14:27:13
9066,100,906600,14:27:13
9066,100,906600,14:27:13
9066,100,906600,14:27:13
9067,1400,12693800,14:27:13
9068,700,6347600,14:27:13
9068,100,906800,14:27:09
9068,300,2720400,14:27:09
9069,400,3627600,14:27:00
9069,100,906900,14:27:00
9069,200,1813800,14:26:55
9070,100,907000,14:26:51
9070,900,8163000,14:26:51
9069,300,2720700,14:26:43
9069,100,906900,14:26:43
9070,600,5442000,14:26:39
9070,1300,11791000,14:26:39
9070,100,907000,14:26:38
9070,200,1814000,14:26:37
9071,100,907100,14:26:36
9070,100,907000,14:26:35
9070,400,3628000,14:26:35
9071,400,3628400,14:26:35
9071,100,907100,14:26:34
9072,100,907200,14:26:33
9072,300,2721600,14:26:28
9071,500,4535500,14:26:28
9071,100,907100,14:26:28
9070,100,907000,14:26:25
9070,100,907000,14:26:22
9071,100,907100,14:26:17
9070,100,907000,14:26:15
9070,500,4535000,14:26:14
9069,100,906900,14:26:14
9069,100,906900,14:26:13
9070,400,3628000,14:26:13
9071,500,4535500,14:26:13
9071,100,907100,14:26:13
9071,500,4535500,14:26:12
9070,2700,24489000,14:26:12
9070,1000,9070000,14:26:12
9068,100,906800,14:26:11
9070,800,7256000,14:26:09
9070,100,907000,14:26:08
9069,200,1813800,14:26:08
9069,100,906900,14:26:07
9069,300,2720700,14:26:06
9069,800,7255200,14:26:06
9068,600,5440800,14:26:04
9067,100,906700,14:25:59
9068,100,906800,14:25:55
9068,100,906800,14:25:48
9068,600,5440800,14:25:48
9068,300,2720400,14:25:48
9068,300,2720400,14:25:48
9068,300,2720400,14:25:48
9068,500,4534000,14:25:48
9067,100,906700,14:25:45
9066,100,906600,14:25:44
9066,100,906600,14:25:43
9066,300,2719800,14:25:43
9067,800,7253600,14:25:43
9068,100,906800,14:25:40
9068,100,906800,14:25:38
9067,100,906700,14:25:35
9067,100,906700,14:25:35
9067,100,906700,14:25:34
9066,100,906600,14:25:34
9066,200,1813200,14:25:34
9065,100,906500,14:25:28
9065,200,1813000,14:25:25
9065,100,906500,14:25:25
9064,1300,11783200,14:25:25
9063,400,3625200,14:25:25
9063,100,906300,14:25:25
9063,100,906300,14:25:25
9062,8600,77933200,14:25:25
9062,100,906200,14:25:25
9061,300,2718300,14:25:22
9061,100,906100,14:25:21
9060,100,906000,14:25:20
9060,500,4530000,14:25:18
9060,400,3624000,14:25:18
9060,300,2718000,14:25:18
9059,700,6341300,14:25:15
9058,100,905800,14:25:14
9058,100,905800,14:25:14
9056,100,905600,14:25:14
9056,100,905600,14:25:13
9057,100,905700,14:25:13
9057,100,905700,14:25:10
9057,100,905700,14:25:09
9057,100,905700,14:25:08
9057,300,2717100,14:25:06
9056,100,905600,14:25:03
9055,100,905500,14:25:01
9056,100,905600,14:25:00
9056,100,905600,14:24:57
9056,100,905600,14:24:57
9056,100,905600,14:24:57
9055,200,1811000,14:24:57
9055,100,905500,14:24:57
9056,100,905600,14:24:56
9057,200,1811400,14:24:49
9056,100,905600,14:24:49
9056,100,905600,14:24:49
9056,100,905600,14:24:49
9057,300,2717100,14:24:49
9057,100,905700,14:24:44
9058,100,905800,14:24:44
9058,200,1811600,14:24:44
9058,200,1811600,14:24:44
9058,100,905800,14:24:44
9059,100,905900,14:24:31
9059,200,1811800,14:24:31
9060,100,906000,14:24:25
9060,200,1812000,14:24:25
9058,100,905800,14:24:20
9057,400,3622800,14:24:20
9057,100,905700,14:24:20
9055,1100,9960500,14:24:19
9056,100,905600,14:24:19
9057,300,2717100,14:24:19
9056,200,1811200,14:24:17
9055,100,905500,14:24:13
9057,100,905700,14:24:13
9057,100,905700,14:24:13
9057,100,905700,14:24:12
9058,100,905800,14:24:12
9057,200,1811400,14:24:11
9056,600,5433600,14:24:10
9057,500,4528500,14:24:10
9058,100,905800,14:24:10
9059,100,905900,14:24:05
9058,100,905800,14:24:05
9056,1800,16300800,14:24:04
9057,2000,18114000,14:24:04
9058,1300,11775400,14:24:04
9059,1800,16306200,14:24:04
9060,600,5436000,14:24:04
9060,100,906000,14:23:53
9061,600,5436600,14:23:49
9060,1200,10872000,14:23:49
9058,200,1811600,14:23:44
9059,100,905900,14:23:40
9059,200,1811800,14:23:39
9058,100,905800,14:23:39
9059,200,1811800,14:23:38
9058,200,1811600,14:23:38
9057,100,905700,14:23:37
9058,100,905800,14:23:36
9057,100,905700,14:23:35
9057,100,905700,14:23:35
9057,100,905700,14:23:31
9058,100,905800,14:23:28
9058,100,905800,14:23:28
9058,100,905800,14:23:28
9058,100,905800,14:23:24
9058,100,905800,14:23:17
9058,100,905800,14:23:10
9057,1000,9057000,14:23:06
9058,1000,9058000,14:23:06
9059,100,905900,14:23:04
9059,100,905900,14:23:01
9058,100,905800,14:23:00
9058,100,905800,14:23:00
9058,400,3623200,14:22:58
9058,100,905800,14:22:54
9058,100,905800,14:22:54
9059,100,905900,14:22:52
9060,300,2718000,14:22:48
9060,100,906000,14:22:45
9061,200,1812200,14:22:45
9061,500,4530500,14:22:45
9061,100,906100,14:22:45
9060,1000,9060000,14:22:45
9059,800,7247200,14:22:43
9060,300,2718000,14:22:41
9059,100,905900,14:22:39
9059,100,905900,14:22:37
9059,100,905900,14:22:36
9060,100,906000,14:22:34
9057,500,4528500,14:22:33
9058,500,4529000,14:22:33
9059,900,8153100,14:22:32
9060,500,4530000,14:22:32
9060,100,906000,14:22:30
9060,500,4530000,14:22:29
9060,200,1812000,14:22:26
9060,300,2718000,14:22:26
9059,100,905900,14:22:23
9058,100,905800,14:22:17
9059,100,905900,14:22:17
9059,300,2717700,14:22:17
9058,100,905800,14:22:17
9058,100,905800,14:22:17
9058,200,1811600,14:22:17
9057,100,905700,14:22:17
9057,200,1811400,14:22:17
9056,300,2716800,14:22:17
9055,100,905500,14:22:17
9055,900,8149500,14:22:17
9054,200,1810800,14:22:17
9052,200,1810400,14:22:17
9051,200,1810200,14:22:17
9051,200,1810200,14:22:17
9053,300,2715900,14:22:17
9051,500,4525500,14:22:17
9052,1700,15388400,14:22:17
9052,600,5431200,14:22:17
9053,300,2715900,14:22:17
9053,100,905300,14:22:10
9053,100,905300,14:22:08
9054,100,905400,14:22:07
9054,100,905400,14:22:05
9056,200,1811200,14:22:05
9053,200,1810600,14:22:04
9054,200,1810800,14:22:04
9058,300,2717400,14:22:04
9057,1500,13585500,14:22:04
9056,900,8150400,14:22:04
9055,300,2716500,14:22:04
9055,100,905500,14:22:04
9055,300,2716500,14:22:04
9054,300,2716200,14:22:04
9053,100,905300,14:22:03
9053,200,1810600,14:22:03
9054,300,2716200,14:22:00
9054,100,905400,14:21:58
9054,100,905400,14:21:57
9053,200,1810600,14:21:57
9053,200,1810600,14:21:57
9054,100,905400,14:21:56
9054,100,905400,14:21:56
9053,100,905300,14:21:56
9055,100,905500,14:21:56
9054,100,905400,14:21:56
9054,100,905400,14:21:56
9054,100,905400,14:21:56
9054,100,905400,14:21:56
9054,200,1810800,14:21:56
9054,600,5432400,14:21:56
9054,1300,11770200,14:21:56
9055,100,905500,14:21:56
9054,100,905400,14:21:55
9055,100,905500,14:21:55
9055,100,905500,14:21:55
9055,100,905500,14:21:55
9055,400,3622000,14:21:55
9055,100,905500,14:21:55
9055,100,905500,14:21:55
9055,200,1811000,14:21:55
9056,200,1811200,14:21:55
9056,500,4528000,14:21:55
9056,100,905600,14:21:55
9056,100,905600,14:21:55
9056,100,905600,14:21:55
9057,500,4528500,14:21:55
9058,2000,18116000,14:21:55
9058,100,905800,14:21:55
9058,200,1811600,14:21:55
9058,200,1811600,14:21:55
9058,100,905800,14:21:55
9058,200,1811600,14:21:55
9059,1300,11776700,14:21:55
9060,3300,29898000,14:21:55
9060,100,906000,14:21:55
9061,500,4530500,14:21:55
9061,100,906100,14:21:55
9061,100,906100,14:21:55
9061,100,906100,14:21:55
9061,500,4530500,14:21:54
9061,100,906100,14:21:54
9062,600,5437200,14:21:54
9062,300,2718600,14:21:54
9062,100,906200,14:21:51
9062,500,4531000,14:21:46
9062,200,1812400,14:21:43
9062,100,906200,14:21:41
9064,1000,9064000,14:21:38
9063,100,906300,14:21:35
9063,200,1812600,14:21:35
9062,400,3624800,14:21:32
9063,400,3625200,14:21:32
9063,100,906300,14:21:30
9063,100,906300,14:21:29
9063,100,906300,14:21:22
9063,200,1812600,14:21:22
9063,200,1812600,14:21:21
9063,100,906300,14:21:19
9062,100,906200,14:21:17
9062,100,906200,14:21:17
9062,100,906200,14:21:15
9063,100,906300,14:21:15
9064,200,1812800,14:21:14
9064,600,5438400,14:21:13
9063,100,906300,14:21:10
9064,100,906400,14:21:06
9064,100,906400,14:21:06
9064,100,906400,14:21:01
9063,200,1812600,14:21:00
9063,200,1812600,14:21:00
9062,200,1812400,14:20:59
9063,100,906300,14:20:59
9062,100,906200,14:20:59
9063,200,1812600,14:20:59
9062,100,906200,14:20:59
9062,100,906200,14:20:59
9063,200,1812600,14:20:59
9063,100,906300,14:20:58
9064,200,1812800,14:20:58
9064,1100,9970400,14:20:58
9065,100,906500,14:20:58
9065,100,906500,14:20:58
9065,100,906500,14:20:58
9065,100,906500,14:20:58
9064,100,906400,14:20:58
9065,100,906500,14:20:57
9065,100,906500,14:20:57
9065,100,906500,14:20:57
9065,100,906500,14:20:56
9066,100,906600,14:20:56
9065,1000,9065000,14:20:56
9066,1200,10879200,14:20:56
9066,100,906600,14:20:54
9066,400,3626400,14:20:54
9066,100,906600,14:20:49
9066,100,906600,14:20:48
9066,100,906600,14:20:48
9067,300,2720100,14:20:45
9067,1000,9067000,14:20:45
9067,100,906700,14:20:45
9067,200,1813400,14:20:45
9067,200,1813400,14:20:42
9067,100,906700,14:20:37
9068,100,906800,14:20:35
9068,100,906800,14:20:34
9068,100,906800,14:20:34
9068,100,906800,14:20:34
9067,100,906700,14:20:34
9068,1000,9068000,14:20:34
9068,200,1813600,14:20:32
9068,800,7254400,14:20:32
9068,200,1813600,14:20:29
9068,100,906800,14:20:25
9068,100,906800,14:20:23
9069,100,906900,14:20:23
9069,100,906900,14:20:20
9069,300,2720700,14:20:15
9069,100,906900,14:20:15
9069,300,2720700,14:20:15
9069,600,5441400,14:20:15
9069,100,906900,14:20:15
9069,100,906900,14:20:14
9069,900,8162100,14:20:14
9068,100,906800,14:20:02
9068,100,906800,14:20:00
9068,100,906800,14:19:55
9067,200,1813400,14:19:45
9067,400,3626800,14:19:45
9067,100,906700,14:19:44
9067,100,906700,14:19:44
9067,100,906700,14:19:44
9066,1200,10879200,14:19:44
9067,600,5440200,14:19:44
9068,700,6347600,14:19:43
9068,400,3627200,14:19:42
9069,100,906900,14:19:41
9068,100,906800,14:19:36
9068,300,2720400,14:19:27
9069,700,6348300,14:19:27
9070,700,6349000,14:19:27
9070,100,907000,14:19:27
9070,500,4535000,14:19:27
9070,500,4535000,14:19:27
9070,500,4535000,14:19:27
9070,300,2721000,14:19:27
9071,500,4535500,14:19:25
9071,100,907100,14:19:25
9072,100,907200,14:19:22
9072,100,907200,14:19:21
9072,100,907200,14:19:20
9072,1000,9072000,14:19:20
9073,200,1814600,14:19:13
9073,100,907300,14:19:13
9074,400,3629600,14:19:11
9074,100,907400,14:19:10
9074,200,1814800,14:19:10
9074,100,907400,14:19:06
9074,100,907400,14:18:58
9074,100,907400,14:18:58
9075,100,907500,14:18:58
9074,100,907400,14:18:58
9074,300,2722200,14:18:58
9074,100,907400,14:18:58
9073,100,907300,14:18:55
9073,1000,9073000,14:18:55
9072,400,3628800,14:18:50
9074,400,3629600,14:18:43
9074,500,4537000,14:18:43
9073,100,907300,14:18:43
9074,100,907400,14:18:43
9073,200,1814600,14:18:43
9073,100,907300,14:18:43
9073,100,907300,14:18:42
9074,500,4537000,14:18:42
9074,100,907400,14:18:41
9075,100,907500,14:18:41
9075,200,1815000,14:18:41
9075,100,907500,14:18:41
9075,100,907500,14:18:41
9075,100,907500,14:18:41
9075,200,1815000,14:18:41
9075,100,907500,14:18:39
9075,1500,13612500,14:18:39
9075,100,907500,14:18:39
9074,100,907400,14:18:30
9073,400,3629200,14:18:30
9074,700,6351800,14:18:28
9074,100,907400,14:18:25
9074,1100,9981400,14:18:24
9072,100,907200,14:18:22
9072,100,907200,14:18:22
9072,100,907200,14:18:14
9073,200,1814600,14:18:13
9073,100,907300,14:18:13
9073,100,907300,14:18:13
9073,100,907300,14:18:13
9073,100,907300,14:18:13
9073,200,1814600,14:18:13
9073,200,1814600,14:18:13
9073,100,907300,14:18:13
9073,200,1814600,14:18:13
9072,400,3628800,14:18:13
9072,100,907200,14:18:13
9072,100,907200,14:18:13
9071,300,2721300,14:18:01
9072,100,907200,14:18:01
9072,100,907200,14:17:55
9072,100,907200,14:17:55
9072,400,3628800,14:17:55
9072,100,907200,14:17:55
9070,400,3628000,14:17:50
9071,1200,10885200,14:17:50
9072,200,1814400,14:17:45
9071,100,907100,14:17:43
9071,200,1814200,14:17:43
9071,100,907100,14:17:42
9070,100,907000,14:17:41
9070,400,3628000,14:17:41
9071,100,907100,14:17:40
9071,200,1814200,14:17:40
9071,200,1814200,14:17:40
9072,900,8164800,14:17:40
9073,700,6351100,14:17:37
9073,100,907300,14:17:37
9073,100,907300,14:17:36
9074,100,907400,14:17:25
9073,100,907300,14:17:24
9074,100,907400,14:17:24
9074,500,4537000,14:17:24
9075,600,5445000,14:17:24
9075,100,907500,14:17:24
9075,100,907500,14:17:23
9075,200,1815000,14:17:23
9075,1600,14520000,14:17:14
9074,100,907400,14:17:09
9074,100,907400,14:17:07
9074,100,907400,14:17:06
9073,1100,9980300,14:17:04
9074,400,3629600,14:17:04
9074,100,907400,14:17:03
9073,400,3629200,14:17:02
9075,200,1815000,14:17:00
9074,200,1814800,14:16:58
9074,100,907400,14:16:58
9073,100,907300,14:16:58
9073,100,907300,14:16:58
9073,100,907300,14:16:58
9073,200,1814600,14:16:58
9073,200,1814600,14:16:52
9073,100,907300,14:16:49
9074,100,907400,14:16:46
9074,100,907400,14:16:46
9074,100,907400,14:16:39
9074,100,907400,14:16:37
9073,100,907300,14:16:35
9073,100,907300,14:16:35
9074,1800,16333200,14:16:33
9073,200,1814600,14:16:33
9073,100,907300,14:16:29
9072,100,907200,14:16:21
9072,100,907200,14:16:21
9072,100,907200,14:16:18
9072,100,907200,14:16:18
9072,200,1814400,14:16:16
9073,600,5443800,14:16:16
9074,300,2722200,14:16:13
9074,100,907400,14:16:13
9074,100,907400,14:16:13
9075,500,4537500,14:16:13
9075,200,1815000,14:16:13
9075,400,3630000,14:16:03
9076,800,7260800,14:16:03
9078,200,1815600,14:15:49
9077,100,907700,14:15:49
9076,100,907600,14:15:49
9077,100,907700,14:15:49
9077,300,2723100,14:15:49
9077,100,907700,14:15:49
9077,100,907700,14:15:49
9077,300,2723100,14:15:46
9077,200,1815400,14:15:46
9078,100,907800,14:15:44
9078,100,907800,14:15:44
9077,200,1815400,14:15:43
9077,100,907700,14:15:41
9078,100,907800,14:15:39
9077,400,3630800,14:15:39
9078,100,907800,14:15:39
9077,900,8169300,14:15:39
9078,100,907800,14:15:39
9078,100,907800,14:15:36
9078,500,4539000,14:15:36
9078,500,4539000,14:15:36
9078,500,4539000,14:15:36
9078,100,907800,14:15:35
9078,900,8170200,14:15:35
9077,300,2723100,14:15:35
9077,100,907700,14:15:30
9076,400,3630400,14:15:29
9077,500,4538500,14:15:29
9078,300,2723400,14:15:29
9079,100,907900,14:15:23
9078,500,4539000,14:15:19
9077,300,2723100,14:15:19
9077,100,907700,14:15:18
9076,200,1815200,14:15:18
9075,100,907500,14:15:17
9075,300,2722500,14:15:15
9075,100,907500,14:15:14
9075,100,907500,14:15:14
9076,500,4538000,14:15:13
9076,400,3630400,14:15:13
9076,100,907600,14:15:13
9076,100,907600,14:15:13
9076,200,1815200,14:15:09
9076,200,1815200,14:15:09
9076,100,907600,14:15:09
9076,100,907600,14:15:02
9077,100,907700,14:14:58
9077,200,1815400,14:14:58
9078,100,907800,14:14:57
9078,700,6354600,14:14:57
9077,100,907700,14:14:55
9078,800,7262400,14:14:52
9077,200,1815400,14:14:52
9077,100,907700,14:14:51
9077,100,907700,14:14:51
9077,300,2723100,14:14:51
9077,100,907700,14:14:48
9077,100,907700,14:14:48
9077,100,907700,14:14:48
9077,100,907700,14:14:45
9078,100,907800,14:14:44
9078,100,907800,14:14:38
9078,400,3631200,14:14:38
9079,400,3631600,14:14:38
9080,100,908000,14:14:29
9080,100,908000,14:14:27
9079,100,907900,14:14:24
9080,100,908000,14:14:23
9079,100,907900,14:14:22
9081,500,4540500,14:14:22
9080,100,908000,14:14:22
9079,100,907900,14:14:22
9080,3800,34504000,14:14:22
9079,1100,9986900,14:14:22
9078,100,907800,14:14:22
9078,800,7262400,14:14:20
9079,100,907900,14:14:17
9079,300,2723700,14:14:17
9079,500,4539500,14:14:17
9079,500,4539500,14:14:17
9078,100,907800,14:14:05
9079,100,907900,14:14:05
9079,100,907900,14:14:05
9078,700,6354600,14:14:05
9077,1300,11800100,14:14:00
9076,800,7260800,14:14:00
9076,700,6353200,14:14:00
9075,100,907500,14:13:57
9075,100,907500,14:13:56
9073,300,2721900,14:13:54
9074,800,7259200,14:13:54
9075,200,1815000,14:13:53
9075,100,907500,14:13:51
9075,500,4537500,14:13:50
9075,500,4537500,14:13:50
9075,100,907500,14:13:50
9075,100,907500,14:13:43
9075,1500,13612500,14:13:43
9074,400,3629600,14:13:35
9073,100,907300,14:13:34
9073,100,907300,14:13:34
9074,200,1814800,14:13:33
9072,1600,14515200,14:13:18
9072,400,3628800,14:13:18
9072,400,3628800,14:13:18
9072,100,907200,14:13:18
9072,100,907200,14:13:18
9072,1200,10886400,14:13:18
9073,800,7258400,14:13:18
9075,100,907500,14:13:15
9074,100,907400,14:13:15
9073,1000,9073000,14:13:10
9074,100,907400,14:13:10
9075,200,1815000,14:13:09
9075,100,907500,14:13:09
9075,100,907500,14:13:08
9075,100,907500,14:13:08
9075,100,907500,14:13:07
9075,300,2722500,14:13:07
9074,400,3629600,14:13:07
9073,700,6351100,14:13:07
9073,600,5443800,14:13:06
9073,700,6351100,14:13:06
9073,100,907300,14:13:06
9073,100,907300,14:13:06
9075,1400,12705000,14:12:52
9074,600,5444400,14:12:52
9074,100,907400,14:12:39
9074,500,4537000,14:12:26
9074,100,907400,14:12:19
9074,100,907400,14:12:17
9074,800,7259200,14:12:17
9075,1000,9075000,14:12:17
9076,100,907600,14:12:09
9076,500,4538000,14:12:09
9076,400,3630400,14:12:09
9077,100,907700,14:12:08
9077,900,8169300,14:12:08
9076,900,8168400,14:12:08
9076,100,907600,14:12:08
9076,100,907600,14:12:08
9075,100,907500,14:12:05
9075,100,907500,14:11:54
9075,100,907500,14:11:50
9075,100,907500,14:11:49
9075,100,907500,14:11:48
9075,100,907500,14:11:48
9075,100,907500,14:11:48
9075,200,1815000,14:11:48
9075,100,907500,14:11:48
9075,200,1815000,14:11:48
9075,100,907500,14:11:43
9075,100,907500,14:11:42
9075,300,2722500,14:11:32
9074,100,907400,14:11:32
9075,100,907500,14:11:29
9075,100,907500,14:11:29
9075,300,2722500,14:11:29
9075,1600,14520000,14:11:29
9074,100,907400,14:11:29
9074,900,8166600,14:11:29
9073,600,5443800,14:11:29
9072,800,7257600,14:11:29
9070,800,7256000,14:11:29
9071,500,4535500,14:11:29
9071,200,1814200,14:11:29
9070,100,907000,14:11:29
9069,100,906900,14:11:26
9069,100,906900,14:11:25
9070,100,907000,14:11:19
9071,100,907100,14:11:17
9070,200,1814000,14:11:16
9069,500,4534500,14:11:16
9069,100,906900,14:11:15
9068,100,906800,14:11:14
9068,100,906800,14:11:13
9068,100,906800,14:11:12
9068,100,906800,14:11:11
9068,100,906800,14:11:09
9067,100,906700,14:11:05
9068,200,1813600,14:11:05
9068,100,906800,14:11:05
9068,100,906800,14:11:04
9068,100,906800,14:11:04
9068,100,906800,14:11:04
9068,100,906800,14:11:04
9069,700,6348300,14:11:04
9070,1500,13605000,14:11:04
9071,1400,12699400,14:11:04
9072,1100,9979200,14:11:01
9073,100,907300,14:11:01
9073,1000,9073000,14:11:01
9074,900,8166600,14:11:01
9075,4000,36300000,14:11:01
9075,1200,10890000,14:11:01
9075,100,907500,14:10:42
9075,300,2722500,14:10:35
9075,100,907500,14:10:32
9076,200,1815200,14:10:27
9075,600,5445000,14:10:26
9075,1000,9075000,14:10:26
9076,100,907600,14:10:22
9076,100,907600,14:10:21
9076,100,907600,14:10:19
9076,900,8168400,14:10:19
9077,400,3630800,14:10:19
9077,900,8169300,14:10:19
9077,100,907700,14:10:17
9077,100,907700,14:10:10
9078,500,4539000,14:10:06
9078,200,1815600,14:10:06
9079,300,2723700,14:10:02
9080,1000,9080000,14:10:02
9080,100,908000,14:10:02
9080,100,908000,14:10:01
9081,100,908100,14:10:01
9081,1000,9081000,14:10:01
9081,500,4540500,14:09:55
9080,700,6356000,14:09:55
9078,100,907800,14:09:53
9080,700,6356000,14:09:51
9079,200,1815800,14:09:51
9078,200,1815600,14:09:49
9079,100,907900,14:09:48
9078,100,907800,14:09:47
9078,100,907800,14:09:46
9081,800,7264800,14:09:46
9080,500,4540000,14:09:46
9079,200,1815800,14:09:46
9079,300,2723700,14:09:42
9079,100,907900,14:09:41
9079,100,907900,14:09:41
9079,100,907900,14:09:41
9079,100,907900,14:09:41
9080,100,908000,14:09:41
9079,300,2723700,14:09:41
9080,1000,9080000,14:09:41
9082,100,908200,14:09:37
9083,600,5449800,14:09:33
9082,400,3632800,14:09:33
9081,100,908100,14:09:31
9081,1000,9081000,14:09:31
9084,500,4542000,14:09:31
9083,500,4541500,14:09:31
9081,100,908100,14:09:30
9081,100,908100,14:09:26
9082,100,908200,14:09:25
9083,700,6358100,14:09:24
9083,100,908300,14:09:24
9084,400,3633600,14:09:24
9084,500,4542000,14:09:24
9084,500,4542000,14:09:24
9084,500,4542000,14:09:24
9084,500,4542000,14:09:24
9085,500,4542500,14:09:24
9085,200,1817000,14:09:24
9085,100,908500,14:09:24
9085,200,1817000,14:09:24
9085,200,1817000,14:09:24
9085,1200,10902000,14:09:24
9086,100,908600,14:09:23
9086,300,2725800,14:09:23
9086,100,908600,14:09:21
9087,1800,16356600,14:09:21
9086,100,908600,14:09:21
9085,100,908500,14:09:18
9086,600,5451600,14:09:17
9086,100,908600,14:09:16
9086,400,3634400,14:09:15
9086,100,908600,14:09:07
9085,200,1817000,14:08:59
9085,100,908500,14:08:59
9085,100,908500,14:08:57
9085,200,1817000,14:08:56
9085,100,908500,14:08:55
9085,100,908500,14:08:55
9086,100,908600,14:08:54
9086,100,908600,14:08:50
9087,100,908700,14:08:50
9086,100,908600,14:08:47
9086,100,908600,14:08:45
9086,100,908600,14:08:44
9086,100,908600,14:08:44
9086,600,5451600,14:08:44
9088,100,908800,14:08:43
9087,100,908700,14:08:41
9087,100,908700,14:08:41
9087,100,908700,14:08:41
9087,200,1817400,14:08:40
9087,300,2726100,14:08:40
9086,100,908600,14:08:40
9086,1100,9994600,14:08:40
9085,100,908500,14:08:40
9086,200,1817200,14:08:40
9085,100,908500,14:08:40
9084,200,1816800,14:08:35
9085,100,908500,14:08:34
9085,100,908500,14:08:32
9085,1500,13627500,14:08:29
9085,100,908500,14:08:29
9085,100,908500,14:08:29
9085,1000,9085000,14:08:26
9085,200,1817000,14:08:25
9085,100,908500,14:08:21
9084,100,908400,14:08:19
9083,500,4541500,14:08:19
9084,100,908400,14:08:16
9083,100,908300,14:08:15
9084,1000,9084000,14:08:15
9085,100,908500,14:08:14
9085,600,5451000,14:08:13
9085,700,6359500,14:08:13
9084,4400,39969600,14:08:12
9084,1100,9992400,14:08:12
9083,1100,9991300,14:08:12
9082,1700,15439400,14:08:12
9081,100,908100,14:08:12
9081,5600,50853600,14:08:12
9080,2700,24516000,14:08:12
9080,500,4540000,14:08:12
9080,400,3632000,14:08:12
9080,4500,40860000,14:08:12
9079,200,1815800,14:08:12
9079,100,907900,14:08:10
9079,100,907900,14:08:09
9079,100,907900,14:08:09
9079,100,907900,14:08:07
9079,100,907900,14:08:06
9080,100,908000,14:08:06
9078,300,2723400,14:08:05
9079,400,3631600,14:08:05
9078,700,6354600,14:08:05
9078,100,907800,14:08:04
9078,100,907800,14:07:49
9077,100,907700,14:07:47
9077,100,907700,14:07:47
9078,100,907800,14:07:41
9079,100,907900,14:07:41
9079,1700,15434300,14:07:41
9078,100,907800,14:07:40
9078,500,4539000,14:07:39
9078,200,1815600,14:07:37
9078,500,4539000,14:07:30
9077,500,4538500,14:07:30
9075,300,2722500,14:07:23
9076,700,6353200,14:07:23
9077,100,907700,14:07:13
9077,100,907700,14:07:13
9076,400,3630400,14:07:12
9075,2900,26317500,14:07:12
9074,200,1814800,14:07:09
9073,100,907300,14:07:08
9072,200,1814400,14:07:07
9070,200,1814000,14:07:04
9071,400,3628400,14:07:04
9071,100,907100,14:06:57
9073,1500,13609500,14:06:55
9073,100,907300,14:06:55
9073,100,907300,14:06:55
9073,100,907300,14:06:55
9073,100,907300,14:06:55
9073,300,2721900,14:06:55
9073,6400,58067200,14:06:55
9074,1100,9981400,14:06:55
9073,900,8165700,14:06:55
9072,500,4536000,14:06:55
9070,100,907000,14:06:53
9070,100,907000,14:06:53
9071,100,907100,14:06:48
9072,100,907200,14:06:47
9070,100,907000,14:06:46
9070,100,907000,14:06:45
9072,200,1814400,14:06:40
9072,600,5443200,14:06:40
9072,200,1814400,14:06:40
9073,600,5443800,14:06:39
9072,400,3628800,14:06:39
9071,300,2721300,14:06:37
9070,100,907000,14:06:37
9071,100,907100,14:06:34
9070,800,7256000,14:06:34
9071,200,1814200,14:06:34
9071,100,907100,14:06:32
9072,800,7257600,14:06:32
9072,2500,22680000,14:06:32
9072,1900,17236800,14:06:32
9071,1600,14513600,14:06:32
9070,2900,26303000,14:06:32
9069,300,2720700,14:06:32
9069,400,3627600,14:06:31
9068,100,906800,14:06:19
9069,400,3627600,14:06:17
9068,700,6347600,14:06:17
9067,200,1813400,14:06:17
9066,100,906600,14:06:16
9066,100,906600,14:06:14
9067,100,906700,14:06:13
9067,200,1813400,14:06:10
9068,300,2720400,14:06:10
9067,500,4533500,14:06:06
9067,500,4533500,14:06:04
9067,100,906700,14:06:04
9067,300,2720100,14:06:03
9067,200,1813400,14:06:00
9068,100,906800,14:06:00
9067,100,906700,14:05:59
9067,100,906700,14:05:53
9067,300,2720100,14:05:51
9067,500,4533500,14:05:51
9067,500,4533500,14:05:51
9067,100,906700,14:05:51
9067,100,906700,14:05:51
9068,1200,10881600,14:05:51
9068,100,906800,14:05:51
9069,100,906900,14:05:50
9069,300,2720700,14:05:50
9069,100,906900,14:05:43
9069,100,906900,14:05:38
9069,100,906900,14:05:35
9069,100,906900,14:05:33
9069,100,906900,14:05:30
9069,100,906900,14:05:30
9069,100,906900,14:05:29
9069,100,906900,14:05:26
9069,200,1813800,14:05:26
9069,100,906900,14:05:21
9069,100,906900,14:05:21
9069,100,906900,14:05:21
9069,100,906900,14:05:21
9069,100,906900,14:05:21
9069,100,906900,14:05:21
9071,400,3628400,14:05:21
9070,700,6349000,14:05:21
9069,600,5441400,14:05:21
9069,100,906900,14:05:21
9069,100,906900,14:05:21
9069,2800,25393200,14:05:21
9069,700,6348300,14:05:21
9069,3100,28113900,14:05:21
9068,100,906800,14:05:21
9069,300,2720700,14:05:20
9068,100,906800,14:05:16
9070,100,907000,14:05:10
9070,100,907000,14:05:10
9069,1300,11789700,14:05:10
9069,200,1813800,14:05:10
9070,300,2721000,14:05:10
9070,200,1814000,14:05:10
9070,200,1814000,14:05:10
9070,4500,40815000,14:05:10
9070,4500,40815000,14:05:10
9070,1300,11791000,14:05:10
9070,600,5442000,14:05:10
9070,700,6349000,14:05:10
9070,100,907000,14:05:10
9070,2700,24489000,14:05:10
9070,700,6349000,14:05:10
9070,700,6349000,14:05:10
9070,900,8163000,14:05:10
9070,200,1814000,14:05:10
9069,100,906900,14:05:09
9069,100,906900,14:05:06
9069,200,1813800,14:04:51
9069,200,1813800,14:04:49
9069,100,906900,14:04:44
9069,500,4534500,14:04:44
9070,100,907000,14:04:44
9070,100,907000,14:04:41
9069,600,5441400,14:04:41
9068,300,2720400,14:04:40
9068,100,906800,14:04:40
9069,300,2720700,14:04:22
9067,400,3626800,14:04:21
9068,200,1813600,14:04:21
9068,100,906800,14:04:20
9068,200,1813600,14:04:20
9068,100,906800,14:04:20
9069,100,906900,14:04:20
9068,200,1813600,14:04:20
9068,100,906800,14:04:19
9068,1600,14508800,14:04:19
9068,200,1813600,14:04:19
9068,100,906800,14:04:19
9069,600,5441400,14:04:19
9069,200,1813800,14:04:06
9070,300,2721000,14:04:01
9070,100,907000,14:03:57
9071,100,907100,14:03:55
9071,500,4535500,14:03:55
9071,100,907100,14:03:53
9071,300,2721300,14:03:52
9073,800,7258400,14:03:50
9072,300,2721600,14:03:50
9071,100,907100,14:03:48
9071,400,3628400,14:03:48
9070,200,1814000,14:03:46
9070,500,4535000,14:03:46
9069,100,906900,14:03:45
9069,100,906900,14:03:44
9070,100,907000,14:03:44
9069,100,906900,14:03:35
9069,600,5441400,14:03:35
9070,2400,21768000,14:03:35
9070,100,907000,14:03:35
9070,100,907000,14:03:35
9070,100,907000,14:03:34
9071,600,5442600,14:03:31
9071,100,907100,14:03:29
9071,300,2721300,14:03:22
9070,100,907000,14:03:19
9070,300,2721000,14:03:04
9071,1200,10885200,14:03:04
9072,200,1814400,14:03:00
9073,100,907300,14:02:59
9071,300,2721300,14:02:57
9073,100,907300,14:02:56
9073,100,907300,14:02:55
9071,600,5442600,14:02:53
9072,400,3628800,14:02:53
9072,100,907200,14:02:51
9071,100,907100,14:02:44
9072,100,907200,14:02:43
9071,100,907100,14:02:42
9071,200,1814200,14:02:41
9072,300,2721600,14:02:41
9073,100,907300,14:02:39
9074,100,907400,14:02:29
9074,100,907400,14:02:28
9075,100,907500,14:02:23
9074,300,2722200,14:02:23
9072,200,1814400,14:02:23
9074,300,2722200,14:02:21
9074,100,907400,14:02:21
9072,500,4536000,14:02:17
9073,200,1814600,14:02:17
9073,100,907300,14:02:17
9074,1000,9074000,14:02:17
9074,100,907400,14:02:17
9075,1600,14520000,14:02:17
9075,100,907500,14:02:10
9076,100,907600,14:02:08
9076,300,2722800,14:02:06
9076,1100,9983600,14:02:04
9077,100,907700,14:02:01
9077,600,5446200,14:02:01
9077,100,907700,14:02:01
9079,600,5447400,14:01:59
9078,200,1815600,14:01:59
9078,200,1815600,14:01:53
9078,100,907800,14:01:50
9076,100,907600,14:01:49
9077,300,2723100,14:01:44
9076,300,2722800,14:01:38
9076,200,1815200,14:01:38
9076,400,3630400,14:01:38
9075,200,1815000,14:01:31
9076,500,4538000,14:01:31
9076,100,907600,14:01:27
9076,100,907600,14:01:22
9076,100,907600,14:01:21
9076,100,907600,14:01:17
9075,100,907500,14:01:15
9077,100,907700,14:01:14
9077,800,7261600,14:01:14
9076,700,6353200,14:01:14
9075,200,1815000,14:01:14
9075,100,907500,14:01:14
9075,200,1815000,14:01:14
9076,700,6353200,14:01:10
9076,100,907600,14:01:06
9077,100,907700,14:01:05
9077,400,3630800,14:01:03
9077,100,907700,14:00:54
9077,200,1815400,14:00:54
9077,100,907700,14:00:53
9079,200,1815800,14:00:53
9077,100,907700,14:00:53
9078,900,8170200,14:00:53
9077,1000,9077000,14:00:53
9076,200,1815200,14:00:53
9075,200,1815000,14:00:51
9076,800,7260800,14:00:48
9076,100,907600,14:00:47
9076,100,907600,14:00:45
9076,100,907600,14:00:44
9076,100,907600,14:00:35
9078,300,2723400,14:00:22
9077,700,6353900,14:00:22
9075,100,907500,14:00:19
9077,100,907700,14:00:16
9075,200,1815000,14:00:16
9075,100,907500,14:00:15
9076,300,2722800,14:00:15
9075,100,907500,14:00:15
9075,100,907500,14:00:13
9075,200,1815000,14:00:13
9075,100,907500,14:00:10
9075,300,2722500,14:00:09
9075,100,907500,14:00:05
9075,100,907500,13:59:55
9074,200,1814800,13:59:52
9074,100,907400,13:59:46
9074,100,907400,13:59:46
9075,1400,12705000,13:59:46
9077,700,6353900,13:59:37
9076,400,3630400,13:59:37
9075,100,907500,13:59:35
9076,1000,9076000,13:59:34
9076,100,907600,13:59:29
9076,100,907600,13:59:19
9075,100,907500,13:59:17
9074,200,1814800,13:59:17
9075,200,1815000,13:59:14
9074,100,907400,13:59:12
9074,100,907400,13:59:05
9072,100,907200,13:59:05
9073,200,1814600,13:59:05
9072,100,907200,13:59:03
9072,300,2721600,13:59:03
9071,200,1814200,13:58:59
9071,400,3628400,13:58:58
9071,100,907100,13:58:50
9071,200,1814200,13:58:47
9071,500,4535500,13:58:47
9071,200,1814200,13:58:47
9072,200,1814400,13:58:47
9073,300,2721900,13:58:40
9072,300,2721600,13:58:40
9071,200,1814200,13:58:40
9071,300,2721300,13:58:38
9071,100,907100,13:58:36
9071,400,3628400,13:58:33
9072,300,2721600,13:58:33
9073,200,1814600,13:58:28
9072,200,1814400,13:58:28
9073,800,7258400,13:58:28
9073,100,907300,13:58:27
9074,600,5444400,13:58:25
9074,200,1814800,13:58:25
9074,100,907400,13:58:03
9075,500,4537500,13:58:03
9076,600,5445600,13:58:03
9076,100,907600,13:58:00
9076,200,1815200,13:57:57
9076,100,907600,13:57:55
9075,400,3630000,13:57:51
9075,100,907500,13:57:50
9075,300,2722500,13:57:50
9074,100,907400,13:57:42
9075,100,907500,13:57:40
9072,1000,9072000,13:57:40
9073,2200,19960600,13:57:40
9074,1100,9981400,13:57:40
9075,1300,11797500,13:57:40
9076,1800,16336800,13:57:40
9077,500,4538500,13:57:40
9077,100,907700,13:57:35
9077,700,6353900,13:57:35
9077,100,907700,13:57:33
9076,100,907600,13:57:28
9076,100,907600,13:57:28
9076,800,7260800,13:57:27
9075,100,907500,13:57:25
9075,400,3630000,13:57:18
9076,200,1815200,13:57:18
9076,200,1815200,13:57:16
9076,100,907600,13:57:07
9076,100,907600,13:57:07
9076,300,2722800,13:57:03
9076,100,907600,13:56:56
9077,100,907700,13:56:53
9076,300,2722800,13:56:50
9075,200,1815000,13:56:50
9074,200,1814800,13:56:50
9075,200,1815000,13:56:49
9077,100,907700,13:56:49
9077,100,907700,13:56:46
9074,800,7259200,13:56:44
9075,1500,13612500,13:56:44
9076,700,6353200,13:56:44
9078,200,1815600,13:56:41
9075,1600,14520000,13:56:41
9076,3100,28135600,13:56:41
9077,1300,11800100,13:56:41
9078,100,907800,13:56:37
9079,1000,9079000,13:56:30
9079,100,907900,13:56:28
9077,200,1815400,13:56:26
9076,100,907600,13:56:24
9076,100,907600,13:56:23
9078,100,907800,13:56:20
9075,100,907500,13:56:17
9076,200,1815200,13:56:15
9077,400,3630800,13:56:15
9076,100,907600,13:56:15
9076,100,907600,13:56:15
9076,100,907600,13:56:14
9075,200,1815000,13:56:12
9075,400,3630000,13:56:08
9075,100,907500,13:56:06
9074,100,907400,13:56:06
9073,500,4536500,13:56:06
9074,100,907400,13:56:03
9074,100,907400,13:55:59
9074,800,7259200,13:55:59
9074,100,907400,13:55:52
9074,100,907400,13:55:39
9074,100,907400,13:55:38
9074,100,907400,13:55:36
9074,100,907400,13:55:35
9075,300,2722500,13:55:34
9077,100,907700,13:55:33
9076,200,1815200,13:55:33
9076,300,2722800,13:55:33
9076,300,2722800,13:55:33
9077,100,907700,13:55:33
9077,400,3630800,13:55:33
9077,200,1815400,13:55:33
9078,100,907800,13:55:33
9077,100,907700,13:55:26
9078,200,1815600,13:55:26
9078,100,907800,13:55:23
9079,400,3631600,13:55:23
9078,400,3631200,13:55:23
9077,1700,15430900,13:55:23
9076,100,907600,13:55:23
9076,700,6353200,13:55:23
9075,2900,26317500,13:55:23
9074,300,2722200,13:55:15
9073,100,907300,13:55:15
9073,100,907300,13:55:15
9073,100,907300,13:55:11
9072,100,907200,13:55:08
9071,100,907100,13:55:07
9072,700,6350400,13:55:07
9072,200,1814400,13:55:07
9072,400,3628800,13:55:05
9073,800,7258400,13:55:05
9073,100,907300,13:55:02
9073,200,1814600,13:55:02
9073,300,2721900,13:55:02
9072,300,2721600,13:55:00
9072,100,907200,13:54:58
9071,100,907100,13:54:50
9071,100,907100,13:54:44
9071,200,1814200,13:54:36
9070,100,907000,13:54:36
9070,100,907000,13:54:34
9071,200,1814200,13:54:30
9070,100,907000,13:54:30
9070,100,907000,13:54:23
9070,200,1814000,13:54:19
9071,100,907100,13:54:18
9071,100,907100,13:54:18
9071,100,907100,13:54:17
9072,300,2721600,13:54:17
9072,400,3628800,13:54:17
9072,300,2721600,13:54:17
9072,400,3628800,13:54:10
9072,100,907200,13:54:10
9071,100,907100,13:54:10
9071,100,907100,13:54:09
9071,100,907100,13:54:09
9070,100,907000,13:54:01
9070,200,1814000,13:54:00
9070,300,2721000,13:54:00
9070,100,907000,13:53:55
9070,100,907000,13:53:55
9069,500,4534500,13:53:52
9069,200,1813800,13:53:52
9069,100,906900,13:53:51
9070,100,907000,13:53:51
9070,100,907000,13:53:51
9070,200,1814000,13:53:49
9070,100,907000,13:53:44
9070,200,1814000,13:53:40
9069,200,1813800,13:53:35
9068,100,906800,13:53:35
9068,600,5440800,13:53:35
9069,400,3627600,13:53:35
9070,200,1814000,13:53:34
9068,1500,13602000,13:53:34
9069,2200,19951800,13:53:34
9070,1700,15419000,13:53:34
9071,800,7256800,13:53:34
9072,700,6350400,13:53:34
9072,100,907200,13:53:33
9072,100,907200,13:53:25
9072,200,1814400,13:53:24
9073,400,3629200,13:53:18
9071,200,1814200,13:53:17
9072,300,2721600,13:53:16
9072,100,907200,13:53:16
9071,100,907100,13:53:13
9070,100,907000,13:53:12
9070,400,3628000,13:53:11
9071,400,3628400,13:53:11
9071,600,5442600,13:53:11
9071,100,907100,13:53:09
9073,100,907300,13:53:07
9072,200,1814400,13:53:07
9071,200,1814200,13:53:06
9071,500,4535500,13:53:05
9072,500,4536000,13:53:05
9072,100,907200,13:53:04
9073,200,1814600,13:53:04
9073,100,907300,13:53:02
9073,100,907300,13:53:00
9073,100,907300,13:53:00
9073,100,907300,13:53:00
9073,100,907300,13:53:00
9073,100,907300,13:53:00
9074,1600,14518400,13:53:00
9074,100,907400,13:53:00
9075,200,1815000,13:53:00
9075,300,2722500,13:53:00
9076,200,1815200,13:52:54
9077,100,907700,13:52:50
9075,100,907500,13:52:48
9077,100,907700,13:52:47
9076,500,4538000,13:52:44
9074,200,1814800,13:52:43
9075,100,907500,13:52:43
9075,100,907500,13:52:43
9074,100,907400,13:52:43
9075,700,6352500,13:52:43
9076,100,907600,13:52:42
9076,100,907600,13:52:42
9075,600,5445000,13:52:42
9076,3400,30858400,13:52:42
9077,1500,13615500,13:52:42
9078,2000,18156000,13:52:42
9078,100,907800,13:52:17
9078,100,907800,13:52:16
9079,200,1815800,13:52:13
9079,100,907900,13:52:07
9079,400,3631600,13:52:02
9080,100,908000,13:51:52
9079,500,4539500,13:51:51
9079,500,4539500,13:51:51
9080,800,7264000,13:51:50
9081,300,2724300,13:51:37
9082,100,908200,13:51:36
9082,100,908200,13:51:36
9083,200,1816600,13:51:36
9083,100,908300,13:51:30
9082,800,7265600,13:51:30
9081,100,908100,13:51:30
9081,200,1816200,13:51:29
9080,100,908000,13:51:29
9081,200,1816200,13:51:28
9081,100,908100,13:51:27
9081,700,6356700,13:51:27
9081,100,908100,13:51:22
9081,100,908100,13:51:20
9082,100,908200,13:51:17
9080,700,6356000,13:51:17
9080,1000,9080000,13:51:13
9080,100,908000,13:51:13
9080,100,908000,13:51:13
9080,100,908000,13:51:13
9080,600,5448000,13:51:12
9081,400,3632400,13:51:12
9081,200,1816200,13:51:10
9081,100,908100,13:51:07
9081,300,2724300,13:51:07
9081,100,908100,13:51:04
9082,700,6357400,13:51:04
9082,100,908200,13:51:04
9082,200,1816400,13:51:04
9083,1800,16349400,13:51:04
9084,100,908400,13:50:53
9084,1700,15442800,13:50:53
9084,100,908400,13:50:53
9085,100,908500,13:50:51
9085,300,2725500,13:50:51
9085,100,908500,13:50:44
9085,100,908500,13:50:44
9085,200,1817000,13:50:44
9085,100,908500,13:50:36
9085,100,908500,13:50:35
9085,400,3634000,13:50:35
9085,100,908500,13:50:34
9086,200,1817200,13:50:32
9087,800,7269600,13:50:32
9086,400,3634400,13:50:32
9085,200,1817000,13:50:32
9085,200,1817000,13:50:32
9085,100,908500,13:50:22
9085,100,908500,13:50:22
9085,100,908500,13:50:20
9085,100,908500,13:50:16
9085,400,3634000,13:50:10
9085,200,1817000,13:50:10
9085,200,1817000,13:50:10
9085,200,1817000,13:50:10
9085,100,908500,13:50:10
9085,100,908500,13:50:10
9085,300,2725500,13:50:10
9085,700,6359500,13:50:10
9085,600,5451000,13:50:10
9086,100,908600,13:50:07
9086,100,908600,13:50:05
9086,100,908600,13:50:05
9085,1100,9993500,13:50:04
9085,100,908500,13:50:04
9085,100,908500,13:49:57
9085,100,908500,13:49:53
9085,600,5451000,13:49:53
9085,100,908500,13:49:45
9085,100,908500,13:49:43
9084,100,908400,13:49:41
9083,100,908300,13:49:41
9084,300,2725200,13:49:40
9082,200,1816400,13:49:35
9084,1000,9084000,13:49:34
9083,200,1816600,13:49:34
9084,100,908400,13:49:34
9084,100,908400,13:49:34
9083,100,908300,13:49:34
9083,100,908300,13:49:34
9082,100,908200,13:49:34
9084,200,1816800,13:49:34
9081,100,908100,13:49:34
9082,100,908200,13:49:34
9082,100,908200,13:49:34
9083,100,908300,13:49:34
9083,400,3633200,13:49:34
9081,100,908100,13:49:34
9081,100,908100,13:49:34
9082,700,6357400,13:49:34
9081,200,1816200,13:49:34
9081,1600,14529600,13:49:34
9079,600,5447400,13:49:34
9079,800,7263200,13:49:34
9079,500,4539500,13:49:34
9079,100,907900,13:49:34
9079,200,1815800,13:49:34
9079,100,907900,13:49:34
9079,100,907900,13:49:34
9079,100,907900,13:49:34
9079,100,907900,13:49:34
9079,100,907900,13:49:34
9080,44500,404060000,13:49:34
9080,400,3632000,13:49:34
9079,2800,25421200,13:49:34
9079,7000,63553000,13:49:34
9079,100,907900,13:49:34
9079,500,4539500,13:49:34
9079,1200,10894800,13:49:34
9079,100,907900,13:49:34
9079,100,907900,13:49:34
9079,100,907900,13:49:34
9079,100,907900,13:49:33
9078,100,907800,13:49:31
9078,100,907800,13:49:30
9078,100,907800,13:49:27
9078,100,907800,13:49:26
9079,100,907900,13:49:26
9079,800,7263200,13:49:18
9079,100,907900,13:49:17
9079,100,907900,13:49:13
9079,100,907900,13:49:13
9078,400,3631200,13:49:08
9078,100,907800,13:49:08
9078,200,1815600,13:49:03
9077,1300,11800100,13:49:03
9076,100,907600,13:48:53
9076,100,907600,13:48:52
9076,400,3630400,13:48:52
9076,100,907600,13:48:52
9076,100,907600,13:48:52
9076,100,907600,13:48:52
9077,200,1815400,13:48:47
9076,1900,17244400,13:48:38
9076,300,2722800,13:48:36
9076,100,907600,13:48:36
9075,300,2722500,13:48:36
9074,100,907400,13:48:33
9074,200,1814800,13:48:33
9073,100,907300,13:48:30
9074,100,907400,13:48:26
9074,100,907400,13:48:25
9074,100,907400,13:48:20
9074,600,5444400,13:48:20
9073,300,2721900,13:48:20
9073,500,4536500,13:48:17
9073,100,907300,13:48:12
9074,300,2722200,13:48:09
9074,100,907400,13:48:05
9073,100,907300,13:48:02
9073,100,907300,13:47:59
9073,100,907300,13:47:58
9073,100,907300,13:47:57
9073,300,2721900,13:47:57
9074,2600,23592400,13:47:57
9075,1800,16335000,13:47:57
9076,100,907600,13:47:53
9075,100,907500,13:47:50
9076,100,907600,13:47:44
9076,100,907600,13:47:42
9076,100,907600,13:47:42
9076,100,907600,13:47:42
9076,100,907600,13:47:42
9076,200,1815200,13:47:41
9076,100,907600,13:47:41
9076,100,907600,13:47:40
9076,100,907600,13:47:33
9077,2000,18154000,13:47:25
9077,800,7261600,13:47:25
9076,100,907600,13:47:24
9076,100,907600,13:47:22
9076,100,907600,13:47:20
9077,300,2723100,13:47:19
9077,100,907700,13:47:18
9075,100,907500,13:47:15
9076,100,907600,13:47:13
9076,100,907600,13:47:11
9075,100,907500,13:47:05
9076,100,907600,13:47:02
9076,300,2722800,13:47:00
9076,100,907600,13:47:00
9076,100,907600,13:46:55
9075,100,907500,13:46:49
9076,100,907600,13:46:46
9077,600,5446200,13:46:44
9076,200,1815200,13:46:44
9075,100,907500,13:46:40
9075,200,1815000,13:46:40
9075,100,907500,13:46:39
9075,100,907500,13:46:39
9075,100,907500,13:46:38
9076,100,907600,13:46:30
9076,100,907600,13:46:24
9077,400,3630800,13:46:22
9075,200,1815000,13:46:21
9076,300,2722800,13:46:21
9075,100,907500,13:46:18
9076,400,3630400,13:46:15
9075,100,907500,13:46:10
9075,1400,12705000,13:46:06
9074,100,907400,13:45:59
9074,100,907400,13:45:59
9073,100,907300,13:45:56
9074,300,2722200,13:45:56
9074,200,1814800,13:45:56
9075,200,1815000,13:45:55
9075,200,1815000,13:45:55
9074,100,907400,13:45:55
9074,200,1814800,13:45:52
9074,100,907400,13:45:48
9074,100,907400,13:45:48
9074,300,2722200,13:45:44
9074,100,907400,13:45:44
9074,100,907400,13:45:39
9074,100,907400,13:45:35
9073,1000,9073000,13:45:20
9073,500,4536500,13:45:20
9074,200,1814800,13:45:20
9074,100,907400,13:45:15
9074,100,907400,13:45:15
9075,100,907500,13:45:07
9076,100,907600,13:45:07
9075,600,5445000,13:45:07
9074,400,3629600,13:45:07
9075,500,4537500,13:45:06
9074,600,5444400,13:45:06
9074,400,3629600,13:45:02
9074,100,907400,13:44:57
9074,200,1814800,13:44:52
9074,200,1814800,13:44:52
9075,200,1815000,13:44:47
9075,100,907500,13:44:47
9075,100,907500,13:44:44
9076,100,907600,13:44:44
9075,100,907500,13:44:44
9077,100,907700,13:44:31
9077,100,907700,13:44:31
9075,100,907500,13:44:30
9075,100,907500,13:44:29
9076,100,907600,13:44:27
9076,100,907600,13:44:27
9075,500,4537500,13:44:26
9075,100,907500,13:44:26
9075,100,907500,13:44:24
9075,100,907500,13:44:24
9075,100,907500,13:44:24
9074,400,3629600,13:44:24
9074,100,907400,13:44:23
9072,300,2721600,13:44:22
9073,100,907300,13:44:21
9073,200,1814600,13:44:18
9073,100,907300,13:44:18
9073,200,1814600,13:44:18
9072,300,2721600,13:44:18
9071,100,907100,13:44:18
9071,400,3628400,13:44:18
9071,400,3628400,13:44:18
9071,100,907100,13:44:18
9070,100,907000,13:44:18
9070,500,4535000,13:44:18
9070,100,907000,13:44:08
9069,100,906900,13:44:07
9070,400,3628000,13:44:07
9072,100,907200,13:44:07
9072,500,4536000,13:44:07
9071,500,4535500,13:44:07
9071,100,907100,13:44:03
9070,1200,10884000,13:44:01
9069,100,906900,13:44:00
9069,100,906900,13:44:00
9069,600,5441400,13:44:00
9068,100,906800,13:43:58
9068,100,906800,13:43:55
9068,100,906800,13:43:55
9068,100,906800,13:43:52
9068,100,906800,13:43:52
9067,100,906700,13:43:47
9068,100,906800,13:43:46
9068,400,3627200,13:43:46
9068,200,1813600,13:43:46
9065,600,5439000,13:43:46
9066,1900,17225400,13:43:46
9067,500,4533500,13:43:46
9067,100,906700,13:43:43
9069,200,1813800,13:43:41
9068,200,1813600,13:43:41
9069,100,906900,13:43:40
9067,100,906700,13:43:36
9067,100,906700,13:43:36
9066,400,3626400,13:43:36
9067,500,4533500,13:43:36
9068,100,906800,13:43:36
9069,500,4534500,13:43:33
9069,100,906900,13:43:33
9067,100,906700,13:43:32
9068,200,1813600,13:43:32
9067,100,906700,13:43:25
9067,100,906700,13:43:24
9067,100,906700,13:43:23
9068,200,1813600,13:43:23
9068,200,1813600,13:43:23
9068,100,906800,13:43:23
9068,200,1813600,13:43:22
9068,100,906800,13:43:21
9068,100,906800,13:43:21
9068,100,906800,13:43:18
9069,300,2720700,13:43:18
9068,100,906800,13:43:18
9069,300,2720700,13:43:18
9069,100,906900,13:43:14
9069,100,906900,13:43:14
9068,100,906800,13:43:14
9068,200,1813600,13:43:13
9066,900,8159400,13:43:11
9067,500,4533500,13:43:11
9067,100,906700,13:43:09
9067,100,906700,13:43:09
9067,100,906700,13:43:03
9067,100,906700,13:43:03
9066,100,906600,13:43:03
9067,100,906700,13:43:03
9067,100,906700,13:43:02
9067,100,906700,13:43:02
9066,100,906600,13:43:00
9066,100,906600,13:43:00
9066,100,906600,13:42:59
9067,200,1813400,13:42:59
9066,100,906600,13:42:59
9066,500,4533000,13:42:57
9066,100,906600,13:42:57
9067,100,906700,13:42:57
9067,300,2720100,13:42:57
9068,600,5440800,13:42:57
9068,100,906800,13:42:57
9068,100,906800,13:42:57
9069,200,1813800,13:42:57
9069,100,906900,13:42:57
9069,100,906900,13:42:56
9070,1100,9977000,13:42:56
9070,100,907000,13:42:56
9070,100,907000,13:42:56
9070,100,907000,13:42:56
9071,100,907100,13:42:54
9071,100,907100,13:42:53
9071,100,907100,13:42:53
9071,100,907100,13:42:53
9071,100,907100,13:42:52
9072,1100,9979200,13:42:52
9072,300,2721600,13:42:52
9072,100,907200,13:42:52
9073,300,2721900,13:42:52
9073,100,907300,13:42:50
9073,100,907300,13:42:49
9073,100,907300,13:42:49
9073,100,907300,13:42:49
9074,100,907400,13:42:49
9073,700,6351100,13:42:49
9074,300,2722200,13:42:49
9075,100,907500,13:42:48
9073,700,6351100,13:42:48
9074,900,8166600,13:42:48
9074,100,907400,13:42:48
9074,100,907400,13:42:48
9074,100,907400,13:42:48
9076,500,4538000,13:42:48
9073,100,907300,13:42:48
9074,100,907400,13:42:48
9074,100,907400,13:42:48
9075,500,4537500,13:42:48
9074,200,1814800,13:42:48
9073,100,907300,13:42:48
9074,100,907400,13:42:48
9074,300,2722200,13:42:48
9074,100,907400,13:42:48
9074,100,907400,13:42:48
9074,100,907400,13:42:48
9074,100,907400,13:42:48
9074,100,907400,13:42:48
9074,200,1814800,13:42:48
9074,1200,10888800,13:42:48
9076,100,907600,13:42:48
9075,35600,323070000,13:42:48
9076,400,3630400,13:42:48
9076,100,907600,13:42:48
9076,100,907600,13:42:48
9076,100,907600,13:42:48
9076,100,907600,13:42:48
9076,100,907600,13:42:48
9075,1200,10890000,13:42:48
9075,100,907500,13:42:48
9075,200,1815000,13:42:48
9075,1500,13612500,13:42:48
9075,800,7260000,13:42:48
9075,1800,16335000,13:42:48
9075,1800,16335000,13:42:48
9076,100,907600,13:42:48
9076,10200,92575200,13:42:48
9077,4300,39031100,13:42:48
9078,300,2723400,13:42:48
9078,1200,10893600,13:42:48
9078,200,1815600,13:42:48
9078,100,907800,13:42:47
9078,100,907800,13:42:47
9078,100,907800,13:42:46
9079,100,907900,13:42:43
9079,100,907900,13:42:42
9078,100,907800,13:42:41
9079,200,1815800,13:42:40
9078,100,907800,13:42:36
9078,100,907800,13:42:33
9079,2400,21789600,13:42:32
9080,100,908000,13:42:20
9080,200,1816000,13:42:19
9080,400,3632000,13:42:19
9080,200,1816000,13:42:17
9080,400,3632000,13:42:16
9081,600,5448600,13:42:16
9081,100,908100,13:42:16
9081,100,908100,13:42:15
9081,100,908100,13:42:10
9081,100,908100,13:42:10
9081,500,4540500,13:42:06
9081,100,908100,13:42:06
9082,100,908200,13:42:06
9081,400,3632400,13:42:06
9082,100,908200,13:42:06
9082,100,908200,13:42:06
9082,500,4541000,13:42:06
9083,200,1816600,13:42:06
9082,2000,18164000,13:42:06
9083,1500,13624500,13:42:06
9083,100,908300,13:42:06
9083,500,4541500,13:42:06
9085,400,3634000,13:42:04
9084,500,4542000,13:42:04
9084,100,908400,13:42:04
9084,200,1816800,13:42:04
9084,100,908400,13:41:43
9085,100,908500,13:41:43
9084,100,908400,13:41:43
9085,200,1817000,13:41:38
9084,400,3633600,13:41:38
9083,100,908300,13:41:34
9083,100,908300,13:41:28
9083,100,908300,13:41:23
9084,300,2725200,13:41:21
9083,200,1816600,13:41:21
9083,200,1816600,13:41:21
9083,100,908300,13:41:21
9083,100,908300,13:41:15
9083,800,7266400,13:41:13
9083,100,908300,13:40:57
9084,100,908400,13:40:56
9083,100,908300,13:40:54
9083,100,908300,13:40:49
9083,300,2724900,13:40:48
9083,100,908300,13:40:48
9083,500,4541500,13:40:48
9086,400,3634400,13:40:43
9085,400,3634000,13:40:43
9085,200,1817000,13:40:42
9085,300,2725500,13:40:42
9084,100,908400,13:40:38
9084,100,908400,13:40:38
9084,100,908400,13:40:38
9085,100,908500,13:40:38
9085,100,908500,13:40:36
9085,100,908500,13:40:33
9084,1000,9084000,13:40:33
9083,400,3633200,13:40:33
9083,100,908300,13:40:30
9082,100,908200,13:40:30
9081,100,908100,13:40:30
9082,100,908200,13:40:27
9081,800,7264800,13:40:25
9082,100,908200,13:40:25
9081,100,908100,13:40:21
9083,100,908300,13:40:16
9084,500,4542000,13:40:14
9083,700,6358100,13:40:14
9082,600,5449200,13:40:14
9082,100,908200,13:40:13
9081,100,908100,13:40:13
9081,200,1816200,13:40:12
9080,200,1816000,13:40:06
9081,200,1816200,13:40:06
9081,100,908100,13:40:06
9081,200,1816200,13:40:06
9081,100,908100,13:40:06
9082,500,4541000,13:40:04
9081,100,908100,13:40:01
9081,200,1816200,13:39:55
9081,100,908100,13:39:55
9081,200,1816200,13:39:51
9081,100,908100,13:39:50
9081,100,908100,13:39:50
9080,100,908000,13:39:46
9081,200,1816200,13:39:41
9081,100,908100,13:39:40
9082,100,908200,13:39:38
9082,300,2724600,13:39:38
9082,300,2724600,13:39:38
9083,600,5449800,13:39:38
9083,100,908300,13:39:33
9084,300,2725200,13:39:33
9082,100,908200,13:39:32
9082,200,1816400,13:39:32
9082,100,908200,13:39:26
9082,100,908200,13:39:22
9081,100,908100,13:39:22
9081,100,908100,13:39:22
9080,600,5448000,13:39:22
9079,100,907900,13:39:17
9079,100,907900,13:39:16
9080,100,908000,13:39:16
9080,400,3632000,13:39:16
9080,200,1816000,13:39:16
9080,100,908000,13:39:16
9081,600,5448600,13:39:15
9081,400,3632400,13:39:15
9082,2100,19072200,13:39:15
9082,100,908200,13:39:15
9083,500,4541500,13:39:15
9085,400,3634000,13:39:15
9084,100,908400,13:39:15
9084,100,908400,13:39:11
9084,200,1816800,13:39:11
9083,100,908300,13:39:10
9083,600,5449800,13:39:04
9083,200,1816600,13:39:02
9083,100,908300,13:39:00
9083,200,1816600,13:38:58
9083,100,908300,13:38:58
9083,400,3633200,13:38:54
9083,100,908300,13:38:51
9083,200,1816600,13:38:50
9082,100,908200,13:38:48
9083,100,908300,13:38:46
9083,500,4541500,13:38:46
9083,100,908300,13:38:42
9082,100,908200,13:38:26
9083,100,908300,13:38:26
9082,500,4541000,13:38:21
9083,100,908300,13:38:21
9084,100,908400,13:38:21
9083,200,1816600,13:38:20
9083,100,908300,13:38:20
9083,100,908300,13:38:17
9083,200,1816600,13:38:16
9084,200,1816800,13:38:16
9085,200,1817000,13:38:15
9085,1300,11810500,13:38:14
9086,600,5451600,13:38:14
9087,800,7269600,13:38:12
9086,100,908600,13:38:06
9086,100,908600,13:38:06
9086,100,908600,13:38:03
9086,1200,10903200,13:38:03
9086,100,908600,13:38:01
9086,500,4543000,13:37:59
9086,200,1817200,13:37:56
9086,200,1817200,13:37:54
9088,1800,16358400,13:37:54
9087,200,1817400,13:37:54
9086,100,908600,13:37:54
9087,100,908700,13:37:53
9086,1000,9086000,13:37:53
9088,100,908800,13:37:52
9088,100,908800,13:37:51
9087,800,7269600,13:37:51
9087,200,1817400,13:37:51
9087,200,1817400,13:37:51
9087,100,908700,13:37:51
9087,300,2726100,13:37:51
9087,300,2726100,13:37:51
9087,300,2726100,13:37:51
9087,100,908700,13:37:51
9087,100,908700,13:37:51
9088,100,908800,13:37:47
9090,400,3636000,13:37:47
9089,500,4544500,13:37:47
9088,300,2726400,13:37:47
9088,100,908800,13:37:46
9088,400,3635200,13:37:46
9088,100,908800,13:37:46
9088,500,4544000,13:37:46
9088,300,2726400,13:37:42
9088,200,1817600,13:37:41
9088,200,1817600,13:37:41
9088,100,908800,13:37:32
9088,100,908800,13:37:30
9087,200,1817400,13:37:30
9087,100,908700,13:37:30
9087,100,908700,13:37:30
9088,100,908800,13:37:28
9088,600,5452800,13:37:27
9089,400,3635600,13:37:27
9089,100,908900,13:37:25
9089,100,908900,13:37:25
9089,100,908900,13:37:25
9089,100,908900,13:37:25
9088,100,908800,13:37:24
9088,500,4544000,13:37:23
9088,200,1817600,13:37:23
9087,400,3634800,13:37:21
9088,100,908800,13:37:21
9089,100,908900,13:37:19
9087,200,1817400,13:37:18
9088,200,1817600,13:37:18
9088,100,908800,13:37:18
9089,100,908900,13:37:13
9088,100,908800,13:37:12
9089,100,908900,13:37:11
9088,300,2726400,13:37:11
9087,200,1817400,13:37:10
9086,2100,19080600,13:37:10
9085,1100,9993500,13:37:10
9084,100,908400,13:37:09
9084,100,908400,13:37:08
9084,500,4542000,13:37:08
9084,300,2725200,13:37:02
9083,200,1816600,13:37:02
9082,100,908200,13:37:02
9080,100,908000,13:36:59
9081,100,908100,13:36:59
9081,100,908100,13:36:59
9080,100,908000,13:36:53
9082,300,2724600,13:36:51
9081,100,908100,13:36:51
9082,300,2724600,13:36:51
9083,200,1816600,13:36:51
9083,100,908300,13:36:51
9083,400,3633200,13:36:51
9082,800,7265600,13:36:50
9082,100,908200,13:36:50
9081,600,5448600,13:36:50
9080,600,5448000,13:36:50
9079,100,907900,13:36:50
9079,200,1815800,13:36:50
9079,100,907900,13:36:48
9079,1200,10894800,13:36:47
9079,100,907900,13:36:41
9080,100,908000,13:36:40
9080,300,2724000,13:36:36
9080,100,908000,13:36:29
9080,100,908000,13:36:28
9080,100,908000,13:36:27
9079,200,1815800,13:36:26
9080,800,7264000,13:36:26
9080,100,908000,13:36:26
9081,500,4540500,13:36:25
9080,300,2724000,13:36:23
9080,300,2724000,13:36:23
9080,300,2724000,13:36:23
9080,100,908000,13:36:23
9080,100,908000,13:36:09
9078,100,907800,13:36:09
9080,100,908000,13:36:08
9079,100,907900,13:36:06
9079,100,907900,13:36:01
9078,500,4539000,13:36:01
9079,800,7263200,13:36:01
9080,500,4540000,13:36:01
9081,100,908100,13:35:56
9081,600,5448600,13:35:56
9082,800,7265600,13:35:56
9082,300,2724600,13:35:49
9081,500,4540500,13:35:47
9082,100,908200,13:35:47
9081,300,2724300,13:35:46
9081,200,1816200,13:35:46
9079,100,907900,13:35:42
9080,300,2724000,13:35:41
9077,700,6353900,13:35:41
9078,700,6354600,13:35:41
9079,200,1815800,13:35:36
9079,300,2723700,13:35:36
9080,600,5448000,13:35:36
9081,500,4540500,13:35:35
9081,100,908100,13:35:31
9082,100,908200,13:35:22
9081,100,908100,13:35:20
9082,100,908200,13:35:20
9081,600,5448600,13:35:19
9080,200,1816000,13:35:16
9079,100,907900,13:35:16
9079,200,1815800,13:35:15
9080,100,908000,13:35:13
9080,100,908000,13:35:11
9080,100,908000,13:35:11
9080,100,908000,13:35:10
9080,600,5448000,13:35:10
9081,200,1816200,13:35:10
9082,100,908200,13:35:09
9082,100,908200,13:35:08
9082,100,908200,13:35:07
9082,100,908200,13:35:06
9083,100,908300,13:35:05
9083,300,2724900,13:35:05
9083,100,908300,13:35:03
9083,100,908300,13:35:00
9085,200,1817000,13:34:59
9084,200,1816800,13:34:58
9083,100,908300,13:34:58
9083,100,908300,13:34:51
9083,400,3633200,13:34:51
9082,300,2724600,13:34:51
9081,100,908100,13:34:48
9081,400,3632400,13:34:47
9082,500,4541000,13:34:47
9083,200,1816600,13:34:47
9081,100,908100,13:34:45
9081,100,908100,13:34:45
9081,200,1816200,13:34:45
9082,800,7265600,13:34:45
9083,500,4541500,13:34:43
9082,100,908200,13:34:43
9083,100,908300,13:34:42
9083,200,1816600,13:34:41
9083,400,3633200,13:34:37
9083,300,2724900,13:34:37
9084,100,908400,13:34:36
9084,400,3633600,13:34:36
9085,500,4542500,13:34:36
9085,200,1817000,13:34:36
9086,400,3634400,13:34:36
9087,1900,17265300,13:34:36
9088,100,908800,13:34:36
9088,300,2726400,13:34:36
9088,400,3635200,13:34:36
9088,1400,12723200,13:34:36
9089,3200,29084800,13:34:36
9090,100,909000,13:34:26
9089,100,908900,13:34:24
9090,200,1818000,13:34:23
9090,100,909000,13:34:23
9090,100,909000,13:34:22
9089,100,908900,13:34:18
9089,200,1817800,13:34:12
9090,1200,10908000,13:34:10
9090,600,5454000,13:34:10
9090,700,6363000,13:34:04
9089,100,908900,13:34:04
9089,200,1817800,13:34:00
9089,100,908900,13:34:00
9089,100,908900,13:33:54
9089,400,3635600,13:33:52
9090,600,5454000,13:33:48
9090,300,2727000,13:33:45
9089,100,908900,13:33:45
9088,100,908800,13:33:44
9089,100,908900,13:33:39
9089,100,908900,13:33:39
9090,100,909000,13:33:39
9089,100,908900,13:33:38
9089,100,908900,13:33:32
9089,1600,14542400,13:33:32
9088,300,2726400,13:33:32
9089,100,908900,13:33:28
9088,300,2726400,13:33:28
9088,200,1817600,13:33:27
9087,200,1817400,13:33:21
9088,400,3635200,13:33:21
9088,100,908800,13:33:17
9088,500,4544000,13:33:12
9088,100,908800,13:33:08
9088,100,908800,13:33:08
9088,1200,10905600,13:33:08
9089,100,908900,13:33:06
9088,200,1817600,13:33:03
9088,100,908800,13:33:02
9089,100,908900,13:33:02
9089,200,1817800,13:33:02
9089,100,908900,13:33:02
9089,200,1817800,13:33:02
9089,200,1817800,13:33:02
9089,200,1817800,13:33:02
9089,1500,13633500,13:33:02
9088,500,4544000,13:33:02
9087,500,4543500,13:32:59
9088,100,908800,13:32:54
9089,200,1817800,13:32:50
9089,400,3635600,13:32:50
9088,400,3635200,13:32:50
9088,100,908800,13:32:47
9087,100,908700,13:32:42
9087,600,5452200,13:32:41
9087,200,1817400,13:32:41
9088,300,2726400,13:32:41
9088,100,908800,13:32:37
9088,100,908800,13:32:33
9088,100,908800,13:32:30
9088,400,3635200,13:32:30
9088,100,908800,13:32:27
9087,100,908700,13:32:25
9087,1400,12721800,13:32:25
9088,100,908800,13:32:17
9088,200,1817600,13:32:15
9088,200,1817600,13:32:15
9088,100,908800,13:32:15
9087,4500,40891500,13:32:15
9086,200,1817200,13:32:14
9087,100,908700,13:32:10
9087,100,908700,13:32:09
9086,100,908600,13:32:09
9086,100,908600,13:32:06
9086,100,908600,13:32:04
9085,100,908500,13:32:00
9087,100,908700,13:31:59
9086,100,908600,13:31:57
9086,100,908600,13:31:54
9086,200,1817200,13:31:54
9085,200,1817000,13:31:53
9086,100,908600,13:31:52
9086,100,908600,13:31:50
9086,100,908600,13:31:50
9086,100,908600,13:31:50
9086,900,8177400,13:31:46
9087,500,4543500,13:31:46
9088,300,2726400,13:31:43
9087,300,2726100,13:31:41
9086,100,908600,13:31:41
9085,100,908500,13:31:41
9086,300,2725800,13:31:40
9085,200,1817000,13:31:37
9086,100,908600,13:31:37
9087,100,908700,13:31:36
9086,100,908600,13:31:36
9087,300,2726100,13:31:36
9087,100,908700,13:31:36
9087,300,2726100,13:31:36
9088,700,6361600,13:31:36
9088,100,908800,13:31:35
9089,100,908900,13:31:35
9089,100,908900,13:31:33
9088,100,908800,13:31:32
9088,100,908800,13:31:28
9089,100,908900,13:31:26
9089,100,908900,13:31:26
9087,100,908700,13:31:21
9087,100,908700,13:31:19
9087,200,1817400,13:31:13
9089,600,5453400,13:31:13
9088,300,2726400,13:31:13
9087,100,908700,13:31:11
9086,200,1817200,13:31:11
9084,200,1816800,13:31:11
9084,100,908400,13:31:11
9085,400,3634000,13:31:11
9087,200,1817400,13:31:11
9086,300,2725800,13:31:11
9085,100,908500,13:31:11
9084,100,908400,13:31:09
9085,200,1817000,13:31:07
9085,100,908500,13:31:07
9085,100,908500,13:31:07
9085,100,908500,13:31:03
9084,100,908400,13:31:03
9085,100,908500,13:31:02
9085,100,908500,13:31:02
9085,100,908500,13:31:01
9086,400,3634400,13:31:01
9086,100,908600,13:31:01
9086,100,908600,13:31:01
9086,100,908600,13:31:01
9087,100,908700,13:31:00
9088,100,908800,13:30:57
9088,100,908800,13:30:57
9088,100,908800,13:30:57
9088,100,908800,13:30:57
9087,200,1817400,13:30:57
9087,1100,9995700,13:30:57
9088,1600,14540800,13:30:57
9088,100,908800,13:30:57
9088,100,908800,13:30:57
9088,200,1817600,13:30:57
9089,1300,11815700,13:30:57
9089,100,908900,13:30:57
9089,100,908900,13:30:56
9089,100,908900,13:30:52
9089,200,1817800,13:30:51
9091,300,2727300,13:30:50
9090,500,4545000,13:30:50
9090,3800,34542000,13:30:50
9091,600,5454600,13:30:50
9092,100,909200,13:30:50
9092,100,909200,13:30:50
9092,100,909200,13:30:50
9091,300,2727300,13:30:49
9091,500,4545500,13:30:49
9091,500,4545500,13:30:49
9091,500,4545500,13:30:49
9091,500,4545500,13:30:41
9091,800,7272800,13:30:41
9092,500,4546000,13:30:34
9092,500,4546000,13:30:34
9092,400,3636800,13:30:34
9092,500,4546000,13:30:34
9092,500,4546000,13:30:34
9094,100,909400,13:30:33
9093,200,1818600,13:30:32
9093,100,909300,13:30:27
9094,100,909400,13:30:27
9094,100,909400,13:30:27
9093,1000,9093000,13:30:27
9093,300,2727900,13:30:27
9093,900,8183700,13:30:27
9093,2100,19095300,13:30:27
9094,300,2728200,13:30:27
9095,100,909500,13:30:27
9094,100,909400,13:30:27
9094,100,909400,13:30:26
9094,100,909400,13:30:25
9094,100,909400,13:30:25
9094,100,909400,13:30:23
9094,100,909400,13:30:22
9094,3400,30919600,13:30:22
9095,100,909500,13:30:19
9095,100,909500,13:30:17
9093,100,909300,13:30:17
9094,500,4547000,13:30:17
9094,100,909400,13:30:16
9093,100,909300,13:30:16
9093,100,909300,13:30:16
9093,300,2727900,13:30:16
9093,300,2727900,13:30:16
9093,300,2727900,13:30:16
9092,100,909200,13:30:15
9093,100,909300,13:30:12
9093,100,909300,13:30:11
9092,100,909200,13:30:10
9092,500,4546000,13:30:10
9093,100,909300,13:30:09
9093,100,909300,13:30:05
9094,800,7275200,13:30:02
9093,500,4546500,13:30:02
9093,200,1818600,13:29:59
9093,100,909300,13:29:57
9093,1600,14548800,13:29:57
9094,100,909400,13:29:57
9094,100,909400,13:29:56
9094,300,2728200,13:29:53
9095,500,4547500,13:29:51
9094,400,3637600,13:29:51
9094,100,909400,13:29:50
9093,100,909300,13:29:48
9095,200,1819000,13:29:47
9094,100,909400,13:29:47
9094,100,909400,13:29:47
9093,200,1818600,13:29:44
9093,100,909300,13:29:43
9093,200,1818600,13:29:43
9093,100,909300,13:29:42
9093,100,909300,13:29:41
9092,100,909200,13:29:38
9094,600,5456400,13:29:37
9093,200,1818600,13:29:37
9093,200,1818600,13:29:37
9093,100,909300,13:29:35
9092,100,909200,13:29:32
9093,100,909300,13:29:29
9093,200,1818600,13:29:27
9093,100,909300,13:29:27
9093,100,909300,13:29:27
9093,100,909300,13:29:27
9094,100,909400,13:29:25
9093,100,909300,13:29:24
9093,100,909300,13:29:24
9093,400,3637200,13:29:24
9092,600,5455200,13:29:24
9091,100,909100,13:29:24
9092,100,909200,13:29:24
9092,100,909200,13:29:24
9091,100,909100,13:29:24
9092,2100,19093200,13:29:24
9092,100,909200,13:29:24
9092,100,909200,13:29:24
9090,100,909000,13:29:24
9091,700,6363700,13:29:24
9090,14900,135441000,13:29:24
9090,1300,11817000,13:29:24
9089,3400,30902600,13:29:24
9088,6200,56345600,13:29:24
9087,2100,19082700,13:29:24
9086,1300,11811800,13:29:24
9085,100,908500,13:29:24
9085,100,908500,13:29:24
9085,100,908500,13:29:24
9085,700,6359500,13:29:24
9085,100,908500,13:29:24
9085,400,3634000,13:29:24
9084,100,908400,13:29:21
9084,100,908400,13:29:19
9084,200,1816800,13:29:19
9084,100,908400,13:29:17
9084,100,908400,13:29:14
9084,100,908400,13:29:14
9085,100,908500,13:29:08
9085,100,908500,13:29:03
9084,100,908400,13:28:57
9085,200,1817000,13:28:54
9084,100,908400,13:28:53
9085,100,908500,13:28:49
9084,100,908400,13:28:48
9084,400,3633600,13:28:47
9085,2200,19987000,13:28:47
9085,100,908500,13:28:45
9086,100,908600,13:28:41
9086,200,1817200,13:28:38
9086,300,2725800,13:28:38
9086,200,1817200,13:28:38
9086,100,908600,13:28:38
9086,400,3634400,13:28:38
9086,100,908600,13:28:38
9086,100,908600,13:28:38
9086,1200,10903200,13:28:38
9087,100,908700,13:28:36
9087,100,908700,13:28:34
9087,100,908700,13:28:33
9087,200,1817400,13:28:32
9087,100,908700,13:28:31
9087,100,908700,13:28:31
9087,200,1817400,13:28:31
9086,100,908600,13:28:30
9087,100,908700,13:28:30
9086,100,908600,13:28:29
9087,100,908700,13:28:29
9087,100,908700,13:28:29
9087,100,908700,13:28:29
9087,100,908700,13:28:29
9086,1700,15446200,13:28:29
9086,100,908600,13:28:29
9086,100,908600,13:28:29
9086,300,2725800,13:28:29
9086,1000,9086000,13:28:29
9086,600,5451600,13:28:29
9086,200,1817200,13:28:29
9085,6400,58144000,13:28:29
9085,100,908500,13:28:29
9085,800,7268000,13:28:29
9085,100,908500,13:28:29
9085,1000,9085000,13:28:29
9085,100,908500,13:28:25
9084,100,908400,13:28:25
9085,100,908500,13:28:23
9085,100,908500,13:28:22
9085,100,908500,13:28:22
9084,1700,15442800,13:28:22
9084,100,908400,13:28:22
9084,1000,9084000,13:28:22
9084,500,4542000,13:28:22
9083,700,6358100,13:28:20
9083,100,908300,13:28:20
9083,100,908300,13:28:19
9083,100,908300,13:28:19
9083,100,908300,13:28:18
9082,100,908200,13:28:16
9083,100,908300,13:28:12
9083,100,908300,13:28:11
9083,100,908300,13:28:11
9082,2400,21796800,13:28:11
9082,100,908200,13:28:11
9081,1400,12713400,13:28:11
9080,1400,12712000,13:28:07
9080,100,908000,13:28:07
9080,300,2724000,13:28:07
9080,500,4540000,13:28:07
9080,500,4540000,13:28:07
9080,500,4540000,13:28:07
9080,200,1816000,13:28:07
9079,200,1815800,13:28:07
9079,500,4539500,13:28:07
9079,100,907900,13:28:06
9079,100,907900,13:28:06
9078,300,2723400,13:28:00
9079,100,907900,13:27:59
9079,100,907900,13:27:51
9079,100,907900,13:27:48
9079,100,907900,13:27:48
9079,1000,9079000,13:27:48
9078,100,907800,13:27:29
9078,100,907800,13:27:29
9078,100,907800,13:27:24
9078,100,907800,13:27:20
9079,300,2723700,13:27:19
9078,200,1815600,13:27:19
9078,100,907800,13:27:17
9078,100,907800,13:27:10
9077,100,907700,13:27:04
9078,500,4539000,13:27:02
9077,100,907700,13:27:02
9077,100,907700,13:26:58
9077,100,907700,13:26:56
9077,100,907700,13:26:53
9077,400,3630800,13:26:48
9079,200,1815800,13:26:48
9078,200,1815600,13:26:48
9078,400,3631200,13:26:47
9076,100,907600,13:26:37
9077,100,907700,13:26:36
9077,400,3630800,13:26:32
9077,2000,18154000,13:26:32
9078,100,907800,13:26:29
9078,200,1815600,13:26:29
9077,200,1815400,13:26:26
9079,800,7263200,13:26:19
9078,100,907800,13:26:18
9078,100,907800,13:26:13
9078,100,907800,13:26:09
9079,100,907900,13:26:09
9078,100,907800,13:26:09
9078,300,2723400,13:26:09
9078,100,907800,13:26:09
9078,300,2723400,13:26:09
9079,1000,9079000,13:26:09
9079,100,907900,13:26:09
9080,200,1816000,13:26:09
9080,500,4540000,13:26:09
9080,500,4540000,13:26:09
9080,200,1816000,13:26:08
9080,100,908000,13:26:07
9080,700,6356000,13:26:07
9080,500,4540000,13:26:07
9080,500,4540000,13:26:07
9080,500,4540000,13:26:07
9080,500,4540000,13:26:07
9080,800,7264000,13:26:07
9079,100,907900,13:26:07
9079,100,907900,13:25:57
9080,100,908000,13:25:55
9080,100,908000,13:25:48
9079,100,907900,13:25:44
9080,400,3632000,13:25:44
9079,300,2723700,13:25:44
9079,300,2723700,13:25:38
9077,100,907700,13:25:33
9078,100,907800,13:25:32
9077,1100,9984700,13:25:31
9078,800,7262400,13:25:31
9078,100,907800,13:25:28
9078,100,907800,13:25:27
9077,100,907700,13:25:17
9078,2300,20879400,13:25:17
9079,900,8171100,13:25:17
9079,100,907900,13:25:17
9080,200,1816000,13:25:12
9080,100,908000,13:25:12
9080,300,2724000,13:25:11
9080,100,908000,13:25:11
9080,300,2724000,13:25:11
9079,400,3631600,13:25:07
9079,100,907900,13:25:04
9080,100,908000,13:25:04
9079,400,3631600,13:25:03
9079,100,907900,13:25:02
9079,100,907900,13:24:59
9079,100,907900,13:24:57
9080,1000,9080000,13:24:57
9080,2400,21792000,13:24:57
9080,800,7264000,13:24:56
9081,100,908100,13:24:56
9081,100,908100,13:24:52
9081,100,908100,13:24:51
9081,2900,26334900,13:24:46
9081,500,4540500,13:24:46
9082,100,908200,13:24:44
9082,500,4541000,13:24:43
9082,100,908200,13:24:42
9082,300,2724600,13:24:41
9082,100,908200,13:24:40
9082,1000,9082000,13:24:40
9081,100,908100,13:24:34
9081,200,1816200,13:24:34
9081,200,1816200,13:24:34
9081,200,1816200,13:24:34
9081,600,5448600,13:24:34
9081,200,1816200,13:24:33
9082,600,5449200,13:24:27
9081,100,908100,13:24:23
9082,100,908200,13:24:18
9082,100,908200,13:24:15
9082,300,2724600,13:24:13
9082,100,908200,13:24:12
9082,900,8173800,13:24:12
9082,100,908200,13:24:11
9082,400,3632800,13:23:56
9082,100,908200,13:23:56
9082,100,908200,13:23:56
9083,200,1816600,13:23:54
9082,100,908200,13:23:54
9082,100,908200,13:23:52
9082,100,908200,13:23:51
9083,100,908300,13:23:51
9082,100,908200,13:23:51
9082,200,1816400,13:23:51
9081,200,1816200,13:23:51
9081,200,1816200,13:23:51
9081,100,908100,13:23:51
9082,100,908200,13:23:51
9082,1000,9082000,13:23:51
9083,200,1816600,13:23:48
9082,100,908200,13:23:43
9083,200,1816600,13:23:41
9082,1500,13623000,13:23:41
9082,400,3632800,13:23:40
9082,100,908200,13:23:37
9081,100,908100,13:23:36
9082,100,908200,13:23:34
9081,100,908100,13:23:30
9082,200,1816400,13:23:27
9082,300,2724600,13:23:27
9081,100,908100,13:23:24
9082,200,1816400,13:23:19
9081,100,908100,13:23:19
9081,100,908100,13:23:19
9081,1100,9989100,13:23:19
9081,100,908100,13:23:19
9080,100,908000,13:23:19
9080,2000,18160000,13:23:19
9079,600,5447400,13:23:19
9078,100,907800,13:23:16
9078,100,907800,13:23:15
9078,100,907800,13:23:15
9077,100,907700,13:23:10
9078,100,907800,13:23:10
9078,100,907800,13:23:09
9079,100,907900,13:23:05
9080,100,908000,13:23:04
9079,100,907900,13:23:04
9079,200,1815800,13:23:02
9079,100,907900,13:23:02
9079,100,907900,13:23:02
9077,400,3630800,13:23:02
9078,2600,23602800,13:23:02
9080,400,3632000,13:23:02
9079,100,907900,13:23:02
9079,700,6355300,13:23:02
9079,300,2723700,13:22:54
9079,100,907900,13:22:51
9079,100,907900,13:22:49
9078,100,907800,13:22:47
9080,300,2724000,13:22:46
9079,300,2723700,13:22:46
9078,100,907800,13:22:42
9079,400,3631600,13:22:36
9079,400,3631600,13:22:36
9080,200,1816000,13:22:35
9080,700,6356000,13:22:30
9079,800,7263200,13:22:27
9080,200,1816000,13:22:23
9079,100,907900,13:22:23
9079,100,907900,13:22:22
9079,100,907900,13:22:17
9079,200,1815800,13:22:17
9079,100,907900,13:22:17
9078,1100,9985800,13:22:17
9079,1400,12710600,13:22:17
9080,3100,28148000,13:22:17
9081,100,908100,13:22:16
9081,200,1816200,13:22:16
9081,100,908100,13:22:16
9081,500,4540500,13:22:16
9081,100,908100,13:22:15
9081,100,908100,13:22:13
9081,100,908100,13:22:10
9081,100,908100,13:22:02
9082,100,908200,13:22:01
9082,100,908200,13:21:58
9081,200,1816200,13:21:55
9082,100,908200,13:21:53
9082,200,1816400,13:21:53
9082,300,2724600,13:21:53
9083,100,908300,13:21:52
9082,100,908200,13:21:52
9082,100,908200,13:21:52
9082,100,908200,13:21:52
9082,1200,10898400,13:21:52
9083,500,4541500,13:21:52
9083,200,1816600,13:21:51
9083,100,908300,13:21:47
9083,100,908300,13:21:47
9083,100,908300,13:21:42
9082,300,2724600,13:21:42
9083,200,1816600,13:21:41
9082,100,908200,13:21:37
9083,500,4541500,13:21:36
9082,100,908200,13:21:35
9081,400,3632400,13:21:35
9082,100,908200,13:21:35
9081,100,908100,13:21:34
9082,400,3632800,13:21:33
9082,400,3632800,13:21:33
9082,200,1816400,13:21:33
9083,100,908300,13:21:33
9082,100,908200,13:21:33
9081,100,908100,13:21:33
9082,700,6357400,13:21:31
9082,200,1816400,13:21:27
9081,100,908100,13:21:26
9082,100,908200,13:21:26
9081,100,908100,13:21:25
9081,100,908100,13:21:25
9082,100,908200,13:21:25
9080,200,1816000,13:21:20
9080,1000,9080000,13:21:20
9080,100,908000,13:21:18
9082,100,908200,13:21:16
9079,100,907900,13:21:14
9080,100,908000,13:21:14
9081,200,1816200,13:21:14
9080,300,2724000,13:21:13
9080,600,5448000,13:21:13
9078,200,1815600,13:21:03
9078,200,1815600,13:21:00
9079,100,907900,13:21:00
9078,100,907800,13:20:57
9078,100,907800,13:20:55
9079,100,907900,13:20:55
9079,100,907900,13:20:54
9078,100,907800,13:20:51
9077,200,1815400,13:20:49
9078,800,7262400,13:20:49
9078,100,907800,13:20:46
9078,100,907800,13:20:40
9080,100,908000,13:20:38
9080,600,5448000,13:20:38
9079,300,2723700,13:20:38
9078,100,907800,13:20:38
9078,100,907800,13:20:38
9080,200,1816000,13:20:38
9079,400,3631600,13:20:38
9081,100,908100,13:20:38
9080,2400,21792000,13:20:38
9081,2600,23610600,13:20:38
9081,200,1816200,13:20:38
9082,300,2724600,13:20:38
9082,200,1816400,13:20:38
9081,100,908100,13:20:37
9082,300,2724600,13:20:37
9082,100,908200,13:20:36
9082,100,908200,13:20:35
9082,1200,10898400,13:20:35
9084,100,908400,13:20:32
9082,300,2724600,13:20:31
9083,100,908300,13:20:31
9084,100,908400,13:20:30
9083,100,908300,13:20:30
9083,100,908300,13:20:29
9083,100,908300,13:20:28
9082,800,7265600,13:20:27
9083,300,2724900,13:20:27
9083,600,5449800,13:20:27
9084,700,6358800,13:20:25
9083,200,1816600,13:20:25
9082,200,1816400,13:20:25
9082,200,1816400,13:20:25
9082,100,908200,13:20:22
9082,100,908200,13:20:21
9081,500,4540500,13:20:19
9081,100,908100,13:20:19
9082,100,908200,13:20:17
9082,700,6357400,13:20:17
9083,700,6358100,13:20:17
9084,100,908400,13:20:17
9084,100,908400,13:20:15
9084,400,3633600,13:20:11
9083,300,2724900,13:20:11
9082,100,908200,13:20:10
9082,200,1816400,13:20:08
9081,200,1816200,13:20:08
9081,100,908100,13:20:07
9081,300,2724300,13:20:06
9081,100,908100,13:20:06
9081,100,908100,13:20:06
9081,100,908100,13:20:06
9081,100,908100,13:20:06
9083,700,6358100,13:20:03
9083,400,3633200,13:20:02
9082,100,908200,13:20:02
9082,100,908200,13:20:01
9083,100,908300,13:20:01
9083,100,908300,13:20:00
9084,200,1816800,13:19:59
9083,100,908300,13:19:59
9083,100,908300,13:19:59
9085,100,908500,13:19:58
9084,700,6358800,13:19:58
9083,300,2724900,13:19:58
9083,100,908300,13:19:58
9082,400,3632800,13:19:58
9082,100,908200,13:19:58
9081,200,1816200,13:19:58
9079,100,907900,13:19:58
9080,100,908000,13:19:58
9080,300,2724000,13:19:58
9080,100,908000,13:19:58
9080,200,1816000,13:19:58
9080,100,908000,13:19:58
9080,600,5448000,13:19:58
9080,39600,359568000,13:19:58
9079,1500,13618500,13:19:58
9080,100,908000,13:19:58
9079,3200,29052800,13:19:58
9078,800,7262400,13:19:58
9078,4500,40851000,13:19:58
9077,100,907700,13:19:58
9077,1000,9077000,13:19:58
9076,100,907600,13:19:57
9076,100,907600,13:19:57
9075,100,907500,13:19:54
9075,100,907500,13:19:54
9075,100,907500,13:19:54
9074,100,907400,13:19:53
9075,100,907500,13:19:53
9075,800,7260000,13:19:53
9074,100,907400,13:19:52
9074,100,907400,13:19:52
9074,100,907400,13:19:52
9074,200,1814800,13:19:52
9074,100,907400,13:19:52
9074,200,1814800,13:19:52
9076,600,5445600,13:19:51
9075,400,3630000,13:19:51
9075,100,907500,13:19:51
9074,200,1814800,13:19:50
9075,300,2722500,13:19:50
9075,100,907500,13:19:50
9075,100,907500,13:19:50
9075,200,1815000,13:19:47
9075,400,3630000,13:19:47
9075,500,4537500,13:19:47
9075,500,4537500,13:19:47
9075,400,3630000,13:19:47
9076,1000,9076000,13:19:47
9076,100,907600,13:19:40
9077,500,4538500,13:19:39
9077,100,907700,13:19:39
9077,200,1815400,13:19:38
9076,100,907600,13:19:37
9077,100,907700,13:19:37
9077,800,7261600,13:19:37
9077,100,907700,13:19:36
9075,200,1815000,13:19:36
9076,900,8168400,13:19:36
9074,100,907400,13:19:36
9074,100,907400,13:19:36
9075,100,907500,13:19:36
9075,13500,122512500,13:19:36
9075,5000,45375000,13:19:36
9075,4100,37207500,13:19:36
9074,100,907400,13:19:36
9073,100,907300,13:19:34
9074,2600,23592400,13:19:33
9072,100,907200,13:19:33
9073,100,907300,13:19:33
9073,3500,31755500,13:19:33
9072,200,1814400,13:19:33
9072,100,907200,13:19:33
9072,100,907200,13:19:32
9072,100,907200,13:19:31
9071,100,907100,13:19:31
9073,100,907300,13:19:27
9072,100,907200,13:19:24
9073,100,907300,13:19:22
9073,100,907300,13:19:22
9073,100,907300,13:19:21
9073,100,907300,13:19:21
9073,100,907300,13:19:21
9072,100,907200,13:19:21
9073,100,907300,13:19:21
9072,100,907200,13:19:21
9072,100,907200,13:19:21
9071,300,2721300,13:19:21
9072,200,1814400,13:19:21
9072,800,7257600,13:19:21
9071,800,7256800,13:19:21
9070,3500,31745000,13:19:21
9070,600,5442000,13:19:21
9070,500,4535000,13:19:21
9070,600,5442000,13:19:21
9070,1000,9070000,13:19:21
9070,600,5442000,13:19:21
9070,200,1814000,13:19:21
9070,4500,40815000,13:19:21
9069,100,906900,13:19:17
9070,300,2721000,13:19:17
9069,200,1813800,13:19:15
9070,100,907000,13:19:14
9070,1000,9070000,13:19:14
9069,100,906900,13:19:13
9070,200,1814000,13:19:12
9070,1000,9070000,13:19:12
9070,100,907000,13:19:12
9070,200,1814000,13:19:12
9070,100,907000,13:19:12
9070,100,907000,13:19:12
9070,100,907000,13:19:12
9070,100,907000,13:19:12
9070,200,1814000,13:19:12
9070,100,907000,13:19:12
9070,100,907000,13:19:12
9070,100,907000,13:19:11
9069,100,906900,13:19:11
9070,200,1814000,13:19:11
9070,100,907000,13:19:11
9070,100,907000,13:19:11
9070,300,2721000,13:19:11
9070,100,907000,13:19:11
9070,100,907000,13:19:11
9069,100,906900,13:19:11
9070,100,907000,13:19:11
9070,700,6349000,13:19:11
9069,300,2720700,13:19:11
9069,100,906900,13:19:11
9069,200,1813800,13:19:11
9069,1800,16324200,13:19:11
9069,100,906900,13:19:11
9068,2900,26297200,13:19:11
9067,100,906700,13:19:08
9067,100,906700,13:19:08
9067,100,906700,13:19:08
9067,100,906700,13:19:07
9067,100,906700,13:19:06
9067,100,906700,13:19:06
9067,3800,34454600,13:19:06
9066,100,906600,13:19:06
9065,100,906500,13:19:06
9066,2200,19945200,13:19:06
9065,100,906500,13:19:06
9065,100,906500,13:19:06
9065,200,1813000,13:19:06
9063,400,3625200,13:19:06
9065,800,7252000,13:19:02
9065,1900,17223500,13:19:02
9064,300,2719200,13:19:02
9063,100,906300,13:19:02
9063,100,906300,13:19:01
9063,200,1812600,13:19:01
9062,1400,12686800,13:19:01
9063,1200,10875600,13:19:01
9063,100,906300,13:19:01
9063,100,906300,13:18:59
9063,500,4531500,13:18:59
9064,200,1812800,13:18:59
9064,500,4532000,13:18:59
9064,700,6344800,13:18:59
9064,400,3625600,13:18:59
9064,400,3625600,13:18:59
9064,400,3625600,13:18:59
9064,400,3625600,13:18:59
9064,200,1812800,13:18:56
9064,100,906400,13:18:54
9065,200,1813000,13:18:53
9065,100,906500,13:18:52
9065,200,1813000,13:18:50
9065,100,906500,13:18:41
9065,400,3626000,13:18:39
9064,100,906400,13:18:34
9065,100,906500,13:18:33
9064,100,906400,13:18:26
9064,200,1812800,13:18:23
9065,100,906500,13:18:22
9065,100,906500,13:18:21
9065,700,6345500,13:18:21
9065,600,5439000,13:18:21
9064,200,1812800,13:18:19
9064,200,1812800,13:18:19
9064,700,6344800,13:18:16
9065,100,906500,13:18:15
9064,100,906400,13:18:14
9064,200,1812800,13:18:13
9064,500,4532000,13:18:12
9065,100,906500,13:18:12
9066,100,906600,13:18:12
9065,100,906500,13:18:11
9064,100,906400,13:18:09
9065,100,906500,13:18:09
9066,100,906600,13:18:08
9066,100,906600,13:18:06
9064,800,7251200,13:18:06
9065,600,5439000,13:18:03
9065,300,2719500,13:18:02
9066,100,906600,13:18:02
9066,100,906600,13:18:01
9067,100,906700,13:18:01
9066,200,1813200,13:18:01
9064,200,1812800,13:18:01
9067,400,3626800,13:18:01
9066,1500,13599000,13:18:01
9065,900,8158500,13:18:01
9064,200,1812800,13:18:01
9063,1000,9063000,13:17:59
9063,600,5437800,13:17:56
9064,100,906400,13:17:56
9063,100,906300,13:17:55
9063,100,906300,13:17:55
9064,800,7251200,13:17:53
9065,200,1813000,13:17:52
9064,200,1812800,13:17:52
9063,100,906300,13:17:51
9062,100,906200,13:17:50
9063,800,7250400,13:17:49
9065,500,4532500,13:17:47
9063,200,1812600,13:17:46
9063,100,906300,13:17:45
9063,100,906300,13:17:44
9062,600,5437200,13:17:44
9063,400,3625200,13:17:44
9063,800,7250400,13:17:43
9064,200,1812800,13:17:41
9064,200,1812800,13:17:40
9063,100,906300,13:17:37
9066,400,3626400,13:17:37
9066,100,906600,13:17:37
9066,100,906600,13:17:37
9066,1000,9066000,13:17:37
9066,100,906600,13:17:37
9066,800,7252800,13:17:37
9064,100,906400,13:17:37
9065,200,1813000,13:17:37
9065,7000,63455000,13:17:37
9064,100,906400,13:17:37
9064,100,906400,13:17:37
9065,100,906500,13:17:37
9065,700,6345500,13:17:37
9064,100,906400,13:17:37
9064,400,3625600,13:17:37
9064,900,8157600,13:17:37
9062,100,906200,13:17:37
9063,500,4531500,13:17:37
9063,200,1812600,13:17:36
9064,100,906400,13:17:36
9064,200,1812800,13:17:35
9063,100,906300,13:17:34
9063,300,2718900,13:17:34
9063,100,906300,13:17:34
9065,100,906500,13:17:34
9065,900,8158500,13:17:34
9065,300,2719500,13:17:34
9064,600,5438400,13:17:34
9064,400,3625600,13:17:34
9064,100,906400,13:17:33
9061,100,906100,13:17:33
9062,100,906200,13:17:33
9063,1400,12688200,13:17:33
9063,2200,19938600,13:17:33
9063,100,906300,13:17:33
9062,100,906200,13:17:33
9063,100,906300,13:17:33
9062,100,906200,13:17:33
9063,200,1812600,13:17:33
9063,100,906300,13:17:33
9062,100,906200,13:17:33
9062,100,906200,13:17:33
9063,100,906300,13:17:33
9062,100,906200,13:17:33
9060,100,906000,13:17:33
9061,100,906100,13:17:33
9060,200,1812000,13:17:33
9061,100,906100,13:17:33
9063,100,906300,13:17:33
9062,100,906200,13:17:33
9062,900,8155800,13:17:33
9062,100,906200,13:17:33
9059,800,7247200,13:17:33
9060,500,4530000,13:17:33
9062,100,906200,13:17:33
9061,100,906100,13:17:33
9059,2600,23553400,13:17:33
9059,100,905900,13:17:33
9059,200,1811800,13:17:33
9061,3200,28995200,13:17:33
9060,28900,261834000,13:17:33
9059,2300,20835700,13:17:33
9059,400,3623600,13:17:33
9059,400,3623600,13:17:33
9059,400,3623600,13:17:33
9059,400,3623600,13:17:33
9058,2700,24456600,13:17:33
9058,400,3623200,13:17:32
9057,200,1811400,13:17:32
9056,100,905600,13:17:31
9056,100,905600,13:17:29
9057,300,2717100,13:17:24
9057,600,5434200,13:17:24
9055,100,905500,13:17:14
9056,200,1811200,13:17:14
9056,500,4528000,13:17:14
9056,100,905600,13:17:13
9056,100,905600,13:17:11
9056,300,2716800,13:17:07
9058,100,905800,13:17:07
9058,200,1811600,13:17:07
9056,100,905600,13:17:06
9057,200,1811400,13:17:06
9058,300,2717400,13:17:06
9057,700,6339900,13:17:06
9057,200,1811400,13:17:06
9056,100,905600,13:17:06
9057,100,905700,13:17:06
9057,100,905700,13:17:06
9055,1100,9960500,13:17:06
9056,400,3622400,13:17:06
9057,3300,29888100,13:17:06
9056,1600,14489600,13:17:06
9055,4600,41653000,13:17:06
9054,200,1810800,13:17:06
9053,200,1810600,13:17:04
9055,100,905500,13:17:02
9054,100,905400,13:17:01
9054,100,905400,13:17:01
9055,100,905500,13:17:01
9054,3100,28067400,13:17:01
9053,2400,21727200,13:17:01
9052,100,905200,13:16:56
9052,100,905200,13:16:51
9052,100,905200,13:16:51
9052,100,905200,13:16:49
9052,100,905200,13:16:49
9051,100,905100,13:16:49
9051,1400,12671400,13:16:49
9050,100,905000,13:16:48
9050,100,905000,13:16:48
9050,500,4525000,13:16:44
9051,100,905100,13:16:42
9051,300,2715300,13:16:42
9051,100,905100,13:16:41
9051,200,1810200,13:16:41
9051,1900,17196900,13:16:41
9051,100,905100,13:16:41
9053,1100,9958300,13:16:41
9052,100,905200,13:16:41
9051,100,905100,13:16:35
9052,100,905200,13:16:35
9053,100,905300,13:16:29
9051,100,905100,13:16:28
9052,1000,9052000,13:16:25
9051,500,4525500,13:16:25
9052,100,905200,13:16:24
9051,100,905100,13:16:22
9051,100,905100,13:16:22
9052,200,1810400,13:16:19
9052,100,905200,13:16:19
9051,400,3620400,13:16:19
9051,400,3620400,13:16:19
9050,800,7240000,13:16:19
9050,500,4525000,13:16:19
9050,300,2715000,13:16:19
9050,500,4525000,13:16:19
9050,500,4525000,13:16:19
9049,100,904900,13:16:19
9049,100,904900,13:16:19
9049,100,904900,13:16:11
9049,100,904900,13:16:10
9050,400,3620000,13:16:09
9049,100,904900,13:16:05
9048,100,904800,13:16:00
9049,100,904900,13:15:57
9049,200,1809800,13:15:57
9048,100,904800,13:15:54
9048,100,904800,13:15:52
9048,500,4524000,13:15:48
9048,100,904800,13:15:44
9049,100,904900,13:15:42
9049,100,904900,13:15:42
9048,300,2714400,13:15:42
9048,100,904800,13:15:42
9047,200,1809400,13:15:42
9047,300,2714100,13:15:37
9046,300,2713800,13:15:35
9046,300,2713800,13:15:35
9046,200,1809200,13:15:35
9046,300,2713800,13:15:35
9046,2000,18092000,13:15:35
9047,100,904700,13:15:29
9047,300,2714100,13:15:29
9047,400,3618800,13:15:24
9047,500,4523500,13:15:24
9048,1000,9048000,13:15:23
9048,500,4524000,13:15:23
9048,100,904800,13:15:23
9048,100,904800,13:15:23
9049,500,4524500,13:15:18
9049,100,904900,13:15:18
9049,100,904900,13:15:08
9050,100,905000,13:15:08
9050,600,5430000,13:15:08
9050,200,1810000,13:15:07
9050,500,4525000,13:15:02
9049,100,904900,13:15:00
9048,200,1809600,13:14:59
9048,200,1809600,13:14:59
9049,1800,16288200,13:14:59
9049,800,7239200,13:14:57
9050,100,905000,13:14:56
9050,500,4525000,13:14:51
9050,200,1810000,13:14:47
9050,1100,9955000,13:14:46
9051,100,905100,13:14:46
9051,100,905100,13:14:46
9049,100,904900,13:14:34
9050,600,5430000,13:14:33
9050,100,905000,13:14:30
9050,100,905000,13:14:30
9049,100,904900,13:14:29
9050,400,3620000,13:14:20
9050,200,1810000,13:14:20
9050,200,1810000,13:14:20
9050,200,1810000,13:14:20
9050,200,1810000,13:14:20
9050,200,1810000,13:14:20
9050,100,905000,13:14:20
9050,1000,9050000,13:14:20
9050,1500,13575000,13:14:20
9050,600,5430000,13:14:19
9049,100,904900,13:14:19
9049,300,2714700,13:14:19
9049,100,904900,13:14:17
9048,300,2714400,13:14:16
9048,100,904800,13:14:12
9048,100,904800,13:14:06
9049,500,4524500,13:14:02
9048,300,2714400,13:14:02
9048,100,904800,13:13:59
9048,700,6333600,13:13:51
9047,100,904700,13:13:42
9047,1700,15379900,13:13:42
9048,100,904800,13:13:41
9048,700,6333600,13:13:38
9048,600,5428800,13:13:28
9048,100,904800,13:13:28
9048,100,904800,13:13:23
9048,100,904800,13:13:23
9047,200,1809400,13:13:20
9048,100,904800,13:13:19
9047,100,904700,13:13:19
9047,200,1809400,13:13:18
9047,200,1809400,13:13:18
9046,200,1809200,13:13:13
9046,100,904600,13:13:13
9047,100,904700,13:13:11
9047,100,904700,13:13:10
9047,100,904700,13:13:07
9047,100,904700,13:13:07
9047,500,4523500,13:13:07
9047,100,904700,13:13:07
9047,100,904700,13:13:07
9047,100,904700,13:13:04
9046,200,1809200,13:12:57
9047,300,2714100,13:12:53
9046,300,2713800,13:12:53
9045,100,904500,13:12:49
9045,100,904500,13:12:42
9045,100,904500,13:12:42
9044,200,1808800,13:12:41
9045,200,1809000,13:12:41
9045,100,904500,13:12:41
9045,100,904500,13:12:41
9046,200,1809200,13:12:41
9046,200,1809200,13:12:41
9046,1000,9046000,13:12:41
9046,800,7236800,13:12:41
9045,100,904500,13:12:41
9045,700,6331500,13:12:41
9044,1700,15374800,13:12:41
9042,100,904200,13:12:40
9044,300,2713200,13:12:35
9043,100,904300,13:12:35
9042,100,904200,13:12:34
9043,200,1808600,13:12:30
9043,100,904300,13:12:30
9043,100,904300,13:12:30
9043,600,5425800,13:12:30
9042,100,904200,13:12:22
9042,100,904200,13:12:22
9042,100,904200,13:12:21
9042,100,904200,13:12:20
9042,300,2712600,13:12:18
9043,200,1808600,13:12:18
9044,200,1808800,13:12:10
9043,100,904300,13:12:10
9041,600,5424600,13:12:09
9042,1900,17179800,13:12:09
9043,300,2712900,13:12:09
9042,300,2712600,13:11:59
9043,100,904300,13:11:59
9044,100,904400,13:11:59
9043,200,1808600,13:11:55
9043,200,1808600,13:11:55
9043,100,904300,13:11:54
9044,100,904400,13:11:53
9044,200,1808800,13:11:53
9044,700,6330800,13:11:53
9045,800,7236000,13:11:53
9046,100,904600,13:11:53
9046,500,4523000,13:11:53
9047,100,904700,13:11:52
9048,1500,13572000,13:11:51
9046,100,904600,13:11:47
9047,100,904700,13:11:44
9046,100,904600,13:11:41
9045,300,2713500,13:11:41
9046,500,4523000,13:11:41
9047,100,904700,13:11:41
9046,1600,14473600,13:11:40
9047,400,3618800,13:11:40
9050,900,8145000,13:11:39
9049,200,1809800,13:11:39
9047,100,904700,13:11:36
9047,100,904700,13:11:36
9048,100,904800,13:11:35
9049,100,904900,13:11:33
9048,200,1809600,13:11:32
9048,100,904800,13:11:32
9048,100,904800,13:11:24
9047,200,1809400,13:11:22
9048,100,904800,13:11:22
9047,100,904700,13:11:22
9046,200,1809200,13:11:22
9046,100,904600,13:11:22
9047,1000,9047000,13:11:22
9048,100,904800,13:11:22
9048,1000,9048000,13:11:22
9048,1000,9048000,13:11:22
9049,600,5429400,13:11:22
9051,2300,20817300,13:11:21
9050,400,3620000,13:11:21
9049,200,1809800,13:11:21
9049,100,904900,13:11:21
9049,100,904900,13:11:18
9049,100,904900,13:11:15
9048,100,904800,13:11:14
9049,300,2714700,13:11:14
9049,400,3619600,13:11:13
9051,100,905100,13:11:12
9050,100,905000,13:11:12
9049,100,904900,13:11:12
9051,200,1810200,13:11:12
9050,200,1810000,13:11:12
9051,200,1810200,13:11:12
9050,200,1810000,13:11:12
9050,100,905000,13:11:12
9051,700,6335700,13:11:12
9050,2400,21720000,13:11:12
9050,100,905000,13:11:12
9050,100,905000,13:11:12
9050,100,905000,13:11:12
9050,500,4525000,13:11:12
9050,300,2715000,13:11:12
9050,300,2715000,13:11:12
9050,1000,9050000,13:11:12
9050,600,5430000,13:11:12
9050,600,5430000,13:11:12
9050,600,5430000,13:11:12
9050,5000,45250000,13:11:12
9049,100,904900,13:11:10
9049,200,1809800,13:11:09
9049,100,904900,13:11:08
9049,100,904900,13:11:08
9048,100,904800,13:11:03
9048,300,2714400,13:11:02
9048,100,904800,13:11:01
9049,100,904900,13:11:00
9049,300,2714700,13:11:00
9050,800,7240000,13:10:59
9049,400,3619600,13:10:59
9048,100,904800,13:10:55
9049,100,904900,13:10:54
9049,200,1809800,13:10:54
9049,200,1809800,13:10:49
9049,200,1809800,13:10:49
9049,200,1809800,13:10:49
9050,100,905000,13:10:47
9049,100,904900,13:10:43
9049,100,904900,13:10:43
9048,100,904800,13:10:43
9048,100,904800,13:10:41
9049,100,904900,13:10:41
9049,400,3619600,13:10:41
9049,200,1809800,13:10:41
9049,900,8144100,13:10:41
9049,100,904900,13:10:41
9049,100,904900,13:10:39
9049,100,904900,13:10:37
9049,100,904900,13:10:37
9046,1100,9950600,13:10:34
9046,100,904600,13:10:34
9046,100,904600,13:10:25
9046,100,904600,13:10:19
9046,800,7236800,13:10:19
9048,900,8143200,13:10:18
9047,200,1809400,13:10:18
9047,500,4523500,13:10:15
9047,200,1809400,13:10:10
9047,100,904700,13:10:10
9047,200,1809400,13:10:10
9046,200,1809200,13:10:10
9046,500,4523000,13:10:10
9046,500,4523000,13:10:10
9045,300,2713500,13:10:09
9045,100,904500,13:10:07
9043,100,904300,13:10:07
9045,100,904500,13:10:06
9044,100,904400,13:10:06
9044,100,904400,13:10:06
9044,100,904400,13:10:06
9045,3200,28944000,13:10:06
9044,100,904400,13:10:06
9044,700,6330800,13:10:06
9042,100,904200,13:10:06
9042,300,2712600,13:10:06
9043,100,904300,13:10:06
9043,100,904300,13:10:05
9044,700,6330800,13:10:05
9040,100,904000,13:10:05
9040,100,904000,13:10:05
9043,1400,12660200,13:10:05
9040,100,904000,13:10:05
9042,1000,9042000,13:10:05
9041,800,7232800,13:10:05
9040,6000,54240000,13:10:05
9039,1500,13558500,13:10:05
9038,800,7230400,13:10:05
9037,100,903700,13:09:57
9037,100,903700,13:09:56
9037,300,2711100,13:09:55
9038,100,903800,13:09:55
9037,100,903700,13:09:47
9036,100,903600,13:09:46
9037,900,8133300,13:09:41
9035,200,1807000,13:09:35
9036,100,903600,13:09:35
9036,100,903600,13:09:35
9036,200,1807200,13:09:35
9036,200,1807200,13:09:35
9036,200,1807200,13:09:35
9037,200,1807400,13:09:27
9036,100,903600,13:09:24
9037,100,903700,13:09:23
9036,100,903600,13:09:23
9036,100,903600,13:09:14
9036,200,1807200,13:09:14
9035,200,1807000,13:09:12
9037,100,903700,13:09:08
9036,600,5421600,13:09:08
9035,200,1807000,13:09:08
9034,700,6323800,13:09:01
9036,100,903600,13:08:50
9035,100,903500,13:08:50
9034,200,1806800,13:08:50
9035,100,903500,13:08:44
9035,100,903500,13:08:40
9036,100,903600,13:08:40
9036,100,903600,13:08:40
9036,300,2710800,13:08:40
9036,100,903600,13:08:40
9036,100,903600,13:08:38
9036,200,1807200,13:08:38
9036,100,903600,13:08:38
9036,100,903600,13:08:37
9036,100,903600,13:08:35
9034,100,903400,13:08:34
9036,700,6325200,13:08:34
9035,600,5421000,13:08:34
9035,100,903500,13:08:34
9035,100,903500,13:08:34
9035,300,2710500,13:08:34
9035,100,903500,13:08:34
9035,400,3614000,13:08:34
9035,100,903500,13:08:34
9034,100,903400,13:08:33
9035,500,4517500,13:08:33
9034,200,1806800,13:08:33
9035,400,3614000,13:08:30
9035,1400,12649000,13:08:26
9034,600,5420400,13:08:26
9033,100,903300,13:08:26
9034,100,903400,13:08:23
9033,100,903300,13:08:23
9033,100,903300,13:08:23
9033,200,1806600,13:08:20
9033,100,903300,13:08:20
9033,100,903300,13:08:20
9033,200,1806600,13:08:20
9031,100,903100,13:08:10
9032,200,1806400,13:08:06
9032,100,903200,13:08:06
9030,100,903000,13:08:05
9032,100,903200,13:08:05
9032,500,4516000,13:08:04
9031,200,1806200,13:08:04
9029,100,902900,13:08:01
9029,100,902900,13:07:57
9030,600,5418000,13:07:57
9031,500,4515500,13:07:55
9031,200,1806200,13:07:55
9031,200,1806200,13:07:55
9031,100,903100,13:07:55
9032,800,7225600,13:07:55
9033,300,2709900,13:07:48
9033,700,6323100,13:07:42
9035,500,4517500,13:07:40
9034,500,4517000,13:07:40
9032,300,2709600,13:07:37
9033,100,903300,13:07:30
9033,100,903300,13:07:30
9033,100,903300,13:07:30
9032,200,1806400,13:07:30
9031,100,903100,13:07:24
9031,500,4515500,13:07:24
9031,500,4515500,13:07:24
9031,1000,9031000,13:07:24
9031,100,903100,13:07:23
9033,1200,10839600,13:07:16
9032,800,7225600,13:07:16
9032,200,1806400,13:07:14
9032,100,903200,13:07:14
9032,200,1806400,13:07:14
9033,100,903300,13:07:11
9033,200,1806600,13:07:09
9034,100,903400,13:07:06
9034,100,903400,13:07:06
9034,100,903400,13:07:06
9035,100,903500,13:07:02
9034,100,903400,13:07:01
9034,100,903400,13:07:01
9034,100,903400,13:07:00
9034,300,2710200,13:07:00
9034,400,3613600,13:07:00
9034,100,903400,13:07:00
9035,200,1807000,13:06:59
9034,200,1806800,13:06:53
9035,2000,18070000,13:06:53
9036,2200,19879200,13:06:53
9037,100,903700,13:06:53
9037,100,903700,13:06:53
9037,100,903700,13:06:48
9036,100,903600,13:06:45
9037,200,1807400,13:06:40
9037,100,903700,13:06:39
9037,200,1807400,13:06:38
9038,500,4519000,13:06:36
9038,400,3615200,13:06:33
9038,100,903800,13:06:33
9039,100,903900,13:06:31
9039,700,6327300,13:06:31
9040,100,904000,13:06:31
9039,100,903900,13:06:30
9038,100,903800,13:06:27
9038,100,903800,13:06:26
9039,100,903900,13:06:26
9038,100,903800,13:06:23
9038,100,903800,13:06:23
9038,200,1807600,13:06:23
9038,100,903800,13:06:23
9038,300,2711400,13:06:23
9038,100,903800,13:06:23
9038,100,903800,13:06:23
9038,100,903800,13:06:20
9038,700,6326600,13:06:19
9037,400,3614800,13:06:19
9036,1500,13554000,13:06:19
9036,100,903600,13:06:17
9035,100,903500,13:06:17
9035,100,903500,13:06:17
9035,100,903500,13:06:13
9034,100,903400,13:06:12
9034,100,903400,13:06:11
9034,100,903400,13:06:09
9035,100,903500,13:06:05
9034,100,903400,13:06:04
9035,100,903500,13:06:04
9034,200,1806800,13:06:03
9035,100,903500,13:05:58
9035,200,1807000,13:05:58
9034,300,2710200,13:05:58
9034,100,903400,13:05:58
9033,100,903300,13:05:58
9032,2000,18064000,13:05:58
9032,600,5419200,13:05:58
9032,3200,28902400,13:05:58
9031,200,1806200,13:05:58
9031,800,7224800,13:05:58
9031,200,1806200,13:05:58
9030,2200,19866000,13:05:58
9029,200,1805800,13:05:57
9029,100,902900,13:05:57
9029,100,902900,13:05:57
9029,100,902900,13:05:57
9028,600,5416800,13:05:57
9028,100,902800,13:05:52
9028,100,902800,13:05:49
9027,100,902700,13:05:48
9027,100,902700,13:05:45
9028,100,902800,13:05:37
9028,100,902800,13:05:37
9028,200,1805600,13:05:36
9027,100,902700,13:05:33
9027,100,902700,13:05:33
9029,100,902900,13:05:26
9028,100,902800,13:05:25
9027,100,902700,13:05:24
9028,100,902800,13:05:23
9030,100,903000,13:05:22
9029,100,902900,13:05:22
9029,100,902900,13:05:22
9029,200,1805800,13:05:22
9028,100,902800,13:05:22
9028,100,902800,13:05:22
9028,100,902800,13:05:22
9027,100,902700,13:05:18
9028,100,902800,13:05:18
9027,400,3610800,13:05:14
9027,100,902700,13:05:12
9028,100,902800,13:05:11
9027,200,1805400,13:05:08
9027,300,2708100,13:05:08
9027,100,902700,13:05:07
9027,100,902700,13:05:07
9028,200,1805600,13:05:06
9028,400,3611200,13:05:06
9028,200,1805600,13:05:06
9028,300,2708400,13:05:06
9029,300,2708700,13:05:05
9029,1000,9029000,13:05:05
9031,100,903100,13:05:05
9029,100,902900,13:05:04
9030,100,903000,13:05:04
9030,2000,18060000,13:05:04
9030,100,903000,13:05:03
9030,100,903000,13:05:02
9032,200,1806400,13:04:57
9031,200,1806200,13:04:56
9031,900,8127900,13:04:56
9031,300,2709300,13:04:50
9032,200,1806400,13:04:50
9033,500,4516500,13:04:49
9032,100,903200,13:04:46
9032,1400,12644800,13:04:46
9033,400,3613200,13:04:46
9034,100,903400,13:04:46
9034,100,903400,13:04:46
9034,200,1806800,13:04:46
9035,700,6324500,13:04:46
9035,200,1807000,13:04:46
9035,100,903500,13:04:46
9034,100,903400,13:04:46
9034,100,903400,13:04:46
9034,100,903400,13:04:45
9034,100,903400,13:04:45
9033,400,3613200,13:04:43
9034,300,2710200,13:04:42
9033,300,2709900,13:04:37
9034,100,903400,13:04:35
9033,200,1806600,13:04:32
9033,100,903300,13:04:30
9033,100,903300,13:04:26
9034,100,903400,13:04:23
9034,100,903400,13:04:20
9035,200,1807000,13:04:14
9034,100,903400,13:04:14
9034,100,903400,13:04:13
9034,100,903400,13:04:13
9035,400,3614000,13:04:13
9035,100,903500,13:04:13
9036,500,4518000,13:04:12
9036,100,903600,13:04:09
9036,100,903600,13:04:07
9036,100,903600,13:04:07
9035,100,903500,13:04:00
9034,100,903400,13:04:00
9035,1300,11745500,13:03:58
9034,700,6323800,13:03:58
9032,900,8128800,13:03:56
9033,1400,12646200,13:03:56
9034,200,1806800,13:03:56
9034,100,903400,13:03:55
9036,900,8132400,13:03:55
9035,100,903500,13:03:55
9035,100,903500,13:03:51
9036,200,1807200,13:03:50
9036,400,3614400,13:03:49
9035,800,7228000,13:03:49
9034,300,2710200,13:03:48
9035,1000,9035000,13:03:47
9036,200,1807200,13:03:47
9036,700,6325200,13:03:47
9037,100,903700,13:03:47
9038,200,1807600,13:03:47
9038,200,1807600,13:03:47
9038,1000,9038000,13:03:47
9037,100,903700,13:03:44
9035,100,903500,13:03:43
9038,100,903800,13:03:41
9037,200,1807400,13:03:41
9036,400,3614400,13:03:41
9035,500,4517500,13:03:38
9034,300,2710200,13:03:38
9035,200,1807000,13:03:36
9034,400,3613600,13:03:36
9033,100,903300,13:03:36
9033,100,903300,13:03:36
9033,400,3613200,13:03:36
9032,300,2709600,13:03:36
9032,100,903200,13:03:30
9031,100,903100,13:03:30
9031,400,3612400,13:03:30
9031,100,903100,13:03:29
9030,1500,13545000,13:03:27
9030,100,903000,13:03:26
9031,100,903100,13:03:22
9030,100,903000,13:03:19
9031,100,903100,13:03:15
9030,100,903000,13:03:14
9030,100,903000,13:03:11
9031,100,903100,13:03:11
9031,100,903100,13:03:09
9032,100,903200,13:03:07
9031,300,2709300,13:03:06
9032,100,903200,13:03:03
9031,100,903100,13:03:02
9031,700,6321700,13:03:02
9031,100,903100,13:03:01
9032,400,3612800,13:03:00
9032,400,3612800,13:03:00
9032,100,903200,13:03:00
9032,100,903200,13:02:56
9034,400,3613600,13:02:52
9033,800,7226400,13:02:49
9033,500,4516500,13:02:49
9033,200,1806600,13:02:48
9034,400,3613600,13:02:44
9034,100,903400,13:02:44
9034,600,5420400,13:02:44
9036,100,903600,13:02:40
9035,100,903500,13:02:40
9036,400,3614400,13:02:40
9035,200,1807000,13:02:40
9035,100,903500,13:02:40
9035,800,7228000,13:02:40
9034,100,903400,13:02:38
9034,100,903400,13:02:35
9035,200,1807000,13:02:34
9036,100,903600,13:02:31
9035,100,903500,13:02:31
9035,100,903500,13:02:30
9035,200,1807000,13:02:25
9035,100,903500,13:02:21
9035,100,903500,13:02:20
9036,100,903600,13:02:20
9036,100,903600,13:02:18
9035,100,903500,13:02:16
9035,100,903500,13:02:16
9036,100,903600,13:02:15
9035,200,1807000,13:02:15
9034,100,903400,13:02:12
9034,200,1806800,13:02:10
9034,100,903400,13:02:07
9035,100,903500,13:02:06
9035,100,903500,13:02:06
9034,300,2710200,13:02:03
9035,200,1807000,13:01:59
9035,300,2710500,13:01:59
9035,300,2710500,13:01:59
9035,900,8131500,13:01:59
9036,1100,9939600,13:01:59
9037,700,6325900,13:01:56
9037,200,1807400,13:01:56
9038,100,903800,13:01:52
9037,200,1807400,13:01:52
9037,200,1807400,13:01:47
9038,300,2711400,13:01:46
9039,100,903900,13:01:42
9038,400,3615200,13:01:42
9037,100,903700,13:01:42
9038,800,7230400,13:01:42
9038,100,903800,13:01:39
9038,300,2711400,13:01:38
9038,500,4519000,13:01:38
9038,100,903800,13:01:35
9038,100,903800,13:01:35
9039,200,1807800,13:01:34
9039,100,903900,13:01:30
9039,200,1807800,13:01:23
9039,100,903900,13:01:23
9039,300,2711700,13:01:22
9040,200,1808000,13:01:22
9040,300,2712000,13:01:22
9040,200,1808000,13:01:22
9040,300,2712000,13:01:22
9040,400,3616000,13:01:22
9041,100,904100,13:01:19
9041,400,3616400,13:01:16
9041,100,904100,13:01:16
9040,100,904000,13:01:16
9040,100,904000,13:01:15
9040,100,904000,13:01:12
9041,100,904100,13:01:12
9042,100,904200,13:01:09
9040,100,904000,13:01:08
9040,200,1808000,13:01:08
9041,2000,18082000,13:01:08
9043,600,5425800,13:01:08
9042,100,904200,13:01:08
9041,100,904100,13:01:07
9042,200,1808400,13:01:06
9042,100,904200,13:01:03
9042,100,904200,13:01:02
9042,100,904200,13:01:02
9041,100,904100,13:00:59
9041,100,904100,13:00:58
9042,100,904200,13:00:58
9041,300,2712300,13:00:57
9041,100,904100,13:00:55
9042,100,904200,13:00:53
9042,700,6329400,13:00:50
9042,100,904200,13:00:44
9041,200,1808200,13:00:42
9040,100,904000,13:00:41
9040,100,904000,13:00:41
9040,200,1808000,13:00:41
9040,300,2712000,13:00:41
9040,300,2712000,13:00:41
9040,300,2712000,13:00:41
9040,200,1808000,13:00:41
9042,100,904200,13:00:37
9041,100,904100,13:00:37
9041,100,904100,13:00:36
9041,100,904100,13:00:33
9041,100,904100,13:00:33
9041,400,3616400,13:00:32
9043,300,2712900,13:00:28
9042,500,4521000,13:00:28
9041,200,1808200,13:00:28
9041,100,904100,13:00:25
9041,800,7232800,13:00:25
9041,100,904100,13:00:23
9042,100,904200,13:00:20
9042,100,904200,13:00:19
9041,700,6328700,13:00:15
9042,400,3616800,13:00:13
9043,100,904300,13:00:11
9042,400,3616800,13:00:11
9042,100,904200,13:00:03
9041,100,904100,13:00:02
9041,100,904100,13:00:02
9041,300,2712300,13:00:02
9041,300,2712300,13:00:02
9041,100,904100,13:00:00
9042,100,904200,13:00:00
9041,100,904100,12:59:54
9043,200,1808600,12:59:53
9042,200,1808400,12:59:53
9043,100,904300,12:59:50
9043,100,904300,12:59:49
9042,200,1808400,12:59:49
9042,400,3616800,12:59:49
9041,500,4520500,12:59:44
9040,100,904000,12:59:41
9040,1300,11752000,12:59:41
9038,100,903800,12:59:41
9039,1000,9039000,12:59:41
9039,300,2711700,12:59:41
9038,100,903800,12:59:33
9037,100,903700,12:59:30
9038,300,2711400,12:59:28
9039,300,2711700,12:59:27
9039,100,903900,12:59:15
9038,100,903800,12:59:11
9037,300,2711100,12:59:08
9039,100,903900,12:59:03
9038,100,903800,12:59:03
9039,300,2711700,12:59:03
9038,500,4519000,12:59:03
9037,300,2711100,12:59:03
9037,100,903700,12:59:02
9035,100,903500,12:59:02
9034,100,903400,12:59:01
9034,100,903400,12:59:01
9033,100,903300,12:59:01
9033,100,903300,12:59:01
9033,100,903300,12:59:01
9033,800,7226400,12:59:01
9033,100,903300,12:59:00
9033,100,903300,12:59:00
9036,300,2710800,12:58:59
9035,200,1807000,12:58:59
9034,100,903400,12:58:59
9034,300,2710200,12:58:58
9034,700,6323800,12:58:58
9037,200,1807400,12:58:58
9036,700,6325200,12:58:58
9035,100,903500,12:58:58
9035,100,903500,12:58:54
9035,300,2710500,12:58:54
9035,100,903500,12:58:54
9035,200,1807000,12:58:53
9035,100,903500,12:58:51
9036,100,903600,12:58:46
9035,100,903500,12:58:46
9034,100,903400,12:58:38
9035,200,1807000,12:58:38
9035,100,903500,12:58:34
9035,800,7228000,12:58:34
9034,200,1806800,12:58:34
9034,700,6323800,12:58:34
9033,300,2709900,12:58:34
9032,100,903200,12:58:33
9033,100,903300,12:58:31
9033,200,1806600,12:58:27
9032,200,1806400,12:58:26
9033,100,903300,12:58:26
9032,100,903200,12:58:26
9031,100,903100,12:58:25
9031,300,2709300,12:58:22
9032,100,903200,12:58:21
9031,100,903100,12:58:21
9031,100,903100,12:58:21
9030,100,903000,12:58:20
9030,100,903000,12:58:17
9031,100,903100,12:58:16
9031,100,903100,12:58:16
9030,100,903000,12:58:15
9031,100,903100,12:58:14
9031,100,903100,12:58:14
9030,300,2709000,12:58:14
9030,100,903000,12:58:14
9031,100,903100,12:58:13
9033,300,2709900,12:58:12
9032,200,1806400,12:58:12
9031,100,903100,12:58:11
9031,200,1806200,12:58:11
9031,100,903100,12:58:07
9031,100,903100,12:58:07
9031,100,903100,12:58:07
9032,400,3612800,12:58:07
9032,600,5419200,12:58:07
9033,400,3613200,12:58:07
9034,200,1806800,12:58:06
9035,100,903500,12:58:06
9035,100,903500,12:58:06
9033,400,3613200,12:58:06
9034,500,4517000,12:58:06
9035,600,5421000,12:58:06
9036,900,8132400,12:58:06
9036,100,903600,12:58:06
9036,100,903600,12:58:05
9036,100,903600,12:58:05
9037,100,903700,12:58:05
9038,100,903800,12:58:02
9037,200,1807400,12:58:01
9038,200,1807600,12:58:00
9037,100,903700,12:58:00
9038,100,903800,12:57:59
9037,200,1807400,12:57:59
9037,100,903700,12:57:56
9037,200,1807400,12:57:56
9038,100,903800,12:57:56
9038,300,2711400,12:57:56
9038,100,903800,12:57:53
9037,100,903700,12:57:51
9038,200,1807600,12:57:50
9038,500,4519000,12:57:50
9039,100,903900,12:57:49
9039,900,8135100,12:57:49
9039,300,2711700,12:57:49
9040,600,5424000,12:57:49
9040,100,904000,12:57:49
9041,100,904100,12:57:46
9040,100,904000,12:57:43
9041,100,904100,12:57:42
9041,300,2712300,12:57:38
9040,100,904000,12:57:36
9040,100,904000,12:57:34
9041,100,904100,12:57:31
9040,300,2712000,12:57:30
9040,400,3616000,12:57:30
9040,100,904000,12:57:26
9041,200,1808200,12:57:26
9040,700,6328000,12:57:26
9040,400,3616000,12:57:26
9041,500,4520500,12:57:26
9040,100,904000,12:57:23
9041,100,904100,12:57:22
9041,100,904100,12:57:22
9040,100,904000,12:57:18
9040,200,1808000,12:57:17
9040,100,904000,12:57:16
9044,300,2713200,12:57:15
9043,1200,10851600,12:57:15
9042,1000,9042000,12:57:15
9041,300,2712300,12:57:15
9040,100,904000,12:57:13
9040,700,6328000,12:57:12
9039,100,903900,12:57:10
9040,100,904000,12:57:09
9039,300,2711700,12:57:09
9037,100,903700,12:57:09
9038,100,903800,12:57:09
9039,1100,9942900,12:57:08
9040,100,904000,12:57:08
9040,100,904000,12:57:06
9039,100,903900,12:57:05
9038,400,3615200,12:57:05
9036,200,1807200,12:57:04
9036,100,903600,12:57:04
9036,100,903600,12:57:04
9036,100,903600,12:57:03
9036,400,3614400,12:57:02
9036,500,4518000,12:57:00
9036,200,1807200,12:57:00
9037,200,1807400,12:56:58
9036,700,6325200,12:56:56
9036,200,1807200,12:56:55
9037,100,903700,12:56:55
9038,300,2711400,12:56:55
9038,100,903800,12:56:55
9039,300,2711700,12:56:55
9040,3500,31640000,12:56:55
9041,100,904100,12:56:55
9041,100,904100,12:56:55
9041,100,904100,12:56:55
9041,100,904100,12:56:50
9042,200,1808400,12:56:46
9042,100,904200,12:56:45
9042,200,1808400,12:56:45
9042,400,3616800,12:56:45
9042,400,3616800,12:56:45
9042,100,904200,12:56:45
9042,100,904200,12:56:45
9042,100,904200,12:56:45
9042,200,1808400,12:56:45
9042,100,904200,12:56:45
9042,100,904200,12:56:45
9043,700,6330100,12:56:45
9044,1500,13566000,12:56:45
9045,100,904500,12:56:45
9045,100,904500,12:56:45
9045,700,6331500,12:56:44
9045,100,904500,12:56:36
9045,100,904500,12:56:35
9044,200,1808800,12:56:35
9044,100,904400,12:56:33
9043,300,2712900,12:56:31
9042,300,2712600,12:56:30
9042,100,904200,12:56:29
9042,100,904200,12:56:27
9042,100,904200,12:56:27
9042,100,904200,12:56:23
9042,100,904200,12:56:23
9042,100,904200,12:56:23
9042,100,904200,12:56:22
9043,100,904300,12:56:22
9044,100,904400,12:56:22
9043,100,904300,12:56:22
9044,500,4522000,12:56:22
9046,100,904600,12:56:19
9046,100,904600,12:56:19
9046,100,904600,12:56:18
9046,200,1809200,12:56:18
9045,100,904500,12:56:18
9046,100,904600,12:56:18
9045,900,8140500,12:56:18
9046,100,904600,12:56:18
9047,100,904700,12:56:18
9047,200,1809400,12:56:18
9048,900,8143200,12:56:17
9049,900,8144100,12:56:17
9050,1000,9050000,12:56:17
9051,100,905100,12:56:11
9052,100,905200,12:56:10
9051,700,6335700,12:56:08
9052,800,7241600,12:56:07
9053,1000,9053000,12:56:07
9054,400,3621600,12:56:07
9055,100,905500,12:56:07
9055,1500,13582500,12:56:07
9055,100,905500,12:56:07
9055,100,905500,12:56:04
9054,300,2716200,12:56:03
9054,900,8148600,12:56:03
9053,200,1810600,12:56:02
9053,300,2715900,12:56:01
9054,100,905400,12:56:00
9054,300,2716200,12:55:58
9054,100,905400,12:55:58
9053,100,905300,12:55:58
9053,100,905300,12:55:58
9054,100,905400,12:55:56
9054,100,905400,12:55:56
9054,100,905400,12:55:53
9053,1300,11768900,12:55:51
9052,100,905200,12:55:50
9052,200,1810400,12:55:48
9051,200,1810200,12:55:47
9052,100,905200,12:55:46
9052,100,905200,12:55:46
9052,100,905200,12:55:45
9052,200,1810400,12:55:45
9052,800,7241600,12:55:45
9052,100,905200,12:55:42
9052,100,905200,12:55:42
9052,400,3620800,12:55:42
9053,600,5431800,12:55:42
9053,100,905300,12:55:40
9054,200,1810800,12:55:40
9053,100,905300,12:55:40
9053,100,905300,12:55:38
9053,100,905300,12:55:38
9053,100,905300,12:55:36
9053,100,905300,12:55:32
9052,100,905200,12:55:25
9052,1000,9052000,12:55:25
9051,100,905100,12:55:25
9052,100,905200,12:55:24
9051,100,905100,12:55:22
9052,100,905200,12:55:20
9053,500,4526500,12:55:20
9053,200,1810600,12:55:20
9053,200,1810600,12:55:20
9054,400,3621600,12:55:20
9054,800,7243200,12:55:19
9055,200,1811000,12:55:19
9057,100,905700,12:55:18
9057,100,905700,12:55:18
9057,100,905700,12:55:15
9057,100,905700,12:55:14
9057,100,905700,12:55:14
9056,500,4528000,12:55:14
9057,500,4528500,12:55:14
9056,100,905600,12:55:14
9056,1000,9056000,12:55:14
9056,200,1811200,12:55:14
9056,100,905600,12:55:14
9056,400,3622400,12:55:14
9056,200,1811200,12:55:14
9056,300,2716800,12:55:14
9055,6100,55235500,12:55:14
9054,300,2716200,12:55:14
9053,100,905300,12:55:13
9055,100,905500,12:55:12
9054,500,4527000,12:55:12
9053,100,905300,12:55:11
9052,100,905200,12:55:10
9053,100,905300,12:55:10
9053,600,5431800,12:55:10
9055,100,905500,12:55:09
9054,100,905400,12:55:08
9054,100,905400,12:55:08
9054,100,905400,12:55:08
9055,900,8149500,12:55:07
9054,100,905400,12:55:07
9054,100,905400,12:55:07
9054,100,905400,12:55:05
9054,100,905400,12:55:05
9054,100,905400,12:55:02
9054,100,905400,12:55:01
9054,100,905400,12:55:01
9053,400,3621200,12:55:00
9052,100,905200,12:54:57
9050,100,905000,12:54:55
9052,100,905200,12:54:54
9051,300,2715300,12:54:54
9051,300,2715300,12:54:54
9051,100,905100,12:54:54
9053,100,905300,12:54:54
9053,800,7242400,12:54:54
9052,100,905200,12:54:54
9051,100,905100,12:54:53
9052,300,2715600,12:54:53
9052,100,905200,12:54:53
9052,100,905200,12:54:44
9052,300,2715600,12:54:44
9050,1000,9050000,12:54:43
9050,1000,9050000,12:54:43
9051,200,1810200,12:54:41
9050,100,905000,12:54:38
9050,100,905000,12:54:35
9049,100,904900,12:54:35
9050,100,905000,12:54:34
9049,100,904900,12:54:34
9050,100,905000,12:54:34
9050,100,905000,12:54:34
9050,700,6335000,12:54:34
9050,200,1810000,12:54:34
9052,100,905200,12:54:34
9051,1600,14481600,12:54:34
9052,2100,19009200,12:54:34
9053,1800,16295400,12:54:34
9054,100,905400,12:54:33
9055,100,905500,12:54:31
9055,500,4527500,12:54:31
9054,300,2716200,12:54:31
9054,100,905400,12:54:31
9055,2700,24448500,12:54:30
9055,200,1811000,12:54:29
9055,100,905500,12:54:29
9054,100,905400,12:54:28
9054,100,905400,12:54:27
9054,300,2716200,12:54:27
9054,100,905400,12:54:25
9055,100,905500,12:54:23
9054,100,905400,12:54:23
9053,100,905300,12:54:22
9054,200,1810800,12:54:22
9053,100,905300,12:54:22
9054,300,2716200,12:54:21
9055,100,905500,12:54:21
9055,100,905500,12:54:20
9055,100,905500,12:54:19
9055,100,905500,12:54:19
9055,100,905500,12:54:18
9055,200,1811000,12:54:18
9053,100,905300,12:54:18
9054,100,905400,12:54:18
9055,100,905500,12:54:18
9054,100,905400,12:54:17
9054,500,4527000,12:54:17
9054,100,905400,12:54:17
9053,700,6337100,12:54:17
9053,600,5431800,12:54:17
9052,100,905200,12:54:16
9052,100,905200,12:54:15
9052,100,905200,12:54:14
9053,200,1810600,12:54:11
9051,100,905100,12:54:11
9052,100,905200,12:54:10
9052,100,905200,12:54:10
9052,500,4526000,12:54:10
9052,100,905200,12:54:09
9050,100,905000,12:54:08
9052,100,905200,12:54:08
9052,100,905200,12:54:07
9052,100,905200,12:54:07
9052,100,905200,12:54:06
9050,100,905000,12:54:05
9052,100,905200,12:54:05
9050,200,1810000,12:54:04
9052,100,905200,12:54:04
9052,100,905200,12:54:03
9052,100,905200,12:54:03
9052,100,905200,12:54:03
9052,100,905200,12:54:03
9052,100,905200,12:54:03
9051,200,1810200,12:54:03
9050,4700,42535000,12:54:03
9050,800,7240000,12:54:03
9050,300,2715000,12:54:02
9049,100,904900,12:54:02
9049,1000,9049000,12:54:02
9049,100,904900,12:54:00
9049,100,904900,12:54:00
9050,100,905000,12:53:57
9050,100,905000,12:53:56
9050,100,905000,12:53:55
9050,100,905000,12:53:52
9049,100,904900,12:53:51
9049,100,904900,12:53:51
9050,100,905000,12:53:50
9047,700,6332900,12:53:49
9048,300,2714400,12:53:49
9048,400,3619200,12:53:49
9049,600,5429400,12:53:49
9049,200,1809800,12:53:49
9049,100,904900,12:53:49
9049,300,2714700,12:53:47
9048,100,904800,12:53:46
9047,100,904700,12:53:45
9049,100,904900,12:53:45
9049,100,904900,12:53:44
9049,100,904900,12:53:43
9048,700,6333600,12:53:42
9048,100,904800,12:53:42
9047,1000,9047000,12:53:41
9047,100,904700,12:53:41
9047,100,904700,12:53:40
9047,100,904700,12:53:40
9047,1000,9047000,12:53:40
9047,100,904700,12:53:38
9047,100,904700,12:53:36
9046,200,1809200,12:53:36
9046,300,2713800,12:53:35
9047,500,4523500,12:53:30
9045,100,904500,12:53:30
9046,100,904600,12:53:28
9046,200,1809200,12:53:28
9045,100,904500,12:53:28
9047,200,1809400,12:53:27
9046,100,904600,12:53:27
9045,100,904500,12:53:27
9045,100,904500,12:53:27
9045,100,904500,12:53:27
9046,200,1809200,12:53:26
9045,1500,13567500,12:53:26
9045,900,8140500,12:53:26
9045,100,904500,12:53:26
9045,200,1809000,12:53:25
9044,100,904400,12:53:24
9044,400,3617600,12:53:24
9044,100,904400,12:53:24
9044,300,2713200,12:53:24
9043,100,904300,12:53:24
9043,100,904300,12:53:24
9042,400,3616800,12:53:24
9041,700,6328700,12:53:23
9041,100,904100,12:53:22
9038,400,3615200,12:53:20
9039,500,4519500,12:53:20
9040,100,904000,12:53:20
9040,300,2712000,12:53:20
9039,100,903900,12:53:20
9040,200,1808000,12:53:20
9038,100,903800,12:53:20
9039,200,1807800,12:53:20
9035,1300,11745500,12:53:20
9036,2000,18072000,12:53:20
9037,2200,19881400,12:53:20
9038,500,4519000,12:53:20
9041,400,3616400,12:53:18
9040,300,2712000,12:53:18
9040,1000,9040000,12:53:18
9040,1000,9040000,12:53:18
9040,1000,9040000,12:53:18
9040,700,6328000,12:53:18
9039,200,1807800,12:53:18
9038,100,903800,12:53:18
9038,100,903800,12:53:18
9039,3900,35252100,12:53:18
9037,500,4518500,12:53:18
9037,200,1807400,12:53:15
9038,100,903800,12:53:10
9037,100,903700,12:53:10
9037,300,2711100,12:53:09
9037,100,903700,12:53:09
9037,100,903700,12:53:09
9037,300,2711100,12:53:09
9039,200,1807800,12:53:08
9038,100,903800,12:53:07
9037,100,903700,12:53:06
9039,400,3615600,12:53:05
9038,100,903800,12:53:05
9038,100,903800,12:53:04
9037,100,903700,12:53:04
9037,600,5422200,12:53:02
9037,100,903700,12:53:01
9036,100,903600,12:53:00
9036,100,903600,12:52:55
9037,600,5422200,12:52:54
9038,100,903800,12:52:54
9039,400,3615600,12:52:46
9037,200,1807400,12:52:41
9038,1400,12653200,12:52:40
9037,500,4518500,12:52:39
9037,200,1807400,12:52:29
9037,100,903700,12:52:29
9037,100,903700,12:52:29
9037,300,2711100,12:52:25
9037,400,3614800,12:52:23
9038,100,903800,12:52:14
9040,100,904000,12:52:14
9038,100,903800,12:52:13
9038,100,903800,12:52:13
9039,100,903900,12:52:13
9041,100,904100,12:52:12
9042,700,6329400,12:52:12
9043,200,1808600,12:52:12
9043,200,1808600,12:52:12
9040,100,904000,12:52:10
9041,100,904100,12:52:10
9041,200,1808200,12:52:10
9042,100,904200,12:52:10
9042,600,5425200,12:52:10
9042,100,904200,12:52:10
9041,900,8136900,12:52:10
9041,900,8136900,12:52:10
9040,100,904000,12:52:10
9039,100,903900,12:52:10
9039,400,3615600,12:52:10
9039,200,1807800,12:52:10
9039,400,3615600,12:52:10
9036,100,903600,12:52:05
9036,100,903600,12:52:05
9036,100,903600,12:52:05
9036,800,7228800,12:52:05
9034,100,903400,12:52:05
9034,200,1806800,12:52:05
9035,100,903500,12:52:05
9034,100,903400,12:52:05
9034,500,4517000,12:52:05
9034,800,7227200,12:52:05
9035,1700,15359500,12:52:05
9036,2600,23493600,12:52:05
9037,1800,16266600,12:52:05
9038,1300,11749400,12:52:05
9039,600,5423400,12:52:05
9041,500,4520500,12:52:05
9040,200,1808000,12:52:05
9039,100,903900,12:51:59
9039,100,903900,12:51:58
9040,200,1808000,12:51:58
9041,100,904100,12:51:49
9041,100,904100,12:51:48
9040,900,8136000,12:51:47
9040,100,904000,12:51:46
9040,100,904000,12:51:45
9040,100,904000,12:51:44
9040,100,904000,12:51:42
9040,100,904000,12:51:40
9040,100,904000,12:51:39
9040,100,904000,12:51:38
9040,100,904000,12:51:36
9040,100,904000,12:51:34
9038,100,903800,12:51:34
9039,400,3615600,12:51:32
9039,100,903900,12:51:32
9041,300,2712300,12:51:30
9040,300,2712000,12:51:30
9039,200,1807800,12:51:27
9039,100,903900,12:51:27
9039,100,903900,12:51:26
9039,100,903900,12:51:26
9039,100,903900,12:51:26
9040,100,904000,12:51:24
9040,100,904000,12:51:22
9040,200,1808000,12:51:22
9040,100,904000,12:51:19
9039,100,903900,12:51:18
9039,100,903900,12:51:15
9039,100,903900,12:51:14
9038,200,1807600,12:51:14
9038,300,2711400,12:51:13
9038,300,2711400,12:51:13
9038,300,2711400,12:51:13
9039,100,903900,12:51:13
9038,200,1807600,12:51:13
9039,1200,10846800,12:51:13
9040,1200,10848000,12:51:13
9041,100,904100,12:51:12
9041,100,904100,12:51:12
9041,200,1808200,12:51:12
9041,500,4520500,12:51:12
9041,700,6328700,12:51:12
9042,100,904200,12:51:11
9041,100,904100,12:51:11
9041,200,1808200,12:51:08
9042,100,904200,12:51:08
9041,100,904100,12:51:08
9042,100,904200,12:51:05
9041,100,904100,12:51:04
9043,600,5425800,12:51:03
9042,200,1808400,12:51:00
9042,300,2712600,12:51:00
9042,200,1808400,12:51:00
9041,300,2712300,12:50:59
9043,100,904300,12:50:59
9042,100,904200,12:50:58
9041,100,904100,12:50:57
9043,100,904300,12:50:55
9042,200,1808400,12:50:53
9042,100,904200,12:50:52
9041,100,904100,12:50:52
9041,100,904100,12:50:49
9041,100,904100,12:50:47
9040,100,904000,12:50:47
9040,100,904000,12:50:47
9040,100,904000,12:50:47
9040,100,904000,12:50:47
9040,1000,9040000,12:50:47
9039,100,903900,12:50:47
9039,200,1807800,12:50:47
9039,500,4519500,12:50:46
9039,100,903900,12:50:46
9040,200,1808000,12:50:46
9040,100,904000,12:50:45
9040,100,904000,12:50:45
9040,100,904000,12:50:44
9039,200,1807800,12:50:44
9039,200,1807800,12:50:43
9039,300,2711700,12:50:43
9038,100,903800,12:50:43
9038,200,1807600,12:50:43
9037,100,903700,12:50:43
9038,100,903800,12:50:41
9038,100,903800,12:50:40
9037,100,903700,12:50:40
9037,100,903700,12:50:38
9036,100,903600,12:50:34
9036,100,903600,12:50:31
9037,100,903700,12:50:30
9037,200,1807400,12:50:30
9037,100,903700,12:50:27
9035,100,903500,12:50:26
9036,200,1807200,12:50:26
9037,300,2711100,12:50:24
9037,100,903700,12:50:23
9035,100,903500,12:50:23
9035,100,903500,12:50:23
9037,100,903700,12:50:21
9036,300,2710800,12:50:21
9036,100,903600,12:50:19
9037,600,5422200,12:50:18
9036,700,6325200,12:50:18
9036,200,1807200,12:50:18
9036,100,903600,12:50:17
9038,100,903800,12:50:15
9037,200,1807400,12:50:14
9037,100,903700,12:50:13
9036,100,903600,12:50:13
9036,200,1807200,12:50:13
9036,200,1807200,12:50:10
9036,100,903600,12:50:10
9036,100,903600,12:50:10
9036,100,903600,12:50:08
9036,300,2710800,12:50:08
9037,100,903700,12:50:06
9036,100,903600,12:50:05
9037,200,1807400,12:50:04
9037,100,903700,12:50:03
9037,100,903700,12:50:02
9037,100,903700,12:49:59
9037,300,2711100,12:49:54
9038,100,903800,12:49:54
9037,600,5422200,12:49:53
9038,400,3615200,12:49:53
9040,100,904000,12:49:51
9040,100,904000,12:49:51
9040,100,904000,12:49:51
9038,100,903800,12:49:50
9037,100,903700,12:49:50
9037,200,1807400,12:49:50
9037,100,903700,12:49:50
9036,500,4518000,12:49:50
9035,700,6324500,12:49:50
9034,100,903400,12:49:49
9034,100,903400,12:49:48
9035,100,903500,12:49:47
9033,200,1806600,12:49:47
9035,100,903500,12:49:46
9034,200,1806800,12:49:45
9034,100,903400,12:49:45
9034,100,903400,12:49:45
9032,100,903200,12:49:44
9033,100,903300,12:49:44
9032,300,2709600,12:49:39
9032,100,903200,12:49:39
9031,400,3612400,12:49:39
9030,100,903000,12:49:39
9030,200,1806000,12:49:39
9029,100,902900,12:49:38
9029,100,902900,12:49:37
9029,200,1805800,12:49:37
9029,100,902900,12:49:37
9031,100,903100,12:49:34
9030,100,903000,12:49:31
9030,100,903000,12:49:31
9030,100,903000,12:49:31
9030,100,903000,12:49:31
9030,100,903000,12:49:31
9030,200,1806000,12:49:31
9030,500,4515000,12:49:31
9031,100,903100,12:49:30
9031,700,6321700,12:49:30
9032,100,903200,12:49:30
9032,200,1806400,12:49:30
9032,300,2709600,12:49:30
9032,100,903200,12:49:29
9034,100,903400,12:49:28
9033,100,903300,12:49:26
9032,100,903200,12:49:26
9032,300,2709600,12:49:25
9031,100,903100,12:49:25
9031,100,903100,12:49:25
9034,100,903400,12:49:25
9033,900,8129700,12:49:25
9033,200,1806600,12:49:24
9032,500,4516000,12:49:24
9031,300,2709300,12:49:24
9031,200,1806200,12:49:21
9031,200,1806200,12:49:21
9030,100,903000,12:49:20
9030,100,903000,12:49:20
9030,100,903000,12:49:20
9030,100,903000,12:49:20
9030,200,1806000,12:49:20
9030,100,903000,12:49:17
9030,500,4515000,12:49:17
9030,100,903000,12:49:13
9030,100,903000,12:49:13
9032,100,903200,12:49:13
9030,100,903000,12:49:12
9031,200,1806200,12:49:12
9031,200,1806200,12:49:12
9030,100,903000,12:49:11
9031,200,1806200,12:49:11
9031,200,1806200,12:49:10
9030,100,903000,12:49:08
9029,300,2708700,12:49:06
9028,200,1805600,12:49:06
9028,100,902800,12:49:06
9027,100,902700,12:49:05
9027,200,1805400,12:49:03
9027,100,902700,12:49:03
9028,100,902800,12:48:57
9028,100,902800,12:48:57
9026,100,902600,12:48:56
9027,1800,16248600,12:48:56
9026,100,902600,12:48:56
9025,300,2707500,12:48:56
9026,500,4513000,12:48:56
9027,100,902700,12:48:56
9027,300,2708100,12:48:55
9027,100,902700,12:48:55
9027,500,4513500,12:48:55
9028,1700,15347600,12:48:55
9030,400,3612000,12:48:54
9029,900,8126100,12:48:53
9028,400,3611200,12:48:52
9027,100,902700,12:48:52
9026,300,2707800,12:48:51
9025,1000,9025000,12:48:51
9024,100,902400,12:48:49
9025,500,4512500,12:48:49
9026,3200,28883200,12:48:49
9027,400,3610800,12:48:49
9027,500,4513500,12:48:49
9026,100,902600,12:48:48
9027,100,902700,12:48:48
9028,100,902800,12:48:48
9026,100,902600,12:48:48
9027,100,902700,12:48:48
9028,100,902800,12:48:46
9028,100,902800,12:48:46
9029,100,902900,12:48:46
9030,700,6321000,12:48:45
9030,300,2709000,12:48:45
9030,300,2709000,12:48:45
9030,100,903000,12:48:45
9030,300,2709000,12:48:45
9030,100,903000,12:48:45
9031,100,903100,12:48:45
9031,100,903100,12:48:45
9032,300,2709600,12:48:45
9033,3700,33422100,12:48:45
9034,1100,9937400,12:48:45
9035,100,903500,12:48:45
9036,200,1807200,12:48:45
9035,200,1807000,12:48:45
9032,100,903200,12:48:44
9033,200,1806600,12:48:44
9034,100,903400,12:48:44
9034,200,1806800,12:48:44
9035,800,7228000,12:48:43
9036,1200,10843200,12:48:43
9037,1100,9940700,12:48:43
9038,600,5422800,12:48:43
9039,400,3615600,12:48:43
9040,100,904000,12:48:43
9040,100,904000,12:48:43
9041,100,904100,12:48:42
9042,100,904200,12:48:42
9040,100,904000,12:48:42
9041,700,6328700,12:48:42
9042,200,1808400,12:48:42
9042,100,904200,12:48:42
9042,100,904200,12:48:42
9042,200,1808400,12:48:42
9040,100,904000,12:48:42
9040,400,3616000,12:48:42
9041,200,1808200,12:48:42
9041,100,904100,12:48:41
9042,200,1808400,12:48:41
9041,100,904100,12:48:41
9045,300,2713500,12:48:41
9044,1900,17183600,12:48:41
9043,1800,16277400,12:48:41
9042,800,7233600,12:48:41
9041,100,904100,12:48:41
9040,700,6328000,12:48:41
9040,300,2712000,12:48:41
9042,500,4521000,12:48:41
9043,1000,9043000,12:48:41
9044,2000,18088000,12:48:41
9045,3300,29848500,12:48:41
9046,1700,15378200,12:48:41
9049,200,1809800,12:48:40
9049,100,904900,12:48:40
9049,100,904900,12:48:40
9049,100,904900,12:48:40
9050,300,2715000,12:48:40
9050,700,6335000,12:48:40
9051,5000,45255000,12:48:40
9052,5100,46165200,12:48:40
9054,100,905400,12:48:40
9052,100,905200,12:48:40
9053,100,905300,12:48:40
9052,200,1810400,12:48:40
9051,100,905100,12:48:40
9051,100,905100,12:48:40
9051,100,905100,12:48:40
9049,100,904900,12:48:40
9049,100,904900,12:48:40
9050,100,905000,12:48:40
9051,100,905100,12:48:40
9054,3600,32594400,12:48:40
9053,2500,22632500,12:48:40
9052,3800,34397600,12:48:40
9051,2700,24437700,12:48:40
9050,100,905000,12:48:40
9050,100,905000,12:48:40
9050,300,2715000,12:48:40
9049,100,904900,12:48:40
9049,100,904900,12:48:40
9049,100,904900,12:48:40
9050,300,2715000,12:48:40
9050,11100,100455000,12:48:40
9050,1300,11765000,12:48:40
9050,800,7240000,12:48:40
9049,200,1809800,12:48:40
9050,100,905000,12:48:40
9050,300,2715000,12:48:40
9050,200,1810000,12:48:40
9049,400,3619600,12:48:40
9049,100,904900,12:48:40
9049,100,904900,12:48:40
9049,1200,10858800,12:48:40
9049,100,904900,12:48:40
9049,900,8144100,12:48:40
9049,100,904900,12:48:40
9049,100,904900,12:48:40
9049,100,904900,12:48:40
9049,100,904900,12:48:40
9049,600,5429400,12:48:40
9049,100,904900,12:48:40
9049,100,904900,12:48:40
9049,100,904900,12:48:40
9049,100,904900,12:48:40
9049,100,904900,12:48:40
9049,300,2714700,12:48:40
9049,100,904900,12:48:40
9049,100,904900,12:48:40
9049,100,904900,12:48:40
9049,100,904900,12:48:40
9049,100,904900,12:48:40
9049,100,904900,12:48:40
9049,100,904900,12:48:40
9049,200,1809800,12:48:40
9050,20000,181000000,12:48:40
9050,5000,45250000,12:48:40
9050,15000,135750000,12:48:40
9050,10000,90500000,12:48:40
9050,20000,181000000,12:48:40
9047,600,5428200,12:48:40
9048,700,6333600,12:48:40
9048,500,4524000,12:48:40
9049,400,3619600,12:48:40
9050,100,905000,12:48:40
9050,5000,45250000,12:48:40
9050,600,5430000,12:48:40
9049,100,904900,12:48:40
9049,2300,20812700,12:48:40
9049,5000,45245000,12:48:40
9049,1300,11763700,12:48:40
9049,100,904900,12:48:40
9049,200,1809800,12:48:40
9049,100,904900,12:48:40
9049,100,904900,12:48:40
9049,400,3619600,12:48:40
9049,600,5429400,12:48:40
9048,5100,46144800,12:48:40
9048,500,4524000,12:48:40
9048,1900,17191200,12:48:40
9048,100,904800,12:48:40
9047,100,904700,12:48:36
9047,100,904700,12:48:35
9047,500,4523500,12:48:33
9047,500,4523500,12:48:32
9048,100,904800,12:48:29
9047,100,904700,12:48:29
9047,100,904700,12:48:27
9047,100,904700,12:48:27
9047,100,904700,12:48:27
9046,100,904600,12:48:24
9048,300,2714400,12:48:23
9047,100,904700,12:48:22
9047,100,904700,12:48:20
9047,100,904700,12:48:20
9047,200,1809400,12:48:15
9046,200,1809200,12:48:15
9046,100,904600,12:48:15
9047,500,4523500,12:48:15
9047,100,904700,12:48:12
9048,400,3619200,12:48:12
9048,100,904800,12:48:11
9048,100,904800,12:48:11
9046,1500,13569000,12:48:05
9047,900,8142300,12:48:04
9048,100,904800,12:48:04
9048,100,904800,12:48:02
9048,100,904800,12:48:01
9048,500,4524000,12:48:00
9048,400,3619200,12:47:57
9048,100,904800,12:47:57
9048,100,904800,12:47:56
9046,100,904600,12:47:55
9048,100,904800,12:47:54
9048,100,904800,12:47:53
9047,400,3618800,12:47:53
9046,100,904600,12:47:52
9047,200,1809400,12:47:52
9047,100,904700,12:47:51
9047,100,904700,12:47:47
9046,100,904600,12:47:47
9047,200,1809400,12:47:47
9047,300,2714100,12:47:47
9047,300,2714100,12:47:46
9047,100,904700,12:47:46
9047,300,2714100,12:47:46
9048,200,1809600,12:47:45
9048,300,2714400,12:47:40
9048,100,904800,12:47:40
9047,100,904700,12:47:36
9047,100,904700,12:47:33
9048,100,904800,12:47:33
9048,200,1809600,12:47:33
9048,100,904800,12:47:33
9048,200,1809600,12:47:33
9048,300,2714400,12:47:33
9048,300,2714400,12:47:33
9048,4600,41620800,12:47:33
9048,400,3619200,12:47:33
9048,200,1809600,12:47:33
9047,1100,9951700,12:47:33
9047,1400,12665800,12:47:31
9046,300,2713800,12:47:31
9045,100,904500,12:47:30
9045,400,3618000,12:47:29
9044,100,904400,12:47:29
9044,100,904400,12:47:26
9044,100,904400,12:47:26
9045,100,904500,12:47:26
9044,200,1808800,12:47:22
9044,100,904400,12:47:21
9046,100,904600,12:47:18
9045,200,1809000,12:47:18
9044,100,904400,12:47:16
9044,300,2713200,12:47:16
9044,500,4522000,12:47:16
9044,100,904400,12:47:12
9045,1100,9949500,12:47:11
9045,100,904500,12:47:11
9045,100,904500,12:47:10
9045,100,904500,12:47:10
9045,100,904500,12:47:10
9045,100,904500,12:47:10
9045,200,1809000,12:47:10
9045,400,3618000,12:47:10
9046,100,904600,12:47:09
9046,100,904600,12:47:07
9045,100,904500,12:47:05
9047,100,904700,12:47:05
9046,300,2713800,12:47:03
9045,100,904500,12:47:00
9046,200,1809200,12:46:56
9046,100,904600,12:46:55
9046,100,904600,12:46:55
9046,100,904600,12:46:55
9047,900,8142300,12:46:55
9046,200,1809200,12:46:54
9045,800,7236000,12:46:54
9045,700,6331500,12:46:54
9044,200,1808800,12:46:54
9044,100,904400,12:46:51
9044,400,3617600,12:46:50
9044,600,5426400,12:46:48
9044,700,6330800,12:46:48
9044,1700,15374800,12:46:48
9045,100,904500,12:46:44
9045,100,904500,12:46:44
9045,200,1809000,12:46:44
9044,100,904400,12:46:36
9045,200,1809000,12:46:36
9045,100,904500,12:46:34
9045,600,5427000,12:46:31
9046,300,2713800,12:46:31
9047,100,904700,12:46:30
9045,100,904500,12:46:29
9047,200,1809400,12:46:28
9046,500,4523000,12:46:28
9045,500,4522500,12:46:25
9043,300,2712900,12:46:25
9044,300,2713200,12:46:25
9045,200,1809000,12:46:24
9045,100,904500,12:46:23
9046,1100,9950600,12:46:23
9047,400,3618800,12:46:21
9046,100,904600,12:46:20
9046,1100,9950600,12:46:20
9045,100,904500,12:46:19
9045,100,904500,12:46:19
9045,400,3618000,12:46:18
9041,100,904100,12:46:18
9044,1000,9044000,12:46:18
9043,100,904300,12:46:18
9040,100,904000,12:46:18
9041,1300,11753300,12:46:18
9040,700,6328000,12:46:18
9038,100,903800,12:46:18
9038,100,903800,12:46:17
9038,100,903800,12:46:13
9038,200,1807600,12:46:13
9038,100,903800,12:46:12
9037,100,903700,12:46:11
9038,700,6326600,12:46:05
9039,400,3615600,12:46:05
9040,400,3616000,12:46:05
9041,500,4520500,12:46:05
9042,400,3616800,12:46:05
9044,100,904400,12:46:03
9044,200,1808800,12:46:03
9046,400,3618400,12:46:03
9043,100,904300,12:46:03
9043,100,904300,12:46:03
9045,900,8140500,12:46:03
9044,100,904400,12:46:03
9043,600,5425800,12:46:03
9041,200,1808200,12:46:03
9040,100,904000,12:46:03
9040,200,1808000,12:46:03
9040,100,904000,12:46:02
9039,100,903900,12:46:02
9039,100,903900,12:46:02
9039,100,903900,12:46:02
9039,200,1807800,12:46:02
9036,400,3614400,12:46:01
9037,200,1807400,12:46:01
9036,1000,9036000,12:46:01
9038,700,6326600,12:46:01
9036,100,903600,12:46:01
9036,100,903600,12:46:00
9037,600,5422200,12:46:00
9037,1000,9037000,12:46:00
9039,100,903900,12:46:00
9037,200,1807400,12:45:59
9036,200,1807200,12:45:59
9036,100,903600,12:45:59
9037,800,7229600,12:45:59
9038,900,8134200,12:45:59
9039,700,6327300,12:45:59
9040,200,1808000,12:45:59
9040,300,2712000,12:45:59
9040,400,3616000,12:45:59
9040,400,3616000,12:45:59
9041,100,904100,12:45:59
9041,100,904100,12:45:58
9042,100,904200,12:45:58
9041,200,1808200,12:45:58
9042,300,2712600,12:45:58
9043,1300,11755900,12:45:58
9044,2400,21705600,12:45:58
9045,500,4522500,12:45:58
9047,100,904700,12:45:58
9047,1000,9047000,12:45:58
9046,100,904600,12:45:55
9046,300,2713800,12:45:54
9046,900,8141400,12:45:54
9046,300,2713800,12:45:54
9046,300,2713800,12:45:53
9046,400,3618400,12:45:53
9047,100,904700,12:45:53
9046,200,1809200,12:45:53
9046,200,1809200,12:45:53
9046,400,3618400,12:45:53
9046,300,2713800,12:45:53
9047,100,904700,12:45:51
9046,100,904600,12:45:51
9046,100,904600,12:45:51
9048,200,1809600,12:45:50
9047,100,904700,12:45:49
9047,300,2714100,12:45:49
9048,100,904800,12:45:49
9048,100,904800,12:45:48
9048,100,904800,12:45:47
9047,1100,9951700,12:45:47
9047,100,904700,12:45:46
9047,200,1809400,12:45:46
9047,100,904700,12:45:45
9046,1100,9950600,12:45:44
9047,100,904700,12:45:44
9047,500,4523500,12:45:43
9047,100,904700,12:45:43
9047,100,904700,12:45:43
9047,200,1809400,12:45:42
9047,400,3618800,12:45:41
9047,100,904700,12:45:41
9047,100,904700,12:45:41
9047,100,904700,12:45:40
9045,300,2713500,12:45:40
9046,300,2713800,12:45:40
9046,500,4523000,12:45:40
9046,500,4523000,12:45:40
9046,500,4523000,12:45:40
9045,5000,45225000,12:45:40
9045,200,1809000,12:45:40
9045,100,904500,12:45:39
9045,100,904500,12:45:38
9044,100,904400,12:45:37
9045,200,1809000,12:45:37
9045,100,904500,12:45:36
9045,100,904500,12:45:36
9044,100,904400,12:45:36
9045,100,904500,12:45:34
9045,100,904500,12:45:34
9044,200,1808800,12:45:31
9045,100,904500,12:45:31
9045,600,5427000,12:45:30
9045,100,904500,12:45:29
9045,100,904500,12:45:28
9045,500,4522500,12:45:27
9045,100,904500,12:45:26
9045,100,904500,12:45:26
9044,100,904400,12:45:24
9045,100,904500,12:45:23
9045,100,904500,12:45:20
9045,100,904500,12:45:20
9045,100,904500,12:45:20
9044,100,904400,12:45:19
9044,300,2713200,12:45:19
9044,400,3617600,12:45:19
9044,100,904400,12:45:19
9044,200,1808800,12:45:19
9044,500,4522000,12:45:18
9044,600,5426400,12:45:18
9043,1900,17181700,12:45:18
9042,1900,17179800,12:45:18
9040,100,904000,12:45:17
9042,100,904200,12:45:15
9040,100,904000,12:45:14
9041,100,904100,12:45:14
9041,300,2712300,12:45:14
9041,100,904100,12:45:14
9041,100,904100,12:45:14
9041,100,904100,12:45:13
9040,100,904000,12:45:12
9040,100,904000,12:45:11
9041,200,1808200,12:45:11
9040,2000,18080000,12:45:11
9041,200,1808200,12:45:11
9042,100,904200,12:45:04
9041,100,904100,12:45:04
9041,100,904100,12:45:03
9041,100,904100,12:45:02
9039,100,903900,12:45:00
9040,400,3616000,12:45:00
9040,100,904000,12:44:59
9039,300,2711700,12:44:59
9039,300,2711700,12:44:59
9038,300,2711400,12:44:59
9038,400,3615200,12:44:59
9036,100,903600,12:44:58
9035,100,903500,12:44:58
9035,100,903500,12:44:56
9036,200,1807200,12:44:55
9036,100,903600,12:44:55
9035,100,903500,12:44:53
9031,100,903100,12:44:51
9031,200,1806200,12:44:51
9032,100,903200,12:44:49
9033,100,903300,12:44:49
9032,500,4516000,12:44:48
9032,400,3612800,12:44:48
9033,100,903300,12:44:48
9033,200,1806600,12:44:48
9032,100,903200,12:44:46
9033,100,903300,12:44:45
9033,500,4516500,12:44:44
9033,100,903300,12:44:44
9034,100,903400,12:44:42
9033,100,903300,12:44:42
9033,300,2709900,12:44:42
9033,100,903300,12:44:40
9032,200,1806400,12:44:40
9033,200,1806600,12:44:40
9033,1000,9033000,12:44:40
9034,100,903400,12:44:40
9034,600,5420400,12:44:39
9034,100,903400,12:44:39
9035,100,903500,12:44:39
9035,100,903500,12:44:39
9034,100,903400,12:44:39
9035,100,903500,12:44:39
9035,700,6324500,12:44:39
9035,400,3614000,12:44:39
9036,100,903600,12:44:38
9036,1000,9036000,12:44:32
9036,100,903600,12:44:32
9036,100,903600,12:44:32
9036,100,903600,12:44:31
9036,300,2710800,12:44:30
9037,100,903700,12:44:30
9037,400,3614800,12:44:30
9038,2600,23498800,12:44:30
9038,100,903800,12:44:29
9039,300,2711700,12:44:28
9040,100,904000,12:44:27
9040,100,904000,12:44:27
9040,100,904000,12:44:27
9040,100,904000,12:44:27
9039,800,7231200,12:44:27
9040,500,4520000,12:44:27
9040,100,904000,12:44:27
9040,400,3616000,12:44:27
9040,500,4520000,12:44:27
9040,500,4520000,12:44:27
9040,100,904000,12:44:26
9041,100,904100,12:44:25
9041,1300,11753300,12:44:25
9041,100,904100,12:44:22
9041,100,904100,12:44:22
9041,400,3616400,12:44:22
9042,200,1808400,12:44:15
9041,200,1808200,12:44:13
9041,200,1808200,12:44:13
9042,100,904200,12:44:12
9042,100,904200,12:44:11
9042,200,1808400,12:44:11
9042,200,1808400,12:44:10
9042,100,904200,12:44:08
9042,100,904200,12:44:07
9041,200,1808200,12:44:04
9042,200,1808400,12:44:04
9042,100,904200,12:44:03
9042,200,1808400,12:44:01
9042,300,2712600,12:44:01
9043,400,3617200,12:44:01
9042,100,904200,12:44:00
9042,200,1808400,12:44:00
9042,300,2712600,12:44:00
9040,100,904000,12:43:59
9042,100,904200,12:43:58
9040,100,904000,12:43:58
9041,100,904100,12:43:58
9042,100,904200,12:43:54
9042,100,904200,12:43:54
9041,500,4520500,12:43:53
9042,300,2712600,12:43:53
9042,500,4521000,12:43:53
9042,500,4521000,12:43:53
9042,700,6329400,12:43:53
9042,400,3616800,12:43:53
9042,200,1808400,12:43:53
9042,700,6329400,12:43:53
9044,200,1808800,12:43:53
9043,100,904300,12:43:51
9044,600,5426400,12:43:49
9043,300,2712900,12:43:48
9042,100,904200,12:43:48
9042,200,1808400,12:43:46
9043,300,2712900,12:43:46
9044,200,1808800,12:43:45
9043,200,1808600,12:43:43
9044,100,904400,12:43:41
9044,200,1808800,12:43:39
9043,400,3617200,12:43:39
9043,100,904300,12:43:38
9044,200,1808800,12:43:36
9043,300,2712900,12:43:35
9043,300,2712900,12:43:35
9044,100,904400,12:43:32
9043,100,904300,12:43:32
9044,100,904400,12:43:31
9044,100,904400,12:43:30
9044,100,904400,12:43:29
9044,100,904400,12:43:29
9044,200,1808800,12:43:29
9044,1400,12661600,12:43:29
9043,100,904300,12:43:29
9043,1100,9947300,12:43:27
9042,800,7233600,12:43:26
9042,100,904200,12:43:26
9039,800,7231200,12:43:26
9041,200,1808200,12:43:24
9041,100,904100,12:43:24
9042,100,904200,12:43:24
9041,300,2712300,12:43:23
9039,700,6327300,12:43:23
9041,100,904100,12:43:22
9039,800,7231200,12:43:21
9040,100,904000,12:43:21
9038,200,1807600,12:43:20
9039,800,7231200,12:43:20
9039,100,903900,12:43:19
9041,100,904100,12:43:18
9042,100,904200,12:43:18
9041,100,904100,12:43:18
9039,900,8135100,12:43:17
9041,200,1808200,12:43:15
9041,100,904100,12:43:15
9039,900,8135100,12:43:14
9041,100,904100,12:43:13
9041,200,1808200,12:43:13
9040,100,904000,12:43:11
9040,100,904000,12:43:11
9038,400,3615200,12:43:11
9039,400,3615600,12:43:11
9040,100,904000,12:43:07
9041,100,904100,12:43:07
9040,400,3616000,12:43:07
9041,300,2712300,12:43:06
9041,100,904100,12:43:05
9039,100,903900,12:43:04
9040,100,904000,12:43:03
9040,200,1808000,12:43:03
9038,100,903800,12:43:02
9039,100,903900,12:43:02
9039,200,1807800,12:43:01
9039,300,2711700,12:43:01
9036,300,2710800,12:43:01
9037,800,7229600,12:43:01
9037,400,3614800,12:42:59
9037,100,903700,12:42:58
9037,100,903700,12:42:58
9039,200,1807800,12:42:56
9037,100,903700,12:42:56
9036,100,903600,12:42:55
9037,900,8133300,12:42:55
9039,100,903900,12:42:53
9038,300,2711400,12:42:53
9038,2700,24402600,12:42:52
9040,100,904000,12:42:50
9039,100,903900,12:42:50
9039,1000,9039000,12:42:50
9040,900,8136000,12:42:50
9042,100,904200,12:42:49
9041,2900,26218900,12:42:49
9043,100,904300,12:42:48
9041,100,904100,12:42:47
9043,100,904300,12:42:46
9043,100,904300,12:42:46
9041,100,904100,12:42:46
9040,300,2712000,12:42:46
9041,1100,9945100,12:42:46
9043,300,2712900,12:42:46
9042,200,1808400,12:42:45
9042,100,904200,12:42:45
9042,400,3616800,12:42:45
9041,1000,9041000,12:42:44
9040,100,904000,12:42:44
9040,300,2712000,12:42:44
9041,100,904100,12:42:43
9040,600,5424000,12:42:43
9040,600,5424000,12:42:40
9041,100,904100,12:42:40
9041,100,904100,12:42:38
9040,100,904000,12:42:38
9040,100,904000,12:42:37
9040,100,904000,12:42:35
9039,800,7231200,12:42:35
9039,100,903900,12:42:34
9040,400,3616000,12:42:34
9040,200,1808000,12:42:31
9041,100,904100,12:42:31
9040,800,7232000,12:42:30
9041,200,1808200,12:42:30
9040,1300,11752000,12:42:28
9041,400,3616400,12:42:28
9043,100,904300,12:42:27
9042,300,2712600,12:42:27
9043,100,904300,12:42:27
9043,200,1808600,12:42:27
9042,100,904200,12:42:27
9043,100,904300,12:42:25
9041,100,904100,12:42:25
9041,900,8136900,12:42:25
9042,100,904200,12:42:24
9042,100,904200,12:42:24
9042,100,904200,12:42:23
9043,100,904300,12:42:23
9043,100,904300,12:42:23
9042,100,904200,12:42:22
9043,100,904300,12:42:21
9043,100,904300,12:42:21
9042,100,904200,12:42:20
9042,200,1808400,12:42:20
9043,100,904300,12:42:19
9043,300,2712900,12:42:17
9040,900,8136000,12:42:16
9041,500,4520500,12:42:16
9041,300,2712300,12:42:15
9042,100,904200,12:42:15
9043,100,904300,12:42:13
9040,300,2712000,12:42:13
9041,600,5424600,12:42:13
9043,400,3617200,12:42:12
9042,100,904200,12:42:11
9042,100,904200,12:42:11
9043,400,3617200,12:42:10
9042,100,904200,12:42:10
9043,400,3617200,12:42:10
9044,100,904400,12:42:09
9043,100,904300,12:42:09
9044,100,904400,12:42:09
9044,100,904400,12:42:09
9043,200,1808600,12:42:08
9043,100,904300,12:42:08
9044,300,2713200,12:42:08
9044,100,904400,12:42:08
9043,900,8138700,12:42:08
9042,500,4521000,12:42:08
9042,1900,17179800,12:42:08
9039,200,1807800,12:42:08
9042,700,6329400,12:42:07
9041,700,6328700,12:42:07
9040,300,2712000,12:42:07
9040,200,1808000,12:42:07
9040,100,904000,12:42:07
9040,100,904000,12:42:07
9040,200,1808000,12:42:07
9040,300,2712000,12:42:07
9040,100,904000,12:42:07
9039,100,903900,12:42:07
9040,100,904000,12:42:07
9041,100,904100,12:42:06
9041,300,2712300,12:42:06
9040,500,4520000,12:42:06
9041,100,904100,12:42:06
9042,1500,13563000,12:42:06
9041,1500,13561500,12:42:06
9040,3300,29832000,12:42:06
9040,100,904000,12:42:06
9040,7000,63280000,12:42:06
9040,100,904000,12:42:06
9040,800,7232000,12:42:06
9040,100,904000,12:42:06
9040,100,904000,12:42:06
9040,200,1808000,12:42:06
9040,100,904000,12:42:06
9040,100,904000,12:42:06
9040,400,3616000,12:42:06
9040,4500,40680000,12:42:06
9040,1100,9944000,12:42:06
9040,600,5424000,12:42:06
9040,100,904000,12:42:06
9039,4100,37059900,12:42:06
9038,3000,27114000,12:42:06
9038,100,903800,12:42:06
9038,400,3615200,12:42:06
9038,100,903800,12:42:05
9037,100,903700,12:42:05
9037,100,903700,12:42:04
9037,100,903700,12:42:04
9037,100,903700,12:42:04
9037,200,1807400,12:42:03
9036,100,903600,12:42:03
9036,100,903600,12:42:03
9036,800,7228800,12:42:03
9035,100,903500,12:42:03
9035,100,903500,12:42:03
9035,300,2710500,12:42:03
9035,300,2710500,12:42:03
9035,200,1807000,12:42:00
9035,100,903500,12:41:59
9035,100,903500,12:41:59
9035,600,5421000,12:41:59
9035,700,6324500,12:41:56
9034,200,1806800,12:41:56
9033,1100,9936300,12:41:56
9033,300,2709900,12:41:56
9032,300,2709600,12:41:56
9031,200,1806200,12:41:56
9031,100,903100,12:41:56
9030,3900,35217000,12:41:56
9030,900,8127000,12:41:56
9030,100,903000,12:41:56
9030,200,1806000,12:41:56
9030,1500,13545000,12:41:56
9030,600,5418000,12:41:56
9029,400,3611600,12:41:54
9029,100,902900,12:41:54
9028,400,3611200,12:41:51
9028,100,902800,12:41:51
9028,100,902800,12:41:51
9027,100,902700,12:41:51
9027,100,902700,12:41:46
9026,600,5415600,12:41:46
9025,400,3610000,12:41:46
9025,500,4512500,12:41:46
9025,100,902500,12:41:45
9024,100,902400,12:41:44
9024,500,4512000,12:41:40
9023,100,902300,12:41:40
9023,100,902300,12:41:39
9023,100,902300,12:41:38
9022,100,902200,12:41:37
9023,300,2706900,12:41:35
9023,100,902300,12:41:35
9023,100,902300,12:41:35
9023,300,2706900,12:41:35
9023,100,902300,12:41:34
9024,100,902400,12:41:33
9024,200,1804800,12:41:27
9024,100,902400,12:41:24
9023,100,902300,12:41:24
9024,900,8121600,12:41:24
9025,100,902500,12:41:24
9025,100,902500,12:41:24
9025,1100,9927500,12:41:24
9025,100,902500,12:41:21
9025,100,902500,12:41:19
9026,800,7220800,12:41:15
9026,100,902600,12:41:15
9026,100,902600,12:41:15
9026,200,1805200,12:41:15
9028,400,3611200,12:41:15
9027,200,1805400,12:41:15
9027,400,3610800,12:41:13
9027,400,3610800,12:41:13
9028,300,2708400,12:41:13
9028,200,1805600,12:41:09
9028,100,902800,12:41:09
9028,200,1805600,12:41:05
9027,200,1805400,12:41:04
9027,200,1805400,12:41:04
9027,200,1805400,12:41:04
9027,200,1805400,12:41:04
9025,100,902500,12:41:00
9025,500,4512500,12:40:57
9025,100,902500,12:40:56
9025,100,902500,12:40:55
9025,100,902500,12:40:54
9026,100,902600,12:40:49
9026,300,2707800,12:40:49
9025,200,1805000,12:40:47
9024,100,902400,12:40:46
9025,100,902500,12:40:45
9024,100,902400,12:40:44
9025,400,3610000,12:40:42
9025,500,4512500,12:40:42
9025,100,902500,12:40:42
9025,200,1805000,12:40:41
9025,500,4512500,12:40:41
9026,100,902600,12:40:40
9026,1000,9026000,12:40:38
9028,100,902800,12:40:37
9028,100,902800,12:40:37
9028,100,902800,12:40:37
9027,700,6318900,12:40:37
9027,100,902700,12:40:37
9028,3600,32500800,12:40:37
9029,400,3611600,12:40:37
9030,100,903000,12:40:37
9030,3000,27090000,12:40:37
9030,2600,23478000,12:40:37
9031,600,5418600,12:40:37
9033,1000,9033000,12:40:36
9031,100,903100,12:40:35
9033,200,1806600,12:40:30
9032,600,5419200,12:40:29
9032,100,903200,12:40:28
9033,300,2709900,12:40:24
9033,400,3613200,12:40:22
9033,500,4516500,12:40:22
9031,100,903100,12:40:19
9032,100,903200,12:40:19
9032,100,903200,12:40:18
9031,200,1806200,12:40:17
9032,200,1806400,12:40:16
9032,100,903200,12:40:16
9031,300,2709300,12:40:15
9031,100,903100,12:40:15
9031,100,903100,12:40:15
9031,100,903100,12:40:15
9029,1300,11737700,12:40:15
9031,100,903100,12:40:15
9030,1700,15351000,12:40:15
9031,300,2709300,12:40:15
9031,1600,14449600,12:40:15
9032,100,903200,12:40:15
9033,100,903300,12:40:12
9032,200,1806400,12:40:12
9031,100,903100,12:40:11
9032,100,903200,12:40:09
9032,1600,14451200,12:40:09
9034,200,1806800,12:40:06
9033,100,903300,12:40:06
9033,100,903300,12:40:06
9033,700,6323100,12:40:06
9033,100,903300,12:40:06
9033,200,1806600,12:40:06
9035,100,903500,12:40:06
9034,1400,12647600,12:40:06
9035,1400,12649000,12:40:06
9036,100,903600,12:40:03
9037,300,2711100,12:40:02
9036,100,903600,12:40:02
9036,600,5421600,12:40:00
9037,200,1807400,12:39:57
9036,500,4518000,12:39:57
9037,100,903700,12:39:55
9036,1700,15361200,12:39:54
9038,200,1807600,12:39:53
9037,600,5422200,12:39:53
9037,100,903700,12:39:53
9037,2200,19881400,12:39:53
9036,100,903600,12:39:52
9036,300,2710800,12:39:52
9036,100,903600,12:39:51
9036,5000,45180000,12:39:51
9036,200,1807200,12:39:51
9035,1700,15359500,12:39:51
9034,300,2710200,12:39:51
9034,100,903400,12:39:51
9033,700,6323100,12:39:51
9032,200,1806400,12:39:51
9033,200,1806600,12:39:49
9032,600,5419200,12:39:46
9032,100,903200,12:39:45
9033,100,903300,12:39:45
9032,200,1806400,12:39:44
9033,100,903300,12:39:42
9033,100,903300,12:39:40
9032,100,903200,12:39:39
9032,100,903200,12:39:38
9032,100,903200,12:39:37
9032,100,903200,12:39:36
9033,200,1806600,12:39:34
9032,100,903200,12:39:34
9032,100,903200,12:39:29
9031,100,903100,12:39:28
9032,100,903200,12:39:27
9031,300,2709300,12:39:27
9031,200,1806200,12:39:25
9033,100,903300,12:39:16
9031,100,903100,12:39:15
9030,100,903000,12:39:12
9030,100,903000,12:39:12
9032,100,903200,12:39:11
9031,200,1806200,12:39:10
9032,100,903200,12:39:10
9031,100,903100,12:39:10
9032,100,903200,12:39:08
9031,100,903100,12:39:08
9031,100,903100,12:39:06
9031,100,903100,12:39:06
9030,100,903000,12:39:05
9031,800,7224800,12:39:05
9029,100,902900,12:39:05
9030,300,2709000,12:39:05
9029,300,2708700,12:39:03
9029,100,902900,12:39:03
9029,200,1805800,12:39:03
9028,100,902800,12:39:00
9028,100,902800,12:39:00
9029,200,1805800,12:38:57
9029,300,2708700,12:38:56
9029,1000,9029000,12:38:56
9029,100,902900,12:38:55
9030,500,4515000,12:38:55
9030,100,903000,12:38:55
9030,100,903000,12:38:55
9030,100,903000,12:38:55
9030,400,3612000,12:38:55
9030,100,903000,12:38:55
9030,100,903000,12:38:55
9030,200,1806000,12:38:55
9031,100,903100,12:38:55
9031,100,903100,12:38:55
9030,100,903000,12:38:54
9030,100,903000,12:38:54
9031,1100,9934100,12:38:54
9032,1800,16257600,12:38:52
9032,100,903200,12:38:52
9032,100,903200,12:38:52
9033,100,903300,12:38:51
9032,100,903200,12:38:49
9033,100,903300,12:38:48
9032,500,4516000,12:38:48
9032,100,903200,12:38:47
9032,100,903200,12:38:46
9033,100,903300,12:38:45
9032,200,1806400,12:38:39
9033,200,1806600,12:38:36
9032,200,1806400,12:38:35
9032,100,903200,12:38:35
9032,100,903200,12:38:34
9032,100,903200,12:38:33
9033,400,3613200,12:38:32
9033,100,903300,12:38:32
9033,300,2709900,12:38:32
9033,100,903300,12:38:32
9033,100,903300,12:38:32
9033,200,1806600,12:38:32
9033,200,1806600,12:38:32
9033,400,3613200,12:38:30
9034,200,1806800,12:38:27
9034,100,903400,12:38:26
9034,400,3613600,12:38:26
9035,300,2710500,12:38:26
9035,200,1807000,12:38:26
9034,600,5420400,12:38:26
9035,500,4517500,12:38:26
9035,500,4517500,12:38:26
9035,100,903500,12:38:26
9035,500,4517500,12:38:26
9035,500,4517500,12:38:26
9035,1700,15359500,12:38:26
9035,200,1807000,12:38:26
9035,400,3614000,12:38:26
9035,200,1807000,12:38:26
9035,600,5421000,12:38:26
9035,100,903500,12:38:24
9035,500,4517500,12:38:21
9036,100,903600,12:38:11
9036,500,4518000,12:38:05
9036,100,903600,12:38:05
9035,100,903500,12:37:59
9035,100,903500,12:37:58
9036,100,903600,12:37:54
9035,100,903500,12:37:54
9035,200,1807000,12:37:53
9035,300,2710500,12:37:53
9035,500,4517500,12:37:53
9035,500,4517500,12:37:53
9035,500,4517500,12:37:53
9035,500,4517500,12:37:53
9034,1000,9034000,12:37:52
9033,100,903300,12:37:48
9033,100,903300,12:37:43
9034,100,903400,12:37:41
9033,100,903300,12:37:41
9033,100,903300,12:37:41
9033,100,903300,12:37:39
9032,700,6322400,12:37:38
9032,600,5419200,12:37:38
9032,100,903200,12:37:34
9033,100,903300,12:37:33
9033,500,4516500,12:37:32
9033,200,1806600,12:37:32
9033,100,903300,12:37:31
9033,100,903300,12:37:30
9034,100,903400,12:37:30
9033,100,903300,12:37:27
9034,200,1806800,12:37:27
9034,1000,9034000,12:37:27
9034,100,903400,12:37:26
9035,200,1807000,12:37:25
9034,600,5420400,12:37:25
9034,100,903400,12:37:22
9035,100,903500,12:37:21
9035,1100,9938500,12:37:21
9034,300,2710200,12:37:21
9034,100,903400,12:37:21
9034,1100,9937400,12:37:18
9034,100,903400,12:37:18
9032,1000,9032000,12:37:15
9033,200,1806600,12:37:15
9034,200,1806800,12:37:14
9033,200,1806600,12:37:14
9033,100,903300,12:37:12
9031,200,1806200,12:37:11
9031,100,903100,12:37:06
9031,100,903100,12:37:06
9031,700,6321700,12:37:06
9032,1000,9032000,12:37:05
9032,100,903200,12:37:05
9032,400,3612800,12:37:03
9032,100,903200,12:37:01
9033,1200,10839600,12:37:01
9034,1200,10840800,12:37:01
9034,200,1806800,12:37:00
9034,300,2710200,12:36:59
9035,300,2710500,12:36:59
9035,100,903500,12:36:56
9035,100,903500,12:36:55
9034,300,2710200,12:36:55
9034,300,2710200,12:36:55
9034,100,903400,12:36:55
9034,200,1806800,12:36:54
9033,100,903300,12:36:54
9033,400,3613200,12:36:54
9033,200,1806600,12:36:54
9033,200,1806600,12:36:53
9032,100,903200,12:36:53
9031,600,5418600,12:36:53
9032,100,903200,12:36:53
9032,100,903200,12:36:53
9032,300,2709600,12:36:53
9031,700,6321700,12:36:53
9032,1700,15354400,12:36:53
9032,500,4516000,12:36:53
9032,500,4516000,12:36:53
9032,500,4516000,12:36:53
9032,500,4516000,12:36:53
9032,200,1806400,12:36:53
9032,100,903200,12:36:53
9032,100,903200,12:36:53
9032,2100,18967200,12:36:53
9033,100,903300,12:36:50
9033,100,903300,12:36:47
9032,100,903200,12:36:46
9034,100,903400,12:36:46
9034,100,903400,12:36:46
9034,100,903400,12:36:46
9034,100,903400,12:36:46
9033,100,903300,12:36:46
9033,500,4516500,12:36:46
9033,1300,11742900,12:36:46
9034,3000,27102000,12:36:46
9035,3900,35236500,12:36:46
9036,100,903600,12:36:46
9035,100,903500,12:36:43
9036,100,903600,12:36:43
9035,100,903500,12:36:39
9036,100,903600,12:36:39
9036,100,903600,12:36:35
9035,100,903500,12:36:32
9035,100,903500,12:36:32
9037,100,903700,12:36:32
9036,400,3614400,12:36:31
9036,200,1807200,12:36:31
9035,200,1807000,12:36:27
9035,200,1807000,12:36:25
9037,400,3614800,12:36:22
9036,100,903600,12:36:22
9036,1100,9939600,12:36:22
9036,600,5421600,12:36:19
9036,100,903600,12:36:18
9038,200,1807600,12:36:17
9038,500,4519000,12:36:16
9037,100,903700,12:36:16
9036,100,903600,12:36:16
9038,600,5422800,12:36:16
9037,900,8133300,12:36:16
9036,700,6325200,12:36:16
9036,100,903600,12:36:12
9036,100,903600,12:36:10
9035,100,903500,12:36:09
9034,100,903400,12:36:09
9034,200,1806800,12:36:09
9035,200,1807000,12:36:09
9034,200,1806800,12:36:08
9034,100,903400,12:36:08
9034,100,903400,12:36:08
9034,100,903400,12:36:08
9034,200,1806800,12:36:08
9035,200,1807000,12:36:08
9035,100,903500,12:36:08
9035,200,1807000,12:36:08
9035,100,903500,12:36:08
9035,200,1807000,12:36:08
9035,1300,11745500,12:36:08
9035,200,1807000,12:36:08
9035,700,6324500,12:36:08
9035,900,8131500,12:36:08
9034,1600,14454400,12:36:08
9033,100,903300,12:36:08
9033,1000,9033000,12:36:08
9033,100,903300,12:36:08
9032,200,1806400,12:36:02
9032,100,903200,12:36:01
9033,100,903300,12:36:00
9033,500,4516500,12:36:00
9032,500,4516000,12:35:59
9033,200,1806600,12:35:55
9032,300,2709600,12:35:55
9032,100,903200,12:35:52
9032,200,1806400,12:35:49
9032,100,903200,12:35:49
9032,100,903200,12:35:49
9032,100,903200,12:35:46
9033,100,903300,12:35:45
9033,300,2709900,12:35:45
9032,300,2709600,12:35:45
9031,100,903100,12:35:43
9031,100,903100,12:35:43
9030,1200,10836000,12:35:43
9031,100,903100,12:35:43
9031,200,1806200,12:35:43
9031,600,5418600,12:35:43
9031,1400,12643400,12:35:43
9032,100,903200,12:35:40
9032,100,903200,12:35:36
9032,200,1806400,12:35:36
9032,100,903200,12:35:36
9032,200,1806400,12:35:34
9032,100,903200,12:35:33
9032,300,2709600,12:35:32
9032,600,5419200,12:35:32
9032,100,903200,12:35:29
9031,500,4515500,12:35:28
9031,700,6321700,12:35:28
9032,100,903200,12:35:25
9032,100,903200,12:35:24
9031,300,2709300,12:35:24
9031,500,4515500,12:35:24
9030,100,903000,12:35:23
9030,100,903000,12:35:23
9030,100,903000,12:35:22
9030,100,903000,12:35:17
9030,1100,9933000,12:35:17
9030,800,7224000,12:35:17
9031,100,903100,12:35:17
9031,100,903100,12:35:15
9030,100,903000,12:35:13
9030,100,903000,12:35:12
9031,100,903100,12:35:09
9031,100,903100,12:35:09
9031,200,1806200,12:35:07
9031,100,903100,12:35:06
9031,300,2709300,12:35:06
9030,4300,38829000,12:35:06
9030,100,903000,12:35:05
9030,300,2709000,12:35:05
9029,100,902900,12:35:05
9030,100,903000,12:35:05
9030,200,1806000,12:35:03
9030,200,1806000,12:35:03
9029,200,1805800,12:35:02
9030,100,903000,12:35:01
9030,200,1806000,12:35:01
9030,200,1806000,12:35:00
9030,1900,17157000,12:35:00
9029,400,3611600,12:35:00
9028,100,902800,12:34:58
9028,200,1805600,12:34:57
9029,300,2708700,12:34:56
9029,100,902900,12:34:56
9028,100,902800,12:34:54
9028,100,902800,12:34:54
9028,100,902800,12:34:54
9028,100,902800,12:34:54
9027,100,902700,12:34:54
9028,300,2708400,12:34:53
9028,100,902800,12:34:53
9028,100,902800,12:34:47
9028,100,902800,12:34:46
9028,100,902800,12:34:45
9028,1000,9028000,12:34:45
9027,100,902700,12:34:42
9027,100,902700,12:34:42
9026,100,902600,12:34:41
9026,100,902600,12:34:40
9027,100,902700,12:34:39
9026,500,4513000,12:34:38
9025,700,6317500,12:34:38
9025,400,3610000,12:34:38
9025,600,5415000,12:34:38
9023,100,902300,12:34:37
9025,300,2707500,12:34:37
9024,700,6316800,12:34:37
9023,100,902300,12:34:37
9022,100,902200,12:34:37
9023,200,1804600,12:34:37
9022,300,2706600,12:34:37
9020,300,2706000,12:34:37
9021,1200,10825200,12:34:37
9020,7100,64042000,12:34:37
9020,5600,50512000,12:34:37
9019,1500,13528500,12:34:37
9018,100,901800,12:34:37
9019,200,1803800,12:34:36
9018,200,1803600,12:34:36
9017,100,901700,12:34:36
9017,100,901700,12:34:36
9016,100,901600,12:34:36
9017,200,1803400,12:34:34
9017,100,901700,12:34:30
9018,400,3607200,12:34:29
9018,100,901800,12:34:25
9016,100,901600,12:34:25
9017,400,3606800,12:34:25
9016,600,5409600,12:34:25
9016,100,901600,12:34:25
9016,100,901600,12:34:25
9016,300,2704800,12:34:25
9016,500,4508000,12:34:25
9016,900,8114400,12:34:25
9015,100,901500,12:34:25
9015,300,2704500,12:34:23
9016,100,901600,12:34:12
9017,100,901700,12:34:12
9016,200,1803200,12:34:12
9016,100,901600,12:34:12
9016,100,901600,12:34:12
9016,200,1803200,12:34:12
9016,600,5409600,12:34:12
9016,1100,9917600,12:34:12
9016,200,1803200,12:34:12
9017,100,901700,12:34:12
9017,100,901700,12:34:12
9016,100,901600,12:34:04
9016,100,901600,12:33:56
9017,100,901700,12:33:56
9016,100,901600,12:33:54
9016,100,901600,12:33:54
9015,200,1803000,12:33:54
9017,100,901700,12:33:53
9016,200,1803200,12:33:53
9016,100,901600,12:33:48
9016,200,1803200,12:33:46
9016,100,901600,12:33:43
9016,100,901600,12:33:43
9017,100,901700,12:33:41
9017,100,901700,12:33:39
9017,100,901700,12:33:39
9017,300,2705100,12:33:38
9015,100,901500,12:33:38
9015,100,901500,12:33:38
9016,200,1803200,12:33:37
9017,1800,16230600,12:33:37
9017,100,901700,12:33:37
9017,100,901700,12:33:37
9017,100,901700,12:33:37
9017,100,901700,12:33:37
9017,400,3606800,12:33:37
9016,700,6311200,12:33:37
9016,100,901600,12:33:37
9016,200,1803200,12:33:37
9015,400,3606000,12:33:36
9015,300,2704500,12:33:36
9015,300,2704500,12:33:36
9015,300,2704500,12:33:36
9015,1300,11719500,12:33:36
9014,3200,28844800,12:33:36
9013,200,1802600,12:33:28
9012,200,1802400,12:33:28
9012,100,901200,12:33:25
9012,100,901200,12:33:24
9012,100,901200,12:33:23
9012,200,1802400,12:33:18
9012,900,8110800,12:33:18
9013,400,3605200,12:33:15
9014,100,901400,12:33:14
9014,100,901400,12:33:13
9014,200,1802800,12:33:11
9014,500,4507000,12:33:08
9013,200,1802600,12:33:03
9014,100,901400,12:33:02
9014,400,3605600,12:33:02
9014,100,901400,12:33:02
9013,200,1802600,12:33:02
9013,100,901300,12:33:02
9012,200,1802400,12:33:01
9014,100,901400,12:32:50
9012,100,901200,12:32:50
9014,600,5408400,12:32:49
9013,300,2703900,12:32:49
9012,100,901200,12:32:49
9010,300,2703000,12:32:48
9010,700,6307000,12:32:48
9010,100,901000,12:32:48
9010,1300,11713000,12:32:48
9011,300,2703300,12:32:48
9011,200,1802200,12:32:48
9011,400,3604400,12:32:48
9013,100,901300,12:32:47
9013,100,901300,12:32:46
9011,100,901100,12:32:46
9012,200,1802400,12:32:46
9014,100,901400,12:32:39
9012,100,901200,12:32:38
9014,100,901400,12:32:38
9013,100,901300,12:32:38
9012,100,901200,12:32:38
9010,1500,13515000,12:32:37
9011,2000,18022000,12:32:37
9012,1300,11715600,12:32:37
9013,100,901300,12:32:37
9014,100,901400,12:32:36
9013,100,901300,12:32:35
9014,100,901400,12:32:35
9014,100,901400,12:32:34
9013,400,3605200,12:32:33
9014,100,901400,12:32:30
9014,200,1802800,12:32:29
9014,200,1802800,12:32:25
9014,500,4507000,12:32:23
9016,100,901600,12:32:20
9014,100,901400,12:32:19
9014,100,901400,12:32:19
9014,600,5408400,12:32:19
9016,100,901600,12:32:19
9015,300,2704500,12:32:17
9016,200,1803200,12:32:13
9017,100,901700,12:32:11
9017,200,1803400,12:32:11
9015,100,901500,12:32:10
9014,100,901400,12:32:10
9013,300,2703900,12:32:09
9012,100,901200,12:32:05
9012,100,901200,12:32:03
9013,600,5407800,12:32:03
9014,200,1802800,12:32:03
9014,100,901400,12:32:02
9014,200,1802800,12:32:02
9017,100,901700,12:31:56
9015,200,1803000,12:31:55
9016,200,1803200,12:31:55
9016,100,901600,12:31:55
9017,100,901700,12:31:55
9017,100,901700,12:31:55
9017,100,901700,12:31:54
9018,100,901800,12:31:52
9017,300,2705100,12:31:51
9016,400,3606400,12:31:51
9015,1500,13522500,12:31:51
9015,100,901500,12:31:50
9013,100,901300,12:31:50
9013,100,901300,12:31:49
9014,200,1802800,12:31:49
9014,400,3605600,12:31:48
9013,100,901300,12:31:48
9012,300,2703600,12:31:48
9013,300,2703900,12:31:48
9014,100,901400,12:31:45
9013,200,1802600,12:31:43
9013,100,901300,12:31:42
9014,200,1802800,12:31:42
9012,200,1802400,12:31:41
9013,100,901300,12:31:41
9013,200,1802600,12:31:39
9015,100,901500,12:31:33
9014,100,901400,12:31:32
9011,100,901100,12:31:30
9012,100,901200,12:31:30
9011,300,2703300,12:31:29
9012,200,1802400,12:31:29
9013,300,2703900,12:31:28
9013,100,901300,12:31:28
9014,100,901400,12:31:28
9014,100,901400,12:31:28
9015,100,901500,12:31:28
9015,100,901500,12:31:28
9017,100,901700,12:31:27
9017,400,3606800,12:31:27
9016,100,901600,12:31:24
9018,100,901800,12:31:21
9016,400,3606400,12:31:21
9016,100,901600,12:31:21
9018,100,901800,12:31:20
9016,100,901600,12:31:19
9015,200,1803000,12:31:19
9015,200,1803000,12:31:19
9014,100,901400,12:31:19
9015,1500,13522500,12:31:19
9016,200,1803200,12:31:19
9017,100,901700,12:31:19
9018,100,901800,12:31:19
9017,600,5410200,12:31:19
9017,100,901700,12:31:19
9018,1500,13527000,12:31:19
9019,200,1803800,12:31:19
9021,100,902100,12:31:14
9020,100,902000,12:31:14
9020,100,902000,12:31:13
9019,200,1803800,12:31:12
9020,100,902000,12:31:11
9020,300,2706000,12:31:11
9021,100,902100,12:31:09
9021,200,1804200,12:31:09
9020,700,6314000,12:31:08
9023,100,902300,12:31:07
9021,100,902100,12:31:07
9021,400,3608400,12:31:07
9022,400,3608800,12:31:07
9022,100,902200,12:31:07
9022,100,902200,12:31:05
9022,200,1804400,12:31:05
9023,200,1804600,12:31:03
9023,300,2706900,12:31:03
9019,200,1803800,12:31:02
9019,100,901900,12:31:02
9021,100,902100,12:31:02
9020,300,2706000,12:31:02
9020,100,902000,12:31:02
9020,100,902000,12:31:02
9022,300,2706600,12:31:01
9021,200,1804200,12:31:01
9020,100,902000,12:31:00
9020,400,3608000,12:31:00
9021,200,1804200,12:31:00
9022,200,1804400,12:30:59
9023,200,1804600,12:30:59
9023,300,2706900,12:30:59
9023,100,902300,12:30:59
9025,100,902500,12:30:55
9024,100,902400,12:30:55
9022,200,1804400,12:30:55
9023,500,4511500,12:30:55
9023,100,902300,12:30:55
9023,100,902300,12:30:55
9023,200,1804600,12:30:55
9023,100,902300,12:30:55
9023,100,902300,12:30:55
9023,100,902300,12:30:55
9023,100,902300,12:30:55
9023,100,902300,12:30:55
9023,200,1804600,12:30:55
9023,100,902300,12:30:55
9023,400,3609200,12:30:55
9022,400,3608800,12:30:55
9021,200,1804200,12:30:55
9021,100,902100,12:30:55
9020,1200,10824000,12:30:55
9020,100,902000,12:30:55
9020,400,3608000,12:30:55
9020,100,902000,12:30:55
9019,100,901900,12:30:53
9019,400,3607600,12:30:52
9018,100,901800,12:30:52
9019,100,901900,12:30:52
9018,200,1803600,12:30:52
9020,100,902000,12:30:50
9021,100,902100,12:30:50
9021,200,1804200,12:30:50
9020,100,902000,12:30:50
9018,200,1803600,12:30:49
9018,100,901800,12:30:49
9019,100,901900,12:30:49
9018,100,901800,12:30:48
9020,100,902000,12:30:48
9019,100,901900,12:30:48
9019,100,901900,12:30:48
9019,100,901900,12:30:47
9021,100,902100,12:30:45
9020,100,902000,12:30:45
9020,100,902000,12:30:45
9020,200,1804000,12:30:45
9020,400,3608000,12:30:45
9020,100,902000,12:30:45
9021,300,2706300,12:30:45
9022,300,2706600,12:30:44
9022,100,902200,12:30:43
9022,300,2706600,12:30:41
9022,100,902200,12:30:40
9023,100,902300,12:30:40
9025,100,902500,12:30:39
9025,100,902500,12:30:39
9024,600,5414400,12:30:38
9024,200,1804800,12:30:38
9024,100,902400,12:30:38
9024,100,902400,12:30:38
9024,100,902400,12:30:38
9025,100,902500,12:30:38
9025,100,902500,12:30:38
9026,800,7220800,12:30:38
9027,200,1805400,12:30:37
9028,100,902800,12:30:37
9028,100,902800,12:30:37
9030,100,903000,12:30:37
9029,100,902900,12:30:36
9029,400,3611600,12:30:36
9030,100,903000,12:30:36
9030,400,3612000,12:30:36
9032,100,903200,12:30:36
9032,100,903200,12:30:34
9030,100,903000,12:30:33
9032,100,903200,12:30:33
9033,100,903300,12:30:33
9032,100,903200,12:30:32
9031,100,903100,12:30:32
9032,100,903200,12:30:32
9031,100,903100,12:30:32
9032,100,903200,12:30:32
9033,300,2709900,12:30:32
9034,300,2710200,12:30:32
9034,100,903400,12:30:32
9035,100,903500,12:30:31
9036,1000,9036000,12:30:31
9036,100,903600,12:30:31
9035,100,903500,12:30:29
9035,100,903500,12:30:28
9034,200,1806800,12:30:27
9037,100,903700,12:30:25
9035,100,903500,12:30:25
9036,100,903600,12:30:25
9037,100,903700,12:30:25
9037,100,903700,12:30:25
9038,1500,13557000,12:30:25
9037,600,5422200,12:30:25
9036,100,903600,12:30:25
9037,200,1807400,12:30:25
9036,100,903600,12:30:24
9035,200,1807000,12:30:22
9035,100,903500,12:30:22
9036,100,903600,12:30:21
9035,100,903500,12:30:21
9034,700,6323800,12:30:21
9037,100,903700,12:30:20
9036,100,903600,12:30:20
9033,100,903300,12:30:20
9036,900,8132400,12:30:20
9036,600,5421600,12:30:20
9035,200,1807000,12:30:20
9035,100,903500,12:30:20
9034,300,2710200,12:30:20
9035,100,903500,12:30:20
9035,100,903500,12:30:20
9036,100,903600,12:30:20
9035,9000,81315000,12:30:20
9035,2100,18973500,12:30:20
9034,100,903400,12:30:19
9033,200,1806600,12:30:18
9030,100,903000,12:30:17
9032,200,1806400,12:30:17
9031,200,1806200,12:30:17
9033,200,1806600,12:30:17
9033,100,903300,12:30:16
9031,600,5418600,12:30:15
9030,100,903000,12:30:15
9030,400,3612000,12:30:15
9027,200,1805400,12:30:15
9026,200,1805200,12:30:15
9026,300,2707800,12:30:15
9027,200,1805400,12:30:15
9028,200,1805600,12:30:15
9029,100,902900,12:30:15
9035,500,4517500,12:30:14
9034,100,903400,12:30:14
9034,100,903400,12:30:14
9034,100,903400,12:30:14
9034,500,4517000,12:30:14
9034,1800,16261200,12:30:14
9033,400,3613200,12:30:14
9032,100,903200,12:30:14
9029,100,902900,12:30:14
9031,100,903100,12:30:14
9031,100,903100,12:30:14
9030,100,903000,12:30:14
9033,200,1806600,12:30:13
9032,100,903200,12:30:13
9031,100,903100,12:30:13
9033,100,903300,12:30:13
9033,6100,55101300,12:30:13
9032,2300,20773600,12:30:13
9029,100,902900,12:30:13
9030,200,1806000,12:30:13
9030,100,903000,12:30:13
9030,500,4515000,12:30:13
9031,200,1806200,12:30:13
9031,600,5418600,12:30:13
9031,500,4515500,12:30:13
9031,1200,10837200,12:30:13
9031,700,6321700,12:30:13
9030,22100,199563000,12:30:13
9029,900,8126100,12:30:13
9029,100,902900,12:30:13
9029,100,902900,12:30:13
9029,100,902900,12:30:13
9029,100,902900,12:30:13
9029,1500,13543500,12:30:13
9028,400,3611200,12:30:13
9028,100,902800,12:30:13
9027,100,902700,12:30:13
9026,100,902600,12:30:13
9023,100,902300,12:30:13
9024,100,902400,12:30:12
9024,100,902400,12:30:12
9025,400,3610000,12:30:12
9026,1400,12636400,12:30:12
9027,100,902700,12:30:12
9029,300,2708700,12:30:12
9028,100,902800,12:30:12
9030,200,1806000,12:30:12
9029,100,902900,12:30:12
9029,100,902900,12:30:12
9030,1600,14448000,12:30:12
9029,100,902900,12:30:12
9030,100,903000,12:30:12
9030,300,2709000,12:30:12
9029,200,1805800,12:30:12
9028,300,2708400,12:30:11
9027,100,902700,12:30:11
9028,100,902800,12:30:11
9029,900,8126100,12:30:11
9029,200,1805800,12:30:11
9029,800,7223200,12:30:11
9029,700,6320300,12:30:11
9028,4700,42431600,12:30:11
9026,400,3610400,12:30:11
9026,100,902600,12:30:11
9025,100,902500,12:30:11
9027,300,2708100,12:30:11
9027,600,5416200,12:30:11
9026,200,1805200,12:30:11
9025,100,902500,12:30:11
9027,800,7221600,12:30:11
9026,300,2707800,12:30:11
9026,100,902600,12:30:11
9026,400,3610400,12:30:11
9026,2000,18052000,12:30:11
9025,17400,157035000,12:30:11
9025,2100,18952500,12:30:11
9023,200,1804600,12:30:10
9023,100,902300,12:30:10
9022,400,3608800,12:30:10
9021,300,2706300,12:30:08
9020,100,902000,12:30:08
9019,100,901900,12:30:07
9019,100,901900,12:30:07
9018,100,901800,12:30:07
9018,200,1803600,12:30:06
9017,300,2705100,12:30:06
9017,100,901700,12:30:05
9016,100,901600,12:30:05
9018,100,901800,12:30:05
9019,200,1803800,12:30:05
9018,100,901800,12:30:05
9017,100,901700,12:30:04
9017,100,901700,12:30:04
9015,200,1803000,12:30:03
9018,100,901800,12:30:03
9015,100,901500,12:30:03
9016,100,901600,12:30:03
9018,100,901800,12:30:03
9018,100,901800,12:30:03
9020,200,1804000,12:30:02
9019,100,901900,12:30:02
9019,200,1803800,12:30:02
9023,1000,9023000,12:30:02
9022,200,1804400,12:30:02
9021,100,902100,12:30:01
9021,100,902100,12:30:01
9020,100,902000,12:30:01
9019,100,901900,12:30:01
9018,100,901800,12:30:01
9019,100,901900,12:30:01
9021,100,902100,12:30:01
9020,100,902000,12:30:01
9023,100,902300,12:30:01
9023,100,902300,12:30:01
9023,100,902300,12:30:01
9019,200,1803800,12:30:00
9016,100,901600,12:30:00
9016,100,901600,12:30:00
9016,100,901600,12:30:00
9024,2700,24364800,12:30:00
9022,300,2706600,12:30:00
9021,300,2706300,12:30:00
9020,100,902000,12:30:00
9018,600,5410800,12:30:00
9019,500,4509500,12:30:00
9020,200,1804000,12:30:00
9020,100,902000,12:30:00
9020,700,6314000,12:30:00
9020,100,902000,12:30:00
9021,200,1804200,12:30:00
9019,100,901900,12:30:00
9022,100,902200,12:30:00
9022,100,902200,12:30:00
9023,100,902300,12:30:00
9023,100,902300,12:30:00
9023,600,5413800,12:30:00
9022,100,902200,12:30:00
9023,700,6316100,12:30:00
9023,100,902300,12:30:00
9023,100,902300,12:30:00
9023,100,902300,12:30:00
9023,1300,11729900,12:30:00
9023,100,902300,12:30:00
9023,900,8120700,12:30:00
9023,100,902300,12:30:00
9023,600,5413800,12:30:00
9022,800,7217600,12:30:00
9022,600,5413200,12:30:00
9022,100,902200,12:30:00
9022,300,2706600,12:30:00
9022,100,902200,12:30:00
9022,400,3608800,12:30:00
9021,700,6314700,12:30:00
9021,700,6314700,12:30:00
9020,9300,83886000,12:30:00
9018,100,901800,12:30:00
9017,100,901700,12:30:00
9016,100,901600,12:30:00
9017,200,1803400,12:30:00
9014,100,901400,12:30:00
9015,100,901500,12:30:00
9020,103300,931766000,12:30:00
9011,17500,157692500,11:30:00
9010,100,901000,11:29:56
9010,200,1802000,11:29:55
9010,100,901000,11:29:54
9012,100,901200,11:29:54
9005,1000,9005000,11:29:54
9006,1100,9906600,11:29:54
9007,2800,25219600,11:29:54
9008,1500,13512000,11:29:54
9009,1000,9009000,11:29:54
9010,700,6307000,11:29:54
9011,1200,10813200,11:29:54
9012,400,3604800,11:29:54
9013,300,2703900,11:29:54
9015,500,4507500,11:29:50
9014,200,1802800,11:29:50
9014,100,901400,11:29:49
9014,100,901400,11:29:48
9012,100,901200,11:29:45
9012,100,901200,11:29:43
9012,200,1802400,11:29:41
9011,100,901100,11:29:36
9012,300,2703600,11:29:34
9013,100,901300,11:29:33
9015,100,901500,11:29:33
9015,200,1803000,11:29:33
9015,100,901500,11:29:33
9014,700,6309800,11:29:33
9014,400,3605600,11:29:33
9013,400,3605200,11:29:33
9012,100,901200,11:29:30
9011,300,2703300,11:29:30
9012,100,901200,11:29:28
9012,100,901200,11:29:25
9011,100,901100,11:29:24
9011,300,2703300,11:29:24
9011,100,901100,11:29:24
9011,1100,9912100,11:29:24
9010,2100,18921000,11:29:24
9009,100,900900,11:29:24
9008,100,900800,11:29:24
9007,100,900700,11:29:23
9007,100,900700,11:29:20
9006,100,900600,11:29:20
9007,100,900700,11:29:17
9007,200,1801400,11:29:15
9007,100,900700,11:29:13
9007,200,1801400,11:29:08
9006,200,1801200,11:29:04
9006,100,900600,11:28:59
9008,100,900800,11:28:58
9008,400,3603200,11:28:55
9005,100,900500,11:28:55
9007,100,900700,11:28:54
9006,200,1801200,11:28:54
9005,100,900500,11:28:53
9005,1000,9005000,11:28:52
9003,200,1800600,11:28:51
9004,100,900400,11:28:51
9004,300,2701200,11:28:50
9004,100,900400,11:28:46
9003,100,900300,11:28:44
9003,100,900300,11:28:43
9003,100,900300,11:28:43
9001,100,900100,11:28:34
9003,100,900300,11:28:33
9002,100,900200,11:28:33
9001,100,900100,11:28:32
9001,100,900100,11:28:31
9001,100,900100,11:28:31
9001,200,1800200,11:28:31
9001,400,3600400,11:28:31
9001,100,900100,11:28:31
9002,300,2700600,11:28:29
9002,100,900200,11:28:29
9002,200,1800400,11:28:29
9003,100,900300,11:28:29
9003,1100,9903300,11:28:29
9003,100,900300,11:28:28
9002,100,900200,11:28:21
9001,200,1800200,11:28:16
9002,100,900200,11:28:10
9000,100,900000,11:28:07
9001,200,1800200,11:28:07
9001,200,1800200,11:28:05
9000,300,2700000,11:28:05
8999,100,899900,11:28:05
9000,100,900000,11:28:01
9000,100,900000,11:27:57
8999,300,2699700,11:27:51
8999,100,899900,11:27:51
9000,500,4500000,11:27:51
9002,100,900200,11:27:50
9001,300,2700300,11:27:48
9001,200,1800200,11:27:48
9002,100,900200,11:27:48
9002,300,2700600,11:27:48
9005,100,900500,11:27:43
9004,300,2701200,11:27:43
9003,2200,19806600,11:27:43
9002,200,1800400,11:27:42
9001,200,1800200,11:27:42
8999,500,4499500,11:27:40
9000,500,4500000,11:27:40
9001,100,900100,11:27:38
9000,1300,11700000,11:27:38
8999,200,1799800,11:27:38
8998,200,1799600,11:27:37
8998,100,899800,11:27:36
8997,300,2699100,11:27:33
8996,100,899600,11:27:31
8997,100,899700,11:27:30
8997,100,899700,11:27:26
8997,100,899700,11:27:24
8996,100,899600,11:27:22
8996,300,2698800,11:27:14
8996,100,899600,11:27:14
8997,800,7197600,11:27:13
8998,100,899800,11:27:05
8997,100,899700,11:27:04
8997,200,1799400,11:27:02
8995,200,1799000,11:27:01
8995,300,2698500,11:27:00
8996,100,899600,11:27:00
8996,100,899600,11:27:00
8995,100,899500,11:27:00
8995,100,899500,11:27:00
8994,100,899400,11:26:52
8994,100,899400,11:26:51
8992,100,899200,11:26:30
8993,100,899300,11:26:29
8993,200,1798600,11:26:29
8993,100,899300,11:26:25
8992,100,899200,11:26:23
8993,100,899300,11:26:22
8993,300,2697900,11:26:16
8992,200,1798400,11:26:16
8992,100,899200,11:26:16
8991,200,1798200,11:26:16
8991,500,4495500,11:26:16
8990,500,4495000,11:26:13
8990,200,1798000,11:26:13
8990,100,899000,11:26:13
8989,200,1797800,11:26:13
8988,100,898800,11:26:10
8987,100,898700,11:26:02
8987,100,898700,11:26:01
8987,200,1797400,11:26:01
8987,200,1797400,11:26:01
8987,200,1797400,11:26:01
8988,700,6291600,11:26:01
8989,500,4494500,11:26:00
8990,100,899000,11:26:00
8990,200,1798000,11:26:00
8990,1500,13485000,11:26:00
8990,100,899000,11:25:52
8991,100,899100,11:25:52
8991,500,4495500,11:25:50
8991,100,899100,11:25:50
8992,700,6294400,11:25:50
8993,100,899300,11:25:49
8994,100,899400,11:25:46
8992,200,1798400,11:25:44
8993,100,899300,11:25:43
8993,300,2697900,11:25:39
8994,100,899400,11:25:38
8995,600,5397000,11:25:38
8996,100,899600,11:25:37
8996,400,3598400,11:25:34
8997,100,899700,11:25:34
8996,100,899600,11:25:33
8997,200,1799400,11:25:30
8996,200,1799200,11:25:29
8994,100,899400,11:25:21
8995,400,3598000,11:25:21
8995,200,1799000,11:25:17
8995,100,899500,11:25:17
8995,200,1799000,11:25:17
8994,200,1798800,11:25:17
8993,100,899300,11:25:17
8991,300,2697300,11:25:13
8992,100,899200,11:25:13
8992,100,899200,11:25:08
8992,700,6294400,11:25:00
8991,300,2697300,11:25:00
8991,100,899100,11:24:59
8991,300,2697300,11:24:59
8991,100,899100,11:24:59
8993,300,2697900,11:24:56
8992,100,899200,11:24:51
8992,100,899200,11:24:50
8991,600,5394600,11:24:46
8992,100,899200,11:24:46
8992,100,899200,11:24:46
8991,100,899100,11:24:44
8992,100,899200,11:24:43
8993,200,1798600,11:24:42
8992,100,899200,11:24:41
8992,100,899200,11:24:38
8992,500,4496000,11:24:38
8991,100,899100,11:24:38
8991,600,5394600,11:24:37
8992,100,899200,11:24:36
8992,1000,8992000,11:24:36
8992,200,1798400,11:24:36
8992,200,1798400,11:24:36
8992,200,1798400,11:24:36
8993,500,4496500,11:24:32
8993,100,899300,11:24:32
8993,100,899300,11:24:25
8994,300,2698200,11:24:24
8995,100,899500,11:24:18
8996,100,899600,11:24:18
8996,500,4498000,11:24:18
8996,100,899600,11:24:15
8995,100,899500,11:24:14
8996,100,899600,11:24:14
8997,200,1799400,11:24:13
8998,100,899800,11:24:12
8998,100,899800,11:24:12
8998,200,1799600,11:24:12
8998,100,899800,11:24:11
8999,100,899900,11:24:11
9000,600,5400000,11:24:11
9001,600,5400600,11:24:10
9002,600,5401200,11:24:10
9003,100,900300,11:24:10
9004,100,900400,11:24:10
9005,200,1801000,11:24:10
9006,100,900600,11:24:10
9007,100,900700,11:24:04
9008,1000,9008000,11:24:04
9008,200,1801600,11:24:04
9009,600,5405400,11:24:04
9010,1000,9010000,11:24:03
9010,1000,9010000,11:24:03
9011,400,3604400,11:24:03
9011,300,2703300,11:24:03
9011,100,901100,11:23:57
9011,100,901100,11:23:57
9012,100,901200,11:23:48
9013,100,901300,11:23:42
9012,100,901200,11:23:41
9012,300,2703600,11:23:41
9014,100,901400,11:23:41
9012,100,901200,11:23:40
9013,100,901300,11:23:37
9015,700,6310500,11:23:37
9014,500,4507000,11:23:37
9012,100,901200,11:23:37
9015,100,901500,11:23:29
9014,200,1802800,11:23:29
9013,500,4506500,11:23:28
9013,100,901300,11:23:28
9013,100,901300,11:23:28
9013,100,901300,11:23:28
9013,100,901300,11:23:28
9014,300,2704200,11:23:27
9015,100,901500,11:23:26
9015,1100,9916500,11:23:20
9015,100,901500,11:23:15
9016,100,901600,11:23:15
9017,100,901700,11:23:12
9016,800,7212800,11:23:12
9015,100,901500,11:23:12
9015,500,4507500,11:23:12
9015,100,901500,11:23:12
9014,200,1802800,11:23:12
9013,200,1802600,11:23:11
9011,300,2703300,11:23:10
9012,100,901200,11:23:10
9011,100,901100,11:23:09
9012,100,901200,11:23:08
9013,100,901300,11:23:05
9012,200,1802400,11:23:05
9011,100,901100,11:23:04
9011,100,901100,11:23:04
9012,100,901200,11:23:04
9012,100,901200,11:23:04
9012,200,1802400,11:22:58
9013,100,901300,11:22:58
9012,300,2703600,11:22:58
9011,100,901100,11:22:57
9012,400,3604800,11:22:57
9012,100,901200,11:22:47
9014,100,901400,11:22:47
9013,100,901300,11:22:47
9010,100,901000,11:22:45
9011,300,2703300,11:22:45
9011,100,901100,11:22:45
9011,100,901100,11:22:42
9012,100,901200,11:22:42
9012,300,2703600,11:22:40
9013,800,7210400,11:22:40
9014,100,901400,11:22:39
9014,200,1802800,11:22:39
9014,200,1802800,11:22:39
9014,200,1802800,11:22:39
9014,200,1802800,11:22:39
9015,100,901500,11:22:37
9015,600,5409000,11:22:37
9016,1000,9016000,11:22:37
9016,100,901600,11:22:35
9017,100,901700,11:22:33
9016,100,901600,11:22:31
9016,100,901600,11:22:27
9017,800,7213600,11:22:15
9018,1000,9018000,11:22:11
9019,100,901900,11:22:10
9019,100,901900,11:22:10
9019,300,2705700,11:22:10
9019,300,2705700,11:22:10
9020,200,1804000,11:22:09
9020,100,902000,11:22:09
9019,100,901900,11:22:05
9019,100,901900,11:22:05
9019,100,901900,11:22:05
9019,200,1803800,11:22:05
9019,100,901900,11:21:59
9017,100,901700,11:21:58
9018,400,3607200,11:21:58
9020,500,4510000,11:21:57
9018,600,5410800,11:21:55
9018,100,901800,11:21:53
9019,100,901900,11:21:53
9019,100,901900,11:21:51
9017,100,901700,11:21:46
9018,300,2705400,11:21:45
9018,200,1803600,11:21:45
9019,100,901900,11:21:44
9019,500,4509500,11:21:43
9019,100,901900,11:21:43
9020,200,1804000,11:21:41
9022,100,902200,11:21:41
9023,100,902300,11:21:40
9022,200,1804400,11:21:40
9022,800,7217600,11:21:40
9021,800,7216800,11:21:40
9020,3400,30668000,11:21:40
9020,200,1804000,11:21:40
9020,100,902000,11:21:40
9020,100,902000,11:21:40
9020,100,902000,11:21:40
9020,300,2706000,11:21:40
9020,100,902000,11:21:40
9020,200,1804000,11:21:40
9020,3400,30668000,11:21:40
9020,200,1804000,11:21:40
9020,300,2706000,11:21:40
9020,300,2706000,11:21:40
9020,300,2706000,11:21:40
9020,300,2706000,11:21:40
9020,200,1804000,11:21:40
9019,100,901900,11:21:40
9019,100,901900,11:21:39
9020,100,902000,11:21:39
9019,200,1803800,11:21:39
9020,100,902000,11:21:37
9019,100,901900,11:21:33
9018,100,901800,11:21:33
9020,100,902000,11:21:33
9019,100,901900,11:21:32
9018,100,901800,11:21:32
9019,400,3607600,11:21:31
9018,100,901800,11:21:29
9019,100,901900,11:21:29
9020,600,5412000,11:21:28
9019,400,3607600,11:21:28
9017,100,901700,11:21:28
9018,100,901800,11:21:28
9019,1100,9920900,11:21:25
9018,200,1803600,11:21:25
9018,600,5410800,11:21:24
9017,100,901700,11:21:24
9017,200,1803400,11:21:24
9017,100,901700,11:21:24
9017,300,2705100,11:21:23
9017,100,901700,11:21:23
9018,200,1803600,11:21:23
9018,300,2705400,11:21:23
9017,100,901700,11:21:23
9018,100,901800,11:21:23
9018,100,901800,11:21:23
9018,100,901800,11:21:23
9018,600,5410800,11:21:23
9017,300,2705100,11:21:23
9017,100,901700,11:21:23
9017,100,901700,11:21:23
9017,200,1803400,11:21:23
9017,600,5410200,11:21:23
9016,300,2704800,11:21:23
9015,7300,65809500,11:21:23
9014,200,1802800,11:21:23
9014,100,901400,11:21:23
9014,300,2704200,11:21:21
9013,300,2703900,11:21:21
9012,100,901200,11:21:21
9013,100,901300,11:21:18
9013,100,901300,11:21:18
9013,100,901300,11:21:15
9013,100,901300,11:21:14
9011,100,901100,11:21:09
9012,600,5407200,11:21:08
9011,300,2703300,11:21:08
9010,100,901000,11:21:08
9012,100,901200,11:21:08
9012,300,2703600,11:21:07
9012,700,6308400,11:21:07
9011,100,901100,11:21:07
9012,100,901200,11:21:07
9012,2900,26134800,11:21:07
9011,1300,11714300,11:21:07
9010,3600,32436000,11:21:07
9009,200,1801800,11:21:07
9009,100,900900,11:21:05
9008,100,900800,11:21:05
9008,400,3603200,11:21:05
9007,100,900700,11:21:05
9007,100,900700,11:21:04
9007,200,1801400,11:21:02
9007,100,900700,11:21:02
9006,100,900600,11:21:00
9006,300,2701800,11:20:59
9007,100,900700,11:20:59
9008,100,900800,11:20:58
9009,300,2702700,11:20:52
9005,100,900500,11:20:52
9006,1800,16210800,11:20:52
9007,1100,9907700,11:20:52
9009,100,900900,11:20:51
9009,100,900900,11:20:48
9008,300,2702400,11:20:47
9009,100,900900,11:20:45
9009,100,900900,11:20:45
9009,100,900900,11:20:44
9009,100,900900,11:20:44
9009,100,900900,11:20:43
9009,100,900900,11:20:39
9008,600,5404800,11:20:38
9007,100,900700,11:20:35
9007,100,900700,11:20:35
9007,100,900700,11:20:34
9006,200,1801200,11:20:34
9006,100,900600,11:20:34
9006,100,900600,11:20:34
9006,100,900600,11:20:31
9005,100,900500,11:20:31
9006,100,900600,11:20:31
9005,100,900500,11:20:30
9004,100,900400,11:20:29
9004,100,900400,11:20:27
9005,100,900500,11:20:26
9005,100,900500,11:20:25
9005,100,900500,11:20:25
9004,100,900400,11:20:24
9004,100,900400,11:20:21
9004,100,900400,11:20:20
9004,200,1800800,11:20:19
9004,100,900400,11:20:16
9004,100,900400,11:20:16
9004,100,900400,11:20:15
9003,600,5401800,11:20:15
9003,100,900300,11:20:13
9002,100,900200,11:20:13
9002,100,900200,11:20:11
9001,100,900100,11:20:09
9000,400,3600000,11:20:09
8999,200,1799800,11:20:02
9000,100,900000,11:20:01
8999,800,7199200,11:20:01
9000,1300,11700000,11:20:01
9001,100,900100,11:19:57
9003,100,900300,11:19:57
9003,100,900300,11:19:54
9003,100,900300,11:19:50
9003,100,900300,11:19:49
9003,100,900300,11:19:45
9001,200,1800200,11:19:44
9001,500,4500500,11:19:44
9002,200,1800400,11:19:44
9002,200,1800400,11:19:44
9004,100,900400,11:19:41
9004,100,900400,11:19:38
9003,200,1800600,11:19:35
9003,700,6302100,11:19:35
9003,100,900300,11:19:35
9004,1200,10804800,11:19:34
9006,100,900600,11:19:31
9006,100,900600,11:19:31
9005,100,900500,11:19:30
9006,100,900600,11:19:27
9006,200,1801200,11:19:25
9005,100,900500,11:19:25
9005,100,900500,11:19:24
9004,100,900400,11:19:24
9005,1200,10806000,11:19:22
9006,100,900600,11:19:22
9005,200,1801000,11:19:22
9007,100,900700,11:19:21
9006,100,900600,11:19:21
9007,100,900700,11:19:19
9006,900,8105400,11:19:17
9005,100,900500,11:19:17
9006,100,900600,11:19:16
9005,100,900500,11:19:15
9005,100,900500,11:19:10
9005,100,900500,11:19:10
9005,200,1801000,11:19:09
9007,100,900700,11:19:08
9008,500,4504000,11:19:08
9007,600,5404200,11:19:07
9006,300,2701800,11:19:07
9005,100,900500,11:19:06
9005,1000,9005000,11:19:05
9005,300,2701500,11:19:05
9005,400,3602000,11:19:05
9005,100,900500,11:19:05
9005,800,7204000,11:19:05
9004,100,900400,11:19:05
9004,200,1800800,11:19:05
9003,600,5401800,11:19:05
9003,100,900300,11:19:05
9003,200,1800600,11:19:05
9002,800,7201600,11:19:05
9002,100,900200,11:19:04
9002,100,900200,11:19:01
9001,100,900100,11:19:01
9001,300,2700300,11:19:00
9001,100,900100,11:19:00
9003,600,5401800,11:18:59
9002,400,3600800,11:18:59
9002,100,900200,11:18:58
9002,200,1800400,11:18:56
9002,100,900200,11:18:54
9003,100,900300,11:18:54
9002,100,900200,11:18:51
9003,100,900300,11:18:49
9003,100,900300,11:18:47
9002,100,900200,11:18:45
9003,200,1800600,11:18:43
9003,100,900300,11:18:43
9003,100,900300,11:18:41
9002,100,900200,11:18:37
9003,100,900300,11:18:32
9002,200,1800400,11:18:31
9001,100,900100,11:18:31
9002,100,900200,11:18:30
9002,100,900200,11:18:29
9000,100,900000,11:18:26
9003,100,900300,11:18:24
9003,500,4501500,11:18:24
9002,400,3600800,11:18:24
9001,100,900100,11:18:24
9002,600,5401200,11:18:21
9002,100,900200,11:18:21
9001,200,1800200,11:18:21
9001,200,1800200,11:18:17
9002,100,900200,11:18:17
9003,100,900300,11:18:15
9002,200,1800400,11:18:12
9002,100,900200,11:18:10
9000,100,900000,11:18:09
9001,100,900100,11:18:09
9000,100,900000,11:18:06
8999,100,899900,11:18:05
9000,100,900000,11:18:04
8999,100,899900,11:18:02
8998,100,899800,11:18:00
8999,100,899900,11:18:00
8998,600,5398800,11:17:59
8999,200,1799800,11:17:56
9000,300,2700000,11:17:55
9000,300,2700000,11:17:55
9000,100,900000,11:17:55
9000,1400,12600000,11:17:55
9001,700,6300700,11:17:55
9002,300,2700600,11:17:55
9002,500,4501000,11:17:55
9003,200,1800600,11:17:54
9003,100,900300,11:17:53
9003,100,900300,11:17:51
9002,200,1800400,11:17:48
9003,100,900300,11:17:46
9002,100,900200,11:17:46
9002,100,900200,11:17:43
9002,100,900200,11:17:42
9002,100,900200,11:17:40
9001,200,1800200,11:17:40
9003,100,900300,11:17:35
9003,100,900300,11:17:34
9003,200,1800600,11:17:34
9002,200,1800400,11:17:34
9002,100,900200,11:17:33
9002,100,900200,11:17:32
9002,100,900200,11:17:31
9001,100,900100,11:17:31
9000,4500,40500000,11:17:31
8999,1200,10798800,11:17:31
8999,100,899900,11:17:31
8998,400,3599200,11:17:30
8998,100,899800,11:17:30
8998,100,899800,11:17:30
8997,200,1799400,11:17:30
8997,100,899700,11:17:30
8997,1500,13495500,11:17:30
8996,10500,94458000,11:17:30
8995,3600,32382000,11:17:30
8995,6500,58467500,11:17:30
8995,200,1799000,11:17:30
8995,100,899500,11:17:30
8995,100,899500,11:17:30
8995,200,1799000,11:17:30
8995,100,899500,11:17:30
8995,200,1799000,11:17:30
8995,200,1799000,11:17:30
8994,2000,17988000,11:17:30
8994,100,899400,11:17:30
8993,300,2697900,11:17:30
8993,200,1798600,11:17:30
8993,100,899300,11:17:28
8992,100,899200,11:17:26
8993,100,899300,11:17:24
8991,100,899100,11:17:21
8992,100,899200,11:17:20
8993,100,899300,11:17:19
8993,700,6295100,11:17:19
8992,400,3596800,11:17:19
8991,200,1798200,11:17:19
8992,100,899200,11:17:19
8993,100,899300,11:17:17
8993,100,899300,11:17:13
8991,100,899100,11:17:10
8991,700,6293700,11:17:06
8991,500,4495500,11:17:03
8993,100,899300,11:17:00
8992,100,899200,11:16:57
8992,100,899200,11:16:56
8993,100,899300,11:16:51
8992,100,899200,11:16:50
8993,100,899300,11:16:47
8993,100,899300,11:16:42
8993,100,899300,11:16:40
8993,100,899300,11:16:38
8993,1000,8993000,11:16:31
8992,200,1798400,11:16:31
8992,300,2697600,11:16:24
8991,300,2697300,11:16:23
8991,300,2697300,11:16:23
8991,300,2697300,11:16:23
8990,400,3596000,11:16:16
8990,500,4495000,11:16:16
8989,100,898900,11:16:08
8990,400,3596000,11:16:02
8991,100,899100,11:16:02
8990,900,8091000,11:16:02
8990,100,899000,11:16:02
8990,100,899000,11:15:57
8989,100,898900,11:15:55
8988,100,898800,11:15:53
8988,100,898800,11:15:53
8988,300,2696400,11:15:53
8989,100,898900,11:15:52
8989,400,3595600,11:15:52
8988,100,898800,11:15:51
8988,100,898800,11:15:51
8989,500,4494500,11:15:51
8990,600,5394000,11:15:51
8990,100,899000,11:15:50
8990,100,899000,11:15:50
8992,300,2697600,11:15:50
8991,200,1798200,11:15:50
8991,100,899100,11:15:47
8990,200,1798000,11:15:44
8991,100,899100,11:15:43
8990,100,899000,11:15:40
8991,200,1798200,11:15:40
8991,100,899100,11:15:27
8991,100,899100,11:15:27
8990,100,899000,11:15:27
8991,100,899100,11:15:27
8991,100,899100,11:15:27
8989,200,1797800,11:15:22
8990,100,899000,11:15:22
8991,200,1798200,11:15:15
8989,100,898900,11:15:12
8989,900,8090100,11:15:05
8990,100,899000,11:15:05
8990,1800,16182000,11:15:05
8991,300,2697300,11:15:05
8993,200,1798600,11:15:05
8992,200,1798400,11:15:05
8991,600,5394600,11:14:57
8992,100,899200,11:14:57
8991,100,899100,11:14:54
8992,100,899200,11:14:54
8991,100,899100,11:14:52
8993,100,899300,11:14:48
8991,100,899100,11:14:47
8993,100,899300,11:14:47
8992,500,4496000,11:14:47
8991,100,899100,11:14:46
8992,100,899200,11:14:46
8991,100,899100,11:14:44
8991,100,899100,11:14:41
8991,100,899100,11:14:40
8990,100,899000,11:14:38
8990,300,2697000,11:14:37
8991,100,899100,11:14:36
8991,100,899100,11:14:32
8991,100,899100,11:14:32
8991,200,1798200,11:14:30
8990,100,899000,11:14:27
8990,100,899000,11:14:26
8989,100,898900,11:14:26
8989,100,898900,11:14:14
8989,100,898900,11:14:12
8989,200,1797800,11:14:11
8989,100,898900,11:14:11
8990,100,899000,11:14:11
8991,100,899100,11:14:10
8990,100,899000,11:14:07
8990,100,899000,11:14:06
8989,100,898900,11:14:06
8989,200,1797800,11:14:03
8990,100,899000,11:14:02
8989,100,898900,11:14:00
8990,100,899000,11:14:00
8990,100,899000,11:13:58
8990,500,4495000,11:13:53
8991,100,899100,11:13:52
8991,100,899100,11:13:49
8990,200,1798000,11:13:43
8989,500,4494500,11:13:43
8990,100,899000,11:13:42
8990,600,5394000,11:13:40
8990,100,899000,11:13:40
8991,100,899100,11:13:40
8991,100,899100,11:13:38
8991,100,899100,11:13:37
8992,100,899200,11:13:35
8992,100,899200,11:13:33
8990,100,899000,11:13:31
8991,100,899100,11:13:31
8991,100,899100,11:13:31
8991,100,899100,11:13:29
8990,100,899000,11:13:29
8990,100,899000,11:13:28
8993,500,4496500,11:13:26
8992,600,5395200,11:13:26
8991,200,1798200,11:13:26
8991,100,899100,11:13:24
8990,100,899000,11:13:19
8990,100,899000,11:13:19
8990,100,899000,11:13:18
8990,400,3596000,11:13:17
8990,200,1798000,11:13:17
8990,500,4495000,11:13:17
8990,100,899000,11:13:17
8990,300,2697000,11:13:17
8990,400,3596000,11:13:17
8990,400,3596000,11:13:17
8991,100,899100,11:13:17
8990,100,899000,11:13:15
8990,100,899000,11:13:15
8990,100,899000,11:13:12
8990,100,899000,11:13:11
8992,100,899200,11:13:11
8990,100,899000,11:13:09
8992,100,899200,11:13:07
8991,300,2697300,11:13:06
8991,100,899100,11:13:00
8991,100,899100,11:12:58
8991,100,899100,11:12:55
8991,100,899100,11:12:50
8991,200,1798200,11:12:48
8991,400,3596400,11:12:48
8991,100,899100,11:12:48
8992,100,899200,11:12:45
8991,100,899100,11:12:44
8991,100,899100,11:12:44
8991,100,899100,11:12:44
8991,100,899100,11:12:43
8991,100,899100,11:12:39
8991,200,1798200,11:12:39
8990,200,1798000,11:12:38
8989,100,898900,11:12:31
8988,100,898800,11:12:31
8989,200,1797800,11:12:29
8989,100,898900,11:12:29
8991,100,899100,11:12:28
8991,100,899100,11:12:21
8989,100,898900,11:12:19
8989,100,898900,11:12:19
8991,100,899100,11:12:16
8991,100,899100,11:12:15
8991,100,899100,11:12:14
8991,200,1798200,11:12:14
8991,800,7192800,11:12:14
8990,800,7192000,11:12:14
8989,500,4494500,11:12:11
8988,100,898800,11:12:11
8988,100,898800,11:12:11
8989,100,898900,11:12:09
8988,400,3595200,11:12:09
8986,100,898600,11:12:08
8987,200,1797400,11:12:06
8987,200,1797400,11:12:06
8988,100,898800,11:12:06
8988,100,898800,11:12:06
8988,100,898800,11:12:05
8988,400,3595200,11:12:00
8989,200,1797800,11:12:00
8988,100,898800,11:11:58
8988,100,898800,11:11:58
8988,100,898800,11:11:56
8988,100,898800,11:11:55
8989,200,1797800,11:11:54
8989,100,898900,11:11:54
8989,200,1797800,11:11:49
8990,200,1798000,11:11:49
8990,100,899000,11:11:46
8990,100,899000,11:11:45
8990,100,899000,11:11:44
8989,100,898900,11:11:44
8989,100,898900,11:11:43
8989,1000,8989000,11:11:43
8990,100,899000,11:11:43
8990,100,899000,11:11:43
8989,100,898900,11:11:43
8989,200,1797800,11:11:42
8990,200,1798000,11:11:42
8988,100,898800,11:11:42
8990,100,899000,11:11:42
8987,2400,21568800,11:11:42
8988,2200,19773600,11:11:42
8989,1100,9887900,11:11:42
8990,1400,12586000,11:11:42
8991,900,8091900,11:11:42
8991,100,899100,11:11:38
8992,100,899200,11:11:37
8992,100,899200,11:11:37
8993,100,899300,11:11:35
8992,100,899200,11:11:34
8993,100,899300,11:11:34
8993,100,899300,11:11:29
8992,100,899200,11:11:27
8992,100,899200,11:11:27
8993,100,899300,11:11:26
8993,400,3597200,11:11:23
8992,100,899200,11:11:23
8991,100,899100,11:11:22
8990,100,899000,11:11:22
8990,100,899000,11:11:18
8990,100,899000,11:11:18
8992,300,2697600,11:11:17
8991,100,899100,11:11:17
8991,200,1798200,11:11:14
8991,300,2697300,11:11:14
8991,100,899100,11:11:10
8991,100,899100,11:11:10
8991,300,2697300,11:11:06
8990,100,899000,11:11:03
8990,100,899000,11:11:02
8989,100,898900,11:11:01
8990,100,899000,11:11:01
8989,200,1797800,11:11:00
8990,100,899000,11:11:00
8991,100,899100,11:11:00
8989,100,898900,11:11:00
8989,1300,11685700,11:11:00
8990,2700,24273000,11:11:00
8990,200,1798000,11:11:00
8991,500,4495500,11:11:00
8992,200,1798400,11:10:55
8992,100,899200,11:10:53
8993,100,899300,11:10:52
8993,100,899300,11:10:51
8993,100,899300,11:10:51
8993,100,899300,11:10:51
8994,100,899400,11:10:47
8994,100,899400,11:10:47
8995,100,899500,11:10:42
8995,200,1799000,11:10:42
8995,100,899500,11:10:41
8997,100,899700,11:10:38
8995,100,899500,11:10:37
8996,100,899600,11:10:36
8996,100,899600,11:10:34
8994,100,899400,11:10:34
8995,100,899500,11:10:32
8995,100,899500,11:10:31
8993,100,899300,11:10:31
8994,200,1798800,11:10:31
8993,100,899300,11:10:31
8992,600,5395200,11:10:30
8993,300,2697900,11:10:30
8994,200,1798800,11:10:30
8995,100,899500,11:10:29
8995,100,899500,11:10:29
8995,600,5397000,11:10:29
8995,100,899500,11:10:29
8996,200,1799200,11:10:26
8996,100,899600,11:10:22
8996,100,899600,11:10:22
8996,100,899600,11:10:22
8996,100,899600,11:10:22
8996,100,899600,11:10:22
8997,4100,36887700,11:10:22
8997,200,1799400,11:10:22
8997,500,4498500,11:10:22
8997,100,899700,11:10:22
8997,100,899700,11:10:22
8998,200,1799600,11:10:14
8997,200,1799400,11:10:09
8997,100,899700,11:10:09
8996,100,899600,11:10:04
8997,200,1799400,11:10:04
8997,100,899700,11:10:03
8998,100,899800,11:10:00
8998,100,899800,11:10:00
8997,200,1799400,11:10:00
8999,400,3599600,11:09:58
8999,100,899900,11:09:54
8998,200,1799600,11:09:53
8997,100,899700,11:09:52
8995,200,1799000,11:09:47
8995,100,899500,11:09:46
8996,100,899600,11:09:45
8995,700,6296500,11:09:44
8996,100,899600,11:09:44
8998,100,899800,11:09:43
8996,600,5397600,11:09:43
8997,1400,12595800,11:09:43
8998,100,899800,11:09:42
8999,200,1799800,11:09:42
8997,200,1799400,11:09:41
8998,100,899800,11:09:41
8996,2300,20690800,11:09:39
8996,400,3598400,11:09:39
8997,100,899700,11:09:39
8997,100,899700,11:09:39
8997,100,899700,11:09:39
8997,100,899700,11:09:39
8996,100,899600,11:09:38
8996,100,899600,11:09:38
8996,100,899600,11:09:38
8997,400,3598800,11:09:36
8997,800,7197600,11:09:36
8998,100,899800,11:09:36
8996,100,899600,11:09:35
8996,100,899600,11:09:34
8996,100,899600,11:09:34
8995,100,899500,11:09:34
8993,100,899300,11:09:34
8993,100,899300,11:09:34
8993,100,899300,11:09:34
8993,100,899300,11:09:34
8993,100,899300,11:09:34
8993,200,1798600,11:09:34
8993,300,2697900,11:09:34
8993,200,1798600,11:09:34
8993,100,899300,11:09:34
8993,100,899300,11:09:34
8994,100,899400,11:09:34
8995,200,1799000,11:09:34
8995,100,899500,11:09:34
8995,100,899500,11:09:34
8995,100,899500,11:09:34
8996,100,899600,11:09:34
8997,200,1799400,11:09:33
8998,800,7198400,11:09:33
8999,1800,16198200,11:09:33
9000,1000,9000000,11:09:33
9000,100,900000,11:09:32
9000,100,900000,11:09:32
9001,100,900100,11:09:32
9001,200,1800200,11:09:31
9000,100,900000,11:09:31
9000,100,900000,11:09:31
9000,400,3600000,11:09:30
9000,100,900000,11:09:30
9000,100,900000,11:09:30
9000,100,900000,11:09:30
9000,100,900000,11:09:30
9000,100,900000,11:09:30
9000,300,2700000,11:09:30
9001,700,6300700,11:09:30
9001,200,1800200,11:09:30
9002,200,1800400,11:09:30
9002,100,900200,11:09:29
9002,100,900200,11:09:29
9002,100,900200,11:09:29
9003,500,4501500,11:09:28
9004,200,1800800,11:09:27
9004,600,5402400,11:09:26
9004,100,900400,11:09:26
9005,100,900500,11:09:26
9005,100,900500,11:09:25
9005,100,900500,11:09:24
9007,100,900700,11:09:19
9007,200,1801400,11:09:17
9007,200,1801400,11:09:17
9007,200,1801400,11:09:17
9006,100,900600,11:09:16
9004,400,3601600,11:09:13
9005,100,900500,11:09:13
9005,100,900500,11:09:11
9005,100,900500,11:09:09
9005,100,900500,11:09:09
9005,100,900500,11:09:08
9004,100,900400,11:09:05
9005,100,900500,11:09:01
9006,100,900600,11:08:58
9004,100,900400,11:08:57
9004,100,900400,11:08:57
9003,400,3601200,11:08:54
9004,500,4502000,11:08:54
9005,100,900500,11:08:54
9004,100,900400,11:08:51
9005,800,7204000,11:08:51
9005,100,900500,11:08:51
9006,200,1801200,11:08:49
9006,200,1801200,11:08:49
9006,100,900600,11:08:47
9006,100,900600,11:08:45
9007,100,900700,11:08:42
9006,100,900600,11:08:38
9006,100,900600,11:08:37
9007,100,900700,11:08:34
9006,100,900600,11:08:33
9007,100,900700,11:08:32
9006,100,900600,11:08:28
9007,700,6304900,11:08:28
9008,1200,10809600,11:08:28
9008,200,1801600,11:08:27
9009,500,4504500,11:08:27
9010,2400,21624000,11:08:27
9011,600,5406600,11:08:25
9011,100,901100,11:08:22
9012,200,1802400,11:08:22
9012,100,901200,11:08:22
9012,100,901200,11:08:22
9013,100,901300,11:08:21
9015,500,4507500,11:08:19
9014,700,6309800,11:08:19
9013,300,2703900,11:08:19
9015,200,1803000,11:08:17
9015,1300,11719500,11:08:17
9014,400,3605600,11:08:17
9014,100,901400,11:08:17
9014,100,901400,11:08:17
9014,100,901400,11:08:17
9013,200,1802600,11:08:17
9012,100,901200,11:08:17
9011,400,3604400,11:08:14
9011,600,5406600,11:08:14
9011,100,901100,11:08:14
9012,300,2703600,11:08:14
9012,100,901200,11:08:10
9012,100,901200,11:08:10
9013,100,901300,11:08:06
9013,200,1802600,11:08:06
9013,200,1802600,11:08:06
9013,200,1802600,11:08:06
9013,200,1802600,11:08:06
9012,100,901200,11:08:03
9012,100,901200,11:08:00
9012,200,1802400,11:07:59
9012,1100,9913200,11:07:53
9010,100,901000,11:07:49
9011,200,1802200,11:07:49
9011,100,901100,11:07:49
9011,100,901100,11:07:44
9011,100,901100,11:07:40
9011,200,1802200,11:07:35
9010,200,1802000,11:07:35
9010,100,901000,11:07:35
9011,100,901100,11:07:35
9010,800,7208000,11:07:35
9010,600,5406000,11:07:31
9010,100,901000,11:07:31
9010,100,901000,11:07:31
9010,100,901000,11:07:30
9010,100,901000,11:07:30
9011,500,4505500,11:07:29
9012,600,5407200,11:07:29
9013,100,901300,11:07:29
9013,100,901300,11:07:28
9013,100,901300,11:07:28
9013,100,901300,11:07:28
9013,100,901300,11:07:28
9013,100,901300,11:07:20
9013,100,901300,11:07:20
9014,100,901400,11:07:15
9013,100,901300,11:07:14
9013,200,1802600,11:07:07
9012,500,4506000,11:07:02
9013,100,901300,11:07:00
9014,800,7211200,11:06:59
9013,300,2703900,11:06:59
9013,400,3605200,11:06:59
9013,500,4506500,11:06:59
9015,100,901500,11:06:52
9015,800,7212000,11:06:50
9014,300,2704200,11:06:50
9013,100,901300,11:06:49
9014,200,1802800,11:06:49
9015,600,5409000,11:06:48
9015,100,901500,11:06:48
9015,100,901500,11:06:48
9016,100,901600,11:06:46
9015,100,901500,11:06:38
9017,800,7213600,11:06:38
9016,200,1803200,11:06:36
9016,100,901600,11:06:36
9016,100,901600,11:06:36
9017,400,3606800,11:06:30
9015,1400,12621000,11:06:28
9016,200,1803200,11:06:28
9017,200,1803400,11:06:28
9018,100,901800,11:06:24
9017,100,901700,11:06:23
9017,100,901700,11:06:22
9017,100,901700,11:06:22
9017,200,1803400,11:06:22
9016,100,901600,11:06:22
9017,100,901700,11:06:21
9016,800,7212800,11:06:21
9014,500,4507000,11:06:20
9015,500,4507500,11:06:20
9015,100,901500,11:06:17
9015,300,2704500,11:06:15
9015,100,901500,11:06:14
9015,700,6310500,11:06:13
9014,100,901400,11:06:12
9013,200,1802600,11:06:10
9014,100,901400,11:06:10
9015,200,1803000,11:06:06
9015,100,901500,11:06:06
9014,100,901400,11:06:03
9016,300,2704800,11:06:02
9016,100,901600,11:05:57
9015,100,901500,11:05:56
9013,100,901300,11:05:55
9015,1300,11719500,11:05:54
9014,700,6309800,11:05:54
9014,100,901400,11:05:53
9013,100,901300,11:05:53
9013,300,2703900,11:05:52
9013,100,901300,11:05:52
9014,100,901400,11:05:52
9014,200,1802800,11:05:52
9015,700,6310500,11:05:52
9015,100,901500,11:05:52
9015,100,901500,11:05:52
9015,800,7212000,11:05:52
9015,9400,84741000,11:05:52
9019,900,8117100,11:05:45
9018,1400,12625200,11:05:45
9017,400,3606800,11:05:45
9016,300,2704800,11:05:45
9015,100,901500,11:05:44
9016,200,1803200,11:05:40
9016,300,2704800,11:05:38
9017,1100,9918700,11:05:38
9018,100,901800,11:05:37
9018,900,8116200,11:05:33
9017,300,2705100,11:05:28
9017,100,901700,11:05:28
9016,100,901600,11:05:28
9015,200,1803000,11:05:21
9012,100,901200,11:05:20
9013,200,1802600,11:05:19
9014,300,2704200,11:05:19
9016,100,901600,11:05:14
9015,200,1803000,11:05:14
9013,100,901300,11:05:14
9012,100,901200,11:05:13
9013,100,901300,11:05:12
9013,100,901300,11:05:12
9012,100,901200,11:05:12
9011,100,901100,11:05:08
9010,200,1802000,11:05:07
9013,100,901300,11:05:07
9010,100,901000,11:05:06
9011,100,901100,11:05:06
9013,200,1802600,11:05:06
9012,100,901200,11:05:06
9012,100,901200,11:05:04
9012,100,901200,11:05:03
9012,200,1802400,11:05:03
9011,100,901100,11:05:03
9009,700,6306300,11:05:03
9010,2800,25228000,11:05:03
9011,1500,13516500,11:05:03
9012,1200,10814400,11:05:03
9013,800,7210400,11:05:03
9014,100,901400,11:05:03
9015,300,2704500,11:05:03
9015,100,901500,11:05:03
9016,400,3606400,11:05:02
9018,600,5410800,11:05:00
9018,200,1803600,11:05:00
9018,300,2705400,11:05:00
9017,200,1803400,11:05:00
9018,400,3607200,11:05:00
9018,100,901800,11:05:00
9019,200,1803800,11:04:59
9019,200,1803800,11:04:59
9020,100,902000,11:04:59
9020,400,3608000,11:04:56
9021,100,902100,11:04:54
9021,1700,15335700,11:04:54
9021,500,4510500,11:04:54
9021,1100,9923100,11:04:54
9021,200,1804200,11:04:54
9021,500,4510500,11:04:54
9022,100,902200,11:04:54
9021,100,902100,11:04:53
9022,100,902200,11:04:52
9022,100,902200,11:04:50
9023,500,4511500,11:04:49
9021,200,1804200,11:04:49
9021,200,1804200,11:04:49
9021,200,1804200,11:04:49
9022,500,4511000,11:04:49
9022,1200,10826400,11:04:49
9023,100,902300,11:04:49
9023,800,7218400,11:04:49
9023,100,902300,11:04:47
9023,300,2706900,11:04:47
9022,100,902200,11:04:45
9023,100,902300,11:04:44
9023,200,1804600,11:04:43
9022,200,1804400,11:04:42
9023,100,902300,11:04:41
9022,100,902200,11:04:40
9022,100,902200,11:04:40
9022,100,902200,11:04:37
9022,100,902200,11:04:37
9022,300,2706600,11:04:37
9023,100,902300,11:04:36
9022,500,4511000,11:04:35
9022,100,902200,11:04:35
9023,100,902300,11:04:34
9022,100,902200,11:04:32
9022,100,902200,11:04:31
9021,100,902100,11:04:31
9019,300,2705700,11:04:31
9020,500,4510000,11:04:31
9021,200,1804200,11:04:31
9020,2000,18040000,11:04:30
9021,900,8118900,11:04:30
9022,100,902200,11:04:30
9023,100,902300,11:04:30
9022,100,902200,11:04:30
9022,1800,16239600,11:04:30
9021,200,1804200,11:04:30
9020,200,1804000,11:04:29
9021,100,902100,11:04:29
9021,100,902100,11:04:29
9021,100,902100,11:04:28
9020,100,902000,11:04:28
9020,300,2706000,11:04:25
9020,100,902000,11:04:25
9021,100,902100,11:04:25
9021,100,902100,11:04:25
9021,100,902100,11:04:25
9020,100,902000,11:04:25
9020,100,902000,11:04:25
9020,100,902000,11:04:25
9020,100,902000,11:04:24
9018,100,901800,11:04:24
9020,100,902000,11:04:24
9020,300,2706000,11:04:24
9019,200,1803800,11:04:24
9019,100,901900,11:04:24
9019,100,901900,11:04:24
9020,100,902000,11:04:24
9021,100,902100,11:04:24
9021,1000,9021000,11:04:24
9020,300,2706000,11:04:24
9020,12100,109142000,11:04:24
9020,400,3608000,11:04:24
9020,800,7216000,11:04:24
9020,800,7216000,11:04:24
9020,1000,9020000,11:04:24
9020,7300,65846000,11:04:24
9019,5900,53212100,11:04:24
9018,1900,17134200,11:04:24
9018,100,901800,11:04:24
9017,100,901700,11:04:23
9017,100,901700,11:04:23
9017,100,901700,11:04:22
9017,100,901700,11:04:20
9016,1000,9016000,11:04:19
9016,300,2704800,11:04:16
9016,100,901600,11:04:15
9017,100,901700,11:04:15
9016,100,901600,11:04:13
9016,100,901600,11:04:13
9016,100,901600,11:04:12
9015,100,901500,11:04:11
9015,100,901500,11:04:10
9015,200,1803000,11:04:06
9015,400,3606000,11:04:06
9017,100,901700,11:04:06
9018,100,901800,11:04:05
9018,100,901800,11:04:05
9017,100,901700,11:04:04
9016,100,901600,11:04:04
9016,100,901600,11:04:04
9016,100,901600,11:04:04
9016,100,901600,11:04:04
9016,100,901600,11:04:04
9018,100,901800,11:04:04
9017,400,3606800,11:04:04
9017,100,901700,11:04:04
9016,100,901600,11:04:04
9017,100,901700,11:04:04
9017,900,8115300,11:04:04
9016,1000,9016000,11:04:04
9016,600,5409600,11:04:04
9016,900,8114400,11:04:04
9015,4300,38764500,11:04:04
9015,4600,41469000,11:04:04
9014,1100,9915400,11:04:04
9014,400,3605600,11:04:01
9013,1000,9013000,11:04:00
9013,100,901300,11:04:00
9013,200,1802600,11:03:58
9012,100,901200,11:03:56
9013,200,1802600,11:03:55
9013,100,901300,11:03:51
9014,100,901400,11:03:49
9014,300,2704200,11:03:48
9013,100,901300,11:03:41
9013,100,901300,11:03:39
9012,1000,9012000,11:03:38
9011,100,901100,11:03:36
9014,100,901400,11:03:36
9013,200,1802600,11:03:36
9013,100,901300,11:03:34
9013,100,901300,11:03:34
9011,100,901100,11:03:33
9013,300,2703900,11:03:32
9012,200,1802400,11:03:32
9011,100,901100,11:03:32
9009,100,900900,11:03:28
9009,200,1801800,11:03:28
9010,100,901000,11:03:28
9010,100,901000,11:03:28
9012,200,1802400,11:03:26
9012,100,901200,11:03:25
9012,200,1802400,11:03:23
9012,100,901200,11:03:23
9012,100,901200,11:03:23
9012,200,1802400,11:03:20
9010,100,901000,11:03:20
9011,300,2703300,11:03:20
9010,100,901000,11:03:20
9010,100,901000,11:03:20
9010,100,901000,11:03:19
9010,100,901000,11:03:19
9010,1100,9911000,11:03:19
9009,100,900900,11:03:18
9008,300,2702400,11:03:18
9008,200,1801600,11:03:16
9007,200,1801400,11:03:13
9006,200,1801200,11:03:09
9008,100,900800,11:03:08
9007,100,900700,11:03:08
9007,100,900700,11:03:08
9006,100,900600,11:03:06
9005,500,4502500,11:03:05
9005,100,900500,11:03:04
9005,400,3602000,11:03:03
9004,100,900400,11:03:02
9006,100,900600,11:03:00
9005,100,900500,11:03:00
9004,200,1800800,11:03:00
9004,100,900400,11:03:00
9003,200,1800600,11:03:00
9002,100,900200,11:03:00
9003,100,900300,11:02:59
9003,200,1800600,11:02:53
9003,100,900300,11:02:53
9004,500,4502000,11:02:52
9005,1500,13507500,11:02:52
9005,100,900500,11:02:49
9005,100,900500,11:02:48
9005,100,900500,11:02:48
9005,100,900500,11:02:48
9006,700,6304200,11:02:48
9007,100,900700,11:02:48
9007,200,1801400,11:02:48
9007,200,1801400,11:02:48
9007,200,1801400,11:02:46
9008,300,2702400,11:02:46
9008,100,900800,11:02:45
9009,100,900900,11:02:42
9010,200,1802000,11:02:41
9008,100,900800,11:02:38
9008,200,1801600,11:02:38
9009,100,900900,11:02:38
9009,100,900900,11:02:38
9009,100,900900,11:02:38
9010,300,2703000,11:02:36
9010,200,1802000,11:02:36
9010,300,2703000,11:02:36
9010,100,901000,11:02:35
9012,800,7209600,11:02:28
9011,200,1802200,11:02:28
9010,100,901000,11:02:28
9011,300,2703300,11:02:26
9012,100,901200,11:02:21
9013,100,901300,11:02:20
9011,200,1802200,11:02:20
9012,800,7209600,11:02:20
9013,100,901300,11:02:20
9012,100,901200,11:02:18
9012,100,901200,11:02:18
9014,200,1802800,11:02:15
9013,100,901300,11:02:11
9012,200,1802400,11:02:10
9012,500,4506000,11:02:10
9010,100,901000,11:02:01
9011,200,1802200,11:02:01
9011,100,901100,11:02:01
9011,100,901100,11:02:00
9011,200,1802200,11:02:00
9010,100,901000,11:01:58
9012,300,2703600,11:01:56
9012,300,2703600,11:01:55
9012,200,1802400,11:01:53
9012,100,901200,11:01:51
9012,100,901200,11:01:47
9013,600,5407800,11:01:46
9012,200,1802400,11:01:45
9011,200,1802200,11:01:45
9010,100,901000,11:01:43
9011,100,901100,11:01:40
9012,500,4506000,11:01:40
9011,400,3604400,11:01:40
9010,6000,54060000,11:01:40
9010,2200,19822000,11:01:40
9009,300,2702700,11:01:40
9008,100,900800,11:01:40
9007,100,900700,11:01:40
9006,200,1801200,11:01:38
9006,100,900600,11:01:36
9005,100,900500,11:01:34
9006,300,2701800,11:01:34
9006,100,900600,11:01:32
9007,300,2702100,11:01:31
9008,600,5404800,11:01:31
9009,100,900900,11:01:30
9009,200,1801800,11:01:30
9011,100,901100,11:01:30
9010,100,901000,11:01:30
9009,100,900900,11:01:30
9011,100,901100,11:01:24
9010,200,1802000,11:01:22
9010,200,1802000,11:01:20
9011,400,3604400,11:01:19
9011,100,901100,11:01:19
9009,100,900900,11:01:19
9009,100,900900,11:01:19
9009,100,900900,11:01:19
9010,2200,19822000,11:01:19
9009,200,1801800,11:01:19
9008,200,1801600,11:01:19
9008,200,1801600,11:01:19
9008,300,2702400,11:01:19
9008,600,5404800,11:01:19
9008,100,900800,11:01:18
9008,500,4504000,11:01:18
9008,400,3603200,11:01:18
9009,100,900900,11:01:18
9008,100,900800,11:01:17
9009,100,900900,11:01:16
9009,400,3603600,11:01:07
9009,200,1801800,11:01:07
9007,100,900700,11:01:03
9007,100,900700,11:01:03
9007,100,900700,11:01:03
9007,100,900700,11:01:03
9009,100,900900,11:01:03
9009,300,2702700,11:01:00
9007,100,900700,11:00:55
9008,100,900800,11:00:55
9008,100,900800,11:00:55
9009,100,900900,11:00:55
9008,200,1801600,11:00:52
9009,100,900900,11:00:52
9010,100,901000,11:00:51
9009,200,1801800,11:00:51
9011,400,3604400,11:00:51
9010,500,4505000,11:00:51
9008,400,3603200,11:00:50
9010,100,901000,11:00:50
9007,100,900700,11:00:49
9009,100,900900,11:00:49
9008,600,5404800,11:00:49
9010,100,901000,11:00:49
9010,100,901000,11:00:49
9009,100,900900,11:00:48
9009,600,5405400,11:00:48
9009,400,3603600,11:00:47
9009,300,2702700,11:00:47
9010,200,1802000,11:00:47
9010,100,901000,11:00:47
9011,600,5406600,11:00:47
9010,400,3604000,11:00:47
9009,100,900900,11:00:46
9009,100,900900,11:00:46
9008,100,900800,11:00:46
9011,100,901100,11:00:45
9010,100,901000,11:00:45
9010,100,901000,11:00:45
9012,100,901200,11:00:45
9012,4300,38751600,11:00:45
9011,1200,10813200,11:00:45
9010,1800,16218000,11:00:45
9007,100,900700,11:00:44
9008,100,900800,11:00:44
9008,200,1801600,11:00:44
9006,100,900600,11:00:43
9006,200,1801200,11:00:43
9007,100,900700,11:00:43
9007,100,900700,11:00:43
9006,500,4503000,11:00:43
9006,500,4503000,11:00:43
9005,600,5403000,11:00:41
9006,200,1801200,11:00:41
9006,200,1801200,11:00:40
9006,300,2701800,11:00:40
9007,100,900700,11:00:39
9007,400,3602800,11:00:39
9008,100,900800,11:00:39
9006,100,900600,11:00:39
9007,100,900700,11:00:38
9006,600,5403600,11:00:38
9007,100,900700,11:00:38
9008,100,900800,11:00:38
9007,200,1801400,11:00:38
9008,1300,11710400,11:00:38
9006,100,900600,11:00:38
9007,100,900700,11:00:37
9006,200,1801200,11:00:37
9007,100,900700,11:00:36
9006,100,900600,11:00:36
9007,100,900700,11:00:36
9006,200,1801200,11:00:35
9006,100,900600,11:00:32
9006,100,900600,11:00:31
9006,100,900600,11:00:30
9007,100,900700,11:00:29
9004,100,900400,11:00:28
9005,900,8104500,11:00:28
9005,100,900500,11:00:28
9004,100,900400,11:00:27
9005,100,900500,11:00:27
9005,100,900500,11:00:27
9005,600,5403000,11:00:27
9006,200,1801200,11:00:27
9007,100,900700,11:00:26
9005,300,2701500,11:00:26
9006,400,3602400,11:00:26
9006,100,900600,11:00:25
9007,100,900700,11:00:24
9008,300,2702400,11:00:23
9007,1100,9907700,11:00:23
9007,100,900700,11:00:23
9006,100,900600,11:00:23
9006,100,900600,11:00:22
9004,100,900400,11:00:21
9005,200,1801000,11:00:19
9006,300,2701800,11:00:19
9005,100,900500,11:00:15
9004,100,900400,11:00:14
9004,500,4502000,11:00:14
9006,100,900600,11:00:13
9006,100,900600,11:00:13
9005,300,2701500,11:00:11
9005,100,900500,11:00:11
9005,100,900500,11:00:11
9006,100,900600,11:00:10
9005,400,3602000,11:00:10
9005,700,6303500,11:00:10
9006,100,900600,11:00:10
9005,100,900500,11:00:08
9007,100,900700,11:00:07
9005,100,900500,11:00:07
9005,200,1801000,11:00:06
9006,500,4503000,11:00:06
9007,300,2702100,11:00:06
9008,100,900800,11:00:05
9010,100,901000,11:00:04
9009,200,1801800,11:00:03
9009,200,1801800,11:00:02
9008,300,2702400,11:00:02
9007,100,900700,11:00:00
9006,1100,9906600,11:00:00
9008,200,1801600,11:00:00
9007,200,1801400,11:00:00
9007,100,900700,10:59:56
9008,100,900800,10:59:55
9007,100,900700,10:59:53
9007,600,5404200,10:59:48
9006,100,900600,10:59:46
9006,100,900600,10:59:45
9006,100,900600,10:59:45
9007,300,2702100,10:59:41
9007,100,900700,10:59:38
9007,400,3602800,10:59:37
9008,1800,16214400,10:59:37
9009,300,2702700,10:59:37
9011,100,901100,10:59:37
9011,100,901100,10:59:33
9010,100,901000,10:59:30
9010,1300,11713000,10:59:26
9010,100,901000,10:59:26
9010,100,901000,10:59:26
9009,400,3603600,10:59:24
9008,700,6305600,10:59:24
9006,200,1801200,10:59:22
9008,200,1801600,10:59:17
9008,100,900800,10:59:15
9008,100,900800,10:59:14
9007,400,3602800,10:59:14
9006,100,900600,10:59:14
9006,100,900600,10:59:09
9007,100,900700,10:59:06
9009,500,4504500,10:59:04
9007,500,4503500,10:59:04
9009,100,900900,10:59:04
9007,300,2702100,10:59:04
9008,100,900800,10:59:04
9010,100,901000,10:59:02
9010,900,8109000,10:59:02
9009,100,900900,10:59:01
9010,100,901000,10:59:01
9010,100,901000,10:59:00
9008,100,900800,10:58:59
9009,100,900900,10:58:58
9009,100,900900,10:58:58
9009,200,1801800,10:58:58
9009,100,900900,10:58:58
9009,100,900900,10:58:58
9009,100,900900,10:58:55
9009,100,900900,10:58:55
9011,100,901100,10:58:51
9010,100,901000,10:58:48
9010,200,1802000,10:58:47
9010,100,901000,10:58:46
9008,500,4504000,10:58:44
9009,500,4504500,10:58:44
9010,100,901000,10:58:43
9010,100,901000,10:58:43
9010,100,901000,10:58:41
9010,100,901000,10:58:40
9011,100,901100,10:58:40
9011,300,2703300,10:58:39
9011,1000,9011000,10:58:39
9011,100,901100,10:58:35
9011,100,901100,10:58:35
9013,400,3605200,10:58:31
9012,300,2703600,10:58:31
9011,100,901100,10:58:30
9012,100,901200,10:58:30
9011,100,901100,10:58:30
9012,200,1802400,10:58:28
9012,100,901200,10:58:28
9011,100,901100,10:58:27
9011,300,2703300,10:58:20
9009,100,900900,10:58:17
9010,100,901000,10:58:17
9009,400,3603600,10:58:15
9009,100,900900,10:58:12
9010,300,2703000,10:58:12
9010,100,901000,10:58:12
9010,1100,9911000,10:58:12
9010,100,901000,10:58:12
9011,200,1802200,10:58:12
9011,100,901100,10:58:10
9011,100,901100,10:58:08
9011,100,901100,10:58:04
9013,100,901300,10:58:02
9013,100,901300,10:58:02
9012,100,901200,10:58:01
9012,300,2703600,10:58:01
9013,100,901300,10:58:01
9013,200,1802600,10:58:01
9014,200,1802800,10:58:00
9015,100,901500,10:58:00
9015,700,6310500,10:58:00
9015,400,3606000,10:58:00
9015,200,1803000,10:58:00
9015,300,2704500,10:58:00
9015,700,6310500,10:58:00
9014,400,3605600,10:58:00
9013,900,8111700,10:57:55
9011,100,901100,10:57:54
9013,100,901300,10:57:54
9012,100,901200,10:57:54
9012,100,901200,10:57:51
9012,100,901200,10:57:51
9012,100,901200,10:57:51
9012,100,901200,10:57:51
9012,700,6308400,10:57:51
9012,100,901200,10:57:51
9013,1100,9914300,10:57:51
9013,100,901300,10:57:51
9013,400,3605200,10:57:51
9013,200,1802600,10:57:51
9014,100,901400,10:57:46
9015,1500,13522500,10:57:46
9014,100,901400,10:57:46
9014,100,901400,10:57:45
9015,500,4507500,10:57:44
9014,500,4507000,10:57:43
9014,400,3605600,10:57:43
9013,100,901300,10:57:42
9013,100,901300,10:57:40
9014,900,8112600,10:57:40
9014,100,901400,10:57:37
9012,400,3604800,10:57:37
9013,100,901300,10:57:37
9013,100,901300,10:57:37
9013,200,1802600,10:57:30
9013,300,2703900,10:57:30
9012,200,1802400,10:57:29
9013,500,4506500,10:57:29
9013,100,901300,10:57:28
9014,100,901400,10:57:27
9013,100,901300,10:57:26
9014,100,901400,10:57:26
9012,100,901200,10:57:24
9013,200,1802600,10:57:24
9014,100,901400,10:57:20
9013,300,2703900,10:57:20
9012,100,901200,10:57:19
9011,100,901100,10:57:19
9011,800,7208800,10:57:19
9012,200,1802400,10:57:19
9012,100,901200,10:57:17
9012,900,8110800,10:57:14
9013,100,901300,10:57:14
9012,100,901200,10:57:09
9013,100,901300,10:57:09
9013,100,901300,10:57:09
9013,100,901300,10:57:08
9013,100,901300,10:57:08
9014,700,6309800,10:57:08
9012,100,901200,10:57:05
9013,100,901300,10:57:05
9014,200,1802800,10:57:00
9014,200,1802800,10:57:00
9012,100,901200,10:56:58
9013,600,5407800,10:56:58
9013,100,901300,10:56:58
9013,100,901300,10:56:56
9011,100,901100,10:56:55
9011,100,901100,10:56:54
9012,200,1802400,10:56:54
9012,100,901200,10:56:54
9011,100,901100,10:56:54
9011,300,2703300,10:56:54
9011,100,901100,10:56:54
9011,200,1802200,10:56:54
9010,2200,19822000,10:56:54
9009,200,1801800,10:56:51
9010,2300,20723000,10:56:49
9009,100,900900,10:56:47
9010,100,901000,10:56:47
9009,100,900900,10:56:47
9009,100,900900,10:56:43
9008,100,900800,10:56:42
9008,100,900800,10:56:42
9008,800,7206400,10:56:42
9009,100,900900,10:56:42
9009,100,900900,10:56:36
9009,300,2702700,10:56:35
9008,100,900800,10:56:34
9010,100,901000,10:56:32
9010,100,901000,10:56:32
9010,100,901000,10:56:31
9008,100,900800,10:56:25
9007,100,900700,10:56:15
9009,700,6306300,10:56:15
9007,100,900700,10:56:14
9008,100,900800,10:56:14
9007,200,1801400,10:56:14
9008,700,6305600,10:56:13
9007,100,900700,10:56:13
9006,100,900600,10:56:13
9007,100,900700,10:56:07
9006,100,900600,10:56:07
9006,100,900600,10:56:04
9007,600,5404200,10:56:04
9007,100,900700,10:56:04
9007,100,900700,10:56:01
9006,100,900600,10:56:00
9006,100,900600,10:55:59
9007,500,4503500,10:55:59
9008,100,900800,10:55:58
9008,200,1801600,10:55:58
9009,300,2702700,10:55:58
9009,100,900900,10:55:58
9009,100,900900,10:55:58
9009,100,900900,10:55:58
9009,100,900900,10:55:58
9010,300,2703000,10:55:57
9010,500,4505000,10:55:57
9010,500,4505000,10:55:57
9011,100,901100,10:55:57
9011,2700,24329700,10:55:57
9013,100,901300,10:55:56
9012,200,1802400,10:55:56
9013,100,901300,10:55:56
9014,100,901400,10:55:56
9013,200,1802600,10:55:54
9014,200,1802800,10:55:52
9014,100,901400,10:55:52
9013,1300,11716900,10:55:52
9013,100,901300,10:55:52
9013,100,901300,10:55:47
9012,500,4506000,10:55:45
9011,200,1802200,10:55:45
9011,100,901100,10:55:45
9012,200,1802400,10:55:45
9012,100,901200,10:55:43
9013,100,901300,10:55:42
9012,100,901200,10:55:42
9013,100,901300,10:55:39
9013,100,901300,10:55:39
9012,1200,10814400,10:55:39
9012,100,901200,10:55:39
9011,100,901100,10:55:38
9012,200,1802400,10:55:38
9011,100,901100,10:55:38
9012,100,901200,10:55:38
9011,3100,27934100,10:55:38
9012,100,901200,10:55:35
9011,200,1802200,10:55:35
9010,100,901000,10:55:33
9010,100,901000,10:55:32
9010,100,901000,10:55:32
9010,100,901000,10:55:31
9012,100,901200,10:55:31
9011,100,901100,10:55:31
9009,100,900900,10:55:29
9009,100,900900,10:55:28
9010,100,901000,10:55:28
9008,300,2702400,10:55:25
9009,100,900900,10:55:25
9008,200,1801600,10:55:25
9009,100,900900,10:55:22
9009,100,900900,10:55:22
9010,600,5406000,10:55:20
9011,200,1802200,10:55:20
9013,100,901300,10:55:19
9012,100,901200,10:55:18
9012,100,901200,10:55:18
9010,100,901000,10:55:17
9011,300,2703300,10:55:15
9010,100,901000,10:55:13
9011,200,1802200,10:55:13
9012,100,901200,10:55:13
9013,600,5407800,10:55:13
9014,300,2704200,10:55:13
9014,100,901400,10:55:12
9014,100,901400,10:55:12
9014,200,1802800,10:55:11
9014,100,901400,10:55:11
9015,100,901500,10:55:11
9015,100,901500,10:55:11
9015,2400,21636000,10:55:11
9015,1500,13522500,10:55:11
9015,200,1803000,10:55:11
9015,100,901500,10:55:11
9014,600,5408400,10:55:11
9013,100,901300,10:55:11
9011,200,1802200,10:55:11
9013,100,901300,10:55:08
9013,100,901300,10:55:08
9011,100,901100,10:55:07
9013,100,901300,10:55:07
9013,200,1802600,10:55:07
9012,600,5407200,10:55:07
9012,100,901200,10:55:07
9012,300,2703600,10:55:07
9011,600,5406600,10:55:07
9010,4500,40545000,10:55:07
9009,100,900900,10:55:07
9008,1000,9008000,10:55:07
9007,100,900700,10:55:06
9007,100,900700,10:55:06
9006,100,900600,10:55:05
9007,100,900700,10:55:05
9007,100,900700,10:55:04
9006,600,5403600,10:55:02
9004,200,1800800,10:55:01
9006,400,3602400,10:55:01
9005,100,900500,10:55:01
9004,100,900400,10:55:00
9003,100,900300,10:54:59
9003,100,900300,10:54:58
9004,100,900400,10:54:58
9004,100,900400,10:54:58
9003,100,900300,10:54:58
9003,100,900300,10:54:58
9002,100,900200,10:54:55
9003,100,900300,10:54:55
9003,100,900300,10:54:55
9003,100,900300,10:54:55
9004,100,900400,10:54:50
9003,200,1800600,10:54:50
9007,100,900700,10:54:47
9005,100,900500,10:54:47
9005,100,900500,10:54:47
9004,100,900400,10:54:45
9004,100,900400,10:54:42
9005,200,1801000,10:54:40
9005,100,900500,10:54:40
9006,100,900600,10:54:38
9006,100,900600,10:54:38
9006,400,3602400,10:54:38
9006,100,900600,10:54:37
9005,100,900500,10:54:33
9006,200,1801200,10:54:33
9006,100,900600,10:54:33
9006,100,900600,10:54:32
9009,200,1801800,10:54:32
9008,300,2702400,10:54:32
9005,300,2701500,10:54:30
9006,100,900600,10:54:30
9006,300,2701800,10:54:30
9006,100,900600,10:54:29
9007,400,3602800,10:54:29
9007,200,1801400,10:54:29
9007,100,900700,10:54:25
9008,200,1801600,10:54:24
9008,700,6305600,10:54:24
9008,100,900800,10:54:24
9007,100,900700,10:54:22
9007,100,900700,10:54:21
9007,400,3602800,10:54:21
9008,100,900800,10:54:20
9007,200,1801400,10:54:19
9006,200,1801200,10:54:19
9005,100,900500,10:54:19
9005,100,900500,10:54:19
9005,100,900500,10:54:19
9005,100,900500,10:54:19
9005,100,900500,10:54:19
9005,100,900500,10:54:19
9004,200,1800800,10:54:19
9005,100,900500,10:54:19
9004,500,4502000,10:54:19
9005,100,900500,10:54:17
9003,400,3601200,10:54:15
9004,200,1800800,10:54:14
9006,100,900600,10:54:13
9004,100,900400,10:54:12
9005,800,7204000,10:54:12
9007,400,3602800,10:54:11
9007,500,4503500,10:54:11
9006,100,900600,10:54:11
9007,100,900700,10:54:09
9006,200,1801200,10:54:09
9006,100,900600,10:54:09
9006,200,1801200,10:54:09
9006,700,6304200,10:54:09
9006,100,900600,10:54:08
9009,600,5405400,10:54:07
9008,200,1801600,10:54:07
9007,400,3602800,10:54:07
9006,100,900600,10:54:07
9005,100,900500,10:54:06
9007,100,900700,10:54:06
9006,100,900600,10:54:04
9005,100,900500,10:54:03
9005,100,900500,10:54:02
9007,900,8106300,10:54:01
9006,100,900600,10:54:01
9005,100,900500,10:53:58
9005,100,900500,10:53:58
9005,100,900500,10:53:58
9005,100,900500,10:53:58
9006,100,900600,10:53:58
9006,100,900600,10:53:58
9006,300,2701800,10:53:56
9008,100,900800,10:53:56
9007,200,1801400,10:53:56
9006,100,900600,10:53:56
9006,100,900600,10:53:56
9005,200,1801000,10:53:56
9006,1400,12608400,10:53:56
9008,100,900800,10:53:54
9008,500,4504000,10:53:54
9009,300,2702700,10:53:53
9009,400,3603600,10:53:53
9010,100,901000,10:53:53
9009,100,900900,10:53:52
9010,100,901000,10:53:52
9009,100,900900,10:53:51
9009,300,2702700,10:53:51
9009,100,900900,10:53:50
9009,100,900900,10:53:49
9009,200,1801800,10:53:48
9009,100,900900,10:53:47
9010,200,1802000,10:53:46
9010,100,901000,10:53:46
9010,200,1802000,10:53:46
9012,400,3604800,10:53:43
9011,100,901100,10:53:43
9011,100,901100,10:53:40
9011,200,1802200,10:53:40
9012,300,2703600,10:53:39
9013,200,1802600,10:53:39
9013,100,901300,10:53:36
9014,200,1802800,10:53:36
9014,100,901400,10:53:36
9014,100,901400,10:53:36
9014,400,3605600,10:53:36
9014,600,5408400,10:53:36
9014,200,1802800,10:53:36
9015,200,1803000,10:53:32
9015,100,901500,10:53:31
9015,2000,18030000,10:53:30
9014,100,901400,10:53:30
9014,100,901400,10:53:30
9014,100,901400,10:53:30
9014,700,6309800,10:53:28
9013,100,901300,10:53:28
9012,100,901200,10:53:27
9014,100,901400,10:53:27
9013,600,5407800,10:53:27
9013,100,901300,10:53:27
9012,100,901200,10:53:25
9010,100,901000,10:53:24
9011,100,901100,10:53:23
9011,900,8109900,10:53:23
9011,100,901100,10:53:23
9011,100,901100,10:53:22
9012,100,901200,10:53:21
9012,400,3604800,10:53:21
9012,100,901200,10:53:21
9012,100,901200,10:53:20
9010,300,2703000,10:53:19
9012,400,3604800,10:53:17
9011,100,901100,10:53:17
9010,200,1802000,10:53:17
9010,400,3604000,10:53:16
9010,300,2703000,10:53:16
9011,100,901100,10:53:15
9012,200,1802400,10:53:15
9012,400,3604800,10:53:15
9012,200,1802400,10:53:15
9012,100,901200,10:53:15
9012,200,1802400,10:53:15
9012,100,901200,10:53:15
9012,400,3604800,10:53:14
9012,100,901200,10:53:14
9012,100,901200,10:53:13
9012,500,4506000,10:53:13
9012,100,901200,10:53:12
9012,100,901200,10:53:12
9011,100,901100,10:53:11
9012,100,901200,10:53:10
9012,200,1802400,10:53:10
9012,700,6308400,10:53:10
9011,100,901100,10:53:10
9010,100,901000,10:53:08
9011,100,901100,10:53:07
9011,300,2703300,10:53:07
9011,800,7208800,10:53:07
9011,100,901100,10:53:07
9011,100,901100,10:53:07
9011,700,6307700,10:53:07
9010,100,901000,10:53:05
9010,100,901000,10:53:04
9010,300,2703000,10:53:04
9011,100,901100,10:53:01
9010,100,901000,10:53:00
9010,100,901000,10:53:00
9010,400,3604000,10:53:00
9010,300,2703000,10:53:00
9010,100,901000,10:53:00
9010,600,5406000,10:53:00
9010,500,4505000,10:53:00
9011,100,901100,10:53:00
9011,100,901100,10:53:00
9011,600,5406600,10:53:00
9011,100,901100,10:52:58
9011,100,901100,10:52:57
9010,100,901000,10:52:57
9010,100,901000,10:52:56
9012,400,3604800,10:52:56
9011,100,901100,10:52:56
9011,100,901100,10:52:55
9009,100,900900,10:52:54
9011,100,901100,10:52:53
9011,500,4505500,10:52:52
9011,100,901100,10:52:52
9009,100,900900,10:52:52
9011,100,901100,10:52:52
9009,200,1801800,10:52:52
9008,100,900800,10:52:52
9008,100,900800,10:52:51
9010,300,2703000,10:52:51
9009,200,1801800,10:52:51
9009,100,900900,10:52:51
9009,400,3603600,10:52:50
9010,200,1802000,10:52:50
9011,500,4505500,10:52:50
9013,300,2703900,10:52:50
9012,200,1802400,10:52:49
9012,100,901200,10:52:49
9013,100,901300,10:52:49
9012,100,901200,10:52:49
9013,100,901300,10:52:49
9013,100,901300,10:52:48
9013,100,901300,10:52:48
9014,100,901400,10:52:48
9014,100,901400,10:52:48
9014,100,901400,10:52:47
9014,100,901400,10:52:45
9014,100,901400,10:52:45
9014,100,901400,10:52:45
9013,1300,11716900,10:52:45
9012,100,901200,10:52:45
9012,1800,16221600,10:52:45
9011,100,901100,10:52:45
9010,300,2703000,10:52:45
9010,400,3604000,10:52:45
9012,100,901200,10:52:44
9010,100,901000,10:52:44
9012,100,901200,10:52:44
9012,100,901200,10:52:44
9011,100,901100,10:52:44
9011,200,1802200,10:52:43
9010,100,901000,10:52:43
9010,100,901000,10:52:43
9010,100,901000,10:52:43
9012,100,901200,10:52:43
9011,400,3604400,10:52:43
9011,100,901100,10:52:43
9011,100,901100,10:52:43
9011,800,7208800,10:52:43
9009,300,2702700,10:52:43
9010,31600,284716000,10:52:43
9009,100,900900,10:52:43
9010,200,1802000,10:52:43
9010,100,901000,10:52:43
9010,100,901000,10:52:43
9010,100,901000,10:52:43
9009,11100,99999900,10:52:43
9008,400,3603200,10:52:43
9008,400,3603200,10:52:43
9008,500,4504000,10:52:43
9006,200,1801200,10:52:43
9005,100,900500,10:52:43
9006,400,3602400,10:52:42
9006,300,2701800,10:52:42
9007,100,900700,10:52:42
9006,100,900600,10:52:41
9007,100,900700,10:52:41
9007,500,4503500,10:52:41
9006,100,900600,10:52:37
9004,200,1800800,10:52:36
9005,200,1801000,10:52:36
9005,700,6303500,10:52:35
9007,100,900700,10:52:35
9008,100,900800,10:52:35
9007,100,900700,10:52:35
9007,500,4503500,10:52:34
9006,100,900600,10:52:34
9006,300,2701800,10:52:34
9007,100,900700,10:52:33
9007,600,5404200,10:52:33
9007,300,2702100,10:52:33
9006,700,6304200,10:52:33
9005,3600,32418000,10:52:33
9005,300,2701500,10:52:33
9005,100,900500,10:52:33
9004,600,5402400,10:52:33
9003,100,900300,10:52:33
9002,1100,9902200,10:52:33
9001,100,900100,10:52:33
9001,100,900100,10:52:33
9001,200,1800200,10:52:33
9000,5100,45900000,10:52:33
9000,100,900000,10:52:32
9000,100,900000,10:52:30
8999,100,899900,10:52:30
9000,200,1800000,10:52:29
8999,400,3599600,10:52:29
8999,100,899900,10:52:28
8999,100,899900,10:52:26
8999,100,899900,10:52:26
8999,100,899900,10:52:24
8999,100,899900,10:52:24
8998,100,899800,10:52:22
8999,100,899900,10:52:22
8999,100,899900,10:52:21
8999,100,899900,10:52:21
8998,100,899800,10:52:18
8998,100,899800,10:52:17
8998,100,899800,10:52:16
8997,100,899700,10:52:14
8998,100,899800,10:52:13
8998,100,899800,10:52:12
8997,100,899700,10:52:12
8998,400,3599200,10:52:12
8999,100,899900,10:52:11
8998,100,899800,10:52:11
8999,200,1799800,10:52:11
8999,100,899900,10:52:10
9000,100,900000,10:52:10
8998,100,899800,10:52:09
8999,400,3599600,10:52:09
8999,100,899900,10:52:09
8998,700,6298600,10:52:09
8998,100,899800,10:52:09
8998,100,899800,10:52:09
8998,100,899800,10:52:09
8997,800,7197600,10:52:09
8997,100,899700,10:52:09
8997,100,899700,10:52:09
8997,600,5398200,10:52:09
8997,100,899700,10:52:07
8997,100,899700,10:52:04
8997,100,899700,10:52:02
8997,100,899700,10:52:01
8997,100,899700,10:52:01
8997,200,1799400,10:52:00
8997,300,2699100,10:52:00
8997,100,899700,10:52:00
8997,300,2699100,10:52:00
8997,100,899700,10:52:00
8997,300,2699100,10:51:59
8997,100,899700,10:51:59
8997,200,1799400,10:51:59
8997,100,899700,10:51:57
8997,100,899700,10:51:54
8998,700,6298600,10:51:53
8997,200,1799400,10:51:53
8997,100,899700,10:51:52
8997,200,1799400,10:51:52
8997,200,1799400,10:51:52
8997,100,899700,10:51:52
8997,300,2699100,10:51:51
8997,100,899700,10:51:51
8997,100,899700,10:51:49
8998,100,899800,10:51:48
8997,100,899700,10:51:48
8997,100,899700,10:51:46
8997,100,899700,10:51:46
8997,100,899700,10:51:45
8996,100,899600,10:51:45
8997,100,899700,10:51:45
8996,100,899600,10:51:45
8997,100,899700,10:51:45
8997,100,899700,10:51:44
8996,100,899600,10:51:43
8998,100,899800,10:51:41
8996,100,899600,10:51:41
8996,300,2698800,10:51:40
8995,100,899500,10:51:37
8995,200,1799000,10:51:34
8995,200,1799000,10:51:34
8995,100,899500,10:51:34
8996,100,899600,10:51:33
8994,200,1798800,10:51:29
8996,300,2698800,10:51:28
8995,300,2698500,10:51:28
8993,500,4496500,10:51:28
8994,100,899400,10:51:28
8995,200,1799000,10:51:26
8995,100,899500,10:51:25
8994,100,899400,10:51:24
8995,400,3598000,10:51:24
8995,200,1799000,10:51:23
8995,300,2698500,10:51:23
8994,100,899400,10:51:22
8994,100,899400,10:51:22
8995,200,1799000,10:51:21
8995,100,899500,10:51:20
8993,300,2697900,10:51:17
8992,300,2697600,10:51:16
8993,100,899300,10:51:14
8992,100,899200,10:51:14
8992,100,899200,10:51:14
8992,100,899200,10:51:13
8993,300,2697900,10:51:12
8993,200,1798600,10:51:12
8993,100,899300,10:51:12
8993,100,899300,10:51:12
8994,100,899400,10:51:12
8995,100,899500,10:51:12
8996,100,899600,10:51:11
8997,500,4498500,10:51:11
8999,100,899900,10:51:11
9000,200,1800000,10:51:11
9001,600,5400600,10:51:11
9002,1800,16203600,10:51:11
9003,1400,12604200,10:51:11
9003,600,5401800,10:51:11
9002,100,900200,10:51:11
9002,300,2700600,10:51:11
9003,100,900300,10:51:11
9004,100,900400,10:51:10
9002,100,900200,10:51:10
9003,300,2700900,10:51:10
9003,1400,12604200,10:51:10
9003,1100,9903300,10:51:10
9003,100,900300,10:51:10
9003,100,900300,10:51:10
9003,100,900300,10:51:10
9003,100,900300,10:51:10
9003,1500,13504500,10:51:10
9002,300,2700600,10:51:10
9002,1400,12602800,10:51:10
9001,700,6300700,10:51:10
9001,100,900100,10:51:10
9000,2300,20700000,10:51:10
9000,100,900000,10:51:10
9000,200,1800000,10:51:10
9000,100,900000,10:51:10
9000,100,900000,10:51:10
9000,76300,686700000,10:51:10
8999,2700,24297300,10:51:10
8999,200,1799800,10:51:10
8999,21000,188979000,10:51:09
8999,100,899900,10:51:09
8999,100,899900,10:51:09
8998,4400,39591200,10:51:09
8998,200,1799600,10:51:09
8997,100,899700,10:51:09
8998,100,899800,10:51:09
8998,100,899800,10:51:09
8998,300,2699400,10:51:08
8997,100,899700,10:51:08
8998,200,1799600,10:51:07
8997,1900,17094300,10:51:07
8996,100,899600,10:51:07
8996,100,899600,10:51:06
8995,100,899500,10:51:06
8996,6500,58474000,10:51:06
8996,900,8096400,10:51:06
8995,2800,25186000,10:51:06
8995,1800,16191000,10:51:06
8994,1000,8994000,10:51:06
8994,1300,11692200,10:51:06
8993,100,899300,10:51:06
8993,1400,12590200,10:51:06
8992,100,899200,10:51:06
8991,200,1798200,10:51:06
8992,400,3596800,10:51:06
8993,100,899300,10:51:05
8992,100,899200,10:51:04
8992,200,1798400,10:51:03
8991,200,1798200,10:51:03
8992,200,1798400,10:51:02
8992,100,899200,10:51:00
8992,100,899200,10:51:00
8991,100,899100,10:51:00
8992,200,1798400,10:50:59
8992,200,1798400,10:50:59
8992,100,899200,10:50:57
8992,200,1798400,10:50:54
8993,500,4496500,10:50:52
8992,100,899200,10:50:52
8992,100,899200,10:50:51
8992,100,899200,10:50:51
8992,100,899200,10:50:49
8993,200,1798600,10:50:48
8992,100,899200,10:50:48
8992,500,4496000,10:50:48
8991,100,899100,10:50:48
8990,100,899000,10:50:47
8991,100,899100,10:50:46
8991,100,899100,10:50:45
8991,100,899100,10:50:45
8991,100,899100,10:50:45
8991,100,899100,10:50:45
8991,400,3596400,10:50:45
8991,600,5394600,10:50:43
8992,200,1798400,10:50:43
8992,500,4496000,10:50:43
8992,500,4496000,10:50:43
8992,500,4496000,10:50:43
8992,100,899200,10:50:42
8992,100,899200,10:50:41
8993,100,899300,10:50:41
8993,100,899300,10:50:39
8993,500,4496500,10:50:38
8992,100,899200,10:50:36
8993,500,4496500,10:50:36
8993,100,899300,10:50:36
8993,100,899300,10:50:35
8993,100,899300,10:50:35
8993,100,899300,10:50:33
8994,100,899400,10:50:32
8993,100,899300,10:50:31
8992,100,899200,10:50:31
8994,100,899400,10:50:31
8995,200,1799000,10:50:31
8994,300,2698200,10:50:31
8993,400,3597200,10:50:31
8992,100,899200,10:50:29
8992,100,899200,10:50:28
8993,100,899300,10:50:27
8992,100,899200,10:50:25
8992,100,899200,10:50:25
8992,300,2697600,10:50:25
8992,200,1798400,10:50:22
8992,100,899200,10:50:22
8991,100,899100,10:50:22
8992,100,899200,10:50:22
8992,100,899200,10:50:19
8990,200,1798000,10:50:19
8991,100,899100,10:50:19
8991,100,899100,10:50:18
8991,300,2697300,10:50:18
8991,100,899100,10:50:18
8990,100,899000,10:50:18
8990,100,899000,10:50:14
8990,100,899000,10:50:14
8990,100,899000,10:50:11
8990,200,1798000,10:50:09
8990,900,8091000,10:50:09
8990,100,899000,10:50:09
8990,100,899000,10:50:09
8992,100,899200,10:50:04
8991,200,1798200,10:50:03
8992,200,1798400,10:50:02
8992,100,899200,10:50:02
8991,100,899100,10:50:01
8991,100,899100,10:49:59
8991,100,899100,10:49:59
8990,100,899000,10:49:59
8991,400,3596400,10:49:59
8992,200,1798400,10:49:57
8992,100,899200,10:49:57
8990,300,2697000,10:49:54
8990,100,899000,10:49:54
8990,400,3596000,10:49:54
8990,200,1798000,10:49:54
8991,300,2697300,10:49:54
8992,100,899200,10:49:53
8992,100,899200,10:49:53
8992,200,1798400,10:49:53
8994,500,4497000,10:49:51
8992,100,899200,10:49:51
8992,100,899200,10:49:50
8992,100,899200,10:49:50
8994,100,899400,10:49:49
8993,700,6295100,10:49:49
8992,200,1798400,10:49:49
8991,100,899100,10:49:49
8991,200,1798200,10:49:46
8991,100,899100,10:49:45
8991,100,899100,10:49:44
8990,200,1798000,10:49:44
8991,100,899100,10:49:43
8991,300,2697300,10:49:40
8991,500,4495500,10:49:40
8991,800,7192800,10:49:40
8993,100,899300,10:49:39
8991,100,899100,10:49:39
8992,100,899200,10:49:38
8992,100,899200,10:49:38
8993,300,2697900,10:49:38
8993,500,4496500,10:49:36
8992,100,899200,10:49:35
8992,600,5395200,10:49:35
8992,100,899200,10:49:35
8992,100,899200,10:49:34
8991,100,899100,10:49:34
8991,100,899100,10:49:34
8991,100,899100,10:49:33
8990,300,2697000,10:49:33
8990,200,1798000,10:49:33
8990,200,1798000,10:49:33
8990,100,899000,10:49:32
8991,200,1798200,10:49:32
8990,200,1798000,10:49:32
8990,200,1798000,10:49:31
8989,300,2696700,10:49:31
8987,200,1797400,10:49:31
8989,100,898900,10:49:30
8988,100,898800,10:49:30
8990,100,899000,10:49:30
8987,100,898700,10:49:30
8989,100,898900,10:49:30
8989,700,6292300,10:49:30
8990,100,899000,10:49:30
8990,200,1798000,10:49:30
8992,200,1798400,10:49:30
8991,400,3596400,10:49:30
8991,400,3596400,10:49:30
8988,200,1797600,10:49:30
8990,12000,107880000,10:49:30
8989,2300,20674700,10:49:29
8989,700,6292300,10:49:29
8988,2500,22470000,10:49:29
8987,600,5392200,10:49:29
8987,100,898700,10:49:29
8987,100,898700,10:49:29
8986,500,4493000,10:49:29
8986,100,898600,10:49:29
8986,200,1797200,10:49:28
8985,100,898500,10:49:26
8985,100,898500,10:49:26
8986,300,2695800,10:49:25
8986,100,898600,10:49:25
8985,100,898500,10:49:24
8986,100,898600,10:49:23
8985,500,4492500,10:49:22
8984,400,3593600,10:49:22
8985,100,898500,10:49:20
8985,100,898500,10:49:19
8985,100,898500,10:49:18
8984,100,898400,10:49:16
8985,300,2695500,10:49:15
8984,200,1796800,10:49:15
8983,400,3593200,10:49:15
8983,300,2694900,10:49:15
8984,400,3593600,10:49:11
8983,100,898300,10:49:11
8983,100,898300,10:49:11
8983,200,1796600,10:49:11
8983,100,898300,10:49:11
8984,400,3593600,10:49:11
8984,600,5390400,10:49:11
8984,100,898400,10:49:11
8984,100,898400,10:49:08
8985,100,898500,10:49:07
8985,200,1797000,10:49:06
8984,100,898400,10:49:04
8985,1200,10782000,10:49:02
8983,100,898300,10:49:02
8984,300,2695200,10:49:02
8983,800,7186400,10:49:02
8981,100,898100,10:48:59
8983,200,1796600,10:48:59
8981,100,898100,10:48:59
8980,100,898000,10:48:58
8981,200,1796200,10:48:57
8982,100,898200,10:48:56
8982,100,898200,10:48:56
8981,500,4490500,10:48:55
8982,500,4491000,10:48:55
8982,600,5389200,10:48:54
8984,100,898400,10:48:53
8983,100,898300,10:48:52
8983,100,898300,10:48:52
8983,100,898300,10:48:52
8983,100,898300,10:48:51
8983,100,898300,10:48:51
8984,300,2695200,10:48:50
8984,200,1796800,10:48:50
8985,200,1797000,10:48:50
8984,200,1796800,10:48:50
8985,100,898500,10:48:49
8984,100,898400,10:48:49
8985,100,898500,10:48:48
8985,100,898500,10:48:47
8984,100,898400,10:48:46
8986,100,898600,10:48:44
8986,100,898600,10:48:44
8984,100,898400,10:48:44
8985,100,898500,10:48:43
8985,100,898500,10:48:43
8985,100,898500,10:48:43
8985,1600,14376000,10:48:43
8984,100,898400,10:48:43
8983,100,898300,10:48:42
8983,100,898300,10:48:42
8982,200,1796400,10:48:41
8983,300,2694900,10:48:41
8983,1300,11677900,10:48:41
8983,100,898300,10:48:41
8982,100,898200,10:48:40
8982,200,1796400,10:48:38
8982,100,898200,10:48:37
8981,100,898100,10:48:34
8983,100,898300,10:48:34
8982,100,898200,10:48:33
8983,100,898300,10:48:31
8984,1100,9882400,10:48:31
8983,500,4491500,10:48:31
8982,100,898200,10:48:30
8982,100,898200,10:48:30
8982,300,2694600,10:48:29
8982,200,1796400,10:48:29
8982,400,3592800,10:48:29
8981,100,898100,10:48:29
8981,400,3592400,10:48:26
8980,100,898000,10:48:25
8980,200,1796000,10:48:24
8977,100,897700,10:48:23
8977,100,897700,10:48:23
8979,100,897900,10:48:23
8978,100,897800,10:48:23
8976,100,897600,10:48:23
8978,300,2693400,10:48:23
8977,100,897700,10:48:23
8975,100,897500,10:48:23
8974,100,897400,10:48:23
8974,100,897400,10:48:23
8975,400,3590000,10:48:22
8976,1200,10771200,10:48:22
8977,800,7181600,10:48:22
8979,200,1795800,10:48:22
8977,100,897700,10:48:22
8981,100,898100,10:48:21
8981,100,898100,10:48:21
8980,2400,21552000,10:48:21
8979,200,1795800,10:48:20
8979,100,897900,10:48:20
8979,100,897900,10:48:20
8979,1000,8979000,10:48:20
8979,200,1795800,10:48:20
8978,200,1795600,10:48:20
8977,100,897700,10:48:20
8976,200,1795200,10:48:20
8974,100,897400,10:48:20
8974,500,4487000,10:48:20
8975,200,1795000,10:48:20
8978,1100,9875800,10:48:20
8977,1900,17056300,10:48:20
8975,100,897500,10:48:20
8976,200,1795200,10:48:20
8976,300,2692800,10:48:20
8976,100,897600,10:48:20
8976,200,1795200,10:48:20
8975,500,4487500,10:48:20
8975,100,897500,10:48:20
8974,100,897400,10:48:19
8974,100,897400,10:48:19
8974,100,897400,10:48:19
8974,500,4487000,10:48:19
8974,100,897400,10:48:19
8974,100,897400,10:48:18
8975,100,897500,10:48:18
8974,100,897400,10:48:15
8975,100,897500,10:48:14
8974,100,897400,10:48:14
8974,100,897400,10:48:08
8974,300,2692200,10:48:05
8975,100,897500,10:48:04
8973,100,897300,10:48:03
8973,200,1794600,10:48:02
8972,100,897200,10:48:00
8972,500,4486000,10:48:00
8972,500,4486000,10:48:00
8973,100,897300,10:48:00
8974,100,897400,10:47:52
8972,100,897200,10:47:52
8973,100,897300,10:47:52
8973,100,897300,10:47:52
8973,100,897300,10:47:52
8973,100,897300,10:47:47
8974,100,897400,10:47:46
8972,100,897200,10:47:46
8974,100,897400,10:47:45
8972,100,897200,10:47:43
8971,100,897100,10:47:42
8971,100,897100,10:47:42
8971,200,1794200,10:47:42
8971,300,2691300,10:47:42
8971,200,1794200,10:47:42
8972,100,897200,10:47:42
8972,100,897200,10:47:38
8972,100,897200,10:47:37
8971,100,897100,10:47:37
8972,100,897200,10:47:34
8972,100,897200,10:47:34
8972,100,897200,10:47:34
8972,100,897200,10:47:30
8972,100,897200,10:47:29
8972,100,897200,10:47:29
8972,200,1794400,10:47:27
8972,100,897200,10:47:26
8972,200,1794400,10:47:25
8972,100,897200,10:47:25
8972,100,897200,10:47:25
8972,100,897200,10:47:25
8972,100,897200,10:47:25
8972,700,6280400,10:47:25
8973,100,897300,10:47:24
8973,100,897300,10:47:20
8976,400,3590400,10:47:18
8975,100,897500,10:47:18
8976,200,1795200,10:47:15
8975,1000,8975000,10:47:15
8974,400,3589600,10:47:15
8974,100,897400,10:47:15
8973,300,2691900,10:47:15
8973,100,897300,10:47:13
8973,300,2691900,10:47:13
8972,100,897200,10:47:12
8971,200,1794200,10:47:09
8972,200,1794400,10:47:09
8973,200,1794600,10:47:06
8972,200,1794400,10:47:06
8971,200,1794200,10:47:05
8973,200,1794600,10:47:01
8973,100,897300,10:46:59
8972,100,897200,10:46:59
8973,100,897300,10:46:53
8970,400,3588000,10:46:52
8971,100,897100,10:46:52
8970,100,897000,10:46:51
8973,200,1794600,10:46:48
8973,500,4486500,10:46:48
8973,100,897300,10:46:48
8972,500,4486000,10:46:47
8970,100,897000,10:46:46
8970,100,897000,10:46:44
8970,100,897000,10:46:44
8970,500,4485000,10:46:44
8970,100,897000,10:46:44
8970,200,1794000,10:46:44
8971,300,2691300,10:46:44
8971,100,897100,10:46:44
8970,700,6279000,10:46:36
8970,100,897000,10:46:36
8969,100,896900,10:46:35
8968,300,2690400,10:46:30
8968,100,896800,10:46:28
8966,300,2689800,10:46:27
8966,200,1793200,10:46:27
8965,300,2689500,10:46:27
8964,100,896400,10:46:24
8963,200,1792600,10:46:23
8963,100,896300,10:46:23
8964,200,1792800,10:46:20
8964,300,2689200,10:46:20
8965,100,896500,10:46:18
8964,100,896400,10:46:14
8966,100,896600,10:46:12
8965,100,896500,10:46:12
8966,100,896600,10:46:06
8964,100,896400,10:46:05
8964,100,896400,10:46:04
8962,200,1792400,10:46:04
8961,100,896100,10:46:04
8961,100,896100,10:46:04
8960,100,896000,10:46:02
8961,100,896100,10:46:00
8962,200,1792400,10:45:58
8962,100,896200,10:45:56
8964,200,1792800,10:45:55
8965,100,896500,10:45:55
8962,1500,13443000,10:45:54
8962,5000,44810000,10:45:54
8962,900,8065800,10:45:54
8963,1100,9859300,10:45:54
8964,700,6274800,10:45:54
8965,400,3586000,10:45:53
8965,200,1793000,10:45:53
8969,100,896900,10:45:49
8970,300,2691000,10:45:48
8971,200,1794200,10:45:48
8972,200,1794400,10:45:48
8972,300,2691600,10:45:48
8973,100,897300,10:45:47
8973,100,897300,10:45:46
8972,100,897200,10:45:42
8970,100,897000,10:45:41
8970,100,897000,10:45:41
8971,200,1794200,10:45:40
8971,100,897100,10:45:40
8972,100,897200,10:45:40
8973,500,4486500,10:45:40
8972,400,3588800,10:45:40
8971,900,8073900,10:45:40
8970,700,6279000,10:45:40
8969,100,896900,10:45:40
8968,200,1793600,10:45:40
8967,200,1793400,10:45:39
8965,100,896500,10:45:37
8965,100,896500,10:45:37
8965,100,896500,10:45:36
8965,100,896500,10:45:34
8965,100,896500,10:45:34
8963,100,896300,10:45:32
8960,200,1792000,10:45:31
8961,200,1792200,10:45:31
8963,100,896300,10:45:31
8963,200,1792600,10:45:30
8961,100,896100,10:45:27
8960,100,896000,10:45:27
8960,400,3584000,10:45:26
8958,100,895800,10:45:26
8959,100,895900,10:45:26
8958,100,895800,10:45:26
8958,300,2687400,10:45:26
8956,100,895600,10:45:25
8958,100,895800,10:45:24
8958,100,895800,10:45:22
8956,300,2686800,10:45:22
8957,200,1791400,10:45:21
8956,100,895600,10:45:21
8956,200,1791200,10:45:21
8955,200,1791000,10:45:21
8954,100,895400,10:45:15
8955,100,895500,10:45:14
8955,100,895500,10:45:11
8955,100,895500,10:45:11
8956,100,895600,10:45:10
8956,100,895600,10:45:10
8957,200,1791400,10:45:08
8956,100,895600,10:45:08
8955,100,895500,10:45:07
8956,100,895600,10:45:06
8957,100,895700,10:45:05
8957,100,895700,10:45:05
8956,100,895600,10:45:05
8955,600,5373000,10:45:05
8955,100,895500,10:45:05
8956,100,895600,10:45:00
8955,100,895500,10:44:59
8955,100,895500,10:44:59
8958,700,6270600,10:44:58
8958,100,895800,10:44:58
8958,100,895800,10:44:58
8959,100,895900,10:44:58
8960,200,1792000,10:44:58
8960,100,896000,10:44:58
8961,100,896100,10:44:58
8961,100,896100,10:44:57
8963,100,896300,10:44:57
8963,100,896300,10:44:57
8964,300,2689200,10:44:57
8965,1000,8965000,10:44:57
8966,100,896600,10:44:57
8966,700,6276200,10:44:57
8967,100,896700,10:44:57
8969,300,2690700,10:44:57
8967,100,896700,10:44:55
8968,200,1793600,10:44:55
8969,100,896900,10:44:55
8968,100,896800,10:44:53
8970,100,897000,10:44:52
8970,100,897000,10:44:47
8969,100,896900,10:44:47
8969,100,896900,10:44:46
8967,100,896700,10:44:45
8966,100,896600,10:44:44
8967,100,896700,10:44:44
8970,100,897000,10:44:41
8969,300,2690700,10:44:41
8972,500,4486000,10:44:39
8971,300,2691300,10:44:39
8973,100,897300,10:44:36
8973,100,897300,10:44:34
8971,300,2691300,10:44:34
8972,100,897200,10:44:34
8971,100,897100,10:44:32
8971,200,1794200,10:44:32
8973,100,897300,10:44:32
8972,600,5383200,10:44:31
8971,300,2691300,10:44:31
8970,100,897000,10:44:31
8970,100,897000,10:44:31
8968,100,896800,10:44:30
8968,100,896800,10:44:29
8968,300,2690400,10:44:29
8969,100,896900,10:44:29
8970,100,897000,10:44:29
8970,900,8073000,10:44:29
8970,100,897000,10:44:29
8970,100,897000,10:44:29
8970,200,1794000,10:44:29
8971,100,897100,10:44:29
8971,800,7176800,10:44:29
8973,200,1794600,10:44:26
8972,100,897200,10:44:26
8972,100,897200,10:44:26
8974,100,897400,10:44:26
8973,100,897300,10:44:25
8972,300,2691600,10:44:24
8973,100,897300,10:44:22
8973,300,2691900,10:44:21
8974,100,897400,10:44:21
8975,100,897500,10:44:20
8975,100,897500,10:44:20
8975,100,897500,10:44:17
8974,500,4487000,10:44:14
8976,100,897600,10:44:13
8975,400,3590000,10:44:12
8975,100,897500,10:44:12
8975,100,897500,10:44:12
8973,100,897300,10:44:12
8975,100,897500,10:44:12
8975,100,897500,10:44:10
8974,200,1794800,10:44:08
8974,100,897400,10:44:08
8972,100,897200,10:44:08
8972,900,8074800,10:44:07
8973,100,897300,10:44:07
8973,100,897300,10:44:05
8973,100,897300,10:44:04
8972,100,897200,10:44:02
8973,100,897300,10:44:01
8973,200,1794600,10:44:01
8973,100,897300,10:44:01
8973,100,897300,10:44:01
8973,100,897300,10:44:01
8973,100,897300,10:43:57
8975,100,897500,10:43:55
8974,100,897400,10:43:55
8973,100,897300,10:43:55
8973,100,897300,10:43:55
8973,200,1794600,10:43:55
8973,200,1794600,10:43:55
8974,100,897400,10:43:53
8975,100,897500,10:43:52
8975,100,897500,10:43:51
8976,100,897600,10:43:48
8975,100,897500,10:43:44
8973,700,6281100,10:43:44
8974,700,6281800,10:43:44
8975,600,5385000,10:43:44
8977,100,897700,10:43:43
8976,100,897600,10:43:43
8978,100,897800,10:43:42
8979,100,897900,10:43:40
8981,100,898100,10:43:40
8980,400,3592000,10:43:39
8980,600,5388000,10:43:39
8982,200,1796400,10:43:39
8982,100,898200,10:43:39
8981,100,898100,10:43:38
8979,100,897900,10:43:38
8980,100,898000,10:43:38
8980,100,898000,10:43:38
8980,100,898000,10:43:38
8981,200,1796200,10:43:38
8980,100,898000,10:43:36
8980,200,1796000,10:43:36
8981,100,898100,10:43:34
8981,500,4490500,10:43:34
8981,500,4490500,10:43:34
8982,300,2694600,10:43:33
8982,200,1796400,10:43:33
8983,300,2694900,10:43:32
8984,100,898400,10:43:32
8984,100,898400,10:43:32
8983,100,898300,10:43:31
8982,300,2694600,10:43:29
8982,100,898200,10:43:29
8982,200,1796400,10:43:29
8982,100,898200,10:43:28
8981,3400,30535400,10:43:27
8981,500,4490500,10:43:27
8981,300,2694300,10:43:27
8981,100,898100,10:43:27
8981,500,4490500,10:43:26
8981,100,898100,10:43:23
8983,100,898300,10:43:22
8983,100,898300,10:43:21
8983,100,898300,10:43:21
8985,100,898500,10:43:21
8984,200,1796800,10:43:21
8984,100,898400,10:43:20
8983,300,2694900,10:43:20
8982,300,2694600,10:43:20
8981,700,6286700,10:43:20
8980,3100,27838000,10:43:20
8980,2400,21552000,10:43:20
8979,800,7183200,10:43:20
8978,2400,21547200,10:43:20
8977,500,4488500,10:43:20
8976,200,1795200,10:43:20
8976,100,897600,10:43:19
8976,100,897600,10:43:19
8973,100,897300,10:43:17
8976,100,897600,10:43:17
8976,100,897600,10:43:16
8972,100,897200,10:43:16
8975,100,897500,10:43:16
8974,100,897400,10:43:15
8974,300,2692200,10:43:15
8975,100,897500,10:43:15
8975,100,897500,10:43:15
8976,100,897600,10:43:14
8977,100,897700,10:43:12
8976,1100,9873600,10:43:12
8976,500,4488000,10:43:12
8976,500,4488000,10:43:12
8975,2000,17950000,10:43:12
8975,500,4487500,10:43:11
8975,100,897500,10:43:11
8974,300,2692200,10:43:10
8974,100,897400,10:43:10
8974,100,897400,10:43:09
8975,100,897500,10:43:07
8975,500,4487500,10:43:07
8975,100,897500,10:43:07
8975,100,897500,10:43:03
8975,100,897500,10:43:02
8975,100,897500,10:43:02
8974,100,897400,10:43:02
8974,200,1794800,10:43:02
8974,400,3589600,10:43:02
8974,100,897400,10:43:02
8973,100,897300,10:43:01
8973,100,897300,10:43:00
8973,100,897300,10:42:56
8973,100,897300,10:42:55
8972,100,897200,10:42:54
8973,100,897300,10:42:52
8972,200,1794400,10:42:47
8973,200,1794600,10:42:47
8973,100,897300,10:42:46
8974,100,897400,10:42:46
8974,100,897400,10:42:45
8974,100,897400,10:42:45
8974,100,897400,10:42:44
8973,100,897300,10:42:43
8973,1300,11664900,10:42:42
8972,900,8074800,10:42:42
8972,200,1794400,10:42:42
8971,300,2691300,10:42:42
8971,100,897100,10:42:41
8971,100,897100,10:42:40
8971,100,897100,10:42:39
8971,100,897100,10:42:37
8970,100,897000,10:42:35
8971,100,897100,10:42:33
8971,100,897100,10:42:32
8972,100,897200,10:42:32
8971,1000,8971000,10:42:29
8971,100,897100,10:42:29
8970,200,1794000,10:42:29
8971,100,897100,10:42:28
8970,200,1794000,10:42:28
8970,100,897000,10:42:27
8969,200,1793800,10:42:26
8970,100,897000,10:42:26
8968,100,896800,10:42:26
8969,300,2690700,10:42:25
8969,100,896900,10:42:25
8969,100,896900,10:42:25
8968,100,896800,10:42:24
8970,100,897000,10:42:24
8970,100,897000,10:42:24
8971,100,897100,10:42:24
8971,100,897100,10:42:24
8970,100,897000,10:42:24
8970,100,897000,10:42:24
8970,100,897000,10:42:24
8970,100,897000,10:42:24
8971,6900,61899900,10:42:24
8971,6700,60105700,10:42:24
8971,100,897100,10:42:24
8971,400,3588400,10:42:24
8971,300,2691300,10:42:24
8971,200,1794200,10:42:24
8971,100,897100,10:42:24
8971,800,7176800,10:42:24
8971,800,7176800,10:42:24
8971,800,7176800,10:42:24
8971,800,7176800,10:42:24
8971,700,6279700,10:42:24
8971,200,1794200,10:42:24
8971,200,1794200,10:42:24
8971,900,8073900,10:42:24
8971,1400,12559400,10:42:24
8971,400,3588400,10:42:24
8971,1000,8971000,10:42:24
8971,900,8073900,10:42:24
8970,3100,27807000,10:42:24
8969,300,2690700,10:42:24
8969,100,896900,10:42:23
8968,100,896800,10:42:22
8966,100,896600,10:42:21
8966,100,896600,10:42:20
8967,200,1793400,10:42:20
8968,100,896800,10:42:20
8968,200,1793600,10:42:19
8969,200,1793800,10:42:19
8968,900,8071200,10:42:19
8967,300,2690100,10:42:19
8967,200,1793400,10:42:19
8967,300,2690100,10:42:19
8966,1700,15242200,10:42:19
8965,8500,76202500,10:42:19
8964,1100,9860400,10:42:19
8964,100,896400,10:42:19
8963,1100,9859300,10:42:19
8962,900,8065800,10:42:19
8962,100,896200,10:42:19
8961,1300,11649300,10:42:17
8960,200,1792000,10:42:16
8960,100,896000,10:42:15
8961,100,896100,10:42:14
8960,100,896000,10:42:14
8960,100,896000,10:42:12
8958,100,895800,10:42:11
8959,300,2687700,10:42:11
8959,200,1791800,10:42:11
8960,100,896000,10:42:10
8960,100,896000,10:42:09
8960,100,896000,10:42:05
8961,100,896100,10:42:05
8961,100,896100,10:42:04
8959,100,895900,10:42:02
8959,100,895900,10:42:02
8958,100,895800,10:42:00
8959,100,895900,10:42:00
8958,200,1791600,10:41:57
8959,300,2687700,10:41:56
8960,400,3584000,10:41:56
8960,500,4480000,10:41:56
8961,300,2688300,10:41:56
8962,100,896200,10:41:55
8961,100,896100,10:41:53
8962,500,4481000,10:41:50
8961,100,896100,10:41:50
8961,100,896100,10:41:50
8961,100,896100,10:41:47
8962,200,1792400,10:41:43
8962,200,1792400,10:41:43
8962,100,896200,10:41:43
8962,100,896200,10:41:39
8961,100,896100,10:41:38
8962,100,896200,10:41:38
8961,100,896100,10:41:37
8961,400,3584400,10:41:37
8960,3600,32256000,10:41:37
8959,800,7167200,10:41:37
8957,300,2687100,10:41:35
8958,100,895800,10:41:35
8958,100,895800,10:41:35
8958,100,895800,10:41:35
8958,200,1791600,10:41:32
8957,100,895700,10:41:32
8957,100,895700,10:41:30
8956,100,895600,10:41:27
8957,100,895700,10:41:27
8957,100,895700,10:41:24
8956,100,895600,10:41:19
8956,600,5373600,10:41:18
8956,100,895600,10:41:18
8955,400,3582000,10:41:18
8955,100,895500,10:41:18
8955,100,895500,10:41:18
8954,100,895400,10:41:18
8954,100,895400,10:41:17
8954,100,895400,10:41:13
8953,100,895300,10:41:09
8954,100,895400,10:41:07
8952,100,895200,10:41:07
8953,100,895300,10:41:07
8951,200,1790200,10:41:01
8953,100,895300,10:41:01
8953,100,895300,10:41:00
8952,500,4476000,10:40:57
8953,700,6267100,10:40:57
8954,200,1790800,10:40:57
8954,100,895400,10:40:56
8954,100,895400,10:40:56
8955,1900,17014500,10:40:55
8954,400,3581600,10:40:55
8953,100,895300,10:40:55
8953,3500,31335500,10:40:55
8952,300,2685600,10:40:55
8952,100,895200,10:40:55
8952,100,895200,10:40:55
8952,100,895200,10:40:55
8951,400,3580400,10:40:55
8951,100,895100,10:40:55
8950,200,1790000,10:40:54
8950,100,895000,10:40:51
8950,100,895000,10:40:51
8950,100,895000,10:40:51
8950,100,895000,10:40:50
8950,200,1790000,10:40:50
8950,100,895000,10:40:50
8949,100,894900,10:40:49
8950,100,895000,10:40:49
8949,200,1789800,10:40:49
8948,100,894800,10:40:46
8948,100,894800,10:40:45
8948,100,894800,10:40:45
8948,400,3579200,10:40:45
8948,100,894800,10:40:45
8949,200,1789800,10:40:45
8950,100,895000,10:40:41
8950,100,895000,10:40:41
8952,100,895200,10:40:37
8952,100,895200,10:40:36
8952,100,895200,10:40:36
8952,100,895200,10:40:36
8952,100,895200,10:40:26
8951,100,895100,10:40:26
8951,200,1790200,10:40:26
8950,500,4475000,10:40:25
8949,100,894900,10:40:21
8949,300,2684700,10:40:17
8949,200,1789800,10:40:16
8949,100,894900,10:40:15
8949,100,894900,10:40:07
8949,100,894900,10:40:05
8949,100,894900,10:40:05
8950,100,895000,10:40:05
8950,100,895000,10:40:04
8950,100,895000,10:40:03
8952,100,895200,10:40:03
8950,200,1790000,10:40:03
8952,100,895200,10:40:03
8953,300,2685900,10:40:00
8952,200,1790400,10:40:00
8950,100,895000,10:39:59
8951,400,3580400,10:39:59
8952,200,1790400,10:39:59
8953,100,895300,10:39:59
8953,200,1790600,10:39:59
8954,100,895400,10:39:59
8955,100,895500,10:39:57
8955,100,895500,10:39:57
8955,100,895500,10:39:54
8955,300,2686500,10:39:50
8957,100,895700,10:39:50
8957,100,895700,10:39:50
8956,100,895600,10:39:50
8957,700,6269900,10:39:50
8956,600,5373600,10:39:50
8955,100,895500,10:39:50
8955,200,1791000,10:39:50
8956,100,895600,10:39:50
8958,100,895800,10:39:49
8957,300,2687100,10:39:48
8957,100,895700,10:39:48
8956,1300,11642800,10:39:48
8956,200,1791200,10:39:45
8955,1000,8955000,10:39:45
8954,700,6267800,10:39:45
8952,100,895200,10:39:43
8952,200,1790400,10:39:43
8952,300,2685600,10:39:43
8953,100,895300,10:39:43
8953,200,1790600,10:39:41
8954,100,895400,10:39:41
8953,100,895300,10:39:41
8954,100,895400,10:39:41
8952,100,895200,10:39:40
8954,300,2686200,10:39:37
8953,200,1790600,10:39:35
8953,100,895300,10:39:32
8952,100,895200,10:39:32
8952,1000,8952000,10:39:32
8949,100,894900,10:39:31
8950,2300,20585000,10:39:31
8950,800,7160000,10:39:31
8949,300,2684700,10:39:31
8950,8900,79655000,10:39:31
8945,800,7156000,10:39:31
8946,900,8051400,10:39:31
8947,1300,11631100,10:39:31
8949,100,894900,10:39:31
8947,300,2684100,10:39:30
8948,100,894800,10:39:30
8947,100,894700,10:39:28
8949,100,894900,10:39:27
8947,100,894700,10:39:26
8949,1000,8949000,10:39:26
8947,100,894700,10:39:26
8948,1000,8948000,10:39:25
8948,100,894800,10:39:24
8947,1000,8947000,10:39:24
8946,300,2683800,10:39:24
8943,100,894300,10:39:22
8943,100,894300,10:39:22
8945,100,894500,10:39:21
8944,100,894400,10:39:21
8943,100,894300,10:39:20
8944,100,894400,10:39:19
8944,100,894400,10:39:17
8943,100,894300,10:39:17
8943,600,5365800,10:39:17
8943,100,894300,10:39:17
8943,100,894300,10:39:17
8943,100,894300,10:39:14
8943,100,894300,10:39:11
8944,100,894400,10:39:10
8947,500,4473500,10:39:08
8946,1800,16102800,10:39:08
8945,200,1789000,10:39:08
8944,100,894400,10:39:06
8943,100,894300,10:39:05
8945,300,2683500,10:39:02
8944,100,894400,10:39:02
8942,300,2682600,10:38:59
8940,100,894000,10:38:59
8940,100,894000,10:38:59
8939,100,893900,10:38:59
8940,100,894000,10:38:59
8940,100,894000,10:38:59
8940,100,894000,10:38:59
8940,100,894000,10:38:59
8942,100,894200,10:38:58
8942,100,894200,10:38:58
8945,500,4472500,10:38:57
8944,200,1788800,10:38:57
8942,100,894200,10:38:57
8943,100,894300,10:38:57
8944,1400,12521600,10:38:57
8942,100,894200,10:38:57
8941,100,894100,10:38:57
8942,100,894200,10:38:57
8943,500,4471500,10:38:57
8941,100,894100,10:38:57
8942,1100,9836200,10:38:57
8941,100,894100,10:38:57
8941,100,894100,10:38:57
8941,100,894100,10:38:57
8941,100,894100,10:38:57
8939,100,893900,10:38:56
8940,2000,17880000,10:38:56
8939,100,893900,10:38:56
8940,9000,80460000,10:38:56
8940,300,2682000,10:38:56
8940,200,1788000,10:38:56
8940,300,2682000,10:38:56
8940,400,3576000,10:38:56
8940,100,894000,10:38:56
8940,100,894000,10:38:56
8937,100,893700,10:38:56
8939,300,2681700,10:38:56
8938,1100,9831800,10:38:56
8934,100,893400,10:38:56
8936,1100,9829600,10:38:56
8935,500,4467500,10:38:56
8934,100,893400,10:38:56
8934,100,893400,10:38:55
8933,300,2679900,10:38:55
8934,400,3573600,10:38:55
8933,600,5359800,10:38:55
8933,100,893300,10:38:54
8935,600,5361000,10:38:54
8934,1700,15187800,10:38:54
8934,100,893400,10:38:54
8933,100,893300,10:38:54
8932,400,3572800,10:38:54
8931,100,893100,10:38:53
8931,100,893100,10:38:47
8930,100,893000,10:38:44
8932,100,893200,10:38:44
8931,600,5358600,10:38:44
8928,100,892800,10:38:44
8930,1900,16967000,10:38:44
8929,200,1785800,10:38:44
8928,200,1785600,10:38:42
8927,100,892700,10:38:29
8927,100,892700,10:38:29
8924,800,7139200,10:38:24
8925,1100,9817500,10:38:24
8926,400,3570400,10:38:24
8927,600,5356200,10:38:24
8927,100,892700,10:38:18
8928,400,3571200,10:38:18
8926,200,1785200,10:38:18
8925,100,892500,10:38:17
8925,300,2677500,10:38:14
8924,100,892400,10:38:10
8924,100,892400,10:38:10
8924,200,1784800,10:38:10
8924,200,1784800,10:38:10
8923,100,892300,10:38:10
8922,500,4461000,10:38:10
8921,100,892100,10:38:10
8920,200,1784000,10:38:06
8920,100,892000,10:38:05
8921,100,892100,10:37:56
8920,100,892000,10:37:51
8919,200,1783800,10:37:49
8918,200,1783600,10:37:45
8920,100,892000,10:37:44
8918,100,891800,10:37:44
8918,100,891800,10:37:43
8919,100,891900,10:37:43
8919,400,3567600,10:37:43
8920,200,1784000,10:37:43
8919,600,5351400,10:37:43
8920,1000,8920000,10:37:43
8921,600,5352600,10:37:43
8923,100,892300,10:37:41
8922,1000,8922000,10:37:41
8921,100,892100,10:37:39
8921,200,1784200,10:37:39
8921,100,892100,10:37:36
8922,100,892200,10:37:32
8922,500,4461000,10:37:30
8924,100,892400,10:37:29
8923,100,892300,10:37:29
8923,200,1784600,10:37:29
8924,200,1784800,10:37:28
8925,100,892500,10:37:28
8926,100,892600,10:37:22
8922,100,892200,10:37:19
8924,400,3569600,10:37:19
8922,100,892200,10:37:11
8922,100,892200,10:37:11
8922,100,892200,10:37:07
8924,100,892400,10:37:05
8925,100,892500,10:37:05
8925,100,892500,10:37:05
8924,400,3569600,10:37:05
8923,100,892300,10:37:04
8922,100,892200,10:37:03
8924,100,892400,10:37:02
8922,100,892200,10:37:02
8923,100,892300,10:37:02
8922,100,892200,10:37:01
8922,100,892200,10:37:00
8923,300,2676900,10:36:59
8923,100,892300,10:36:59
8923,100,892300,10:36:59
8923,100,892300,10:36:59
8926,100,892600,10:36:57
8927,100,892700,10:36:57
8927,100,892700,10:36:57
8929,800,7143200,10:36:54
8930,200,1786000,10:36:54
8930,100,893000,10:36:53
8928,1400,12499200,10:36:53
8929,1400,12500600,10:36:53
8930,300,2679000,10:36:53
8933,100,893300,10:36:53
8931,100,893100,10:36:52
8930,100,893000,10:36:52
8930,100,893000,10:36:52
8931,100,893100,10:36:51
8931,100,893100,10:36:51
8932,200,1786400,10:36:51
8932,100,893200,10:36:51
8933,200,1786600,10:36:40
8933,200,1786600,10:36:40
8933,500,4466500,10:36:29
8933,100,893300,10:36:28
8934,100,893400,10:36:27
8935,100,893500,10:36:23
8934,100,893400,10:36:23
8932,300,2679600,10:36:21
8933,100,893300,10:36:20
8932,100,893200,10:36:17
8931,100,893100,10:36:13
8932,100,893200,10:36:13
8933,100,893300,10:36:12
8936,300,2680800,10:36:08
8935,100,893500,10:36:08
8932,200,1786400,10:36:05
8932,100,893200,10:36:05
8934,100,893400,10:36:04
8932,100,893200,10:35:58
8933,100,893300,10:35:58
8931,100,893100,10:35:58
8930,200,1786000,10:35:57
8931,100,893100,10:35:57
8932,100,893200,10:35:56
8931,100,893100,10:35:54
8934,200,1786800,10:35:54
8933,200,1786600,10:35:54
8930,100,893000,10:35:47
8930,200,1786000,10:35:46
8930,100,893000,10:35:45
8929,100,892900,10:35:45
8926,100,892600,10:35:44
8928,100,892800,10:35:44
8926,100,892600,10:35:44
8925,100,892500,10:35:43
8924,900,8031600,10:35:43
8925,800,7140000,10:35:43
8926,500,4463000,10:35:43
8927,200,1785400,10:35:43
8927,100,892700,10:35:42
8928,100,892800,10:35:42
8929,100,892900,10:35:41
8928,700,6249600,10:35:41
8929,400,3571600,10:35:41
8930,400,3572000,10:35:41
8932,300,2679600,10:35:40
8934,200,1786800,10:35:40
8935,500,4467500,10:35:40
8936,600,5361600,10:35:40
8939,300,2681700,10:35:40
8939,100,893900,10:35:38
8936,100,893600,10:35:38
8937,600,5362200,10:35:38
8938,100,893800,10:35:38
8939,100,893900,10:35:36
8936,300,2680800,10:35:32
8938,100,893800,10:35:32
8937,100,893700,10:35:31
8937,100,893700,10:35:31
8940,100,894000,10:35:27
8939,400,3575600,10:35:27
8937,100,893700,10:35:27
8939,100,893900,10:35:24
8939,200,1787800,10:35:24
8938,900,8044200,10:35:24
8937,900,8043300,10:35:24
8936,200,1787200,10:35:24
8935,1000,8935000,10:35:24
8935,100,893500,10:35:23
8935,100,893500,10:35:22
8935,100,893500,10:35:22
8934,600,5360400,10:35:21
8933,200,1786600,10:35:21
8933,100,893300,10:35:20
8933,100,893300,10:35:19
8934,100,893400,10:35:17
8933,100,893300,10:35:16
8933,100,893300,10:35:16
8933,100,893300,10:35:15
8932,400,3572800,10:35:15
8931,500,4465500,10:35:15
8931,200,1786200,10:35:15
8931,100,893100,10:35:15
8930,200,1786000,10:35:14
8930,200,1786000,10:35:14
8930,200,1786000,10:35:14
8930,200,1786000,10:35:14
8930,300,2679000,10:35:14
8929,600,5357400,10:35:13
8928,100,892800,10:35:13
8928,100,892800,10:35:10
8927,100,892700,10:35:09
8929,100,892900,10:35:06
8927,100,892700,10:35:05
8926,100,892600,10:35:05
8928,100,892800,10:35:03
8928,100,892800,10:35:03
8927,100,892700,10:35:03
8927,200,1785400,10:35:03
8927,100,892700,10:35:03
8926,100,892600,10:34:59
8925,300,2677500,10:34:57
8925,300,2677500,10:34:57
8924,100,892400,10:34:54
8925,100,892500,10:34:54
8925,400,3570000,10:34:50
8925,100,892500,10:34:50
8927,100,892700,10:34:46
8927,100,892700,10:34:46
8927,100,892700,10:34:42
8925,100,892500,10:34:42
8927,100,892700,10:34:39
8925,500,4462500,10:34:39
8926,100,892600,10:34:38
8925,100,892500,10:34:34
8925,100,892500,10:34:34
8925,100,892500,10:34:28
8926,100,892600,10:34:27
8925,400,3570000,10:34:23
8925,100,892500,10:34:23
8925,300,2677500,10:34:23
8926,100,892600,10:34:22
8926,100,892600,10:34:22
8927,100,892700,10:34:22
8927,100,892700,10:34:19
8927,200,1785400,10:34:19
8928,100,892800,10:34:14
8927,100,892700,10:34:14
8928,100,892800,10:34:14
8927,100,892700,10:34:11
8929,100,892900,10:34:09
8930,100,893000,10:34:06
8929,100,892900,10:34:04
8929,100,892900,10:34:04
8926,100,892600,10:34:00
8927,400,3570800,10:34:00
8930,400,3572000,10:34:00
8929,1300,11607700,10:34:00
8928,500,4464000,10:34:00
8927,100,892700,10:34:00
8927,100,892700,10:33:58
8925,200,1785000,10:33:58
8928,100,892800,10:33:53
8927,300,2678100,10:33:53
8926,100,892600,10:33:53
8926,100,892600,10:33:48
8925,100,892500,10:33:48
8925,100,892500,10:33:48
8926,100,892600,10:33:46
8927,100,892700,10:33:46
8927,100,892700,10:33:46
8926,100,892600,10:33:41
8926,100,892600,10:33:41
8923,500,4461500,10:33:40
8924,2100,18740400,10:33:40
8925,3100,27667500,10:33:40
8926,1500,13389000,10:33:40
8927,1200,10712400,10:33:40
8928,800,7142400,10:33:40
8929,500,4464500,10:33:40
8930,100,893000,10:33:40
8930,100,893000,10:33:40
8931,100,893100,10:33:39
8931,100,893100,10:33:36
8931,300,2679300,10:33:31
8930,1100,9823000,10:33:31
8929,600,5357400,10:33:31
8927,100,892700,10:33:31
8927,200,1785400,10:33:30
8928,100,892800,10:33:30
8929,100,892900,10:33:23
8929,100,892900,10:33:21
8929,100,892900,10:33:18
8928,100,892800,10:33:18
8929,100,892900,10:33:14
8928,100,892800,10:33:11
8930,100,893000,10:33:10
8930,100,893000,10:33:08
8930,100,893000,10:33:06
8928,100,892800,10:33:06
8928,100,892800,10:33:05
8928,100,892800,10:33:03
8928,100,892800,10:33:03
8928,400,3571200,10:33:03
8930,100,893000,10:32:59
8930,100,893000,10:32:58
8931,100,893100,10:32:54
8931,100,893100,10:32:48
8929,600,5357400,10:32:47
8929,200,1785800,10:32:47
8930,200,1786000,10:32:47
8930,200,1786000,10:32:47
8931,500,4465500,10:32:47
8931,200,1786200,10:32:47
8932,100,893200,10:32:47
8932,100,893200,10:32:47
8934,100,893400,10:32:46
8932,100,893200,10:32:45
8933,100,893300,10:32:43
8933,300,2679900,10:32:43
8934,100,893400,10:32:41
8934,400,3573600,10:32:40
8935,100,893500,10:32:38
8935,100,893500,10:32:36
8935,100,893500,10:32:35
8935,100,893500,10:32:35
8935,100,893500,10:32:35
8935,100,893500,10:32:35
8935,100,893500,10:32:35
8934,200,1786800,10:32:34
8934,100,893400,10:32:34
8934,100,893400,10:32:34
8934,500,4467000,10:32:34
8934,100,893400,10:32:34
8935,200,1787000,10:32:34
8936,100,893600,10:32:34
8935,300,2680500,10:32:32
8935,100,893500,10:32:32
8935,100,893500,10:32:31
8935,100,893500,10:32:31
8934,200,1786800,10:32:30
8934,100,893400,10:32:29
8932,100,893200,10:32:28
8932,200,1786400,10:32:28
8932,100,893200,10:32:27
8933,100,893300,10:32:26
8933,200,1786600,10:32:26
8935,600,5361000,10:32:24
8934,1200,10720800,10:32:24
8933,100,893300,10:32:24
8932,100,893200,10:32:24
8933,100,893300,10:32:21
8932,200,1786400,10:32:21
8933,100,893300,10:32:21
8932,200,1786400,10:32:19
8932,200,1786400,10:32:19
8932,100,893200,10:32:19
8932,100,893200,10:32:19
8932,100,893200,10:32:19
8931,200,1786200,10:32:19
8930,1000,8930000,10:32:19
8930,100,893000,10:32:18
8929,100,892900,10:32:15
8927,200,1785400,10:32:15
8928,300,2678400,10:32:15
8930,100,893000,10:32:14
8929,100,892900,10:32:14
8929,100,892900,10:32:11
8929,100,892900,10:32:11
8929,100,892900,10:32:11
8928,600,5356800,10:32:11
8927,300,2678100,10:32:11
8926,300,2677800,10:32:11
8925,100,892500,10:32:11
8925,100,892500,10:32:08
8925,200,1785000,10:32:06
8926,100,892600,10:32:03
8925,100,892500,10:32:02
8924,100,892400,10:32:02
8924,100,892400,10:32:02
8924,100,892400,10:32:02
8925,100,892500,10:32:02
8925,300,2677500,10:32:02
8925,100,892500,10:32:02
8927,100,892700,10:32:01
8928,100,892800,10:32:01
8925,100,892500,10:31:54
8926,600,5355600,10:31:54
8927,300,2678100,10:31:54
8928,100,892800,10:31:53
8927,100,892700,10:31:50
8925,100,892500,10:31:50
8925,100,892500,10:31:49
8927,100,892700,10:31:48
8927,100,892700,10:31:48
8927,200,1785400,10:31:46
8926,1400,12496400,10:31:46
8923,100,892300,10:31:42
8923,100,892300,10:31:40
8925,200,1785000,10:31:40
8924,1600,14278400,10:31:40
8923,900,8030700,10:31:40
8922,100,892200,10:31:40
8922,200,1784400,10:31:39
8922,200,1784400,10:31:39
8923,200,1784600,10:31:36
8925,100,892500,10:31:36
8925,100,892500,10:31:35
8925,100,892500,10:31:34
8925,100,892500,10:31:34
8925,100,892500,10:31:33
8925,800,7140000,10:31:33
8924,200,1784800,10:31:33
8923,100,892300,10:31:33
8925,100,892500,10:31:32
8925,100,892500,10:31:30
8923,400,3569200,10:31:29
8924,100,892400,10:31:29
8924,400,3569600,10:31:29
8924,100,892400,10:31:29
8923,100,892300,10:31:29
8922,200,1784400,10:31:29
8921,100,892100,10:31:27
8922,200,1784400,10:31:27
8923,100,892300,10:31:27
8924,100,892400,10:31:26
8923,400,3569200,10:31:26
8923,600,5353800,10:31:26
8922,1400,12490800,10:31:26
8921,900,8028900,10:31:26
8920,1600,14272000,10:31:26
8919,500,4459500,10:31:26
8917,100,891700,10:31:26
8917,100,891700,10:31:26
8916,100,891600,10:31:26
8915,500,4457500,10:31:26
8914,500,4457000,10:31:26
8914,100,891400,10:31:26
8913,100,891300,10:31:24
8913,100,891300,10:31:24
8913,100,891300,10:31:24
8912,100,891200,10:31:21
8913,100,891300,10:31:16
8913,100,891300,10:31:16
8913,100,891300,10:31:16
8912,100,891200,10:31:16
8912,100,891200,10:31:15
8911,100,891100,10:31:15
8911,100,891100,10:31:14
8910,100,891000,10:31:14
8910,100,891000,10:31:13
8909,200,1781800,10:31:13
8908,100,890800,10:31:09
8908,200,1781600,10:31:09
8909,100,890900,10:31:08
8909,100,890900,10:31:07
8910,100,891000,10:31:03
8911,100,891100,10:31:00
8912,100,891200,10:31:00
8911,200,1782200,10:31:00
8910,200,1782000,10:30:59
8909,200,1781800,10:30:57
8909,300,2672700,10:30:57
8908,400,3563200,10:30:57
8907,200,1781400,10:30:57
8906,100,890600,10:30:52
8907,100,890700,10:30:50
8906,100,890600,10:30:48
8907,200,1781400,10:30:38
8906,100,890600,10:30:37
8906,300,2671800,10:30:36
8905,100,890500,10:30:36
8906,300,2671800,10:30:35
8905,100,890500,10:30:35
8904,100,890400,10:30:29
8902,600,5341200,10:30:28
8903,300,2670900,10:30:28
8904,100,890400,10:30:28
8903,400,3561200,10:30:23
8904,600,5342400,10:30:23
8902,300,2670600,10:30:23
8901,100,890100,10:30:15
8901,200,1780200,10:30:15
8902,100,890200,10:30:15
8902,200,1780400,10:30:15
8900,100,890000,10:30:13
8901,100,890100,10:30:10
8900,200,1780000,10:30:09
8899,100,889900,10:30:08
8899,100,889900,10:30:00
8900,100,890000,10:30:00
8899,100,889900,10:30:00
8897,100,889700,10:29:59
8898,100,889800,10:29:56
8898,100,889800,10:29:55
8900,100,890000,10:29:55
8899,200,1779800,10:29:53
8899,200,1779800,10:29:53
8900,500,4450000,10:29:53
8902,100,890200,10:29:53
8904,100,890400,10:29:49
8904,200,1780800,10:29:47
8905,100,890500,10:29:46
8905,200,1781000,10:29:46
8906,100,890600,10:29:46
8905,1000,8905000,10:29:46
8904,600,5342400,10:29:46
8903,100,890300,10:29:46
8902,500,4451000,10:29:46
8901,500,4450500,10:29:45
8900,1700,15130000,10:29:45
8899,100,889900,10:29:45
8897,100,889700,10:29:44
8897,200,1779400,10:29:38
8893,200,1778600,10:29:37
8894,1800,16009200,10:29:37
8895,1800,16011000,10:29:37
8896,1600,14233600,10:29:37
8897,500,4448500,10:29:37
8898,100,889800,10:29:37
8899,100,889900,10:29:37
8899,200,1779800,10:29:33
8899,800,7119200,10:29:33
8899,200,1779800,10:29:32
8898,100,889800,10:29:32
8897,500,4448500,10:29:32
8896,400,3558400,10:29:30
8895,300,2668500,10:29:22
8894,100,889400,10:29:19
8893,200,1778600,10:29:17
8892,200,1778400,10:29:09
8892,200,1778400,10:29:09
8892,100,889200,10:29:08
8893,100,889300,10:29:08
8893,100,889300,10:29:04
8893,100,889300,10:29:02
8893,1100,9782300,10:29:02
8894,200,1778800,10:29:00
8894,200,1778800,10:28:50
8894,100,889400,10:28:44
8892,100,889200,10:28:44
8895,200,1779000,10:28:42
8895,100,889500,10:28:40
8898,100,889800,10:28:39
8897,200,1779400,10:28:39
8897,100,889700,10:28:32
8894,100,889400,10:28:32
8893,100,889300,10:28:32
8893,100,889300,10:28:29
8892,100,889200,10:28:28
8892,100,889200,10:28:28
8893,100,889300,10:28:21
8893,100,889300,10:28:20
8893,100,889300,10:28:20
8895,300,2668500,10:28:18
8895,200,1779000,10:28:18
8895,200,1779000,10:28:18
8895,200,1779000,10:28:18
8895,200,1779000,10:28:18
8895,100,889500,10:28:17
8895,200,1779000,10:28:16
8896,300,2668800,10:28:16
8897,200,1779400,10:28:16
8897,200,1779400,10:28:13
8897,300,2669100,10:28:08
8899,100,889900,10:28:05
8897,100,889700,10:28:05
8897,200,1779400,10:28:05
8896,100,889600,10:28:05
8896,100,889600,10:28:05
8895,100,889500,10:28:02
8897,100,889700,10:27:49
8896,100,889600,10:27:47
8897,300,2669100,10:27:46
8896,100,889600,10:27:42
8897,100,889700,10:27:41
8896,100,889600,10:27:36
8895,100,889500,10:27:35
8895,300,2668500,10:27:35
8895,1000,8895000,10:27:31
8892,100,889200,10:27:30
8893,300,2667900,10:27:28
8893,200,1778600,10:27:28
8894,300,2668200,10:27:28
8894,100,889400,10:27:28
8894,100,889400,10:27:27
8894,100,889400,10:27:27
8894,100,889400,10:27:27
8895,100,889500,10:27:24
8895,100,889500,10:27:23
8895,100,889500,10:27:20
8894,100,889400,10:27:19
8894,600,5336400,10:27:19
8895,100,889500,10:27:18
8894,100,889400,10:27:17
8893,100,889300,10:27:16
8894,100,889400,10:27:16
8893,100,889300,10:27:12
8894,200,1778800,10:27:08
8893,500,4446500,10:27:05
8892,100,889200,10:27:04
8891,100,889100,10:26:58
8892,100,889200,10:26:58
8891,100,889100,10:26:58
8892,200,1778400,10:26:57
8891,700,6223700,10:26:57
8890,100,889000,10:26:57
8891,100,889100,10:26:56
8891,100,889100,10:26:56
8891,100,889100,10:26:56
8892,400,3556800,10:26:56
8892,100,889200,10:26:53
8893,400,3557200,10:26:47
8894,100,889400,10:26:47
8895,100,889500,10:26:47
8894,200,1778800,10:26:47
8893,100,889300,10:26:46
8893,100,889300,10:26:44
8894,100,889400,10:26:35
8893,100,889300,10:26:34
8894,100,889400,10:26:33
8894,100,889400,10:26:30
8895,200,1779000,10:26:28
8895,200,1779000,10:26:24
8895,200,1779000,10:26:24
8897,100,889700,10:26:23
8896,100,889600,10:26:23
8896,100,889600,10:26:19
8896,100,889600,10:26:13
8896,100,889600,10:26:13
8897,300,2669100,10:26:12
8897,100,889700,10:26:12
8897,100,889700,10:26:12
8898,200,1779600,10:26:12
8898,100,889800,10:26:12
8899,400,3559600,10:26:12
8900,1200,10680000,10:26:12
8900,200,1780000,10:26:12
8901,100,890100,10:26:05
8902,100,890200,10:26:04
8902,100,890200,10:26:04
8902,100,890200,10:26:03
8901,300,2670300,10:26:03
8902,600,5341200,10:26:03
8902,200,1780400,10:26:03
8902,200,1780400,10:26:02
8902,100,890200,10:26:02
8903,500,4451500,10:26:01
8903,100,890300,10:26:01
8904,100,890400,10:26:00
8904,200,1780800,10:26:00
8904,100,890400,10:26:00
8905,300,2671500,10:25:57
8906,100,890600,10:25:54
8906,200,1781200,10:25:54
8906,200,1781200,10:25:54
8906,100,890600,10:25:48
8907,100,890700,10:25:46
8908,100,890800,10:25:46
8908,100,890800,10:25:44
8907,100,890700,10:25:44
8909,100,890900,10:25:43
8910,100,891000,10:25:43
8911,100,891100,10:25:43
8911,100,891100,10:25:43
8911,100,891100,10:25:39
8912,600,5347200,10:25:39
8913,400,3565200,10:25:38
8912,100,891200,10:25:38
8912,100,891200,10:25:38
8911,1400,12475400,10:25:38
8908,100,890800,10:25:38
8907,100,890700,10:25:37
8906,100,890600,10:25:35
8907,400,3562800,10:25:35
8908,200,1781600,10:25:35
8907,100,890700,10:25:30
8906,100,890600,10:25:30
8906,100,890600,10:25:26
8907,100,890700,10:25:24
8905,100,890500,10:25:23
8904,100,890400,10:25:14
8904,100,890400,10:25:12
8903,100,890300,10:25:09
8903,100,890300,10:25:08
8904,100,890400,10:25:08
8904,100,890400,10:25:08
8903,200,1780600,10:25:08
8902,200,1780400,10:25:00
8902,200,1780400,10:25:00
8903,200,1780600,10:24:59
8904,200,1780800,10:24:58
8908,800,7126400,10:24:58
8908,100,890800,10:24:56
8909,100,890900,10:24:55
8906,100,890600,10:24:54
8906,200,1781200,10:24:54
8907,100,890700,10:24:54
8906,100,890600,10:24:54
8904,200,1780800,10:24:54
8905,300,2671500,10:24:54
8905,100,890500,10:24:54
8907,400,3562800,10:24:54
8908,300,2672400,10:24:54
8909,600,5345400,10:24:54
8910,400,3564000,10:24:54
8910,500,4455000,10:24:54
8910,500,4455000,10:24:54
8911,100,891100,10:24:53
8913,100,891300,10:24:53
8911,200,1782200,10:24:53
8912,100,891200,10:24:53
8913,100,891300,10:24:53
8915,100,891500,10:24:53
8914,100,891400,10:24:53
8915,200,1783000,10:24:53
8915,100,891500,10:24:53
8914,100,891400,10:24:53
8914,100,891400,10:24:53
8912,100,891200,10:24:53
8912,400,3564800,10:24:53
8913,100,891300,10:24:53
8913,100,891300,10:24:53
8914,500,4457000,10:24:53
8915,200,1783000,10:24:53
8916,500,4458000,10:24:53
8915,100,891500,10:24:53
8913,100,891300,10:24:53
8913,700,6239100,10:24:53
8914,300,2674200,10:24:53
8914,1400,12479600,10:24:53
8915,1600,14264000,10:24:53
8916,1000,8916000,10:24:53
8917,400,3566800,10:24:53
8917,200,1783400,10:24:53
8918,100,891800,10:24:51
8917,100,891700,10:24:50
8918,100,891800,10:24:50
8917,200,1783400,10:24:49
8917,300,2675100,10:24:49
8917,100,891700,10:24:49
8918,100,891800,10:24:49
8918,100,891800,10:24:49
8919,100,891900,10:24:47
8919,100,891900,10:24:47
8918,300,2675400,10:24:47
8918,500,4459000,10:24:47
8918,100,891800,10:24:47
8917,1100,9808700,10:24:47
8916,600,5349600,10:24:47
8916,200,1783200,10:24:46
8916,100,891600,10:24:46
8915,100,891500,10:24:44
8915,600,5349000,10:24:44
8913,100,891300,10:24:44
8914,400,3565600,10:24:43
8915,100,891500,10:24:43
8914,200,1782800,10:24:43
8915,400,3566000,10:24:43
8914,100,891400,10:24:43
8912,100,891200,10:24:41
8913,200,1782600,10:24:41
8913,200,1782600,10:24:41
8913,100,891300,10:24:39
8913,100,891300,10:24:39
8914,2400,21393600,10:24:39
8914,100,891400,10:24:39
8914,100,891400,10:24:37
8914,100,891400,10:24:37
8914,100,891400,10:24:35
8914,100,891400,10:24:34
8913,100,891300,10:24:34
8913,100,891300,10:24:33
8914,200,1782800,10:24:32
8913,100,891300,10:24:32
8913,300,2673900,10:24:32
8913,100,891300,10:24:31
8913,1100,9804300,10:24:28
8912,900,8020800,10:24:28
8911,100,891100,10:24:28
8912,200,1782400,10:24:28
8911,100,891100,10:24:27
8912,100,891200,10:24:27
8912,100,891200,10:24:27
8911,100,891100,10:24:27
8910,100,891000,10:24:27
8910,100,891000,10:24:27
8911,100,891100,10:24:27
8911,500,4455500,10:24:27
8910,1100,9801000,10:24:27
8910,100,891000,10:24:27
8910,100,891000,10:24:27
8909,200,1781800,10:24:26
8909,100,890900,10:24:26
8907,500,4453500,10:24:24
8906,100,890600,10:24:24
8905,200,1781000,10:24:23
8905,200,1781000,10:24:22
8905,100,890500,10:24:20
8906,100,890600,10:24:20
8905,200,1781000,10:24:16
8905,100,890500,10:24:13
8906,700,6234200,10:24:12
8906,100,890600,10:24:10
8906,200,1781200,10:24:10
8906,300,2671800,10:24:10
8906,300,2671800,10:24:10
8906,300,2671800,10:24:10
8906,200,1781200,10:24:09
8905,100,890500,10:24:07
8905,1100,9795500,10:24:07
8906,100,890600,10:24:03
8906,200,1781200,10:24:00
8906,100,890600,10:23:55
8907,100,890700,10:23:54
8907,100,890700,10:23:54
8908,1000,8908000,10:23:54
8907,600,5344200,10:23:54
8906,1800,16030800,10:23:54
8905,800,7124000,10:23:54
8904,100,890400,10:23:53
8904,100,890400,10:23:53
8904,100,890400,10:23:53
8903,200,1780600,10:23:50
8903,100,890300,10:23:47
8902,100,890200,10:23:43
8902,100,890200,10:23:43
8902,500,4451000,10:23:40
8903,200,1780600,10:23:39
8903,100,890300,10:23:39
8905,100,890500,10:23:39
8904,100,890400,10:23:39
8904,300,2671200,10:23:38
8904,100,890400,10:23:37
8903,500,4451500,10:23:37
8902,100,890200,10:23:33
8904,100,890400,10:23:33
8904,100,890400,10:23:33
8903,100,890300,10:23:32
8903,100,890300,10:23:32
8903,100,890300,10:23:32
8903,100,890300,10:23:32
8903,100,890300,10:23:32
8902,100,890200,10:23:29
8902,100,890200,10:23:27
8901,100,890100,10:23:27
8902,100,890200,10:23:27
8903,100,890300,10:23:26
8903,100,890300,10:23:25
8901,200,1780200,10:23:25
8901,100,890100,10:23:25
8900,1800,16020000,10:23:24
8900,200,1780000,10:23:24
8900,100,890000,10:23:24
8900,100,890000,10:23:24
8900,100,890000,10:23:24
8900,100,890000,10:23:24
8899,100,889900,10:23:24
8898,300,2669400,10:23:17
8899,100,889900,10:23:16
8899,200,1779800,10:23:16
8899,100,889900,10:23:16
8898,300,2669400,10:23:15
8897,100,889700,10:23:15
8897,200,1779400,10:23:15
8897,200,1779400,10:23:15
8897,100,889700,10:23:14
8896,100,889600,10:23:14
8895,100,889500,10:23:14
8896,100,889600,10:23:14
8896,1300,11564800,10:23:14
8895,100,889500,10:23:14
8895,200,1779000,10:23:14
8895,100,889500,10:23:14
8895,1000,8895000,10:23:14
8895,1000,8895000,10:23:14
8895,1000,8895000,10:23:14
8894,100,889400,10:23:13
8894,100,889400,10:23:10
8894,100,889400,10:23:10
8894,100,889400,10:23:10
8894,100,889400,10:23:10
8894,100,889400,10:23:05
8894,300,2668200,10:23:00
8893,100,889300,10:22:58
8893,100,889300,10:22:57
8893,100,889300,10:22:57
8892,200,1778400,10:22:57
8891,800,7112800,10:22:57
8890,100,889000,10:22:51
8889,300,2666700,10:22:50
8889,100,888900,10:22:50
8890,500,4445000,10:22:50
8891,100,889100,10:22:50
8890,100,889000,10:22:48
8891,100,889100,10:22:46
8890,100,889000,10:22:46
8890,100,889000,10:22:45
8891,800,7112800,10:22:45
8891,100,889100,10:22:45
8891,100,889100,10:22:44
8893,100,889300,10:22:41
8892,300,2667600,10:22:41
8893,200,1778600,10:22:40
8892,100,889200,10:22:39
8893,100,889300,10:22:39
8893,100,889300,10:22:39
8893,100,889300,10:22:35
8894,1300,11562200,10:22:35
8893,100,889300,10:22:33
8892,200,1778400,10:22:31
8892,200,1778400,10:22:30
8892,300,2667600,10:22:30
8892,300,2667600,10:22:30
8893,400,3557200,10:22:30
8893,100,889300,10:22:27
8894,100,889400,10:22:23
8894,100,889400,10:22:17
8894,300,2668200,10:22:17
8893,100,889300,10:22:16
8893,100,889300,10:22:13
8893,300,2667900,10:22:13
8893,100,889300,10:22:10
8894,400,3557600,10:22:10
8895,100,889500,10:22:10
8895,100,889500,10:22:06
8896,100,889600,10:22:04
8896,100,889600,10:22:03
8896,100,889600,10:22:03
8896,100,889600,10:22:03
8894,100,889400,10:22:02
8895,100,889500,10:22:02
8894,400,3557600,10:21:56
8893,100,889300,10:21:48
8893,200,1778600,10:21:46
8893,100,889300,10:21:46
8893,100,889300,10:21:36
8894,100,889400,10:21:35
8896,100,889600,10:21:27
8895,100,889500,10:21:27
8896,100,889600,10:21:27
8896,500,4448000,10:21:27
8895,300,2668500,10:21:27
8895,100,889500,10:21:27
8893,100,889300,10:21:25
8894,100,889400,10:21:25
8894,100,889400,10:21:24
8895,200,1779000,10:21:24
8895,600,5337000,10:21:23
8894,400,3557600,10:21:23
8893,100,889300,10:21:22
8894,200,1778800,10:21:18
8894,100,889400,10:21:09
8894,300,2668200,10:21:07
8893,100,889300,10:21:05
8893,100,889300,10:21:05
8893,100,889300,10:21:01
8893,100,889300,10:21:01
8893,100,889300,10:21:01
8893,100,889300,10:21:01
8893,100,889300,10:20:56
8894,200,1778800,10:20:55
8895,100,889500,10:20:52
8894,100,889400,10:20:47
8893,100,889300,10:20:42
8892,100,889200,10:20:40
8892,100,889200,10:20:40
8892,100,889200,10:20:31
8893,500,4446500,10:20:30
8893,100,889300,10:20:30
8894,400,3557600,10:20:30
8894,100,889400,10:20:30
8895,200,1779000,10:20:30
8894,100,889400,10:20:25
8895,800,7116000,10:20:23
8895,400,3558000,10:20:23
8893,200,1778600,10:20:23
8892,100,889200,10:20:17
8892,100,889200,10:20:16
8893,200,1778600,10:20:14
8893,100,889300,10:20:10
8894,300,2668200,10:20:10
8895,100,889500,10:20:06
8896,100,889600,10:20:06
8895,100,889500,10:20:06
8895,100,889500,10:20:05
8897,300,2669100,10:20:05
8896,1000,8896000,10:20:05
8895,100,889500,10:20:05
8894,100,889400,10:20:01
8892,100,889200,10:19:53
8893,200,1778600,10:19:52
8894,100,889400,10:19:50
8895,100,889500,10:19:47
8896,100,889600,10:19:47
8895,100,889500,10:19:47
8895,100,889500,10:19:45
8894,100,889400,10:19:45
8893,200,1778600,10:19:40
8893,100,889300,10:19:40
8893,100,889300,10:19:40
8893,100,889300,10:19:39
8893,100,889300,10:19:39
8893,100,889300,10:19:39
8894,1100,9783400,10:19:39
8895,100,889500,10:19:39
8897,500,4448500,10:19:28
8896,500,4448000,10:19:28
8895,200,1779000,10:19:26
8895,400,3558000,10:19:26
8897,100,889700,10:19:26
8897,100,889700,10:19:23
8897,100,889700,10:19:22
8895,100,889500,10:19:19
8896,100,889600,10:19:19
8896,100,889600,10:19:19
8896,100,889600,10:19:19
8897,100,889700,10:19:19
8899,300,2669700,10:19:19
8899,200,1779800,10:19:19
8898,400,3559200,10:19:19
8896,800,7116800,10:19:19
8895,400,3558000,10:19:19
8894,200,1778800,10:19:18
8893,200,1778600,10:19:17
8892,100,889200,10:19:17
8891,100,889100,10:19:17
8890,100,889000,10:19:11
8889,300,2666700,10:19:11
8890,100,889000,10:19:11
8890,100,889000,10:19:10
8890,100,889000,10:19:09
8890,100,889000,10:19:05
8889,100,888900,10:19:00
8890,100,889000,10:19:00
8890,1800,16002000,10:19:00
8891,100,889100,10:19:00
8893,100,889300,10:18:55
8892,100,889200,10:18:53
8893,100,889300,10:18:51
8893,100,889300,10:18:50
8894,400,3557600,10:18:47
8892,100,889200,10:18:46
8891,100,889100,10:18:45
8891,100,889100,10:18:45
8891,100,889100,10:18:45
8892,100,889200,10:18:45
8893,700,6225100,10:18:44
8892,400,3556800,10:18:40
8890,100,889000,10:18:38
8890,700,6223000,10:18:37
8891,200,1778200,10:18:37
8891,300,2667300,10:18:37
8891,100,889100,10:18:35
8892,900,8002800,10:18:35
8892,100,889200,10:18:34
8892,100,889200,10:18:28
8892,100,889200,10:18:24
8893,100,889300,10:18:21
8894,100,889400,10:18:20
8893,100,889300,10:18:19
8894,200,1778800,10:18:06
8894,200,1778800,10:18:06
8893,100,889300,10:18:04
8893,100,889300,10:18:04
8893,100,889300,10:18:03
8893,100,889300,10:18:03
8893,100,889300,10:18:03
8893,300,2667900,10:18:03
8893,300,2667900,10:18:03
8894,100,889400,10:18:01
8895,100,889500,10:17:57
8895,200,1779000,10:17:56
8894,300,2668200,10:17:56
8895,100,889500,10:17:54
8895,100,889500,10:17:54
8895,100,889500,10:17:53
8896,100,889600,10:17:52
8895,100,889500,10:17:50
8894,200,1778800,10:17:50
8894,100,889400,10:17:49
8893,100,889300,10:17:45
8893,400,3557200,10:17:44
8893,300,2667900,10:17:44
8893,300,2667900,10:17:44
8893,300,2667900,10:17:44
8894,1200,10672800,10:17:43
8895,1600,14232000,10:17:43
8897,200,1779400,10:17:40
8896,100,889600,10:17:35
8895,200,1779000,10:17:29
8896,100,889600,10:17:29
8896,100,889600,10:17:29
8896,100,889600,10:17:29
8896,100,889600,10:17:29
8896,100,889600,10:17:28
8898,1700,15126600,10:17:28
8897,1100,9786700,10:17:28
8896,200,1779200,10:17:28
8895,100,889500,10:17:17
8895,200,1779000,10:17:17
8895,200,1779000,10:17:17
8894,100,889400,10:17:05
8895,100,889500,10:17:05
8895,100,889500,10:17:04
8894,100,889400,10:16:58
8895,100,889500,10:16:57
8894,200,1778800,10:16:56
8893,100,889300,10:16:56
8893,200,1778600,10:16:56
8892,300,2667600,10:16:56
8892,100,889200,10:16:56
8892,100,889200,10:16:56
8892,100,889200,10:16:56
8890,100,889000,10:16:52
8890,100,889000,10:16:52
8889,300,2666700,10:16:50
8889,100,888900,10:16:49
8890,100,889000,10:16:49
8891,100,889100,10:16:46
8892,100,889200,10:16:43
8892,100,889200,10:16:41
8892,300,2667600,10:16:41
8892,100,889200,10:16:41
8892,100,889200,10:16:38
8890,100,889000,10:16:36
8889,100,888900,10:16:33
8890,1500,13335000,10:16:33
8890,100,889000,10:16:33
8890,100,889000,10:16:33
8890,100,889000,10:16:33
8891,100,889100,10:16:32
8890,100,889000,10:16:32
8890,100,889000,10:16:28
8892,200,1778400,10:16:27
8891,100,889100,10:16:27
8890,100,889000,10:16:27
8892,500,4446000,10:16:25
8892,100,889200,10:16:25
8891,100,889100,10:16:22
8892,100,889200,10:16:21
8891,100,889100,10:16:20
8891,200,1778200,10:16:18
8891,100,889100,10:16:18
8890,100,889000,10:16:18
8891,400,3556400,10:16:18
8890,100,889000,10:16:17
8890,100,889000,10:16:16
8891,100,889100,10:16:16
8891,200,1778200,10:16:14
8892,100,889200,10:16:10
8893,200,1778600,10:16:08
8893,200,1778600,10:16:08
8893,100,889300,10:16:08
8892,100,889200,10:16:08
8891,100,889100,10:16:05
8890,100,889000,10:16:05
8891,400,3556400,10:16:05
8891,400,3556400,10:16:03
8890,100,889000,10:16:01
8890,200,1778000,10:15:58
8890,300,2667000,10:15:58
8892,200,1778400,10:15:56
8891,100,889100,10:15:49
8890,100,889000,10:15:47
8890,100,889000,10:15:45
8891,100,889100,10:15:45
8891,100,889100,10:15:45
8891,100,889100,10:15:44
8889,200,1777800,10:15:39
8889,100,888900,10:15:39
8888,100,888800,10:15:38
8888,200,1777600,10:15:38
8888,200,1777600,10:15:38
8888,200,1777600,10:15:38
8888,200,1777600,10:15:38
8888,100,888800,10:15:38
8889,1300,11555700,10:15:38
8889,100,888900,10:15:35
8892,200,1778400,10:15:34
8891,600,5334600,10:15:34
8890,200,1778000,10:15:34
8890,100,889000,10:15:32
8891,200,1778200,10:15:29
8892,100,889200,10:15:25
8891,100,889100,10:15:24
8891,200,1778200,10:15:24
8890,200,1778000,10:15:24
8891,100,889100,10:15:21
8890,300,2667000,10:15:20
8889,300,2666700,10:15:20
8889,200,1777800,10:15:14
8889,100,888900,10:15:14
8888,100,888800,10:15:13
8890,100,889000,10:15:11
8889,300,2666700,10:15:10
8890,100,889000,10:15:10
8889,300,2666700,10:15:10
8890,100,889000,10:15:09
8890,100,889000,10:15:08
8890,700,6223000,10:15:08
8890,100,889000,10:15:08
8890,100,889000,10:15:05
8891,100,889100,10:15:05
8891,100,889100,10:15:05
8892,200,1778400,10:15:05
8893,1200,10671600,10:15:05
8893,200,1778600,10:15:04
8893,400,3557200,10:15:04
8892,600,5335200,10:15:04
8891,100,889100,10:15:03
8891,100,889100,10:15:03
8890,600,5334000,10:15:03
8889,100,888900,10:15:01
8890,100,889000,10:15:00
8889,100,888900,10:15:00
8890,100,889000,10:15:00
8889,100,888900,10:14:58
8888,100,888800,10:14:57
8889,100,888900,10:14:57
8889,200,1777800,10:14:53
8889,200,1777800,10:14:53
8889,100,888900,10:14:53
8889,100,888900,10:14:53
8889,200,1777800,10:14:53
8888,300,2666400,10:14:49
8888,400,3555200,10:14:49
8888,100,888800,10:14:48
8888,300,2666400,10:14:48
8888,800,7110400,10:14:48
8888,100,888800,10:14:47
8888,100,888800,10:14:47
8888,100,888800,10:14:44
8888,100,888800,10:14:43
8888,100,888800,10:14:43
8888,100,888800,10:14:42
8888,100,888800,10:14:41
8888,100,888800,10:14:40
8888,100,888800,10:14:40
8888,100,888800,10:14:40
8889,100,888900,10:14:38
8889,100,888900,10:14:37
8889,100,888900,10:14:37
8889,100,888900,10:14:37
8889,100,888900,10:14:37
8889,100,888900,10:14:37
8889,200,1777800,10:14:37
8889,100,888900,10:14:37
8889,200,1777800,10:14:37
8889,100,888900,10:14:36
8890,100,889000,10:14:35
8890,100,889000,10:14:33
8890,100,889000,10:14:32
8890,200,1778000,10:14:31
8891,100,889100,10:14:31
8892,500,4446000,10:14:31
8890,100,889000,10:14:31
8891,200,1778200,10:14:31
8890,100,889000,10:14:27
8889,300,2666700,10:14:26
8890,100,889000,10:14:26
8889,100,888900,10:14:26
8890,500,4445000,10:14:26
8889,100,888900,10:14:25
8889,100,888900,10:14:25
8889,600,5333400,10:14:25
8890,400,3556000,10:14:25
8890,100,889000,10:14:25
8890,600,5334000,10:14:23
8891,100,889100,10:14:23
8891,200,1778200,10:14:20
8892,200,1778400,10:14:20
8890,500,4445000,10:14:19
8891,700,6223700,10:14:19
8892,300,2667600,10:14:19
8893,200,1778600,10:14:19
8894,100,889400,10:14:19
8893,200,1778600,10:14:18
8892,100,889200,10:14:17
8892,100,889200,10:14:10
8892,200,1778400,10:14:10
8892,100,889200,10:14:09
8892,200,1778400,10:14:09
8891,100,889100,10:14:09
8891,100,889100,10:14:04
8890,100,889000,10:14:04
8892,100,889200,10:14:03
8891,200,1778200,10:14:02
8890,100,889000,10:14:02
8890,100,889000,10:14:01
8891,100,889100,10:14:01
8892,200,1778400,10:14:00
8891,100,889100,10:14:00
8890,500,4445000,10:13:59
8891,100,889100,10:13:59
8891,300,2667300,10:13:58
8889,500,4444500,10:13:57
8890,200,1778000,10:13:57
8890,100,889000,10:13:57
8890,100,889000,10:13:57
8890,100,889000,10:13:57
8890,200,1778000,10:13:53
8890,100,889000,10:13:53
8890,100,889000,10:13:52
8891,100,889100,10:13:51
8891,100,889100,10:13:51
8891,500,4445500,10:13:51
8891,400,3556400,10:13:51
8891,100,889100,10:13:51
8893,100,889300,10:13:45
8895,100,889500,10:13:43
8895,100,889500,10:13:42
8896,100,889600,10:13:41
8897,100,889700,10:13:39
8896,100,889600,10:13:39
8896,100,889600,10:13:39
8896,100,889600,10:13:39
8896,100,889600,10:13:39
8896,100,889600,10:13:39
8897,100,889700,10:13:39
8898,100,889800,10:13:37
8897,100,889700,10:13:36
8896,100,889600,10:13:36
8896,200,1779200,10:13:36
8895,500,4447500,10:13:36
8894,100,889400,10:13:35
8894,200,1778800,10:13:35
8893,100,889300,10:13:35
8894,200,1778800,10:13:34
8893,500,4446500,10:13:34
8892,100,889200,10:13:33
8893,200,1778600,10:13:33
8893,200,1778600,10:13:33
8890,400,3556000,10:13:33
8891,600,5334600,10:13:33
8891,100,889100,10:13:33
8891,1000,8891000,10:13:33
8892,100,889200,10:13:33
8892,100,889200,10:13:33
8892,100,889200,10:13:33
8891,100,889100,10:13:33
8891,500,4445500,10:13:33
8892,200,1778400,10:13:33
8892,100,889200,10:13:33
8892,100,889200,10:13:33
8892,100,889200,10:13:32
8892,100,889200,10:13:32
8892,100,889200,10:13:32
8890,2300,20447000,10:13:32
8891,1400,12447400,10:13:32
8892,300,2667600,10:13:32
8892,100,889200,10:13:32
8892,100,889200,10:13:32
8892,100,889200,10:13:32
8893,1000,8893000,10:13:32
8893,100,889300,10:13:32
8893,100,889300,10:13:32
8893,100,889300,10:13:32
8893,100,889300,10:13:31
8893,100,889300,10:13:31
8893,100,889300,10:13:31
8893,100,889300,10:13:31
8893,200,1778600,10:13:31
8893,200,1778600,10:13:31
8894,100,889400,10:13:31
8893,100,889300,10:13:31
8893,100,889300,10:13:31
8893,100,889300,10:13:31
8893,100,889300,10:13:31
8893,100,889300,10:13:31
8894,100,889400,10:13:31
8894,100,889400,10:13:31
8895,600,5337000,10:13:31
8895,100,889500,10:13:31
8895,100,889500,10:13:31
8895,100,889500,10:13:31
8895,100,889500,10:13:31
8895,100,889500,10:13:31
8895,100,889500,10:13:31
8895,400,3558000,10:13:31
8896,1000,8896000,10:13:31
8896,100,889600,10:13:31
8896,100,889600,10:13:31
8896,100,889600,10:13:31
8896,1000,8896000,10:13:31
8896,100,889600,10:13:31
8896,100,889600,10:13:31
8897,300,2669100,10:13:31
8897,100,889700,10:13:31
8898,100,889800,10:13:31
8898,500,4449000,10:13:31
8898,500,4449000,10:13:31
8898,200,1779600,10:13:31
8898,200,1779600,10:13:31
8899,200,1779800,10:13:31
8899,100,889900,10:13:31
8899,300,2669700,10:13:31
8899,700,6229300,10:13:31
8900,9100,80990000,10:13:31
8901,3400,30263400,10:13:31
8901,100,890100,10:13:31
8901,200,1780200,10:13:31
8901,100,890100,10:13:31
8902,1000,8902000,10:13:31
8903,2400,21367200,10:13:31
8903,600,5341800,10:13:31
8903,100,890300,10:13:31
8904,200,1780800,10:13:27
8904,100,890400,10:13:19
8903,100,890300,10:13:19
8903,100,890300,10:13:10
8904,100,890400,10:13:10
8904,100,890400,10:13:07
8905,200,1781000,10:13:06
8905,100,890500,10:13:04
8906,100,890600,10:13:03
8905,100,890500,10:13:01
8906,200,1781200,10:13:00
8906,100,890600,10:13:00
8906,100,890600,10:12:54
8908,100,890800,10:12:53
8907,100,890700,10:12:53
8908,200,1781600,10:12:52
8908,300,2672400,10:12:52
8907,400,3562800,10:12:51
8906,300,2671800,10:12:48
8905,200,1781000,10:12:48
8903,100,890300,10:12:41
8903,400,3561200,10:12:41
8903,100,890300,10:12:40
8904,500,4452000,10:12:40
8904,400,3561600,10:12:40
8904,100,890400,10:12:40
8904,100,890400,10:12:40
8904,100,890400,10:12:40
8904,100,890400,10:12:40
8904,100,890400,10:12:40
8905,300,2671500,10:12:35
8906,100,890600,10:12:31
8906,100,890600,10:12:31
8907,300,2672100,10:12:25
8906,100,890600,10:12:24
8906,400,3562400,10:12:24
8905,300,2671500,10:12:24
8904,600,5342400,10:12:23
8904,400,3561600,10:12:23
8903,100,890300,10:12:23
8903,100,890300,10:12:22
8904,700,6232800,10:12:22
8903,400,3561200,10:12:22
8902,100,890200,10:12:22
8902,300,2670600,10:12:21
8902,100,890200,10:12:21
8902,400,3560800,10:12:21
8902,100,890200,10:12:21
8903,200,1780600,10:12:21
8903,1400,12464200,10:12:21
8903,100,890300,10:12:21
8904,100,890400,10:12:20
8903,100,890300,10:12:20
8904,2300,20479200,10:12:20
8905,2600,23153000,10:12:20
8906,100,890600,10:12:16
8905,200,1781000,10:12:15
8905,100,890500,10:12:13
8905,100,890500,10:12:12
8905,100,890500,10:12:12
8905,600,5343000,10:12:11
8906,500,4453000,10:12:07
8906,100,890600,10:12:07
8906,100,890600,10:12:07
8906,200,1781200,10:12:07
8906,200,1781200,10:12:07
8906,200,1781200,10:12:07
8906,200,1781200,10:12:07
8906,100,890600,10:12:07
8906,200,1781200,10:12:07
8908,500,4454000,10:11:57
8907,300,2672100,10:11:57
8906,100,890600,10:11:54
8906,100,890600,10:11:53
8906,100,890600,10:11:41
8907,200,1781400,10:11:40
8906,100,890600,10:11:33
8907,100,890700,10:11:30
8907,100,890700,10:11:30
8906,200,1781200,10:11:25
8906,100,890600,10:11:20
8906,400,3562400,10:11:20
8906,400,3562400,10:11:20
8906,100,890600,10:11:20
8906,200,1781200,10:11:18
8906,100,890600,10:11:17
8905,100,890500,10:11:15
8905,100,890500,10:11:15
8905,100,890500,10:11:13
8906,100,890600,10:11:11
8906,100,890600,10:11:11
8906,100,890600,10:11:11
8908,100,890800,10:11:09
8908,300,2672400,10:11:08
8906,400,3562400,10:11:00
8906,100,890600,10:11:00
8907,100,890700,10:10:58
8907,100,890700,10:10:55
8908,100,890800,10:10:55
8909,100,890900,10:10:55
8909,100,890900,10:10:53
8908,100,890800,10:10:49
8907,100,890700,10:10:47
8908,100,890800,10:10:44
8908,300,2672400,10:10:41
8907,100,890700,10:10:38
8906,500,4453000,10:10:34
8908,100,890800,10:10:34
8908,100,890800,10:10:31
8909,100,890900,10:10:30
8908,100,890800,10:10:29
8907,300,2672100,10:10:29
8907,500,4453500,10:10:27
8906,700,6234200,10:10:27
8904,100,890400,10:10:27
8905,300,2671500,10:10:27
8904,100,890400,10:10:24
8904,100,890400,10:10:24
8904,100,890400,10:10:13
8904,500,4452000,10:10:13
8903,100,890300,10:10:10
8903,100,890300,10:10:10
8903,100,890300,10:10:10
8903,100,890300,10:10:08
8902,200,1780400,10:10:08
8902,100,890200,10:10:07
8903,100,890300,10:10:07
8903,100,890300,10:10:07
8904,100,890400,10:10:07
8904,200,1780800,10:10:07
8903,500,4451500,10:10:07
8901,400,3560400,10:10:07
8901,700,6230700,10:10:06
8901,600,5340600,10:10:06
8901,400,3560400,10:10:06
8902,100,890200,10:10:06
8902,500,4451000,10:10:06
8902,100,890200,10:10:05
8902,100,890200,10:10:04
8902,100,890200,10:10:04
8903,1300,11573900,10:10:04
8904,1100,9794400,10:10:04
8904,100,890400,10:10:03
8904,100,890400,10:10:01
8904,100,890400,10:09:57
8905,300,2671500,10:09:57
8905,100,890500,10:09:57
8905,700,6233500,10:09:57
8905,100,890500,10:09:57
8905,100,890500,10:09:56
8905,100,890500,10:09:55
8905,100,890500,10:09:55
8905,100,890500,10:09:55
8905,900,8014500,10:09:55
8905,100,890500,10:09:54
8905,100,890500,10:09:54
8905,100,890500,10:09:53
8905,100,890500,10:09:53
8906,200,1781200,10:09:52
8906,100,890600,10:09:52
8907,1400,12469800,10:09:52
8908,1800,16034400,10:09:52
8909,400,3563600,10:09:51
8909,100,890900,10:09:51
8909,100,890900,10:09:50
8910,100,891000,10:09:44
8910,100,891000,10:09:44
8910,700,6237000,10:09:44
8910,100,891000,10:09:40
8910,100,891000,10:09:40
8910,100,891000,10:09:40
8910,500,4455000,10:09:40
8910,500,4455000,10:09:40
8910,1300,11583000,10:09:40
8910,100,891000,10:09:37
8910,2500,22275000,10:09:37
8911,300,2673300,10:09:34
8911,100,891100,10:09:34
8912,100,891200,10:09:25
8912,600,5347200,10:09:25
8912,100,891200,10:09:25
8911,100,891100,10:09:21
8911,200,1782200,10:09:19
8912,100,891200,10:09:16
8912,200,1782400,10:09:15
8913,100,891300,10:09:14
8912,100,891200,10:09:14
8912,100,891200,10:09:14
8913,100,891300,10:09:06
8913,100,891300,10:09:03
8912,100,891200,10:09:03
8911,100,891100,10:09:00
8912,200,1782400,10:08:59
8912,100,891200,10:08:57
8911,100,891100,10:08:51
8912,100,891200,10:08:48
8910,200,1782000,10:08:45
8910,100,891000,10:08:45
8908,100,890800,10:08:43
8909,200,1781800,10:08:43
8909,100,890900,10:08:43
8910,500,4455000,10:08:40
8910,200,1782000,10:08:40
8910,200,1782000,10:08:40
8910,200,1782000,10:08:40
8910,200,1782000,10:08:40
8911,100,891100,10:08:39
8911,100,891100,10:08:37
8911,100,891100,10:08:37
8912,300,2673600,10:08:37
8912,400,3564800,10:08:37
8913,200,1782600,10:08:36
8914,200,1782800,10:08:35
8913,100,891300,10:08:35
8913,100,891300,10:08:35
8913,100,891300,10:08:35
8913,100,891300,10:08:35
8912,100,891200,10:08:33
8912,100,891200,10:08:25
8913,100,891300,10:08:25
8912,100,891200,10:08:24
8912,200,1782400,10:08:24
8911,200,1782200,10:08:23
8910,200,1782000,10:08:19
8908,600,5344800,10:08:17
8908,100,890800,10:08:17
8909,300,2672700,10:08:16
8910,500,4455000,10:08:14
8910,100,891000,10:08:14
8911,100,891100,10:08:10
8911,200,1782200,10:08:10
8911,100,891100,10:08:10
8911,100,891100,10:08:10
8912,300,2673600,10:08:05
8912,100,891200,10:08:04
8912,100,891200,10:07:58
8911,100,891100,10:07:58
8912,100,891200,10:07:57
8912,100,891200,10:07:48
8914,100,891400,10:07:47
8913,200,1782600,10:07:46
8912,200,1782400,10:07:46
8913,100,891300,10:07:43
8911,100,891100,10:07:42
8912,100,891200,10:07:42
8912,200,1782400,10:07:42
8913,100,891300,10:07:42
8913,700,6239100,10:07:37
8913,100,891300,10:07:37
8913,400,3565200,10:07:37
8913,700,6239100,10:07:37
8913,100,891300,10:07:37
8914,200,1782800,10:07:37
8914,200,1782800,10:07:37
8915,1100,9806500,10:07:33
8915,100,891500,10:07:33
8915,100,891500,10:07:33
8915,100,891500,10:07:33
8915,100,891500,10:07:33
8915,100,891500,10:07:33
8915,100,891500,10:07:32
8916,100,891600,10:07:32
8916,100,891600,10:07:31
8916,500,4458000,10:07:31
8916,100,891600,10:07:31
8916,100,891600,10:07:27
8915,100,891500,10:07:26
8915,100,891500,10:07:24
8915,100,891500,10:07:23
8915,100,891500,10:07:21
8915,200,1783000,10:07:20
8916,100,891600,10:07:20
8916,100,891600,10:07:20
8916,200,1783200,10:07:15
8916,100,891600,10:07:14
8916,100,891600,10:07:13
8915,400,3566000,10:07:13
8915,100,891500,10:07:13
8914,200,1782800,10:07:13
8913,100,891300,10:07:13
8913,200,1782600,10:07:13
8913,100,891300,10:07:11
8913,100,891300,10:07:11
8913,100,891300,10:07:11
8913,200,1782600,10:07:11
8913,200,1782600,10:07:11
8913,200,1782600,10:07:11
8913,100,891300,10:07:08
8912,100,891200,10:07:06
8912,100,891200,10:07:06
8912,400,3564800,10:07:06
8912,100,891200,10:07:05
8910,100,891000,10:07:04
8911,200,1782200,10:07:03
8911,200,1782200,10:07:03
8910,100,891000,10:07:03
8910,100,891000,10:07:01
8911,100,891100,10:06:59
8910,100,891000,10:06:59
8910,100,891000,10:06:58
8909,200,1781800,10:06:55
8909,200,1781800,10:06:55
8908,100,890800,10:06:52
8908,100,890800,10:06:43
8908,100,890800,10:06:43
8908,200,1781600,10:06:43
8908,100,890800,10:06:43
8908,600,5344800,10:06:43
8908,100,890800,10:06:42
8909,100,890900,10:06:40
8908,100,890800,10:06:40
8908,200,1781600,10:06:40
8908,200,1781600,10:06:40
8908,200,1781600,10:06:40
8909,300,2672700,10:06:35
8910,100,891000,10:06:34
8910,100,891000,10:06:34
8911,600,5346600,10:06:33
8910,100,891000,10:06:33
8910,200,1782000,10:06:32
8910,100,891000,10:06:31
8910,500,4455000,10:06:29
8908,200,1781600,10:06:26
8909,200,1781800,10:06:25
8908,100,890800,10:06:20
8908,400,3563200,10:06:20
8907,100,890700,10:06:10
8908,100,890800,10:06:09
8909,100,890900,10:06:09
8910,100,891000,10:06:05
8909,300,2672700,10:06:04
8909,300,2672700,10:06:04
8908,200,1781600,10:06:02
8908,200,1781600,10:06:02
8907,100,890700,10:06:01
8907,100,890700,10:06:01
8907,100,890700,10:06:01
8906,600,5343600,10:06:01
8906,100,890600,10:05:59
8906,100,890600,10:05:59
8906,100,890600,10:05:57
8907,100,890700,10:05:54
8908,100,890800,10:05:53
8908,200,1781600,10:05:49
8906,100,890600,10:05:49
8906,100,890600,10:05:49
8906,100,890600,10:05:49
8907,400,3562800,10:05:49
8907,200,1781400,10:05:49
8907,100,890700,10:05:49
8907,100,890700,10:05:49
8907,700,6234900,10:05:49
8908,2200,19597600,10:05:49
8908,100,890800,10:05:48
8908,100,890800,10:05:48
8908,100,890800,10:05:47
8909,500,4454500,10:05:43
8909,100,890900,10:05:40
8909,200,1781800,10:05:34
8910,100,891000,10:05:34
8909,100,890900,10:05:34
8910,100,891000,10:05:32
8910,200,1782000,10:05:32
8910,100,891000,10:05:31
8910,200,1782000,10:05:31
8910,100,891000,10:05:31
8910,200,1782000,10:05:31
8910,100,891000,10:05:31
8910,200,1782000,10:05:31
8910,200,1782000,10:05:31
8910,100,891000,10:05:31
8911,300,2673300,10:05:30
8912,600,5347200,10:05:30
8912,100,891200,10:05:30
8912,100,891200,10:05:26
8910,300,2673000,10:05:19
8910,100,891000,10:05:12
8910,100,891000,10:05:11
8910,100,891000,10:05:11
8910,200,1782000,10:05:08
8911,200,1782200,10:05:07
8913,100,891300,10:05:03
8913,300,2673900,10:05:02
8913,100,891300,10:05:02
8912,100,891200,10:05:01
8912,200,1782400,10:04:58
8911,700,6237700,10:04:58
8910,200,1782000,10:04:56
8910,100,891000,10:04:56
8910,300,2673000,10:04:50
8911,400,3564400,10:04:50
8912,100,891200,10:04:45
8913,200,1782600,10:04:44
8913,100,891300,10:04:44
8913,200,1782600,10:04:42
8911,400,3564400,10:04:36
8910,600,5346000,10:04:36
8909,100,890900,10:04:31
8909,100,890900,10:04:29
8909,200,1781800,10:04:29
8909,800,7127200,10:04:29
8909,100,890900,10:04:29
8910,200,1782000,10:04:21
8911,100,891100,10:04:19
8910,100,891000,10:04:18
8910,100,891000,10:04:18
8909,100,890900,10:04:16
8909,100,890900,10:04:15
8910,100,891000,10:04:12
8909,200,1781800,10:04:11
8910,400,3564000,10:04:10
8910,100,891000,10:04:10
8910,200,1782000,10:04:10
8911,400,3564400,10:04:09
8913,600,5347800,10:04:08
8913,800,7130400,10:04:08
8915,100,891500,10:04:08
8915,500,4457500,10:04:08
8914,500,4457000,10:04:08
8913,200,1782600,10:04:07
8913,300,2673900,10:04:06
8912,200,1782400,10:04:04
8912,100,891200,10:04:03
8911,100,891100,10:04:03
8911,100,891100,10:04:02
8910,500,4455000,10:04:00
8911,500,4455500,10:04:00
8913,100,891300,10:03:57
8912,100,891200,10:03:53
8913,300,2673900,10:03:53
8913,200,1782600,10:03:50
8914,300,2674200,10:03:50
8916,200,1783200,10:03:47
8915,1900,16938500,10:03:47
8914,900,8022600,10:03:47
8913,500,4456500,10:03:47
8912,100,891200,10:03:47
8912,200,1782400,10:03:46
8911,100,891100,10:03:46
8909,100,890900,10:03:45
8911,100,891100,10:03:45
8911,100,891100,10:03:45
8911,100,891100,10:03:45
8910,100,891000,10:03:44
8910,1000,8910000,10:03:44
8910,100,891000,10:03:44
8911,600,5346600,10:03:43
8911,200,1782200,10:03:43
8912,600,5347200,10:03:43
8912,700,6238400,10:03:43
8912,600,5347200,10:03:43
8913,800,7130400,10:03:42
8914,6000,53484000,10:03:42
8915,100,891500,10:03:42
8915,500,4457500,10:03:42
8915,100,891500,10:03:42
8915,100,891500,10:03:40
8916,400,3566400,10:03:37
8916,300,2674800,10:03:37
8915,100,891500,10:03:36
8916,100,891600,10:03:36
8915,100,891500,10:03:34
8915,100,891500,10:03:34
8915,500,4457500,10:03:34
8915,100,891500,10:03:34
8915,600,5349000,10:03:34
8915,100,891500,10:03:34
8915,100,891500,10:03:34
8915,100,891500,10:03:34
8915,100,891500,10:03:34
8916,1400,12482400,10:03:34
8917,2500,22292500,10:03:34
8917,200,1783400,10:03:34
8918,1000,8918000,10:03:28
8918,100,891800,10:03:24
8918,100,891800,10:03:21
8920,100,892000,10:03:18
8919,200,1783800,10:03:15
8920,100,892000,10:03:13
8918,100,891800,10:03:13
8918,200,1783600,10:03:10
8920,200,1784000,10:03:08
8920,100,892000,10:03:07
8919,100,891900,10:03:07
8918,100,891800,10:03:07
8918,300,2675400,10:03:05
8917,200,1783400,10:03:04
8917,200,1783400,10:03:04
8917,200,1783400,10:03:04
8917,100,891700,10:03:04
8917,100,891700,10:03:04
8917,100,891700,10:03:04
8917,200,1783400,10:03:04
8917,100,891700,10:03:04
8918,100,891800,10:03:03
8918,500,4459000,10:03:01
8919,400,3567600,10:03:01
8920,200,1784000,10:02:58
8921,200,1784200,10:02:58
8922,100,892200,10:02:57
8921,100,892100,10:02:56
8921,100,892100,10:02:56
8920,1200,10704000,10:02:56
8919,100,891900,10:02:55
8919,600,5351400,10:02:55
8919,400,3567600,10:02:55
8919,200,1783800,10:02:55
8919,100,891900,10:02:55
8919,200,1783800,10:02:53
8919,100,891900,10:02:53
8919,200,1783800,10:02:53
8918,100,891800,10:02:53
8918,100,891800,10:02:53
8917,100,891700,10:02:51
8918,100,891800,10:02:50
8917,300,2675100,10:02:49
8918,100,891800,10:02:46
8919,100,891900,10:02:45
8918,100,891800,10:02:43
8919,100,891900,10:02:42
8918,100,891800,10:02:41
8918,400,3567200,10:02:41
8918,100,891800,10:02:39
8917,100,891700,10:02:34
8918,100,891800,10:02:34
8919,300,2675700,10:02:34
8919,100,891900,10:02:30
8919,300,2675700,10:02:27
8919,700,6243300,10:02:27
8919,200,1783800,10:02:25
8920,300,2676000,10:02:25
8920,100,892000,10:02:21
8920,200,1784000,10:02:21
8919,200,1783800,10:02:21
8919,1500,13378500,10:02:20
8917,200,1783400,10:02:19
8916,200,1783200,10:02:18
8915,400,3566000,10:02:16
8916,200,1783200,10:02:16
8918,200,1783600,10:02:16
8917,100,891700,10:02:16
8915,100,891500,10:02:15
8915,100,891500,10:02:15
8915,100,891500,10:02:14
8916,300,2674800,10:02:12
8915,200,1783000,10:02:12
8914,100,891400,10:02:10
8915,100,891500,10:02:10
8915,200,1783000,10:02:09
8915,300,2674500,10:02:09
8915,1700,15155500,10:02:09
8916,700,6241200,10:02:09
8917,100,891700,10:02:07
8917,100,891700,10:02:06
8916,100,891600,10:02:06
8918,400,3567200,10:02:04
8917,200,1783400,10:02:04
8916,200,1783200,10:02:04
8916,100,891600,10:02:02
8917,100,891700,10:02:02
8917,100,891700,10:02:01
8918,100,891800,10:02:01
8917,400,3566800,10:02:01
8917,200,1783400,10:02:01
8916,100,891600,10:02:01
8916,100,891600,10:02:01
8916,400,3566400,10:02:00
8916,100,891600,10:02:00
8916,200,1783200,10:02:00
8916,100,891600,10:02:00
8916,100,891600,10:01:59
8917,100,891700,10:01:58
8917,100,891700,10:01:52
8917,100,891700,10:01:52
8916,100,891600,10:01:51
8917,200,1783400,10:01:50
8919,100,891900,10:01:47
8919,100,891900,10:01:47
8918,100,891800,10:01:46
8918,100,891800,10:01:46
8918,100,891800,10:01:46
8918,100,891800,10:01:46
8917,400,3566800,10:01:46
8916,500,4458000,10:01:46
8916,200,1783200,10:01:46
8916,100,891600,10:01:45
8917,100,891700,10:01:45
8918,300,2675400,10:01:45
8917,100,891700,10:01:44
8917,100,891700,10:01:44
8917,100,891700,10:01:43
8917,200,1783400,10:01:43
8918,100,891800,10:01:43
8917,200,1783400,10:01:43
8917,100,891700,10:01:43
8918,100,891800,10:01:43
8918,300,2675400,10:01:43
8918,100,891800,10:01:43
8918,600,5350800,10:01:42
8919,100,891900,10:01:42
8919,900,8027100,10:01:42
8919,100,891900,10:01:42
8920,100,892000,10:01:42
8920,300,2676000,10:01:42
8921,100,892100,10:01:42
8921,100,892100,10:01:42
8921,100,892100,10:01:42
8920,100,892000,10:01:42
8920,300,2676000,10:01:42
8922,200,1784400,10:01:42
8922,100,892200,10:01:42
8920,600,5352000,10:01:42
8921,200,1784200,10:01:42
8922,100,892200,10:01:42
8922,200,1784400,10:01:42
8921,300,2676300,10:01:42
8922,600,5353200,10:01:42
8923,500,4461500,10:01:42
8924,1300,11601200,10:01:42
8925,12400,110670000,10:01:42
8925,100,892500,10:01:42
8925,100,892500,10:01:42
8925,100,892500,10:01:42
8925,100,892500,10:01:42
8925,600,5355000,10:01:42
8925,400,3570000,10:01:42
8925,100,892500,10:01:42
8925,100,892500,10:01:42
8925,100,892500,10:01:42
8926,100,892600,10:01:41
8926,200,1785200,10:01:41
8926,100,892600,10:01:41
8928,100,892800,10:01:35
8927,1000,8927000,10:01:35
8927,100,892700,10:01:33
8926,100,892600,10:01:32
8926,100,892600,10:01:32
8925,200,1785000,10:01:31
8925,300,2677500,10:01:30
8925,100,892500,10:01:29
8925,100,892500,10:01:28
8925,700,6247500,10:01:28
8925,100,892500,10:01:28
8926,100,892600,10:01:28
8926,200,1785200,10:01:27
8926,100,892600,10:01:26
8927,200,1785400,10:01:23
8926,200,1785200,10:01:23
8926,500,4463000,10:01:20
8926,500,4463000,10:01:20
8926,200,1785200,10:01:20
8926,100,892600,10:01:18
8927,100,892700,10:01:18
8927,200,1785400,10:01:18
8928,100,892800,10:01:17
8927,100,892700,10:01:17
8928,1000,8928000,10:01:17
8928,300,2678400,10:01:14
8928,100,892800,10:01:14
8929,100,892900,10:01:10
8930,200,1786000,10:01:10
8930,300,2679000,10:01:10
8930,300,2679000,10:01:10
8930,100,893000,10:01:07
8930,200,1786000,10:01:07
8931,100,893100,10:01:06
8931,300,2679300,10:01:06
8930,100,893000,10:01:06
8930,200,1786000,10:01:06
8929,100,892900,10:01:06
8929,100,892900,10:01:06
8928,100,892800,10:01:04
8927,100,892700,10:01:01
8927,100,892700,10:00:59
8927,200,1785400,10:00:51
8929,100,892900,10:00:49
8929,100,892900,10:00:49
8928,200,1785600,10:00:48
8929,100,892900,10:00:47
8929,100,892900,10:00:47
8929,500,4464500,10:00:47
8929,400,3571600,10:00:47
8930,100,893000,10:00:47
8931,100,893100,10:00:46
8929,400,3571600,10:00:46
8930,600,5358000,10:00:46
8928,100,892800,10:00:46
8929,700,6250300,10:00:46
8929,200,1785800,10:00:46
8928,400,3571200,10:00:46
8927,100,892700,10:00:46
8927,600,5356200,10:00:46
8926,600,5355600,10:00:45
8926,100,892600,10:00:45
8926,100,892600,10:00:45
8925,100,892500,10:00:43
8926,200,1785200,10:00:43
8925,100,892500,10:00:42
8925,200,1785000,10:00:41
8925,100,892500,10:00:41
8925,100,892500,10:00:40
8926,200,1785200,10:00:39
8926,500,4463000,10:00:39
8926,200,1785200,10:00:39
8926,100,892600,10:00:38
8926,100,892600,10:00:38
8926,200,1785200,10:00:37
8927,300,2678100,10:00:37
8927,100,892700,10:00:37
8928,1000,8928000,10:00:35
8930,400,3572000,10:00:35
8929,200,1785800,10:00:35
8928,100,892800,10:00:34
8928,100,892800,10:00:34
8928,200,1785600,10:00:34
8928,200,1785600,10:00:33
8928,100,892800,10:00:33
8929,500,4464500,10:00:33
8930,900,8037000,10:00:33
8930,200,1786000,10:00:33
8930,100,893000,10:00:32
8931,100,893100,10:00:31
8932,100,893200,10:00:28
8930,300,2679000,10:00:27
8932,100,893200,10:00:26
8932,200,1786400,10:00:26
8931,100,893100,10:00:26
8930,100,893000,10:00:20
8931,200,1786200,10:00:18
8931,100,893100,10:00:16
8931,100,893100,10:00:14
8932,100,893200,10:00:14
8932,100,893200,10:00:11
8932,100,893200,10:00:10
8931,100,893100,10:00:09
8930,100,893000,10:00:08
8930,100,893000,10:00:07
8930,100,893000,10:00:07
8931,400,3572400,10:00:03
8932,400,3572800,10:00:03
8935,100,893500,10:00:01
8934,300,2680200,10:00:01
8932,100,893200,10:00:01
8932,100,893200,10:00:00
8932,100,893200,10:00:00
8932,300,2679600,10:00:00
8933,200,1786600,09:59:59
8933,200,1786600,09:59:59
8933,100,893300,09:59:59
8933,100,893300,09:59:59
8933,100,893300,09:59:59
8933,100,893300,09:59:59
8934,200,1786800,09:59:57
8934,200,1786800,09:59:57
8934,100,893400,09:59:57
8935,100,893500,09:59:55
8935,100,893500,09:59:54
8935,300,2680500,09:59:51
8935,400,3574000,09:59:51
8935,100,893500,09:59:51
8934,100,893400,09:59:47
8934,100,893400,09:59:46
8934,100,893400,09:59:46
8934,200,1786800,09:59:46
8934,200,1786800,09:59:46
8934,100,893400,09:59:45
8935,400,3574000,09:59:44
8935,100,893500,09:59:44
8935,100,893500,09:59:44
8935,100,893500,09:59:44
8935,200,1787000,09:59:43
8936,100,893600,09:59:40
8936,400,3574400,09:59:40
8936,100,893600,09:59:40
8936,100,893600,09:59:40
8936,100,893600,09:59:39
8936,100,893600,09:59:39
8937,400,3574800,09:59:39
8937,100,893700,09:59:39
8937,100,893700,09:59:39
8938,800,7150400,09:59:38
8938,100,893800,09:59:38
8938,100,893800,09:59:38
8939,200,1787800,09:59:37
8939,400,3575600,09:59:37
8939,200,1787800,09:59:37
8939,400,3575600,09:59:37
8942,100,894200,09:59:35
8939,100,893900,09:59:34
8939,100,893900,09:59:34
8940,100,894000,09:59:33
8940,300,2682000,09:59:33
8941,100,894100,09:59:33
8943,100,894300,09:59:26
8940,1600,14304000,09:59:25
8941,200,1788200,09:59:25
8941,500,4470500,09:59:23
8940,300,2682000,09:59:23
8941,100,894100,09:59:23
8943,200,1788600,09:59:22
8943,300,2682900,09:59:19
8942,200,1788400,09:59:19
8942,100,894200,09:59:18
8941,100,894100,09:59:15
8942,400,3576800,09:59:15
8943,200,1788600,09:59:15
8943,100,894300,09:59:15
8943,800,7154400,09:59:15
8944,900,8049600,09:59:15
8945,100,894500,09:59:09
8945,100,894500,09:59:07
8945,100,894500,09:59:07
8945,100,894500,09:59:07
8945,500,4472500,09:59:07
8945,400,3578000,09:59:07
8946,100,894600,09:59:03
8946,100,894600,09:59:00
8948,100,894800,09:59:00
8948,100,894800,09:59:00
8948,400,3579200,09:59:00
8948,100,894800,09:59:00
8947,300,2684100,09:59:00
8947,100,894700,09:59:00
8946,100,894600,09:58:58
8946,100,894600,09:58:57
8946,200,1789200,09:58:55
8946,100,894600,09:58:50
8946,100,894600,09:58:46
8946,100,894600,09:58:43
8946,100,894600,09:58:43
8945,100,894500,09:58:41
8944,100,894400,09:58:39
8945,100,894500,09:58:39
8944,100,894400,09:58:39
8944,200,1788800,09:58:39
8944,100,894400,09:58:39
8944,500,4472000,09:58:39
8944,100,894400,09:58:39
8945,200,1789000,09:58:39
8946,100,894600,09:58:39
8946,100,894600,09:58:36
8945,100,894500,09:58:33
8945,100,894500,09:58:32
8944,100,894400,09:58:22
8946,300,2683800,09:58:22
8946,400,3578400,09:58:22
8945,300,2683500,09:58:22
8943,300,2682900,09:58:20
8944,100,894400,09:58:20
8944,600,5366400,09:58:17
8943,400,3577200,09:58:13
8942,200,1788400,09:58:12
8942,100,894200,09:58:07
8942,100,894200,09:58:06
8944,100,894400,09:58:03
8944,200,1788800,09:58:00
8944,100,894400,09:57:59
8944,300,2683200,09:57:56
8945,200,1789000,09:57:56
8948,200,1789600,09:57:51
8948,200,1789600,09:57:51
8946,100,894600,09:57:50
8947,100,894700,09:57:49
8947,100,894700,09:57:47
8947,500,4473500,09:57:47
8946,400,3578400,09:57:47
8945,300,2683500,09:57:47
8944,200,1788800,09:57:47
8943,300,2682900,09:57:47
8943,100,894300,09:57:46
8944,100,894400,09:57:44
8943,100,894300,09:57:43
8944,100,894400,09:57:43
8944,100,894400,09:57:43
8944,100,894400,09:57:43
8944,100,894400,09:57:42
8944,100,894400,09:57:42
8945,100,894500,09:57:42
8945,200,1789000,09:57:41
8945,100,894500,09:57:39
8946,200,1789200,09:57:39
8945,200,1789000,09:57:39
8946,300,2683800,09:57:39
8946,800,7156800,09:57:39
8947,100,894700,09:57:39
8947,200,1789400,09:57:39
8947,100,894700,09:57:39
8948,100,894800,09:57:38
8948,300,2684400,09:57:38
8948,100,894800,09:57:38
8950,100,895000,09:57:38
8948,100,894800,09:57:37
8949,100,894900,09:57:37
8949,100,894900,09:57:37
8949,100,894900,09:57:36
8949,100,894900,09:57:36
8949,100,894900,09:57:36
8950,100,895000,09:57:36
8950,900,8055000,09:57:36
8951,1400,12531400,09:57:36
8951,200,1790200,09:57:35
8953,200,1790600,09:57:31
8952,100,895200,09:57:31
8952,100,895200,09:57:31
8951,100,895100,09:57:31
8952,100,895200,09:57:31
8951,100,895100,09:57:31
8952,100,895200,09:57:31
8952,100,895200,09:57:30
8953,100,895300,09:57:30
8953,100,895300,09:57:30
8952,100,895200,09:57:30
8953,100,895300,09:57:30
8953,700,6267100,09:57:30
8954,100,895400,09:57:30
8954,100,895400,09:57:30
8954,500,4477000,09:57:29
8955,400,3582000,09:57:29
8955,100,895500,09:57:29
8956,1800,16120800,09:57:29
8956,100,895600,09:57:29
8956,600,5373600,09:57:29
8956,100,895600,09:57:29
8958,100,895800,09:57:29
8959,200,1791800,09:57:29
8956,200,1791200,09:57:28
8957,100,895700,09:57:28
8958,200,1791600,09:57:28
8957,900,8061300,09:57:27
8958,2100,18811800,09:57:27
8959,1400,12542600,09:57:27
8960,600,5376000,09:57:27
8960,400,3584000,09:57:27
8961,600,5376600,09:57:27
8961,100,896100,09:57:25
8963,100,896300,09:57:24
8963,100,896300,09:57:23
8962,100,896200,09:57:22
8962,100,896200,09:57:18
8963,100,896300,09:57:17
8962,100,896200,09:57:17
8964,100,896400,09:57:14
8964,100,896400,09:57:12
8964,300,2689200,09:57:12
8963,600,5377800,09:57:12
8962,100,896200,09:57:11
8962,300,2688600,09:57:10
8963,200,1792600,09:57:10
8964,200,1792800,09:57:09
8964,300,2689200,09:57:09
8963,100,896300,09:57:09
8963,100,896300,09:57:09
8963,100,896300,09:57:09
8963,100,896300,09:57:08
8962,100,896200,09:57:07
8962,100,896200,09:57:07
8963,200,1792600,09:57:07
8962,100,896200,09:57:07
8961,100,896100,09:57:05
8961,100,896100,09:57:05
8961,100,896100,09:57:05
8960,500,4480000,09:57:05
8961,300,2688300,09:57:04
8963,200,1792600,09:57:04
8962,300,2688600,09:57:04
8962,100,896200,09:57:04
8961,100,896100,09:57:03
8962,100,896200,09:57:02
8962,100,896200,09:57:01
8960,100,896000,09:57:00
8960,100,896000,09:56:59
8960,100,896000,09:56:59
8961,100,896100,09:56:55
8961,200,1792200,09:56:55
8960,100,896000,09:56:53
8960,100,896000,09:56:52
8959,100,895900,09:56:52
8960,200,1792000,09:56:52
8960,100,896000,09:56:52
8960,300,2688000,09:56:52
8960,100,896000,09:56:50
8961,800,7168800,09:56:49
8961,200,1792200,09:56:49
8961,100,896100,09:56:49
8962,500,4481000,09:56:48
8964,100,896400,09:56:48
8964,100,896400,09:56:46
8964,100,896400,09:56:44
8963,300,2688900,09:56:43
8963,400,3585200,09:56:41
8963,100,896300,09:56:40
8963,100,896300,09:56:33
8963,100,896300,09:56:32
8963,200,1792600,09:56:32
8963,100,896300,09:56:31
8963,100,896300,09:56:31
8963,200,1792600,09:56:31
8963,200,1792600,09:56:29
8963,100,896300,09:56:26
8962,100,896200,09:56:25
8963,100,896300,09:56:23
8962,200,1792400,09:56:21
8962,100,896200,09:56:21
8961,200,1792200,09:56:21
8961,200,1792200,09:56:21
8960,100,896000,09:56:20
8961,100,896100,09:56:17
8961,100,896100,09:56:16
8959,100,895900,09:56:16
8958,100,895800,09:56:16
8959,100,895900,09:56:16
8960,300,2688000,09:56:16
8959,100,895900,09:56:16
8960,100,896000,09:56:15
8960,100,896000,09:56:15
8959,200,1791800,09:56:15
8959,100,895900,09:56:15
8960,100,896000,09:56:15
8960,300,2688000,09:56:15
8960,200,1792000,09:56:15
8961,200,1792200,09:56:14
8962,100,896200,09:56:14
8961,100,896100,09:56:14
8962,400,3584800,09:56:14
8962,100,896200,09:56:14
8962,100,896200,09:56:14
8962,100,896200,09:56:14
8962,100,896200,09:56:14
8963,300,2688900,09:56:10
8963,100,896300,09:56:10
8963,600,5377800,09:56:10
8964,200,1792800,09:56:10
8964,600,5378400,09:56:10
8964,600,5378400,09:56:10
8964,600,5378400,09:56:10
8964,100,896400,09:56:09
8965,100,896500,09:56:06
8965,100,896500,09:56:04
8965,100,896500,09:56:02
8965,200,1793000,09:56:01
8965,200,1793000,09:56:00
8967,100,896700,09:56:00
8966,100,896600,09:55:58
8967,100,896700,09:55:57
8967,300,2690100,09:55:57
8966,400,3586400,09:55:57
8966,100,896600,09:55:56
8965,400,3586000,09:55:56
8965,200,1793000,09:55:56
8965,100,896500,09:55:56
8965,200,1793000,09:55:56
8964,100,896400,09:55:54
8963,3100,27785300,09:55:54
8962,100,896200,09:55:54
8962,100,896200,09:55:54
8961,200,1792200,09:55:54
8963,100,896300,09:55:54
8962,500,4481000,09:55:54
8963,900,8066700,09:55:54
8965,100,896500,09:55:53
8964,100,896400,09:55:53
8964,100,896400,09:55:50
8964,100,896400,09:55:50
8965,100,896500,09:55:47
8964,100,896400,09:55:47
8964,100,896400,09:55:45
8964,100,896400,09:55:45
8964,300,2689200,09:55:45
8965,100,896500,09:55:43
8965,200,1793000,09:55:41
8965,100,896500,09:55:38
8965,100,896500,09:55:37
8965,100,896500,09:55:37
8965,100,896500,09:55:36
8966,200,1793200,09:55:36
8965,400,3586000,09:55:36
8965,500,4482500,09:55:36
8964,100,896400,09:55:35
8964,100,896400,09:55:35
8964,100,896400,09:55:35
8963,100,896300,09:55:35
8962,100,896200,09:55:32
8963,100,896300,09:55:32
8963,100,896300,09:55:32
8962,100,896200,09:55:32
8961,100,896100,09:55:32
8960,1800,16128000,09:55:32
8959,400,3583600,09:55:32
8959,200,1791800,09:55:32
8959,800,7167200,09:55:31
8958,200,1791600,09:55:31
8957,100,895700,09:55:31
8956,100,895600,09:55:30
8956,1000,8956000,09:55:30
8958,200,1791600,09:55:29
8956,100,895600,09:55:29
8956,100,895600,09:55:28
8957,600,5374200,09:55:28
8957,200,1791400,09:55:28
8957,300,2687100,09:55:28
8957,300,2687100,09:55:28
8957,300,2687100,09:55:28
8956,400,3582400,09:55:28
8955,500,4477500,09:55:28
8954,100,895400,09:55:25
8954,100,895400,09:55:24
8955,200,1791000,09:55:24
8953,100,895300,09:55:22
8953,100,895300,09:55:21
8955,100,895500,09:55:20
8954,100,895400,09:55:20
8955,100,895500,09:55:16
8954,100,895400,09:55:16
8954,200,1790800,09:55:15
8954,400,3581600,09:55:14
8955,100,895500,09:55:14
8955,600,5373000,09:55:14
8956,100,895600,09:55:08
8956,100,895600,09:55:07
8956,100,895600,09:55:07
8956,100,895600,09:55:07
8957,100,895700,09:55:07
8957,300,2687100,09:55:07
8957,100,895700,09:55:07
8957,100,895700,09:55:07
8958,100,895800,09:55:06
8959,100,895900,09:55:06
8958,100,895800,09:55:05
8958,100,895800,09:55:05
8959,200,1791800,09:55:05
8957,100,895700,09:55:00
8956,1000,8956000,09:54:59
8957,500,4478500,09:54:59
8957,100,895700,09:54:58
8957,500,4478500,09:54:57
8957,200,1791400,09:54:57
8957,100,895700,09:54:57
8957,200,1791400,09:54:57
8957,100,895700,09:54:57
8957,100,895700,09:54:56
8957,100,895700,09:54:55
8957,100,895700,09:54:55
8957,100,895700,09:54:55
8957,100,895700,09:54:55
8955,300,2686500,09:54:55
8956,1400,12538400,09:54:55
8957,900,8061300,09:54:55
8958,400,3583200,09:54:55
8959,100,895900,09:54:51
8958,100,895800,09:54:51
8959,100,895900,09:54:51
8959,500,4479500,09:54:50
8958,100,895800,09:54:50
8958,100,895800,09:54:49
8958,200,1791600,09:54:49
8958,200,1791600,09:54:49
8957,100,895700,09:54:47
8957,200,1791400,09:54:46
8955,600,5373000,09:54:46
8956,100,895600,09:54:46
8956,100,895600,09:54:46
8956,100,895600,09:54:46
8956,300,2686800,09:54:46
8955,100,895500,09:54:45
8954,100,895400,09:54:45
8955,100,895500,09:54:42
8955,1200,10746000,09:54:42
8954,700,6267800,09:54:42
8953,1200,10743600,09:54:42
8952,200,1790400,09:54:41
8952,300,2685600,09:54:41
8952,200,1790400,09:54:41
8951,100,895100,09:54:40
8951,400,3580400,09:54:40
8949,1000,8949000,09:54:40
8950,500,4475000,09:54:40
8950,100,895000,09:54:40
8950,100,895000,09:54:39
8950,100,895000,09:54:39
8950,100,895000,09:54:39
8950,200,1790000,09:54:39
8950,300,2685000,09:54:39
8950,200,1790000,09:54:39
8949,400,3579600,09:54:39
8948,100,894800,09:54:38
8949,400,3579600,09:54:35
8948,100,894800,09:54:31
8949,100,894900,09:54:26
8948,100,894800,09:54:26
8948,100,894800,09:54:26
8948,100,894800,09:54:26
8948,100,894800,09:54:26
8949,200,1789800,09:54:26
8949,100,894900,09:54:26
8947,100,894700,09:54:21
8947,100,894700,09:54:21
8947,200,1789400,09:54:18
8948,100,894800,09:54:18
8948,200,1789600,09:54:17
8949,100,894900,09:54:15
8948,100,894800,09:54:14
8948,100,894800,09:54:14
8948,500,4474000,09:54:14
8948,100,894800,09:54:14
8949,300,2684700,09:54:13
8949,100,894900,09:54:13
8952,200,1790400,09:54:11
8951,700,6265700,09:54:11
8950,100,895000,09:54:11
8950,200,1790000,09:54:09
8950,100,895000,09:54:09
8951,100,895100,09:54:09
8951,100,895100,09:54:09
8951,100,895100,09:54:09
8950,200,1790000,09:54:09
8951,100,895100,09:54:07
8952,100,895200,09:54:07
8952,700,6266400,09:54:07
8951,200,1790200,09:54:07
8951,100,895100,09:54:06
8950,100,895000,09:54:06
8949,500,4474500,09:54:06
8950,100,895000,09:54:01
8949,100,894900,09:54:01
8950,100,895000,09:54:00
8948,100,894800,09:53:57
8949,300,2684700,09:53:56
8949,100,894900,09:53:55
8949,100,894900,09:53:55
8948,100,894800,09:53:55
8948,100,894800,09:53:55
8948,200,1789600,09:53:54
8948,100,894800,09:53:54
8948,500,4474000,09:53:52
8948,100,894800,09:53:52
8948,100,894800,09:53:52
8948,400,3579200,09:53:51
8948,100,894800,09:53:51
8949,100,894900,09:53:49
8949,100,894900,09:53:46
8949,500,4474500,09:53:46
8950,100,895000,09:53:45
8949,100,894900,09:53:45
8950,200,1790000,09:53:44
8951,100,895100,09:53:44
8950,100,895000,09:53:43
8950,100,895000,09:53:43
8950,100,895000,09:53:43
8950,100,895000,09:53:42
8950,100,895000,09:53:42
8950,100,895000,09:53:42
8950,200,1790000,09:53:41
8950,100,895000,09:53:41
8953,100,895300,09:53:40
8952,100,895200,09:53:40
8952,200,1790400,09:53:38
8953,200,1790600,09:53:35
8953,200,1790600,09:53:35
8952,100,895200,09:53:34
8951,100,895100,09:53:34
8950,100,895000,09:53:33
8951,400,3580400,09:53:33
8951,3200,28643200,09:53:33
8950,400,3580000,09:53:33
8949,100,894900,09:53:32
8949,300,2684700,09:53:32
8950,700,6265000,09:53:32
8950,400,3580000,09:53:32
8950,100,895000,09:53:32
8950,800,7160000,09:53:32
8950,400,3580000,09:53:31
8950,100,895000,09:53:30
8951,500,4475500,09:53:26
8951,200,1790200,09:53:26
8951,400,3580400,09:53:26
8951,400,3580400,09:53:26
8951,100,895100,09:53:26
8951,100,895100,09:53:26
8953,5800,51927400,09:53:26
8953,200,1790600,09:53:26
8953,200,1790600,09:53:26
8952,200,1790400,09:53:25
8953,100,895300,09:53:25
8954,100,895400,09:53:25
8953,100,895300,09:53:25
8954,500,4477000,09:53:24
8953,400,3581200,09:53:24
8952,200,1790400,09:53:24
8951,100,895100,09:53:24
8952,100,895200,09:53:24
8951,100,895100,09:53:23
8951,700,6265700,09:53:23
8952,800,7161600,09:53:23
8953,100,895300,09:53:23
8954,100,895400,09:53:22
8954,200,1790800,09:53:22
8953,400,3581200,09:53:22
8952,500,4476000,09:53:22
8952,100,895200,09:53:20
8953,100,895300,09:53:19
8953,100,895300,09:53:18
8952,100,895200,09:53:16
8951,300,2685300,09:53:15
8951,100,895100,09:53:14
8951,100,895100,09:53:14
8951,100,895100,09:53:14
8952,100,895200,09:53:14
8953,500,4476500,09:53:14
8953,400,3581200,09:53:14
8954,100,895400,09:53:13
8953,100,895300,09:53:13
8953,100,895300,09:53:13
8953,600,5371800,09:53:12
8954,400,3581600,09:53:12
8954,100,895400,09:53:10
8954,100,895400,09:53:10
8954,100,895400,09:53:09
8954,100,895400,09:53:09
8954,200,1790800,09:53:08
8953,100,895300,09:53:06
8953,100,895300,09:53:05
8952,300,2685600,09:53:04
8952,100,895200,09:53:04
8952,100,895200,09:53:02
8952,100,895200,09:53:02
8953,100,895300,09:53:02
8953,400,3581200,09:53:02
8954,100,895400,09:53:02
8954,100,895400,09:53:02
8954,100,895400,09:53:01
8955,400,3582000,09:53:01
8955,400,3582000,09:53:01
8955,400,3582000,09:53:01
8955,100,895500,09:53:01
8955,100,895500,09:53:00
8955,200,1791000,09:53:00
8955,100,895500,09:53:00
8955,100,895500,09:53:00
8955,200,1791000,09:53:00
8956,200,1791200,09:53:00
8955,2500,22387500,09:53:00
8954,300,2686200,09:53:00
8953,300,2685900,09:53:00
8952,100,895200,09:53:00
8951,100,895100,09:52:59
8952,200,1790400,09:52:59
8952,100,895200,09:52:58
8950,100,895000,09:52:57
8951,100,895100,09:52:57
8952,100,895200,09:52:57
8952,100,895200,09:52:57
8952,300,2685600,09:52:57
8952,100,895200,09:52:56
8952,100,895200,09:52:56
8950,100,895000,09:52:55
8951,400,3580400,09:52:53
8950,4000,35800000,09:52:53
8950,100,895000,09:52:53
8949,100,894900,09:52:53
8950,100,895000,09:52:51
8949,100,894900,09:52:51
8949,100,894900,09:52:50
8950,100,895000,09:52:50
8949,100,894900,09:52:50
8949,100,894900,09:52:50
8949,100,894900,09:52:49
8949,200,1789800,09:52:49
8948,100,894800,09:52:48
8948,100,894800,09:52:48
8947,100,894700,09:52:48
8946,300,2683800,09:52:47
8946,300,2683800,09:52:47
8946,100,894600,09:52:47
8944,200,1788800,09:52:45
8943,500,4471500,09:52:44
8943,400,3577200,09:52:43
8943,100,894300,09:52:41
8944,100,894400,09:52:41
8944,100,894400,09:52:41
8945,100,894500,09:52:40
8944,100,894400,09:52:40
8944,200,1788800,09:52:39
8943,100,894300,09:52:38
8943,100,894300,09:52:38
8945,200,1789000,09:52:38
8944,300,2683200,09:52:38
8944,100,894400,09:52:36
8944,200,1788800,09:52:36
8944,200,1788800,09:52:36
8945,200,1789000,09:52:36
8946,100,894600,09:52:35
8945,200,1789000,09:52:34
8946,100,894600,09:52:34
8946,200,1789200,09:52:34
8948,100,894800,09:52:33
8947,100,894700,09:52:33
8948,100,894800,09:52:32
8948,100,894800,09:52:32
8948,100,894800,09:52:31
8947,100,894700,09:52:29
8948,1300,11632400,09:52:28
8947,300,2684100,09:52:28
8946,100,894600,09:52:28
8944,200,1788800,09:52:28
8945,800,7156000,09:52:28
8946,300,2683800,09:52:26
8945,100,894500,09:52:25
8944,300,2683200,09:52:25
8945,1300,11628500,09:52:25
8945,2300,20573500,09:52:25
8944,400,3577600,09:52:25
8943,1000,8943000,09:52:25
8942,200,1788400,09:52:25
8943,100,894300,09:52:25
8942,100,894200,09:52:24
8942,200,1788400,09:52:23
8942,100,894200,09:52:23
8943,500,4471500,09:52:23
8945,100,894500,09:52:23
8944,100,894400,09:52:22
8944,100,894400,09:52:22
8945,200,1789000,09:52:22
8945,100,894500,09:52:22
8945,100,894500,09:52:21
8945,100,894500,09:52:21
8944,200,1788800,09:52:19
8943,100,894300,09:52:19
8941,400,3576400,09:52:18
8942,100,894200,09:52:18
8941,100,894100,09:52:17
8939,200,1787800,09:52:15
8941,100,894100,09:52:15
8940,100,894000,09:52:13
8939,200,1787800,09:52:12
8939,100,893900,09:52:12
8939,100,893900,09:52:12
8940,200,1788000,09:52:12
8940,400,3576000,09:52:12
8940,100,894000,09:52:12
8941,600,5364600,09:52:10
8940,500,4470000,09:52:10
8939,300,2681700,09:52:10
8938,200,1787600,09:52:09
8936,100,893600,09:52:09
8932,800,7145600,09:52:09
8933,1600,14292800,09:52:09
8934,1100,9827400,09:52:09
8935,900,8041500,09:52:09
8937,100,893700,09:52:09
8936,1700,15191200,09:52:09
8938,300,2681400,09:52:07
8936,100,893600,09:52:07
8938,100,893800,09:52:07
8938,500,4469000,09:52:07
8937,100,893700,09:52:06
8936,100,893600,09:52:05
8936,100,893600,09:52:04
8939,100,893900,09:52:03
8938,100,893800,09:52:03
8937,100,893700,09:52:03
8938,100,893800,09:52:02
8937,200,1787400,09:52:01
8936,300,2680800,09:52:01
8935,200,1787000,09:52:01
8935,200,1787000,09:52:01
8935,200,1787000,09:52:01
8935,400,3574000,09:52:01
8935,200,1787000,09:52:01
8935,100,893500,09:52:01
8935,700,6254500,09:52:00
8935,100,893500,09:51:59
8933,100,893300,09:51:59
8933,100,893300,09:51:58
8935,100,893500,09:51:58
8933,100,893300,09:51:57
8933,100,893300,09:51:57
8932,100,893200,09:51:55
8932,100,893200,09:51:53
8932,600,5359200,09:51:52
8933,100,893300,09:51:52
8933,1000,8933000,09:51:50
8933,200,1786600,09:51:50
8933,300,2679900,09:51:50
8933,300,2679900,09:51:50
8933,400,3573200,09:51:50
8934,100,893400,09:51:50
8933,100,893300,09:51:48
8933,100,893300,09:51:46
8931,100,893100,09:51:45
8933,100,893300,09:51:45
8933,100,893300,09:51:44
8932,400,3572800,09:51:44
8933,200,1786600,09:51:44
8934,100,893400,09:51:44
8932,100,893200,09:51:44
8932,100,893200,09:51:44
8932,100,893200,09:51:44
8932,100,893200,09:51:44
8932,100,893200,09:51:44
8932,100,893200,09:51:44
8932,100,893200,09:51:44
8929,100,892900,09:51:43
8931,100,893100,09:51:42
8931,100,893100,09:51:42
8931,300,2679300,09:51:42
8930,3700,33041000,09:51:42
8930,4500,40185000,09:51:42
8929,600,5357400,09:51:42
8929,100,892900,09:51:42
8928,100,892800,09:51:40
8928,100,892800,09:51:40
8927,1000,8927000,09:51:40
8925,100,892500,09:51:40
8925,100,892500,09:51:40
8926,100,892600,09:51:40
8926,1400,12496400,09:51:40
8925,3000,26775000,09:51:40
8924,400,3569600,09:51:40
8924,100,892400,09:51:40
8923,300,2676900,09:51:40
8921,300,2676300,09:51:38
8921,100,892100,09:51:35
8921,100,892100,09:51:32
8920,100,892000,09:51:32
8920,100,892000,09:51:32
8921,200,1784200,09:51:24
8923,100,892300,09:51:23
8923,100,892300,09:51:23
8924,1000,8924000,09:51:23
8924,100,892400,09:51:17
8923,100,892300,09:51:14
8923,100,892300,09:51:14
8924,100,892400,09:51:10
8924,200,1784800,09:51:10
8924,300,2677200,09:51:10
8924,100,892400,09:51:10
8923,100,892300,09:51:09
8923,100,892300,09:51:07
8924,200,1784800,09:51:06
8921,100,892100,09:51:02
8923,100,892300,09:51:00
8924,100,892400,09:50:59
8921,100,892100,09:50:59
8921,200,1784200,09:50:51
8919,100,891900,09:50:49
8919,100,891900,09:50:49
8919,200,1783800,09:50:49
8919,100,891900,09:50:49
8920,200,1784000,09:50:48
8920,200,1784000,09:50:48
8920,200,1784000,09:50:48
8920,200,1784000,09:50:48
8920,200,1784000,09:50:48
8921,100,892100,09:50:47
8921,100,892100,09:50:47
8921,200,1784200,09:50:47
8922,300,2676600,09:50:47
8923,400,3569200,09:50:45
8922,100,892200,09:50:42
8923,500,4461500,09:50:42
8923,100,892300,09:50:42
8923,100,892300,09:50:42
8924,300,2677200,09:50:42
8924,100,892400,09:50:39
8925,100,892500,09:50:39
8925,200,1785000,09:50:39
8925,100,892500,09:50:39
8925,200,1785000,09:50:39
8925,100,892500,09:50:39
8926,100,892600,09:50:39
8925,100,892500,09:50:35
8925,200,1785000,09:50:26
8925,100,892500,09:50:26
8925,100,892500,09:50:25
8926,200,1785200,09:50:25
8926,200,1785200,09:50:25
8927,100,892700,09:50:25
8927,100,892700,09:50:25
8928,200,1785600,09:50:24
8927,300,2678100,09:50:23
8926,500,4463000,09:50:23
8925,400,3570000,09:50:23
8924,100,892400,09:50:21
8924,100,892400,09:50:21
8924,100,892400,09:50:21
8923,200,1784600,09:50:21
8921,100,892100,09:50:19
8922,100,892200,09:50:19
8922,100,892200,09:50:17
8923,300,2676900,09:50:15
8923,500,4461500,09:50:15
8924,200,1784800,09:50:15
8925,100,892500,09:50:11
8925,100,892500,09:50:11
8924,100,892400,09:50:11
8923,200,1784600,09:50:10
8923,100,892300,09:50:09
8924,100,892400,09:50:07
8924,200,1784800,09:50:07
8924,500,4462000,09:50:07
8924,100,892400,09:50:07
8925,100,892500,09:50:03
8925,100,892500,09:50:03
8925,500,4462500,09:50:02
8924,100,892400,09:49:59
8923,100,892300,09:49:59
8922,100,892200,09:49:59
8923,100,892300,09:49:59
8922,200,1784400,09:49:59
8920,100,892000,09:49:57
8921,100,892100,09:49:57
8921,200,1784200,09:49:54
8922,300,2676600,09:49:52
8922,100,892200,09:49:52
8921,100,892100,09:49:51
8920,300,2676000,09:49:51
8920,100,892000,09:49:51
8920,100,892000,09:49:51
8919,100,891900,09:49:48
8919,100,891900,09:49:43
8919,100,891900,09:49:42
8919,100,891900,09:49:42
8919,300,2675700,09:49:41
8919,100,891900,09:49:38
8919,100,891900,09:49:37
8919,100,891900,09:49:36
8920,100,892000,09:49:36
8919,100,891900,09:49:34
8919,100,891900,09:49:34
8918,100,891800,09:49:33
8918,100,891800,09:49:33
8919,100,891900,09:49:32
8918,100,891800,09:49:32
8918,100,891800,09:49:31
8917,200,1783400,09:49:18
8916,200,1783200,09:49:18
8915,100,891500,09:49:13
8915,100,891500,09:49:12
8915,100,891500,09:49:09
8914,100,891400,09:49:09
8915,200,1783000,09:49:09
8915,100,891500,09:49:07
8916,100,891600,09:49:06
8916,100,891600,09:49:02
8916,100,891600,09:49:02
8915,100,891500,09:49:00
8916,100,891600,09:49:00
8916,100,891600,09:48:59
8916,100,891600,09:48:59
8916,100,891600,09:48:59
8917,300,2675100,09:48:59
8918,100,891800,09:48:59
8919,100,891900,09:48:56
8918,200,1783600,09:48:53
8918,100,891800,09:48:52
8918,100,891800,09:48:51
8919,400,3567600,09:48:50
8920,200,1784000,09:48:50
8921,100,892100,09:48:49
8921,200,1784200,09:48:49
8922,100,892200,09:48:47
8922,100,892200,09:48:45
8922,100,892200,09:48:43
8923,600,5353800,09:48:43
8923,100,892300,09:48:43
8924,100,892400,09:48:43
8924,100,892400,09:48:43
8924,100,892400,09:48:43
8925,100,892500,09:48:42
8925,200,1785000,09:48:42
8927,100,892700,09:48:41
8924,100,892400,09:48:36
8925,500,4462500,09:48:36
8926,100,892600,09:48:36
8928,100,892800,09:48:32
8928,200,1785600,09:48:32
8928,400,3571200,09:48:32
8926,300,2677800,09:48:32
8926,400,3570400,09:48:32
8926,100,892600,09:48:32
8925,600,5355000,09:48:32
8925,100,892500,09:48:32
8924,100,892400,09:48:31
8923,400,3569200,09:48:25
8922,300,2676600,09:48:25
8922,100,892200,09:48:25
8922,100,892200,09:48:25
8922,100,892200,09:48:22
8918,200,1783600,09:48:21
8919,200,1783800,09:48:21
8920,100,892000,09:48:21
8920,100,892000,09:48:21
8921,100,892100,09:48:21
8921,100,892100,09:48:21
8921,200,1784200,09:48:18
8921,200,1784200,09:48:18
8920,100,892000,09:48:17
8919,100,891900,09:48:17
8919,100,891900,09:48:17
8919,100,891900,09:48:13
8919,100,891900,09:48:13
8920,700,6244000,09:48:13
8921,100,892100,09:48:12
8919,100,891900,09:48:11
8918,100,891800,09:48:08
8919,500,4459500,09:48:07
8920,100,892000,09:48:07
8920,400,3568000,09:48:06
8920,200,1784000,09:48:06
8920,200,1784000,09:48:06
8920,400,3568000,09:48:06
8921,100,892100,09:48:05
8923,100,892300,09:48:01
8921,100,892100,09:48:00
8921,100,892100,09:48:00
8922,100,892200,09:48:00
8922,100,892200,09:48:00
8922,400,3568800,09:48:00
8922,600,5353200,09:48:00
8922,100,892200,09:48:00
8924,100,892400,09:47:59
8925,100,892500,09:47:57
8924,500,4462000,09:47:57
8923,100,892300,09:47:57
8923,100,892300,09:47:56
8922,100,892200,09:47:56
8920,300,2676000,09:47:53
8921,200,1784200,09:47:53
8921,100,892100,09:47:51
8922,100,892200,09:47:50
8923,200,1784600,09:47:48
8922,100,892200,09:47:48
8922,600,5353200,09:47:48
8921,200,1784200,09:47:48
8921,100,892100,09:47:48
8920,300,2676000,09:47:48
8919,100,891900,09:47:47
8918,100,891800,09:47:46
8918,200,1783600,09:47:46
8918,200,1783600,09:47:46
8918,100,891800,09:47:46
8918,100,891800,09:47:46
8917,100,891700,09:47:45
8916,100,891600,09:47:43
8917,100,891700,09:47:43
8917,600,5350200,09:47:41
8916,100,891600,09:47:38
8916,100,891600,09:47:34
8916,200,1783200,09:47:33
8916,100,891600,09:47:32
8916,100,891600,09:47:31
8917,100,891700,09:47:31
8917,200,1783400,09:47:31
8917,100,891700,09:47:30
8917,100,891700,09:47:28
8916,400,3566400,09:47:27
8916,100,891600,09:47:27
8917,100,891700,09:47:24
8915,200,1783000,09:47:23
8915,600,5349000,09:47:23
8916,100,891600,09:47:23
8916,200,1783200,09:47:23
8915,300,2674500,09:47:23
8915,400,3566000,09:47:23
8914,100,891400,09:47:23
8914,100,891400,09:47:23
8914,300,2674200,09:47:23
8914,100,891400,09:47:23
8914,1900,16936600,09:47:23
8913,1100,9804300,09:47:23
8912,600,5347200,09:47:23
8911,100,891100,09:47:23
8909,200,1781800,09:47:23
8908,100,890800,09:47:23
8908,100,890800,09:47:23
8908,100,890800,09:47:23
8908,100,890800,09:47:23
8908,100,890800,09:47:23
8908,100,890800,09:47:23
8906,400,3562400,09:47:21
8906,1000,8906000,09:47:19
8907,500,4453500,09:47:19
8907,500,4453500,09:47:18
8908,600,5344800,09:47:17
8909,100,890900,09:47:15
8909,100,890900,09:47:15
8909,100,890900,09:47:15
8910,100,891000,09:47:14
8909,100,890900,09:47:13
8910,1200,10692000,09:47:13
8911,200,1782200,09:47:13
8912,100,891200,09:47:13
8911,100,891100,09:47:13
8912,200,1782400,09:47:11
8913,200,1782600,09:47:11
8914,100,891400,09:47:05
8914,100,891400,09:47:04
8912,100,891200,09:47:02
8912,300,2673600,09:47:01
8912,100,891200,09:46:58
8911,200,1782200,09:46:57
8912,100,891200,09:46:55
8912,100,891200,09:46:55
8911,100,891100,09:46:55
8911,700,6237700,09:46:52
8912,300,2673600,09:46:52
8912,100,891200,09:46:50
8915,100,891500,09:46:49
8913,100,891300,09:46:49
8912,100,891200,09:46:49
8912,200,1782400,09:46:47
8911,100,891100,09:46:45
8914,100,891400,09:46:45
8914,200,1782800,09:46:45
8913,100,891300,09:46:45
8911,100,891100,09:46:44
8912,100,891200,09:46:44
8913,100,891300,09:46:44
8914,1400,12479600,09:46:44
8915,100,891500,09:46:44
8915,500,4457500,09:46:43
8915,100,891500,09:46:43
8915,100,891500,09:46:42
8915,100,891500,09:46:42
8916,300,2674800,09:46:42
8916,100,891600,09:46:42
8917,800,7133600,09:46:42
8918,600,5350800,09:46:42
8919,100,891900,09:46:41
8920,100,892000,09:46:39
8921,300,2676300,09:46:38
8921,100,892100,09:46:38
8922,100,892200,09:46:38
8922,200,1784400,09:46:38
8923,600,5353800,09:46:38
8923,100,892300,09:46:29
8923,100,892300,09:46:29
8923,100,892300,09:46:25
8924,100,892400,09:46:25
8923,100,892300,09:46:22
8922,200,1784400,09:46:22
8922,100,892200,09:46:21
8921,100,892100,09:46:21
8921,100,892100,09:46:20
8921,400,3568400,09:46:20
8920,200,1784000,09:46:20
8919,100,891900,09:46:19
8918,100,891800,09:46:19
8920,300,2676000,09:46:17
8920,900,8028000,09:46:17
8920,300,2676000,09:46:17
8919,100,891900,09:46:17
8920,200,1784000,09:46:17
8919,300,2675700,09:46:17
8918,600,5350800,09:46:17
8917,5000,44585000,09:46:17
8915,100,891500,09:46:17
8915,100,891500,09:46:17
8913,100,891300,09:46:17
8917,2700,24075900,09:46:17
8917,600,5350200,09:46:17
8917,100,891700,09:46:17
8917,300,2675100,09:46:17
8917,1000,8917000,09:46:17
8917,300,2675100,09:46:17
8917,1600,14267200,09:46:17
8916,900,8024400,09:46:17
8915,1200,10698000,09:46:17
8914,200,1782800,09:46:17
8913,100,891300,09:46:17
8912,100,891200,09:46:16
8912,100,891200,09:46:16
8913,100,891300,09:46:15
8913,200,1782600,09:46:14
8914,300,2674200,09:46:14
8914,100,891400,09:46:14
8915,300,2674500,09:46:14
8916,100,891600,09:46:13
8916,100,891600,09:46:12
8917,1200,10700400,09:46:12
8917,100,891700,09:46:12
8918,200,1783600,09:46:12
8920,100,892000,09:46:08
8920,200,1784000,09:46:08
8919,100,891900,09:46:07
8919,100,891900,09:46:06
8919,600,5351400,09:46:06
8917,300,2675100,09:46:05
8917,100,891700,09:46:04
8920,100,892000,09:46:03
8920,100,892000,09:46:03
8918,800,7134400,09:46:03
8919,200,1783800,09:46:03
8920,100,892000,09:46:03
8920,100,892000,09:46:03
8920,100,892000,09:46:00
8920,100,892000,09:45:58
8920,100,892000,09:45:58
8920,500,4460000,09:45:57
8921,200,1784200,09:45:57
8920,100,892000,09:45:56
8921,100,892100,09:45:54
8921,200,1784200,09:45:54
8921,100,892100,09:45:53
8922,100,892200,09:45:51
8925,300,2677500,09:45:51
8924,800,7139200,09:45:51
8923,400,3569200,09:45:51
8922,100,892200,09:45:51
8921,200,1784200,09:45:51
8921,100,892100,09:45:47
8922,200,1784400,09:45:45
8920,100,892000,09:45:44
8921,200,1784200,09:45:44
8921,100,892100,09:45:44
8920,200,1784000,09:45:44
8920,200,1784000,09:45:44
8919,200,1783800,09:45:44
8917,100,891700,09:45:42
8917,100,891700,09:45:42
8918,100,891800,09:45:42
8916,100,891600,09:45:42
8916,200,1783200,09:45:42
8917,200,1783400,09:45:42
8919,200,1783800,09:45:41
8920,300,2676000,09:45:41
8920,100,892000,09:45:41
8921,200,1784200,09:45:41
8922,400,3568800,09:45:41
8922,100,892200,09:45:41
8923,300,2676900,09:45:40
8923,100,892300,09:45:40
8924,1300,11601200,09:45:40
8925,100,892500,09:45:39
8925,100,892500,09:45:37
8925,100,892500,09:45:36
8924,200,1784800,09:45:36
8925,100,892500,09:45:35
8926,200,1785200,09:45:35
8925,100,892500,09:45:34
8925,100,892500,09:45:34
8926,100,892600,09:45:33
8928,100,892800,09:45:31
8925,100,892500,09:45:31
8931,400,3572400,09:45:31
8930,300,2679000,09:45:31
8929,400,3571600,09:45:31
8928,400,3571200,09:45:31
8927,600,5356200,09:45:31
8925,100,892500,09:45:31
8926,100,892600,09:45:31
8925,100,892500,09:45:30
8926,300,2677800,09:45:30
8928,100,892800,09:45:30
8927,200,1785400,09:45:30
8927,200,1785400,09:45:29
8927,100,892700,09:45:29
8928,100,892800,09:45:29
8929,100,892900,09:45:29
8930,100,893000,09:45:29
8930,100,893000,09:45:29
8934,1400,12507600,09:45:29
8933,1600,14292800,09:45:29
8932,1700,15184400,09:45:29
8931,1400,12503400,09:45:29
8930,1400,12502000,09:45:29
8929,600,5357400,09:45:29
8928,500,4464000,09:45:29
8927,500,4463500,09:45:29
8926,300,2677800,09:45:29
8925,200,1785000,09:45:28
8925,100,892500,09:45:28
8925,200,1785000,09:45:28
8926,100,892600,09:45:28
8927,100,892700,09:45:28
8928,100,892800,09:45:28
8928,100,892800,09:45:28
8929,500,4464500,09:45:28
8930,300,2679000,09:45:28
8930,100,893000,09:45:28
8931,100,893100,09:45:28
8931,200,1786200,09:45:28
8932,200,1786400,09:45:28
8937,100,893700,09:45:28
8933,2100,18759300,09:45:28
8934,900,8040600,09:45:28
8935,1200,10722000,09:45:28
8936,900,8042400,09:45:28
8937,100,893700,09:45:28
8937,400,3574800,09:45:28
8938,300,2681400,09:45:28
8940,700,6258000,09:45:28
8939,100,893900,09:45:28
8939,100,893900,09:45:27
8940,300,2682000,09:45:27
8939,300,2681700,09:45:26
8937,100,893700,09:45:25
8938,200,1787600,09:45:24
8937,200,1787400,09:45:24
8938,100,893800,09:45:23
8936,100,893600,09:45:23
8937,100,893700,09:45:20
8937,100,893700,09:45:18
8936,400,3574400,09:45:18
8937,100,893700,09:45:18
8937,100,893700,09:45:17
8938,400,3575200,09:45:17
8937,100,893700,09:45:16
8936,100,893600,09:45:15
8936,100,893600,09:45:15
8937,100,893700,09:45:14
8936,100,893600,09:45:14
8936,100,893600,09:45:14
8936,100,893600,09:45:13
8936,100,893600,09:45:12
8935,300,2680500,09:45:12
8936,100,893600,09:45:11
8935,100,893500,09:45:11
8935,100,893500,09:45:11
8932,100,893200,09:45:10
8931,300,2679300,09:45:10
8931,100,893100,09:45:10
8931,100,893100,09:45:10
8931,100,893100,09:45:10
8932,1300,11611600,09:45:10
8934,200,1786800,09:45:10
8932,100,893200,09:45:10
8933,100,893300,09:45:10
8933,200,1786600,09:45:10
8933,100,893300,09:45:09
8934,500,4467000,09:45:08
8936,100,893600,09:45:07
8935,100,893500,09:45:06
8935,100,893500,09:45:06
8935,100,893500,09:45:05
8936,100,893600,09:45:04
8935,300,2680500,09:45:04
8934,200,1786800,09:45:04
8935,1900,16976500,09:45:04
8936,100,893600,09:45:04
8936,200,1787200,09:45:04
8935,100,893500,09:45:02
8936,100,893600,09:45:02
8936,100,893600,09:45:02
8936,100,893600,09:45:01
8934,100,893400,09:45:01
8935,100,893500,09:45:01
8933,100,893300,09:45:01
8935,100,893500,09:45:01
8934,100,893400,09:45:00
8935,100,893500,09:44:59
8937,100,893700,09:44:58
8936,100,893600,09:44:58
8935,100,893500,09:44:58
8935,400,3574000,09:44:57
8933,500,4466500,09:44:57
8934,400,3573600,09:44:57
8936,100,893600,09:44:57
8935,200,1787000,09:44:57
8935,100,893500,09:44:54
8935,100,893500,09:44:54
8935,100,893500,09:44:53
8934,100,893400,09:44:53
8936,300,2680800,09:44:52
8935,100,893500,09:44:52
8935,100,893500,09:44:52
8935,200,1787000,09:44:51
8935,200,1787000,09:44:51
8934,300,2680200,09:44:51
8934,100,893400,09:44:51
8932,600,5359200,09:44:51
8932,100,893200,09:44:51
8933,100,893300,09:44:51
8933,400,3573200,09:44:51
8934,1200,10720800,09:44:51
8934,100,893400,09:44:51
8935,200,1787000,09:44:50
8934,200,1786800,09:44:50
8934,200,1786800,09:44:49
8933,400,3573200,09:44:47
8934,100,893400,09:44:47
8934,200,1786800,09:44:47
8934,200,1786800,09:44:47
8934,100,893400,09:44:47
8934,100,893400,09:44:45
8935,100,893500,09:44:45
8935,100,893500,09:44:42
8935,100,893500,09:44:42
8935,100,893500,09:44:42
8935,100,893500,09:44:41
8935,100,893500,09:44:41
8935,100,893500,09:44:41
8934,200,1786800,09:44:40
8934,100,893400,09:44:40
8932,100,893200,09:44:37
8935,400,3574000,09:44:37
8934,600,5360400,09:44:37
8933,100,893300,09:44:37
8932,200,1786400,09:44:37
8932,200,1786400,09:44:35
8933,500,4466500,09:44:35
8931,100,893100,09:44:33
8931,100,893100,09:44:32
8932,100,893200,09:44:32
8934,100,893400,09:44:32
8932,100,893200,09:44:32
8933,300,2679900,09:44:32
8935,100,893500,09:44:31
8935,100,893500,09:44:30
8935,100,893500,09:44:30
8936,200,1787200,09:44:30
8934,100,893400,09:44:28
8934,100,893400,09:44:28
8935,100,893500,09:44:27
8935,100,893500,09:44:27
8935,100,893500,09:44:26
8935,100,893500,09:44:26
8935,100,893500,09:44:26
8936,100,893600,09:44:26
8937,100,893700,09:44:25
8935,200,1787000,09:44:24
8936,100,893600,09:44:24
8936,100,893600,09:44:24
8935,500,4467500,09:44:24
8930,100,893000,09:44:23
8926,100,892600,09:44:22
8927,100,892700,09:44:22
8928,100,892800,09:44:22
8930,300,2679000,09:44:22
8929,200,1785800,09:44:22
8929,200,1785800,09:44:22
8930,100,893000,09:44:22
8931,600,5358600,09:44:22
8931,100,893100,09:44:22
8933,100,893300,09:44:22
8932,100,893200,09:44:22
8932,100,893200,09:44:22
8932,300,2679600,09:44:22
8932,100,893200,09:44:22
8932,100,893200,09:44:22
8932,100,893200,09:44:22
8932,100,893200,09:44:22
8933,100,893300,09:44:21
8933,100,893300,09:44:21
8933,100,893300,09:44:20
8934,200,1786800,09:44:20
8935,100,893500,09:44:19
8935,100,893500,09:44:19
8934,600,5360400,09:44:19
8936,100,893600,09:44:19
8935,400,3574000,09:44:19
8936,300,2680800,09:44:19
8936,100,893600,09:44:19
8938,200,1787600,09:44:18
8938,200,1787600,09:44:18
8937,100,893700,09:44:17
8936,100,893600,09:44:16
8936,300,2680800,09:44:16
8936,200,1787200,09:44:16
8938,100,893800,09:44:16
8937,100,893700,09:44:16
8936,1100,9829600,09:44:16
8935,200,1787000,09:44:15
8934,100,893400,09:44:14
8933,1000,8933000,09:44:14
8935,100,893500,09:44:14
8933,100,893300,09:44:14
8934,900,8040600,09:44:14
8935,100,893500,09:44:14
8936,200,1787200,09:44:12
8935,100,893500,09:44:12
8934,100,893400,09:44:12
8935,100,893500,09:44:11
8935,100,893500,09:44:11
8934,100,893400,09:44:10
8934,100,893400,09:44:10
8934,100,893400,09:44:09
8934,200,1786800,09:44:09
8933,100,893300,09:44:09
8934,100,893400,09:44:08
8935,100,893500,09:44:07
8935,100,893500,09:44:06
8936,300,2680800,09:44:05
8936,100,893600,09:44:05
8934,100,893400,09:44:04
8935,400,3574000,09:44:04
8935,600,5361000,09:44:04
8935,100,893500,09:44:04
8935,100,893500,09:44:03
8935,100,893500,09:44:03
8935,600,5361000,09:44:03
8934,200,1786800,09:44:03
8934,600,5360400,09:44:03
8933,300,2679900,09:44:03
8933,500,4466500,09:44:03
8931,500,4465500,09:44:03
8930,300,2679000,09:44:03
8930,600,5358000,09:44:03
8930,600,5358000,09:44:03
8930,100,893000,09:44:03
8930,400,3572000,09:44:03
8930,100,893000,09:44:03
8930,100,893000,09:44:02
8929,100,892900,09:44:02
8930,100,893000,09:44:02
8930,100,893000,09:44:02
8930,300,2679000,09:44:02
8930,200,1786000,09:44:02
8929,300,2678700,09:44:01
8928,100,892800,09:44:01
8929,200,1785800,09:44:01
8928,100,892800,09:44:01
8927,300,2678100,09:44:00
8929,200,1785800,09:44:00
8928,200,1785600,09:44:00
8926,100,892600,09:44:00
8928,500,4464000,09:43:59
8927,100,892700,09:43:59
8928,100,892800,09:43:59
8927,200,1785400,09:43:59
8926,100,892600,09:43:59
8925,100,892500,09:43:59
8924,100,892400,09:43:59
8924,100,892400,09:43:59
8923,300,2676900,09:43:58
8924,100,892400,09:43:58
8925,600,5355000,09:43:58
8925,300,2677500,09:43:58
8925,100,892500,09:43:58
8925,100,892500,09:43:58
8924,200,1784800,09:43:58
8923,100,892300,09:43:57
8923,700,6246100,09:43:57
8921,100,892100,09:43:57
8922,700,6245400,09:43:57
8921,100,892100,09:43:57
8920,900,8028000,09:43:57
8919,100,891900,09:43:57
8919,100,891900,09:43:57
8918,300,2675400,09:43:57
8917,100,891700,09:43:57
8917,100,891700,09:43:55
8916,100,891600,09:43:55
8916,100,891600,09:43:55
8917,100,891700,09:43:55
8916,300,2674800,09:43:55
8916,100,891600,09:43:53
8915,100,891500,09:43:53
8914,200,1782800,09:43:52
8915,100,891500,09:43:51
8916,200,1783200,09:43:50
8916,100,891600,09:43:50
8915,100,891500,09:43:50
8913,500,4456500,09:43:50
8913,400,3565200,09:43:49
8914,100,891400,09:43:49
8914,400,3565600,09:43:47
8915,100,891500,09:43:47
8915,100,891500,09:43:47
8915,200,1783000,09:43:47
8916,100,891600,09:43:45
8915,100,891500,09:43:39
8914,100,891400,09:43:39
8915,100,891500,09:43:38
8914,100,891400,09:43:38
8912,100,891200,09:43:36
8912,100,891200,09:43:36
8912,100,891200,09:43:36
8913,100,891300,09:43:35
8913,100,891300,09:43:35
8914,200,1782800,09:43:35
8914,200,1782800,09:43:35
8914,200,1782800,09:43:35
8914,100,891400,09:43:35
8915,100,891500,09:43:35
8915,100,891500,09:43:35
8915,300,2674500,09:43:35
8915,300,2674500,09:43:35
8915,100,891500,09:43:35
8916,100,891600,09:43:33
8916,400,3566400,09:43:32
8916,500,4458000,09:43:31
8916,500,4458000,09:43:31
8917,200,1783400,09:43:31
8919,100,891900,09:43:31
8918,1000,8918000,09:43:30
8920,100,892000,09:43:28
8920,100,892000,09:43:25
8920,100,892000,09:43:25
8920,100,892000,09:43:24
8916,900,8024400,09:43:24
8916,300,2674800,09:43:24
8916,700,6241200,09:43:24
8916,600,5349600,09:43:24
8917,100,891700,09:43:24
8917,500,4458500,09:43:24
8919,200,1783800,09:43:24
8918,100,891800,09:43:24
8919,100,891900,09:43:23
8919,200,1783800,09:43:23
8919,200,1783800,09:43:23
8918,200,1783600,09:43:23
8918,100,891800,09:43:23
8917,100,891700,09:43:22
8917,100,891700,09:43:22
8917,100,891700,09:43:20
8915,100,891500,09:43:19
8914,100,891400,09:43:18
8916,100,891600,09:43:17
8915,100,891500,09:43:17
8915,200,1783000,09:43:16
8915,100,891500,09:43:16
8917,100,891700,09:43:15
8916,100,891600,09:43:15
8917,100,891700,09:43:14
8917,200,1783400,09:43:14
8915,100,891500,09:43:14
8916,100,891600,09:43:14
8915,100,891500,09:43:13
8914,100,891400,09:43:12
8915,100,891500,09:43:11
8914,100,891400,09:43:11
8912,100,891200,09:43:11
8912,100,891200,09:43:11
8912,200,1782400,09:43:11
8913,100,891300,09:43:11
8913,100,891300,09:43:11
8917,500,4458500,09:43:11
8916,1000,8916000,09:43:11
8915,400,3566000,09:43:11
8914,1100,9805400,09:43:11
8914,400,3565600,09:43:10
8913,200,1782600,09:43:09
8913,100,891300,09:43:09
8912,100,891200,09:43:08
8911,100,891100,09:43:08
8911,200,1782200,09:43:06
8909,300,2672700,09:43:05
8909,200,1781800,09:43:05
8910,200,1782000,09:43:05
8910,200,1782000,09:43:04
8912,100,891200,09:43:04
8911,100,891100,09:43:01
8911,100,891100,09:43:01
8911,100,891100,09:43:01
8911,100,891100,09:43:01
8911,1200,10693200,09:43:01
8910,800,7128000,09:43:01
8909,200,1781800,09:43:01
8908,100,890800,09:43:01
8907,100,890700,09:43:01
8907,300,2672100,09:43:00
8907,100,890700,09:42:58
8907,200,1781400,09:42:56
8907,600,5344200,09:42:52
8908,400,3563200,09:42:51
8907,500,4453500,09:42:51
8905,300,2671500,09:42:51
8905,100,890500,09:42:50
8905,100,890500,09:42:49
8905,100,890500,09:42:49
8905,100,890500,09:42:48
8906,100,890600,09:42:47
8906,200,1781200,09:42:47
8907,100,890700,09:42:47
8908,700,6235600,09:42:47
8909,100,890900,09:42:47
8909,100,890900,09:42:47
8910,100,891000,09:42:46
8909,100,890900,09:42:44
8909,100,890900,09:42:44
8910,100,891000,09:42:44
8909,100,890900,09:42:42
8910,100,891000,09:42:42
8910,100,891000,09:42:41
8910,100,891000,09:42:41
8910,100,891000,09:42:40
8910,100,891000,09:42:40
8909,100,890900,09:42:40
8909,900,8018100,09:42:40
8908,100,890800,09:42:40
8907,400,3562800,09:42:39
8907,100,890700,09:42:36
8906,100,890600,09:42:36
8907,900,8016300,09:42:33
8906,200,1781200,09:42:33
8905,100,890500,09:42:33
8905,100,890500,09:42:33
8905,100,890500,09:42:33
8906,600,5343600,09:42:31
8905,400,3562000,09:42:31
8905,100,890500,09:42:30
8906,100,890600,09:42:28
8905,100,890500,09:42:28
8905,100,890500,09:42:27
8904,100,890400,09:42:27
8905,200,1781000,09:42:26
8905,100,890500,09:42:24
8904,100,890400,09:42:24
8903,100,890300,09:42:24
8905,100,890500,09:42:24
8904,100,890400,09:42:23
8902,500,4451000,09:42:21
8902,100,890200,09:42:21
8903,200,1780600,09:42:21
8903,100,890300,09:42:20
8905,100,890500,09:42:20
8904,200,1780800,09:42:19
8903,100,890300,09:42:17
8905,100,890500,09:42:16
8904,200,1780800,09:42:15
8906,600,5343600,09:42:15
8907,1800,16032600,09:42:15
8908,100,890800,09:42:15
8908,100,890800,09:42:14
8908,100,890800,09:42:14
8907,100,890700,09:42:12
8908,100,890800,09:42:12
8906,100,890600,09:42:12
8907,100,890700,09:42:11
8908,200,1781600,09:42:10
8907,100,890700,09:42:09
8907,100,890700,09:42:06
8907,100,890700,09:42:03
8907,100,890700,09:42:03
8906,100,890600,09:42:03
8905,100,890500,09:42:03
8906,100,890600,09:42:03
8906,100,890600,09:42:02
8905,300,2671500,09:42:02
8905,100,890500,09:42:02
8904,300,2671200,09:42:02
8904,100,890400,09:42:02
8904,100,890400,09:42:01
8903,100,890300,09:42:00
8903,100,890300,09:42:00
8902,500,4451000,09:41:59
8903,500,4451500,09:41:59
8903,400,3561200,09:41:58
8904,200,1780800,09:41:57
8904,100,890400,09:41:52
8905,200,1781000,09:41:52
8905,500,4452500,09:41:52
8905,500,4452500,09:41:52
8905,500,4452500,09:41:52
8905,500,4452500,09:41:52
8906,100,890600,09:41:52
8906,100,890600,09:41:46
8905,100,890500,09:41:44
8906,300,2671800,09:41:44
8906,100,890600,09:41:44
8907,100,890700,09:41:43
8907,100,890700,09:41:43
8909,100,890900,09:41:38
8909,200,1781800,09:41:38
8909,200,1781800,09:41:38
8910,100,891000,09:41:37
8909,700,6236300,09:41:35
8908,500,4454000,09:41:35
8908,100,890800,09:41:35
8907,400,3562800,09:41:33
8906,100,890600,09:41:33
8905,300,2671500,09:41:32
8906,100,890600,09:41:32
8906,400,3562400,09:41:32
8906,100,890600,09:41:32
8906,100,890600,09:41:31
8905,100,890500,09:41:31
8904,1400,12465600,09:41:30
8905,600,5343000,09:41:30
8905,200,1781000,09:41:27
8905,100,890500,09:41:27
8905,100,890500,09:41:26
8904,100,890400,09:41:15
8905,100,890500,09:41:15
8905,100,890500,09:41:12
8907,100,890700,09:41:10
8907,100,890700,09:41:10
8907,100,890700,09:41:10
8906,100,890600,09:41:10
8905,100,890500,09:41:09
8906,200,1781200,09:41:09
8905,1300,11576500,09:41:08
8906,400,3562400,09:41:08
8907,100,890700,09:41:06
8907,200,1781400,09:41:04
8907,100,890700,09:41:04
8907,100,890700,09:41:00
8907,100,890700,09:41:00
8907,500,4453500,09:41:00
8906,100,890600,09:40:59
8905,300,2671500,09:40:55
8905,100,890500,09:40:55
8903,200,1780600,09:40:51
8902,100,890200,09:40:51
8902,300,2670600,09:40:51
8902,100,890200,09:40:50
8903,500,4451500,09:40:49
8903,200,1780600,09:40:46
8904,200,1780800,09:40:46
8906,100,890600,09:40:46
8905,100,890500,09:40:43
8904,100,890400,09:40:42
8905,900,8014500,09:40:42
8906,100,890600,09:40:42
8906,100,890600,09:40:42
8906,100,890600,09:40:42
8906,100,890600,09:40:42
8907,100,890700,09:40:40
8907,100,890700,09:40:39
8907,200,1781400,09:40:39
8907,100,890700,09:40:39
8907,100,890700,09:40:37
8907,100,890700,09:40:37
8908,100,890800,09:40:34
8908,100,890800,09:40:33
8907,100,890700,09:40:26
8908,100,890800,09:40:26
8907,200,1781400,09:40:25
8907,100,890700,09:40:25
8907,100,890700,09:40:23
8905,100,890500,09:40:22
8905,100,890500,09:40:19
8906,100,890600,09:40:19
8906,100,890600,09:40:19
8905,100,890500,09:40:18
8903,100,890300,09:40:18
8904,500,4452000,09:40:16
8904,200,1780800,09:40:16
8906,100,890600,09:40:14
8907,100,890700,09:40:14
8906,500,4453000,09:40:14
8905,100,890500,09:40:14
8905,200,1781000,09:40:13
8906,200,1781200,09:40:13
8907,400,3562800,09:40:13
8908,100,890800,09:40:13
8908,100,890800,09:40:13
8909,200,1781800,09:40:13
8910,600,5346000,09:40:13
8911,400,3564400,09:40:13
8912,100,891200,09:40:11
8911,300,2673300,09:40:11
8909,200,1781800,09:40:09
8911,200,1782200,09:40:07
8911,100,891100,09:40:06
8910,300,2673000,09:40:06
8911,100,891100,09:40:05
8910,200,1782000,09:40:05
8911,300,2673300,09:40:05
8914,700,6239800,09:40:04
8913,300,2673900,09:40:04
8911,100,891100,09:40:04
8914,100,891400,09:40:03
8913,100,891300,09:40:03
8911,100,891100,09:40:00
8910,300,2673000,09:40:00
8910,100,891000,09:40:00
8910,200,1782000,09:40:00
8910,100,891000,09:40:00
8910,100,891000,09:40:00
8908,100,890800,09:40:00
8909,100,890900,09:40:00
8909,100,890900,09:39:59
8908,300,2672400,09:39:58
8907,100,890700,09:39:57
8906,100,890600,09:39:57
8906,100,890600,09:39:57
8904,500,4452000,09:39:57
8905,200,1781000,09:39:57
8907,300,2672100,09:39:57
8906,100,890600,09:39:57
8907,900,8016300,09:39:57
8904,200,1780800,09:39:56
8906,200,1781200,09:39:55
8906,300,2671800,09:39:55
8907,100,890700,09:39:55
8906,100,890600,09:39:55
8906,100,890600,09:39:55
8907,100,890700,09:39:54
8906,100,890600,09:39:53
8906,100,890600,09:39:53
8906,300,2671800,09:39:52
8905,300,2671500,09:39:52
8906,100,890600,09:39:52
8906,100,890600,09:39:52
8906,300,2671800,09:39:52
8907,100,890700,09:39:52
8907,200,1781400,09:39:51
8908,100,890800,09:39:51
8908,900,8017200,09:39:51
8909,200,1781800,09:39:51
8909,400,3563600,09:39:51
8910,500,4455000,09:39:51
8910,900,8019000,09:39:51
8911,100,891100,09:39:51
8912,100,891200,09:39:51
8913,100,891300,09:39:50
8913,100,891300,09:39:50
8914,500,4457000,09:39:50
8913,100,891300,09:39:50
8913,100,891300,09:39:50
8914,600,5348400,09:39:50
8915,1600,14264000,09:39:50
8916,1900,16940400,09:39:50
8917,700,6241900,09:39:50
8918,1100,9809800,09:39:50
8919,300,2675700,09:39:50
8923,600,5353800,09:39:50
8922,400,3568800,09:39:50
8921,300,2676300,09:39:49
8923,200,1784600,09:39:46
8923,100,892300,09:39:46
8923,700,6246100,09:39:46
8921,100,892100,09:39:44
8918,100,891800,09:39:40
8919,400,3567600,09:39:40
8920,1100,9812000,09:39:40
8920,100,892000,09:39:40
8921,100,892100,09:39:39
8922,100,892200,09:39:39
8922,100,892200,09:39:38
8922,100,892200,09:39:35
8922,100,892200,09:39:35
8922,200,1784400,09:39:35
8922,100,892200,09:39:35
8922,1000,8922000,09:39:35
8923,100,892300,09:39:34
8924,100,892400,09:39:34
8925,100,892500,09:39:33
8925,400,3570000,09:39:33
8924,200,1784800,09:39:33
8923,100,892300,09:39:30
8925,100,892500,09:39:29
8922,100,892200,09:39:29
8923,100,892300,09:39:29
8923,100,892300,09:39:29
8922,100,892200,09:39:26
8923,100,892300,09:39:25
8922,500,4461000,09:39:23
8923,500,4461500,09:39:21
8925,100,892500,09:39:21
8924,1100,9816400,09:39:21
8924,100,892400,09:39:21
8924,200,1784800,09:39:21
8925,100,892500,09:39:21
8925,200,1785000,09:39:20
8925,100,892500,09:39:20
8924,100,892400,09:39:17
8925,100,892500,09:39:16
8925,100,892500,09:39:15
8924,400,3569600,09:39:15
8925,100,892500,09:39:14
8926,100,892600,09:39:14
8927,100,892700,09:39:14
8927,100,892700,09:39:13
8926,100,892600,09:39:13
8925,600,5355000,09:39:13
8924,200,1784800,09:39:13
8924,200,1784800,09:39:13
8924,200,1784800,09:39:13
8924,400,3569600,09:39:13
8923,900,8030700,09:39:13
8922,200,1784400,09:39:12
8922,100,892200,09:39:11
8922,100,892200,09:39:11
8921,100,892100,09:39:10
8922,700,6245400,09:39:09
8922,300,2676600,09:39:07
8921,100,892100,09:39:07
8922,100,892200,09:39:07
8920,100,892000,09:39:06
8919,100,891900,09:39:05
8920,300,2676000,09:39:05
8918,100,891800,09:39:05
8918,100,891800,09:39:05
8920,4400,39248000,09:39:05
8918,200,1783600,09:39:05
8919,500,4459500,09:39:05
8920,100,892000,09:39:05
8921,100,892100,09:39:03
8921,100,892100,09:39:01
8921,100,892100,09:39:00
8918,100,891800,09:38:59
8920,200,1784000,09:38:59
8920,500,4460000,09:38:59
8919,200,1783800,09:38:59
8920,100,892000,09:38:59
8919,100,891900,09:38:58
8919,200,1783800,09:38:58
8919,100,891900,09:38:58
8918,300,2675400,09:38:57
8918,100,891800,09:38:57
8918,100,891800,09:38:57
8916,100,891600,09:38:56
8917,100,891700,09:38:56
8916,100,891600,09:38:52
8916,100,891600,09:38:50
8916,200,1783200,09:38:46
8916,100,891600,09:38:45
8917,100,891700,09:38:44
8916,100,891600,09:38:44
8914,100,891400,09:38:44
8913,200,1782600,09:38:43
8914,1000,8914000,09:38:43
8915,100,891500,09:38:43
8916,200,1783200,09:38:42
8916,100,891600,09:38:41
8916,100,891600,09:38:40
8918,100,891800,09:38:39
8917,500,4458500,09:38:39
8918,1200,10701600,09:38:39
8919,100,891900,09:38:38
8919,200,1783800,09:38:38
8919,100,891900,09:38:38
8919,900,8027100,09:38:38
8920,100,892000,09:38:38
8920,100,892000,09:38:35
8920,100,892000,09:38:34
8921,200,1784200,09:38:34
8921,100,892100,09:38:34
8921,100,892100,09:38:33
8920,300,2676000,09:38:31
8921,700,6244700,09:38:31
8922,100,892200,09:38:31
8921,100,892100,09:38:31
8922,100,892200,09:38:30
8921,100,892100,09:38:30
8920,100,892000,09:38:30
8919,700,6243300,09:38:29
8920,400,3568000,09:38:29
8921,100,892100,09:38:27
8921,100,892100,09:38:27
8920,400,3568000,09:38:26
8922,100,892200,09:38:26
8922,100,892200,09:38:24
8922,100,892200,09:38:22
8921,100,892100,09:38:22
8921,100,892100,09:38:21
8922,200,1784400,09:38:20
8922,100,892200,09:38:19
8921,200,1784200,09:38:18
8922,600,5353200,09:38:11
8921,400,3568400,09:38:11
8918,100,891800,09:38:09
8919,100,891900,09:38:08
8920,100,892000,09:38:08
8921,300,2676300,09:38:08
8922,100,892200,09:38:08
8921,100,892100,09:38:07
8922,100,892200,09:38:07
8921,100,892100,09:38:05
8922,100,892200,09:38:05
8921,400,3568400,09:38:04
8921,100,892100,09:38:02
8920,100,892000,09:38:02
8922,200,1784400,09:38:01
8922,200,1784400,09:38:01
8919,200,1783800,09:38:00
8920,300,2676000,09:38:00
8921,100,892100,09:38:00
8919,100,891900,09:37:59
8918,100,891800,09:37:59
8919,300,2675700,09:37:59
8921,400,3568400,09:37:59
8919,100,891900,09:37:59
8920,800,7136000,09:37:59
8920,200,1784000,09:37:59
8920,700,6244000,09:37:59
8920,100,892000,09:37:59
8921,100,892100,09:37:59
8921,100,892100,09:37:59
8921,100,892100,09:37:59
8923,1000,8923000,09:37:59
8922,100,892200,09:37:58
8924,100,892400,09:37:58
8923,100,892300,09:37:57
8923,100,892300,09:37:57
8921,100,892100,09:37:57
8923,100,892300,09:37:56
8920,100,892000,09:37:55
8923,200,1784600,09:37:54
8923,700,6246100,09:37:54
8922,200,1784400,09:37:54
8922,100,892200,09:37:53
8922,100,892200,09:37:53
8921,100,892100,09:37:53
8921,200,1784200,09:37:53
8921,100,892100,09:37:53
8920,1300,11596000,09:37:53
8920,100,892000,09:37:53
8919,100,891900,09:37:52
8919,100,891900,09:37:52
8918,100,891800,09:37:51
8919,300,2675700,09:37:50
8918,200,1783600,09:37:50
8917,100,891700,09:37:50
8919,100,891900,09:37:48
8918,100,891800,09:37:48
8918,100,891800,09:37:48
8918,100,891800,09:37:47
8917,400,3566800,09:37:47
8917,100,891700,09:37:47
8916,100,891600,09:37:45
8915,100,891500,09:37:43
8914,100,891400,09:37:43
8916,100,891600,09:37:43
8916,100,891600,09:37:43
8916,100,891600,09:37:42
8915,100,891500,09:37:42
8916,100,891600,09:37:42
8916,100,891600,09:37:41
8916,100,891600,09:37:41
8915,200,1783000,09:37:41
8914,100,891400,09:37:41
8914,200,1782800,09:37:41
8913,200,1782600,09:37:41
8913,100,891300,09:37:40
8913,100,891300,09:37:40
8912,100,891200,09:37:40
8912,400,3564800,09:37:40
8912,400,3564800,09:37:40
8911,200,1782200,09:37:39
8910,200,1782000,09:37:39
8910,500,4455000,09:37:39
8910,100,891000,09:37:39
8909,100,890900,09:37:39
8909,100,890900,09:37:39
8909,100,890900,09:37:39
8909,100,890900,09:37:36
8909,300,2672700,09:37:36
8908,500,4454000,09:37:36
8909,1100,9799900,09:37:35
8908,400,3563200,09:37:35
8907,100,890700,09:37:35
8907,100,890700,09:37:35
8907,100,890700,09:37:35
8907,100,890700,09:37:35
8909,100,890900,09:37:34
8909,100,890900,09:37:31
8907,100,890700,09:37:30
8908,100,890800,09:37:30
8908,100,890800,09:37:27
8908,100,890800,09:37:27
8907,100,890700,09:37:27
8906,100,890600,09:37:27
8904,400,3561600,09:37:26
8903,200,1780600,09:37:26
8905,200,1781000,09:37:26
8907,200,1781400,09:37:25
8906,200,1781200,09:37:25
8906,100,890600,09:37:25
8907,100,890700,09:37:24
8907,100,890700,09:37:23
8907,100,890700,09:37:23
8910,100,891000,09:37:23
8909,800,7127200,09:37:23
8908,500,4454000,09:37:23
8907,100,890700,09:37:23
8907,100,890700,09:37:23
8907,200,1781400,09:37:23
8906,100,890600,09:37:23
8905,200,1781000,09:37:23
8905,100,890500,09:37:23
8904,1100,9794400,09:37:23
8903,800,7122400,09:37:23
8901,100,890100,09:37:21
8902,300,2670600,09:37:20
8901,100,890100,09:37:18
8901,100,890100,09:37:15
8903,300,2670900,09:37:15
8901,100,890100,09:37:14
8901,300,2670300,09:37:14
8901,100,890100,09:37:14
8902,100,890200,09:37:14
8902,100,890200,09:37:14
8902,300,2670600,09:37:14
8902,100,890200,09:37:14
8902,100,890200,09:37:14
8902,100,890200,09:37:12
8903,100,890300,09:37:11
8903,400,3561200,09:37:11
8903,100,890300,09:37:10
8902,100,890200,09:37:09
8902,100,890200,09:37:09
8902,100,890200,09:37:08
8902,100,890200,09:37:08
8904,200,1780800,09:37:08
8902,100,890200,09:37:08
8902,400,3560800,09:37:07
8903,800,7122400,09:37:07
8903,200,1780600,09:37:07
8903,200,1780600,09:37:07
8903,100,890300,09:37:07
8904,100,890400,09:37:07
8905,100,890500,09:37:07
8904,300,2671200,09:37:07
8904,100,890400,09:37:07
8905,500,4452500,09:37:07
8905,100,890500,09:37:07
8905,900,8014500,09:37:07
8905,100,890500,09:37:07
8905,100,890500,09:37:07
8905,900,8014500,09:37:07
8905,100,890500,09:37:07
8905,100,890500,09:37:07
8905,100,890500,09:37:07
8905,100,890500,09:37:07
8905,100,890500,09:37:07
8905,200,1781000,09:37:07
8905,600,5343000,09:37:07
8905,800,7124000,09:37:07
8905,100,890500,09:37:07
8905,1000,8905000,09:37:07
8905,100,890500,09:37:07
8905,1000,8905000,09:37:07
8906,500,4453000,09:37:07
8907,600,5344200,09:37:07
8907,300,2672100,09:37:06
8908,100,890800,09:37:06
8908,100,890800,09:37:04
8908,100,890800,09:37:03
8909,200,1781800,09:37:01
8909,300,2672700,09:37:00
8910,300,2673000,09:37:00
8910,100,891000,09:37:00
8911,200,1782200,09:37:00
8911,300,2673300,09:37:00
8910,100,891000,09:36:59
8910,100,891000,09:36:58
8912,300,2673600,09:36:54
8911,100,891100,09:36:54
8911,100,891100,09:36:53
8909,100,890900,09:36:53
8910,700,6237000,09:36:53
8911,500,4455500,09:36:53
8912,100,891200,09:36:52
8914,100,891400,09:36:52
8914,100,891400,09:36:51
8913,100,891300,09:36:51
8913,300,2673900,09:36:51
8912,200,1782400,09:36:51
8912,100,891200,09:36:50
8911,300,2673300,09:36:49
8912,100,891200,09:36:47
8912,100,891200,09:36:46
8912,100,891200,09:36:46
8913,100,891300,09:36:44
8913,100,891300,09:36:44
8914,100,891400,09:36:44
8914,200,1782800,09:36:43
8913,100,891300,09:36:43
8912,100,891200,09:36:43
8912,100,891200,09:36:43
8912,100,891200,09:36:42
8911,100,891100,09:36:42
8910,700,6237000,09:36:41
8910,100,891000,09:36:41
8910,200,1782000,09:36:41
8910,100,891000,09:36:41
8910,100,891000,09:36:40
8910,500,4455000,09:36:40
8911,100,891100,09:36:40
8911,100,891100,09:36:40
8911,400,3564400,09:36:40
8911,400,3564400,09:36:40
8911,100,891100,09:36:40
8910,100,891000,09:36:40
8910,200,1782000,09:36:40
8911,400,3564400,09:36:39
8912,400,3564800,09:36:39
8910,100,891000,09:36:39
8911,100,891100,09:36:39
8911,100,891100,09:36:39
8912,100,891200,09:36:38
8913,200,1782600,09:36:37
8913,1100,9804300,09:36:37
8913,100,891300,09:36:37
8915,100,891500,09:36:36
8913,100,891300,09:36:36
8911,600,5346600,09:36:36
8912,1000,8912000,09:36:36
8913,300,2673900,09:36:36
8914,1000,8914000,09:36:36
8915,100,891500,09:36:35
8915,300,2674500,09:36:34
8915,100,891500,09:36:34
8916,100,891600,09:36:34
8916,900,8024400,09:36:34
8916,200,1783200,09:36:33
8917,300,2675100,09:36:33
8917,100,891700,09:36:33
8917,100,891700,09:36:33
8917,100,891700,09:36:33
8917,100,891700,09:36:33
8918,300,2675400,09:36:33
8918,100,891800,09:36:31
8919,100,891900,09:36:31
8919,200,1783800,09:36:31
8920,100,892000,09:36:29
8921,100,892100,09:36:29
8920,100,892000,09:36:29
8920,200,1784000,09:36:29
8918,100,891800,09:36:27
8920,100,892000,09:36:26
8920,200,1784000,09:36:26
8919,200,1783800,09:36:26
8918,300,2675400,09:36:26
8917,100,891700,09:36:26
8917,200,1783400,09:36:26
8917,100,891700,09:36:22
8916,100,891600,09:36:21
8916,100,891600,09:36:21
8917,100,891700,09:36:21
8916,100,891600,09:36:21
8917,100,891700,09:36:21
8917,200,1783400,09:36:20
8918,100,891800,09:36:20
8919,200,1783800,09:36:20
8920,100,892000,09:36:20
8919,100,891900,09:36:19
8918,100,891800,09:36:18
8919,100,891900,09:36:18
8919,200,1783800,09:36:17
8920,300,2676000,09:36:17
8920,1000,8920000,09:36:17
8920,100,892000,09:36:17
8920,100,892000,09:36:17
8920,100,892000,09:36:17
8920,600,5352000,09:36:17
8921,300,2676300,09:36:17
8922,1700,15167400,09:36:16
8922,300,2676600,09:36:16
8922,300,2676600,09:36:16
8922,300,2676600,09:36:16
8922,200,1784400,09:36:16
8922,300,2676600,09:36:16
8923,400,3569200,09:36:16
8922,100,892200,09:36:15
8923,200,1784600,09:36:15
8923,500,4461500,09:36:15
8923,600,5353800,09:36:15
8923,100,892300,09:36:15
8925,2200,19635000,09:36:15
8926,1600,14281600,09:36:15
8926,100,892600,09:36:15
8926,100,892600,09:36:13
8927,100,892700,09:36:13
8928,100,892800,09:36:11
8927,100,892700,09:36:09
8927,100,892700,09:36:08
8928,100,892800,09:36:08
8928,100,892800,09:36:05
8927,200,1785400,09:36:04
8928,100,892800,09:36:04
8929,200,1785800,09:36:03
8930,100,893000,09:36:02
8931,200,1786200,09:36:01
8931,100,893100,09:36:01
8931,200,1786200,09:36:01
8932,100,893200,09:36:01
8931,100,893100,09:36:01
8935,300,2680500,09:36:01
8934,400,3573600,09:36:01
8933,100,893300,09:36:01
8935,300,2680500,09:36:00
8933,100,893300,09:36:00
8933,100,893300,09:36:00
8932,300,2679600,09:36:00
8931,700,6251700,09:36:00
8929,100,892900,09:35:59
8931,100,893100,09:35:59
8929,100,892900,09:35:58
8931,200,1786200,09:35:57
8930,200,1786000,09:35:56
8930,400,3572000,09:35:56
8930,200,1786000,09:35:56
8929,200,1785800,09:35:56
8928,100,892800,09:35:54
8928,100,892800,09:35:51
8929,200,1785800,09:35:51
8928,300,2678400,09:35:47
8927,400,3570800,09:35:47
8925,200,1785000,09:35:46
8927,200,1785400,09:35:46
8926,100,892600,09:35:46
8926,100,892600,09:35:45
8923,100,892300,09:35:43
8924,300,2677200,09:35:43
8925,200,1785000,09:35:43
8926,1100,9818600,09:35:43
8927,1100,9819700,09:35:43
8927,400,3570800,09:35:43
8927,400,3570800,09:35:43
8927,800,7141600,09:35:43
8927,200,1785400,09:35:41
8927,100,892700,09:35:41
8928,100,892800,09:35:39
8927,100,892700,09:35:38
8927,100,892700,09:35:37
8928,100,892800,09:35:37
8928,100,892800,09:35:35
8927,100,892700,09:35:34
8926,100,892600,09:35:31
8927,100,892700,09:35:31
8927,200,1785400,09:35:31
8928,200,1785600,09:35:30
8927,200,1785400,09:35:30
8924,100,892400,09:35:29
8925,100,892500,09:35:29
8925,100,892500,09:35:29
8925,100,892500,09:35:28
8926,800,7140800,09:35:28
8926,200,1785200,09:35:28
8927,100,892700,09:35:28
8928,700,6249600,09:35:28
8929,100,892900,09:35:28
8930,100,893000,09:35:28
8930,100,893000,09:35:28
8928,500,4464000,09:35:24
8930,100,893000,09:35:23
8930,100,893000,09:35:23
8929,100,892900,09:35:23
8930,100,893000,09:35:23
8930,300,2679000,09:35:23
8930,600,5358000,09:35:23
8931,200,1786200,09:35:23
8931,100,893100,09:35:23
8932,500,4466000,09:35:23
8932,200,1786400,09:35:23
8933,400,3573200,09:35:23
8934,3400,30375600,09:35:23
8934,200,1786800,09:35:23
8935,9600,85776000,09:35:23
8935,1000,8935000,09:35:23
8936,100,893600,09:35:22
8936,200,1787200,09:35:17
8937,100,893700,09:35:13
8939,100,893900,09:35:12
8937,100,893700,09:35:12
8938,100,893800,09:35:11
8940,200,1788000,09:35:11
8939,600,5363400,09:35:11
8938,200,1787600,09:35:11
8938,400,3575200,09:35:10
8936,400,3574400,09:35:08
8936,200,1787200,09:35:06
8935,100,893500,09:35:05
8936,100,893600,09:35:04
8936,100,893600,09:35:04
8936,100,893600,09:35:04
8938,100,893800,09:35:03
8937,400,3574800,09:35:03
8934,100,893400,09:35:01
8935,100,893500,09:35:01
8935,100,893500,09:35:00
8936,100,893600,09:35:00
8936,200,1787200,09:35:00
8936,100,893600,09:34:58
8935,400,3574000,09:34:56
8937,100,893700,09:34:56
8935,100,893500,09:34:54
8936,100,893600,09:34:54
8936,300,2680800,09:34:54
8935,100,893500,09:34:54
8935,100,893500,09:34:52
8935,200,1787000,09:34:52
8934,100,893400,09:34:52
8933,100,893300,09:34:51
8934,100,893400,09:34:49
8934,100,893400,09:34:49
8934,100,893400,09:34:49
8935,200,1787000,09:34:49
8935,100,893500,09:34:45
8934,100,893400,09:34:45
8933,200,1786600,09:34:45
8933,1000,8933000,09:34:45
8933,9700,86650100,09:34:45
8933,300,2679900,09:34:45
8932,100,893200,09:34:43
8932,100,893200,09:34:41
8933,300,2679900,09:34:41
8935,100,893500,09:34:41
8933,100,893300,09:34:41
8935,100,893500,09:34:40
8935,100,893500,09:34:39
8934,200,1786800,09:34:39
8933,100,893300,09:34:39
8934,100,893400,09:34:38
8934,100,893400,09:34:38
8934,200,1786800,09:34:38
8931,1200,10717200,09:34:38
8932,700,6252400,09:34:38
8933,900,8039700,09:34:38
8934,900,8040600,09:34:38
8935,100,893500,09:34:38
8935,100,893500,09:34:38
8934,100,893400,09:34:38
8934,100,893400,09:34:38
8932,1000,8932000,09:34:37
8932,100,893200,09:34:37
8932,700,6252400,09:34:37
8933,300,2679900,09:34:37
8934,100,893400,09:34:35
8935,500,4467500,09:34:35
8935,100,893500,09:34:35
8935,100,893500,09:34:35
8935,100,893500,09:34:35
8935,100,893500,09:34:35
8935,200,1787000,09:34:35
8935,100,893500,09:34:35
8936,800,7148800,09:34:35
8938,100,893800,09:34:33
8939,100,893900,09:34:32
8940,600,5364000,09:34:32
8939,400,3575600,09:34:32
8937,300,2681100,09:34:32
8937,200,1787400,09:34:32
8938,300,2681400,09:34:31
8938,100,893800,09:34:30
8938,100,893800,09:34:30
8938,100,893800,09:34:30
8938,100,893800,09:34:30
8938,100,893800,09:34:30
8939,100,893900,09:34:29
8940,100,894000,09:34:29
8940,300,2682000,09:34:29
8941,200,1788200,09:34:28
8941,100,894100,09:34:28
8942,200,1788400,09:34:28
8942,100,894200,09:34:28
8943,100,894300,09:34:27
8943,100,894300,09:34:27
8944,200,1788800,09:34:27
8944,200,1788800,09:34:27
8944,100,894400,09:34:26
8943,100,894300,09:34:26
8943,100,894300,09:34:26
8941,100,894100,09:34:25
8943,300,2682900,09:34:24
8942,100,894200,09:34:24
8941,100,894100,09:34:24
8940,200,1788000,09:34:24
8940,100,894000,09:34:23
8941,100,894100,09:34:22
8941,100,894100,09:34:22
8940,100,894000,09:34:20
8940,400,3576000,09:34:20
8940,100,894000,09:34:20
8940,100,894000,09:34:20
8940,100,894000,09:34:20
8940,100,894000,09:34:20
8941,100,894100,09:34:19
8941,100,894100,09:34:19
8941,100,894100,09:34:19
8941,100,894100,09:34:19
8942,100,894200,09:34:19
8943,100,894300,09:34:19
8940,600,5364000,09:34:19
8941,400,3576400,09:34:19
8942,600,5365200,09:34:19
8942,100,894200,09:34:19
8944,100,894400,09:34:17
8943,100,894300,09:34:17
8943,100,894300,09:34:17
8943,100,894300,09:34:17
8943,100,894300,09:34:17
8943,100,894300,09:34:17
8943,200,1788600,09:34:17
8943,200,1788600,09:34:17
8943,100,894300,09:34:16
8943,300,2682900,09:34:16
8944,900,8049600,09:34:13
8944,100,894400,09:34:13
8944,100,894400,09:34:13
8945,100,894500,09:34:12
8945,100,894500,09:34:11
8947,400,3578800,09:34:10
8946,100,894600,09:34:10
8946,200,1789200,09:34:07
8946,100,894600,09:34:07
8946,100,894600,09:34:07
8948,3000,26844000,09:34:06
8948,400,3579200,09:34:06
8947,200,1789400,09:34:05
8948,100,894800,09:34:03
8949,100,894900,09:34:03
8948,500,4474000,09:34:00
8950,600,5370000,09:33:59
8949,200,1789800,09:33:58
8947,100,894700,09:33:57
8949,100,894900,09:33:55
8949,100,894900,09:33:55
8950,100,895000,09:33:54
8949,100,894900,09:33:54
8947,100,894700,09:33:54
8949,100,894900,09:33:54
8949,100,894900,09:33:53
8949,100,894900,09:33:53
8950,100,895000,09:33:52
8949,100,894900,09:33:52
8949,200,1789800,09:33:52
8950,1300,11635000,09:33:52
8950,100,895000,09:33:52
8950,200,1790000,09:33:52
8951,100,895100,09:33:52
8951,100,895100,09:33:50
8951,200,1790200,09:33:47
8951,300,2685300,09:33:47
8952,100,895200,09:33:46
8953,100,895300,09:33:46
8953,100,895300,09:33:46
8954,100,895400,09:33:45
8955,100,895500,09:33:44
8955,100,895500,09:33:44
8954,100,895400,09:33:43
8953,200,1790600,09:33:42
8954,200,1790800,09:33:42
8954,200,1790800,09:33:42
8956,100,895600,09:33:42
8955,100,895500,09:33:41
8955,300,2686500,09:33:40
8955,100,895500,09:33:40
8957,100,895700,09:33:40
8953,100,895300,09:33:39
8956,100,895600,09:33:39
8955,100,895500,09:33:39
8954,100,895400,09:33:39
8954,100,895400,09:33:39
8954,100,895400,09:33:38
8954,100,895400,09:33:38
8955,300,2686500,09:33:38
8956,500,4478000,09:33:38
8957,100,895700,09:33:38
8958,100,895800,09:33:36
8958,100,895800,09:33:36
8956,600,5373600,09:33:34
8959,200,1791800,09:33:34
8959,200,1791800,09:33:34
8962,100,896200,09:33:34
8960,200,1792000,09:33:34
8961,300,2688300,09:33:34
8961,100,896100,09:33:34
8962,200,1792400,09:33:34
8963,100,896300,09:33:34
8962,100,896200,09:33:33
8963,500,4481500,09:33:33
8964,100,896400,09:33:33
8964,100,896400,09:33:32
8965,100,896500,09:33:32
8964,100,896400,09:33:32
8962,100,896200,09:33:30
8963,100,896300,09:33:29
8964,100,896400,09:33:28
8963,100,896300,09:33:27
8962,100,896200,09:33:27
8962,200,1792400,09:33:27
8962,100,896200,09:33:27
8962,200,1792400,09:33:27
8963,1100,9859300,09:33:27
8966,100,896600,09:33:27
8966,100,896600,09:33:27
8965,300,2689500,09:33:27
8965,100,896500,09:33:26
8965,400,3586000,09:33:26
8964,100,896400,09:33:26
8964,100,896400,09:33:26
8964,100,896400,09:33:25
8963,500,4481500,09:33:25
8960,100,896000,09:33:24
8961,100,896100,09:33:24
8962,600,5377200,09:33:23
8961,100,896100,09:33:22
8960,1000,8960000,09:33:22
8959,800,7167200,09:33:22
8958,800,7166400,09:33:22
8957,100,895700,09:33:21
8956,800,7164800,09:33:21
8955,300,2686500,09:33:21
8955,100,895500,09:33:21
8954,100,895400,09:33:21
8954,100,895400,09:33:21
8953,200,1790600,09:33:21
8952,100,895200,09:33:21
8952,200,1790400,09:33:21
8951,100,895100,09:33:20
8951,100,895100,09:33:19
8952,100,895200,09:33:15
8952,100,895200,09:33:15
8952,100,895200,09:33:14
8952,100,895200,09:33:13
8951,100,895100,09:33:12
8952,200,1790400,09:33:11
8952,100,895200,09:33:09
8952,200,1790400,09:33:09
8950,100,895000,09:33:07
8951,100,895100,09:33:07
8952,200,1790400,09:33:06
8952,100,895200,09:33:06
8952,100,895200,09:33:05
8954,100,895400,09:33:05
8953,100,895300,09:33:05
8953,100,895300,09:33:04
8954,800,7163200,09:33:04
8955,300,2686500,09:33:04
8956,100,895600,09:33:04
8956,100,895600,09:33:04
8956,200,1791200,09:33:03
8956,100,895600,09:33:02
8958,200,1791600,09:33:00
8958,1000,8958000,09:33:00
8956,100,895600,09:32:57
8957,100,895700,09:32:57
8955,100,895500,09:32:56
8957,100,895700,09:32:56
8955,100,895500,09:32:56
8955,100,895500,09:32:56
8954,8900,79690600,09:32:56
8952,100,895200,09:32:56
8952,100,895200,09:32:56
8953,100,895300,09:32:56
8953,200,1790600,09:32:56
8954,600,5372400,09:32:56
8955,200,1791000,09:32:56
8957,100,895700,09:32:55
8957,200,1791400,09:32:55
8955,100,895500,09:32:55
8955,300,2686500,09:32:55
8954,100,895400,09:32:54
8955,300,2686500,09:32:53
8956,100,895600,09:32:53
8956,300,2686800,09:32:52
8955,100,895500,09:32:51
8955,100,895500,09:32:51
8955,100,895500,09:32:51
8954,100,895400,09:32:50
8953,100,895300,09:32:50
8954,100,895400,09:32:50
8953,100,895300,09:32:50
8952,100,895200,09:32:50
8954,100,895400,09:32:48
8954,100,895400,09:32:47
8951,300,2685300,09:32:47
8952,100,895200,09:32:47
8953,100,895300,09:32:47
8954,400,3581600,09:32:46
8954,100,895400,09:32:46
8954,100,895400,09:32:46
8952,100,895200,09:32:46
8954,400,3581600,09:32:46
8953,200,1790600,09:32:46
8953,100,895300,09:32:45
8952,700,6266400,09:32:45
8951,100,895100,09:32:45
8951,100,895100,09:32:45
8950,200,1790000,09:32:44
8950,100,895000,09:32:44
8950,500,4475000,09:32:44
8950,800,7160000,09:32:44
8949,100,894900,09:32:43
8949,100,894900,09:32:43
8948,200,1789600,09:32:43
8947,200,1789400,09:32:42
8949,200,1789800,09:32:40
8947,100,894700,09:32:40
8947,100,894700,09:32:40
8948,100,894800,09:32:40
8948,100,894800,09:32:40
8948,600,5368800,09:32:40
8947,700,6262900,09:32:40
8946,100,894600,09:32:40
8946,1100,9840600,09:32:40
8945,900,8050500,09:32:40
8944,200,1788800,09:32:40
8944,100,894400,09:32:38
8943,100,894300,09:32:38
8943,200,1788600,09:32:38
8944,100,894400,09:32:37
8944,100,894400,09:32:33
8943,100,894300,09:32:33
8944,100,894400,09:32:33
8944,100,894400,09:32:33
8944,100,894400,09:32:33
8942,100,894200,09:32:32
8943,100,894300,09:32:30
8943,300,2682900,09:32:29
8944,100,894400,09:32:27
8944,100,894400,09:32:27
8944,100,894400,09:32:27
8944,100,894400,09:32:27
8945,200,1789000,09:32:27
8945,200,1789000,09:32:27
8946,100,894600,09:32:25
8946,100,894600,09:32:25
8946,100,894600,09:32:24
8947,200,1789400,09:32:23
8945,200,1789000,09:32:22
8946,100,894600,09:32:22
8946,200,1789200,09:32:21
8946,200,1789200,09:32:21
8946,100,894600,09:32:21
8945,200,1789000,09:32:21
8943,100,894300,09:32:18
8944,100,894400,09:32:18
8943,200,1788600,09:32:18
8945,100,894500,09:32:16
8944,100,894400,09:32:16
8943,100,894300,09:32:15
8944,100,894400,09:32:15
8944,100,894400,09:32:13
8944,100,894400,09:32:13
8944,100,894400,09:32:13
8945,200,1789000,09:32:13
8945,100,894500,09:32:12
8944,100,894400,09:32:11
8943,300,2682900,09:32:09
8945,300,2683500,09:32:09
8945,200,1789000,09:32:09
8945,400,3578000,09:32:09
8944,100,894400,09:32:09
8944,100,894400,09:32:09
8943,100,894300,09:32:08
8943,100,894300,09:32:08
8944,300,2683200,09:32:07
8944,100,894400,09:32:07
8943,300,2682900,09:32:07
8942,100,894200,09:32:05
8942,100,894200,09:32:05
8942,100,894200,09:32:04
8943,100,894300,09:32:03
8944,100,894400,09:32:03
8944,100,894400,09:32:03
8943,600,5365800,09:32:02
8944,700,6260800,09:32:02
8945,100,894500,09:32:02
8946,100,894600,09:32:02
8947,100,894700,09:32:01
8947,300,2684100,09:32:01
8946,300,2683800,09:32:01
8945,100,894500,09:32:01
8944,100,894400,09:32:01
8943,100,894300,09:32:00
8944,300,2683200,09:32:00
8943,200,1788600,09:32:00
8941,100,894100,09:31:59
8942,100,894200,09:31:59
8943,200,1788600,09:31:58
8943,100,894300,09:31:57
8943,200,1788600,09:31:56
8943,200,1788600,09:31:56
8945,100,894500,09:31:55
8945,400,3578000,09:31:55
8944,100,894400,09:31:55
8944,100,894400,09:31:55
8943,100,894300,09:31:55
8944,500,4472000,09:31:54
8944,600,5366400,09:31:54
8944,400,3577600,09:31:53
8945,100,894500,09:31:52
8946,100,894600,09:31:51
8947,100,894700,09:31:50
8948,100,894800,09:31:50
8949,100,894900,09:31:47
8947,100,894700,09:31:47
8948,600,5368800,09:31:47
8945,100,894500,09:31:47
8945,100,894500,09:31:47
8945,100,894500,09:31:47
8946,100,894600,09:31:46
8946,100,894600,09:31:46
8946,100,894600,09:31:46
8946,400,3578400,09:31:46
8946,100,894600,09:31:46
8946,400,3578400,09:31:46
8947,500,4473500,09:31:46
8948,1100,9842800,09:31:46
8948,100,894800,09:31:46
8948,100,894800,09:31:46
8948,500,4474000,09:31:46
8948,100,894800,09:31:46
8948,100,894800,09:31:46
8948,100,894800,09:31:45
8949,200,1789800,09:31:45
8950,1500,13425000,09:31:45
8950,200,1790000,09:31:45
8950,200,1790000,09:31:45
8950,200,1790000,09:31:45
8950,200,1790000,09:31:45
8950,100,895000,09:31:45
8951,100,895100,09:31:45
8951,200,1790200,09:31:45
8951,100,895100,09:31:45
8952,600,5371200,09:31:45
8953,600,5371800,09:31:45
8954,600,5372400,09:31:45
8954,100,895400,09:31:45
8955,500,4477500,09:31:45
8956,300,2686800,09:31:45
8956,100,895600,09:31:45
8957,100,895700,09:31:44
8957,100,895700,09:31:43
8958,100,895800,09:31:41
8957,100,895700,09:31:40
8957,300,2687100,09:31:38
8958,400,3583200,09:31:38
8959,200,1791800,09:31:37
8959,100,895900,09:31:36
8959,100,895900,09:31:35
8959,300,2687700,09:31:35
8958,100,895800,09:31:34
8957,100,895700,09:31:34
8958,100,895800,09:31:33
8957,100,895700,09:31:33
8956,100,895600,09:31:33
8956,300,2686800,09:31:33
8956,200,1791200,09:31:33
8955,300,2686500,09:31:33
8955,100,895500,09:31:32
8954,700,6267800,09:31:32
8955,700,6268500,09:31:32
8955,100,895500,09:31:32
8955,300,2686500,09:31:32
8955,700,6268500,09:31:32
8955,100,895500,09:31:32
8957,100,895700,09:31:30
8956,100,895600,09:31:30
8957,100,895700,09:31:29
8956,200,1791200,09:31:29
8956,300,2686800,09:31:28
8957,300,2687100,09:31:28
8958,100,895800,09:31:28
8959,100,895900,09:31:27
8958,100,895800,09:31:26
8958,100,895800,09:31:24
8959,100,895900,09:31:23
8959,100,895900,09:31:23
8955,1100,9850500,09:31:22
8955,800,7164000,09:31:22
8955,500,4477500,09:31:22
8955,200,1791000,09:31:22
8955,600,5373000,09:31:22
8955,100,895500,09:31:22
8955,900,8059500,09:31:22
8955,100,895500,09:31:22
8955,100,895500,09:31:22
8955,100,895500,09:31:22
8955,100,895500,09:31:22
8955,200,1791000,09:31:22
8955,600,5373000,09:31:22
8955,100,895500,09:31:22
8957,100,895700,09:31:22
8955,300,2686500,09:31:20
8955,800,7164000,09:31:20
8956,100,895600,09:31:20
8956,100,895600,09:31:20
8958,100,895800,09:31:19
8956,100,895600,09:31:19
8958,200,1791600,09:31:17
8956,200,1791200,09:31:17
8957,200,1791400,09:31:17
8958,100,895800,09:31:17
8959,100,895900,09:31:17
8957,400,3582800,09:31:16
8959,100,895900,09:31:16
8959,500,4479500,09:31:13
8959,100,895900,09:31:12
8958,100,895800,09:31:11
8958,200,1791600,09:31:11
8956,200,1791200,09:31:10
8956,100,895600,09:31:10
8957,100,895700,09:31:10
8957,200,1791400,09:31:10
8955,200,1791000,09:31:08
8954,100,895400,09:31:08
8955,200,1791000,09:31:08
8956,300,2686800,09:31:06
8956,200,1791200,09:31:06
8955,200,1791000,09:31:06
8955,100,895500,09:31:06
8955,100,895500,09:31:04
8955,100,895500,09:31:04
8956,100,895600,09:31:04
8958,100,895800,09:31:03
8958,400,3583200,09:31:03
8955,100,895500,09:31:02
8954,500,4477000,09:31:02
8955,500,4477500,09:31:02
8955,100,895500,09:31:02
8955,100,895500,09:31:02
8955,100,895500,09:31:02
8955,300,2686500,09:31:01
8956,100,895600,09:31:01
8956,100,895600,09:31:01
8956,200,1791200,09:31:01
8955,7100,63580500,09:31:01
8955,100,895500,09:31:01
8956,100,895600,09:31:01
8957,200,1791400,09:31:01
8956,100,895600,09:31:01
8956,100,895600,09:31:01
8956,100,895600,09:31:01
8955,100,895500,09:31:01
8955,1600,14328000,09:31:01
8955,500,4477500,09:31:01
8955,1400,12537000,09:31:01
8955,900,8059500,09:31:01
8956,600,5373600,09:31:01
8957,700,6269900,09:31:01
8958,1200,10749600,09:31:01
8959,100,895900,09:31:01
8959,100,895900,09:31:01
8960,1100,9856000,09:31:01
8961,200,1792200,09:31:01
8961,100,896100,09:31:01
8962,100,896200,09:31:00
8963,100,896300,09:30:59
8962,100,896200,09:30:57
8962,100,896200,09:30:56
8964,200,1792800,09:30:56
8963,100,896300,09:30:56
8963,100,896300,09:30:55
8962,100,896200,09:30:55
8963,100,896300,09:30:54
8963,100,896300,09:30:54
8964,100,896400,09:30:53
8963,100,896300,09:30:52
8963,100,896300,09:30:52
8964,100,896400,09:30:51
8964,300,2689200,09:30:51
8964,200,1792800,09:30:51
8965,400,3586000,09:30:51
8966,100,896600,09:30:51
8966,500,4483000,09:30:49
8967,200,1793400,09:30:49
8967,100,896700,09:30:47
8967,100,896700,09:30:45
8969,100,896900,09:30:44
8970,100,897000,09:30:44
8969,100,896900,09:30:44
8968,100,896800,09:30:44
8967,500,4483500,09:30:44
8968,200,1793600,09:30:44
8968,100,896800,09:30:43
8970,100,897000,09:30:43
8969,100,896900,09:30:43
8966,100,896600,09:30:42
8967,400,3586800,09:30:42
8970,400,3588000,09:30:42
8969,800,7175200,09:30:42
8968,500,4484000,09:30:42
8967,100,896700,09:30:42
8967,100,896700,09:30:41
8966,200,1793200,09:30:37
8966,100,896600,09:30:37
8966,100,896600,09:30:37
8963,100,896300,09:30:37
8963,400,3585200,09:30:35
8964,200,1792800,09:30:35
8964,100,896400,09:30:35
8965,100,896500,09:30:34
8965,100,896500,09:30:33
8965,300,2689500,09:30:32
8966,300,2689800,09:30:31
8967,600,5380200,09:30:31
8968,300,2690400,09:30:31
8969,100,896900,09:30:31
8969,100,896900,09:30:30
8969,100,896900,09:30:30
8968,400,3587200,09:30:30
8968,200,1793600,09:30:30
8967,100,896700,09:30:30
8967,200,1793400,09:30:30
8968,100,896800,09:30:28
8968,300,2690400,09:30:28
8965,100,896500,09:30:27
8966,100,896600,09:30:27
8965,600,5379000,09:30:27
8966,400,3586400,09:30:27
8967,100,896700,09:30:27
8967,100,896700,09:30:27
8966,100,896600,09:30:26
8967,100,896700,09:30:26
8967,100,896700,09:30:26
8967,100,896700,09:30:26
8968,200,1793600,09:30:26
8968,100,896800,09:30:25
8967,100,896700,09:30:23
8968,100,896800,09:30:22
8967,100,896700,09:30:22
8968,100,896800,09:30:21
8968,100,896800,09:30:21
8968,400,3587200,09:30:20
8966,100,896600,09:30:19
8968,100,896800,09:30:19
8967,200,1793400,09:30:18
8967,200,1793400,09:30:18
8969,100,896900,09:30:18
8967,100,896700,09:30:18
8968,100,896800,09:30:17
8967,200,1793400,09:30:17
8966,500,4483000,09:30:17
8965,1100,9861500,09:30:17
8964,200,1792800,09:30:16
8964,100,896400,09:30:16
8964,100,896400,09:30:16
8962,100,896200,09:30:16
8962,100,896200,09:30:16
8962,100,896200,09:30:16
8961,100,896100,09:30:16
8958,100,895800,09:30:15
8959,100,895900,09:30:15
8961,100,896100,09:30:14
8959,100,895900,09:30:13
8960,100,896000,09:30:13
8961,100,896100,09:30:13
8962,200,1792400,09:30:11
8962,100,896200,09:30:11
8964,400,3585600,09:30:10
8963,100,896300,09:30:10
8963,100,896300,09:30:10
8963,500,4481500,09:30:10
8962,200,1792400,09:30:10
8958,100,895800,09:30:08
8959,100,895900,09:30:08
8962,100,896200,09:30:08
8961,500,4480500,09:30:08
8960,100,896000,09:30:08
8957,100,895700,09:30:08
8959,100,895900,09:30:08
8959,200,1791800,09:30:08
8960,300,2688000,09:30:07
8962,100,896200,09:30:07
8961,100,896100,09:30:06
8962,200,1792400,09:30:05
8962,100,896200,09:30:03
8961,100,896100,09:30:02
8959,100,895900,09:30:02
8959,400,3583600,09:30:02
8958,400,3583200,09:30:01
8958,100,895800,09:30:01
8958,100,895800,09:30:01
8958,100,895800,09:30:00
8959,100,895900,09:30:00
8960,200,1792000,09:30:00
8959,100,895900,09:30:00
8960,100,896000,09:30:00
8961,200,1792200,09:30:00
8962,200,1792400,09:29:57
8961,200,1792200,09:29:57
8960,200,1792000,09:29:57
8958,200,1791600,09:29:57
8959,200,1791800,09:29:57
8960,1600,14336000,09:29:56
8960,200,1792000,09:29:55
8959,100,895900,09:29:55
8960,100,896000,09:29:55
8960,100,896000,09:29:55
8960,100,896000,09:29:53
8958,100,895800,09:29:53
8958,200,1791600,09:29:52
8959,100,895900,09:29:52
8960,100,896000,09:29:51
8959,200,1791800,09:29:50
8960,100,896000,09:29:50
8959,100,895900,09:29:50
8960,200,1792000,09:29:50
8960,400,3584000,09:29:50
8961,100,896100,09:29:49
8962,400,3584800,09:29:49
8961,100,896100,09:29:49
8960,100,896000,09:29:48
8963,100,896300,09:29:48
8962,100,896200,09:29:48
8961,200,1792200,09:29:48
8961,100,896100,09:29:47
8963,300,2688900,09:29:46
8962,100,896200,09:29:46
8962,100,896200,09:29:46
8962,300,2688600,09:29:46
8963,400,3585200,09:29:46
8968,200,1793600,09:29:42
8967,400,3586800,09:29:42
8966,200,1793200,09:29:42
8965,100,896500,09:29:41
8965,200,1793000,09:29:41
8968,400,3587200,09:29:38
8967,200,1793400,09:29:38
8965,300,2689500,09:29:38
8964,400,3585600,09:29:37
8965,200,1793000,09:29:36
8965,700,6275500,09:29:36
8965,100,896500,09:29:36
8966,100,896600,09:29:36
8966,200,1793200,09:29:36
8965,100,896500,09:29:33
8965,100,896500,09:29:33
8965,200,1793000,09:29:32
8966,500,4483000,09:29:32
8966,100,896600,09:29:32
8968,100,896800,09:29:29
8968,200,1793600,09:29:29
8968,200,1793600,09:29:27
8967,800,7173600,09:29:26
8968,1300,11658400,09:29:26
8968,100,896800,09:29:26
8968,100,896800,09:29:26
8970,700,6279000,09:29:25
8970,200,1794000,09:29:25
8971,100,897100,09:29:25
8973,100,897300,09:29:25
8972,200,1794400,09:29:25
8972,100,897200,09:29:24
8977,100,897700,09:29:24
8976,100,897600,09:29:24
8970,1300,11661000,09:29:24
8971,4100,36781100,09:29:24
8972,1900,17046800,09:29:24
8973,700,6281100,09:29:24
8974,1400,12563600,09:29:24
8975,200,1795000,09:29:24
8976,100,897600,09:29:24
8975,6000,53850000,09:29:24
8975,400,3590000,09:29:24
8976,200,1795200,09:29:24
8977,400,3590800,09:29:24
8977,400,3590800,09:29:22
8978,100,897800,09:29:21
8979,200,1795800,09:29:20
8979,100,897900,09:29:19
8977,100,897700,09:29:15
8979,300,2693700,09:29:15
8978,100,897800,09:29:15
8978,100,897800,09:29:15
8979,200,1795800,09:29:15
8979,100,897900,09:29:15
8979,100,897900,09:29:14
8979,100,897900,09:29:13
8980,100,898000,09:29:13
8980,100,898000,09:29:09
8980,100,898000,09:29:09
8980,100,898000,09:29:09
8980,400,3592000,09:29:09
8981,100,898100,09:29:08
8980,100,898000,09:29:08
8980,600,5388000,09:29:08
8980,400,3592000,09:29:08
8980,600,5388000,09:29:08
8979,100,897900,09:29:07
8979,500,4489500,09:29:06
8978,400,3591200,09:29:06
8977,200,1795400,09:29:05
8977,100,897700,09:29:05
8976,200,1795200,09:29:05
8975,100,897500,09:29:04
8975,200,1795000,09:29:03
8975,100,897500,09:29:03
8973,200,1794600,09:29:02
8974,400,3589600,09:29:02
8974,400,3589600,09:29:02
8975,200,1795000,09:29:02
8974,200,1794800,09:29:01
8975,200,1795000,09:29:01
8977,100,897700,09:29:00
8975,200,1795000,09:28:59
8975,100,897500,09:28:58
8976,200,1795200,09:28:56
8976,300,2692800,09:28:56
8976,100,897600,09:28:56
8976,100,897600,09:28:55
8976,100,897600,09:28:55
8976,200,1795200,09:28:55
8976,100,897600,09:28:55
8975,300,2692500,09:28:55
8976,100,897600,09:28:54
8976,200,1795200,09:28:54
8976,100,897600,09:28:54
8974,100,897400,09:28:53
8975,200,1795000,09:28:51
8974,100,897400,09:28:50
8975,100,897500,09:28:49
8974,100,897400,09:28:49
8975,100,897500,09:28:48
8977,100,897700,09:28:48
8974,100,897400,09:28:47
8973,100,897300,09:28:47
8973,100,897300,09:28:46
8974,100,897400,09:28:46
8973,200,1794600,09:28:46
8974,100,897400,09:28:46
8975,100,897500,09:28:44
8976,200,1795200,09:28:43
8975,300,2692500,09:28:43
8976,400,3590400,09:28:42
8977,300,2693100,09:28:42
8978,100,897800,09:28:40
8978,200,1795600,09:28:40
8978,100,897800,09:28:38
8978,100,897800,09:28:38
8978,100,897800,09:28:37
8979,100,897900,09:28:34
8978,100,897800,09:28:34
8977,100,897700,09:28:34
8977,100,897700,09:28:34
8976,100,897600,09:28:34
8974,300,2692200,09:28:33
8975,400,3590000,09:28:33
8976,100,897600,09:28:32
8977,100,897700,09:28:32
8977,500,4488500,09:28:32
8979,100,897900,09:28:32
8978,100,897800,09:28:30
8978,100,897800,09:28:28
8976,200,1795200,09:28:28
8975,300,2692500,09:28:27
8975,300,2692500,09:28:27
8975,100,897500,09:28:26
8978,200,1795600,09:28:26
8977,700,6283900,09:28:26
8976,100,897600,09:28:26
8976,100,897600,09:28:25
8976,300,2692800,09:28:25
8975,100,897500,09:28:25
8975,100,897500,09:28:24
8977,100,897700,09:28:24
8976,100,897600,09:28:23
8978,200,1795600,09:28:23
8977,200,1795400,09:28:23
8976,100,897600,09:28:22
8978,100,897800,09:28:21
8978,100,897800,09:28:21
8976,400,3590400,09:28:21
8976,100,897600,09:28:21
8977,200,1795400,09:28:21
8978,1200,10773600,09:28:21
8979,200,1795800,09:28:21
8979,100,897900,09:28:21
8979,100,897900,09:28:21
8980,700,6286000,09:28:21
8981,900,8082900,09:28:21
8982,1000,8982000,09:28:21
8984,100,898400,09:28:20
8985,100,898500,09:28:20
8985,400,3594000,09:28:20
8988,100,898800,09:28:20
8985,700,6289500,09:28:20
8988,100,898800,09:28:20
8986,900,8087400,09:28:20
8987,11200,100654400,09:28:20
8988,100,898800,09:28:20
8989,100,898900,09:28:20
8988,100,898800,09:28:19
8988,100,898800,09:28:19
8987,100,898700,09:28:19
8987,100,898700,09:28:18
8987,100,898700,09:28:18
8987,100,898700,09:28:18
8988,100,898800,09:28:17
8989,300,2696700,09:28:16
8990,500,4495000,09:28:15
8989,600,5393400,09:28:15
8986,100,898600,09:28:15
8988,100,898800,09:28:14
8990,2700,24273000,09:28:14
8989,500,4494500,09:28:14
8989,100,898900,09:28:14
8988,500,4494000,09:28:13
8987,100,898700,09:28:13
8987,100,898700,09:28:13
8986,200,1797200,09:28:13
8985,100,898500,09:28:13
8985,100,898500,09:28:12
8982,300,2694600,09:28:10
8983,900,8084700,09:28:10
8984,100,898400,09:28:10
8986,400,3594400,09:28:09
8985,100,898500,09:28:09
8987,100,898700,09:28:09
8986,200,1797200,09:28:09
8985,300,2695500,09:28:05
8986,100,898600,09:28:04
8987,100,898700,09:28:04
8987,100,898700,09:28:04
8986,300,2695800,09:28:04
8985,100,898500,09:28:04
8985,200,1797000,09:28:04
8983,100,898300,09:28:03
8983,200,1796600,09:28:03
8984,100,898400,09:28:02
8983,200,1796600,09:28:02
8983,100,898300,09:28:02
8983,200,1796600,09:28:00
8985,200,1797000,09:27:59
8983,100,898300,09:27:59
8983,100,898300,09:27:58
8984,500,4492000,09:27:58
8985,300,2695500,09:27:58
8985,300,2695500,09:27:58
8985,100,898500,09:27:58
8985,100,898500,09:27:58
8985,200,1797000,09:27:58
8986,500,4493000,09:27:58
8986,200,1797200,09:27:58
8986,100,898600,09:27:57
8987,200,1797400,09:27:57
8987,100,898700,09:27:56
8987,300,2696100,09:27:55
8989,100,898900,09:27:54
8988,100,898800,09:27:54
8988,100,898800,09:27:54
8989,100,898900,09:27:53
8987,100,898700,09:27:53
8988,100,898800,09:27:51
8989,200,1797800,09:27:50
8988,500,4494000,09:27:50
8987,100,898700,09:27:46
8987,200,1797400,09:27:46
8988,200,1797600,09:27:46
8988,100,898800,09:27:40
8987,200,1797400,09:27:40
8989,100,898900,09:27:39
8987,200,1797400,09:27:39
8988,200,1797600,09:27:38
8990,800,7192000,09:27:37
8989,100,898900,09:27:36
8989,100,898900,09:27:36
8989,100,898900,09:27:36
8989,800,7191200,09:27:33
8988,100,898800,09:27:32
8989,200,1797800,09:27:30
8990,100,899000,09:27:29
8990,200,1798000,09:27:29
8992,100,899200,09:27:28
8992,400,3596800,09:27:28
8992,100,899200,09:27:28
8991,100,899100,09:27:27
8991,400,3596400,09:27:27
8989,100,898900,09:27:27
8991,1100,9890100,09:27:27
8990,100,899000,09:27:27
8990,1500,13485000,09:27:27
8988,100,898800,09:27:27
8989,500,4494500,09:27:27
8987,100,898700,09:27:22
8988,500,4494000,09:27:22
8990,200,1798000,09:27:22
8989,100,898900,09:27:22
8989,100,898900,09:27:22
8989,100,898900,09:27:22
8990,100,899000,09:27:19
8990,100,899000,09:27:18
8989,400,3595600,09:27:18
8989,100,898900,09:27:18
8988,300,2696400,09:27:17
8987,100,898700,09:27:16
8987,100,898700,09:27:16
8989,100,898900,09:27:15
8989,100,898900,09:27:15
8989,100,898900,09:27:15
8989,100,898900,09:27:12
8988,100,898800,09:27:12
8988,200,1797600,09:27:12
8987,100,898700,09:27:11
8988,100,898800,09:27:10
8987,100,898700,09:27:10
8988,200,1797600,09:27:09
8987,100,898700,09:27:07
8987,100,898700,09:27:06
8990,600,5394000,09:27:06
8989,200,1797800,09:27:06
8988,100,898800,09:27:06
8988,100,898800,09:27:06
8988,200,1797600,09:27:06
8988,200,1797600,09:27:06
8988,200,1797600,09:27:06
8989,100,898900,09:27:04
8990,100,899000,09:27:04
8990,100,899000,09:27:03
8988,400,3595200,09:27:02
8989,400,3595600,09:27:02
8990,100,899000,09:27:02
8990,100,899000,09:27:02
8990,200,1798000,09:27:00
8988,100,898800,09:26:58
8988,100,898800,09:26:54
8989,100,898900,09:26:54
8992,100,899200,09:26:52
8991,200,1798200,09:26:52
8990,100,899000,09:26:52
8990,100,899000,09:26:51
8988,100,898800,09:26:50
8990,400,3596000,09:26:49
8990,100,899000,09:26:48
8988,200,1797600,09:26:48
8989,100,898900,09:26:48
8989,100,898900,09:26:46
8990,100,899000,09:26:46
8991,100,899100,09:26:46
8990,100,899000,09:26:46
8991,100,899100,09:26:45
8990,100,899000,09:26:42
8992,200,1798400,09:26:42
8991,100,899100,09:26:42
8990,2400,21576000,09:26:42
8989,100,898900,09:26:42
8989,100,898900,09:26:42
8989,100,898900,09:26:42
8990,200,1798000,09:26:42
8989,100,898900,09:26:42
8989,100,898900,09:26:42
8989,100,898900,09:26:42
8989,100,898900,09:26:42
8989,100,898900,09:26:41
8987,100,898700,09:26:41
8988,100,898800,09:26:40
8987,200,1797400,09:26:40
8985,100,898500,09:26:40
8986,100,898600,09:26:39
8988,200,1797600,09:26:38
8987,100,898700,09:26:38
8984,200,1796800,09:26:36
8985,300,2695500,09:26:36
8987,300,2696100,09:26:36
8988,200,1797600,09:26:35
8985,300,2695500,09:26:34
8986,200,1797200,09:26:34
8988,100,898800,09:26:33
8987,200,1797400,09:26:33
8986,100,898600,09:26:33
8987,100,898700,09:26:32
8986,100,898600,09:26:32
8986,100,898600,09:26:32
8986,100,898600,09:26:32
8988,100,898800,09:26:31
8989,100,898900,09:26:31
8988,200,1797600,09:26:31
8989,300,2696700,09:26:30
8990,600,5394000,09:26:30
8990,100,899000,09:26:29
8991,100,899100,09:26:28
8990,100,899000,09:26:28
8991,100,899100,09:26:27
8990,100,899000,09:26:27
8992,100,899200,09:26:25
8991,100,899100,09:26:25
8990,300,2697000,09:26:25
8991,700,6293700,09:26:25
8992,400,3596800,09:26:24
8993,300,2697900,09:26:24
8994,400,3597600,09:26:24
8994,200,1798800,09:26:24
8995,100,899500,09:26:24
8995,100,899500,09:26:23
8997,100,899700,09:26:22
8995,100,899500,09:26:22
8995,200,1799000,09:26:22
8995,500,4497500,09:26:22
8997,200,1799400,09:26:22
8997,100,899700,09:26:21
8997,100,899700,09:26:20
8993,1100,9892300,09:26:20
8994,1100,9893400,09:26:20
8995,1500,13492500,09:26:20
8996,400,3598400,09:26:20
8997,400,3598800,09:26:20
8997,300,2699100,09:26:20
8998,100,899800,09:26:20
8998,100,899800,09:26:19
8999,300,2699700,09:26:16
8998,300,2699400,09:26:16
9000,100,900000,09:26:16
8999,100,899900,09:26:16
8998,100,899800,09:26:15
8999,200,1799800,09:26:15
8998,100,899800,09:26:15
9000,100,900000,09:26:14
8998,400,3599200,09:26:14
8997,200,1799400,09:26:14
8998,300,2699400,09:26:14
8999,300,2699700,09:26:14
9000,200,1800000,09:26:13
9001,100,900100,09:26:13
8997,400,3598800,09:26:13
8998,300,2699400,09:26:13
8999,100,899900,09:26:13
8999,200,1799800,09:26:13
9000,100,900000,09:26:12
8999,100,899900,09:26:12
8997,100,899700,09:26:12
8998,400,3599200,09:26:11
9001,200,1800200,09:26:11
8997,300,2699100,09:26:11
8998,300,2699400,09:26:11
8999,400,3599600,09:26:10
8999,100,899900,09:26:10
8998,200,1799600,09:26:10
8999,100,899900,09:26:10
9001,100,900100,09:26:10
8999,400,3599600,09:26:10
9000,100,900000,09:26:09
8999,400,3599600,09:26:09
9001,100,900100,09:26:08
8998,100,899800,09:26:08
8996,700,6297200,09:26:08
8998,400,3599200,09:26:08
8998,100,899800,09:26:08
8998,100,899800,09:26:07
8998,100,899800,09:26:07
8998,100,899800,09:26:06
8998,600,5398800,09:26:06
8999,300,2699700,09:26:06
9000,200,1800000,09:26:06
9000,200,1800000,09:26:06
8999,100,899900,09:26:06
8998,100,899800,09:26:05
8993,300,2697900,09:26:05
8994,400,3597600,09:26:05
8995,300,2698500,09:26:05
8996,200,1799200,09:26:05
8997,100,899700,09:26:05
8997,300,2699100,09:26:05
8997,100,899700,09:26:05
8998,100,899800,09:26:04
8998,100,899800,09:26:04
8998,100,899800,09:26:04
8999,100,899900,09:26:03
8999,100,899900,09:26:03
8999,400,3599600,09:26:02
9000,100,900000,09:26:02
9000,100,900000,09:26:02
9001,100,900100,09:26:02
9002,100,900200,09:26:02
9004,200,1800800,09:26:02
9006,200,1801200,09:26:02
9005,200,1801000,09:26:01
9005,500,4502500,09:26:01
9005,400,3602000,09:26:01
9006,2000,18012000,09:26:01
9009,100,900900,09:26:01
9008,100,900800,09:26:00
9006,600,5403600,09:26:00
9006,2300,20713800,09:26:00
9006,100,900600,09:26:00
9007,400,3602800,09:26:00
9010,500,4505000,09:26:00
9009,400,3603600,09:26:00
9010,100,901000,09:26:00
9010,100,901000,09:26:00
9010,300,2703000,09:26:00
9010,400,3604000,09:26:00
9009,300,2702700,09:26:00
9008,100,900800,09:26:00
9008,500,4504000,09:26:00
9007,200,1801400,09:26:00
9007,700,6304900,09:26:00
9007,2400,21616800,09:26:00
9006,800,7204800,09:26:00
9006,100,900600,09:26:00
9006,100,900600,09:26:00
9006,100,900600,09:26:00
9005,5600,50428000,09:26:00
9005,300,2701500,09:26:00
9004,100,900400,09:26:00
9004,100,900400,09:26:00
9005,500,4502500,09:26:00
9004,300,2701200,09:26:00
9003,100,900300,09:26:00
9004,400,3601600,09:26:00
9003,3000,27009000,09:26:00
9002,100,900200,09:26:00
9003,100,900300,09:26:00
9001,100,900100,09:26:00
9003,100,900300,09:26:00
9002,900,8101800,09:26:00
9002,100,900200,09:26:00
9002,100,900200,09:26:00
9001,100,900100,09:26:00
9001,100,900100,09:26:00
9000,100,900000,09:26:00
9001,300,2700300,09:25:59
9001,300,2700300,09:25:59
9001,300,2700300,09:25:59
9001,100,900100,09:25:59
9000,100,900000,09:25:59
9001,400,3600400,09:25:59
9001,400,3600400,09:25:59
9000,400,3600000,09:25:59
8999,200,1799800,09:25:59
8999,1100,9898900,09:25:59
8999,100,899900,09:25:59
8999,100,899900,09:25:59
8999,1600,14398400,09:25:59
8999,1100,9898900,09:25:59
8999,100,899900,09:25:59
8999,100,899900,09:25:59
8998,100,899800,09:25:59
8999,100,899900,09:25:59
8999,100,899900,09:25:59
8999,100,899900,09:25:59
9000,24700,222300000,09:25:59
9000,99900,899100000,09:25:59
8997,300,2699100,09:25:59
8998,100,899800,09:25:59
8999,21000,188979000,09:25:59
8999,2200,19797800,09:25:59
8998,100,899800,09:25:59
8999,100,899900,09:25:59
8998,1600,14396800,09:25:59
8998,900,8098200,09:25:59
8998,100,899800,09:25:59
8998,200,1799600,09:25:59
8997,100,899700,09:25:59
8996,100,899600,09:25:59
8996,800,7196800,09:25:59
8995,2700,24286500,09:25:59
8994,800,7195200,09:25:59
8993,800,7194400,09:25:58
8993,100,899300,09:25:57
8992,900,8092800,09:25:57
8991,100,899100,09:25:57
8992,100,899200,09:25:56
8991,600,5394600,09:25:56
8990,400,3596000,09:25:56
8989,100,898900,09:25:54
8990,300,2697000,09:25:54
8990,200,1798000,09:25:54
8990,200,1798000,09:25:53
8991,100,899100,09:25:52
8991,100,899100,09:25:52
8991,200,1798200,09:25:51
8990,200,1798000,09:25:50
8991,200,1798200,09:25:50
8990,900,8091000,09:25:47
8990,900,8091000,09:25:47
8990,900,8091000,09:25:47
8989,400,3595600,09:25:47
8989,100,898900,09:25:46
8989,100,898900,09:25:46
8989,100,898900,09:25:46
8989,400,3595600,09:25:46
8988,3100,27862800,09:25:46
8987,100,898700,09:25:46
8988,2900,26065200,09:25:46
8987,300,2696100,09:25:46
8986,100,898600,09:25:46
8986,600,5391600,09:25:46
8986,100,898600,09:25:45
8985,100,898500,09:25:45
8985,100,898500,09:25:43
8985,100,898500,09:25:43
8985,100,898500,09:25:43
8985,100,898500,09:25:41
8984,100,898400,09:25:40
8985,100,898500,09:25:40
8985,100,898500,09:25:40
8985,100,898500,09:25:39
8984,100,898400,09:25:39
8982,200,1796400,09:25:37
8983,300,2694900,09:25:37
8984,200,1796800,09:25:37
8984,200,1796800,09:25:36
8985,100,898500,09:25:36
8985,200,1797000,09:25:36
8985,100,898500,09:25:34
8984,100,898400,09:25:34
8984,100,898400,09:25:33
8986,100,898600,09:25:32
8985,200,1797000,09:25:32
8984,100,898400,09:25:32
8984,200,1796800,09:25:31
8986,100,898600,09:25:30
8986,100,898600,09:25:30
8985,200,1797000,09:25:30
8985,600,5391000,09:25:30
8982,200,1796400,09:25:23
8982,100,898200,09:25:23
8981,100,898100,09:25:20
8981,100,898100,09:25:19
8982,200,1796400,09:25:19
8981,100,898100,09:25:15
8979,1700,15264300,09:25:15
8980,2500,22450000,09:25:15
8981,1900,17063900,09:25:15
8982,900,8083800,09:25:15
8983,800,7186400,09:25:15
8984,900,8085600,09:25:15
8985,100,898500,09:25:15
8985,200,1797000,09:25:15
8986,100,898600,09:25:14
8987,200,1797400,09:25:13
8985,100,898500,09:25:12
8986,100,898600,09:25:10
8985,100,898500,09:25:10
8983,100,898300,09:25:09
8984,100,898400,09:25:08
8983,300,2694900,09:25:08
8982,100,898200,09:25:08
8983,300,2694900,09:25:08
8984,400,3593600,09:25:08
8984,300,2695200,09:25:08
8985,100,898500,09:25:07
8985,200,1797000,09:25:06
8985,600,5391000,09:25:06
8985,100,898500,09:25:05
8986,200,1797200,09:25:05
8987,100,898700,09:25:05
8988,100,898800,09:25:04
8989,100,898900,09:25:04
8988,100,898800,09:25:03
8988,100,898800,09:25:03
8989,400,3595600,09:25:03
8989,100,898900,09:25:03
8990,100,899000,09:25:02
8990,100,899000,09:25:02
8991,200,1798200,09:25:01
8993,100,899300,09:25:00
8992,100,899200,09:25:00
8992,100,899200,09:24:59
8993,100,899300,09:24:58
8993,100,899300,09:24:58
8992,100,899200,09:24:56
8994,400,3597600,09:24:55
8993,100,899300,09:24:55
8993,400,3597200,09:24:55
8993,100,899300,09:24:55
8992,400,3596800,09:24:55
8991,100,899100,09:24:55
8992,100,899200,09:24:55
8991,900,8091900,09:24:55
8990,5700,51243000,09:24:55
8989,400,3595600,09:24:55
8988,600,5392800,09:24:55
8988,400,3595200,09:24:55
8985,100,898500,09:24:54
8986,100,898600,09:24:53
8985,100,898500,09:24:53
8985,200,1797000,09:24:50
8985,100,898500,09:24:50
8985,100,898500,09:24:49
8985,100,898500,09:24:48
8986,100,898600,09:24:48
8986,100,898600,09:24:48
8987,100,898700,09:24:47
8988,100,898800,09:24:45
8988,400,3595200,09:24:43
8987,400,3594800,09:24:43
8986,400,3594400,09:24:43
8985,100,898500,09:24:43
8984,200,1796800,09:24:43
8984,100,898400,09:24:43
8986,100,898600,09:24:42
8985,100,898500,09:24:42
8984,100,898400,09:24:42
8984,100,898400,09:24:41
8986,100,898600,09:24:41
8986,100,898600,09:24:41
8983,200,1796600,09:24:40
8984,400,3593600,09:24:40
8985,100,898500,09:24:40
8985,200,1797000,09:24:39
8985,100,898500,09:24:38
8985,100,898500,09:24:37
8987,100,898700,09:24:37
8988,200,1797600,09:24:36
8988,100,898800,09:24:36
8986,200,1797200,09:24:36
8985,100,898500,09:24:36
8985,200,1797000,09:24:36
8987,700,6290900,09:24:36
8989,100,898900,09:24:35
8988,100,898800,09:24:35
8988,100,898800,09:24:34
8989,200,1797800,09:24:33
8989,100,898900,09:24:33
8990,900,8091000,09:24:33
8990,500,4495000,09:24:33
8990,100,899000,09:24:33
8991,100,899100,09:24:32
8991,100,899100,09:24:32
8991,100,899100,09:24:32
8991,100,899100,09:24:32
8993,100,899300,09:24:32
8991,100,899100,09:24:31
8992,100,899200,09:24:31
8991,100,899100,09:24:30
8992,100,899200,09:24:29
8990,100,899000,09:24:27
8991,100,899100,09:24:27
8992,3600,32371200,09:24:27
8992,400,3596800,09:24:27
8992,200,1798400,09:24:27
8992,300,2697600,09:24:27
8993,100,899300,09:24:27
8992,200,1798400,09:24:27
8992,100,899200,09:24:26
8991,100,899100,09:24:26
8991,300,2697300,09:24:25
8991,100,899100,09:24:25
8991,100,899100,09:24:25
8990,100,899000,09:24:24
8991,100,899100,09:24:23
8991,100,899100,09:24:23
8990,100,899000,09:24:22
8990,100,899000,09:24:21
8991,400,3596400,09:24:21
8992,100,899200,09:24:21
8992,100,899200,09:24:21
8993,100,899300,09:24:21
8993,200,1798600,09:24:21
8994,100,899400,09:24:20
8994,100,899400,09:24:20
8994,100,899400,09:24:20
8997,600,5398200,09:24:20
8995,100,899500,09:24:20
8998,100,899800,09:24:20
8998,100,899800,09:24:19
8998,100,899800,09:24:19
8998,100,899800,09:24:19
8998,100,899800,09:24:19
8999,100,899900,09:24:19
8998,100,899800,09:24:19
8999,100,899900,09:24:19
8998,2300,20695400,09:24:19
8998,600,5398800,09:24:19
8998,5000,44990000,09:24:19
8997,800,7197600,09:24:19
8997,100,899700,09:24:19
8996,800,7196800,09:24:19
8996,100,899600,09:24:19
8995,3100,27884500,09:24:19
8995,1000,8995000,09:24:19
8994,1100,9893400,09:24:19
8993,700,6295100,09:24:19
8992,1800,16185600,09:24:19
8991,200,1798200,09:24:19
8990,100,899000,09:24:18
8991,100,899100,09:24:18
8991,300,2697300,09:24:18
8990,7800,70122000,09:24:18
8990,1500,13485000,09:24:18
8990,200,1798000,09:24:18
8990,200,1798000,09:24:18
8990,800,7192000,09:24:18
8990,400,3596000,09:24:18
8990,100,899000,09:24:18
8989,1800,16180200,09:24:18
8988,1700,15279600,09:24:18
8986,100,898600,09:24:17
8987,700,6290900,09:24:17
8986,200,1797200,09:24:17
8986,100,898600,09:24:17
8985,3200,28752000,09:24:17
8985,200,1797000,09:24:17
8985,1300,11680500,09:24:17
8985,500,4492500,09:24:17
8985,200,1797000,09:24:17
8984,1000,8984000,09:24:17
8983,100,898300,09:24:17
8983,200,1796600,09:24:16
8983,100,898300,09:24:16
8983,600,5389800,09:24:16
8983,100,898300,09:24:16
8983,100,898300,09:24:16
8983,100,898300,09:24:16
8982,600,5389200,09:24:16
8980,100,898000,09:24:16
8981,200,1796200,09:24:15
8981,100,898100,09:24:14
8980,100,898000,09:24:14
8980,200,1796000,09:24:12
8980,100,898000,09:24:12
8980,100,898000,09:24:12
8980,100,898000,09:24:11
8981,200,1796200,09:24:11
8980,800,7184000,09:24:10
8979,100,897900,09:24:10
8980,100,898000,09:24:09
8980,100,898000,09:24:08
8980,100,898000,09:24:08
8978,100,897800,09:24:07
8981,300,2694300,09:24:07
8979,100,897900,09:24:06
8979,100,897900,09:24:06
8980,100,898000,09:24:05
8979,100,897900,09:24:05
8978,200,1795600,09:24:05
8977,100,897700,09:24:05
8976,200,1795200,09:24:04
8976,100,897600,09:24:03
8975,100,897500,09:24:03
8976,500,4488000,09:24:03
8977,500,4488500,09:24:03
8978,400,3591200,09:24:03
8978,100,897800,09:24:03
8979,300,2693700,09:24:03
8979,100,897900,09:24:02
8979,200,1795800,09:24:02
8979,200,1795800,09:24:01
8979,100,897900,09:24:01
8979,300,2693700,09:24:01
8979,100,897900,09:23:59
8979,200,1795800,09:23:58
8978,400,3591200,09:23:56
8979,200,1795800,09:23:56
8980,300,2694000,09:23:56
8981,100,898100,09:23:56
8983,200,1796600,09:23:56
8982,100,898200,09:23:55
8982,100,898200,09:23:54
8982,100,898200,09:23:53
8982,100,898200,09:23:53
8983,100,898300,09:23:52
8982,700,6287400,09:23:52
8982,100,898200,09:23:52
8982,100,898200,09:23:52
8982,100,898200,09:23:52
8981,400,3592400,09:23:52
8980,100,898000,09:23:52
8979,100,897900,09:23:52
8980,400,3592000,09:23:51
8979,100,897900,09:23:50
8978,200,1795600,09:23:50
8979,100,897900,09:23:48
8977,100,897700,09:23:47
8977,100,897700,09:23:47
8978,300,2693400,09:23:47
8979,100,897900,09:23:47
8980,400,3592000,09:23:47
8981,200,1796200,09:23:44
8977,200,1795400,09:23:44
8978,500,4489000,09:23:44
8979,300,2693700,09:23:44
8981,100,898100,09:23:43
8980,100,898000,09:23:43
8979,100,897900,09:23:42
8981,100,898100,09:23:42
8980,100,898000,09:23:42
8979,100,897900,09:23:41
8978,200,1795600,09:23:41
8979,300,2693700,09:23:41
8979,100,897900,09:23:40
8980,500,4490000,09:23:39
8979,100,897900,09:23:38
8979,200,1795800,09:23:38
8979,100,897900,09:23:38
8981,100,898100,09:23:37
8981,100,898100,09:23:37
8981,700,6286700,09:23:37
8980,3800,34124000,09:23:37
8979,600,5387400,09:23:37
8978,400,3591200,09:23:37
8977,500,4488500,09:23:37
8976,100,897600,09:23:37
8975,100,897500,09:23:37
8974,100,897400,09:23:37
8974,100,897400,09:23:37
8974,300,2692200,09:23:36
8975,100,897500,09:23:35
8975,100,897500,09:23:35
8976,500,4488000,09:23:35
8974,200,1794800,09:23:33
8975,600,5385000,09:23:33
8974,100,897400,09:23:33
8972,100,897200,09:23:31
8972,100,897200,09:23:31
8974,200,1794800,09:23:31
8973,600,5383800,09:23:31
8970,100,897000,09:23:31
8973,200,1794600,09:23:30
8972,100,897200,09:23:29
8972,100,897200,09:23:29
8971,100,897100,09:23:29
8970,600,5382000,09:23:29
8970,500,4485000,09:23:29
8968,100,896800,09:23:27
8968,100,896800,09:23:25
8968,100,896800,09:23:25
8970,100,897000,09:23:25
8968,100,896800,09:23:23
8970,100,897000,09:23:22
8969,200,1793800,09:23:22
8967,200,1793400,09:23:22
8968,100,896800,09:23:21
8968,100,896800,09:23:21
8970,300,2691000,09:23:20
8971,200,1794200,09:23:20
8972,100,897200,09:23:19
8971,100,897100,09:23:19
8972,100,897200,09:23:18
8971,1300,11662300,09:23:18
8970,200,1794000,09:23:18
8970,1600,14352000,09:23:18
8969,100,896900,09:23:18
8968,300,2690400,09:23:18
8968,100,896800,09:23:18
8967,100,896700,09:23:18
8964,200,1792800,09:23:13
8965,300,2689500,09:23:13
8965,500,4482500,09:23:12
8965,100,896500,09:23:12
8968,200,1793600,09:23:12
8966,100,896600,09:23:10
8967,100,896700,09:23:10
8967,100,896700,09:23:09
8967,400,3586800,09:23:07
8966,400,3586400,09:23:06
8965,300,2689500,09:23:06
8965,100,896500,09:23:03
8965,100,896500,09:23:03
8964,700,6274800,09:23:03
8963,400,3585200,09:23:03
8962,100,896200,09:23:03
8960,100,896000,09:23:03
8961,100,896100,09:23:03
8961,100,896100,09:23:03
8961,100,896100,09:23:03
8961,300,2688300,09:23:03
8963,100,896300,09:23:02
8963,300,2688900,09:23:02
8964,100,896400,09:23:00
8964,100,896400,09:23:00
8962,100,896200,09:23:00
8963,100,896300,09:23:00
8964,100,896400,09:22:59
8965,900,8068500,09:22:59
8966,500,4483000,09:22:59
8967,100,896700,09:22:58
8967,100,896700,09:22:58
8969,100,896900,09:22:57
8968,100,896800,09:22:57
8967,100,896700,09:22:57
8968,100,896800,09:22:57
8968,100,896800,09:22:57
8969,100,896900,09:22:56
8967,200,1793400,09:22:55
8968,200,1793600,09:22:55
8969,100,896900,09:22:55
8968,100,896800,09:22:54
8969,100,896900,09:22:52
8968,100,896800,09:22:52
8968,200,1793600,09:22:52
8967,100,896700,09:22:52
8967,100,896700,09:22:52
8968,500,4484000,09:22:52
8969,300,2690700,09:22:52
8971,400,3588400,09:22:51
8969,100,896900,09:22:50
8971,100,897100,09:22:50
8970,200,1794000,09:22:49
8970,100,897000,09:22:49
8968,400,3587200,09:22:49
8968,100,896800,09:22:48
8969,200,1793800,09:22:48
8970,700,6279000,09:22:48
8971,100,897100,09:22:47
8971,200,1794200,09:22:47
8971,100,897100,09:22:47
8972,300,2691600,09:22:47
8973,100,897300,09:22:47
8973,200,1794600,09:22:47
8973,100,897300,09:22:46
8974,300,2692200,09:22:46
8975,300,2692500,09:22:46
8976,100,897600,09:22:45
8977,100,897700,09:22:45
8978,100,897800,09:22:45
8977,1100,9874700,09:22:44
8976,600,5385600,09:22:44
8975,100,897500,09:22:44
8975,400,3590000,09:22:44
8976,200,1795200,09:22:44
8976,400,3590400,09:22:44
8977,100,897700,09:22:44
8976,100,897600,09:22:43
8977,100,897700,09:22:43
8976,100,897600,09:22:42
8977,500,4488500,09:22:41
8975,700,6282500,09:22:41
8974,100,897400,09:22:41
8973,300,2691900,09:22:41
8972,100,897200,09:22:41
8972,300,2691600,09:22:41
8973,300,2691900,09:22:41
8974,1200,10768800,09:22:41
8974,400,3589600,09:22:41
8974,100,897400,09:22:41
8975,100,897500,09:22:36
8976,300,2692800,09:22:36
8977,200,1795400,09:22:36
8979,400,3591600,09:22:35
8977,200,1795400,09:22:34
8980,100,898000,09:22:34
8979,100,897900,09:22:34
8977,100,897700,09:22:31
8978,100,897800,09:22:30
8976,100,897600,09:22:29
8976,100,897600,09:22:28
8976,100,897600,09:22:28
8976,100,897600,09:22:28
8975,100,897500,09:22:28
8975,100,897500,09:22:26
8974,200,1794800,09:22:26
8974,100,897400,09:22:26
8974,200,1794800,09:22:25
8973,100,897300,09:22:25
8970,200,1794000,09:22:23
8971,100,897100,09:22:23
8972,100,897200,09:22:22
8971,100,897100,09:22:22
8971,100,897100,09:22:22
8971,100,897100,09:22:22
8970,100,897000,09:22:22
8971,200,1794200,09:22:20
8970,200,1794000,09:22:20
8969,100,896900,09:22:19
8969,100,896900,09:22:19
8970,200,1794000,09:22:19
8972,100,897200,09:22:17
8973,100,897300,09:22:17
8975,100,897500,09:22:16
8975,300,2692500,09:22:15
8976,300,2692800,09:22:15
8976,100,897600,09:22:15
8977,200,1795400,09:22:15
8979,200,1795800,09:22:14
8978,100,897800,09:22:14
8979,200,1795800,09:22:13
8977,100,897700,09:22:13
8978,300,2693400,09:22:13
8980,100,898000,09:22:13
8980,100,898000,09:22:12
8980,200,1796000,09:22:12
8980,100,898000,09:22:12
8979,100,897900,09:22:12
8979,300,2693700,09:22:11
8976,2400,21542400,09:22:10
8975,100,897500,09:22:08
8976,100,897600,09:22:07
8977,100,897700,09:22:07
8977,100,897700,09:22:07
8978,100,897800,09:22:06
8978,600,5386800,09:22:06
8978,100,897800,09:22:06
8977,100,897700,09:22:05
8977,100,897700,09:22:04
8977,600,5386200,09:22:04
8977,100,897700,09:22:04
8974,100,897400,09:22:04
8975,100,897500,09:22:04
8975,100,897500,09:22:04
8976,100,897600,09:22:03
8976,100,897600,09:22:03
8976,100,897600,09:22:03
8976,100,897600,09:22:03
8975,100,897500,09:22:02
8975,200,1795000,09:22:00
8975,200,1795000,09:22:00
8972,100,897200,09:21:58
8971,100,897100,09:21:58
8970,200,1794000,09:21:58
8970,100,897000,09:21:58
8970,200,1794000,09:21:57
8969,200,1793800,09:21:57
8969,400,3587600,09:21:55
8967,100,896700,09:21:55
8968,100,896800,09:21:55
8970,100,897000,09:21:54
8969,100,896900,09:21:54
8968,100,896800,09:21:54
8968,100,896800,09:21:54
8968,200,1793600,09:21:54
8968,200,1793600,09:21:54
8967,100,896700,09:21:54
8967,100,896700,09:21:54
8966,600,5379600,09:21:54
8965,400,3586000,09:21:54
8964,100,896400,09:21:54
8963,200,1792600,09:21:53
8963,100,896300,09:21:51
8963,2000,17926000,09:21:48
8960,100,896000,09:21:47
8961,1100,9857100,09:21:47
8962,300,2688600,09:21:47
8963,100,896300,09:21:47
8962,100,896200,09:21:46
8961,400,3584400,09:21:44
8962,200,1792400,09:21:44
8962,300,2688600,09:21:44
8964,200,1792800,09:21:44
8963,100,896300,09:21:43
8962,100,896200,09:21:43
8962,100,896200,09:21:43
8961,200,1792200,09:21:43
8960,800,7168000,09:21:42
8959,900,8063100,09:21:42
8958,400,3583200,09:21:42
8959,100,895900,09:21:41
8960,300,2688000,09:21:41
8961,200,1792200,09:21:41
8961,100,896100,09:21:40
8962,100,896200,09:21:40
8963,100,896300,09:21:40
8963,100,896300,09:21:38
8963,200,1792600,09:21:38
8962,100,896200,09:21:38
8960,100,896000,09:21:37
8961,300,2688300,09:21:37
8961,100,896100,09:21:36
8966,100,896600,09:21:36
8962,100,896200,09:21:36
8966,700,6276200,09:21:36
8965,200,1793000,09:21:36
8964,500,4482000,09:21:36
8963,100,896300,09:21:35
8961,100,896100,09:21:35
8962,200,1792400,09:21:35
8963,200,1792600,09:21:35
8963,100,896300,09:21:35
8962,100,896200,09:21:35
8961,100,896100,09:21:34
8961,300,2688300,09:21:34
8958,100,895800,09:21:34
8958,100,895800,09:21:34
8959,200,1791800,09:21:34
8960,100,896000,09:21:34
8962,100,896200,09:21:34
8963,100,896300,09:21:34
8962,300,2688600,09:21:34
8962,100,896200,09:21:34
8960,100,896000,09:21:34
8960,100,896000,09:21:34
8960,200,1792000,09:21:34
8960,100,896000,09:21:33
8960,500,4480000,09:21:33
8962,300,2688600,09:21:33
8962,200,1792400,09:21:33
8962,100,896200,09:21:33
8963,400,3585200,09:21:33
8963,700,6274100,09:21:33
8964,200,1792800,09:21:33
8964,100,896400,09:21:32
8965,100,896500,09:21:32
8965,100,896500,09:21:31
8965,100,896500,09:21:31
8969,200,1793800,09:21:31
8967,100,896700,09:21:31
8966,500,4483000,09:21:30
8966,400,3586400,09:21:30
8966,100,896600,09:21:30
8967,200,1793400,09:21:30
8967,200,1793400,09:21:30
8968,500,4484000,09:21:30
8969,100,896900,09:21:30
8969,100,896900,09:21:30
8970,5700,51129000,09:21:30
8972,100,897200,09:21:29
8972,100,897200,09:21:29
8971,100,897100,09:21:27
8972,300,2691600,09:21:27
8972,100,897200,09:21:26
8975,200,1795000,09:21:26
8972,100,897200,09:21:25
8974,200,1794800,09:21:25
8973,200,1794600,09:21:25
8972,200,1794400,09:21:25
8971,100,897100,09:21:25
8971,100,897100,09:21:25
8971,100,897100,09:21:24
8973,100,897300,09:21:24
8973,300,2691900,09:21:24
8973,100,897300,09:21:24
8972,200,1794400,09:21:24
8972,100,897200,09:21:24
8972,200,1794400,09:21:23
8974,100,897400,09:21:23
8975,100,897500,09:21:23
8975,100,897500,09:21:23
8975,100,897500,09:21:22
8975,100,897500,09:21:22
8975,100,897500,09:21:22
8973,100,897300,09:21:22
8974,100,897400,09:21:22
8975,700,6282500,09:21:22
8976,400,3590400,09:21:22
8977,400,3590800,09:21:22
8978,800,7182400,09:21:22
8979,100,897900,09:21:22
8979,200,1795800,09:21:22
8980,100,898000,09:21:22
8980,1000,8980000,09:21:22
8980,900,8082000,09:21:22
8981,200,1796200,09:21:22
8985,100,898500,09:21:22
8982,2000,17964000,09:21:22
8983,500,4491500,09:21:22
8984,800,7187200,09:21:22
8985,200,1797000,09:21:22
8985,200,1797000,09:21:22
8986,500,4493000,09:21:22
8986,100,898600,09:21:22
8989,100,898900,09:21:22
8988,1600,14380800,09:21:22
8985,500,4492500,09:21:19
8985,200,1797000,09:21:19
8986,100,898600,09:21:19
8986,500,4493000,09:21:19
8985,100,898500,09:21:18
8987,100,898700,09:21:17
8986,100,898600,09:21:17
8988,100,898800,09:21:17
8988,200,1797600,09:21:16
8986,100,898600,09:21:16
8987,1200,10784400,09:21:15
8986,600,5391600,09:21:15
8984,100,898400,09:21:14
8985,100,898500,09:21:13
8985,100,898500,09:21:13
8985,300,2695500,09:21:13
8985,100,898500,09:21:13
8984,100,898400,09:21:11
8984,100,898400,09:21:11
8985,100,898500,09:21:10
8984,300,2695200,09:21:10
8982,200,1796400,09:21:10
8982,100,898200,09:21:09
8983,100,898300,09:21:09
8984,100,898400,09:21:07
8985,300,2695500,09:21:06
8984,100,898400,09:21:06
8984,200,1796800,09:21:05
8983,1100,9881300,09:21:05
8982,100,898200,09:21:05
8982,100,898200,09:21:04
8981,300,2694300,09:21:04
8980,100,898000,09:21:04
8981,100,898100,09:21:03
8981,100,898100,09:21:03
8981,100,898100,09:21:03
8981,300,2694300,09:21:03
8982,300,2694600,09:21:03
8982,100,898200,09:21:03
8984,100,898400,09:21:02
8984,100,898400,09:21:02
8982,100,898200,09:21:00
8984,100,898400,09:20:59
8983,100,898300,09:20:59
8982,100,898200,09:20:59
8985,200,1797000,09:20:58
8983,100,898300,09:20:58
8983,100,898300,09:20:58
8984,100,898400,09:20:58
8984,100,898400,09:20:58
8984,100,898400,09:20:58
8985,100,898500,09:20:58
8985,100,898500,09:20:58
8985,2700,24259500,09:20:58
8985,100,898500,09:20:58
8985,8200,73677000,09:20:58
8985,100,898500,09:20:58
8985,100,898500,09:20:58
8985,100,898500,09:20:58
8985,7000,62895000,09:20:58
8985,200,1797000,09:20:58
8985,300,2695500,09:20:58
8985,300,2695500,09:20:58
8985,200,1797000,09:20:58
8985,400,3594000,09:20:58
8985,300,2695500,09:20:58
8985,100,898500,09:20:58
8985,400,3594000,09:20:58
8985,400,3594000,09:20:58
8985,100,898500,09:20:58
8985,1500,13477500,09:20:58
8985,900,8086500,09:20:58
8985,2800,25158000,09:20:58
8985,100,898500,09:20:56
8984,100,898400,09:20:56
8982,100,898200,09:20:55
8982,100,898200,09:20:55
8983,100,898300,09:20:55
8982,200,1796400,09:20:55
8982,100,898200,09:20:55
8982,100,898200,09:20:55
8982,200,1796400,09:20:54
8981,100,898100,09:20:52
8982,500,4491000,09:20:50
8982,100,898200,09:20:50
8983,200,1796600,09:20:50
8984,300,2695200,09:20:50
8984,300,2695200,09:20:50
8984,100,898400,09:20:50
8982,100,898200,09:20:48
8983,100,898300,09:20:48
8983,100,898300,09:20:48
8985,100,898500,09:20:47
8984,100,898400,09:20:47
8982,100,898200,09:20:47
8983,400,3593200,09:20:46
8983,100,898300,09:20:46
8982,1000,8982000,09:20:46
8980,100,898000,09:20:45
8981,200,1796200,09:20:45
8980,100,898000,09:20:43
8980,300,2694000,09:20:43
8980,500,4490000,09:20:43
8981,900,8082900,09:20:43
8982,200,1796400,09:20:43
8982,200,1796400,09:20:43
8985,100,898500,09:20:41
8984,100,898400,09:20:41
8983,100,898300,09:20:41
8984,300,2695200,09:20:40
8984,100,898400,09:20:40
8984,100,898400,09:20:40
8984,200,1796800,09:20:39
8983,200,1796600,09:20:38
8982,100,898200,09:20:38
8985,5800,52113000,09:20:37
8984,1000,8984000,09:20:37
8983,500,4491500,09:20:37
8980,400,3592000,09:20:36
8981,100,898100,09:20:36
8982,300,2694600,09:20:35
8982,200,1796400,09:20:35
8985,200,1797000,09:20:34
8983,100,898300,09:20:33
8985,200,1797000,09:20:33
8982,100,898200,09:20:33
8982,100,898200,09:20:33
8985,100,898500,09:20:33
8985,200,1797000,09:20:33
8985,100,898500,09:20:32
8984,100,898400,09:20:31
8982,100,898200,09:20:30
8983,100,898300,09:20:30
8984,100,898400,09:20:30
8982,100,898200,09:20:29
8979,200,1795800,09:20:29
8979,100,897900,09:20:29
8980,100,898000,09:20:28
8980,400,3592000,09:20:28
8981,400,3592400,09:20:28
8982,200,1796400,09:20:27
8984,200,1796800,09:20:26
8982,100,898200,09:20:25
8982,900,8083800,09:20:24
8983,100,898300,09:20:24
8984,300,2695200,09:20:24
8983,300,2694900,09:20:23
8983,200,1796600,09:20:23
8985,1000,8985000,09:20:23
8985,100,898500,09:20:22
8984,200,1796800,09:20:22
8985,100,898500,09:20:21
8983,100,898300,09:20:20
8985,100,898500,09:20:19
8984,100,898400,09:20:15
8986,400,3594400,09:20:14
8984,200,1796800,09:20:14
8983,200,1796600,09:20:13
8983,500,4491500,09:20:13
8983,200,1796600,09:20:13
8983,100,898300,09:20:13
8982,100,898200,09:20:13
8983,200,1796600,09:20:12
8982,100,898200,09:20:11
8986,100,898600,09:20:10
8985,100,898500,09:20:10
8983,100,898300,09:20:10
8987,100,898700,09:20:10
8987,900,8088300,09:20:10
8986,100,898600,09:20:10
8986,100,898600,09:20:09
8986,100,898600,09:20:09
8986,100,898600,09:20:09
8986,100,898600,09:20:09
8986,100,898600,09:20:09
8986,500,4493000,09:20:09
8984,100,898400,09:20:09
8985,1600,14376000,09:20:09
8984,600,5390400,09:20:09
8984,2400,21561600,09:20:09
8983,800,7186400,09:20:09
8982,600,5389200,09:20:09
8982,100,898200,09:20:09
8981,100,898100,09:20:09
8980,100,898000,09:20:09
8980,400,3592000,09:20:09
8980,200,1796000,09:20:09
8980,100,898000,09:20:08
8980,200,1796000,09:20:07
8979,100,897900,09:20:07
8979,100,897900,09:20:07
8978,400,3591200,09:20:06
8980,100,898000,09:20:05
8978,200,1795600,09:20:02
8979,100,897900,09:20:02
8982,100,898200,09:20:01
8981,100,898100,09:20:01
8981,300,2694300,09:20:01
8981,100,898100,09:20:01
8981,100,898100,09:20:01
8980,300,2694000,09:20:01
8980,100,898000,09:20:00
8980,100,898000,09:19:57
8980,100,898000,09:19:55
8979,200,1795800,09:19:55
8981,100,898100,09:19:54
8980,200,1796000,09:19:53
8982,100,898200,09:19:53
8980,100,898000,09:19:53
8982,300,2694600,09:19:53
8981,100,898100,09:19:53
8980,100,898000,09:19:53
8980,100,898000,09:19:52
8980,100,898000,09:19:51
8981,100,898100,09:19:51
8981,100,898100,09:19:49
8982,100,898200,09:19:48
8981,200,1796200,09:19:48
8981,100,898100,09:19:48
8980,1500,13470000,09:19:48
8980,300,2694000,09:19:48
8978,200,1795600,09:19:47
8979,100,897900,09:19:47
8978,300,2693400,09:19:47
8979,100,897900,09:19:45
8979,400,3591600,09:19:45
8979,100,897900,09:19:45
8979,100,897900,09:19:45
8979,100,897900,09:19:45
8978,100,897800,09:19:44
8976,100,897600,09:19:43
8979,200,1795800,09:19:42
8976,200,1795200,09:19:42
8977,100,897700,09:19:42
8977,200,1795400,09:19:42
8978,100,897800,09:19:42
8978,100,897800,09:19:41
8976,100,897600,09:19:41
8978,100,897800,09:19:40
8977,100,897700,09:19:40
8977,300,2693100,09:19:35
8977,100,897700,09:19:34
8978,100,897800,09:19:34
8977,100,897700,09:19:30
8978,400,3591200,09:19:30
8979,200,1795800,09:19:30
8979,100,897900,09:19:30
8981,100,898100,09:19:29
8980,100,898000,09:19:29
8980,100,898000,09:19:28
8980,100,898000,09:19:28
8981,400,3592400,09:19:28
8980,100,898000,09:19:26
8981,100,898100,09:19:24
8981,500,4490500,09:19:24
8979,100,897900,09:19:24
8980,100,898000,09:19:24
8980,200,1796000,09:19:23
8978,200,1795600,09:19:22
8978,300,2693400,09:19:22
8979,300,2693700,09:19:21
8978,100,897800,09:19:21
8979,100,897900,09:19:21
8980,100,898000,09:19:21
8981,100,898100,09:19:21
8979,100,897900,09:19:20
8980,100,898000,09:19:20
8979,100,897900,09:19:20
8981,100,898100,09:19:19
8981,100,898100,09:19:19
8981,100,898100,09:19:19
8980,1200,10776000,09:19:19
8979,100,897900,09:19:19
8980,100,898000,09:19:14
8979,100,897900,09:19:14
8979,200,1795800,09:19:14
8978,200,1795600,09:19:14
8979,100,897900,09:19:13
8979,400,3591600,09:19:13
8980,400,3592000,09:19:13
8980,100,898000,09:19:13
8980,100,898000,09:19:12
8980,100,898000,09:19:11
8981,100,898100,09:19:11
8981,100,898100,09:19:10
8982,400,3592800,09:19:09
8982,100,898200,09:19:09
8981,100,898100,09:19:09
8981,100,898100,09:19:09
8980,300,2694000,09:19:09
8980,200,1796000,09:19:09
8978,100,897800,09:19:09
8979,100,897900,09:19:09
8979,1600,14366400,09:19:08
8977,100,897700,09:19:08
8976,100,897600,09:19:07
8977,200,1795400,09:19:07
8977,100,897700,09:19:07
8976,100,897600,09:19:07
8975,100,897500,09:19:07
8975,100,897500,09:19:06
8976,500,4488000,09:19:05
8977,400,3590800,09:19:05
8977,200,1795400,09:19:05
8979,100,897900,09:19:01
8978,100,897800,09:18:59
8979,200,1795800,09:18:59
8980,100,898000,09:18:59
8980,300,2694000,09:18:59
8978,100,897800,09:18:59
8979,100,897900,09:18:57
8979,200,1795800,09:18:56
8978,300,2693400,09:18:56
8976,900,8078400,09:18:56
8978,100,897800,09:18:56
8980,100,898000,09:18:55
8979,100,897900,09:18:54
8977,100,897700,09:18:54
8977,100,897700,09:18:52
8978,700,6284600,09:18:51
8978,300,2693400,09:18:51
8982,200,1796400,09:18:50
8981,500,4490500,09:18:50
8980,300,2694000,09:18:50
8980,100,898000,09:18:50
8979,200,1795800,09:18:49
8979,100,897900,09:18:49
8979,200,1795800,09:18:49
8979,200,1795800,09:18:49
8980,300,2694000,09:18:49
8982,100,898200,09:18:48
8982,100,898200,09:18:47
8982,100,898200,09:18:45
8982,200,1796400,09:18:44
8981,200,1796200,09:18:44
8982,300,2694600,09:18:44
8983,100,898300,09:18:44
8984,100,898400,09:18:44
8983,200,1796600,09:18:43
8985,100,898500,09:18:42
8985,100,898500,09:18:41
8985,100,898500,09:18:40
8982,300,2694600,09:18:40
8983,600,5389800,09:18:40
8984,100,898400,09:18:40
8985,100,898500,09:18:39
8985,100,898500,09:18:39
8986,100,898600,09:18:39
8986,600,5391600,09:18:39
8987,600,5392200,09:18:39
8988,700,6291600,09:18:39
8989,300,2696700,09:18:39
8989,200,1797800,09:18:39
8989,100,898900,09:18:37
8988,100,898800,09:18:37
8989,300,2696700,09:18:37
8988,300,2696400,09:18:37
8987,200,1797400,09:18:36
8986,200,1797200,09:18:35
8987,100,898700,09:18:34
8986,100,898600,09:18:34
8985,100,898500,09:18:34
8985,300,2695500,09:18:34
8986,500,4493000,09:18:34
8987,100,898700,09:18:34
8987,100,898700,09:18:34
8988,100,898800,09:18:33
8987,100,898700,09:18:33
8987,200,1797400,09:18:31
8987,100,898700,09:18:31
8989,100,898900,09:18:31
8987,100,898700,09:18:31
8987,100,898700,09:18:30
8989,100,898900,09:18:29
8988,100,898800,09:18:29
8988,200,1797600,09:18:29
8990,200,1798000,09:18:29
8990,200,1798000,09:18:28
8990,100,899000,09:18:28
8991,600,5394600,09:18:28
8990,2100,18879000,09:18:28
8989,100,898900,09:18:27
8985,100,898500,09:18:26
8988,100,898800,09:18:26
8988,100,898800,09:18:26
8987,100,898700,09:18:26
8986,400,3594400,09:18:26
8985,100,898500,09:18:26
8985,400,3594000,09:18:26
8985,400,3594000,09:18:26
8985,400,3594000,09:18:26
8983,300,2694900,09:18:25
8982,100,898200,09:18:25
8980,100,898000,09:18:25
8982,100,898200,09:18:24
8980,100,898000,09:18:24
8980,200,1796000,09:18:24
8982,1300,11676600,09:18:24
8980,200,1796000,09:18:24
8981,700,6286700,09:18:24
8980,500,4490000,09:18:24
8980,200,1796000,09:18:24
8979,100,897900,09:18:24
8979,100,897900,09:18:24
8979,100,897900,09:18:24
8979,200,1795800,09:18:24
8979,100,897900,09:18:24
8979,200,1795800,09:18:24
8979,400,3591600,09:18:24
8979,100,897900,09:18:24
8978,300,2693400,09:18:24
8977,600,5386200,09:18:24
8977,100,897700,09:18:24
8976,2100,18849600,09:18:24
8975,1500,13462500,09:18:24
8974,2600,23332400,09:18:24
8973,1000,8973000,09:18:24
8972,100,897200,09:18:24
8971,200,1794200,09:18:24
8968,1400,12555200,09:18:24
8968,100,896800,09:18:23
8966,200,1793200,09:18:23
8967,300,2690100,09:18:23
8970,300,2691000,09:18:23
8969,100,896900,09:18:23
8968,100,896800,09:18:23
8966,100,896600,09:18:22
8968,100,896800,09:18:22
8968,100,896800,09:18:22
8968,100,896800,09:18:22
8968,100,896800,09:18:22
8967,200,1793400,09:18:21
8968,200,1793600,09:18:21
8970,100,897000,09:18:21
8969,200,1793800,09:18:21
8966,100,896600,09:18:20
8969,100,896900,09:18:20
8969,100,896900,09:18:20
8966,100,896600,09:18:19
8966,900,8069400,09:18:19
8967,100,896700,09:18:19
8967,100,896700,09:18:19
8970,100,897000,09:18:19
8967,100,896700,09:18:19
8969,300,2690700,09:18:19
8967,200,1793400,09:18:19
8968,600,5380800,09:18:19
8968,100,896800,09:18:19
8969,100,896900,09:18:19
8969,100,896900,09:18:19
8970,100,897000,09:18:19
8970,2300,20631000,09:18:19
8970,100,897000,09:18:18
8970,100,897000,09:18:18
8971,500,4485500,09:18:18
8972,100,897200,09:18:18
8972,300,2691600,09:18:18
8973,100,897300,09:18:17
8972,100,897200,09:18:16
8973,100,897300,09:18:16
8971,100,897100,09:18:15
8973,600,5383800,09:18:15
8972,200,1794400,09:18:15
8972,100,897200,09:18:15
8973,100,897300,09:18:15
8973,100,897300,09:18:15
8973,100,897300,09:18:14
8972,100,897200,09:18:14
8972,100,897200,09:18:14
8973,200,1794600,09:18:14
8973,200,1794600,09:18:14
8973,100,897300,09:18:12
8974,100,897400,09:18:11
8974,100,897400,09:18:11
8975,100,897500,09:18:11
8974,100,897400,09:18:10
8974,100,897400,09:18:10
8974,400,3589600,09:18:09
8975,100,897500,09:18:09
8978,100,897800,09:18:08
8977,100,897700,09:18:08
8974,500,4487000,09:18:07
8975,600,5385000,09:18:07
8976,1200,10771200,09:18:07
8977,600,5386200,09:18:07
8977,100,897700,09:18:07
8979,100,897900,09:18:06
8978,100,897800,09:18:06
8979,100,897900,09:18:05
8978,100,897800,09:18:04
8979,100,897900,09:18:04
8980,100,898000,09:18:04
8980,100,898000,09:18:04
8978,300,2693400,09:18:04
8976,100,897600,09:18:03
8976,200,1795200,09:18:02
8977,300,2693100,09:18:02
8978,400,3591200,09:18:02
8978,100,897800,09:18:02
8979,600,5387400,09:18:02
8980,300,2694000,09:18:02
8980,100,898000,09:18:02
8980,200,1796000,09:18:01
8981,100,898100,09:18:00
8981,200,1796200,09:18:00
8980,100,898000,09:17:59
8981,200,1796200,09:17:59
8982,100,898200,09:17:59
8980,100,898000,09:17:58
8981,100,898100,09:17:57
8980,200,1796000,09:17:57
8980,100,898000,09:17:57
8980,100,898000,09:17:57
8982,100,898200,09:17:55
8982,100,898200,09:17:54
8981,100,898100,09:17:54
8981,100,898100,09:17:54
8982,100,898200,09:17:54
8983,200,1796600,09:17:53
8983,100,898300,09:17:53
8985,200,1797000,09:17:53
8985,200,1797000,09:17:53
8985,100,898500,09:17:52
8982,100,898200,09:17:50
8984,200,1796800,09:17:50
8985,200,1797000,09:17:50
8986,200,1797200,09:17:50
8986,600,5391600,09:17:50
8986,200,1797200,09:17:50
8986,200,1797200,09:17:50
8986,200,1797200,09:17:50
8986,100,898600,09:17:50
8988,100,898800,09:17:49
8986,100,898600,09:17:47
8986,300,2695800,09:17:47
8986,1000,8986000,09:17:47
8987,100,898700,09:17:46
8987,100,898700,09:17:46
8988,800,7190400,09:17:46
8988,700,6291600,09:17:46
8989,100,898900,09:17:46
8990,100,899000,09:17:44
8990,600,5394000,09:17:44
8989,400,3595600,09:17:44
8987,400,3594800,09:17:44
8987,100,898700,09:17:43
8986,200,1797200,09:17:42
8987,100,898700,09:17:42
8987,100,898700,09:17:42
8987,200,1797400,09:17:42
8986,900,8087400,09:17:42
8985,100,898500,09:17:42
8985,200,1797000,09:17:41
8982,100,898200,09:17:41
8981,300,2694300,09:17:41
8982,300,2694600,09:17:41
8983,300,2694900,09:17:41
8984,400,3593600,09:17:41
8985,100,898500,09:17:41
8987,300,2696100,09:17:40
8987,200,1797400,09:17:40
8987,500,4493500,09:17:40
8986,100,898600,09:17:40
8986,100,898600,09:17:39
8985,100,898500,09:17:39
8987,100,898700,09:17:38
8985,100,898500,09:17:38
8985,100,898500,09:17:38
8984,100,898400,09:17:38
8985,100,898500,09:17:38
8986,100,898600,09:17:38
8982,900,8083800,09:17:38
8983,800,7186400,09:17:38
8984,900,8085600,09:17:38
8985,1400,12579000,09:17:38
8986,700,6290200,09:17:38
8986,300,2695800,09:17:38
8986,100,898600,09:17:37
8986,100,898600,09:17:37
8986,100,898600,09:17:37
8986,100,898600,09:17:36
8986,100,898600,09:17:36
8988,100,898800,09:17:36
8986,100,898600,09:17:35
8985,100,898500,09:17:35
8989,100,898900,09:17:34
8990,100,899000,09:17:33
8988,200,1797600,09:17:33
8989,700,6292300,09:17:33
8990,1000,8990000,09:17:33
8989,100,898900,09:17:32
8992,100,899200,09:17:31
8989,100,898900,09:17:31
8991,100,899100,09:17:29
8988,200,1797600,09:17:29
8988,300,2696400,09:17:29
8989,400,3595600,09:17:28
8986,400,3594400,09:17:28
8987,100,898700,09:17:28
8988,100,898800,09:17:28
8989,100,898900,09:17:28
8987,100,898700,09:17:28
8987,300,2696100,09:17:28
8988,300,2696400,09:17:28
8989,200,1797800,09:17:27
8990,300,2697000,09:17:27
8991,200,1798200,09:17:27
8992,400,3596800,09:17:27
8992,200,1798400,09:17:27
8992,600,5395200,09:17:27
8992,100,899200,09:17:27
8992,100,899200,09:17:27
8992,100,899200,09:17:27
8993,100,899300,09:17:27
8993,100,899300,09:17:26
8996,200,1799200,09:17:25
8992,200,1798400,09:17:25
8993,1100,9892300,09:17:25
8994,300,2698200,09:17:25
8994,100,899400,09:17:25
8994,100,899400,09:17:24
8995,200,1799000,09:17:24
8996,300,2698800,09:17:23
8998,100,899800,09:17:22
8998,600,5398800,09:17:22
8998,800,7198400,09:17:22
8998,1400,12597200,09:17:22
8995,100,899500,09:17:21
8995,100,899500,09:17:21
8997,300,2699100,09:17:21
8997,100,899700,09:17:20
8996,600,5397600,09:17:20
8996,100,899600,09:17:20
8995,200,1799000,09:17:20
8994,100,899400,09:17:20
8992,100,899200,09:17:19
8993,200,1798600,09:17:18
8992,100,899200,09:17:16
8992,100,899200,09:17:15
8994,100,899400,09:17:15
8992,200,1798400,09:17:15
8992,100,899200,09:17:15
8992,100,899200,09:17:15
8992,400,3596800,09:17:14
8993,100,899300,09:17:14
8994,300,2698200,09:17:14
8995,400,3598000,09:17:14
8996,300,2698800,09:17:14
8997,100,899700,09:17:13
8997,200,1799400,09:17:13
8998,200,1799600,09:17:12
8996,100,899600,09:17:12
8997,200,1799400,09:17:12
8997,100,899700,09:17:12
8997,500,4498500,09:17:12
8998,100,899800,09:17:12
8999,300,2699700,09:17:11
8998,100,899800,09:17:11
8999,100,899900,09:17:11
8999,1000,8999000,09:17:11
8999,100,899900,09:17:11
8998,100,899800,09:17:10
8998,300,2699400,09:17:10
8999,700,6299300,09:17:10
8997,100,899700,09:17:10
8997,200,1799400,09:17:10
8999,100,899900,09:17:09
8998,500,4499000,09:17:09
8997,300,2699100,09:17:09
8996,100,899600,09:17:08
8995,100,899500,09:17:07
8998,100,899800,09:17:06
8998,600,5398800,09:17:06
8996,200,1799200,09:17:06
8996,200,1799200,09:17:06
8999,100,899900,09:17:05
8997,200,1799400,09:17:04
8997,200,1799400,09:17:04
8999,100,899900,09:17:04
8998,300,2699400,09:17:03
8997,100,899700,09:17:03
8997,100,899700,09:17:03
8996,100,899600,09:17:02
8999,400,3599600,09:17:02
8999,300,2699700,09:17:02
8998,2500,22495000,09:17:02
8998,400,3599200,09:17:02
8998,200,1799600,09:17:02
8998,200,1799600,09:17:02
8998,200,1799600,09:17:02
8995,100,899500,09:17:02
8996,100,899600,09:17:01
8997,100,899700,09:17:01
8998,100,899800,09:17:01
8997,100,899700,09:17:01
8998,200,1799600,09:17:01
8998,100,899800,09:17:01
8997,1500,13495500,09:17:01
8997,900,8097300,09:17:01
8998,900,8098200,09:17:01
8997,100,899700,09:17:01
8997,100,899700,09:17:01
8997,100,899700,09:17:01
8997,100,899700,09:17:01
8997,100,899700,09:17:01
8997,100,899700,09:17:01
8997,1100,9896700,09:17:00
8996,100,899600,09:17:00
8996,2100,18891600,09:17:00
8995,3700,33281500,09:17:00
8994,2400,21585600,09:17:00
8993,200,1798600,09:17:00
8992,1200,10790400,09:17:00
8991,700,6293700,09:17:00
8991,100,899100,09:17:00
8990,100,899000,09:17:00
8991,100,899100,09:16:59
8991,100,899100,09:16:59
8990,22400,201376000,09:16:59
8989,5200,46742800,09:16:59
8988,200,1797600,09:16:59
8987,100,898700,09:16:59
8988,3100,27862800,09:16:59
8987,100,898700,09:16:59
8986,100,898600,09:16:59
8988,200,1797600,09:16:59
8988,100,898800,09:16:58
8987,1000,8987000,09:16:58
8986,200,1797200,09:16:58
8986,100,898600,09:16:58
8984,100,898400,09:16:57
8985,500,4492500,09:16:57
8985,1700,15274500,09:16:57
8984,1200,10780800,09:16:57
8984,100,898400,09:16:57
8984,100,898400,09:16:57
8983,800,7186400,09:16:57
8983,400,3593200,09:16:57
8983,300,2694900,09:16:57
8982,200,1796400,09:16:57
8982,100,898200,09:16:55
8981,100,898100,09:16:55
8982,100,898200,09:16:55
8983,200,1796600,09:16:54
8982,300,2694600,09:16:54
8984,200,1796800,09:16:54
8981,100,898100,09:16:53
8982,300,2694600,09:16:53
8981,100,898100,09:16:53
8981,500,4490500,09:16:52
8981,400,3592400,09:16:52
8981,100,898100,09:16:52
8982,100,898200,09:16:51
8982,200,1796400,09:16:50
8982,100,898200,09:16:49
8982,300,2694600,09:16:49
8982,100,898200,09:16:49
8982,100,898200,09:16:49
8982,100,898200,09:16:49
8982,100,898200,09:16:49
8982,100,898200,09:16:49
8982,100,898200,09:16:48
8982,100,898200,09:16:48
8981,100,898100,09:16:48
8983,700,6288100,09:16:48
8983,100,898300,09:16:48
8982,200,1796400,09:16:47
8980,200,1796000,09:16:47
8982,200,1796400,09:16:47
8981,100,898100,09:16:45
8981,1400,12573400,09:16:45
8980,17000,152660000,09:16:45
8978,100,897800,09:16:45
8980,200,1796000,09:16:45
8978,100,897800,09:16:44
8976,300,2692800,09:16:44
8977,100,897700,09:16:44
8978,100,897800,09:16:44
8976,100,897600,09:16:44
8978,100,897800,09:16:43
8975,100,897500,09:16:43
8975,100,897500,09:16:42
8977,100,897700,09:16:42
8977,100,897700,09:16:42
8978,100,897800,09:16:42
8979,1200,10774800,09:16:42
8978,3200,28729600,09:16:42
8977,2200,19749400,09:16:42
8976,400,3590400,09:16:42
8976,100,897600,09:16:41
8973,200,1794600,09:16:41
8973,200,1794600,09:16:41
8976,100,897600,09:16:40
8975,100,897500,09:16:40
8971,200,1794200,09:16:39
8969,100,896900,09:16:39
8969,100,896900,09:16:39
8969,100,896900,09:16:38
8969,200,1793800,09:16:38
8969,100,896900,09:16:38
8973,100,897300,09:16:37
8973,100,897300,09:16:37
8972,100,897200,09:16:37
8972,100,897200,09:16:37
8973,100,897300,09:16:37
8972,100,897200,09:16:37
8972,100,897200,09:16:37
8973,200,1794600,09:16:37
8969,300,2690700,09:16:37
8975,1800,16155000,09:16:37
8974,300,2692200,09:16:37
8974,100,897400,09:16:37
8974,1500,13461000,09:16:37
8973,600,5383800,09:16:37
8973,500,4486500,09:16:37
8973,100,897300,09:16:37
8973,100,897300,09:16:37
8973,600,5383800,09:16:37
8968,100,896800,09:16:37
8972,2200,19738400,09:16:37
8971,1200,10765200,09:16:37
8970,4100,36777000,09:16:37
8969,800,7175200,09:16:37
8968,100,896800,09:16:37
8967,200,1793400,09:16:37
8968,100,896800,09:16:37
8967,300,2690100,09:16:37
8967,100,896700,09:16:37
8966,2200,19725200,09:16:37
8966,1300,11655800,09:16:37
8966,1600,14345600,09:16:37
8966,1600,14345600,09:16:37
8966,1600,14345600,09:16:37
8966,1000,8966000,09:16:37
8966,900,8069400,09:16:37
8966,200,1793200,09:16:37
8966,100,896600,09:16:37
8966,2000,17932000,09:16:37
8965,3700,33170500,09:16:37
8965,2700,24205500,09:16:37
8964,500,4482000,09:16:37
8963,700,6274100,09:16:37
8962,1400,12546800,09:16:37
8961,100,896100,09:16:37
8960,100,896000,09:16:36
8958,100,895800,09:16:35
8959,100,895900,09:16:34
8959,100,895900,09:16:34
8959,100,895900,09:16:34
8959,500,4479500,09:16:34
8960,100,896000,09:16:34
8960,100,896000,09:16:34
8958,300,2687400,09:16:33
8959,100,895900,09:16:33
8960,600,5376000,09:16:33
8960,100,896000,09:16:33
8961,100,896100,09:16:33
8962,1000,8962000,09:16:33
8962,100,896200,09:16:33
8962,200,1792400,09:16:31
8962,100,896200,09:16:30
8962,100,896200,09:16:30
8962,100,896200,09:16:30
8962,100,896200,09:16:30
8960,100,896000,09:16:30
8959,100,895900,09:16:29
8959,100,895900,09:16:29
8961,100,896100,09:16:29
8960,300,2688000,09:16:29
8960,100,896000,09:16:28
8957,100,895700,09:16:26
8957,100,895700,09:16:25
8958,100,895800,09:16:25
8958,300,2687400,09:16:25
8959,100,895900,09:16:25
8959,100,895900,09:16:24
8959,100,895900,09:16:24
8959,300,2687700,09:16:24
8959,100,895900,09:16:24
8960,100,896000,09:16:24
8960,100,896000,09:16:22
8959,500,4479500,09:16:22
8960,400,3584000,09:16:22
8961,400,3584400,09:16:22
8962,200,1792400,09:16:20
8961,100,896100,09:16:20
8961,700,6272700,09:16:20
8962,100,896200,09:16:20
8961,100,896100,09:16:20
8963,100,896300,09:16:18
8963,200,1792600,09:16:18
8962,100,896200,09:16:18
8963,100,896300,09:16:17
8962,100,896200,09:16:17
8960,100,896000,09:16:16
8963,100,896300,09:16:16
8963,100,896300,09:16:16
8963,100,896300,09:16:15
8960,500,4480000,09:16:14
8961,200,1792200,09:16:14
8962,200,1792400,09:16:14
8962,200,1792400,09:16:14
8963,100,896300,09:16:14
8963,100,896300,09:16:14
8963,200,1792600,09:16:13
8963,100,896300,09:16:12
8963,100,896300,09:16:12
8963,1000,8963000,09:16:12
8962,800,7169600,09:16:12
8961,100,896100,09:16:12
8961,100,896100,09:16:11
8961,100,896100,09:16:10
8961,800,7168800,09:16:10
8960,100,896000,09:16:10
8960,100,896000,09:16:10
8958,100,895800,09:16:09
8960,200,1792000,09:16:09
8959,100,895900,09:16:09
8959,100,895900,09:16:08
8959,100,895900,09:16:08
8959,600,5375400,09:16:07
8959,100,895900,09:16:06
8960,900,8064000,09:16:06
8960,100,896000,09:16:06
8960,100,896000,09:16:05
8960,100,896000,09:16:05
8960,100,896000,09:16:05
8959,100,895900,09:16:05
8958,100,895800,09:16:03
8960,100,896000,09:16:03
8959,100,895900,09:16:03
8959,100,895900,09:16:01
8958,100,895800,09:16:01
8959,100,895900,09:16:00
8958,100,895800,09:16:00
8957,100,895700,09:16:00
8955,100,895500,09:16:00
8955,400,3582000,09:15:59
8955,100,895500,09:15:59
8957,100,895700,09:15:58
8956,100,895600,09:15:57
8955,100,895500,09:15:57
8955,100,895500,09:15:57
8956,100,895600,09:15:57
8956,300,2686800,09:15:57
8956,100,895600,09:15:56
8954,100,895400,09:15:56
8955,100,895500,09:15:56
8957,100,895700,09:15:55
8955,100,895500,09:15:55
8955,200,1791000,09:15:55
8957,100,895700,09:15:54
8956,100,895600,09:15:53
8956,100,895600,09:15:53
8955,400,3582000,09:15:51
8956,100,895600,09:15:51
8958,100,895800,09:15:51
8958,100,895800,09:15:51
8959,100,895900,09:15:50
8962,100,896200,09:15:49
8961,200,1792200,09:15:49
8959,100,895900,09:15:48
8960,100,896000,09:15:48
8959,100,895900,09:15:48
8960,800,7168000,09:15:48
8959,100,895900,09:15:48
8959,600,5375400,09:15:48
8957,100,895700,09:15:48
8956,1400,12538400,09:15:48
8956,100,895600,09:15:48
8958,600,5374800,09:15:48
8958,200,1791600,09:15:48
8958,100,895800,09:15:48
8958,400,3583200,09:15:48
8958,200,1791600,09:15:48
8957,100,895700,09:15:46
8956,100,895600,09:15:46
8958,200,1791600,09:15:45
8958,400,3583200,09:15:45
8956,100,895600,09:15:43
8957,100,895700,09:15:43
8956,100,895600,09:15:43
8957,100,895700,09:15:43
8957,100,895700,09:15:43
8957,100,895700,09:15:43
8955,100,895500,09:15:43
8957,100,895700,09:15:42
8956,100,895600,09:15:42
8955,100,895500,09:15:41
8954,100,895400,09:15:41
8954,100,895400,09:15:41
8954,100,895400,09:15:41
8957,100,895700,09:15:41
8955,200,1791000,09:15:40
8955,100,895500,09:15:40
8954,100,895400,09:15:39
8955,100,895500,09:15:39
8955,300,2686500,09:15:39
8952,400,3580800,09:15:37
8952,100,895200,09:15:37
8954,100,895400,09:15:37
8953,100,895300,09:15:37
8955,100,895500,09:15:36
8955,100,895500,09:15:36
8954,100,895400,09:15:36
8954,100,895400,09:15:36
8954,100,895400,09:15:35
8952,100,895200,09:15:34
8953,600,5371800,09:15:33
8952,100,895200,09:15:33
8951,100,895100,09:15:33
8951,100,895100,09:15:33
8951,100,895100,09:15:33
8951,100,895100,09:15:33
8951,100,895100,09:15:33
8952,200,1790400,09:15:33
8952,200,1790400,09:15:33
8956,500,4478000,09:15:32
8955,400,3582000,09:15:32
8953,100,895300,09:15:32
8953,100,895300,09:15:32
8953,100,895300,09:15:32
8954,100,895400,09:15:32
8955,600,5373000,09:15:32
8956,100,895600,09:15:32
8958,100,895800,09:15:31
8960,200,1792000,09:15:30
8960,100,896000,09:15:30
8960,100,896000,09:15:30
8959,500,4479500,09:15:30
8958,1100,9853800,09:15:30
8956,100,895600,09:15:30
8958,100,895800,09:15:29
8957,100,895700,09:15:29
8955,100,895500,09:15:29
8957,100,895700,09:15:28
8956,200,1791200,09:15:27
8955,900,8059500,09:15:27
8954,100,895400,09:15:27
8954,100,895400,09:15:27
8953,100,895300,09:15:26
8954,100,895400,09:15:25
8954,100,895400,09:15:24
8954,100,895400,09:15:24
8954,200,1790800,09:15:24
8954,100,895400,09:15:24
8956,100,895600,09:15:24
8956,100,895600,09:15:24
8955,100,895500,09:15:23
8955,700,6268500,09:15:23
8956,300,2686800,09:15:23
8957,400,3582800,09:15:23
8958,100,895800,09:15:23
8957,300,2687100,09:15:23
8957,100,895700,09:15:22
8958,100,895800,09:15:22
8959,100,895900,09:15:21
8960,3300,29568000,09:15:21
8960,1600,14336000,09:15:21
8959,100,895900,09:15:21
8959,200,1791800,09:15:21
8960,100,896000,09:15:20
8959,200,1791800,09:15:19
8958,400,3583200,09:15:19
8958,400,3583200,09:15:19
8956,100,895600,09:15:19
8958,100,895800,09:15:19
8958,100,895800,09:15:19
8958,100,895800,09:15:18
8957,300,2687100,09:15:18
8956,100,895600,09:15:17
8957,100,895700,09:15:17
8956,100,895600,09:15:17
8954,100,895400,09:15:16
8955,100,895500,09:15:16
8957,500,4478500,09:15:15
8956,500,4478000,09:15:15
8955,100,895500,09:15:15
8956,100,895600,09:15:15
8955,2000,17910000,09:15:15
8955,200,1791000,09:15:15
8955,100,895500,09:15:15
8955,300,2686500,09:15:14
8954,200,1790800,09:15:14
8954,100,895400,09:15:14
8953,100,895300,09:15:13
8955,1700,15223500,09:15:13
8955,200,1791000,09:15:13
8955,100,895500,09:15:13
8955,100,895500,09:15:13
8954,200,1790800,09:15:13
8954,100,895400,09:15:12
8953,1000,8953000,09:15:12
8949,400,3579600,09:15:12
8950,600,5370000,09:15:12
8953,100,895300,09:15:12
8950,200,1790000,09:15:12
8952,100,895200,09:15:12
8953,100,895300,09:15:11
8952,100,895200,09:15:11
8953,100,895300,09:15:11
8952,300,2685600,09:15:10
8952,200,1790400,09:15:10
8952,200,1790400,09:15:10
8952,100,895200,09:15:10
8952,100,895200,09:15:10
8950,100,895000,09:15:10
8948,100,894800,09:15:10
8949,100,894900,09:15:09
8950,500,4475000,09:15:09
8948,100,894800,09:15:08
8950,100,895000,09:15:08
8950,200,1790000,09:15:07
8950,100,895000,09:15:07
8950,200,1790000,09:15:07
8950,300,2685000,09:15:07
8952,200,1790400,09:15:06
8951,100,895100,09:15:06
8949,100,894900,09:15:06
8950,100,895000,09:15:06
8950,100,895000,09:15:06
8952,400,3580800,09:15:05
8952,100,895200,09:15:05
8952,300,2685600,09:15:05
8951,100,895100,09:15:05
8949,400,3579600,09:15:05
8949,600,5369400,09:15:05
8950,20400,182580000,09:15:05
8950,200,1790000,09:15:05
8950,800,7160000,09:15:05
8950,100,895000,09:15:05
8950,600,5370000,09:15:05
8950,100,895000,09:15:05
8950,700,6265000,09:15:05
8949,7900,70697100,09:15:05
8948,100,894800,09:15:05
8947,100,894700,09:15:05
8945,400,3578000,09:15:05
8948,100,894800,09:15:05
8945,100,894500,09:15:04
8947,200,1789400,09:15:03
8946,100,894600,09:15:03
8943,600,5365800,09:15:03
8944,300,2683200,09:15:03
8945,100,894500,09:15:03
8946,200,1789200,09:15:03
8948,100,894800,09:15:02
8948,100,894800,09:15:02
8945,100,894500,09:15:02
8947,100,894700,09:15:02
8948,100,894800,09:15:02
8945,200,1789000,09:15:02
8948,100,894800,09:15:01
8949,1500,13423500,09:15:01
8948,3600,32212800,09:15:01
8947,1000,8947000,09:15:01
8946,5200,46519200,09:15:01
8944,100,894400,09:15:01
8946,600,5367600,09:15:01
8945,3400,30413000,09:15:01
8944,900,8049600,09:15:01
8944,700,6260800,09:15:01
8944,800,7155200,09:15:01
8944,800,7155200,09:15:01
8944,800,7155200,09:15:01
8943,1000,8943000,09:15:01
8941,100,894100,09:15:00
8942,600,5365200,09:15:00
8942,400,3576800,09:15:00
8941,600,5364600,09:15:00
8941,1500,13411500,09:15:00
8940,100,894000,09:14:58
8940,100,894000,09:14:58
8938,400,3575200,09:14:56
8938,100,893800,09:14:56
8938,100,893800,09:14:56
8940,200,1788000,09:14:55
8940,200,1788000,09:14:55
8940,500,4470000,09:14:55
8940,200,1788000,09:14:55
8940,100,894000,09:14:55
8939,100,893900,09:14:55
8938,100,893800,09:14:52
8939,100,893900,09:14:52
8938,200,1787600,09:14:50
8940,500,4470000,09:14:46
8937,400,3574800,09:14:46
8938,100,893800,09:14:46
8940,100,894000,09:14:45
8939,600,5363400,09:14:45
8938,100,893800,09:14:44
8937,300,2681100,09:14:44
8938,100,893800,09:14:40
8938,100,893800,09:14:39
8939,100,893900,09:14:38
8940,100,894000,09:14:37
8940,300,2682000,09:14:37
8940,500,4470000,09:14:37
8940,500,4470000,09:14:37
8940,500,4470000,09:14:37
8939,100,893900,09:14:36
8937,100,893700,09:14:35
8939,300,2681700,09:14:35
8938,100,893800,09:14:35
8938,100,893800,09:14:35
8937,100,893700,09:14:33
8938,100,893800,09:14:32
8937,100,893700,09:14:32
8937,100,893700,09:14:32
8937,300,2681100,09:14:32
8937,700,6255900,09:14:28
8936,300,2680800,09:14:28
8934,300,2680200,09:14:27
8935,400,3574000,09:14:27
8936,100,893600,09:14:27
8937,3100,27704700,09:14:27
8936,100,893600,09:14:27
8936,100,893600,09:14:27
8936,200,1787200,09:14:27
8933,100,893300,09:14:27
8935,900,8041500,09:14:27
8934,200,1786800,09:14:27
8933,100,893300,09:14:27
8933,100,893300,09:14:27
8933,200,1786600,09:14:27
8933,100,893300,09:14:27
8933,200,1786600,09:14:27
8934,200,1786800,09:14:27
8934,300,2680200,09:14:27
8934,200,1786800,09:14:26
8936,300,2680800,09:14:24
8935,100,893500,09:14:24
8936,100,893600,09:14:22
8937,200,1787400,09:14:20
8938,100,893800,09:14:16
8938,100,893800,09:14:16
8939,100,893900,09:14:14
8939,400,3575600,09:14:14
8938,100,893800,09:14:14
8938,100,893800,09:14:13
8936,100,893600,09:14:13
8937,100,893700,09:14:13
8936,100,893600,09:14:12
8937,100,893700,09:14:11
8938,100,893800,09:14:11
8935,100,893500,09:14:10
8937,700,6255900,09:14:07
8936,200,1787200,09:14:07
8935,100,893500,09:14:07
8934,200,1786800,09:14:07
8935,500,4467500,09:14:07
8935,200,1787000,09:14:07
8936,1800,16084800,09:14:07
8937,100,893700,09:14:07
8937,100,893700,09:14:07
8937,200,1787400,09:14:06
8936,100,893600,09:14:03
8937,200,1787400,09:14:02
8937,200,1787400,09:14:01
8938,200,1787600,09:14:00
8941,100,894100,09:13:59
8941,200,1788200,09:13:58
8940,200,1788000,09:13:58
8941,100,894100,09:13:56
8937,800,7149600,09:13:56
8938,300,2681400,09:13:56
8939,100,893900,09:13:56
8940,200,1788000,09:13:56
8940,100,894000,09:13:56
8941,100,894100,09:13:56
8940,100,894000,09:13:56
8941,100,894100,09:13:54
8940,100,894000,09:13:54
8942,100,894200,09:13:54
8941,400,3576400,09:13:54
8940,600,5364000,09:13:54
8939,100,893900,09:13:54
8938,200,1787600,09:13:54
8937,100,893700,09:13:53
8939,500,4469500,09:13:51
8939,300,2681700,09:13:50
8937,100,893700,09:13:49
8937,100,893700,09:13:49
8938,200,1787600,09:13:49
8938,200,1787600,09:13:49
8938,100,893800,09:13:49
8939,200,1787800,09:13:48
8940,100,894000,09:13:48
8939,100,893900,09:13:47
8939,100,893900,09:13:47
8938,100,893800,09:13:46
8939,100,893900,09:13:45
8937,100,893700,09:13:45
8942,200,1788400,09:13:45
8941,400,3576400,09:13:45
8939,100,893900,09:13:45
8942,700,6259400,09:13:44
8941,900,8046900,09:13:44
8940,900,8046000,09:13:44
8939,200,1787800,09:13:44
8938,100,893800,09:13:44
8937,100,893700,09:13:43
8937,100,893700,09:13:43
8936,100,893600,09:13:43
8937,100,893700,09:13:41
8934,100,893400,09:13:40
8935,200,1787000,09:13:40
8935,400,3574000,09:13:40
8935,100,893500,09:13:39
8936,100,893600,09:13:39
8935,100,893500,09:13:38
8938,200,1787600,09:13:38
8937,100,893700,09:13:38
8938,100,893800,09:13:38
8938,100,893800,09:13:38
8939,200,1787800,09:13:37
8940,200,1788000,09:13:37
8943,200,1788600,09:13:36
8942,500,4471000,09:13:36
8939,100,893900,09:13:36
8941,100,894100,09:13:36
8938,100,893800,09:13:36
8940,100,894000,09:13:35
8940,100,894000,09:13:35
8939,1000,8939000,09:13:35
8937,1100,9830700,09:13:35
8936,200,1787200,09:13:35
8935,100,893500,09:13:35
8934,100,893400,09:13:33
8934,100,893400,09:13:33
8936,100,893600,09:13:28
8934,100,893400,09:13:28
8935,200,1787000,09:13:28
8936,100,893600,09:13:28
8935,100,893500,09:13:26
8938,100,893800,09:13:26
8936,100,893600,09:13:26
8936,100,893600,09:13:25
8940,100,894000,09:13:24
8938,200,1787600,09:13:24
8939,100,893900,09:13:22
8939,100,893900,09:13:22
8938,100,893800,09:13:22
8938,100,893800,09:13:22
8935,100,893500,09:13:22
8935,400,3574000,09:13:22
8936,100,893600,09:13:22
8936,100,893600,09:13:20
8939,100,893900,09:13:20
8942,100,894200,09:13:20
8941,100,894100,09:13:20
8941,100,894100,09:13:20
8940,100,894000,09:13:20
8941,200,1788200,09:13:20
8941,1500,13411500,09:13:20
8939,100,893900,09:13:20
8940,3700,33078000,09:13:20
8940,1100,9834000,09:13:20
8940,100,894000,09:13:20
8940,100,894000,09:13:20
8940,100,894000,09:13:20
8940,300,2682000,09:13:20
8939,1000,8939000,09:13:20
8937,100,893700,09:13:20
8936,100,893600,09:13:20
8936,100,893600,09:13:19
8936,300,2680800,09:13:19
8933,100,893300,09:13:19
8934,100,893400,09:13:19
8933,100,893300,09:13:18
8933,200,1786600,09:13:18
8934,100,893400,09:13:17
8936,100,893600,09:13:17
8937,100,893700,09:13:17
8938,200,1787600,09:13:17
8938,500,4469000,09:13:17
8938,100,893800,09:13:16
8937,300,2681100,09:13:15
8936,100,893600,09:13:15
8936,1300,11616800,09:13:15
8935,2400,21444000,09:13:15
8934,1500,13401000,09:13:15
8933,600,5359800,09:13:15
8931,100,893100,09:13:15
8931,200,1786200,09:13:15
8932,100,893200,09:13:15
8932,200,1786400,09:13:15
8930,3800,33934000,09:13:15
8930,100,893000,09:13:15
8929,100,892900,09:13:15
8928,400,3571200,09:13:15
8927,400,3570800,09:13:15
8926,100,892600,09:13:15
8925,100,892500,09:13:13
8925,100,892500,09:13:13
8924,300,2677200,09:13:13
8924,100,892400,09:13:13
8925,200,1785000,09:13:11
8924,100,892400,09:13:11
8923,100,892300,09:13:11
8925,100,892500,09:13:11
8924,100,892400,09:13:11
8924,100,892400,09:13:10
8925,100,892500,09:13:10
8922,900,8029800,09:13:07
8923,100,892300,09:13:07
8924,200,1784800,09:13:06
8923,200,1784600,09:13:06
8924,200,1784800,09:13:05
8924,100,892400,09:13:05
8927,100,892700,09:13:04
8926,100,892600,09:13:04
8925,100,892500,09:13:04
8925,100,892500,09:13:02
8927,200,1785400,09:13:02
8924,200,1784800,09:13:01
8925,300,2677500,09:13:01
8928,100,892800,09:13:00
8927,500,4463500,09:13:00
8927,100,892700,09:13:00
8926,200,1785200,09:13:00
8926,200,1785200,09:13:00
8924,100,892400,09:13:00
8924,100,892400,09:13:00
8923,100,892300,09:13:00
8922,100,892200,09:13:00
8922,100,892200,09:13:00
8921,100,892100,09:12:58
8922,200,1784400,09:12:57
8922,100,892200,09:12:57
8922,100,892200,09:12:55
8924,100,892400,09:12:55
8923,100,892300,09:12:54
8924,200,1784800,09:12:53
8925,300,2677500,09:12:53
8925,100,892500,09:12:53
8925,100,892500,09:12:53
8923,200,1784600,09:12:53
8923,100,892300,09:12:53
8922,100,892200,09:12:53
8922,100,892200,09:12:53
8921,100,892100,09:12:53
8920,100,892000,09:12:53
8922,400,3568800,09:12:52
8921,100,892100,09:12:52
8920,500,4460000,09:12:52
8920,300,2676000,09:12:52
8920,100,892000,09:12:51
8920,100,892000,09:12:51
8920,100,892000,09:12:51
8921,500,4460500,09:12:50
8921,100,892100,09:12:50
8921,100,892100,09:12:49
8922,200,1784400,09:12:49
8922,100,892200,09:12:47
8922,100,892200,09:12:46
8922,100,892200,09:12:45
8922,100,892200,09:12:45
8924,100,892400,09:12:44
8923,200,1784600,09:12:44
8921,100,892100,09:12:43
8922,200,1784400,09:12:42
8922,100,892200,09:12:40
8923,200,1784600,09:12:40
8923,100,892300,09:12:40
8923,100,892300,09:12:40
8923,100,892300,09:12:40
8926,100,892600,09:12:40
8926,100,892600,09:12:39
8925,200,1785000,09:12:39
8926,100,892600,09:12:37
8925,100,892500,09:12:37
8927,100,892700,09:12:37
8929,100,892900,09:12:37
8929,100,892900,09:12:37
8930,100,893000,09:12:36
8930,100,893000,09:12:36
8931,200,1786200,09:12:36
8931,200,1786200,09:12:36
8932,100,893200,09:12:36
8934,100,893400,09:12:34
8934,100,893400,09:12:34
8934,100,893400,09:12:33
8934,100,893400,09:12:32
8934,300,2680200,09:12:30
8933,100,893300,09:12:29
8933,100,893300,09:12:29
8935,700,6254500,09:12:28
8935,100,893500,09:12:28
8935,100,893500,09:12:28
8937,1900,16980300,09:12:27
8936,800,7148800,09:12:27
8935,900,8041500,09:12:27
8935,100,893500,09:12:27
8934,100,893400,09:12:27
8934,100,893400,09:12:26
8932,100,893200,09:12:26
8934,100,893400,09:12:26
8934,1000,8934000,09:12:26
8933,100,893300,09:12:26
8932,100,893200,09:12:26
8932,200,1786400,09:12:26
8931,100,893100,09:12:26
8930,100,893000,09:12:26
8930,300,2679000,09:12:26
8930,100,893000,09:12:26
8929,300,2678700,09:12:26
8928,200,1785600,09:12:26
8927,800,7141600,09:12:26
8926,300,2677800,09:12:26
8925,1600,14280000,09:12:26
8924,200,1784800,09:12:26
8924,100,892400,09:12:25
8923,100,892300,09:12:25
8922,200,1784400,09:12:25
8924,400,3569600,09:12:24
8923,500,4461500,09:12:23
8923,100,892300,09:12:23
8924,100,892400,09:12:23
8923,100,892300,09:12:22
8924,100,892400,09:12:21
8925,200,1785000,09:12:21
8925,100,892500,09:12:21
8925,100,892500,09:12:20
8924,200,1784800,09:12:20
8924,100,892400,09:12:20
8923,200,1784600,09:12:20
8921,100,892100,09:12:19
8922,100,892200,09:12:18
8923,100,892300,09:12:17
8923,300,2676900,09:12:17
8921,200,1784200,09:12:16
8924,100,892400,09:12:16
8923,100,892300,09:12:13
8926,100,892600,09:12:12
8923,500,4461500,09:12:11
8924,500,4462000,09:12:11
8926,200,1785200,09:12:11
8925,100,892500,09:12:11
8923,200,1784600,09:12:10
8924,100,892400,09:12:10
8924,100,892400,09:12:10
8922,100,892200,09:12:09
8921,200,1784200,09:12:08
8922,300,2676600,09:12:08
8923,100,892300,09:12:08
8924,200,1784800,09:12:08
8925,100,892500,09:12:08
8924,100,892400,09:12:07
8926,100,892600,09:12:07
8926,100,892600,09:12:07
8924,300,2677200,09:12:07
8925,100,892500,09:12:07
8927,200,1785400,09:12:07
8926,100,892600,09:12:07
8927,100,892700,09:12:07
8926,200,1785200,09:12:07
8924,100,892400,09:12:07
8924,100,892400,09:12:07
8924,200,1784800,09:12:06
8925,100,892500,09:12:06
8926,100,892600,09:12:04
8927,200,1785400,09:12:03
8926,100,892600,09:12:03
8926,100,892600,09:12:03
8926,100,892600,09:12:03
8926,100,892600,09:12:03
8927,100,892700,09:12:03
8927,200,1785400,09:12:03
8929,100,892900,09:12:01
8929,200,1785800,09:12:01
8930,300,2679000,09:12:01
8931,100,893100,09:11:59
8931,100,893100,09:11:58
8930,100,893000,09:11:58
8930,400,3572000,09:11:58
8930,200,1786000,09:11:58
8931,200,1786200,09:11:58
8931,100,893100,09:11:58
8932,100,893200,09:11:58
8934,100,893400,09:11:55
8933,100,893300,09:11:55
8932,200,1786400,09:11:55
8930,300,2679000,09:11:54
8930,100,893000,09:11:54
8933,100,893300,09:11:53
8931,100,893100,09:11:52
8931,100,893100,09:11:52
8930,1100,9823000,09:11:52
8931,900,8037900,09:11:52
8932,400,3572800,09:11:52
8933,600,5359800,09:11:52
8933,100,893300,09:11:50
8933,100,893300,09:11:50
8934,100,893400,09:11:50
8934,100,893400,09:11:49
8934,100,893400,09:11:49
8936,400,3574400,09:11:48
8936,300,2680800,09:11:47
8934,100,893400,09:11:46
8935,1200,10722000,09:11:46
8934,100,893400,09:11:44
8933,100,893300,09:11:44
8934,300,2680200,09:11:42
8934,200,1786800,09:11:42
8932,100,893200,09:11:42
8932,100,893200,09:11:42
8933,100,893300,09:11:42
8933,100,893300,09:11:41
8933,100,893300,09:11:41
8935,300,2680500,09:11:40
8934,100,893400,09:11:40
8935,100,893500,09:11:39
8933,100,893300,09:11:38
8934,100,893400,09:11:38
8933,100,893300,09:11:37
8933,100,893300,09:11:36
8932,100,893200,09:11:35
8930,100,893000,09:11:35
8929,200,1785800,09:11:34
8930,100,893000,09:11:34
8930,100,893000,09:11:34
8931,100,893100,09:11:33
8931,100,893100,09:11:33
8931,100,893100,09:11:33
8930,100,893000,09:11:31
8932,400,3572800,09:11:31
8931,300,2679300,09:11:31
8932,200,1786400,09:11:31
8933,600,5359800,09:11:31
8934,300,2680200,09:11:31
8935,1000,8935000,09:11:31
8935,100,893500,09:11:31
8935,100,893500,09:11:31
8937,300,2681100,09:11:29
8935,500,4467500,09:11:29
8935,100,893500,09:11:29
8935,100,893500,09:11:29
8935,100,893500,09:11:29
8935,100,893500,09:11:29
8935,100,893500,09:11:29
8935,1200,10722000,09:11:29
8935,200,1787000,09:11:29
8935,200,1787000,09:11:29
8935,100,893500,09:11:29
8935,100,893500,09:11:29
8935,200,1787000,09:11:29
8935,300,2680500,09:11:29
8935,300,2680500,09:11:29
8935,300,2680500,09:11:29
8935,300,2680500,09:11:29
8935,200,1787000,09:11:29
8935,100,893500,09:11:29
8935,100,893500,09:11:29
8937,100,893700,09:11:29
8937,100,893700,09:11:29
8936,100,893600,09:11:29
8936,100,893600,09:11:29
8935,100,893500,09:11:29
8936,100,893600,09:11:28
8937,100,893700,09:11:28
8937,100,893700,09:11:27
8936,100,893600,09:11:27
8935,400,3574000,09:11:27
8934,300,2680200,09:11:27
8936,100,893600,09:11:25
8935,100,893500,09:11:25
8934,100,893400,09:11:25
8935,100,893500,09:11:25
8935,100,893500,09:11:25
8936,300,2680800,09:11:25
8937,100,893700,09:11:25
8937,300,2681100,09:11:25
8939,100,893900,09:11:24
8938,100,893800,09:11:24
8938,100,893800,09:11:24
8939,200,1787800,09:11:23
8936,100,893600,09:11:22
8938,100,893800,09:11:22
8938,100,893800,09:11:22
8938,100,893800,09:11:21
8937,100,893700,09:11:21
8937,100,893700,09:11:21
8936,200,1787200,09:11:20
8936,100,893600,09:11:20
8935,1100,9828500,09:11:20
8934,100,893400,09:11:20
8934,200,1786800,09:11:20
8933,200,1786600,09:11:20
8932,600,5359200,09:11:20
8931,100,893100,09:11:20
8931,100,893100,09:11:19
8931,100,893100,09:11:19
8930,200,1786000,09:11:18
8928,100,892800,09:11:18
8930,400,3572000,09:11:18
8929,400,3571600,09:11:18
8928,100,892800,09:11:18
8930,300,2679000,09:11:16
8930,200,1786000,09:11:16
8930,100,893000,09:11:15
8931,100,893100,09:11:15
8931,400,3572400,09:11:15
8930,100,893000,09:11:15
8930,500,4465000,09:11:15
8930,100,893000,09:11:15
8930,100,893000,09:11:15
8929,200,1785800,09:11:15
8929,1300,11607700,09:11:15
8928,1400,12499200,09:11:15
8927,1000,8927000,09:11:15
8926,1400,12496400,09:11:15
8925,2200,19635000,09:11:15
8924,200,1784800,09:11:15
8923,100,892300,09:11:15
8924,100,892400,09:11:14
8922,100,892200,09:11:14
8921,600,5352600,09:11:13
8923,100,892300,09:11:13
8922,100,892200,09:11:12
8924,100,892400,09:11:12
8922,100,892200,09:11:11
8923,400,3569200,09:11:11
8923,100,892300,09:11:11
8922,500,4461000,09:11:11
8921,600,5352600,09:11:11
8920,100,892000,09:11:11
8921,100,892100,09:11:10
8920,2000,17840000,09:11:10
8919,100,891900,09:11:09
8918,100,891800,09:11:09
8918,100,891800,09:11:09
8917,100,891700,09:11:09
8917,1000,8917000,09:11:09
8914,100,891400,09:11:08
8914,100,891400,09:11:08
8914,200,1782800,09:11:08
8917,100,891700,09:11:08
8916,200,1783200,09:11:07
8915,100,891500,09:11:07
8915,300,2674500,09:11:06
8915,400,3566000,09:11:04
8916,100,891600,09:11:04
8919,100,891900,09:11:04
8918,100,891800,09:11:03
8915,200,1783000,09:11:01
8916,200,1783200,09:11:01
8918,200,1783600,09:11:00
8917,100,891700,09:10:59
8918,500,4459000,09:10:59
8916,100,891600,09:10:59
8916,100,891600,09:10:59
8918,100,891800,09:10:58
8916,200,1783200,09:10:57
8916,100,891600,09:10:57
8916,100,891600,09:10:57
8915,100,891500,09:10:57
8914,700,6239800,09:10:57
8911,100,891100,09:10:56
8912,100,891200,09:10:56
8914,100,891400,09:10:56
8913,100,891300,09:10:56
8913,100,891300,09:10:55
8912,100,891200,09:10:55
8912,100,891200,09:10:55
8911,200,1782200,09:10:54
8911,100,891100,09:10:54
8912,100,891200,09:10:53
8913,100,891300,09:10:52
8913,100,891300,09:10:52
8913,100,891300,09:10:52
8913,100,891300,09:10:52
8915,100,891500,09:10:51
8914,100,891400,09:10:50
8915,100,891500,09:10:50
8916,100,891600,09:10:50
8915,500,4457500,09:10:50
8916,300,2674800,09:10:50
8917,200,1783400,09:10:50
8919,200,1783800,09:10:48
8917,100,891700,09:10:48
8919,100,891900,09:10:47
8921,100,892100,09:10:46
8918,100,891800,09:10:46
8921,100,892100,09:10:45
8918,600,5350800,09:10:45
8919,400,3567600,09:10:45
8920,100,892000,09:10:45
8920,200,1784000,09:10:44
8919,100,891900,09:10:43
8922,100,892200,09:10:43
8921,100,892100,09:10:42
8921,100,892100,09:10:42
8920,200,1784000,09:10:42
8919,200,1783800,09:10:41
8921,200,1784200,09:10:40
8919,100,891900,09:10:40
8920,100,892000,09:10:40
8921,100,892100,09:10:39
8920,100,892000,09:10:39
8920,100,892000,09:10:38
8918,200,1783600,09:10:38
8919,200,1783800,09:10:38
8919,400,3567600,09:10:37
8920,100,892000,09:10:37
8922,100,892200,09:10:36
8921,100,892100,09:10:36
8919,100,891900,09:10:36
8918,100,891800,09:10:35
8920,300,2676000,09:10:35
8919,200,1783800,09:10:34
8916,200,1783200,09:10:34
8915,100,891500,09:10:33
8917,100,891700,09:10:33
8918,100,891800,09:10:32
8918,300,2675400,09:10:32
8919,200,1783800,09:10:32
8919,100,891900,09:10:32
8922,800,7137600,09:10:31
8921,200,1784200,09:10:31
8920,100,892000,09:10:31
8920,100,892000,09:10:30
8920,100,892000,09:10:30
8923,200,1784600,09:10:29
8920,100,892000,09:10:29
8920,100,892000,09:10:29
8922,100,892200,09:10:28
8919,100,891900,09:10:28
8920,100,892000,09:10:27
8920,100,892000,09:10:27
8920,100,892000,09:10:27
8918,100,891800,09:10:26
8919,1100,9810900,09:10:26
8920,500,4460000,09:10:26
8921,800,7136800,09:10:26
8924,100,892400,09:10:26
8924,200,1784800,09:10:26
8925,600,5355000,09:10:26
8927,100,892700,09:10:26
8926,200,1785200,09:10:26
8926,100,892600,09:10:26
8926,100,892600,09:10:26
8927,100,892700,09:10:25
8927,100,892700,09:10:25
8930,100,893000,09:10:25
8928,100,892800,09:10:25
8930,100,893000,09:10:24
8930,500,4465000,09:10:24
8928,100,892800,09:10:24
8931,100,893100,09:10:23
8929,100,892900,09:10:23
8931,200,1786200,09:10:22
8928,100,892800,09:10:21
8928,100,892800,09:10:21
8929,100,892900,09:10:20
8929,100,892900,09:10:20
8929,300,2678700,09:10:20
8929,100,892900,09:10:20
8929,100,892900,09:10:20
8930,1400,12502000,09:10:20
8931,100,893100,09:10:20
8931,200,1786200,09:10:20
8932,900,8038800,09:10:20
8932,100,893200,09:10:20
8933,100,893300,09:10:19
8933,900,8039700,09:10:18
8934,400,3573600,09:10:18
8935,100,893500,09:10:18
8935,100,893500,09:10:16
8935,300,2680500,09:10:16
8936,100,893600,09:10:16
8937,200,1787400,09:10:16
8936,200,1787200,09:10:15
8936,200,1787200,09:10:15
8936,200,1787200,09:10:15
8936,200,1787200,09:10:15
8936,200,1787200,09:10:15
8938,100,893800,09:10:14
8937,100,893700,09:10:14
8936,200,1787200,09:10:14
8936,100,893600,09:10:14
8937,100,893700,09:10:14
8939,200,1787800,09:10:14
8936,200,1787200,09:10:13
8937,100,893700,09:10:13
8936,200,1787200,09:10:12
8935,100,893500,09:10:12
8935,100,893500,09:10:12
8935,300,2680500,09:10:12
8935,300,2680500,09:10:12
8934,100,893400,09:10:12
8933,100,893300,09:10:12
8933,100,893300,09:10:12
8935,300,2680500,09:10:11
8935,1800,16083000,09:10:11
8934,600,5360400,09:10:11
8932,100,893200,09:10:11
8933,200,1786600,09:10:11
8933,100,893300,09:10:11
8933,100,893300,09:10:11
8933,100,893300,09:10:10
8931,400,3572400,09:10:08
8931,100,893100,09:10:08
8930,1100,9823000,09:10:08
8931,1200,10717200,09:10:08
8932,500,4466000,09:10:08
8934,200,1786800,09:10:08
8935,1000,8935000,09:10:06
8934,600,5360400,09:10:06
8931,100,893100,09:10:06
8933,500,4466500,09:10:06
8932,100,893200,09:10:05
8930,100,893000,09:10:05
8930,200,1786000,09:10:04
8932,100,893200,09:10:04
8933,100,893300,09:10:04
8934,100,893400,09:10:04
8934,200,1786800,09:10:04
8935,200,1787000,09:10:04
8935,100,893500,09:10:04
8936,100,893600,09:10:04
8936,100,893600,09:10:04
8935,100,893500,09:10:03
8938,100,893800,09:10:03
8938,200,1787600,09:10:03
8939,100,893900,09:10:02
8940,200,1788000,09:10:02
8940,100,894000,09:10:02
8939,100,893900,09:10:02
8939,100,893900,09:10:02
8939,100,893900,09:10:02
8939,100,893900,09:10:02
8939,100,893900,09:10:02
8939,100,893900,09:10:02
8939,100,893900,09:10:02
8939,100,893900,09:10:02
8939,100,893900,09:10:02
8939,100,893900,09:10:02
8939,600,5363400,09:10:02
8938,400,3575200,09:10:02
8938,2200,19663600,09:10:02
8937,1200,10724400,09:10:02
8936,1400,12510400,09:10:02
8935,1200,10722000,09:10:02
8934,300,2680200,09:10:02
8933,500,4466500,09:10:02
8933,100,893300,09:10:02
8933,100,893300,09:10:01
8930,200,1786000,09:10:01
8932,100,893200,09:10:01
8933,300,2679900,09:10:01
8932,700,6252400,09:10:01
8931,100,893100,09:10:01
8931,500,4465500,09:10:01
8929,1400,12500600,09:10:01
8930,18900,168777000,09:10:01
8930,100,893000,09:10:01
8930,300,2679000,09:10:01
8930,800,7144000,09:10:01
8930,3900,34827000,09:10:01
8929,9800,87504200,09:10:01
8929,100,892900,09:10:00
8929,200,1785800,09:10:00
8928,100,892800,09:10:00
8928,100,892800,09:10:00
8925,200,1785000,09:09:59
8926,600,5355600,09:09:59
8929,100,892900,09:09:58
8929,200,1785800,09:09:58
8928,300,2678400,09:09:58
8926,300,2677800,09:09:58
8927,100,892700,09:09:58
8929,500,4464500,09:09:57
8929,100,892900,09:09:57
8929,1000,8929000,09:09:57
8926,100,892600,09:09:57
8928,1500,13392000,09:09:56
8927,100,892700,09:09:56
8926,100,892600,09:09:56
8928,100,892800,09:09:56
8927,100,892700,09:09:55
8927,100,892700,09:09:55
8926,200,1785200,09:09:55
8923,100,892300,09:09:55
8924,100,892400,09:09:55
8924,300,2677200,09:09:55
8925,100,892500,09:09:55
8927,100,892700,09:09:54
8927,100,892700,09:09:54
8926,100,892600,09:09:54
8926,100,892600,09:09:53
8924,100,892400,09:09:53
8925,200,1785000,09:09:52
8925,100,892500,09:09:52
8925,100,892500,09:09:52
8925,100,892500,09:09:52
8924,100,892400,09:09:51
8923,100,892300,09:09:51
8924,100,892400,09:09:51
8921,100,892100,09:09:48
8925,100,892500,09:09:48
8922,100,892200,09:09:47
8924,100,892400,09:09:47
8921,100,892100,09:09:44
8922,100,892200,09:09:44
8923,400,3569200,09:09:44
8922,100,892200,09:09:43
8921,100,892100,09:09:42
8922,100,892200,09:09:42
8922,100,892200,09:09:42
8922,100,892200,09:09:42
8921,100,892100,09:09:42
8920,100,892000,09:09:40
8921,100,892100,09:09:40
8921,100,892100,09:09:39
8925,400,3570000,09:09:39
8924,200,1784800,09:09:39
8923,100,892300,09:09:39
8922,100,892200,09:09:39
8920,100,892000,09:09:38
8923,100,892300,09:09:37
8922,300,2676600,09:09:37
8921,500,4460500,09:09:37
8920,100,892000,09:09:37
8916,100,891600,09:09:37
8918,200,1783600,09:09:37
8919,100,891900,09:09:36
8920,100,892000,09:09:36
8920,100,892000,09:09:36
8920,100,892000,09:09:36
8921,100,892100,09:09:36
8921,200,1784200,09:09:36
8921,100,892100,09:09:36
8924,100,892400,09:09:34
8924,100,892400,09:09:34
8922,100,892200,09:09:34
8922,200,1784400,09:09:32
8922,100,892200,09:09:32
8923,100,892300,09:09:32
8922,200,1784400,09:09:32
8924,100,892400,09:09:31
8924,400,3569600,09:09:29
8925,200,1785000,09:09:29
8924,100,892400,09:09:29
8924,100,892400,09:09:29
8924,300,2677200,09:09:28
8923,100,892300,09:09:28
8922,300,2676600,09:09:28
8921,200,1784200,09:09:28
8922,200,1784400,09:09:28
8923,100,892300,09:09:28
8926,100,892600,09:09:28
8926,1500,13389000,09:09:27
8926,100,892600,09:09:27
8926,200,1785200,09:09:27
8924,100,892400,09:09:27
8926,200,1785200,09:09:26
8925,400,3570000,09:09:26
8925,100,892500,09:09:26
8924,100,892400,09:09:26
8925,4300,38377500,09:09:26
8924,200,1784800,09:09:26
8924,1400,12493600,09:09:26
8923,2300,20522900,09:09:26
8922,1000,8922000,09:09:26
8921,300,2676300,09:09:26
8920,200,1784000,09:09:26
8919,100,891900,09:09:26
8918,100,891800,09:09:26
8918,100,891800,09:09:26
8919,200,1783800,09:09:26
8918,300,2675400,09:09:26
8918,100,891800,09:09:26
8919,100,891900,09:09:26
8922,200,1784400,09:09:26
8919,100,891900,09:09:26
8920,100,892000,09:09:26
8922,100,892200,09:09:25
8922,1500,13383000,09:09:25
8921,200,1784200,09:09:25
8920,1100,9812000,09:09:25
8920,300,2676000,09:09:25
8920,3100,27652000,09:09:25
8920,200,1784000,09:09:25
8920,200,1784000,09:09:25
8920,200,1784000,09:09:25
8920,200,1784000,09:09:25
8920,1500,13380000,09:09:25
8920,200,1784000,09:09:25
8920,3200,28544000,09:09:25
8920,400,3568000,09:09:25
8920,300,2676000,09:09:25
8919,1600,14270400,09:09:25
8916,100,891600,09:09:25
8918,600,5350800,09:09:24
8918,100,891800,09:09:24
8918,200,1783600,09:09:21
8918,200,1783600,09:09:21
8918,100,891800,09:09:20
8918,100,891800,09:09:18
8918,200,1783600,09:09:17
8916,100,891600,09:09:17
8917,100,891700,09:09:17
8917,300,2675100,09:09:17
8917,100,891700,09:09:17
8917,300,2675100,09:09:17
8917,100,891700,09:09:16
8917,100,891700,09:09:16
8916,1400,12482400,09:09:16
8916,400,3566400,09:09:16
8915,5400,48141000,09:09:16
8915,200,1783000,09:09:16
8915,100,891500,09:09:16
8915,100,891500,09:09:16
8915,100,891500,09:09:16
8914,300,2674200,09:09:16
8914,100,891400,09:09:16
8913,100,891300,09:09:16
8912,100,891200,09:09:15
8912,100,891200,09:09:15
8912,100,891200,09:09:15
8911,400,3564400,09:09:15
8911,100,891100,09:09:15
8911,100,891100,09:09:14
8911,100,891100,09:09:12
8911,100,891100,09:09:12
8913,100,891300,09:09:10
8913,600,5347800,09:09:10
8912,400,3564800,09:09:10
8912,200,1782400,09:09:10
8910,100,891000,09:09:10
8912,100,891200,09:09:09
8911,200,1782200,09:09:09
8910,100,891000,09:09:09
8909,100,890900,09:09:09
8910,100,891000,09:09:09
8911,200,1782200,09:09:08
8910,100,891000,09:09:06
8910,400,3564000,09:09:05
8911,100,891100,09:09:05
8910,100,891000,09:09:05
8908,100,890800,09:09:04
8907,100,890700,09:09:03
8910,100,891000,09:09:03
8908,100,890800,09:09:03
8911,100,891100,09:09:02
8910,200,1782000,09:09:02
8909,100,890900,09:09:02
8908,100,890800,09:09:02
8906,100,890600,09:09:02
8907,100,890700,09:09:01
8907,200,1781400,09:09:01
8905,200,1781000,09:09:01
8908,100,890800,09:09:01
8907,100,890700,09:09:01
8907,200,1781400,09:09:01
8907,500,4453500,09:09:01
8908,300,2672400,09:09:01
8911,500,4455500,09:09:01
8911,200,1782200,09:09:01
8910,3300,29403000,09:09:01
8910,500,4455000,09:09:01
8910,200,1782000,09:09:01
8910,2300,20493000,09:09:01
8909,900,8018100,09:09:01
8909,100,890900,09:09:01
8909,200,1781800,09:09:01
8909,100,890900,09:09:01
8908,600,5344800,09:09:01
8908,400,3563200,09:09:01
8908,300,2672400,09:09:01
8907,1100,9797700,09:09:01
8906,900,8015400,09:09:01
8905,900,8014500,09:09:01
8904,700,6232800,09:09:01
8903,600,5341800,09:09:01
8902,100,890200,09:09:01
8902,100,890200,09:09:01
8902,300,2670600,09:08:58
8903,100,890300,09:08:58
8902,300,2670600,09:08:58
8901,200,1780200,09:08:57
8901,100,890100,09:08:56
8902,100,890200,09:08:55
8901,400,3560400,09:08:55
8902,200,1780400,09:08:53
8903,100,890300,09:08:52
8903,100,890300,09:08:52
8902,100,890200,09:08:51
8904,100,890400,09:08:49
8904,100,890400,09:08:49
8904,100,890400,09:08:49
8904,100,890400,09:08:49
8904,100,890400,09:08:49
8903,300,2670900,09:08:49
8902,400,3560800,09:08:49
8900,200,1780000,09:08:49
8900,200,1780000,09:08:49
8901,200,1780200,09:08:49
8900,100,890000,09:08:48
8901,100,890100,09:08:45
8901,100,890100,09:08:45
8901,100,890100,09:08:44
8902,100,890200,09:08:43
8902,100,890200,09:08:43
8904,100,890400,09:08:42
8901,200,1780200,09:08:42
8902,300,2670600,09:08:42
8903,400,3561200,09:08:42
8903,100,890300,09:08:42
8904,300,2671200,09:08:42
8905,200,1781000,09:08:41
8908,100,890800,09:08:41
8906,100,890600,09:08:41
8905,100,890500,09:08:40
8904,100,890400,09:08:39
8904,100,890400,09:08:38
8900,100,890000,09:08:38
8902,200,1780400,09:08:37
8905,100,890500,09:08:37
8904,200,1780800,09:08:37
8902,200,1780400,09:08:37
8906,200,1781200,09:08:37
8907,100,890700,09:08:37
8902,100,890200,09:08:37
8903,400,3561200,09:08:37
8904,600,5342400,09:08:37
8905,200,1781000,09:08:37
8908,100,890800,09:08:37
8907,200,1781400,09:08:37
8906,600,5343600,09:08:37
8905,1300,11576500,09:08:37
8904,400,3561600,09:08:37
8904,100,890400,09:08:37
8904,200,1780800,09:08:37
8904,100,890400,09:08:37
8901,100,890100,09:08:37
8900,100,890000,09:08:37
8901,100,890100,09:08:36
8901,100,890100,09:08:36
8902,300,2670600,09:08:36
8901,100,890100,09:08:36
8900,100,890000,09:08:36
8899,700,6229300,09:08:36
8898,100,889800,09:08:36
8898,400,3559200,09:08:36
8897,100,889700,09:08:36
8896,100,889600,09:08:36
8894,300,2668200,09:08:36
8893,100,889300,09:08:36
8894,100,889400,09:08:36
8895,100,889500,09:08:36
8895,100,889500,09:08:36
8895,100,889500,09:08:36
8895,100,889500,09:08:36
8895,100,889500,09:08:36
8897,100,889700,09:08:35
8899,100,889900,09:08:34
8898,200,1779600,09:08:34
8899,200,1779800,09:08:34
8900,200,1780000,09:08:34
8900,100,890000,09:08:34
8901,100,890100,09:08:34
8903,100,890300,09:08:32
8902,100,890200,09:08:32
8904,100,890400,09:08:31
8903,300,2670900,09:08:31
8903,100,890300,09:08:31
8902,200,1780400,09:08:30
8901,100,890100,09:08:29
8901,200,1780200,09:08:29
8900,1200,10680000,09:08:29
8900,2400,21360000,09:08:29
8899,300,2669700,09:08:29
8899,100,889900,09:08:29
8899,100,889900,09:08:28
8897,200,1779400,09:08:28
8898,100,889800,09:08:27
8897,1000,8897000,09:08:27
8896,200,1779200,09:08:27
8895,400,3558000,09:08:27
8892,400,3556800,09:08:26
8892,100,889200,09:08:26
8893,100,889300,09:08:25
8896,200,1779200,09:08:25
8894,100,889400,09:08:25
8895,200,1779000,09:08:25
8896,100,889600,09:08:24
8895,100,889500,09:08:23
8895,100,889500,09:08:23
8897,100,889700,09:08:23
8896,100,889600,09:08:22
8896,100,889600,09:08:22
8896,100,889600,09:08:22
8892,100,889200,09:08:21
8893,100,889300,09:08:20
8893,100,889300,09:08:19
8892,100,889200,09:08:19
8891,100,889100,09:08:19
8891,100,889100,09:08:19
8891,100,889100,09:08:19
8891,200,1778200,09:08:19
8891,200,1778200,09:08:19
8892,100,889200,09:08:19
8893,100,889300,09:08:19
8891,200,1778200,09:08:18
8892,300,2667600,09:08:18
8892,100,889200,09:08:18
8893,100,889300,09:08:18
8894,100,889400,09:08:17
8895,100,889500,09:08:17
8895,100,889500,09:08:17
8895,100,889500,09:08:17
8898,100,889800,09:08:17
8895,100,889500,09:08:16
8896,200,1779200,09:08:16
8900,100,890000,09:08:14
8899,400,3559600,09:08:14
8898,400,3559200,09:08:14
8898,100,889800,09:08:14
8897,200,1779400,09:08:14
8898,300,2669400,09:08:14
8897,100,889700,09:08:14
8895,100,889500,09:08:14
8894,100,889400,09:08:13
8894,300,2668200,09:08:11
8895,100,889500,09:08:11
8896,100,889600,09:08:11
8895,100,889500,09:08:11
8894,100,889400,09:08:11
8897,300,2669100,09:08:10
8894,100,889400,09:08:09
8898,100,889800,09:08:09
8897,200,1779400,09:08:09
8897,200,1779400,09:08:09
8895,300,2668500,09:08:08
8895,100,889500,09:08:08
8893,100,889300,09:08:07
8893,100,889300,09:08:06
8892,100,889200,09:08:06
8893,100,889300,09:08:06
8894,100,889400,09:08:06
8897,100,889700,09:08:05
8896,100,889600,09:08:05
8892,200,1778400,09:08:04
8893,400,3557200,09:08:04
8895,100,889500,09:08:03
8895,100,889500,09:08:03
8893,100,889300,09:08:03
8894,100,889400,09:08:02
8894,100,889400,09:08:02
8894,100,889400,09:08:02
8893,100,889300,09:08:02
8894,100,889400,09:08:02
8894,200,1778800,09:08:01
8894,100,889400,09:07:59
8893,100,889300,09:07:59
8893,100,889300,09:07:59
8894,200,1778800,09:07:57
8894,100,889400,09:07:57
8891,300,2667300,09:07:56
8892,100,889200,09:07:56
8894,100,889400,09:07:55
8891,100,889100,09:07:54
8888,100,888800,09:07:54
8887,100,888700,09:07:53
8887,100,888700,09:07:53
8891,100,889100,09:07:53
8887,100,888700,09:07:53
8887,200,1777400,09:07:52
8888,300,2666400,09:07:52
8889,100,888900,09:07:52
8890,100,889000,09:07:51
8889,300,2666700,09:07:51
8890,500,4445000,09:07:51
8891,200,1778200,09:07:51
8892,200,1778400,09:07:51
8893,100,889300,09:07:50
8893,100,889300,09:07:50
8894,100,889400,09:07:50
8894,100,889400,09:07:50
8896,100,889600,09:07:50
8894,100,889400,09:07:49
8894,100,889400,09:07:49
8896,100,889600,09:07:48
8894,100,889400,09:07:44
8891,100,889100,09:07:43
8891,100,889100,09:07:42
8892,100,889200,09:07:42
8891,100,889100,09:07:41
8895,100,889500,09:07:41
8894,200,1778800,09:07:41
8894,200,1778800,09:07:40
8890,600,5334000,09:07:40
8891,600,5334600,09:07:40
8894,500,4447000,09:07:40
8893,600,5335800,09:07:40
8892,800,7113600,09:07:40
8891,800,7112800,09:07:40
8890,500,4445000,09:07:40
8889,400,3555600,09:07:40
8887,100,888700,09:07:40
8888,200,1777600,09:07:40
8891,100,889100,09:07:40
8890,200,1778000,09:07:39
8893,200,1778600,09:07:39
8895,900,8005500,09:07:39
8896,600,5337600,09:07:39
8897,400,3558800,09:07:39
8897,400,3558800,09:07:39
8898,700,6228600,09:07:39
8899,300,2669700,09:07:39
8900,400,3560000,09:07:39
8902,100,890200,09:07:39
8903,100,890300,09:07:39
8903,200,1780600,09:07:39
8906,300,2671800,09:07:38
8905,100,890500,09:07:38
8902,100,890200,09:07:37
8906,100,890600,09:07:36
8905,100,890500,09:07:35
8903,100,890300,09:07:34
8902,100,890200,09:07:34
8899,200,1779800,09:07:34
8901,100,890100,09:07:33
8900,400,3560000,09:07:33
8902,100,890200,09:07:32
8901,100,890100,09:07:31
8900,700,6230000,09:07:31
8900,200,1780000,09:07:31
8902,200,1780400,09:07:30
8903,100,890300,09:07:30
8902,100,890200,09:07:30
8905,100,890500,09:07:30
8905,100,890500,09:07:30
8904,200,1780800,09:07:29
8904,100,890400,09:07:29
8903,600,5341800,09:07:29
8902,100,890200,09:07:29
8902,100,890200,09:07:29
8900,200,1780000,09:07:29
8900,200,1780000,09:07:26
8900,100,890000,09:07:26
8900,100,890000,09:07:26
8900,100,890000,09:07:26
8900,200,1780000,09:07:25
8900,100,890000,09:07:25
8901,200,1780200,09:07:25
8902,200,1780400,09:07:25
8902,100,890200,09:07:25
8903,100,890300,09:07:25
8904,100,890400,09:07:23
8903,100,890300,09:07:23
8904,100,890400,09:07:23
8905,100,890500,09:07:23
8906,200,1781200,09:07:23
8905,200,1781000,09:07:23
8907,200,1781400,09:07:22
8909,100,890900,09:07:21
8908,100,890800,09:07:21
8909,100,890900,09:07:21
8906,100,890600,09:07:20
8909,100,890900,09:07:20
8906,100,890600,09:07:20
8911,100,891100,09:07:20
8911,300,2673300,09:07:20
8910,100,891000,09:07:20
8910,100,891000,09:07:20
8910,100,891000,09:07:20
8909,100,890900,09:07:20
8908,100,890800,09:07:19
8909,100,890900,09:07:19
8909,100,890900,09:07:19
8907,100,890700,09:07:19
8909,100,890900,09:07:18
8909,300,2672700,09:07:18
8909,200,1781800,09:07:18
8908,100,890800,09:07:18
8908,100,890800,09:07:18
8909,100,890900,09:07:17
8910,200,1782000,09:07:17
8911,200,1782200,09:07:17
8911,100,891100,09:07:17
8911,100,891100,09:07:17
8911,100,891100,09:07:17
8910,100,891000,09:07:15
8911,100,891100,09:07:15
8912,100,891200,09:07:15
8913,100,891300,09:07:15
8912,300,2673600,09:07:15
8912,100,891200,09:07:15
8911,400,3564400,09:07:14
8909,100,890900,09:07:14
8911,300,2673300,09:07:14
8909,100,890900,09:07:13
8910,100,891000,09:07:13
8909,100,890900,09:07:13
8910,200,1782000,09:07:13
8910,100,891000,09:07:13
8911,100,891100,09:07:12
8910,100,891000,09:07:12
8910,200,1782000,09:07:12
8910,200,1782000,09:07:12
8909,800,7127200,09:07:11
8908,1400,12471200,09:07:11
8907,500,4453500,09:07:11
8906,100,890600,09:07:11
8905,200,1781000,09:07:11
8904,100,890400,09:07:11
8904,100,890400,09:07:11
8902,700,6231400,09:07:11
8902,300,2670600,09:07:11
8903,100,890300,09:07:10
8904,100,890400,09:07:09
8901,200,1780200,09:07:09
8903,200,1780600,09:07:09
8901,100,890100,09:07:09
8898,100,889800,09:07:08
8899,100,889900,09:07:08
8900,100,890000,09:07:08
8901,400,3560400,09:07:08
8901,100,890100,09:07:08
8902,100,890200,09:07:07
8902,100,890200,09:07:07
8903,100,890300,09:07:07
8904,100,890400,09:07:06
8905,100,890500,09:07:06
8905,100,890500,09:07:06
8905,400,3562000,09:07:06
8906,300,2671800,09:07:06
8907,100,890700,09:07:06
8910,100,891000,09:07:06
8909,100,890900,09:07:06
8909,200,1781800,09:07:06
8911,200,1782200,09:07:05
8909,100,890900,09:07:05
8911,300,2673300,09:07:04
8910,2000,17820000,09:07:04
8910,1700,15147000,09:07:04
8910,600,5346000,09:07:04
8909,100,890900,09:07:03
8908,100,890800,09:07:03
8909,100,890900,09:07:03
8909,100,890900,09:07:03
8909,200,1781800,09:07:02
8909,100,890900,09:07:02
8909,900,8018100,09:07:02
8908,600,5344800,09:07:02
8907,200,1781400,09:07:02
8904,100,890400,09:07:02
8907,100,890700,09:07:02
8903,400,3561200,09:07:01
8905,100,890500,09:07:01
8903,200,1780600,09:07:01
8904,100,890400,09:07:00
8907,500,4453500,09:07:00
8906,700,6234200,09:07:00
8905,400,3562000,09:07:00
8904,100,890400,09:07:00
8902,100,890200,09:07:00
8903,100,890300,09:07:00
8905,100,890500,09:06:59
8906,200,1781200,09:06:59
8905,1400,12467000,09:06:59
8904,200,1780800,09:06:59
8903,200,1780600,09:06:59
8901,100,890100,09:06:57
8904,100,890400,09:06:57
8901,100,890100,09:06:57
8901,300,2670300,09:06:57
8900,100,890000,09:06:57
8904,100,890400,09:06:57
8903,500,4451500,09:06:57
8902,200,1780400,09:06:57
8901,100,890100,09:06:57
8901,100,890100,09:06:56
8900,300,2670000,09:06:56
8901,200,1780200,09:06:56
8901,100,890100,09:06:55
8905,200,1781000,09:06:55
8904,100,890400,09:06:55
8904,100,890400,09:06:55
8904,100,890400,09:06:55
8904,100,890400,09:06:55
8904,1200,10684800,09:06:55
8903,300,2670900,09:06:55
8904,400,3561600,09:06:55
8903,1400,12464200,09:06:55
8902,1000,8902000,09:06:55
8901,500,4450500,09:06:55
8900,600,5340000,09:06:55
8896,100,889600,09:06:55
8897,300,2669100,09:06:55
8898,300,2669400,09:06:55
8899,100,889900,09:06:55
8900,100,890000,09:06:54
8900,200,1780000,09:06:54
8900,300,2670000,09:06:54
8901,100,890100,09:06:54
8901,200,1780200,09:06:54
8901,100,890100,09:06:54
8901,100,890100,09:06:54
8902,100,890200,09:06:53
8901,100,890100,09:06:52
8901,100,890100,09:06:51
8899,100,889900,09:06:51
8902,400,3560800,09:06:50
8901,400,3560400,09:06:50
8900,200,1780000,09:06:50
8897,100,889700,09:06:50
8903,100,890300,09:06:49
8903,100,890300,09:06:49
8902,700,6231400,09:06:49
8901,600,5340600,09:06:49
8901,300,2670300,09:06:49
8900,15000,133500000,09:06:49
8899,6700,59623300,09:06:49
8898,100,889800,09:06:49
8897,100,889700,09:06:49
8897,100,889700,09:06:49
8893,100,889300,09:06:49
8895,100,889500,09:06:49
8896,100,889600,09:06:49
8896,300,2668800,09:06:49
8896,200,1779200,09:06:49
8894,100,889400,09:06:48
8895,300,2668500,09:06:47
8895,100,889500,09:06:47
8895,100,889500,09:06:47
8893,100,889300,09:06:46
8893,100,889300,09:06:46
8892,100,889200,09:06:45
8892,100,889200,09:06:45
8893,100,889300,09:06:45
8893,100,889300,09:06:45
8895,100,889500,09:06:44
8895,100,889500,09:06:43
8895,200,1779000,09:06:42
8894,100,889400,09:06:42
8894,100,889400,09:06:42
8894,100,889400,09:06:41
8894,800,7115200,09:06:41
8893,1300,11560900,09:06:41
8893,100,889300,09:06:41
8892,100,889200,09:06:41
8891,3500,31118500,09:06:41
8890,200,1778000,09:06:41
8890,100,889000,09:06:41
8890,600,5334000,09:06:41
8889,100,888900,09:06:41
8888,700,6221600,09:06:41
8887,100,888700,09:06:41
8886,100,888600,09:06:41
8885,100,888500,09:06:40
8887,100,888700,09:06:39
8887,200,1777400,09:06:36
8888,200,1777600,09:06:36
8885,500,4442500,09:06:36
8883,100,888300,09:06:35
8886,100,888600,09:06:34
8888,100,888800,09:06:34
8887,900,7998300,09:06:34
8886,800,7108800,09:06:34
8885,1000,8885000,09:06:34
8882,100,888200,09:06:34
8880,300,2664000,09:06:31
8883,100,888300,09:06:30
8882,300,2664600,09:06:30
8881,200,1776200,09:06:30
8880,200,1776000,09:06:29
8880,200,1776000,09:06:29
8879,100,887900,09:06:29
8877,100,887700,09:06:28
8877,100,887700,09:06:26
8878,100,887800,09:06:26
8881,100,888100,09:06:23
8885,100,888500,09:06:23
8884,100,888400,09:06:23
8883,400,3553200,09:06:23
8882,100,888200,09:06:23
8880,100,888000,09:06:22
8881,100,888100,09:06:22
8881,100,888100,09:06:22
8879,100,887900,09:06:21
8880,100,888000,09:06:21
8883,100,888300,09:06:21
8882,100,888200,09:06:19
8882,100,888200,09:06:19
8885,100,888500,09:06:16
8884,100,888400,09:06:16
8885,100,888500,09:06:16
8885,100,888500,09:06:15
8885,400,3554000,09:06:12
8884,100,888400,09:06:12
8883,100,888300,09:06:12
8883,200,1776600,09:06:12
8881,1200,10657200,09:06:12
8880,500,4440000,09:06:12
8879,600,5327400,09:06:12
8878,400,3551200,09:06:12
8875,100,887500,09:06:12
8874,100,887400,09:06:12
8873,300,2661900,09:06:12
8874,100,887400,09:06:12
8874,100,887400,09:06:12
8875,100,887500,09:06:11
8879,200,1775800,09:06:11
8880,100,888000,09:06:10
8876,100,887600,09:06:10
8883,100,888300,09:06:10
8882,100,888200,09:06:10
8880,100,888000,09:06:10
8880,100,888000,09:06:10
8877,100,887700,09:06:10
8878,400,3551200,09:06:10
8880,200,1776000,09:06:10
8879,100,887900,09:06:09
8879,100,887900,09:06:09
8881,300,2664300,09:06:08
8880,100,888000,09:06:08
8880,100,888000,09:06:08
8881,100,888100,09:06:08
8881,100,888100,09:06:08
8875,100,887500,09:06:08
8876,1900,16864400,09:06:08
8877,1600,14203200,09:06:08
8878,1000,8878000,09:06:08
8879,1000,8879000,09:06:08
8880,700,6216000,09:06:08
8882,200,1776400,09:06:08
8883,100,888300,09:06:08
8883,100,888300,09:06:08
8884,100,888400,09:06:08
8885,100,888500,09:06:08
8886,300,2665800,09:06:08
8887,100,888700,09:06:07
8887,100,888700,09:06:06
8888,200,1777600,09:06:06
8888,200,1777600,09:06:06
8888,100,888800,09:06:05
8887,100,888700,09:06:05
8889,100,888900,09:06:04
8887,100,888700,09:06:04
8887,200,1777400,09:06:04
8887,300,2666100,09:06:04
8882,100,888200,09:06:04
8883,300,2664900,09:06:04
8884,600,5330400,09:06:04
8884,600,5330400,09:06:04
8886,100,888600,09:06:04
8887,200,1777400,09:06:04
8886,100,888600,09:06:03
8886,100,888600,09:06:03
8887,200,1777400,09:06:03
8887,100,888700,09:06:02
8887,100,888700,09:06:02
8887,200,1777400,09:06:02
8892,100,889200,09:06:01
8891,100,889100,09:06:01
8891,300,2667300,09:06:01
8890,1100,9779000,09:06:01
8889,100,888900,09:06:00
8888,4400,39107200,09:06:00
8885,100,888500,09:06:00
8885,100,888500,09:06:00
8887,300,2666100,09:06:00
8883,100,888300,09:05:59
8886,100,888600,09:05:59
8886,400,3554400,09:05:59
8885,700,6219500,09:05:59
8884,300,2665200,09:05:59
8883,200,1776600,09:05:59
8880,100,888000,09:05:58
8882,100,888200,09:05:57
8880,100,888000,09:05:57
8879,100,887900,09:05:57
8878,100,887800,09:05:57
8879,100,887900,09:05:56
8879,200,1775800,09:05:56
8880,100,888000,09:05:56
8884,100,888400,09:05:56
8884,100,888400,09:05:55
8883,400,3553200,09:05:55
8882,200,1776400,09:05:55
8881,300,2664300,09:05:55
8880,100,888000,09:05:55
8880,100,888000,09:05:54
8880,1100,9768000,09:05:54
8879,1300,11542700,09:05:54
8877,200,1775400,09:05:54
8876,100,887600,09:05:53
8876,100,887600,09:05:53
8875,1200,10650000,09:05:53
8874,300,2662200,09:05:53
8873,100,887300,09:05:53
8872,100,887200,09:05:53
8874,100,887400,09:05:51
8871,100,887100,09:05:51
8873,300,2661900,09:05:50
8872,700,6210400,09:05:50
8870,200,1774000,09:05:49
8867,400,3546800,09:05:47
8870,100,887000,09:05:46
8872,1400,12420800,09:05:46
8871,200,1774200,09:05:46
8869,100,886900,09:05:46
8868,200,1773600,09:05:46
8866,100,886600,09:05:45
8866,100,886600,09:05:45
8867,100,886700,09:05:45
8865,300,2659500,09:05:44
8867,200,1773400,09:05:44
8868,100,886800,09:05:42
8868,100,886800,09:05:42
8863,1000,8863000,09:05:42
8864,500,4432000,09:05:42
8865,600,5319000,09:05:42
8866,700,6206200,09:05:42
8867,200,1773400,09:05:42
8865,100,886500,09:05:37
8864,200,1772800,09:05:37
8866,100,886600,09:05:37
8866,100,886600,09:05:37
8868,200,1773600,09:05:37
8871,300,2661300,09:05:34
8872,200,1774400,09:05:34
8873,200,1774600,09:05:34
8874,300,2662200,09:05:34
8874,100,887400,09:05:34
8874,100,887400,09:05:34
8874,100,887400,09:05:33
8874,200,1774800,09:05:33
8875,100,887500,09:05:31
8874,300,2662200,09:05:31
8873,800,7098400,09:05:31
8872,100,887200,09:05:31
8871,200,1774200,09:05:31
8870,1700,15079000,09:05:31
8870,400,3548000,09:05:30
8869,500,4434500,09:05:30
8868,800,7094400,09:05:30
8867,200,1773400,09:05:30
8865,900,7978500,09:05:30
8864,1000,8864000,09:05:30
8862,100,886200,09:05:30
8860,2800,24808000,09:05:30
8858,900,7972200,09:05:30
8856,100,885600,09:05:29
8854,100,885400,09:05:29
8852,200,1770400,09:05:28
8853,100,885300,09:05:28
8854,100,885400,09:05:28
8853,300,2655900,09:05:28
8853,200,1770600,09:05:28
8851,200,1770200,09:05:28
8850,700,6195000,09:05:28
8850,400,3540000,09:05:28
8849,300,2654700,09:05:28
8848,100,884800,09:05:28
8848,200,1769600,09:05:28
8848,200,1769600,09:05:28
8848,200,1769600,09:05:28
8849,400,3539600,09:05:27
8848,100,884800,09:05:27
8848,100,884800,09:05:27
8848,100,884800,09:05:25
8849,200,1769800,09:05:25
8850,300,2655000,09:05:25
8851,100,885100,09:05:24
8853,100,885300,09:05:24
8853,100,885300,09:05:24
8852,200,1770400,09:05:24
8853,700,6197100,09:05:24
8853,400,3541200,09:05:24
8853,1700,15050100,09:05:24
8854,100,885400,09:05:24
8854,200,1770800,09:05:24
8854,100,885400,09:05:24
8854,300,2656200,09:05:24
8855,900,7969500,09:05:24
8855,100,885500,09:05:23
8854,100,885400,09:05:20
8858,100,885800,09:05:20
8858,200,1771600,09:05:19
8857,100,885700,09:05:19
8857,200,1771400,09:05:19
8856,200,1771200,09:05:19
8856,200,1771200,09:05:19
8853,100,885300,09:05:18
8853,100,885300,09:05:16
8855,200,1771000,09:05:16
8855,100,885500,09:05:16
8854,100,885400,09:05:15
8853,100,885300,09:05:15
8850,100,885000,09:05:13
8852,100,885200,09:05:12
8853,100,885300,09:05:11
8851,100,885100,09:05:10
8852,100,885200,09:05:09
8851,100,885100,09:05:09
8850,300,2655000,09:05:09
8849,400,3539600,09:05:09
8850,100,885000,09:05:09
8849,100,884900,09:05:04
8850,300,2655000,09:05:04
8849,200,1769800,09:05:04
8848,100,884800,09:05:04
8848,100,884800,09:05:03
8847,100,884700,09:05:03
8847,200,1769400,09:05:03
8846,300,2653800,09:05:03
8845,100,884500,09:05:02
8844,100,884400,09:05:02
8846,100,884600,09:05:01
8844,100,884400,09:05:01
8844,100,884400,09:05:00
8846,100,884600,09:04:59
8844,100,884400,09:04:56
8843,100,884300,09:04:55
8845,100,884500,09:04:54
8844,200,1768800,09:04:54
8844,100,884400,09:04:54
8840,100,884000,09:04:51
8841,600,5304600,09:04:51
8842,200,1768400,09:04:51
8842,100,884200,09:04:51
8842,100,884200,09:04:50
8844,100,884400,09:04:49
8845,200,1769000,09:04:49
8845,100,884500,09:04:49
8846,100,884600,09:04:49
8846,100,884600,09:04:48
8847,100,884700,09:04:47
8847,100,884700,09:04:45
8846,100,884600,09:04:44
8846,100,884600,09:04:43
8847,100,884700,09:04:43
8847,200,1769400,09:04:43
8846,500,4423000,09:04:43
8845,300,2653500,09:04:43
8844,100,884400,09:04:42
8843,100,884300,09:04:42
8843,100,884300,09:04:42
8841,100,884100,09:04:40
8841,300,2652300,09:04:40
8840,100,884000,09:04:40
8839,300,2651700,09:04:40
8838,100,883800,09:04:40
8838,100,883800,09:04:39
8837,300,2651100,09:04:39
8837,100,883700,09:04:39
8835,100,883500,09:04:37
8835,200,1767000,09:04:37
8834,100,883400,09:04:37
8833,600,5299800,09:04:37
8830,100,883000,09:04:37
8830,100,883000,09:04:36
8832,100,883200,09:04:36
8835,200,1767000,09:04:35
8833,300,2649900,09:04:35
8831,100,883100,09:04:35
8831,200,1766200,09:04:35
8831,200,1766200,09:04:35
8832,100,883200,09:04:35
8833,100,883300,09:04:34
8833,100,883300,09:04:34
8834,100,883400,09:04:34
8834,100,883400,09:04:34
8834,100,883400,09:04:33
8835,200,1767000,09:04:32
8835,200,1767000,09:04:32
8836,100,883600,09:04:30
8836,100,883600,09:04:30
8838,200,1767600,09:04:30
8838,100,883800,09:04:28
8838,100,883800,09:04:27
8838,100,883800,09:04:27
8838,100,883800,09:04:27
8838,100,883800,09:04:25
8838,100,883800,09:04:25
8839,100,883900,09:04:25
8840,400,3536000,09:04:25
8841,100,884100,09:04:25
8841,100,884100,09:04:23
8842,100,884200,09:04:23
8841,100,884100,09:04:22
8841,100,884100,09:04:22
8841,100,884100,09:04:21
8845,100,884500,09:04:20
8845,100,884500,09:04:20
8846,300,2653800,09:04:20
8846,100,884600,09:04:20
8846,100,884600,09:04:20
8847,200,1769400,09:04:19
8849,100,884900,09:04:18
8850,100,885000,09:04:18
8850,100,885000,09:04:18
8850,100,885000,09:04:16
8851,200,1770200,09:04:16
8854,100,885400,09:04:14
8850,100,885000,09:04:13
8851,100,885100,09:04:13
8854,100,885400,09:04:13
8852,100,885200,09:04:12
8857,100,885700,09:04:11
8858,200,1771600,09:04:11
8859,100,885900,09:04:11
8860,400,3544000,09:04:11
8861,100,886100,09:04:11
8862,100,886200,09:04:08
8863,100,886300,09:04:08
8863,100,886300,09:04:08
8859,200,1771800,09:04:08
8860,100,886000,09:04:08
8858,100,885800,09:04:07
8861,100,886100,09:04:07
8858,100,885800,09:04:07
8861,300,2658300,09:04:06
8862,700,6203400,09:04:06
8863,200,1772600,09:04:06
8869,400,3547600,09:04:05
8868,500,4434000,09:04:05
8867,300,2660100,09:04:05
8866,200,1773200,09:04:05
8864,100,886400,09:04:05
8863,100,886300,09:04:04
8861,200,1772200,09:04:04
8862,200,1772400,09:04:04
8862,100,886200,09:04:03
8861,100,886100,09:04:03
8859,100,885900,09:04:03
8861,100,886100,09:04:03
8861,100,886100,09:04:03
8862,100,886200,09:04:03
8863,100,886300,09:04:03
8864,100,886400,09:04:02
8863,100,886300,09:04:02
8865,300,2659500,09:04:01
8863,100,886300,09:04:01
8864,1300,11523200,09:04:01
8864,100,886400,09:04:01
8863,100,886300,09:04:01
8863,100,886300,09:04:01
8861,300,2658300,09:04:00
8860,500,4430000,09:04:00
8860,400,3544000,09:04:00
8859,700,6201300,09:04:00
8858,100,885800,09:04:00
8857,300,2657100,09:04:00
8856,100,885600,09:04:00
8855,400,3542000,09:04:00
8854,100,885400,09:04:00
8853,100,885300,09:04:00
8852,100,885200,09:04:00
8850,100,885000,09:04:00
8851,100,885100,09:04:00
8852,100,885200,09:04:00
8852,200,1770400,09:03:59
8851,100,885100,09:03:59
8850,600,5310000,09:03:59
8850,2700,23895000,09:03:59
8849,500,4424500,09:03:59
8847,100,884700,09:03:59
8846,200,1769200,09:03:59
8845,100,884500,09:03:59
8844,100,884400,09:03:59
8843,100,884300,09:03:59
8842,100,884200,09:03:59
8841,1200,10609200,09:03:59
8840,200,1768000,09:03:59
8837,100,883700,09:03:57
8839,200,1767800,09:03:56
8838,300,2651400,09:03:56
8839,200,1767800,09:03:55
8838,300,2651400,09:03:55
8837,300,2651100,09:03:55
8836,100,883600,09:03:55
8837,100,883700,09:03:54
8838,100,883800,09:03:54
8840,200,1768000,09:03:54
8838,200,1767600,09:03:53
8841,100,884100,09:03:52
8839,100,883900,09:03:52
8835,100,883500,09:03:49
8836,100,883600,09:03:49
8840,100,884000,09:03:49
8840,200,1768000,09:03:49
8841,100,884100,09:03:48
8837,200,1767400,09:03:48
8840,1100,9724000,09:03:47
8839,100,883900,09:03:47
8839,100,883900,09:03:47
8838,200,1767600,09:03:47
8837,100,883700,09:03:47
8837,100,883700,09:03:47
8837,100,883700,09:03:47
8837,100,883700,09:03:47
8836,600,5301600,09:03:47
8834,100,883400,09:03:47
8834,100,883400,09:03:47
8832,700,6182400,09:03:47
8832,100,883200,09:03:47
8832,100,883200,09:03:46
8833,200,1766600,09:03:45
8833,100,883300,09:03:45
8834,300,2650200,09:03:45
8833,300,2649900,09:03:45
8829,100,882900,09:03:45
8834,400,3533600,09:03:44
8830,700,6181000,09:03:42
8831,400,3532400,09:03:42
8832,500,4416000,09:03:42
8833,700,6183100,09:03:42
8834,200,1766800,09:03:42
8835,100,883500,09:03:42
8837,200,1767400,09:03:42
8837,300,2651100,09:03:41
8836,400,3534400,09:03:41
8835,200,1767000,09:03:41
8834,100,883400,09:03:41
8833,500,4416500,09:03:40
8832,200,1766400,09:03:40
8831,4500,39739500,09:03:40
8831,600,5298600,09:03:40
8831,100,883100,09:03:40
8830,1300,11479000,09:03:40
8829,700,6180300,09:03:40
8828,100,882800,09:03:40
8827,100,882700,09:03:40
8825,100,882500,09:03:40
8822,200,1764400,09:03:38
8825,100,882500,09:03:38
8825,100,882500,09:03:38
8822,100,882200,09:03:38
8822,100,882200,09:03:36
8823,100,882300,09:03:36
8824,100,882400,09:03:35
8820,100,882000,09:03:35
8821,400,3528400,09:03:35
8821,200,1764200,09:03:35
8821,100,882100,09:03:34
8819,100,881900,09:03:34
8820,100,882000,09:03:34
8821,200,1764200,09:03:34
8824,200,1764800,09:03:33
8824,100,882400,09:03:33
8821,100,882100,09:03:33
8823,200,1764600,09:03:32
8823,100,882300,09:03:32
8823,100,882300,09:03:32
8823,100,882300,09:03:32
8823,100,882300,09:03:32
8823,500,4411500,09:03:32
8820,100,882000,09:03:31
8819,100,881900,09:03:31
8820,100,882000,09:03:30
8820,500,4410000,09:03:30
8821,400,3528400,09:03:30
8822,200,1764400,09:03:30
8822,200,1764400,09:03:30
8823,100,882300,09:03:29
8824,100,882400,09:03:29
8824,200,1764800,09:03:29
8828,300,2648400,09:03:29
8828,300,2648400,09:03:29
8827,200,1765400,09:03:29
8826,200,1765200,09:03:29
8825,100,882500,09:03:28
8824,200,1764800,09:03:28
8824,100,882400,09:03:28
8824,100,882400,09:03:28
8824,100,882400,09:03:28
8823,100,882300,09:03:27
8822,100,882200,09:03:27
8822,100,882200,09:03:27
8823,200,1764600,09:03:27
8823,100,882300,09:03:26
8822,100,882200,09:03:26
8825,100,882500,09:03:25
8825,100,882500,09:03:25
8825,200,1765000,09:03:25
8827,100,882700,09:03:25
8826,100,882600,09:03:24
8827,100,882700,09:03:24
8830,200,1766000,09:03:22
8828,100,882800,09:03:21
8828,100,882800,09:03:21
8829,100,882900,09:03:20
8828,200,1765600,09:03:19
8830,300,2649000,09:03:19
8830,700,6181000,09:03:18
8830,400,3532000,09:03:18
8830,400,3532000,09:03:18
8830,400,3532000,09:03:18
8831,300,2649300,09:03:18
8834,300,2650200,09:03:18
8834,100,883400,09:03:18
8833,100,883300,09:03:18
8832,100,883200,09:03:17
8833,100,883300,09:03:17
8833,100,883300,09:03:17
8834,100,883400,09:03:17
8834,100,883400,09:03:17
8834,100,883400,09:03:17
8837,100,883700,09:03:14
8837,100,883700,09:03:14
8834,800,7067200,09:03:12
8833,400,3533200,09:03:12
8835,100,883500,09:03:10
8835,100,883500,09:03:10
8834,100,883400,09:03:10
8837,200,1767400,09:03:09
8837,300,2651100,09:03:08
8836,200,1767200,09:03:08
8833,100,883300,09:03:08
8833,100,883300,09:03:07
8834,400,3533600,09:03:07
8831,100,883100,09:03:07
8832,100,883200,09:03:07
8832,100,883200,09:03:06
8832,200,1766400,09:03:05
8832,100,883200,09:03:05
8833,200,1766600,09:03:05
8835,100,883500,09:03:05
8836,100,883600,09:03:04
8834,200,1766800,09:03:03
8836,300,2650800,09:03:02
8835,100,883500,09:03:01
8831,100,883100,09:03:01
8832,100,883200,09:03:01
8833,100,883300,09:03:00
8834,200,1766800,09:03:00
8835,300,2650500,09:03:00
8836,200,1767200,09:03:00
8836,100,883600,09:03:00
8837,200,1767400,09:02:58
8835,200,1767000,09:02:57
8835,100,883500,09:02:55
8836,100,883600,09:02:55
8836,100,883600,09:02:55
8838,100,883800,09:02:53
8840,500,4420000,09:02:52
8838,200,1767600,09:02:52
8838,200,1767600,09:02:52
8836,100,883600,09:02:52
8838,100,883800,09:02:52
8841,100,884100,09:02:51
8838,500,4419000,09:02:50
8839,200,1767800,09:02:50
8840,100,884000,09:02:50
8839,200,1767800,09:02:50
8840,300,2652000,09:02:50
8841,500,4420500,09:02:50
8842,100,884200,09:02:50
8845,100,884500,09:02:47
8847,100,884700,09:02:47
8842,100,884200,09:02:46
8846,200,1769200,09:02:45
8845,200,1769000,09:02:45
8842,100,884200,09:02:45
8842,100,884200,09:02:45
8843,100,884300,09:02:45
8844,100,884400,09:02:43
8843,100,884300,09:02:43
8843,100,884300,09:02:43
8842,200,1768400,09:02:43
8841,600,5304600,09:02:43
8840,100,884000,09:02:43
8839,100,883900,09:02:43
8838,100,883800,09:02:43
8835,100,883500,09:02:42
8837,100,883700,09:02:42
8839,200,1767800,09:02:42
8840,400,3536000,09:02:42
8840,200,1768000,09:02:41
8841,100,884100,09:02:37
8841,400,3536400,09:02:37
8843,400,3537200,09:02:35
8843,100,884300,09:02:35
8843,100,884300,09:02:35
8843,100,884300,09:02:35
8844,100,884400,09:02:35
8845,100,884500,09:02:35
8846,100,884600,09:02:35
8847,200,1769400,09:02:35
8847,200,1769400,09:02:35
8847,100,884700,09:02:34
8848,100,884800,09:02:34
8849,100,884900,09:02:34
8847,100,884700,09:02:32
8850,400,3540000,09:02:31
8852,100,885200,09:02:31
8855,100,885500,09:02:31
8856,100,885600,09:02:31
8857,300,2657100,09:02:31
8858,100,885800,09:02:30
8858,300,2657400,09:02:30
8857,100,885700,09:02:30
8856,1600,14169600,09:02:30
8856,400,3542400,09:02:30
8857,300,2657100,09:02:30
8855,300,2656500,09:02:29
8855,200,1771000,09:02:29
8854,200,1770800,09:02:29
8853,1100,9738300,09:02:29
8850,1300,11505000,09:02:28
8849,300,2654700,09:02:28
8848,400,3539200,09:02:28
8847,100,884700,09:02:26
8847,100,884700,09:02:25
8845,100,884500,09:02:25
8842,100,884200,09:02:25
8845,300,2653500,09:02:25
8844,200,1768800,09:02:25
8844,100,884400,09:02:25
8844,100,884400,09:02:25
8843,200,1768600,09:02:23
8845,100,884500,09:02:23
8843,500,4421500,09:02:23
8844,100,884400,09:02:23
8845,100,884500,09:02:23
8845,200,1769000,09:02:22
8844,500,4422000,09:02:22
8843,200,1768600,09:02:22
8843,100,884300,09:02:20
8844,200,1768800,09:02:20
8845,200,1769000,09:02:20
8846,300,2653800,09:02:20
8846,300,2653800,09:02:20
8846,100,884600,09:02:19
8848,100,884800,09:02:19
8849,200,1769800,09:02:19
8850,1300,11505000,09:02:19
8850,100,885000,09:02:19
8851,100,885100,09:02:19
8852,100,885200,09:02:19
8850,200,1770000,09:02:19
8850,500,4425000,09:02:18
8850,100,885000,09:02:18
8850,100,885000,09:02:18
8850,200,1770000,09:02:18
8850,500,4425000,09:02:18
8851,100,885100,09:02:18
8853,100,885300,09:02:17
8852,200,1770400,09:02:17
8854,500,4427000,09:02:17
8854,200,1770800,09:02:17
8855,300,2656500,09:02:17
8855,400,3542000,09:02:17
8855,100,885500,09:02:17
8855,100,885500,09:02:17
8856,200,1771200,09:02:17
8857,800,7085600,09:02:17
8858,1300,11515400,09:02:17
8859,900,7973100,09:02:17
8859,100,885900,09:02:17
8861,100,886100,09:02:16
8860,100,886000,09:02:16
8859,200,1771800,09:02:15
8860,100,886000,09:02:15
8859,100,885900,09:02:14
8861,100,886100,09:02:14
8858,200,1771600,09:02:13
8859,200,1771800,09:02:13
8860,100,886000,09:02:13
8860,100,886000,09:02:13
8861,200,1772200,09:02:12
8862,500,4431000,09:02:11
8863,400,3545200,09:02:11
8865,100,886500,09:02:11
8863,100,886300,09:02:11
8863,300,2658900,09:02:11
8859,300,2657700,09:02:10
8860,100,886000,09:02:10
8862,100,886200,09:02:10
8861,100,886100,09:02:10
8858,200,1771600,09:02:10
8856,100,885600,09:02:10
8854,100,885400,09:02:10
8852,500,4426000,09:02:10
8854,100,885400,09:02:10
8856,100,885600,09:02:09
8852,100,885200,09:02:09
8852,100,885200,09:02:09
8852,100,885200,09:02:09
8854,200,1770800,09:02:09
8853,200,1770600,09:02:08
8854,100,885400,09:02:08
8856,100,885600,09:02:08
8855,200,1771000,09:02:07
8856,300,2656800,09:02:07
8857,100,885700,09:02:06
8857,100,885700,09:02:06
8858,100,885800,09:02:06
8860,100,886000,09:02:06
8860,100,886000,09:02:06
8858,100,885800,09:02:06
8858,100,885800,09:02:06
8857,100,885700,09:02:06
8857,100,885700,09:02:06
8858,100,885800,09:02:06
8859,100,885900,09:02:06
8862,100,886200,09:02:05
8861,100,886100,09:02:05
8863,100,886300,09:02:05
8866,100,886600,09:02:04
8863,100,886300,09:02:03
8866,200,1773200,09:02:03
8866,100,886600,09:02:03
8865,100,886500,09:02:03
8862,100,886200,09:02:02
8864,100,886400,09:02:02
8867,100,886700,09:02:02
8866,400,3546400,09:02:02
8864,100,886400,09:02:02
8865,400,3546000,09:02:02
8866,300,2659800,09:02:02
8867,700,6206900,09:02:02
8871,100,887100,09:02:01
8868,100,886800,09:02:01
8868,100,886800,09:02:01
8869,100,886900,09:02:01
8870,100,887000,09:02:01
8870,300,2661000,09:02:01
8875,100,887500,09:02:00
8876,100,887600,09:02:00
8880,100,888000,09:01:59
8888,200,1777600,09:01:59
8887,500,4443500,09:01:59
8886,500,4443000,09:01:59
8885,100,888500,09:01:59
8883,200,1776600,09:01:59
8886,100,888600,09:01:59
8887,300,2666100,09:01:59
8887,700,6220900,09:01:59
8886,300,2665800,09:01:59
8885,300,2665500,09:01:59
8884,1100,9772400,09:01:59
8883,400,3553200,09:01:59
8882,400,3552800,09:01:59
8882,100,888200,09:01:59
8884,100,888400,09:01:59
8884,100,888400,09:01:59
8884,100,888400,09:01:59
8885,300,2665500,09:01:59
8886,300,2665800,09:01:59
8886,100,888600,09:01:59
8890,100,889000,09:01:59
8888,100,888800,09:01:59
8888,100,888800,09:01:59
8891,100,889100,09:01:59
8886,400,3554400,09:01:59
8887,1400,12441800,09:01:59
8888,3500,31108000,09:01:59
8889,500,4444500,09:01:59
8890,200,1778000,09:01:59
8891,200,1778200,09:01:59
8892,200,1778400,09:01:59
8893,100,889300,09:01:58
8893,100,889300,09:01:57
8895,100,889500,09:01:57
8898,100,889800,09:01:57
8897,300,2669100,09:01:57
8897,100,889700,09:01:57
8897,100,889700,09:01:57
8896,300,2668800,09:01:57
8895,100,889500,09:01:57
8895,100,889500,09:01:57
8893,100,889300,09:01:57
8894,200,1778800,09:01:57
8895,100,889500,09:01:57
8895,200,1779000,09:01:57
8896,100,889600,09:01:57
8896,100,889600,09:01:56
8895,100,889500,09:01:56
8895,300,2668500,09:01:56
8896,200,1779200,09:01:56
8897,100,889700,09:01:56
8899,100,889900,09:01:56
8901,100,890100,09:01:56
8900,400,3560000,09:01:55
8902,200,1780400,09:01:55
8901,200,1780200,09:01:55
8898,100,889800,09:01:55
8895,400,3558000,09:01:55
8896,500,4448000,09:01:55
8897,500,4448500,09:01:55
8898,300,2669400,09:01:55
8898,100,889800,09:01:55
8899,100,889900,09:01:54
8900,300,2670000,09:01:54
8902,300,2670600,09:01:53
8901,200,1780200,09:01:53
8900,700,6230000,09:01:53
8899,100,889900,09:01:53
8899,100,889900,09:01:52
8897,600,5338200,09:01:52
8896,100,889600,09:01:52
8896,100,889600,09:01:52
8895,100,889500,09:01:52
8893,100,889300,09:01:52
8895,100,889500,09:01:52
8895,100,889500,09:01:52
8895,100,889500,09:01:52
8898,100,889800,09:01:52
8895,400,3558000,09:01:52
8897,5500,48933500,09:01:52
8898,100,889800,09:01:52
8900,100,890000,09:01:52
8904,100,890400,09:01:50
8898,100,889800,09:01:50
8900,100,890000,09:01:50
8900,100,890000,09:01:50
8900,200,1780000,09:01:49
8901,100,890100,09:01:49
8902,100,890200,09:01:49
8901,3500,31153500,09:01:49
8899,100,889900,09:01:49
8898,500,4449000,09:01:49
8900,100,890000,09:01:49
8901,100,890100,09:01:48
8899,100,889900,09:01:48
8898,500,4449000,09:01:48
8899,100,889900,09:01:48
8901,100,890100,09:01:48
8901,200,1780200,09:01:48
8901,100,890100,09:01:48
8905,100,890500,09:01:48
8902,100,890200,09:01:48
8902,100,890200,09:01:48
8901,200,1780200,09:01:48
8901,1100,9791100,09:01:48
8902,100,890200,09:01:48
8906,200,1781200,09:01:47
8905,100,890500,09:01:47
8905,100,890500,09:01:46
8904,100,890400,09:01:46
8904,600,5342400,09:01:46
8902,100,890200,09:01:46
8901,200,1780200,09:01:46
8901,500,4450500,09:01:46
8900,200,1780000,09:01:46
8896,100,889600,09:01:46
8896,100,889600,09:01:46
8900,200,1780000,09:01:45
8898,100,889800,09:01:45
8902,100,890200,09:01:45
8901,200,1780200,09:01:45
8901,100,890100,09:01:45
8897,1000,8897000,09:01:45
8897,100,889700,09:01:45
8900,200,1780000,09:01:45
8899,100,889900,09:01:45
8897,100,889700,09:01:44
8901,100,890100,09:01:43
8901,400,3560400,09:01:43
8899,100,889900,09:01:43
8899,100,889900,09:01:43
8899,200,1779800,09:01:43
8901,700,6230700,09:01:43
8897,100,889700,09:01:42
8899,100,889900,09:01:42
8902,100,890200,09:01:42
8901,200,1780200,09:01:42
8903,100,890300,09:01:42
8903,100,890300,09:01:41
8903,300,2670900,09:01:40
8902,100,890200,09:01:40
8903,100,890300,09:01:40
8905,600,5343000,09:01:40
8905,600,5343000,09:01:40
8904,100,890400,09:01:40
8903,100,890300,09:01:40
8905,100,890500,09:01:40
8907,100,890700,09:01:39
8907,600,5344200,09:01:39
8906,300,2671800,09:01:38
8906,100,890600,09:01:38
8903,100,890300,09:01:38
8904,200,1780800,09:01:38
8903,100,890300,09:01:38
8902,400,3560800,09:01:37
8897,100,889700,09:01:36
8896,200,1779200,09:01:36
8896,300,2668800,09:01:36
8897,100,889700,09:01:36
8899,200,1779800,09:01:36
8903,400,3561200,09:01:36
8902,300,2670600,09:01:36
8900,100,890000,09:01:35
8901,100,890100,09:01:35
8901,100,890100,09:01:35
8902,100,890200,09:01:35
8902,100,890200,09:01:35
8903,100,890300,09:01:35
8908,100,890800,09:01:35
8905,100,890500,09:01:34
8904,100,890400,09:01:34
8909,100,890900,09:01:34
8909,200,1781800,09:01:34
8908,300,2672400,09:01:34
8907,200,1781400,09:01:34
8901,100,890100,09:01:34
8902,200,1780400,09:01:34
8905,100,890500,09:01:34
8909,200,1781800,09:01:34
8909,500,4454500,09:01:34
8908,500,4454000,09:01:34
8907,200,1781400,09:01:34
8906,500,4453000,09:01:34
8905,500,4452500,09:01:34
8904,200,1780800,09:01:34
8903,200,1780600,09:01:34
8904,300,2671200,09:01:34
8908,100,890800,09:01:34
8907,100,890700,09:01:34
8906,100,890600,09:01:34
8909,500,4454500,09:01:34
8908,300,2672400,09:01:34
8909,200,1781800,09:01:34
8908,900,8017200,09:01:34
8907,500,4453500,09:01:34
8906,700,6234200,09:01:34
8905,1500,13357500,09:01:34
8903,200,1780600,09:01:34
8902,800,7121600,09:01:34
8897,100,889700,09:01:34
8902,100,890200,09:01:34
8901,200,1780200,09:01:34
8899,800,7119200,09:01:34
8900,15400,137060000,09:01:34
8900,500,4450000,09:01:34
8900,900,8010000,09:01:34
8899,2900,25807100,09:01:34
8898,900,8008200,09:01:34
8898,900,8008200,09:01:34
8897,2600,23132200,09:01:34
8896,300,2668800,09:01:34
8892,100,889200,09:01:33
8896,100,889600,09:01:33
8895,100,889500,09:01:33
8894,200,1778800,09:01:33
8891,100,889100,09:01:32
8891,100,889100,09:01:32
8892,100,889200,09:01:31
8892,100,889200,09:01:31
8894,200,1778800,09:01:31
8897,400,3558800,09:01:30
8895,100,889500,09:01:30
8893,100,889300,09:01:30
8893,100,889300,09:01:30
8896,1000,8896000,09:01:30
8895,2700,24016500,09:01:30
8894,200,1778800,09:01:30
8894,100,889400,09:01:30
8893,100,889300,09:01:30
8892,100,889200,09:01:30
8891,100,889100,09:01:30
8890,400,3556000,09:01:30
8889,900,8000100,09:01:30
8889,100,888900,09:01:30
8889,400,3555600,09:01:30
8888,900,7999200,09:01:30
8887,500,4443500,09:01:30
8886,200,1777200,09:01:30
8889,600,5333400,09:01:29
8889,500,4444500,09:01:29
8889,500,4444500,09:01:29
8889,100,888900,09:01:29
8890,100,889000,09:01:29
8891,100,889100,09:01:29
8894,400,3557600,09:01:28
8892,200,1778400,09:01:28
8888,400,3555200,09:01:28
8888,100,888800,09:01:28
8889,100,888900,09:01:28
8891,100,889100,09:01:27
8894,300,2668200,09:01:27
8894,100,889400,09:01:27
8891,100,889100,09:01:25
8894,200,1778800,09:01:25
8893,100,889300,09:01:25
8892,500,4446000,09:01:25
8892,200,1778400,09:01:25
8892,100,889200,09:01:25
8886,100,888600,09:01:25
8890,1100,9779000,09:01:25
8890,800,7112000,09:01:25
8889,100,888900,09:01:25
8884,100,888400,09:01:25
8885,300,2665500,09:01:25
8886,100,888600,09:01:25
8886,100,888600,09:01:25
8889,400,3555600,09:01:24
8888,4100,36440800,09:01:24
8886,100,888600,09:01:24
8885,200,1777000,09:01:24
8882,100,888200,09:01:24
8888,500,4444000,09:01:24
8887,200,1777400,09:01:24
8888,1500,13332000,09:01:23
8887,900,7998300,09:01:23
8886,500,4443000,09:01:23
8885,600,5331000,09:01:23
8884,200,1776800,09:01:23
8885,500,4442500,09:01:23
8885,400,3554000,09:01:23
8884,100,888400,09:01:23
8883,400,3553200,09:01:23
8882,600,5329200,09:01:23
8881,200,1776200,09:01:23
8880,900,7992000,09:01:23
8880,3800,33744000,09:01:23
8880,200,1776000,09:01:23
8879,100,887900,09:01:23
8878,300,2663400,09:01:23
8878,100,887800,09:01:23
8878,100,887800,09:01:23
8878,200,1775600,09:01:23
8878,100,887800,09:01:23
8877,1200,10652400,09:01:23
8877,200,1775400,09:01:23
8876,700,6213200,09:01:23
8875,500,4437500,09:01:23
8874,300,2662200,09:01:23
8868,400,3547200,09:01:22
8869,400,3547600,09:01:22
8869,600,5321400,09:01:22
8870,300,2661000,09:01:22
8871,100,887100,09:01:22
8871,100,887100,09:01:22
8871,100,887100,09:01:22
8872,100,887200,09:01:22
8873,100,887300,09:01:22
8872,200,1774400,09:01:21
8872,100,887200,09:01:21
8870,100,887000,09:01:20
8874,100,887400,09:01:18
8873,100,887300,09:01:18
8873,100,887300,09:01:18
8872,200,1774400,09:01:18
8871,100,887100,09:01:18
8869,500,4434500,09:01:18
8868,200,1773600,09:01:18
8869,500,4434500,09:01:18
8870,500,4435000,09:01:18
8871,600,5322600,09:01:18
8871,100,887100,09:01:17
8870,100,887000,09:01:16
8874,300,2662200,09:01:16
8869,100,886900,09:01:16
8870,100,887000,09:01:16
8872,100,887200,09:01:16
8871,200,1774200,09:01:16
8870,900,7983000,09:01:16
8869,100,886900,09:01:16
8868,100,886800,09:01:16
8864,100,886400,09:01:15
8867,100,886700,09:01:14
8868,600,5320800,09:01:14
8867,200,1773400,09:01:14
8866,200,1773200,09:01:14
8865,100,886500,09:01:14
8861,200,1772200,09:01:14
8863,100,886300,09:01:14
8864,200,1772800,09:01:14
8860,100,886000,09:01:14
8863,100,886300,09:01:14
8862,100,886200,09:01:14
8860,400,3544000,09:01:14
8860,500,4430000,09:01:14
8859,900,7973100,09:01:14
8858,400,3543200,09:01:14
8857,200,1771400,09:01:14
8856,100,885600,09:01:14
8855,100,885500,09:01:14
8856,500,4428000,09:01:14
8856,1400,12398400,09:01:14
8858,200,1771600,09:01:14
8857,100,885700,09:01:13
8856,200,1771200,09:01:13
8857,200,1771400,09:01:13
8858,100,885800,09:01:13
8858,100,885800,09:01:12
8858,100,885800,09:01:10
8858,100,885800,09:01:10
8860,300,2658000,09:01:10
8860,100,886000,09:01:10
8864,100,886400,09:01:10
8862,300,2658600,09:01:10
8865,100,886500,09:01:09
8865,800,7092000,09:01:09
8864,100,886400,09:01:09
8863,600,5317800,09:01:09
8862,100,886200,09:01:09
8861,100,886100,09:01:09
8859,100,885900,09:01:08
8863,100,886300,09:01:07
8860,300,2658000,09:01:07
8859,500,4429500,09:01:07
8859,100,885900,09:01:06
8860,100,886000,09:01:06
8860,400,3544000,09:01:06
8861,100,886100,09:01:06
8857,100,885700,09:01:06
8858,200,1771600,09:01:06
8859,200,1771800,09:01:06
8860,300,2658000,09:01:06
8861,300,2658300,09:01:06
8863,100,886300,09:01:06
8864,1200,10636800,09:01:06
8867,100,886700,09:01:06
8866,100,886600,09:01:06
8867,200,1773400,09:01:06
8868,200,1773600,09:01:06
8866,100,886600,09:01:05
8867,400,3546800,09:01:05
8868,400,3547200,09:01:05
8869,100,886900,09:01:05
8870,100,887000,09:01:04
8871,100,887100,09:01:04
8870,300,2661000,09:01:04
8869,300,2660700,09:01:04
8868,100,886800,09:01:04
8866,100,886600,09:01:04
8869,100,886900,09:01:04
8870,100,887000,09:01:04
8873,100,887300,09:01:04
8873,100,887300,09:01:04
8870,1700,15079000,09:01:04
8869,100,886900,09:01:04
8868,1100,9754800,09:01:04
8866,100,886600,09:01:04
8867,100,886700,09:01:03
8864,100,886400,09:01:03
8863,100,886300,09:01:02
8864,100,886400,09:01:02
8868,100,886800,09:01:02
8867,500,4433500,09:01:02
8866,200,1773200,09:01:02
8867,400,3546800,09:01:01
8864,100,886400,09:01:01
8863,1600,14180800,09:01:01
8862,600,5317200,09:01:01
8861,200,1772200,09:01:01
8861,200,1772200,09:01:01
8859,100,885900,09:01:01
8860,200,1772000,09:01:01
8859,200,1771800,09:01:01
8855,100,885500,09:01:00
8859,100,885900,09:01:00
8859,100,885900,09:01:00
8856,300,2656800,09:00:58
8857,100,885700,09:00:58
8860,100,886000,09:00:57
8861,300,2658300,09:00:55
8861,100,886100,09:00:55
8860,200,1772000,09:00:55
8859,100,885900,09:00:55
8861,300,2658300,09:00:54
8861,100,886100,09:00:53
8861,100,886100,09:00:53
8860,100,886000,09:00:53
8860,100,886000,09:00:53
8861,500,4430500,09:00:52
8859,200,1771800,09:00:52
8860,200,1772000,09:00:52
8861,400,3544400,09:00:51
8862,100,886200,09:00:51
8863,100,886300,09:00:51
8862,200,1772400,09:00:51
8863,200,1772600,09:00:51
8868,100,886800,09:00:51
8867,200,1773400,09:00:51
8863,400,3545200,09:00:49
8862,100,886200,09:00:47
8863,300,2658900,09:00:47
8868,500,4434000,09:00:47
8863,100,886300,09:00:47
8868,100,886800,09:00:46
8867,200,1773400,09:00:46
8868,300,2660400,09:00:46
8867,200,1773400,09:00:46
8865,100,886500,09:00:46
8860,100,886000,09:00:45
8860,400,3544000,09:00:45
8859,100,885900,09:00:45
8855,300,2656500,09:00:44
8849,200,1769800,09:00:44
8850,400,3540000,09:00:44
8851,100,885100,09:00:44
8855,100,885500,09:00:43
8854,500,4427000,09:00:43
8853,100,885300,09:00:43
8854,100,885400,09:00:43
8853,200,1770600,09:00:43
8852,100,885200,09:00:43
8853,500,4426500,09:00:43
8853,100,885300,09:00:43
8853,100,885300,09:00:42
8850,100,885000,09:00:42
8852,100,885200,09:00:42
8853,100,885300,09:00:42
8854,500,4427000,09:00:42
8855,300,2656500,09:00:42
8856,100,885600,09:00:42
8857,300,2657100,09:00:42
8856,400,3542400,09:00:42
8856,100,885600,09:00:42
8855,100,885500,09:00:42
8855,100,885500,09:00:42
8855,100,885500,09:00:42
8855,100,885500,09:00:42
8855,100,885500,09:00:42
8855,100,885500,09:00:42
8855,200,1771000,09:00:42
8855,100,885500,09:00:42
8854,200,1770800,09:00:42
8852,100,885200,09:00:41
8851,100,885100,09:00:40
8850,500,4425000,09:00:40
8852,100,885200,09:00:39
8853,200,1770600,09:00:39
8852,100,885200,09:00:39
8848,300,2654400,09:00:39
8850,100,885000,09:00:38
8850,200,1770000,09:00:38
8850,100,885000,09:00:36
8849,100,884900,09:00:36
8847,900,7962300,09:00:36
8848,100,884800,09:00:36
8847,300,2654100,09:00:35
8846,500,4423000,09:00:35
8847,600,5308200,09:00:35
8849,200,1769800,09:00:35
8855,100,885500,09:00:33
8848,100,884800,09:00:33
8854,100,885400,09:00:32
8855,100,885500,09:00:32
8852,1100,9737200,09:00:31
8851,200,1770200,09:00:31
8853,100,885300,09:00:31
8853,200,1770600,09:00:31
8858,100,885800,09:00:31
8853,100,885300,09:00:31
8861,100,886100,09:00:31
8856,200,1771200,09:00:31
8857,100,885700,09:00:31
8867,300,2660100,09:00:31
8866,600,5319600,09:00:31
8865,300,2659500,09:00:31
8864,300,2659200,09:00:31
8863,700,6204100,09:00:31
8862,200,1772400,09:00:31
8861,700,6202700,09:00:31
8860,800,7088000,09:00:31
8859,700,6201300,09:00:31
8856,100,885600,09:00:30
8857,100,885700,09:00:30
8857,100,885700,09:00:30
8859,100,885900,09:00:30
8858,100,885800,09:00:30
8858,200,1771600,09:00:30
8857,100,885700,09:00:30
8854,100,885400,09:00:30
8853,100,885300,09:00:30
8853,100,885300,09:00:30
8856,100,885600,09:00:29
8855,100,885500,09:00:29
8853,100,885300,09:00:29
8852,100,885200,09:00:29
8852,100,885200,09:00:29
8850,100,885000,09:00:29
8848,100,884800,09:00:29
8850,5900,52215000,09:00:29
8847,100,884700,09:00:29
8848,100,884800,09:00:29
8848,100,884800,09:00:29
8849,100,884900,09:00:29
8849,700,6194300,09:00:29
8848,100,884800,09:00:29
8847,100,884700,09:00:29
8848,1300,11502400,09:00:29
8847,1100,9731700,09:00:29
8847,200,1769400,09:00:29
8847,100,884700,09:00:29
8847,3600,31849200,09:00:29
8847,100,884700,09:00:29
8848,200,1769600,09:00:29
8848,100,884800,09:00:29
8847,200,1769400,09:00:29
8847,2000,17694000,09:00:29
8847,100,884700,09:00:29
8847,2000,17694000,09:00:29
8847,1200,10616400,09:00:29
8847,400,3538800,09:00:29
8846,600,5307600,09:00:29
8845,1300,11498500,09:00:29
8844,900,7959600,09:00:29
8843,1100,9727300,09:00:29
8841,100,884100,09:00:29
8840,300,2652000,09:00:29
8840,100,884000,09:00:29
8839,200,1767800,09:00:29
8834,100,883400,09:00:29
8833,100,883300,09:00:29
8833,100,883300,09:00:29
8833,100,883300,09:00:29
8833,100,883300,09:00:28
8832,200,1766400,09:00:28
8830,100,883000,09:00:27
8832,100,883200,09:00:27
8830,100,883000,09:00:27
8831,100,883100,09:00:27
8831,200,1766200,09:00:26
8831,100,883100,09:00:26
8836,200,1767200,09:00:26
8830,200,1766000,09:00:25
8828,100,882800,09:00:25
8826,100,882600,09:00:24
8823,100,882300,09:00:24
8825,400,3530000,09:00:24
8826,100,882600,09:00:24
8832,100,883200,09:00:24
8833,100,883300,09:00:24
8834,100,883400,09:00:23
8836,100,883600,09:00:23
8834,100,883400,09:00:23
8833,200,1766600,09:00:22
8834,200,1766800,09:00:22
8835,200,1767000,09:00:22
8839,100,883900,09:00:22
8838,200,1767600,09:00:22
8836,100,883600,09:00:21
8834,100,883400,09:00:21
8833,200,1766600,09:00:21
8833,200,1766600,09:00:21
8830,600,5298000,09:00:20
8830,700,6181000,09:00:20
8830,300,2649000,09:00:20
8828,100,882800,09:00:20
8828,200,1765600,09:00:19
8827,200,1765400,09:00:19
8827,100,882700,09:00:19
8825,100,882500,09:00:19
8829,100,882900,09:00:19
8823,100,882300,09:00:19
8825,100,882500,09:00:19
8825,100,882500,09:00:18
8824,200,1764800,09:00:18
8823,100,882300,09:00:18
8822,200,1764400,09:00:18
8821,900,7938900,09:00:18
8821,400,3528400,09:00:18
8821,300,2646300,09:00:18
8819,400,3527600,09:00:18
8818,100,881800,09:00:18
8816,300,2644800,09:00:17
8817,200,1763400,09:00:17
8818,100,881800,09:00:17
8822,100,882200,09:00:17
8822,100,882200,09:00:17
8819,200,1763800,09:00:17
8824,100,882400,09:00:17
8821,100,882100,09:00:16
8820,100,882000,09:00:16
8820,100,882000,09:00:16
8820,100,882000,09:00:16
8821,100,882100,09:00:16
8823,500,4411500,09:00:16
8824,100,882400,09:00:16
8829,100,882900,09:00:16
8828,200,1765600,09:00:16
8824,300,2647200,09:00:16
8823,200,1764600,09:00:16
8819,100,881900,09:00:16
8823,100,882300,09:00:15
8823,200,1764600,09:00:15
8823,200,1764600,09:00:15
8824,300,2647200,09:00:15
8824,100,882400,09:00:15
8821,300,2646300,09:00:15
8823,200,1764600,09:00:15
8823,100,882300,09:00:14
8828,400,3531200,09:00:14
8824,100,882400,09:00:14
8824,100,882400,09:00:14
8829,200,1765800,09:00:14
8828,200,1765600,09:00:14
8827,100,882700,09:00:13
8827,100,882700,09:00:13
8828,100,882800,09:00:13
8827,300,2648100,09:00:13
8826,100,882600,09:00:13
8825,400,3530000,09:00:13
8825,100,882500,09:00:13
8825,100,882500,09:00:13
8823,200,1764600,09:00:13
8822,600,5293200,09:00:13
8818,400,3527200,09:00:13
8817,300,2645100,09:00:13
8812,200,1762400,09:00:13
8813,100,881300,09:00:13
8809,100,880900,09:00:13
8808,100,880800,09:00:13
8808,100,880800,09:00:13
8808,100,880800,09:00:13
8808,100,880800,09:00:13
8807,300,2642100,09:00:13
8812,300,2643600,09:00:13
8806,100,880600,09:00:12
8815,300,2644500,09:00:12
8813,200,1762600,09:00:12
8812,200,1762400,09:00:12
8811,100,881100,09:00:12
8809,200,1761800,09:00:12
8806,100,880600,09:00:11
8803,300,2640900,09:00:11
8805,100,880500,09:00:11
8806,100,880600,09:00:11
8807,100,880700,09:00:11
8807,200,1761400,09:00:09
8805,800,7044000,09:00:09
8804,200,1760800,09:00:09
8803,400,3521200,09:00:09
8797,100,879700,09:00:09
8796,100,879600,09:00:09
8805,400,3522000,09:00:09
8803,100,880300,09:00:09
8803,100,880300,09:00:09
8803,100,880300,09:00:09
8802,100,880200,09:00:09
8797,200,1759400,09:00:09
8802,100,880200,09:00:09
8802,1300,11442600,09:00:09
8803,100,880300,09:00:09
8803,500,4401500,09:00:09
8802,300,2640600,09:00:09
8802,2100,18484200,09:00:09
8802,200,1760400,09:00:09
8801,300,2640300,09:00:09
8800,300,2640000,09:00:09
8799,600,5279400,09:00:09
8798,400,3519200,09:00:09
8797,300,2639100,09:00:09
8796,200,1759200,09:00:09
8795,300,2638500,09:00:09
8794,300,2638200,09:00:09
8793,900,7913700,09:00:09
8790,400,3516000,09:00:09
8787,100,878700,09:00:08
8787,400,3514800,09:00:08
8788,300,2636400,09:00:08
8794,100,879400,09:00:07
8793,400,3517200,09:00:07
8792,300,2637600,09:00:07
8791,100,879100,09:00:07
8795,500,4397500,09:00:06
8795,500,4397500,09:00:06
8791,100,879100,09:00:06
8796,100,879600,09:00:06
8793,300,2637900,09:00:06
8791,200,1758200,09:00:06
8792,600,5275200,09:00:06
8793,600,5275800,09:00:06
8794,100,879400,09:00:06
8795,100,879500,09:00:06
8797,300,2639100,09:00:06
8798,100,879800,09:00:06
8805,500,4402500,09:00:05
8805,300,2641500,09:00:05
8802,100,880200,09:00:05
8797,200,1759400,09:00:04
8799,100,879900,09:00:04
8802,200,1760400,09:00:04
8797,100,879700,09:00:03
8801,100,880100,09:00:03
8806,100,880600,09:00:03
8806,200,1761200,09:00:03
8805,100,880500,09:00:02
8804,100,880400,09:00:02
8804,100,880400,09:00:02
8813,100,881300,09:00:02
8822,200,1764400,09:00:02
8821,300,2646300,09:00:02
8820,3100,27342000,09:00:02
8818,200,1763600,09:00:02
8817,200,1763400,09:00:02
8816,200,1763200,09:00:02
8815,200,1763000,09:00:02
8813,200,1762600,09:00:02
8811,200,1762200,09:00:02
8810,800,7048000,09:00:02
8809,700,6166300,09:00:02
8808,200,1761600,09:00:02
8807,100,880700,09:00:02
8806,200,1761200,09:00:02
8805,100,880500,09:00:02
8803,100,880300,09:00:02
8802,100,880200,09:00:02
8802,100,880200,09:00:02
8801,100,880100,09:00:02
8800,4600,40480000,09:00:02
8800,1700,14960000,09:00:02
8800,100,880000,09:00:02
8799,600,5279400,09:00:02
8798,1200,10557600,09:00:02
8797,100,879700,09:00:02
8796,400,3518400,09:00:02
8794,200,1758800,09:00:02
8793,700,6155100,09:00:02
8790,2900,25491000,09:00:02
8789,200,1757800,09:00:02
8788,100,878800,09:00:02
8788,1600,14060800,09:00:02
8787,500,4393500,09:00:02
8786,500,4393000,09:00:02
8786,100,878600,09:00:01
8782,100,878200,09:00:01
8782,100,878200,09:00:01
8785,200,1757000,09:00:01
8784,100,878400,09:00:01
8783,100,878300,09:00:01
8782,100,878200,09:00:01
8773,100,877300,09:00:01
8772,100,877200,09:00:01
8772,100,877200,09:00:00
8771,100,877100,09:00:00
8767,300,2630100,09:00:00
8769,100,876900,09:00:00
8769,100,876900,09:00:00
8769,100,876900,09:00:00
8772,100,877200,09:00:00
8768,100,876800,09:00:00
8770,100,877000,09:00:00
8770,100,877000,09:00:00
8772,100,877200,09:00:00
8778,300,2633400,09:00:00
8780,1600,14048000,09:00:00
8781,300,2634300,09:00:00
8785,100,878500,09:00:00
8785,164900,1448646500,09:00:00