値段,株数,金額,時刻
56230,966600,54351918000,15:30:00
56020,100,5602000,15:24:59
56020,100,5602000,15:24:59
56040,100,5604000,15:24:59
56030,100,5603000,15:24:58
56020,100,5602000,15:24:58
56030,100,5603000,15:24:57
56050,200,11210000,15:24:57
56030,100,5603000,15:24:57
56050,100,5605000,15:24:55
56030,100,5603000,15:24:55
56040,100,5604000,15:24:54
56040,200,11208000,15:24:54
56030,200,11206000,15:24:53
56030,100,5603000,15:24:51
56040,100,5604000,15:24:50
56060,100,5606000,15:24:50
56060,100,5606000,15:24:50
56070,100,5607000,15:24:50
56050,100,5605000,15:24:48
56030,100,5603000,15:24:46
56040,100,5604000,15:24:46
56030,100,5603000,15:24:45
56050,100,5605000,15:24:45
56030,100,5603000,15:24:42
56050,100,5605000,15:24:41
56050,200,11210000,15:24:40
56060,100,5606000,15:24:40
56050,100,5605000,15:24:37
56050,100,5605000,15:24:34
56050,100,5605000,15:24:33
56080,100,5608000,15:24:31
56060,100,5606000,15:24:30
56080,100,5608000,15:24:30
56080,100,5608000,15:24:30
56080,200,11216000,15:24:30
56060,100,5606000,15:24:29
56070,100,5607000,15:24:29
56080,100,5608000,15:24:29
56080,100,5608000,15:24:29
56090,100,5609000,15:24:29
56080,100,5608000,15:24:28
56070,200,11214000,15:24:28
56050,200,11210000,15:24:27
56060,100,5606000,15:24:27
56050,100,5605000,15:24:26
56050,100,5605000,15:24:25
56050,200,11210000,15:24:24
56060,200,11212000,15:24:24
56050,100,5605000,15:24:24
56050,200,11210000,15:24:24
56060,100,5606000,15:24:24
56070,200,11214000,15:24:24
56070,100,5607000,15:24:24
56080,400,22432000,15:24:24
56090,100,5609000,15:24:23
56090,600,33654000,15:24:23
56090,100,5609000,15:24:23
56090,100,5609000,15:24:23
56100,100,5610000,15:24:23
56110,200,11222000,15:24:23
56110,100,5611000,15:24:22
56110,300,16833000,15:24:22
56110,100,5611000,15:24:19
56090,200,11218000,15:24:18
56120,100,5612000,15:24:16
56090,100,5609000,15:24:15
56110,100,5611000,15:24:14
56090,100,5609000,15:24:11
56090,100,5609000,15:24:08
56090,100,5609000,15:24:06
56090,100,5609000,15:24:06
56130,100,5613000,15:24:03
56130,100,5613000,15:24:02
56130,100,5613000,15:24:01
56110,100,5611000,15:24:01
56140,300,16842000,15:24:00
56130,700,39291000,15:24:00
56120,200,11224000,15:24:00
56120,200,11224000,15:24:00
56120,100,5612000,15:24:00
56090,200,11218000,15:24:00
56090,100,5609000,15:23:58
56070,100,5607000,15:23:57
56080,100,5608000,15:23:57
56080,200,11216000,15:23:57
56070,100,5607000,15:23:57
56060,700,39242000,15:23:57
56040,100,5604000,15:23:57
56030,100,5603000,15:23:51
56040,100,5604000,15:23:50
56030,100,5603000,15:23:50
56030,100,5603000,15:23:50
56030,100,5603000,15:23:50
56020,100,5602000,15:23:46
56020,100,5602000,15:23:46
56030,100,5603000,15:23:45
56040,100,5604000,15:23:45
56040,100,5604000,15:23:45
56040,100,5604000,15:23:45
56050,400,22420000,15:23:45
56060,300,16818000,15:23:40
56060,100,5606000,15:23:38
56060,100,5606000,15:23:37
56070,100,5607000,15:23:33
56080,300,16824000,15:23:31
56080,100,5608000,15:23:31
56080,100,5608000,15:23:31
56090,100,5609000,15:23:29
56090,100,5609000,15:23:26
56100,100,5610000,15:23:25
56100,100,5610000,15:23:25
56100,100,5610000,15:23:25
56110,100,5611000,15:23:16
56100,100,5610000,15:23:15
56120,500,28060000,15:23:10
56120,100,5612000,15:23:10
56120,100,5612000,15:23:10
56130,100,5613000,15:23:08
56150,100,5615000,15:23:07
56150,100,5615000,15:23:06
56130,200,11226000,15:23:06
56150,100,5615000,15:23:06
56150,100,5615000,15:23:06
56140,400,22456000,15:23:06
56150,700,39305000,15:23:06
56180,400,22472000,15:23:06
56170,100,5617000,15:23:06
56150,100,5615000,15:23:05
56170,500,28085000,15:23:05
56170,400,22468000,15:23:05
56150,200,11230000,15:23:05
56150,100,5615000,15:23:00
56160,100,5616000,15:22:59
56160,100,5616000,15:22:59
56180,200,11236000,15:22:58
56160,100,5616000,15:22:58
56170,100,5617000,15:22:57
56170,100,5617000,15:22:56
56180,100,5618000,15:22:55
56190,100,5619000,15:22:55
56190,200,11238000,15:22:55
56190,100,5619000,15:22:53
56200,200,11240000,15:22:52
56200,500,28100000,15:22:52
56210,100,5621000,15:22:48
56200,100,5620000,15:22:48
56220,100,5622000,15:22:37
56220,100,5622000,15:22:37
56230,600,33738000,15:22:29
56220,500,28110000,15:22:29
56220,700,39354000,15:22:28
56220,200,11244000,15:22:28
56220,400,22488000,15:22:28
56210,700,39347000,15:22:28
56200,100,5620000,15:22:22
56200,200,11240000,15:22:22
56210,100,5621000,15:22:22
56210,700,39347000,15:22:22
56220,100,5622000,15:22:22
56230,100,5623000,15:22:19
56220,100,5622000,15:22:18
56210,100,5621000,15:22:17
56220,100,5622000,15:22:14
56230,100,5623000,15:22:11
56220,300,16866000,15:22:11
56220,500,28110000,15:22:07
56210,100,5621000,15:22:07
56210,300,16863000,15:22:01
56220,100,5622000,15:21:59
56220,300,16866000,15:21:57
56210,200,11242000,15:21:57
56200,100,5620000,15:21:44
56210,600,33726000,15:21:43
56210,100,5621000,15:21:43
56200,300,16860000,15:21:43
56200,500,28100000,15:21:43
56180,100,5618000,15:21:33
56190,100,5619000,15:21:33
56190,200,11238000,15:21:33
56170,100,5617000,15:21:28
56180,100,5618000,15:21:28
56180,200,11236000,15:21:28
56180,100,5618000,15:21:28
56170,100,5617000,15:21:18
56160,100,5616000,15:21:07
56170,100,5617000,15:21:07
56160,100,5616000,15:20:59
56170,100,5617000,15:20:57
56170,100,5617000,15:20:56
56170,100,5617000,15:20:55
56200,400,22480000,15:20:54
56200,300,16860000,15:20:54
56190,800,44952000,15:20:54
56190,100,5619000,15:20:54
56180,500,28090000,15:20:53
56170,400,22468000,15:20:53
56160,100,5616000,15:20:53
56160,100,5616000,15:20:52
56160,100,5616000,15:20:52
56160,100,5616000,15:20:52
56150,100,5615000,15:20:50
56150,100,5615000,15:20:45
56140,100,5614000,15:20:42
56140,100,5614000,15:20:41
56140,100,5614000,15:20:38
56140,100,5614000,15:20:38
56140,100,5614000,15:20:38
56140,100,5614000,15:20:38
56120,100,5612000,15:20:27
56140,100,5614000,15:20:26
56130,200,11226000,15:20:26
56120,100,5612000,15:20:26
56120,100,5612000,15:20:26
56120,100,5612000,15:20:25
56120,100,5612000,15:20:25
56120,100,5612000,15:20:25
56120,100,5612000,15:20:25
56130,200,11226000,15:20:13
56150,100,5615000,15:20:13
56150,100,5615000,15:20:13
56160,500,28080000,15:20:13
56150,100,5615000,15:20:11
56150,100,5615000,15:20:10
56150,100,5615000,15:20:10
56140,100,5614000,15:20:09
56140,100,5614000,15:20:07
56140,200,11228000,15:20:07
56130,100,5613000,15:20:06
56130,200,11226000,15:20:06
56120,100,5612000,15:20:06
56110,100,5611000,15:20:06
56120,300,16836000,15:20:06
56110,400,22444000,15:20:06
56100,100,5610000,15:20:00
56090,100,5609000,15:20:00
56100,100,5610000,15:20:00
56120,100,5612000,15:20:00
56130,200,11226000,15:19:59
56140,100,5614000,15:19:56
56140,100,5614000,15:19:56
56140,100,5614000,15:19:56
56140,100,5614000,15:19:56
56140,100,5614000,15:19:56
56140,100,5614000,15:19:51
56150,100,5615000,15:19:51
56150,100,5615000,15:19:50
56150,100,5615000,15:19:50
56150,400,22460000,15:19:50
56140,600,33684000,15:19:49
56130,800,44904000,15:19:49
56120,100,5612000,15:19:49
56120,600,33672000,15:19:49
56120,100,5612000,15:19:49
56110,100,5611000,15:19:49
56110,200,11222000,15:19:49
56100,100,5610000,15:19:49
56100,300,16830000,15:19:49
56080,100,5608000,15:19:49
56090,100,5609000,15:19:49
56090,300,16827000,15:19:49
56090,300,16827000,15:19:49
56080,100,5608000,15:19:48
56080,100,5608000,15:19:48
56080,200,11216000,15:19:42
56080,100,5608000,15:19:42
56080,100,5608000,15:19:28
56080,100,5608000,15:19:24
56080,100,5608000,15:19:24
56090,200,11218000,15:19:21
56090,200,11218000,15:19:14
56090,100,5609000,15:19:05
56090,100,5609000,15:19:05
56080,100,5608000,15:19:02
56090,500,28045000,15:18:57
56080,100,5608000,15:18:57
56080,100,5608000,15:18:54
56080,100,5608000,15:18:54
56090,200,11218000,15:18:53
56090,100,5609000,15:18:53
56090,200,11218000,15:18:52
56100,100,5610000,15:18:52
56100,100,5610000,15:18:52
56110,100,5611000,15:18:48
56110,300,16833000,15:18:48
56110,100,5611000,15:18:45
56110,100,5611000,15:18:43
56120,200,11224000,15:18:43
56120,100,5612000,15:18:43
56120,100,5612000,15:18:43
56120,100,5612000,15:18:43
56120,100,5612000,15:18:40
56130,1000,56130000,15:18:21
56130,100,5613000,15:18:13
56130,500,28065000,15:18:06
56140,100,5614000,15:17:59
56140,100,5614000,15:17:59
56140,100,5614000,15:17:55
56140,100,5614000,15:17:54
56140,100,5614000,15:17:54
56140,100,5614000,15:17:52
56140,100,5614000,15:17:52
56140,100,5614000,15:17:50
56140,100,5614000,15:17:44
56130,100,5613000,15:17:39
56130,100,5613000,15:17:39
56140,600,33684000,15:17:39
56130,100,5613000,15:17:39
56130,100,5613000,15:17:39
56130,100,5613000,15:17:30
56120,100,5612000,15:17:25
56120,100,5612000,15:17:25
56120,100,5612000,15:17:19
56110,100,5611000,15:17:19
56120,100,5612000,15:17:19
56120,100,5612000,15:17:19
56120,100,5612000,15:17:18
56120,100,5612000,15:17:18
56130,100,5613000,15:17:16
56140,100,5614000,15:17:11
56140,100,5614000,15:17:11
56130,100,5613000,15:17:08
56140,100,5614000,15:17:08
56140,400,22456000,15:17:07
56140,100,5614000,15:17:07
56150,400,22460000,15:17:07
56160,100,5616000,15:17:07
56150,700,39305000,15:17:07
56160,200,11232000,15:17:05
56160,100,5616000,15:16:53
56170,600,33702000,15:16:53
56180,100,5618000,15:16:51
56180,200,11236000,15:16:50
56180,100,5618000,15:16:50
56180,200,11236000,15:16:50
56180,100,5618000,15:16:50
56180,700,39326000,15:16:50
56180,100,5618000,15:16:50
56180,100,5618000,15:16:46
56180,100,5618000,15:16:21
56170,200,11234000,15:16:21
56170,100,5617000,15:16:21
56160,100,5616000,15:16:21
56160,100,5616000,15:16:15
56170,100,5617000,15:16:13
56170,100,5617000,15:16:13
56170,100,5617000,15:16:13
56180,200,11236000,15:16:13
56190,100,5619000,15:16:13
56190,100,5619000,15:16:03
56200,200,11240000,15:16:03
56200,1200,67440000,15:16:03
56200,100,5620000,15:16:02
56180,400,22472000,15:16:02
56180,100,5618000,15:15:59
56180,100,5618000,15:15:59
56190,100,5619000,15:15:58
56190,100,5619000,15:15:58
56180,100,5618000,15:15:56
56180,100,5618000,15:15:54
56180,100,5618000,15:15:54
56180,100,5618000,15:15:54
56180,100,5618000,15:15:54
56180,100,5618000,15:15:54
56180,100,5618000,15:15:54
56180,100,5618000,15:15:53
56180,100,5618000,15:15:52
56170,200,11234000,15:15:48
56160,200,11232000,15:15:41
56150,100,5615000,15:15:41
56150,300,16845000,15:15:34
56150,200,11230000,15:15:34
56140,100,5614000,15:15:30
56130,300,16839000,15:15:28
56140,100,5614000,15:15:27
56140,400,22456000,15:15:27
56130,100,5613000,15:15:25
56130,100,5613000,15:15:25
56130,100,5613000,15:15:23
56130,600,33678000,15:15:20
56140,100,5614000,15:15:13
56150,100,5615000,15:15:12
56140,100,5614000,15:15:09
56140,100,5614000,15:15:07
56140,100,5614000,15:15:05
56140,300,16842000,15:15:05
56140,100,5614000,15:15:01
56140,300,16842000,15:15:01
56130,100,5613000,15:15:00
56130,100,5613000,15:15:00
56150,100,5615000,15:14:59
56140,400,22456000,15:14:56
56140,100,5614000,15:14:50
56150,100,5615000,15:14:33
56140,100,5614000,15:14:33
56150,300,16845000,15:14:31
56150,100,5615000,15:14:31
56160,100,5616000,15:14:31
56160,200,11232000,15:14:26
56160,100,5616000,15:14:26
56170,200,11234000,15:14:25
56180,200,11236000,15:14:19
56180,200,11236000,15:14:19
56180,200,11236000,15:14:19
56180,100,5618000,15:14:19
56180,200,11236000,15:14:19
56180,400,22472000,15:14:19
56190,100,5619000,15:14:15
56190,100,5619000,15:14:11
56190,300,16857000,15:14:10
56190,100,5619000,15:14:06
56190,200,11238000,15:14:05
56190,100,5619000,15:14:01
56190,200,11238000,15:14:01
56190,100,5619000,15:14:01
56180,100,5618000,15:13:58
56180,100,5618000,15:13:58
56190,100,5619000,15:13:56
56200,200,11240000,15:13:55
56210,100,5621000,15:13:49
56210,100,5621000,15:13:43
56210,100,5621000,15:13:40
56210,100,5621000,15:13:35
56210,200,11242000,15:13:30
56210,100,5621000,15:13:24
56210,100,5621000,15:13:22
56210,200,11242000,15:13:22
56210,200,11242000,15:13:22
56200,100,5620000,15:13:21
56200,700,39340000,15:13:21
56190,100,5619000,15:13:21
56190,200,11238000,15:13:21
56180,100,5618000,15:13:19
56190,100,5619000,15:13:18
56190,200,11238000,15:13:18
56190,100,5619000,15:13:14
56190,200,11238000,15:13:14
56190,400,22476000,15:13:14
56200,100,5620000,15:13:05
56210,100,5621000,15:13:04
56210,100,5621000,15:13:04
56200,300,16860000,15:13:03
56200,400,22480000,15:13:03
56210,100,5621000,15:13:03
56210,100,5621000,15:13:01
56210,200,11242000,15:13:00
56210,100,5621000,15:13:00
56210,200,11242000,15:12:59
56220,500,28110000,15:12:50
56220,200,11244000,15:12:50
56220,100,5622000,15:12:49
56220,200,11244000,15:12:49
56230,100,5623000,15:12:48
56240,100,5624000,15:12:48
56240,100,5624000,15:12:46
56240,100,5624000,15:12:46
56240,100,5624000,15:12:46
56240,100,5624000,15:12:45
56240,100,5624000,15:12:45
56230,300,16869000,15:12:44
56230,100,5623000,15:12:44
56220,100,5622000,15:12:41
56220,100,5622000,15:12:41
56210,100,5621000,15:12:41
56210,100,5621000,15:12:41
56210,100,5621000,15:12:36
56200,100,5620000,15:12:35
56190,200,11238000,15:12:33
56190,100,5619000,15:12:33
56190,500,28095000,15:12:33
56200,300,16860000,15:12:33
56200,100,5620000,15:12:33
56190,800,44952000,15:12:33
56180,200,11236000,15:12:31
56180,100,5618000,15:12:30
56190,200,11238000,15:12:28
56190,100,5619000,15:12:28
56200,300,16860000,15:12:28
56190,700,39333000,15:12:28
56180,300,16854000,15:12:28
56170,300,16851000,15:12:28
56170,200,11234000,15:12:28
56140,100,5614000,15:12:25
56170,200,11234000,15:12:25
56160,900,50544000,15:12:25
56150,400,22460000,15:12:25
56140,100,5614000,15:12:25
56140,200,11228000,15:12:25
56140,100,5614000,15:12:25
56140,100,5614000,15:12:24
56140,100,5614000,15:12:24
56160,100,5616000,15:12:22
56150,300,16845000,15:12:19
56150,100,5615000,15:12:19
56150,200,11230000,15:12:19
56150,100,5615000,15:12:19
56170,100,5617000,15:12:19
56160,400,22464000,15:12:18
56160,100,5616000,15:12:18
56170,1200,67404000,15:12:13
56180,500,28090000,15:12:13
56190,100,5619000,15:12:09
56190,200,11238000,15:12:06
56180,100,5618000,15:12:00
56190,200,11238000,15:11:57
56180,100,5618000,15:11:57
56180,400,22472000,15:11:57
56170,100,5617000,15:11:48
56170,500,28085000,15:11:48
56170,100,5617000,15:11:48
56170,100,5617000,15:11:47
56170,100,5617000,15:11:46
56160,100,5616000,15:11:46
56160,100,5616000,15:11:44
56160,200,11232000,15:11:44
56150,100,5615000,15:11:44
56150,100,5615000,15:11:41
56160,500,28080000,15:11:41
56150,500,28075000,15:11:41
56150,300,16845000,15:11:38
56150,100,5615000,15:11:38
56150,100,5615000,15:11:38
56150,100,5615000,15:11:38
56160,100,5616000,15:11:38
56160,100,5616000,15:11:35
56160,300,16848000,15:11:31
56160,100,5616000,15:11:31
56160,100,5616000,15:11:27
56150,100,5615000,15:11:26
56160,100,5616000,15:11:24
56150,100,5615000,15:11:23
56150,100,5615000,15:11:23
56150,100,5615000,15:11:23
56140,700,39298000,15:11:20
56140,200,11228000,15:11:20
56130,300,16839000,15:11:20
56130,100,5613000,15:11:17
56120,100,5612000,15:11:12
56120,500,28060000,15:11:12
56120,100,5612000,15:11:05
56120,100,5612000,15:11:04
56110,100,5611000,15:11:02
56110,200,11222000,15:11:02
56110,100,5611000,15:11:02
56110,100,5611000,15:11:02
56120,100,5612000,15:11:00
56120,100,5612000,15:10:55
56120,100,5612000,15:10:55
56120,100,5612000,15:10:53
56120,200,11224000,15:10:53
56120,100,5612000,15:10:53
56120,200,11224000,15:10:49
56120,200,11224000,15:10:49
56120,100,5612000,15:10:49
56120,100,5612000,15:10:47
56120,100,5612000,15:10:46
56140,100,5614000,15:10:45
56130,1000,56130000,15:10:45
56120,500,28060000,15:10:45
56110,200,11222000,15:10:45
56110,100,5611000,15:10:38
56110,100,5611000,15:10:37
56110,100,5611000,15:10:37
56100,700,39270000,15:10:35
56100,300,16830000,15:10:35
56090,100,5609000,15:10:31
56090,100,5609000,15:10:29
56090,100,5609000,15:10:27
56090,100,5609000,15:10:27
56090,100,5609000,15:10:27
56090,200,11218000,15:10:27
56090,400,22436000,15:10:27
56090,100,5609000,15:10:27
56090,200,11218000,15:10:27
56080,100,5608000,15:10:24
56090,100,5609000,15:10:20
56080,800,44864000,15:10:15
56070,300,16821000,15:10:13
56070,600,33642000,15:10:13
56060,100,5606000,15:10:13
56060,200,11212000,15:10:13
56050,100,5605000,15:10:10
56060,100,5606000,15:10:07
56060,400,22424000,15:10:03
56060,100,5606000,15:10:03
56060,100,5606000,15:10:02
56060,100,5606000,15:09:52
56070,200,11214000,15:09:52
56060,100,5606000,15:09:51
56060,100,5606000,15:09:51
56060,100,5606000,15:09:45
56060,100,5606000,15:09:41
56060,100,5606000,15:09:38
56060,300,16818000,15:09:38
56050,800,44840000,15:09:38
56040,800,44832000,15:09:38
56030,900,50427000,15:09:30
56020,600,33612000,15:09:30
56010,100,5601000,15:09:27
56010,800,44808000,15:09:27
56000,100,5600000,15:09:27
56000,100,5600000,15:09:26
56000,200,11200000,15:09:25
56000,100,5600000,15:09:08
56000,100,5600000,15:08:56
56000,100,5600000,15:08:47
56000,100,5600000,15:08:39
55990,100,5599000,15:08:39
55990,100,5599000,15:08:39
56000,200,11200000,15:08:39
56000,300,16800000,15:08:39
55990,400,22396000,15:08:39
55980,100,5598000,15:08:33
55980,100,5598000,15:08:33
55980,200,11196000,15:08:31
55980,100,5598000,15:08:31
55980,600,33588000,15:08:28
55970,100,5597000,15:08:26
55970,100,5597000,15:08:25
55970,100,5597000,15:08:25
55960,100,5596000,15:08:14
55960,100,5596000,15:08:14
55980,100,5598000,15:08:02
55970,100,5597000,15:07:59
55970,100,5597000,15:07:55
55970,100,5597000,15:07:55
55980,400,22392000,15:07:55
55970,100,5597000,15:07:54
55970,100,5597000,15:07:54
55970,100,5597000,15:07:54
55960,100,5596000,15:07:48
55960,400,22384000,15:07:47
55960,100,5596000,15:07:47
55960,100,5596000,15:07:47
55950,100,5595000,15:07:45
55950,100,5595000,15:07:42
55950,100,5595000,15:07:40
55950,100,5595000,15:07:38
55960,200,11192000,15:07:37
55950,100,5595000,15:07:35
55950,100,5595000,15:07:34
55950,100,5595000,15:07:34
55950,100,5595000,15:07:34
55950,100,5595000,15:07:34
55960,100,5596000,15:07:28
55950,100,5595000,15:07:28
55960,400,22384000,15:07:28
55970,500,27985000,15:07:28
55970,100,5597000,15:07:25
55970,100,5597000,15:07:25
55980,200,11196000,15:07:21
55980,400,22392000,15:07:21
55990,200,11198000,15:07:19
55990,100,5599000,15:07:19
55990,100,5599000,15:07:19
56000,200,11200000,15:07:18
56000,200,11200000,15:07:18
56010,100,5601000,15:07:11
56010,200,11202000,15:07:11
56020,100,5602000,15:07:09
56010,200,11202000,15:07:09
56020,300,16806000,15:07:08
56020,100,5602000,15:07:08
56030,100,5603000,15:07:05
56030,100,5603000,15:07:04
56040,700,39228000,15:07:04
56030,300,16809000,15:07:04
56020,100,5602000,15:07:03
56030,100,5603000,15:07:02
56030,100,5603000,15:06:55
56030,100,5603000,15:06:55
56030,100,5603000,15:06:52
56030,200,11206000,15:06:47
56020,100,5602000,15:06:40
56020,100,5602000,15:06:40
56020,100,5602000,15:06:40
56010,100,5601000,15:06:39
56010,100,5601000,15:06:39
56010,200,11202000,15:06:39
56010,800,44808000,15:06:39
56000,100,5600000,15:06:35
56000,100,5600000,15:06:29
56010,300,16803000,15:06:29
56000,100,5600000,15:06:29
56000,100,5600000,15:06:20
55990,200,11198000,15:06:20
56000,100,5600000,15:06:16
56000,100,5600000,15:06:16
55990,100,5599000,15:06:16
55990,200,11198000,15:06:16
55990,300,16797000,15:06:16
56000,200,11200000,15:06:15
56010,100,5601000,15:06:09
56010,100,5601000,15:06:07
56010,100,5601000,15:06:06
56010,100,5601000,15:06:06
56010,400,22404000,15:06:06
56020,100,5602000,15:06:04
56020,100,5602000,15:06:04
56020,100,5602000,15:06:04
56020,100,5602000,15:05:57
56020,700,39214000,15:05:54
56010,100,5601000,15:05:53
56010,200,11202000,15:05:53
56010,100,5601000,15:05:48
56010,100,5601000,15:05:48
56010,100,5601000,15:05:48
56010,100,5601000,15:05:48
56000,100,5600000,15:05:45
56010,200,11202000,15:05:45
56000,100,5600000,15:05:44
56000,100,5600000,15:05:44
56000,100,5600000,15:05:44
56000,100,5600000,15:05:44
56000,100,5600000,15:05:44
56000,100,5600000,15:05:44
56000,100,5600000,15:05:44
56000,100,5600000,15:05:44
56000,100,5600000,15:05:44
56000,300,16800000,15:05:44
56010,300,16803000,15:05:44
56020,100,5602000,15:05:44
56020,200,11204000,15:05:41
56020,100,5602000,15:05:40
56020,100,5602000,15:05:38
56030,100,5603000,15:05:37
56020,200,11204000,15:05:30
56030,200,11206000,15:05:30
56030,100,5603000,15:05:30
56040,100,5604000,15:05:28
56040,100,5604000,15:05:21
56040,100,5604000,15:05:21
56040,500,28020000,15:05:20
56040,300,16812000,15:05:20
56040,300,16812000,15:05:20
56050,100,5605000,15:05:17
56050,100,5605000,15:05:17
56040,100,5604000,15:05:14
56060,100,5606000,15:05:14
56050,100,5605000,15:05:14
56050,500,28025000,15:05:14
56050,100,5605000,15:05:13
56060,200,11212000,15:05:13
56060,100,5606000,15:05:04
56060,100,5606000,15:05:04
56070,100,5607000,15:04:54
56070,300,16821000,15:04:54
56060,100,5606000,15:04:51
56060,1500,84090000,15:04:51
56050,300,16815000,15:04:49
56040,100,5604000,15:04:47
56050,200,11210000,15:04:40
56030,100,5603000,15:04:39
56040,200,11208000,15:04:31
56050,100,5605000,15:04:29
56040,200,11208000,15:04:29
56040,100,5604000,15:04:29
56030,200,11206000,15:04:28
56040,100,5604000,15:04:26
56040,100,5604000,15:04:26
56040,100,5604000,15:04:26
56040,100,5604000,15:04:26
56050,100,5605000,15:04:20
56050,500,28025000,15:04:20
56060,100,5606000,15:04:15
56060,100,5606000,15:04:15
56060,100,5606000,15:04:11
56060,100,5606000,15:04:10
56060,100,5606000,15:04:09
56060,200,11212000,15:04:07
56060,100,5606000,15:04:07
56060,100,5606000,15:04:07
56060,100,5606000,15:04:04
56060,100,5606000,15:04:04
56060,100,5606000,15:04:02
56060,100,5606000,15:03:58
56060,100,5606000,15:03:58
56060,100,5606000,15:03:58
56060,100,5606000,15:03:48
56070,100,5607000,15:03:45
56070,100,5607000,15:03:45
56070,200,11214000,15:03:45
56060,200,11212000,15:03:45
56060,200,11212000,15:03:37
56060,100,5606000,15:03:37
56040,100,5604000,15:03:37
56050,100,5605000,15:03:35
56050,100,5605000,15:03:30
56050,100,5605000,15:03:28
56060,100,5606000,15:03:27
56050,300,16815000,15:03:26
56050,100,5605000,15:03:25
56040,100,5604000,15:03:24
56050,200,11210000,15:03:23
56040,300,16812000,15:03:23
56040,100,5604000,15:03:23
56040,100,5604000,15:03:23
56040,400,22416000,15:03:23
56030,400,22412000,15:03:20
56020,200,11204000,15:03:18
56020,100,5602000,15:03:17
56020,600,33612000,15:03:14
56010,100,5601000,15:03:12
56010,700,39207000,15:03:11
56000,100,5600000,15:03:07
55990,100,5599000,15:03:06
55970,600,33582000,15:03:02
55980,100,5598000,15:03:02
55980,100,5598000,15:03:02
55980,100,5598000,15:03:02
55980,100,5598000,15:03:02
55980,200,11196000,15:03:02
55990,100,5599000,15:03:02
55980,600,33588000,15:03:02
55980,400,22392000,15:03:02
55990,200,11198000,15:03:01
56000,100,5600000,15:03:01
55990,200,11198000,15:03:00
55990,100,5599000,15:03:00
56000,300,16800000,15:03:00
55990,100,5599000,15:02:53
56000,100,5600000,15:02:53
56000,100,5600000,15:02:53
55990,100,5599000,15:02:50
55990,100,5599000,15:02:49
55980,100,5598000,15:02:48
55970,100,5597000,15:02:46
55980,100,5598000,15:02:46
55970,100,5597000,15:02:43
55970,100,5597000,15:02:43
55970,100,5597000,15:02:41
55970,100,5597000,15:02:41
55980,200,11196000,15:02:41
55980,300,16794000,15:02:41
55960,100,5596000,15:02:35
55970,100,5597000,15:02:22
55970,100,5597000,15:02:21
55970,100,5597000,15:02:18
55970,100,5597000,15:02:18
55970,100,5597000,15:02:18
55980,100,5598000,15:02:12
55980,100,5598000,15:02:11
55980,100,5598000,15:02:02
55980,100,5598000,15:01:58
55980,100,5598000,15:01:58
55980,400,22392000,15:01:58
55970,100,5597000,15:01:55
55970,100,5597000,15:01:41
55970,100,5597000,15:01:41
55970,100,5597000,15:01:37
55970,100,5597000,15:01:37
55970,100,5597000,15:01:37
55970,100,5597000,15:01:37
55970,100,5597000,15:01:32
55970,200,11194000,15:01:32
55970,100,5597000,15:01:32
55980,100,5598000,15:01:32
55980,100,5598000,15:01:26
55980,600,33588000,15:01:26
55980,100,5598000,15:01:25
55990,100,5599000,15:01:23
55990,300,16797000,15:01:03
55980,500,27990000,15:01:01
55970,100,5597000,15:01:00
55980,100,5598000,15:00:59
55970,100,5597000,15:00:57
55970,100,5597000,15:00:57
55980,300,16794000,15:00:52
55980,100,5598000,15:00:51
55990,100,5599000,15:00:51
55990,100,5599000,15:00:48
55990,100,5599000,15:00:43
55990,100,5599000,15:00:43
55990,100,5599000,15:00:43
55990,100,5599000,15:00:43
56010,100,5601000,15:00:40
56000,100,5600000,15:00:39
56000,100,5600000,15:00:35
56000,100,5600000,15:00:33
56000,300,16800000,15:00:31
56000,600,33600000,15:00:31
55990,200,11198000,15:00:31
55980,200,11196000,15:00:31
55970,300,16791000,15:00:26
55960,200,11192000,15:00:25
55950,200,11190000,15:00:24
55940,100,5594000,15:00:24
55930,100,5593000,15:00:20
55940,200,11188000,15:00:20
55930,100,5593000,15:00:18
55930,100,5593000,15:00:17
55920,100,5592000,15:00:17
55920,100,5592000,15:00:17
55930,100,5593000,15:00:14
55930,100,5593000,15:00:14
55940,100,5594000,15:00:05
55950,100,5595000,15:00:04
55950,100,5595000,15:00:04
55940,100,5594000,15:00:03
55930,200,11186000,15:00:02
55940,100,5594000,15:00:01
55930,300,16779000,15:00:01
55940,100,5594000,15:00:00
55930,100,5593000,14:59:57
55930,100,5593000,14:59:57
55930,100,5593000,14:59:57
55930,500,27965000,14:59:56
55940,200,11188000,14:59:53
55950,100,5595000,14:59:47
55950,200,11190000,14:59:41
55950,100,5595000,14:59:36
55950,200,11190000,14:59:35
55950,100,5595000,14:59:27
55960,100,5596000,14:59:24
55960,100,5596000,14:59:24
55950,200,11190000,14:59:23
55960,100,5596000,14:59:13
55960,100,5596000,14:59:06
55950,100,5595000,14:59:03
55940,100,5594000,14:59:03
55950,100,5595000,14:59:03
55940,100,5594000,14:59:02
55940,200,11188000,14:59:02
55950,100,5595000,14:58:57
55960,100,5596000,14:58:46
55970,200,11194000,14:58:46
55960,100,5596000,14:58:46
55970,100,5597000,14:58:34
55960,100,5596000,14:58:34
55950,100,5595000,14:58:31
55950,200,11190000,14:58:31
55950,100,5595000,14:58:31
55940,100,5594000,14:58:27
55940,300,16782000,14:58:22
55950,100,5595000,14:58:19
55950,100,5595000,14:58:19
55950,100,5595000,14:58:19
55970,100,5597000,14:58:12
55960,100,5596000,14:58:02
55980,400,22392000,14:57:37
55980,100,5598000,14:57:37
55970,100,5597000,14:57:36
55970,100,5597000,14:57:36
55960,100,5596000,14:57:35
55950,100,5595000,14:57:33
55960,400,22384000,14:57:30
55960,100,5596000,14:57:30
55960,100,5596000,14:57:30
55960,100,5596000,14:57:30
55960,100,5596000,14:57:30
55960,100,5596000,14:57:29
55950,100,5595000,14:57:28
55950,100,5595000,14:57:24
55960,100,5596000,14:57:23
55960,100,5596000,14:57:23
55960,100,5596000,14:57:23
55960,100,5596000,14:57:23
55960,100,5596000,14:57:23
55950,100,5595000,14:57:08
55950,100,5595000,14:57:05
55950,100,5595000,14:57:05
55950,100,5595000,14:57:05
55940,100,5594000,14:57:05
55940,100,5594000,14:57:05
55930,100,5593000,14:57:04
55930,300,16779000,14:57:03
55930,100,5593000,14:57:02
55940,100,5594000,14:57:02
55940,100,5594000,14:57:02
55940,100,5594000,14:57:02
55940,200,11188000,14:57:02
55940,300,16782000,14:57:02
55940,100,5594000,14:57:02
55940,100,5594000,14:57:02
55950,100,5595000,14:56:57
55950,100,5595000,14:56:55
55950,400,22380000,14:56:52
55960,100,5596000,14:56:47
55960,100,5596000,14:56:47
55960,100,5596000,14:56:34
55960,100,5596000,14:56:31
55970,200,11194000,14:56:28
55970,100,5597000,14:56:28
55970,100,5597000,14:56:28
55960,100,5596000,14:56:18
55960,100,5596000,14:56:17
55960,100,5596000,14:56:17
55950,200,11190000,14:56:15
55960,400,22384000,14:56:15
55970,200,11194000,14:56:15
55970,100,5597000,14:56:15
55980,300,16794000,14:56:14
55980,100,5598000,14:56:14
55980,100,5598000,14:56:14
55990,100,5599000,14:56:13
55990,100,5599000,14:56:13
56000,100,5600000,14:56:11
56000,200,11200000,14:55:59
56000,100,5600000,14:55:59
55980,100,5598000,14:55:54
55990,100,5599000,14:55:51
56000,100,5600000,14:55:49
56000,100,5600000,14:55:48
55990,100,5599000,14:55:47
55980,100,5598000,14:55:43
56010,100,5601000,14:55:40
56000,100,5600000,14:55:40
56000,100,5600000,14:55:38
56000,100,5600000,14:55:38
56000,100,5600000,14:55:38
56000,1000,56000000,14:55:37
55990,500,27995000,14:55:37
55990,100,5599000,14:55:35
55990,100,5599000,14:55:30
55990,200,11198000,14:55:26
55990,200,11198000,14:55:26
55990,100,5599000,14:55:24
55990,100,5599000,14:55:22
55980,100,5598000,14:55:18
55990,100,5599000,14:55:18
55990,100,5599000,14:55:16
55980,100,5598000,14:55:10
55990,200,11198000,14:55:09
55980,100,5598000,14:55:08
55980,100,5598000,14:55:07
55970,100,5597000,14:55:00
55970,100,5597000,14:54:52
55990,100,5599000,14:54:51
55990,100,5599000,14:54:51
55990,300,16797000,14:54:51
55980,100,5598000,14:54:51
55970,200,11194000,14:54:47
55980,500,27990000,14:54:46
55980,300,16794000,14:54:46
55970,100,5597000,14:54:44
55970,200,11194000,14:54:44
55970,100,5597000,14:54:44
55960,100,5596000,14:54:43
55960,300,16788000,14:54:40
55960,100,5596000,14:54:40
55950,200,11190000,14:54:37
55950,100,5595000,14:54:29
55960,100,5596000,14:54:28
55950,400,22380000,14:54:28
55940,100,5594000,14:54:24
55950,100,5595000,14:54:21
55950,100,5595000,14:54:18
55950,700,39165000,14:54:18
55950,100,5595000,14:54:18
55950,100,5595000,14:54:18
55950,100,5595000,14:54:18
55940,100,5594000,14:54:16
55940,100,5594000,14:54:09
55940,100,5594000,14:54:02
55940,700,39158000,14:54:00
55940,100,5594000,14:54:00
55940,100,5594000,14:54:00
55940,100,5594000,14:54:00
55940,100,5594000,14:54:00
55930,100,5593000,14:53:49
55930,200,11186000,14:53:49
55930,300,16779000,14:53:42
55930,100,5593000,14:53:42
55930,100,5593000,14:53:34
55930,100,5593000,14:53:32
55910,100,5591000,14:53:26
55940,100,5594000,14:53:20
55920,300,16776000,14:53:19
55920,100,5592000,14:53:19
55920,100,5592000,14:53:19
55910,200,11182000,14:53:19
55910,200,11182000,14:53:19
55900,100,5590000,14:53:17
55900,100,5590000,14:53:14
55900,100,5590000,14:53:11
55910,100,5591000,14:53:06
55910,100,5591000,14:53:03
55900,100,5590000,14:53:01
55910,100,5591000,14:53:01
55910,100,5591000,14:52:58
55900,100,5590000,14:52:52
55900,400,22360000,14:52:52
55910,100,5591000,14:52:47
55910,400,22364000,14:52:47
55910,100,5591000,14:52:47
55910,600,33546000,14:52:47
55900,100,5590000,14:52:45
55900,100,5590000,14:52:45
55910,100,5591000,14:52:44
55910,100,5591000,14:52:41
55920,100,5592000,14:52:40
55920,100,5592000,14:52:40
55920,100,5592000,14:52:39
55900,100,5590000,14:52:38
55900,100,5590000,14:52:37
55910,200,11182000,14:52:36
55910,100,5591000,14:52:35
55920,200,11184000,14:52:35
55930,100,5593000,14:52:28
55930,100,5593000,14:52:28
55930,100,5593000,14:52:27
55940,400,22376000,14:52:25
55940,800,44752000,14:52:25
55950,100,5595000,14:52:23
55950,100,5595000,14:52:22
55950,100,5595000,14:52:22
55950,300,16785000,14:52:17
55950,500,27975000,14:52:17
55960,200,11192000,14:52:14
55960,100,5596000,14:52:14
55970,100,5597000,14:52:09
55970,100,5597000,14:52:09
55990,100,5599000,14:52:04
55980,100,5598000,14:51:56
55990,100,5599000,14:51:56
55980,100,5598000,14:51:56
55980,100,5598000,14:51:56
55980,400,22392000,14:51:44
55970,300,16791000,14:51:41
55970,100,5597000,14:51:41
55980,100,5598000,14:51:35
55980,100,5598000,14:51:30
55990,100,5599000,14:51:27
55980,100,5598000,14:51:24
55990,100,5599000,14:51:22
55990,100,5599000,14:51:22
55980,800,44784000,14:51:22
55970,100,5597000,14:51:19
55970,100,5597000,14:51:19
55970,100,5597000,14:51:18
55970,200,11194000,14:51:18
55980,200,11196000,14:51:10
55980,100,5598000,14:51:10
55990,100,5599000,14:51:02
55990,100,5599000,14:51:02
56000,400,22400000,14:50:57
56010,100,5601000,14:50:57
56000,100,5600000,14:50:53
56000,300,16800000,14:50:51
55990,100,5599000,14:50:50
55990,100,5599000,14:50:49
55990,100,5599000,14:50:40
55990,100,5599000,14:50:40
55980,100,5598000,14:50:33
55990,100,5599000,14:50:33
56000,100,5600000,14:50:29
56000,100,5600000,14:50:29
56010,200,11202000,14:50:29
56010,100,5601000,14:50:29
56020,100,5602000,14:50:27
56010,100,5601000,14:50:24
56010,100,5601000,14:50:24
56010,100,5601000,14:50:23
56010,100,5601000,14:50:23
56000,700,39200000,14:50:16
56000,100,5600000,14:50:16
56000,100,5600000,14:50:16
55990,100,5599000,14:50:10
55990,100,5599000,14:50:03
55980,100,5598000,14:50:03
55980,400,22392000,14:50:03
55970,500,27985000,14:49:45
55960,100,5596000,14:49:41
55960,800,44768000,14:49:41
55950,100,5595000,14:49:39
55940,200,11188000,14:49:38
55950,400,22380000,14:49:32
55950,100,5595000,14:49:28
55950,200,11190000,14:49:26
55950,100,5595000,14:49:26
55950,100,5595000,14:49:26
55960,200,11192000,14:49:24
55960,100,5596000,14:49:24
55970,200,11194000,14:49:22
55970,100,5597000,14:49:19
55980,200,11196000,14:49:16
55990,100,5599000,14:49:12
55980,100,5598000,14:49:12
55990,200,11198000,14:49:09
56000,100,5600000,14:49:07
56000,100,5600000,14:48:59
56000,100,5600000,14:48:59
56000,200,11200000,14:48:59
56010,100,5601000,14:48:54
56010,100,5601000,14:48:54
56010,100,5601000,14:48:54
56010,100,5601000,14:48:54
56010,100,5601000,14:48:54
56020,100,5602000,14:48:45
56010,100,5601000,14:48:31
56020,300,16806000,14:48:30
56010,100,5601000,14:48:11
56010,100,5601000,14:48:00
56030,100,5603000,14:47:49
56020,100,5602000,14:47:48
56020,400,22408000,14:47:47
56010,100,5601000,14:47:31
56010,100,5601000,14:47:26
56010,100,5601000,14:47:22
56010,100,5601000,14:47:22
56010,100,5601000,14:47:10
56010,600,33606000,14:47:07
56000,400,22400000,14:47:02
56000,100,5600000,14:47:02
55980,100,5598000,14:46:57
55980,100,5598000,14:46:48
55980,100,5598000,14:46:48
55970,100,5597000,14:46:44
55970,100,5597000,14:46:42
55970,100,5597000,14:46:42
55970,100,5597000,14:46:42
55960,700,39172000,14:46:40
55960,200,11192000,14:46:35
55950,200,11190000,14:46:28
55950,100,5595000,14:46:28
55950,100,5595000,14:46:28
55950,100,5595000,14:46:26
55950,200,11190000,14:46:26
55950,500,27975000,14:46:26
55960,100,5596000,14:46:17
55960,100,5596000,14:46:17
55960,400,22384000,14:46:13
55960,400,22384000,14:46:13
55960,200,11192000,14:46:12
55960,100,5596000,14:46:02
55970,100,5597000,14:45:58
55970,100,5597000,14:45:42
55970,200,11194000,14:45:40
55960,300,16788000,14:45:40
55960,300,16788000,14:45:38
55960,100,5596000,14:45:38
55960,100,5596000,14:45:36
55970,100,5597000,14:45:34
55970,100,5597000,14:45:32
55970,100,5597000,14:45:29
55970,200,11194000,14:45:29
55980,100,5598000,14:45:25
55980,200,11196000,14:45:22
55980,100,5598000,14:45:22
55980,400,22392000,14:45:22
55990,300,16797000,14:45:16
56000,1000,56000000,14:45:16
56010,100,5601000,14:45:13
56010,200,11202000,14:45:06
56020,100,5602000,14:45:06
56030,100,5603000,14:45:02
56030,100,5603000,14:44:53
56020,200,11204000,14:44:51
56010,100,5601000,14:44:51
56010,600,33606000,14:44:51
56010,300,16803000,14:44:41
56020,100,5602000,14:44:30
56030,100,5603000,14:44:29
56030,100,5603000,14:44:28
56030,100,5603000,14:44:24
56040,100,5604000,14:44:15
56040,100,5604000,14:44:15
56030,100,5603000,14:44:14
56030,200,11206000,14:44:14
56030,100,5603000,14:44:14
56050,100,5605000,14:44:03
56050,200,11210000,14:44:03
56040,100,5604000,14:43:56
56050,200,11210000,14:43:43
56050,100,5605000,14:43:43
56050,300,16815000,14:43:43
56040,100,5604000,14:43:39
56050,100,5605000,14:43:39
56050,100,5605000,14:43:39
56050,200,11210000,14:43:39
56080,100,5608000,14:43:36
56050,100,5605000,14:43:36
56060,600,33636000,14:43:35
56060,100,5606000,14:43:35
56050,100,5605000,14:43:33
56060,100,5606000,14:43:31
56060,100,5606000,14:43:29
56050,600,33630000,14:43:29
56040,100,5604000,14:43:27
56040,100,5604000,14:43:24
56040,600,33624000,14:43:20
56020,100,5602000,14:43:16
56030,500,28015000,14:43:14
56020,100,5602000,14:43:12
56020,100,5602000,14:43:12
56010,100,5601000,14:43:12
56010,100,5601000,14:43:12
56000,100,5600000,14:43:12
56000,200,11200000,14:43:11
55990,300,16797000,14:43:10
55980,100,5598000,14:43:07
55990,100,5599000,14:43:05
55990,100,5599000,14:43:05
55980,400,22392000,14:43:04
55980,200,11196000,14:43:04
55990,200,11198000,14:43:04
56000,100,5600000,14:43:00
56000,100,5600000,14:42:52
56010,100,5601000,14:42:43
56000,300,16800000,14:42:43
55990,100,5599000,14:42:34
55990,200,11198000,14:42:29
55980,200,11196000,14:42:28
55970,100,5597000,14:42:19
55980,100,5598000,14:42:19
55960,200,11192000,14:42:14
55980,100,5598000,14:42:13
55970,100,5597000,14:42:08
55970,200,11194000,14:42:08
55970,200,11194000,14:42:08
55980,800,44784000,14:42:06
55990,100,5599000,14:42:06
55990,100,5599000,14:42:06
55990,100,5599000,14:42:04
56000,400,22400000,14:42:04
56010,100,5601000,14:41:50
56020,100,5602000,14:41:49
56020,200,11204000,14:41:49
56020,200,11204000,14:41:47
56010,200,11202000,14:41:44
56010,100,5601000,14:41:44
56000,100,5600000,14:41:38
56000,100,5600000,14:41:38
56010,100,5601000,14:41:38
56010,100,5601000,14:41:35
56000,100,5600000,14:41:33
56000,100,5600000,14:41:32
56000,100,5600000,14:41:29
56000,500,28000000,14:41:29
56000,100,5600000,14:41:29
56000,200,11200000,14:41:29
56000,200,11200000,14:41:29
55990,100,5599000,14:41:29
55980,100,5598000,14:41:27
56000,100,5600000,14:41:24
55980,100,5598000,14:41:15
56000,100,5600000,14:41:04
55980,100,5598000,14:41:03
55990,100,5599000,14:40:58
56000,100,5600000,14:40:48
56000,100,5600000,14:40:48
56000,100,5600000,14:40:45
56010,100,5601000,14:40:45
56000,100,5600000,14:40:45
55990,100,5599000,14:40:41
55990,100,5599000,14:40:41
56000,300,16800000,14:40:37
55990,100,5599000,14:40:37
55980,300,16794000,14:40:37
55980,100,5598000,14:40:37
55980,200,11196000,14:40:37
55950,400,22380000,14:40:37
55950,100,5595000,14:40:37
55950,100,5595000,14:40:37
55950,100,5595000,14:40:33
55950,100,5595000,14:40:30
55940,100,5594000,14:40:30
55940,100,5594000,14:40:29
55950,100,5595000,14:40:28
55950,100,5595000,14:40:27
55940,100,5594000,14:40:27
55950,200,11190000,14:40:23
55960,200,11192000,14:40:23
55970,200,11194000,14:40:21
55970,300,16791000,14:40:21
55970,100,5597000,14:40:18
55970,100,5597000,14:40:16
55980,300,16794000,14:40:16
55980,700,39186000,14:40:16
55980,200,11196000,14:40:16
55960,100,5596000,14:40:08
55970,100,5597000,14:40:06
55960,100,5596000,14:40:03
55970,300,16791000,14:40:03
55960,100,5596000,14:39:54
55970,100,5597000,14:39:42
55970,100,5597000,14:39:42
55950,500,27975000,14:39:40
55950,200,11190000,14:39:40
55950,200,11190000,14:39:40
55950,100,5595000,14:39:40
55950,200,11190000,14:39:37
55960,100,5596000,14:39:34
55960,200,11192000,14:39:31
55970,100,5597000,14:39:30
55970,100,5597000,14:39:22
55970,100,5597000,14:39:22
55970,100,5597000,14:39:16
55970,100,5597000,14:39:16
55950,100,5595000,14:39:08
55960,100,5596000,14:39:01
55960,500,27980000,14:39:01
55960,100,5596000,14:39:01
55950,100,5595000,14:38:56
55940,200,11188000,14:38:54
55940,100,5594000,14:38:54
55930,100,5593000,14:38:51
55920,100,5592000,14:38:51
55930,100,5593000,14:38:50
55930,100,5593000,14:38:50
55930,100,5593000,14:38:50
55930,100,5593000,14:38:49
55950,200,11190000,14:38:45
55960,100,5596000,14:38:33
55950,100,5595000,14:38:33
55940,300,16782000,14:38:28
55940,100,5594000,14:38:28
55940,300,16782000,14:38:25
55930,100,5593000,14:38:19
55940,100,5594000,14:38:15
55940,100,5594000,14:38:12
55950,200,11190000,14:38:12
55940,300,16782000,14:38:11
55920,100,5592000,14:38:11
55930,100,5593000,14:38:07
55920,100,5592000,14:38:06
55930,300,16779000,14:38:05
55940,100,5594000,14:38:05
55930,100,5593000,14:38:04
55940,1000,55940000,14:38:04
55940,400,22376000,14:38:02
55950,600,33570000,14:38:02
55950,200,11190000,14:38:02
55950,100,5595000,14:38:02
55950,100,5595000,14:38:02
55950,100,5595000,14:38:00
55950,100,5595000,14:38:00
55950,100,5595000,14:38:00
55950,100,5595000,14:37:58
55950,100,5595000,14:37:50
55950,100,5595000,14:37:49
55960,100,5596000,14:37:49
55960,100,5596000,14:37:48
55960,200,11192000,14:37:46
55970,100,5597000,14:37:43
55970,100,5597000,14:37:35
55970,100,5597000,14:37:35
55970,100,5597000,14:37:35
55960,100,5596000,14:37:35
55970,100,5597000,14:37:31
55960,100,5596000,14:37:31
55970,100,5597000,14:37:29
55970,100,5597000,14:37:29
55970,100,5597000,14:37:29
55980,400,22392000,14:37:29
55980,100,5598000,14:37:29
55990,300,16797000,14:37:29
55990,100,5599000,14:37:26
56000,100,5600000,14:37:19
56000,100,5600000,14:37:19
56000,300,16800000,14:37:15
56010,100,5601000,14:37:11
56010,300,16803000,14:37:03
56010,100,5601000,14:37:03
56000,500,28000000,14:37:03
55990,100,5599000,14:37:02
55990,100,5599000,14:36:59
56000,100,5600000,14:36:56
56000,300,16800000,14:36:53
56000,200,11200000,14:36:53
56010,900,50409000,14:36:53
56020,300,16806000,14:36:50
56020,100,5602000,14:36:50
56020,100,5602000,14:36:49
56020,100,5602000,14:36:49
56030,100,5603000,14:36:46
56030,100,5603000,14:36:42
56030,100,5603000,14:36:39
56040,100,5604000,14:36:39
56030,100,5603000,14:36:36
56030,100,5603000,14:36:36
56040,200,11208000,14:36:32
56040,100,5604000,14:36:32
56050,100,5605000,14:36:30
56060,100,5606000,14:36:17
56070,100,5607000,14:36:06
56080,200,11216000,14:36:02
56090,100,5609000,14:36:01
56090,100,5609000,14:36:01
56090,200,11218000,14:35:53
56090,100,5609000,14:35:53
56090,100,5609000,14:35:53
56090,100,5609000,14:35:53
56090,100,5609000,14:35:52
56090,100,5609000,14:35:52
56090,100,5609000,14:35:52
56090,100,5609000,14:35:52
56090,100,5609000,14:35:48
56090,600,33654000,14:35:44
56080,100,5608000,14:35:44
56080,100,5608000,14:35:44
56080,100,5608000,14:35:44
56080,200,11216000,14:35:37
56080,100,5608000,14:35:37
56070,100,5607000,14:35:31
56060,100,5606000,14:35:22
56070,100,5607000,14:35:10
56060,100,5606000,14:35:09
56060,300,16818000,14:35:09
56050,400,22420000,14:35:09
56040,100,5604000,14:35:08
56040,100,5604000,14:35:07
56040,100,5604000,14:35:07
56040,100,5604000,14:35:04
56050,100,5605000,14:35:03
56050,100,5605000,14:35:03
56060,200,11212000,14:34:52
56060,300,16818000,14:34:52
56070,400,22428000,14:34:52
56070,200,11214000,14:34:52
56070,200,11214000,14:34:52
56070,200,11214000,14:34:52
56080,300,16824000,14:34:45
56080,100,5608000,14:34:38
56070,100,5607000,14:34:37
56080,100,5608000,14:34:14
56090,300,16827000,14:34:10
56080,100,5608000,14:33:59
56080,100,5608000,14:33:50
56090,100,5609000,14:33:47
56080,100,5608000,14:33:44
56080,100,5608000,14:33:43
56100,100,5610000,14:33:42
56080,100,5608000,14:33:41
56090,100,5609000,14:33:38
56090,200,11218000,14:33:38
56060,100,5606000,14:33:33
56060,100,5606000,14:33:33
56050,200,11210000,14:33:32
56050,100,5605000,14:33:32
56040,100,5604000,14:33:30
56040,100,5604000,14:33:28
56040,100,5604000,14:33:28
56020,100,5602000,14:33:13
56030,100,5603000,14:33:13
56030,900,50427000,14:33:13
56040,100,5604000,14:33:13
56040,100,5604000,14:33:04
56040,300,16812000,14:33:00
56060,100,5606000,14:32:49
56050,100,5605000,14:32:48
56050,100,5605000,14:32:48
56060,400,22424000,14:32:47
56060,200,11212000,14:32:47
56070,100,5607000,14:32:43
56060,300,16818000,14:32:43
56050,100,5605000,14:32:28
56060,100,5606000,14:32:28
56060,200,11212000,14:32:20
56060,100,5606000,14:32:20
56050,300,16815000,14:32:20
56050,100,5605000,14:32:20
56050,300,16815000,14:32:00
56060,300,16818000,14:31:59
56070,100,5607000,14:31:58
56090,100,5609000,14:31:48
56080,100,5608000,14:31:46
56080,100,5608000,14:31:45
56080,100,5608000,14:31:44
56080,100,5608000,14:31:40
56080,100,5608000,14:31:34
56070,200,11214000,14:31:32
56060,200,11212000,14:31:31
56060,100,5606000,14:31:31
56060,100,5606000,14:31:31
56060,100,5606000,14:31:28
56070,100,5607000,14:31:28
56080,100,5608000,14:31:23
56070,200,11214000,14:31:22
56090,100,5609000,14:31:20
56080,100,5608000,14:31:20
56070,100,5607000,14:31:19
56090,200,11218000,14:31:14
56080,100,5608000,14:31:14
56100,500,28050000,14:31:13
56100,500,28050000,14:31:13
56100,200,11220000,14:31:10
56090,400,22436000,14:31:10
56080,100,5608000,14:31:03
56080,100,5608000,14:31:02
56080,100,5608000,14:30:54
56080,500,28040000,14:30:49
56090,200,11218000,14:30:47
56100,400,22440000,14:30:45
56080,500,28040000,14:30:44
56070,100,5607000,14:30:43
56070,100,5607000,14:30:43
56060,300,16818000,14:30:43
56040,200,11208000,14:30:41
56050,400,22420000,14:30:41
56050,100,5605000,14:30:38
56040,100,5604000,14:30:32
56060,100,5606000,14:30:30
56060,200,11212000,14:30:30
56060,200,11212000,14:30:30
56070,100,5607000,14:30:27
56070,100,5607000,14:30:25
56070,100,5607000,14:30:25
56060,200,11212000,14:30:25
56050,100,5605000,14:30:19
56050,100,5605000,14:30:18
56040,100,5604000,14:30:12
56040,300,16812000,14:30:08
56040,100,5604000,14:30:06
56050,100,5605000,14:30:01
56050,100,5605000,14:30:01
56070,100,5607000,14:30:00
56060,100,5606000,14:29:52
56080,100,5608000,14:29:50
56070,100,5607000,14:29:50
56080,100,5608000,14:29:50
56070,100,5607000,14:29:48
56060,100,5606000,14:29:46
56060,100,5606000,14:29:46
56060,100,5606000,14:29:46
56060,100,5606000,14:29:46
56060,100,5606000,14:29:45
56060,600,33636000,14:29:45
56050,500,28025000,14:29:41
56040,800,44832000,14:29:38
56030,100,5603000,14:29:38
56030,700,39221000,14:29:32
56030,100,5603000,14:29:27
56020,200,11204000,14:29:22
56020,100,5602000,14:29:17
56030,100,5603000,14:29:06
56030,200,11206000,14:29:06
56030,100,5603000,14:29:02
56030,300,16809000,14:28:59
56030,100,5603000,14:28:36
56030,200,11206000,14:28:36
56030,200,11206000,14:28:36
56030,100,5603000,14:28:29
56030,300,16809000,14:28:29
56030,100,5603000,14:28:29
56030,100,5603000,14:28:29
56010,100,5601000,14:28:25
56010,100,5601000,14:28:25
56000,100,5600000,14:28:23
56010,100,5601000,14:28:22
56020,100,5602000,14:28:20
56000,100,5600000,14:28:20
56010,200,11202000,14:28:20
56000,100,5600000,14:28:13
56010,100,5601000,14:28:11
56010,100,5601000,14:28:11
55990,100,5599000,14:28:09
56000,100,5600000,14:28:08
55990,100,5599000,14:28:08
56000,300,16800000,14:28:07
56010,100,5601000,14:28:07
56000,100,5600000,14:28:07
56000,100,5600000,14:28:07
56000,300,16800000,14:28:07
56000,100,5600000,14:28:07
56000,200,11200000,14:28:07
56000,100,5600000,14:28:07
56000,100,5600000,14:28:07
56000,2600,145600000,14:28:07
56010,100,5601000,14:28:05
56010,300,16803000,14:28:05
56010,100,5601000,14:28:05
56020,100,5602000,14:27:44
56010,300,16803000,14:27:42
56010,100,5601000,14:27:42
56020,600,33612000,14:27:41
56020,100,5602000,14:27:41
56030,100,5603000,14:27:39
56040,200,11208000,14:27:39
56040,100,5604000,14:27:37
56040,100,5604000,14:27:37
56050,100,5605000,14:27:33
56050,100,5605000,14:27:33
56060,100,5606000,14:27:30
56070,300,16821000,14:27:18
56060,100,5606000,14:27:16
56070,100,5607000,14:27:16
56060,300,16818000,14:27:04
56050,100,5605000,14:26:57
56050,100,5605000,14:26:57
56040,500,28020000,14:26:54
56050,100,5605000,14:26:53
56050,100,5605000,14:26:53
56040,100,5604000,14:26:52
56040,100,5604000,14:26:47
56050,100,5605000,14:26:46
56050,100,5605000,14:26:46
56050,100,5605000,14:26:46
56050,100,5605000,14:26:34
56060,100,5606000,14:26:34
56060,100,5606000,14:26:34
56050,100,5605000,14:26:31
56040,100,5604000,14:26:28
56040,100,5604000,14:26:28
56030,100,5603000,14:26:24
56040,200,11208000,14:26:24
56040,100,5604000,14:26:24
56030,100,5603000,14:26:21
56040,100,5604000,14:26:10
56020,100,5602000,14:26:03
56030,300,16809000,14:26:02
56030,100,5603000,14:26:02
56040,100,5604000,14:26:00
56040,100,5604000,14:25:58
56050,100,5605000,14:25:57
56040,100,5604000,14:25:57
56060,100,5606000,14:25:45
56060,100,5606000,14:25:45
56050,100,5605000,14:25:42
56040,100,5604000,14:25:39
56040,100,5604000,14:25:36
56050,100,5605000,14:25:34
56050,100,5605000,14:25:34
56040,100,5604000,14:25:31
56050,100,5605000,14:25:19
56050,300,16815000,14:25:17
56040,100,5604000,14:25:13
56040,100,5604000,14:25:13
56040,100,5604000,14:25:13
56040,100,5604000,14:25:13
56040,300,16812000,14:25:13
56040,100,5604000,14:25:13
56050,100,5605000,14:25:11
56040,100,5604000,14:25:10
56040,100,5604000,14:25:07
56040,100,5604000,14:25:07
56050,100,5605000,14:25:03
56040,100,5604000,14:24:57
56050,100,5605000,14:24:56
56020,100,5602000,14:24:52
56040,100,5604000,14:24:47
56030,200,11206000,14:24:47
56030,400,22412000,14:24:46
56030,100,5603000,14:24:46
56020,500,28010000,14:24:40
56020,100,5602000,14:24:40
56010,100,5601000,14:24:33
56010,1000,56010000,14:24:33
56020,100,5602000,14:24:15
56020,300,16806000,14:24:15
56020,200,11204000,14:24:15
56020,100,5602000,14:24:09
56020,200,11204000,14:24:05
56030,100,5603000,14:23:59
56040,100,5604000,14:23:59
56040,100,5604000,14:23:59
56040,100,5604000,14:23:59
56030,200,11206000,14:23:53
56040,100,5604000,14:23:48
56040,100,5604000,14:23:48
56040,100,5604000,14:23:48
56050,100,5605000,14:23:48
56050,100,5605000,14:23:48
56050,100,5605000,14:23:48
56050,100,5605000,14:23:48
56050,100,5605000,14:23:48
56050,100,5605000,14:23:48
56060,100,5606000,14:23:40
56060,100,5606000,14:23:40
56060,100,5606000,14:23:40
56060,100,5606000,14:23:32
56060,100,5606000,14:23:32
56060,100,5606000,14:23:23
56060,100,5606000,14:23:23
56060,100,5606000,14:23:23
56060,100,5606000,14:23:23
56060,100,5606000,14:23:23
56060,100,5606000,14:23:23
56050,100,5605000,14:23:19
56060,100,5606000,14:23:09
56060,100,5606000,14:23:09
56060,100,5606000,14:23:04
56060,100,5606000,14:23:03
56060,100,5606000,14:23:03
56060,100,5606000,14:23:02
56070,200,11214000,14:22:58
56080,100,5608000,14:22:51
56070,500,28035000,14:22:51
56060,100,5606000,14:22:46
56080,100,5608000,14:22:37
56070,100,5607000,14:22:34
56070,100,5607000,14:22:34
56070,100,5607000,14:22:34
56060,300,16818000,14:22:28
56060,100,5606000,14:22:28
56060,200,11212000,14:22:21
56060,300,16818000,14:22:21
56070,400,22428000,14:22:15
56080,100,5608000,14:22:09
56080,100,5608000,14:22:01
56080,100,5608000,14:21:55
56090,300,16827000,14:21:55
56090,100,5609000,14:21:55
56100,100,5610000,14:21:40
56100,100,5610000,14:21:32
56100,100,5610000,14:21:28
56100,100,5610000,14:21:28
56100,100,5610000,14:21:23
56100,200,11220000,14:21:15
56110,200,11222000,14:21:15
56120,100,5612000,14:21:12
56120,100,5612000,14:21:12
56120,200,11224000,14:21:12
56140,100,5614000,14:21:08
56130,100,5613000,14:21:01
56120,100,5612000,14:21:01
56120,100,5612000,14:21:01
56140,100,5614000,14:20:48
56130,300,16839000,14:20:46
56130,100,5613000,14:20:46
56120,100,5612000,14:20:46
56120,100,5612000,14:20:46
56120,200,11224000,14:20:42
56120,300,16836000,14:20:42
56120,300,16836000,14:20:42
56120,100,5612000,14:20:42
56120,100,5612000,14:20:42
56110,100,5611000,14:20:35
56100,100,5610000,14:20:34
56100,200,11220000,14:20:34
56100,600,33660000,14:20:27
56090,300,16827000,14:20:23
56090,100,5609000,14:20:21
56080,300,16824000,14:20:21
56070,100,5607000,14:20:16
56070,100,5607000,14:20:15
56070,100,5607000,14:20:15
56060,100,5606000,14:20:10
56070,100,5607000,14:20:03
56080,100,5608000,14:19:59
56070,100,5607000,14:19:58
56070,100,5607000,14:19:58
56070,100,5607000,14:19:57
56080,100,5608000,14:19:44
56080,600,33648000,14:19:44
56070,400,22428000,14:19:44
56060,100,5606000,14:19:42
56060,300,16818000,14:19:42
56060,100,5606000,14:19:41
56070,100,5607000,14:19:41
56070,100,5607000,14:19:31
56070,100,5607000,14:19:31
56060,100,5606000,14:19:29
56060,100,5606000,14:19:27
56070,200,11214000,14:19:27
56070,100,5607000,14:19:27
56060,1000,56060000,14:19:26
56060,100,5606000,14:19:26
56060,100,5606000,14:19:26
56050,100,5605000,14:19:23
56050,400,22420000,14:19:20
56050,100,5605000,14:19:09
56040,100,5604000,14:19:08
56050,300,16815000,14:19:08
56050,200,11210000,14:19:03
56050,100,5605000,14:19:03
56060,100,5606000,14:18:56
56060,100,5606000,14:18:56
56060,100,5606000,14:18:52
56070,200,11214000,14:18:42
56070,100,5607000,14:18:42
56080,100,5608000,14:18:30
56080,100,5608000,14:18:29
56080,100,5608000,14:18:29
56100,200,11220000,14:18:28
56090,300,16827000,14:18:28
56100,100,5610000,14:18:28
56110,100,5611000,14:18:23
56110,100,5611000,14:18:23
56100,100,5610000,14:18:08
56100,100,5610000,14:18:08
56100,200,11220000,14:18:07
56100,200,11220000,14:18:05
56110,100,5611000,14:17:58
56110,100,5611000,14:17:58
56100,100,5610000,14:17:53
56100,100,5610000,14:17:53
56100,100,5610000,14:17:53
56100,100,5610000,14:17:52
56090,100,5609000,14:17:43
56090,100,5609000,14:17:43
56090,100,5609000,14:17:43
56090,100,5609000,14:17:43
56100,800,44880000,14:17:42
56100,1200,67320000,14:17:42
56100,100,5610000,14:17:42
56100,300,16830000,14:17:42
56100,200,11220000,14:17:42
56100,1100,61710000,14:17:42
56100,100,5610000,14:17:42
56110,100,5611000,14:17:38
56110,400,22444000,14:17:38
56110,100,5611000,14:17:24
56110,100,5611000,14:17:24
56110,600,33666000,14:17:23
56110,100,5611000,14:17:23
56110,100,5611000,14:17:23
56110,200,11222000,14:16:56
56110,300,16833000,14:16:56
56110,100,5611000,14:16:56
56130,100,5613000,14:16:38
56120,100,5612000,14:16:34
56130,100,5613000,14:16:32
56120,200,11224000,14:16:30
56130,200,11226000,14:16:29
56120,100,5612000,14:16:26
56120,100,5612000,14:16:23
56130,300,16839000,14:16:23
56140,100,5614000,14:16:21
56140,100,5614000,14:16:21
56140,100,5614000,14:16:12
56140,100,5614000,14:16:12
56140,100,5614000,14:16:12
56140,100,5614000,14:16:07
56150,100,5615000,14:16:03
56140,100,5614000,14:16:03
56140,100,5614000,14:15:58
56140,100,5614000,14:15:58
56150,100,5615000,14:15:55
56140,300,16842000,14:15:52
56140,400,22456000,14:15:51
56140,100,5614000,14:15:51
56170,100,5617000,14:15:39
56170,200,11234000,14:15:34
56170,100,5617000,14:15:34
56160,500,28080000,14:15:34
56150,100,5615000,14:15:27
56150,100,5615000,14:15:26
56150,100,5615000,14:15:22
56160,100,5616000,14:15:21
56160,100,5616000,14:15:21
56160,100,5616000,14:15:21
56150,100,5615000,14:15:11
56140,100,5614000,14:15:10
56160,100,5616000,14:15:10
56160,100,5616000,14:15:09
56150,100,5615000,14:15:08
56150,300,16845000,14:15:08
56140,300,16842000,14:15:06
56130,100,5613000,14:15:02
56140,100,5614000,14:15:00
56140,400,22456000,14:14:52
56140,200,11228000,14:14:33
56130,300,16839000,14:14:33
56110,100,5611000,14:14:21
56120,100,5612000,14:14:21
56100,100,5610000,14:14:21
56110,100,5611000,14:14:18
56110,100,5611000,14:14:16
56110,200,11222000,14:14:15
56110,100,5611000,14:14:15
56120,300,16836000,14:14:15
56120,200,11224000,14:14:15
56130,600,33678000,14:14:12
56140,300,16842000,14:14:12
56140,100,5614000,14:14:12
56150,100,5615000,14:14:11
56160,100,5616000,14:14:09
56140,100,5614000,14:14:09
56150,100,5615000,14:14:08
56150,100,5615000,14:14:08
56150,100,5615000,14:14:08
56150,600,33690000,14:14:08
56170,100,5617000,14:13:52
56170,100,5617000,14:13:50
56170,100,5617000,14:13:49
56160,100,5616000,14:13:48
56160,100,5616000,14:13:48
56170,100,5617000,14:13:39
56170,100,5617000,14:13:39
56160,100,5616000,14:13:35
56160,200,11232000,14:13:26
56150,200,11230000,14:13:25
56140,100,5614000,14:13:18
56150,100,5615000,14:13:18
56150,100,5615000,14:13:18
56150,100,5615000,14:13:18
56150,100,5615000,14:13:16
56150,100,5615000,14:13:09
56160,100,5616000,14:13:09
56160,400,22464000,14:13:08
56160,100,5616000,14:13:08
56160,100,5616000,14:13:08
56160,100,5616000,14:13:08
56180,300,16854000,14:13:08
56170,100,5617000,14:13:07
56170,100,5617000,14:13:07
56170,100,5617000,14:13:05
56170,100,5617000,14:13:01
56170,100,5617000,14:13:01
56160,100,5616000,14:12:53
56170,100,5617000,14:12:53
56180,100,5618000,14:12:49
56170,100,5617000,14:12:47
56170,100,5617000,14:12:47
56160,100,5616000,14:12:47
56150,100,5615000,14:12:46
56150,100,5615000,14:12:46
56150,800,44920000,14:12:46
56140,500,28070000,14:12:42
56130,200,11226000,14:12:40
56130,100,5613000,14:12:40
56120,100,5612000,14:12:38
56130,200,11226000,14:12:26
56130,100,5613000,14:12:26
56120,100,5612000,14:12:18
56140,100,5614000,14:12:18
56140,200,11228000,14:12:17
56130,100,5613000,14:12:16
56130,100,5613000,14:12:15
56130,100,5613000,14:12:14
56120,100,5612000,14:12:14
56120,100,5612000,14:12:12
56120,100,5612000,14:12:10
56120,100,5612000,14:12:09
56120,200,11224000,14:12:09
56120,100,5612000,14:12:09
56120,100,5612000,14:12:09
56110,100,5611000,14:11:56
56110,100,5611000,14:11:55
56110,100,5611000,14:11:55
56110,100,5611000,14:11:48
56120,200,11224000,14:11:40
56110,100,5611000,14:11:34
56110,100,5611000,14:11:33
56120,300,16836000,14:11:32
56130,100,5613000,14:11:28
56130,100,5613000,14:11:24
56130,100,5613000,14:11:19
56140,100,5614000,14:11:12
56140,100,5614000,14:11:12
56130,400,22452000,14:11:12
56130,600,33678000,14:11:05
56120,100,5612000,14:11:04
56110,300,16833000,14:11:04
56110,100,5611000,14:11:04
56100,300,16830000,14:11:01
56090,100,5609000,14:11:01
56090,100,5609000,14:11:01
56080,200,11216000,14:10:59
56070,100,5607000,14:10:58
56070,100,5607000,14:10:58
56060,100,5606000,14:10:58
56050,300,16815000,14:10:58
56050,100,5605000,14:10:58
56050,100,5605000,14:10:58
56050,100,5605000,14:10:58
56030,100,5603000,14:10:58
56040,100,5604000,14:10:58
56050,100,5605000,14:10:46
56040,500,28020000,14:10:46
56050,100,5605000,14:10:44
56050,100,5605000,14:10:44
56050,100,5605000,14:10:44
56050,200,11210000,14:10:44
56050,200,11210000,14:10:44
56050,200,11210000,14:10:39
56060,100,5606000,14:10:39
56060,100,5606000,14:10:38
56070,300,16821000,14:10:37
56070,200,11214000,14:10:25
56070,100,5607000,14:10:25
56060,100,5606000,14:10:25
56050,200,11210000,14:10:21
56060,100,5606000,14:10:21
56060,200,11212000,14:10:21
56060,100,5606000,14:10:21
56060,100,5606000,14:10:21
56060,200,11212000,14:10:21
56070,100,5607000,14:10:21
56080,100,5608000,14:10:17
56080,100,5608000,14:10:11
56080,100,5608000,14:10:10
56080,100,5608000,14:10:10
56080,600,33648000,14:10:05
56090,100,5609000,14:10:05
56090,200,11218000,14:10:05
56090,100,5609000,14:10:05
56090,200,11218000,14:10:05
56100,100,5610000,14:10:04
56100,100,5610000,14:10:02
56110,100,5611000,14:10:02
56130,100,5613000,14:09:52
56130,200,11226000,14:09:50
56110,300,16833000,14:09:45
56110,100,5611000,14:09:45
56110,500,28055000,14:09:45
56090,100,5609000,14:09:40
56110,100,5611000,14:09:39
56120,100,5612000,14:09:34
56120,100,5612000,14:09:34
56110,100,5611000,14:09:30
56110,100,5611000,14:09:27
56100,500,28050000,14:09:26
56080,100,5608000,14:09:21
56090,100,5609000,14:09:16
56090,100,5609000,14:09:13
56090,100,5609000,14:09:13
56080,400,22432000,14:09:06
56070,300,16821000,14:09:00
56060,100,5606000,14:08:55
56050,100,5605000,14:08:55
56060,100,5606000,14:08:55
56070,100,5607000,14:08:54
56060,100,5606000,14:08:48
56050,100,5605000,14:08:44
56050,100,5605000,14:08:43
56040,300,16812000,14:08:37
56050,200,11210000,14:08:37
56080,100,5608000,14:08:34
56060,100,5606000,14:08:33
56070,100,5607000,14:08:31
56090,100,5609000,14:08:28
56080,100,5608000,14:08:27
56070,300,16821000,14:08:25
56060,200,11212000,14:08:24
56040,1000,56040000,14:08:20
56050,100,5605000,14:08:01
56070,300,16821000,14:08:01
56060,100,5606000,14:07:54
56060,100,5606000,14:07:54
56080,600,33648000,14:07:54
56070,700,39249000,14:07:54
56060,300,16818000,14:07:54
56050,100,5605000,14:07:53
56040,100,5604000,14:07:53
56030,100,5603000,14:07:53
56030,100,5603000,14:07:53
56040,3500,196140000,14:07:53
56030,500,28015000,14:07:53
56040,500,28020000,14:07:53
56040,200,11208000,14:07:52
56050,300,16815000,14:07:44
56050,100,5605000,14:07:43
56050,100,5605000,14:07:43
56050,100,5605000,14:07:30
56060,200,11212000,14:07:29
56050,300,16815000,14:07:23
56050,100,5605000,14:07:23
56050,400,22420000,14:07:23
56050,100,5605000,14:07:23
56060,200,11212000,14:07:21
56070,100,5607000,14:07:17
56060,100,5606000,14:07:13
56070,100,5607000,14:07:13
56070,100,5607000,14:07:12
56070,100,5607000,14:07:11
56070,200,11214000,14:07:09
56070,300,16821000,14:07:04
56070,100,5607000,14:06:57
56060,200,11212000,14:06:56
56080,100,5608000,14:06:55
56070,300,16821000,14:06:52
56070,100,5607000,14:06:52
56070,100,5607000,14:06:52
56070,100,5607000,14:06:52
56070,100,5607000,14:06:52
56060,100,5606000,14:06:49
56070,400,22428000,14:06:41
56070,100,5607000,14:06:41
56070,100,5607000,14:06:41
56080,100,5608000,14:06:40
56090,100,5609000,14:06:32
56100,100,5610000,14:06:32
56090,100,5609000,14:06:30
56080,100,5608000,14:06:29
56090,100,5609000,14:06:28
56090,400,22436000,14:06:27
56090,100,5609000,14:06:27
56080,200,11216000,14:06:26
56080,100,5608000,14:06:22
56080,100,5608000,14:06:20
56090,100,5609000,14:06:20
56090,100,5609000,14:06:19
56090,100,5609000,14:06:18
56100,100,5610000,14:06:11
56100,200,11220000,14:06:11
56110,100,5611000,14:06:10
56100,100,5610000,14:06:10
56100,100,5610000,14:05:56
56100,100,5610000,14:05:56
56100,100,5610000,14:05:56
56090,100,5609000,14:05:48
56090,100,5609000,14:05:46
56100,200,11220000,14:05:43
56090,100,5609000,14:05:36
56100,800,44880000,14:05:36
56100,300,16830000,14:05:36
56100,100,5610000,14:05:36
56110,100,5611000,14:05:34
56110,400,22444000,14:05:33
56120,100,5612000,14:05:31
56140,100,5614000,14:05:29
56140,100,5614000,14:05:29
56140,100,5614000,14:05:28
56150,100,5615000,14:05:27
56140,400,22456000,14:05:27
56130,100,5613000,14:05:27
56120,300,16836000,14:05:23
56130,100,5613000,14:05:19
56140,100,5614000,14:05:19
56150,700,39305000,14:05:19
56160,400,22464000,14:05:15
56160,100,5616000,14:05:13
56160,100,5616000,14:05:13
56160,100,5616000,14:05:12
56160,100,5616000,14:05:12
56160,100,5616000,14:05:11
56170,600,33702000,14:05:11
56180,100,5618000,14:05:05
56180,100,5618000,14:05:03
56180,300,16854000,14:05:03
56180,300,16854000,14:05:03
56180,100,5618000,14:05:02
56180,100,5618000,14:05:02
56190,100,5619000,14:05:00
56190,200,11238000,14:05:00
56190,100,5619000,14:04:57
56190,100,5619000,14:04:49
56200,700,39340000,14:04:49
56200,100,5620000,14:04:49
56210,100,5621000,14:04:48
56200,100,5620000,14:04:48
56200,100,5620000,14:04:48
56210,100,5621000,14:04:43
56210,100,5621000,14:04:43
56230,100,5623000,14:04:38
56220,100,5622000,14:04:38
56210,100,5621000,14:04:34
56210,100,5621000,14:04:32
56210,200,11242000,14:04:32
56210,100,5621000,14:04:26
56200,100,5620000,14:04:22
56200,100,5620000,14:04:22
56220,100,5622000,14:04:22
56210,700,39347000,14:04:20
56210,200,11242000,14:04:20
56210,600,33726000,14:04:20
56220,500,28110000,14:04:20
56230,100,5623000,14:04:20
56230,400,22492000,14:04:14
56230,100,5623000,14:04:09
56230,100,5623000,14:04:09
56240,100,5624000,14:04:01
56240,200,11248000,14:04:01
56240,100,5624000,14:03:49
56240,100,5624000,14:03:49
56230,100,5623000,14:03:48
56230,100,5623000,14:03:48
56230,600,33738000,14:03:45
56240,200,11248000,14:03:34
56250,100,5625000,14:03:34
56230,200,11246000,14:03:29
56230,100,5623000,14:03:26
56230,100,5623000,14:03:26
56250,100,5625000,14:03:16
56250,100,5625000,14:03:16
56240,100,5624000,14:03:14
56240,100,5624000,14:03:14
56230,100,5623000,14:03:06
56230,200,11246000,14:03:05
56240,100,5624000,14:03:05
56240,100,5624000,14:03:03
56240,100,5624000,14:03:03
56250,100,5625000,14:02:55
56250,100,5625000,14:02:55
56250,100,5625000,14:02:53
56250,800,45000000,14:02:50
56250,200,11250000,14:02:49
56250,100,5625000,14:02:48
56260,100,5626000,14:02:48
56260,100,5626000,14:02:48
56270,300,16881000,14:02:45
56270,100,5627000,14:02:45
56270,100,5627000,14:02:45
56280,400,22512000,14:02:43
56280,100,5628000,14:02:43
56290,100,5629000,14:02:41
56300,400,22520000,14:02:32
56290,100,5629000,14:02:27
56290,100,5629000,14:02:23
56300,200,11260000,14:02:20
56300,100,5630000,14:02:20
56300,100,5630000,14:02:20
56300,100,5630000,14:02:20
56290,100,5629000,14:02:11
56280,100,5628000,14:02:11
56290,100,5629000,14:02:11
56290,100,5629000,14:02:10
56290,100,5629000,14:02:10
56290,100,5629000,14:02:10
56290,100,5629000,14:02:08
56290,100,5629000,14:02:07
56310,100,5631000,14:02:02
56290,100,5629000,14:02:00
56300,100,5630000,14:01:59
56300,200,11260000,14:01:59
56310,200,11262000,14:01:59
56310,100,5631000,14:01:57
56310,100,5631000,14:01:51
56320,100,5632000,14:01:51
56320,200,11264000,14:01:51
56340,100,5634000,14:01:41
56330,200,11266000,14:01:41
56330,100,5633000,14:01:40
56330,100,5633000,14:01:40
56340,100,5634000,14:01:38
56340,100,5634000,14:01:38
56350,100,5635000,14:01:38
56340,300,16902000,14:01:36
56330,200,11266000,14:01:35
56310,200,11262000,14:01:33
56300,100,5630000,14:01:30
56290,200,11258000,14:01:29
56270,200,11254000,14:01:25
56270,300,16881000,14:01:25
56290,100,5629000,14:01:24
56270,100,5627000,14:01:18
56270,200,11254000,14:01:18
56270,100,5627000,14:01:18
56260,200,11252000,14:01:12
56270,100,5627000,14:01:08
56270,600,33762000,14:01:08
56280,300,16884000,14:01:05
56280,100,5628000,14:01:05
56280,200,11256000,14:01:05
56290,100,5629000,14:01:02
56290,100,5629000,14:00:59
56290,100,5629000,14:00:59
56290,100,5629000,14:00:58
56290,300,16887000,14:00:58
56300,100,5630000,14:00:53
56300,500,28150000,14:00:52
56310,100,5631000,14:00:47
56310,100,5631000,14:00:45
56310,200,11262000,14:00:37
56310,100,5631000,14:00:37
56310,100,5631000,14:00:37
56310,500,28155000,14:00:37
56320,300,16896000,14:00:32
56320,300,16896000,14:00:32
56340,200,11268000,14:00:19
56340,100,5634000,14:00:19
56320,100,5632000,14:00:15
56330,200,11266000,14:00:15
56330,100,5633000,14:00:15
56350,200,11270000,14:00:14
56350,100,5635000,14:00:12
56350,200,11270000,14:00:12
56350,700,39445000,14:00:12
56350,400,22540000,14:00:12
56340,900,50706000,14:00:12
56330,100,5633000,14:00:11
56340,100,5634000,14:00:06
56330,400,22532000,14:00:06
56330,100,5633000,14:00:06
56340,700,39438000,14:00:01
56340,300,16902000,14:00:01
56330,100,5633000,13:59:59
56330,100,5633000,13:59:55
56330,100,5633000,13:59:55
56330,100,5633000,13:59:53
56330,300,16899000,13:59:45
56320,400,22528000,13:59:45
56310,200,11262000,13:59:44
56310,800,45048000,13:59:44
56300,500,28150000,13:59:44
56300,100,5630000,13:59:44
56300,100,5630000,13:59:44
56280,100,5628000,13:59:43
56290,600,33774000,13:59:41
56290,300,16887000,13:59:41
56280,100,5628000,13:59:27
56280,100,5628000,13:59:27
56270,100,5627000,13:59:19
56280,100,5628000,13:59:17
56280,600,33768000,13:59:12
56290,100,5629000,13:59:09
56290,100,5629000,13:59:09
56300,100,5630000,13:58:42
56290,200,11258000,13:58:38
56290,100,5629000,13:58:38
56290,100,5629000,13:58:36
56280,100,5628000,13:58:30
56280,100,5628000,13:58:30
56270,100,5627000,13:58:30
56280,100,5628000,13:58:30
56280,100,5628000,13:58:23
56280,100,5628000,13:58:23
56280,100,5628000,13:58:21
56280,100,5628000,13:58:21
56290,100,5629000,13:58:14
56290,100,5629000,13:58:12
56290,100,5629000,13:58:12
56300,200,11260000,13:58:08
56300,100,5630000,13:57:59
56300,200,11260000,13:57:55
56290,200,11258000,13:57:55
56290,100,5629000,13:57:54
56290,100,5629000,13:57:53
56280,200,11256000,13:57:53
56280,100,5628000,13:57:52
56270,100,5627000,13:57:48
56270,200,11254000,13:57:47
56270,100,5627000,13:57:46
56270,100,5627000,13:57:46
56280,300,16884000,13:57:43
56280,400,22512000,13:57:43
56280,100,5628000,13:57:38
56290,700,39403000,13:57:38
56300,400,22520000,13:57:30
56310,300,16893000,13:57:30
56310,100,5631000,13:57:30
56320,100,5632000,13:57:29
56320,400,22528000,13:57:26
56330,100,5633000,13:57:20
56330,100,5633000,13:57:12
56320,100,5632000,13:57:10
56330,500,28165000,13:57:07
56320,700,39424000,13:57:07
56310,300,16893000,13:57:05
56310,100,5631000,13:57:05
56290,100,5629000,13:56:36
56290,100,5629000,13:56:36
56290,100,5629000,13:56:28
56300,100,5630000,13:56:28
56290,100,5629000,13:56:24
56300,100,5630000,13:56:23
56300,100,5630000,13:56:23
56300,100,5630000,13:56:23
56300,100,5630000,13:56:23
56310,100,5631000,13:56:02
56310,200,11262000,13:56:02
56320,100,5632000,13:55:48
56310,200,11262000,13:55:47
56310,100,5631000,13:55:47
56300,100,5630000,13:55:46
56300,200,11260000,13:55:30
56290,100,5629000,13:55:25
56290,100,5629000,13:55:15
56300,100,5630000,13:55:10
56300,100,5630000,13:54:48
56290,100,5629000,13:54:46
56280,100,5628000,13:54:44
56290,100,5629000,13:54:44
56290,100,5629000,13:54:44
56280,100,5628000,13:54:41
56290,100,5629000,13:54:40
56290,200,11258000,13:54:40
56300,100,5630000,13:54:39
56300,100,5630000,13:54:38
56300,300,16890000,13:54:38
56310,100,5631000,13:54:36
56310,100,5631000,13:54:36
56320,200,11264000,13:54:23
56310,300,16893000,13:54:22
56300,100,5630000,13:54:17
56300,200,11260000,13:54:17
56300,300,16890000,13:54:17
56300,100,5630000,13:54:17
56300,100,5630000,13:54:17
56310,200,11262000,13:54:17
56320,100,5632000,13:54:13
56320,100,5632000,13:54:04
56320,200,11264000,13:54:04
56310,100,5631000,13:53:55
56310,300,16893000,13:53:49
56310,100,5631000,13:53:49
56320,400,22528000,13:53:49
56320,100,5632000,13:53:49
56330,100,5633000,13:53:47
56320,100,5632000,13:53:44
56330,500,28165000,13:53:26
56340,100,5634000,13:53:24
56340,300,16902000,13:53:23
56340,100,5634000,13:53:23
56340,100,5634000,13:53:23
56340,100,5634000,13:53:19
56330,100,5633000,13:53:17
56330,100,5633000,13:53:17
56330,300,16899000,13:53:11
56320,100,5632000,13:53:04
56310,100,5631000,13:53:03
56320,100,5632000,13:53:03
56320,100,5632000,13:52:59
56320,300,16896000,13:52:59
56320,100,5632000,13:52:59
56320,400,22528000,13:52:47
56310,100,5631000,13:52:34
56320,100,5632000,13:52:32
56320,300,16896000,13:52:31
56320,100,5632000,13:52:22
56320,100,5632000,13:52:22
56320,100,5632000,13:52:22
56320,100,5632000,13:52:22
56330,200,11266000,13:52:18
56330,100,5633000,13:52:07
56320,500,28160000,13:52:05
56320,100,5632000,13:51:57
56310,600,33786000,13:51:53
56310,100,5631000,13:51:45
56320,100,5632000,13:51:38
56320,100,5632000,13:51:37
56310,100,5631000,13:51:37
56300,100,5630000,13:51:35
56300,300,16890000,13:51:31
56300,300,16890000,13:51:31
56300,100,5630000,13:51:30
56290,100,5629000,13:51:30
56290,100,5629000,13:51:29
56290,400,22516000,13:51:29
56290,300,16887000,13:51:29
56280,300,16884000,13:51:27
56280,100,5628000,13:51:26
56270,100,5627000,13:51:23
56270,100,5627000,13:51:23
56260,100,5626000,13:51:18
56260,100,5626000,13:51:18
56260,700,39382000,13:51:18
56250,700,39375000,13:51:18
56250,100,5625000,13:51:17
56230,100,5623000,13:51:17
56240,100,5624000,13:51:17
56240,300,16872000,13:51:17
56230,100,5623000,13:51:16
56240,100,5624000,13:51:10
56230,200,11246000,13:51:10
56230,100,5623000,13:51:10
56230,100,5623000,13:51:10
56220,300,16866000,13:51:07
56210,100,5621000,13:51:04
56210,100,5621000,13:50:53
56210,100,5621000,13:50:53
56210,100,5621000,13:50:51
56210,100,5621000,13:50:37
56220,100,5622000,13:50:35
56220,100,5622000,13:50:33
56220,300,16866000,13:50:33
56220,100,5622000,13:50:33
56210,100,5621000,13:50:21
56190,100,5619000,13:50:13
56200,100,5620000,13:50:11
56200,100,5620000,13:50:11
56200,100,5620000,13:50:11
56190,100,5619000,13:50:10
56200,100,5620000,13:50:10
56190,200,11238000,13:50:04
56180,200,11236000,13:50:01
56180,100,5618000,13:50:01
56180,100,5618000,13:50:01
56180,100,5618000,13:50:01
56190,100,5619000,13:50:01
56190,200,11238000,13:49:32
56190,900,50571000,13:49:32
56200,100,5620000,13:49:29
56210,100,5621000,13:49:05
56210,100,5621000,13:49:05
56200,100,5620000,13:49:00
56200,100,5620000,13:49:00
56200,100,5620000,13:48:44
56210,100,5621000,13:48:36
56190,100,5619000,13:48:32
56200,200,11240000,13:48:32
56210,300,16863000,13:48:28
56210,100,5621000,13:48:28
56210,100,5621000,13:48:28
56200,100,5620000,13:48:16
56200,200,11240000,13:48:16
56210,400,22484000,13:48:03
56210,100,5621000,13:48:03
56200,100,5620000,13:47:59
56200,400,22480000,13:47:57
56200,300,16860000,13:47:57
56200,100,5620000,13:47:57
56210,100,5621000,13:47:50
56210,200,11242000,13:47:42
56210,100,5621000,13:47:42
56210,200,11242000,13:47:42
56220,100,5622000,13:47:41
56220,100,5622000,13:47:41
56220,100,5622000,13:47:41
56220,100,5622000,13:47:41
56240,100,5624000,13:47:28
56230,100,5623000,13:47:27
56250,200,11250000,13:47:27
56240,100,5624000,13:47:22
56240,100,5624000,13:47:21
56230,100,5623000,13:47:20
56230,100,5623000,13:47:08
56220,100,5622000,13:47:06
56220,200,11244000,13:47:06
56220,100,5622000,13:47:06
56220,100,5622000,13:47:06
56220,400,22488000,13:47:06
56220,100,5622000,13:47:06
56230,100,5623000,13:46:51
56220,100,5622000,13:46:47
56220,100,5622000,13:46:47
56220,100,5622000,13:46:47
56220,100,5622000,13:46:47
56220,100,5622000,13:46:47
56220,100,5622000,13:46:47
56230,100,5623000,13:46:46
56230,500,28115000,13:46:46
56230,100,5623000,13:46:46
56240,100,5624000,13:46:39
56250,100,5625000,13:46:38
56240,100,5624000,13:46:22
56240,200,11248000,13:46:22
56240,500,28120000,13:46:10
56240,100,5624000,13:46:10
56250,200,11250000,13:46:07
56250,300,16875000,13:46:07
56260,400,22504000,13:46:06
56260,100,5626000,13:46:01
56270,300,16881000,13:45:55
56270,200,11254000,13:45:55
56270,400,22508000,13:45:55
56270,100,5627000,13:45:36
56270,100,5627000,13:45:30
56260,100,5626000,13:45:30
56260,100,5626000,13:45:29
56270,700,39389000,13:45:28
56260,500,28130000,13:45:28
56260,100,5626000,13:45:28
56260,100,5626000,13:45:28
56250,100,5625000,13:45:26
56240,100,5624000,13:45:25
56240,200,11248000,13:45:25
56260,100,5626000,13:45:04
56250,300,16875000,13:45:03
56250,100,5625000,13:45:03
56240,1000,56240000,13:44:52
56250,100,5625000,13:44:50
56260,100,5626000,13:44:44
56250,100,5625000,13:44:32
56240,100,5624000,13:44:30
56240,200,11248000,13:44:29
56260,500,28130000,13:44:17
56250,700,39375000,13:44:17
56240,100,5624000,13:44:17
56240,300,16872000,13:44:17
56240,300,16872000,13:44:13
56240,100,5624000,13:44:10
56240,100,5624000,13:44:10
56250,100,5625000,13:43:59
56260,100,5626000,13:43:55
56240,100,5624000,13:43:53
56260,100,5626000,13:43:52
56250,100,5625000,13:43:38
56240,100,5624000,13:43:30
56240,100,5624000,13:43:29
56250,100,5625000,13:43:29
56250,100,5625000,13:43:27
56250,100,5625000,13:43:17
56250,100,5625000,13:43:17
56250,100,5625000,13:43:14
56270,100,5627000,13:43:08
56270,100,5627000,13:43:08
56260,400,22504000,13:43:08
56250,400,22500000,13:43:08
56240,100,5624000,13:42:56
56250,400,22500000,13:42:55
56240,300,16872000,13:42:51
56240,100,5624000,13:42:31
56230,100,5623000,13:42:31
56220,100,5622000,13:42:31
56220,100,5622000,13:42:28
56220,100,5622000,13:42:16
56210,200,11242000,13:42:15
56200,200,11240000,13:42:14
56190,100,5619000,13:42:12
56200,100,5620000,13:42:12
56200,100,5620000,13:42:12
56200,100,5620000,13:42:12
56200,100,5620000,13:42:12
56210,100,5621000,13:42:05
56210,400,22484000,13:42:05
56210,100,5621000,13:41:46
56200,100,5620000,13:41:44
56200,100,5620000,13:41:39
56200,100,5620000,13:41:38
56220,100,5622000,13:41:31
56210,100,5621000,13:41:28
56210,100,5621000,13:41:21
56210,100,5621000,13:41:21
56200,100,5620000,13:41:18
56200,100,5620000,13:41:18
56200,200,11240000,13:41:18
56200,100,5620000,13:41:18
56200,300,16860000,13:41:18
56200,100,5620000,13:41:18
56210,100,5621000,13:41:13
56210,100,5621000,13:41:13
56200,100,5620000,13:41:12
56210,100,5621000,13:41:01
56210,100,5621000,13:40:58
56230,400,22492000,13:40:58
56230,100,5623000,13:40:58
56230,100,5623000,13:40:58
56250,100,5625000,13:40:51
56250,100,5625000,13:40:50
56240,100,5624000,13:40:48
56240,400,22496000,13:40:44
56250,100,5625000,13:40:41
56250,400,22500000,13:40:39
56260,100,5626000,13:40:38
56260,100,5626000,13:40:33
56250,100,5625000,13:40:29
56260,200,11252000,13:40:29
56260,100,5626000,13:40:29
56260,300,16878000,13:40:16
56260,100,5626000,13:40:13
56250,100,5625000,13:40:07
56250,100,5625000,13:39:49
56240,300,16872000,13:39:39
56240,100,5624000,13:39:39
56220,100,5622000,13:39:30
56230,100,5623000,13:39:29
56230,100,5623000,13:39:21
56230,100,5623000,13:39:21
56220,200,11244000,13:39:20
56210,300,16863000,13:39:20
56200,100,5620000,13:39:17
56200,100,5620000,13:39:09
56200,100,5620000,13:39:09
56210,100,5621000,13:39:04
56210,400,22484000,13:39:04
56210,100,5621000,13:39:04
56210,100,5621000,13:38:55
56210,100,5621000,13:38:55
56210,100,5621000,13:38:51
56200,100,5620000,13:38:47
56200,100,5620000,13:38:36
56200,100,5620000,13:38:36
56190,100,5619000,13:38:33
56190,100,5619000,13:38:33
56190,100,5619000,13:38:33
56190,200,11238000,13:38:33
56200,200,11240000,13:38:31
56200,100,5620000,13:38:31
56210,100,5621000,13:38:30
56220,100,5622000,13:38:30
56220,100,5622000,13:38:21
56220,100,5622000,13:38:18
56230,100,5623000,13:38:16
56250,100,5625000,13:38:11
56230,500,28115000,13:38:10
56250,200,11250000,13:38:09
56250,900,50625000,13:38:09
56240,700,39368000,13:38:09
56240,100,5624000,13:38:09
56230,200,11246000,13:38:08
56220,100,5622000,13:38:08
56220,1100,61842000,13:38:08
56210,100,5621000,13:38:08
56200,100,5620000,13:38:07
56210,100,5621000,13:38:07
56200,100,5620000,13:37:59
56200,100,5620000,13:37:59
56200,100,5620000,13:37:59
56190,100,5619000,13:37:58
56200,100,5620000,13:37:58
56200,200,11240000,13:37:50
56210,100,5621000,13:37:46
56210,100,5621000,13:37:46
56210,100,5621000,13:37:42
56200,100,5620000,13:37:40
56210,200,11242000,13:37:28
56200,300,16860000,13:37:19
56190,100,5619000,13:37:15
56200,100,5620000,13:37:15
56210,100,5621000,13:37:12
56190,100,5619000,13:37:04
56210,300,16863000,13:37:03
56210,100,5621000,13:37:00
56200,500,28100000,13:37:00
56190,100,5619000,13:36:57
56190,100,5619000,13:36:57
56190,100,5619000,13:36:57
56180,200,11236000,13:36:57
56180,100,5618000,13:36:51
56180,100,5618000,13:36:50
56180,100,5618000,13:36:47
56170,200,11234000,13:36:47
56160,400,22464000,13:36:45
56150,100,5615000,13:36:40
56150,100,5615000,13:36:40
56150,100,5615000,13:36:40
56140,100,5614000,13:36:36
56140,100,5614000,13:36:36
56120,100,5612000,13:36:34
56140,400,22456000,13:36:33
56130,100,5613000,13:36:33
56130,100,5613000,13:36:23
56120,100,5612000,13:36:22
56130,100,5613000,13:36:22
56150,200,11230000,13:35:53
56130,100,5613000,13:35:53
56140,100,5614000,13:35:53
56150,100,5615000,13:35:42
56150,400,22460000,13:35:42
56150,100,5615000,13:35:42
56150,100,5615000,13:35:42
56150,100,5615000,13:35:42
56140,100,5614000,13:35:39
56130,200,11226000,13:35:36
56140,100,5614000,13:35:36
56140,100,5614000,13:35:36
56140,100,5614000,13:35:36
56140,100,5614000,13:35:34
56140,100,5614000,13:35:25
56140,400,22456000,13:35:25
56130,300,16839000,13:35:16
56140,100,5614000,13:35:15
56140,100,5614000,13:35:15
56140,100,5614000,13:35:14
56120,100,5612000,13:35:13
56130,100,5613000,13:35:13
56120,400,22448000,13:35:05
56120,100,5612000,13:35:05
56130,200,11226000,13:35:05
56140,300,16842000,13:34:58
56140,100,5614000,13:34:58
56140,100,5614000,13:34:58
56140,200,11228000,13:34:58
56120,100,5612000,13:34:57
56130,100,5613000,13:34:53
56140,200,11228000,13:34:45
56120,100,5612000,13:34:44
56120,300,16836000,13:34:43
56130,400,22452000,13:34:43
56140,100,5614000,13:34:43
56140,100,5614000,13:34:43
56140,400,22456000,13:34:43
56140,100,5614000,13:34:43
56150,700,39305000,13:34:40
56140,100,5614000,13:34:34
56140,400,22456000,13:34:34
56130,100,5613000,13:34:25
56130,100,5613000,13:34:19
56140,100,5614000,13:34:08
56140,100,5614000,13:34:08
56140,500,28070000,13:34:08
56140,100,5614000,13:34:07
56140,100,5614000,13:34:06
56150,400,22460000,13:34:06
56150,100,5615000,13:34:06
56160,200,11232000,13:33:59
56160,100,5616000,13:33:59
56160,100,5616000,13:33:59
56160,100,5616000,13:33:59
56160,100,5616000,13:33:59
56170,100,5617000,13:33:54
56180,100,5618000,13:33:52
56190,400,22476000,13:33:45
56190,100,5619000,13:33:27
56200,200,11240000,13:33:27
56200,200,11240000,13:33:13
56210,300,16863000,13:33:13
56220,100,5622000,13:33:08
56230,100,5623000,13:33:03
56220,200,11244000,13:33:03
56220,100,5622000,13:33:03
56210,200,11242000,13:33:02
56210,100,5621000,13:33:02
56200,100,5620000,13:33:02
56190,200,11238000,13:32:57
56190,100,5619000,13:32:57
56180,100,5618000,13:32:55
56170,200,11234000,13:32:51
56160,100,5616000,13:32:42
56160,200,11232000,13:32:41
56160,100,5616000,13:32:41
56180,100,5618000,13:32:40
56170,100,5617000,13:32:40
56170,100,5617000,13:32:40
56180,600,33708000,13:32:40
56190,800,44952000,13:32:40
56200,100,5620000,13:32:38
56200,200,11240000,13:32:38
56200,100,5620000,13:32:38
56200,100,5620000,13:32:38
56200,400,22480000,13:32:38
56200,200,11240000,13:32:38
56200,100,5620000,13:32:38
56220,100,5622000,13:32:24
56200,100,5620000,13:32:13
56210,100,5621000,13:32:13
56210,100,5621000,13:32:13
56220,100,5622000,13:32:04
56220,300,16866000,13:32:03
56230,100,5623000,13:31:27
56230,100,5623000,13:31:27
56220,400,22488000,13:31:25
56220,100,5622000,13:31:25
56220,100,5622000,13:31:23
56220,100,5622000,13:31:15
56220,100,5622000,13:30:59
56210,100,5621000,13:30:51
56230,100,5623000,13:30:51
56230,100,5623000,13:30:50
56230,100,5623000,13:30:50
56210,100,5621000,13:30:47
56220,100,5622000,13:30:47
56210,100,5621000,13:30:40
56200,100,5620000,13:30:38
56200,100,5620000,13:30:37
56200,100,5620000,13:30:37
56200,100,5620000,13:30:37
56220,100,5622000,13:30:34
56210,600,33726000,13:30:33
56210,100,5621000,13:30:33
56210,100,5621000,13:30:33
56220,500,28110000,13:30:31
56220,100,5622000,13:30:31
56240,100,5624000,13:30:19
56220,100,5622000,13:30:17
56230,400,22492000,13:30:17
56240,200,11248000,13:30:13
56240,100,5624000,13:30:05
56240,100,5624000,13:29:58
56230,100,5623000,13:29:56
56240,100,5624000,13:29:55
56240,100,5624000,13:29:52
56240,100,5624000,13:29:45
56240,100,5624000,13:29:39
56240,300,16872000,13:29:39
56230,200,11246000,13:29:26
56240,100,5624000,13:29:09
56250,100,5625000,13:29:09
56250,100,5625000,13:29:02
56250,100,5625000,13:28:56
56240,100,5624000,13:28:53
56250,100,5625000,13:28:53
56250,500,28125000,13:28:41
56250,100,5625000,13:28:41
56240,300,16872000,13:28:41
56230,100,5623000,13:28:28
56230,100,5623000,13:28:28
56230,100,5623000,13:28:25
56220,100,5622000,13:28:22
56220,100,5622000,13:28:22
56220,100,5622000,13:28:22
56210,100,5621000,13:28:18
56210,400,22484000,13:28:16
56210,500,28105000,13:28:12
56210,100,5621000,13:28:12
56210,100,5621000,13:28:02
56220,400,22488000,13:27:59
56220,100,5622000,13:27:58
56230,100,5623000,13:27:52
56230,100,5623000,13:27:52
56230,100,5623000,13:27:52
56230,100,5623000,13:27:52
56230,100,5623000,13:27:52
56240,200,11248000,13:27:47
56240,100,5624000,13:27:42
56240,100,5624000,13:27:36
56240,300,16872000,13:27:33
56250,100,5625000,13:27:24
56240,100,5624000,13:27:06
56250,400,22500000,13:27:03
56250,100,5625000,13:27:03
56250,100,5625000,13:27:03
56240,200,11248000,13:26:56
56250,200,11250000,13:26:53
56250,100,5625000,13:26:53
56260,100,5626000,13:26:38
56260,100,5626000,13:26:36
56250,100,5625000,13:26:25
56260,100,5626000,13:26:21
56260,100,5626000,13:26:16
56250,200,11250000,13:26:14
56250,100,5625000,13:26:14
56250,100,5625000,13:26:14
56270,200,11254000,13:26:05
56280,100,5628000,13:26:04
56280,100,5628000,13:25:56
56290,100,5629000,13:25:54
56280,100,5628000,13:25:52
56270,300,16881000,13:25:51
56270,100,5627000,13:25:51
56260,100,5626000,13:25:48
56260,100,5626000,13:25:48
56250,100,5625000,13:25:35
56240,100,5624000,13:25:34
56240,100,5624000,13:25:30
56240,200,11248000,13:25:29
56250,100,5625000,13:25:29
56270,200,11254000,13:25:19
56260,100,5626000,13:25:09
56260,200,11252000,13:25:09
56270,100,5627000,13:25:03
56290,900,50661000,13:25:00
56280,500,28140000,13:25:00
56270,100,5627000,13:25:00
56270,200,11254000,13:25:00
56270,100,5627000,13:25:00
56270,100,5627000,13:24:56
56270,200,11254000,13:24:56
56270,100,5627000,13:24:53
56260,200,11252000,13:24:53
56260,300,16878000,13:24:53
56250,100,5625000,13:24:51
56250,100,5625000,13:24:42
56250,200,11250000,13:24:35
56240,200,11248000,13:24:34
56240,100,5624000,13:24:34
56230,100,5623000,13:24:25
56230,100,5623000,13:24:19
56230,100,5623000,13:24:17
56230,200,11246000,13:24:17
56230,200,11246000,13:24:17
56220,100,5622000,13:24:14
56220,100,5622000,13:24:08
56210,200,11242000,13:24:05
56210,1200,67452000,13:24:05
56220,100,5622000,13:24:01
56220,1100,61842000,13:24:01
56230,100,5623000,13:23:57
56230,100,5623000,13:23:57
56230,100,5623000,13:23:40
56230,100,5623000,13:23:40
56230,100,5623000,13:23:40
56230,100,5623000,13:23:40
56240,100,5624000,13:23:19
56250,100,5625000,13:23:09
56250,500,28125000,13:23:01
56230,100,5623000,13:22:51
56240,100,5624000,13:22:51
56240,200,11248000,13:22:51
56240,100,5624000,13:22:51
56220,100,5622000,13:22:42
56240,300,16872000,13:22:32
56230,100,5623000,13:22:27
56230,100,5623000,13:22:27
56220,300,16866000,13:22:25
56220,200,11244000,13:22:16
56220,100,5622000,13:22:16
56230,100,5623000,13:22:00
56230,100,5623000,13:22:00
56230,100,5623000,13:22:00
56230,100,5623000,13:22:00
56220,100,5622000,13:21:53
56220,100,5622000,13:21:53
56220,100,5622000,13:21:53
56220,100,5622000,13:21:52
56220,100,5622000,13:21:48
56220,200,11244000,13:21:48
56220,100,5622000,13:21:48
56220,100,5622000,13:21:48
56230,100,5623000,13:21:46
56230,100,5623000,13:21:32
56240,200,11248000,13:21:13
56240,100,5624000,13:21:13
56240,100,5624000,13:21:11
56240,100,5624000,13:21:11
56240,100,5624000,13:21:11
56240,100,5624000,13:21:11
56240,100,5624000,13:21:11
56240,400,22496000,13:20:52
56240,100,5624000,13:20:52
56250,100,5625000,13:20:47
56250,100,5625000,13:20:47
56240,600,33744000,13:20:40
56230,100,5623000,13:20:39
56230,100,5623000,13:20:39
56220,100,5622000,13:20:34
56220,100,5622000,13:20:32
56210,100,5621000,13:20:30
56220,600,33732000,13:20:30
56230,100,5623000,13:20:26
56230,100,5623000,13:20:23
56230,100,5623000,13:20:23
56230,100,5623000,13:20:23
56230,700,39361000,13:20:16
56240,100,5624000,13:20:04
56260,100,5626000,13:19:58
56250,100,5625000,13:19:52
56250,100,5625000,13:19:43
56250,100,5625000,13:19:43
56240,100,5624000,13:19:39
56230,100,5623000,13:19:38
56240,100,5624000,13:19:38
56240,100,5624000,13:19:36
56240,100,5624000,13:19:36
56250,100,5625000,13:19:36
56260,100,5626000,13:19:36
56260,300,16878000,13:19:36
56270,100,5627000,13:19:33
56280,100,5628000,13:19:28
56270,100,5627000,13:19:26
56280,100,5628000,13:19:21
56280,100,5628000,13:19:15
56290,100,5629000,13:19:11
56300,300,16890000,13:19:06
56290,200,11258000,13:19:06
56290,200,11258000,13:19:06
56280,100,5628000,13:19:06
56290,100,5629000,13:19:06
56270,100,5627000,13:18:58
56290,300,16887000,13:18:34
56290,100,5629000,13:18:33
56270,100,5627000,13:18:30
56270,100,5627000,13:18:30
56260,100,5626000,13:18:26
56260,100,5626000,13:18:26
56260,200,11252000,13:18:25
56260,100,5626000,13:18:25
56260,100,5626000,13:18:18
56240,100,5624000,13:18:09
56240,100,5624000,13:18:09
56230,100,5623000,13:18:08
56230,100,5623000,13:18:08
56230,100,5623000,13:18:08
56230,100,5623000,13:18:08
56230,100,5623000,13:18:08
56230,200,11246000,13:18:02
56230,100,5623000,13:18:02
56230,200,11246000,13:18:02
56230,100,5623000,13:18:02
56230,100,5623000,13:18:02
56240,100,5624000,13:18:00
56240,100,5624000,13:18:00
56240,100,5624000,13:17:55
56250,500,28125000,13:17:52
56260,100,5626000,13:17:50
56260,200,11252000,13:17:50
56260,100,5626000,13:17:50
56270,300,16881000,13:17:43
56270,100,5627000,13:17:39
56280,100,5628000,13:17:32
56290,100,5629000,13:17:29
56280,200,11256000,13:17:27
56280,100,5628000,13:17:13
56280,100,5628000,13:17:13
56280,100,5628000,13:17:10
56260,100,5626000,13:17:02
56280,100,5628000,13:16:57
56290,100,5629000,13:16:55
56290,100,5629000,13:16:48
56300,800,45040000,13:16:42
56290,400,22516000,13:16:42
56280,100,5628000,13:16:41
56280,200,11256000,13:16:41
56280,100,5628000,13:16:41
56290,200,11258000,13:16:40
56290,100,5629000,13:16:40
56290,100,5629000,13:16:40
56290,100,5629000,13:16:40
56300,100,5630000,13:16:40
56300,200,11260000,13:16:25
56310,200,11262000,13:16:25
56320,200,11264000,13:16:20
56310,100,5631000,13:16:19
56300,200,11260000,13:16:18
56310,300,16893000,13:16:15
56300,100,5630000,13:16:14
56300,100,5630000,13:16:12
56290,100,5629000,13:16:00
56300,100,5630000,13:15:52
56300,100,5630000,13:15:50
56300,100,5630000,13:15:36
56300,100,5630000,13:15:32
56310,300,16893000,13:15:27
56310,100,5631000,13:15:27
56320,100,5632000,13:15:25
56320,100,5632000,13:15:20
56320,100,5632000,13:15:19
56310,100,5631000,13:15:15
56310,200,11262000,13:15:15
56310,100,5631000,13:15:15
56300,300,16890000,13:15:11
56300,100,5630000,13:15:11
56300,100,5630000,13:15:09
56310,100,5631000,13:15:03
56310,100,5631000,13:15:03
56310,100,5631000,13:15:03
56300,100,5630000,13:15:03
56300,100,5630000,13:15:03
56290,200,11258000,13:15:03
56290,300,16887000,13:15:00
56290,100,5629000,13:15:00
56290,100,5629000,13:15:00
56300,300,16890000,13:14:59
56300,100,5630000,13:14:59
56300,100,5630000,13:14:59
56310,300,16893000,13:14:52
56310,100,5631000,13:14:52
56310,100,5631000,13:14:52
56310,100,5631000,13:14:52
56320,100,5632000,13:14:49
56330,100,5633000,13:14:34
56330,100,5633000,13:14:34
56330,100,5633000,13:14:34
56320,100,5632000,13:14:31
56320,100,5632000,13:14:31
56330,100,5633000,13:14:20
56330,100,5633000,13:14:17
56330,100,5633000,13:14:13
56330,200,11266000,13:14:13
56350,100,5635000,13:14:05
56340,100,5634000,13:14:01
56350,100,5635000,13:13:58
56350,100,5635000,13:13:52
56350,100,5635000,13:13:52
56350,100,5635000,13:13:52
56350,100,5635000,13:13:50
56350,300,16905000,13:13:50
56350,100,5635000,13:13:45
56350,100,5635000,13:13:41
56340,100,5634000,13:13:38
56340,200,11268000,13:13:36
56330,100,5633000,13:13:33
56350,100,5635000,13:13:33
56350,100,5635000,13:13:30
56350,200,11270000,13:13:30
56350,100,5635000,13:13:29
56340,100,5634000,13:13:28
56340,100,5634000,13:13:28
56330,100,5633000,13:13:24
56350,100,5635000,13:13:22
56340,100,5634000,13:13:21
56350,100,5635000,13:13:19
56340,100,5634000,13:13:15
56340,100,5634000,13:13:14
56350,100,5635000,13:13:03
56350,100,5635000,13:13:01
56350,100,5635000,13:13:00
56350,100,5635000,13:12:59
56340,100,5634000,13:12:59
56330,100,5633000,13:12:58
56330,100,5633000,13:12:58
56320,100,5632000,13:12:58
56320,200,11264000,13:12:58
56310,100,5631000,13:12:56
56290,100,5629000,13:12:55
56300,600,33780000,13:12:53
56290,200,11258000,13:12:53
56280,200,11256000,13:12:52
56280,100,5628000,13:12:52
56280,100,5628000,13:12:52
56270,100,5627000,13:12:50
56270,100,5627000,13:12:50
56250,100,5625000,13:12:45
56260,100,5626000,13:12:45
56260,300,16878000,13:12:34
56260,100,5626000,13:12:34
56250,100,5625000,13:12:27
56250,100,5625000,13:12:26
56260,100,5626000,13:12:26
56270,400,22508000,13:12:21
56270,100,5627000,13:12:21
56260,100,5626000,13:12:07
56260,100,5626000,13:12:07
56260,300,16878000,13:12:06
56250,200,11250000,13:12:05
56240,100,5624000,13:12:01
56240,100,5624000,13:12:01
56230,100,5623000,13:11:59
56230,100,5623000,13:11:57
56230,100,5623000,13:11:42
56240,100,5624000,13:11:40
56250,200,11250000,13:11:40
56260,100,5626000,13:11:36
56260,200,11252000,13:11:34
56260,100,5626000,13:11:34
56260,100,5626000,13:11:34
56250,100,5625000,13:11:29
56250,100,5625000,13:11:29
56250,100,5625000,13:11:25
56250,100,5625000,13:11:22
56260,100,5626000,13:11:13
56260,100,5626000,13:11:13
56260,100,5626000,13:11:13
56230,100,5623000,13:11:12
56240,100,5624000,13:11:12
56250,200,11250000,13:11:12
56260,100,5626000,13:11:02
56270,100,5627000,13:11:02
56270,100,5627000,13:11:00
56270,100,5627000,13:11:00
56270,100,5627000,13:10:55
56270,100,5627000,13:10:54
56270,100,5627000,13:10:54
56260,100,5626000,13:10:54
56270,300,16881000,13:10:53
56270,100,5627000,13:10:53
56280,100,5628000,13:10:52
56280,400,22512000,13:10:49
56300,100,5630000,13:10:49
56290,100,5629000,13:10:48
56290,100,5629000,13:10:44
56290,100,5629000,13:10:42
56290,100,5629000,13:10:42
56290,300,16887000,13:10:42
56290,300,16887000,13:10:42
56290,100,5629000,13:10:42
56280,100,5628000,13:10:41
56270,100,5627000,13:10:23
56280,100,5628000,13:10:23
56280,100,5628000,13:10:23
56280,100,5628000,13:10:20
56270,300,16881000,13:10:18
56270,100,5627000,13:10:18
56260,100,5626000,13:10:14
56260,100,5626000,13:10:14
56260,100,5626000,13:10:14
56260,100,5626000,13:10:14
56250,100,5625000,13:10:10
56250,100,5625000,13:10:10
56240,100,5624000,13:10:02
56250,100,5625000,13:10:02
56240,200,11248000,13:10:02
56240,200,11248000,13:10:02
56250,100,5625000,13:10:02
56250,100,5625000,13:10:01
56250,100,5625000,13:09:50
56250,100,5625000,13:09:49
56240,100,5624000,13:09:48
56250,100,5625000,13:09:48
56250,100,5625000,13:09:48
56240,100,5624000,13:09:42
56260,100,5626000,13:09:37
56250,200,11250000,13:09:35
56240,100,5624000,13:09:35
56240,100,5624000,13:09:30
56240,100,5624000,13:09:30
56220,100,5622000,13:09:28
56220,200,11244000,13:09:28
56210,100,5621000,13:09:28
56210,100,5621000,13:09:26
56210,100,5621000,13:09:25
56200,100,5620000,13:09:23
56200,100,5620000,13:09:23
56210,100,5621000,13:09:23
56190,100,5619000,13:09:22
56190,100,5619000,13:09:22
56200,100,5620000,13:09:22
56190,100,5619000,13:09:22
56200,1100,61820000,13:09:22
56210,100,5621000,13:09:20
56210,100,5621000,13:09:18
56210,100,5621000,13:09:17
56220,100,5622000,13:09:15
56210,100,5621000,13:09:12
56220,100,5622000,13:09:12
56220,100,5622000,13:09:12
56230,100,5623000,13:09:12
56230,100,5623000,13:09:12
56250,100,5625000,13:09:03
56250,100,5625000,13:09:03
56260,100,5626000,13:08:56
56240,100,5624000,13:08:52
56230,100,5623000,13:08:48
56230,100,5623000,13:08:48
56230,200,11246000,13:08:48
56230,100,5623000,13:08:45
56230,100,5623000,13:08:42
56230,100,5623000,13:08:42
56230,100,5623000,13:08:42
56240,100,5624000,13:08:42
56240,100,5624000,13:08:42
56250,100,5625000,13:08:42
56250,100,5625000,13:08:40
56250,100,5625000,13:08:35
56240,100,5624000,13:08:35
56250,100,5625000,13:08:35
56250,200,11250000,13:08:32
56250,100,5625000,13:08:27
56250,100,5625000,13:08:25
56250,100,5625000,13:08:25
56260,100,5626000,13:08:25
56270,100,5627000,13:08:20
56270,100,5627000,13:08:20
56290,100,5629000,13:08:13
56280,100,5628000,13:08:11
56310,600,33786000,13:08:07
56300,500,28150000,13:08:07
56290,200,11258000,13:08:07
56280,100,5628000,13:08:06
56280,200,11256000,13:08:06
56280,100,5628000,13:08:06
56280,100,5628000,13:08:06
56290,100,5629000,13:08:05
56290,100,5629000,13:08:05
56290,100,5629000,13:08:05
56300,200,11260000,13:08:04
56300,100,5630000,13:08:04
56310,100,5631000,13:08:02
56330,200,11266000,13:08:00
56320,100,5632000,13:08:00
56310,100,5631000,13:07:58
56300,100,5630000,13:07:54
56300,200,11260000,13:07:54
56300,100,5630000,13:07:54
56290,100,5629000,13:07:53
56300,100,5630000,13:07:51
56300,100,5630000,13:07:51
56310,100,5631000,13:07:51
56310,100,5631000,13:07:51
56310,200,11262000,13:07:49
56310,100,5631000,13:07:47
56310,100,5631000,13:07:45
56320,100,5632000,13:07:44
56300,100,5630000,13:07:44
56320,100,5632000,13:07:44
56330,100,5633000,13:07:42
56310,200,11262000,13:07:41
56310,100,5631000,13:07:41
56290,100,5629000,13:07:35
56280,100,5628000,13:07:34
56300,100,5630000,13:07:34
56300,100,5630000,13:07:32
56300,100,5630000,13:07:31
56290,100,5629000,13:07:31
56290,200,11258000,13:07:31
56290,200,11258000,13:07:31
56290,100,5629000,13:07:31
56290,400,22516000,13:07:31
56290,300,16887000,13:07:31
56290,200,11258000,13:07:31
56290,200,11258000,13:07:29
56280,100,5628000,13:07:27
56280,100,5628000,13:07:27
56280,200,11256000,13:07:27
56280,100,5628000,13:07:27
56260,100,5626000,13:07:18
56270,100,5627000,13:07:13
56260,100,5626000,13:07:06
56260,100,5626000,13:07:06
56270,200,11254000,13:07:04
56270,100,5627000,13:07:04
56260,100,5626000,13:07:02
56260,200,11252000,13:07:02
56260,100,5626000,13:07:02
56260,100,5626000,13:07:01
56240,100,5624000,13:06:58
56240,200,11248000,13:06:58
56240,100,5624000,13:06:47
56240,100,5624000,13:06:44
56240,200,11248000,13:06:44
56260,100,5626000,13:06:41
56250,100,5625000,13:06:40
56230,100,5623000,13:06:39
56240,100,5624000,13:06:36
56250,900,50625000,13:06:36
56260,100,5626000,13:06:36
56270,100,5627000,13:06:32
56270,100,5627000,13:06:30
56270,100,5627000,13:06:30
56270,100,5627000,13:06:30
56270,100,5627000,13:06:29
56250,100,5625000,13:06:25
56260,400,22504000,13:06:25
56260,200,11252000,13:06:25
56250,100,5625000,13:06:21
56250,200,11250000,13:06:21
56240,100,5624000,13:06:19
56230,100,5623000,13:06:14
56230,100,5623000,13:06:08
56220,100,5622000,13:06:06
56210,200,11242000,13:06:03
56220,100,5622000,13:06:03
56230,100,5623000,13:06:00
56230,100,5623000,13:05:54
56240,100,5624000,13:05:54
56240,100,5624000,13:05:54
56250,100,5625000,13:05:53
56250,100,5625000,13:05:52
56250,100,5625000,13:05:52
56240,100,5624000,13:05:47
56240,100,5624000,13:05:46
56240,100,5624000,13:05:38
56210,100,5621000,13:05:38
56230,200,11246000,13:05:38
56220,300,16866000,13:05:38
56210,100,5621000,13:05:37
56220,100,5622000,13:05:35
56220,100,5622000,13:05:34
56220,100,5622000,13:05:34
56230,200,11246000,13:05:33
56250,100,5625000,13:05:32
56240,500,28120000,13:05:32
56240,400,22496000,13:05:32
56260,200,11252000,13:05:28
56260,200,11252000,13:05:28
56260,100,5626000,13:05:28
56240,100,5624000,13:05:26
56240,100,5624000,13:05:25
56240,100,5624000,13:05:24
56240,200,11248000,13:05:24
56250,100,5625000,13:05:23
56250,600,33750000,13:05:22
56240,100,5624000,13:05:21
56240,100,5624000,13:05:19
56240,100,5624000,13:05:18
56250,100,5625000,13:05:18
56250,100,5625000,13:05:18
56260,100,5626000,13:05:15
56260,100,5626000,13:05:15
56260,100,5626000,13:05:10
56270,100,5627000,13:05:09
56250,100,5625000,13:05:08
56260,100,5626000,13:05:08
56260,100,5626000,13:05:08
56270,100,5627000,13:05:07
56280,100,5628000,13:05:07
56280,100,5628000,13:05:07
56290,100,5629000,13:05:06
56290,100,5629000,13:05:06
56300,900,50670000,13:05:06
56310,100,5631000,13:05:04
56330,100,5633000,13:04:58
56330,100,5633000,13:04:56
56320,200,11264000,13:04:56
56310,100,5631000,13:04:54
56320,200,11264000,13:04:54
56320,100,5632000,13:04:54
56330,100,5633000,13:04:54
56330,100,5633000,13:04:51
56330,400,22532000,13:04:51
56340,100,5634000,13:04:50
56340,100,5634000,13:04:42
56350,100,5635000,13:04:42
56350,100,5635000,13:04:39
56350,100,5635000,13:04:34
56340,100,5634000,13:04:30
56330,100,5633000,13:04:29
56340,100,5634000,13:04:29
56340,100,5634000,13:04:26
56340,200,11268000,13:04:22
56340,100,5634000,13:04:20
56350,300,16905000,13:04:18
56350,100,5635000,13:04:18
56350,100,5635000,13:04:18
56350,100,5635000,13:04:18
56340,300,16902000,13:04:17
56330,100,5633000,13:04:14
56330,200,11266000,13:04:14
56330,100,5633000,13:04:14
56330,100,5633000,13:04:14
56340,100,5634000,13:04:14
56330,100,5633000,13:04:03
56330,200,11266000,13:04:00
56340,100,5634000,13:04:00
56330,100,5633000,13:03:59
56330,100,5633000,13:03:57
56330,100,5633000,13:03:56
56330,100,5633000,13:03:55
56340,100,5634000,13:03:53
56340,100,5634000,13:03:53
56340,100,5634000,13:03:53
56340,100,5634000,13:03:53
56330,100,5633000,13:03:53
56330,100,5633000,13:03:52
56320,100,5632000,13:03:52
56330,100,5633000,13:03:52
56310,100,5631000,13:03:52
56320,100,5632000,13:03:51
56300,100,5630000,13:03:51
56310,100,5631000,13:03:51
56310,100,5631000,13:03:51
56310,100,5631000,13:03:51
56320,200,11264000,13:03:51
56320,100,5632000,13:03:51
56330,100,5633000,13:03:50
56330,100,5633000,13:03:50
56330,100,5633000,13:03:49
56340,100,5634000,13:03:46
56350,100,5635000,13:03:44
56350,400,22540000,13:03:44
56350,100,5635000,13:03:42
56360,100,5636000,13:03:39
56360,300,16908000,13:03:39
56360,100,5636000,13:03:39
56360,100,5636000,13:03:38
56360,100,5636000,13:03:36
56360,300,16908000,13:03:36
56360,100,5636000,13:03:36
56370,100,5637000,13:03:35
56370,100,5637000,13:03:33
56370,100,5637000,13:03:32
56370,100,5637000,13:03:32
56380,100,5638000,13:03:31
56380,100,5638000,13:03:31
56380,100,5638000,13:03:30
56380,100,5638000,13:03:30
56380,100,5638000,13:03:30
56380,100,5638000,13:03:28
56380,100,5638000,13:03:26
56390,100,5639000,13:03:21
56390,300,16917000,13:03:21
56400,100,5640000,13:03:18
56400,100,5640000,13:03:16
56400,100,5640000,13:03:15
56400,100,5640000,13:03:15
56400,100,5640000,13:03:15
56390,200,11278000,13:03:12
56400,100,5640000,13:03:12
56400,100,5640000,13:03:12
56410,700,39487000,13:03:12
56420,100,5642000,13:03:11
56420,100,5642000,13:03:06
56420,100,5642000,13:03:06
56420,100,5642000,13:03:05
56430,100,5643000,13:03:00
56430,100,5643000,13:03:00
56420,100,5642000,13:02:51
56420,200,11284000,13:02:51
56410,100,5641000,13:02:50
56410,300,16923000,13:02:50
56410,100,5641000,13:02:50
56410,100,5641000,13:02:48
56410,100,5641000,13:02:48
56430,100,5643000,13:02:46
56420,100,5642000,13:02:45
56420,400,22568000,13:02:43
56420,100,5642000,13:02:43
56430,300,16929000,13:02:43
56440,200,11288000,13:02:41
56460,100,5646000,13:02:38
56450,100,5645000,13:02:34
56450,100,5645000,13:02:32
56450,100,5645000,13:02:31
56440,300,16932000,13:02:30
56440,100,5644000,13:02:30
56430,200,11286000,13:02:29
56430,100,5643000,13:02:29
56420,100,5642000,13:02:20
56430,100,5643000,13:02:15
56420,300,16926000,13:02:14
56410,100,5641000,13:02:11
56420,100,5642000,13:02:10
56420,100,5642000,13:02:10
56420,100,5642000,13:02:10
56420,100,5642000,13:02:06
56420,100,5642000,13:02:06
56410,400,22564000,13:02:04
56410,100,5641000,13:02:04
56400,100,5640000,13:02:03
56410,100,5641000,13:02:02
56410,100,5641000,13:02:01
56420,100,5642000,13:01:59
56420,200,11284000,13:01:58
56410,100,5641000,13:01:58
56420,100,5642000,13:01:57
56400,100,5640000,13:01:55
56400,100,5640000,13:01:55
56420,100,5642000,13:01:54
56400,100,5640000,13:01:54
56400,300,16920000,13:01:54
56410,100,5641000,13:01:54
56400,100,5640000,13:01:54
56410,100,5641000,13:01:54
56410,200,11282000,13:01:53
56420,100,5642000,13:01:53
56420,100,5642000,13:01:52
56420,100,5642000,13:01:51
56420,100,5642000,13:01:51
56430,200,11286000,13:01:47
56430,200,11286000,13:01:47
56430,200,11286000,13:01:47
56440,100,5644000,13:01:46
56440,100,5644000,13:01:45
56440,100,5644000,13:01:45
56440,100,5644000,13:01:45
56460,300,16938000,13:01:42
56450,100,5645000,13:01:42
56450,100,5645000,13:01:42
56450,100,5645000,13:01:37
56450,100,5645000,13:01:36
56450,400,22580000,13:01:33
56450,100,5645000,13:01:33
56450,100,5645000,13:01:33
56450,100,5645000,13:01:32
56460,100,5646000,13:01:26
56460,100,5646000,13:01:19
56460,100,5646000,13:01:18
56450,100,5645000,13:01:18
56450,100,5645000,13:01:17
56450,200,11290000,13:01:17
56460,100,5646000,13:01:12
56460,100,5646000,13:01:12
56460,100,5646000,13:01:05
56450,100,5645000,13:01:05
56460,100,5646000,13:01:05
56460,200,11292000,13:01:05
56470,300,16941000,13:01:02
56490,100,5649000,13:00:58
56500,100,5650000,13:00:57
56470,100,5647000,13:00:56
56480,100,5648000,13:00:56
56500,100,5650000,13:00:56
56480,300,16944000,13:00:55
56470,300,16941000,13:00:49
56480,100,5648000,13:00:46
56460,200,11292000,13:00:44
56450,100,5645000,13:00:42
56450,100,5645000,13:00:41
56450,100,5645000,13:00:41
56450,200,11290000,13:00:39
56460,400,22584000,13:00:38
56450,100,5645000,13:00:37
56440,100,5644000,13:00:37
56450,100,5645000,13:00:37
56460,100,5646000,13:00:36
56460,100,5646000,13:00:34
56470,100,5647000,13:00:34
56460,100,5646000,13:00:33
56480,100,5648000,13:00:30
56500,100,5650000,13:00:28
56500,100,5650000,13:00:25
56500,100,5650000,13:00:24
56490,100,5649000,13:00:23
56480,100,5648000,13:00:22
56470,100,5647000,13:00:20
56470,100,5647000,13:00:20
56470,200,11294000,13:00:20
56470,200,11294000,13:00:20
56480,100,5648000,13:00:18
56480,100,5648000,13:00:18
56500,100,5650000,13:00:17
56500,100,5650000,13:00:17
56490,100,5649000,13:00:17
56500,100,5650000,13:00:16
56500,100,5650000,13:00:16
56500,200,11300000,13:00:16
56500,100,5650000,13:00:16
56500,100,5650000,13:00:16
56510,100,5651000,13:00:13
56510,400,22604000,13:00:12
56520,500,28260000,13:00:11
56520,100,5652000,13:00:11
56530,300,16959000,13:00:11
56540,100,5654000,13:00:00
56530,100,5653000,13:00:00
56540,100,5654000,12:59:56
56540,100,5654000,12:59:52
56540,100,5654000,12:59:52
56540,100,5654000,12:59:52
56550,100,5655000,12:59:49
56560,200,11312000,12:59:49
56550,200,11310000,12:59:47
56550,200,11310000,12:59:44
56550,200,11310000,12:59:44
56550,100,5655000,12:59:44
56530,100,5653000,12:59:40
56540,200,11308000,12:59:32
56530,200,11306000,12:59:31
56510,100,5651000,12:59:30
56520,200,11304000,12:59:28
56520,100,5652000,12:59:28
56530,400,22612000,12:59:27
56530,100,5653000,12:59:27
56530,100,5653000,12:59:24
56540,100,5654000,12:59:24
56540,100,5654000,12:59:23
56540,100,5654000,12:59:23
56540,100,5654000,12:59:15
56540,100,5654000,12:59:15
56550,400,22620000,12:59:07
56540,100,5654000,12:59:04
56540,100,5654000,12:59:02
56520,100,5652000,12:58:57
56540,100,5654000,12:58:56
56540,100,5654000,12:58:54
56540,100,5654000,12:58:48
56530,100,5653000,12:58:45
56520,100,5652000,12:58:44
56520,100,5652000,12:58:44
56520,100,5652000,12:58:44
56520,100,5652000,12:58:44
56500,100,5650000,12:58:34
56500,100,5650000,12:58:34
56500,100,5650000,12:58:34
56500,100,5650000,12:58:34
56500,100,5650000,12:58:32
56500,100,5650000,12:58:32
56490,100,5649000,12:58:29
56500,100,5650000,12:58:29
56520,500,28260000,12:58:27
56510,400,22604000,12:58:27
56500,500,28250000,12:58:27
56470,100,5647000,12:58:27
56490,100,5649000,12:58:27
56490,100,5649000,12:58:27
56490,100,5649000,12:58:26
56500,100,5650000,12:58:25
56500,100,5650000,12:58:21
56500,100,5650000,12:58:21
56500,100,5650000,12:58:20
56500,100,5650000,12:58:18
56510,100,5651000,12:58:14
56510,200,11302000,12:58:14
56510,100,5651000,12:58:13
56510,100,5651000,12:58:12
56510,100,5651000,12:58:12
56510,100,5651000,12:58:11
56530,100,5653000,12:58:11
56520,100,5652000,12:58:10
56530,100,5653000,12:58:09
56530,100,5653000,12:58:07
56520,100,5652000,12:58:06
56530,100,5653000,12:58:04
56550,200,11310000,12:58:03
56530,100,5653000,12:58:03
56540,100,5654000,12:58:03
56550,100,5655000,12:58:03
56550,100,5655000,12:58:02
56540,100,5654000,12:58:02
56550,200,11310000,12:58:01
56550,500,28275000,12:58:01
56550,100,5655000,12:58:01
56550,100,5655000,12:58:01
56560,100,5656000,12:58:00
56560,100,5656000,12:58:00
56570,100,5657000,12:57:56
56580,100,5658000,12:57:54
56570,100,5657000,12:57:54
56560,100,5656000,12:57:53
56560,100,5656000,12:57:53
56560,100,5656000,12:57:53
56560,100,5656000,12:57:53
56580,100,5658000,12:57:50
56580,100,5658000,12:57:49
56570,100,5657000,12:57:49
56570,100,5657000,12:57:49
56570,100,5657000,12:57:49
56580,800,45264000,12:57:49
56600,100,5660000,12:57:42
56610,100,5661000,12:57:41
56620,100,5662000,12:57:40
56630,100,5663000,12:57:39
56620,100,5662000,12:57:39
56600,100,5660000,12:57:38
56600,100,5660000,12:57:38
56600,200,11320000,12:57:38
56590,100,5659000,12:57:36
56590,100,5659000,12:57:36
56590,100,5659000,12:57:36
56580,100,5658000,12:57:31
56580,100,5658000,12:57:29
56580,100,5658000,12:57:26
56580,100,5658000,12:57:21
56570,100,5657000,12:57:17
56580,100,5658000,12:57:17
56580,200,11316000,12:57:17
56580,500,28290000,12:57:17
56590,200,11318000,12:57:16
56590,100,5659000,12:57:16
56590,100,5659000,12:57:12
56590,200,11318000,12:57:11
56590,100,5659000,12:57:10
56600,200,11320000,12:57:08
56610,100,5661000,12:57:08
56600,100,5660000,12:57:08
56600,200,11320000,12:57:07
56600,100,5660000,12:57:07
56600,100,5660000,12:57:07
56620,100,5662000,12:57:07
56610,100,5661000,12:57:06
56600,200,11320000,12:57:05
56600,100,5660000,12:57:05
56600,300,16980000,12:57:05
56600,100,5660000,12:57:05
56590,100,5659000,12:57:04
56590,100,5659000,12:57:03
56580,200,11316000,12:57:02
56570,100,5657000,12:57:01
56560,200,11312000,12:57:00
56550,500,28275000,12:56:59
56550,300,16965000,12:56:58
56550,100,5655000,12:56:58
56540,400,22616000,12:56:58
56540,100,5654000,12:56:58
56540,100,5654000,12:56:58
56530,300,16959000,12:56:58
56530,200,11306000,12:56:51
56530,100,5653000,12:56:51
56540,100,5654000,12:56:46
56530,100,5653000,12:56:45
56510,300,16953000,12:56:40
56510,200,11302000,12:56:40
56520,100,5652000,12:56:37
56510,100,5651000,12:56:32
56520,100,5652000,12:56:32
56500,100,5650000,12:56:30
56510,100,5651000,12:56:30
56510,100,5651000,12:56:30
56510,100,5651000,12:56:30
56520,800,45216000,12:56:30
56530,100,5653000,12:56:29
56530,100,5653000,12:56:29
56540,200,11308000,12:56:25
56530,300,16959000,12:56:25
56530,100,5653000,12:56:25
56530,100,5653000,12:56:18
56530,100,5653000,12:56:15
56530,200,11306000,12:56:15
56530,100,5653000,12:56:12
56520,100,5652000,12:56:12
56530,100,5653000,12:56:12
56540,100,5654000,12:56:11
56540,100,5654000,12:56:09
56540,100,5654000,12:56:09
56540,100,5654000,12:56:09
56540,300,16962000,12:56:09
56530,100,5653000,12:56:06
56530,100,5653000,12:56:03
56510,100,5651000,12:56:02
56520,100,5652000,12:56:02
56520,100,5652000,12:55:59
56520,800,45216000,12:55:58
56510,200,11302000,12:55:58
56500,100,5650000,12:55:58
56510,100,5651000,12:55:58
56500,300,16950000,12:55:58
56500,100,5650000,12:55:58
56500,100,5650000,12:55:58
56500,100,5650000,12:55:58
56490,1200,67788000,12:55:58
56480,500,28240000,12:55:58
56480,100,5648000,12:55:58
56480,100,5648000,12:55:53
56470,100,5647000,12:55:50
56470,100,5647000,12:55:48
56460,100,5646000,12:55:47
56460,100,5646000,12:55:44
56460,100,5646000,12:55:44
56430,100,5643000,12:55:43
56440,100,5644000,12:55:42
56440,100,5644000,12:55:42
56440,100,5644000,12:55:42
56450,100,5645000,12:55:39
56460,100,5646000,12:55:37
56450,100,5645000,12:55:37
56450,100,5645000,12:55:37
56450,100,5645000,12:55:37
56450,100,5645000,12:55:37
56450,100,5645000,12:55:36
56460,100,5646000,12:55:35
56470,100,5647000,12:55:34
56470,200,11294000,12:55:34
56470,100,5647000,12:55:34
56470,100,5647000,12:55:34
56460,200,11292000,12:55:34
56450,100,5645000,12:55:31
56460,300,16938000,12:55:29
56460,200,11292000,12:55:29
56460,100,5646000,12:55:29
56460,900,50814000,12:55:29
56460,100,5646000,12:55:29
56460,100,5646000,12:55:29
56470,200,11294000,12:55:19
56470,100,5647000,12:55:19
56480,100,5648000,12:55:19
56490,100,5649000,12:55:18
56480,100,5648000,12:55:17
56490,100,5649000,12:55:17
56480,100,5648000,12:55:14
56480,100,5648000,12:55:11
56480,100,5648000,12:55:10
56490,100,5649000,12:55:09
56490,100,5649000,12:55:08
56490,100,5649000,12:55:04
56480,100,5648000,12:55:04
56480,100,5648000,12:55:04
56480,200,11296000,12:55:04
56480,200,11296000,12:55:04
56480,100,5648000,12:55:04
56470,100,5647000,12:55:02
56470,100,5647000,12:55:01
56470,400,22588000,12:55:00
56470,100,5647000,12:54:57
56470,300,16941000,12:54:57
56470,100,5647000,12:54:57
56470,100,5647000,12:54:53
56490,300,16947000,12:54:52
56480,200,11296000,12:54:52
56480,400,22592000,12:54:50
56480,100,5648000,12:54:50
56480,100,5648000,12:54:50
56470,200,11294000,12:54:49
56470,100,5647000,12:54:49
56460,100,5646000,12:54:48
56460,200,11292000,12:54:48
56450,100,5645000,12:54:42
56450,100,5645000,12:54:42
56460,100,5646000,12:54:42
56460,100,5646000,12:54:42
56460,200,11292000,12:54:40
56460,100,5646000,12:54:40
56460,100,5646000,12:54:40
56460,100,5646000,12:54:38
56470,100,5647000,12:54:37
56470,100,5647000,12:54:37
56470,100,5647000,12:54:36
56470,300,16941000,12:54:32
56470,100,5647000,12:54:31
56470,100,5647000,12:54:30
56470,100,5647000,12:54:29
56470,200,11294000,12:54:25
56470,100,5647000,12:54:24
56470,200,11294000,12:54:24
56470,300,16941000,12:54:22
56470,100,5647000,12:54:22
56460,100,5646000,12:54:20
56460,100,5646000,12:54:20
56450,100,5645000,12:54:19
56450,100,5645000,12:54:18
56450,100,5645000,12:54:16
56460,100,5646000,12:54:15
56450,100,5645000,12:54:13
56440,100,5644000,12:54:13
56450,100,5645000,12:54:12
56450,100,5645000,12:54:11
56460,300,16938000,12:54:11
56450,200,11290000,12:54:11
56440,200,11288000,12:54:08
56430,200,11286000,12:54:08
56420,100,5642000,12:54:02
56420,100,5642000,12:54:02
56430,100,5643000,12:54:01
56420,200,11284000,12:54:00
56420,100,5642000,12:53:58
56420,100,5642000,12:53:57
56410,200,11282000,12:53:57
56400,200,11280000,12:53:56
56390,600,33834000,12:53:55
56390,100,5639000,12:53:55
56380,100,5638000,12:53:52
56360,100,5636000,12:53:48
56380,200,11276000,12:53:48
56380,200,11276000,12:53:48
56380,100,5638000,12:53:48
56370,200,11274000,12:53:47
56370,800,45096000,12:53:47
56350,100,5635000,12:53:43
56360,100,5636000,12:53:43
56360,100,5636000,12:53:37
56360,100,5636000,12:53:34
56360,100,5636000,12:53:33
56360,100,5636000,12:53:33
56350,100,5635000,12:53:32
56350,100,5635000,12:53:31
56350,100,5635000,12:53:30
56360,1000,56360000,12:53:28
56350,200,11270000,12:53:28
56350,300,16905000,12:53:28
56350,100,5635000,12:53:25
56350,100,5635000,12:53:24
56350,100,5635000,12:53:22
56350,100,5635000,12:53:20
56340,200,11268000,12:53:20
56340,100,5634000,12:53:16
56360,200,11272000,12:53:13
56360,200,11272000,12:53:13
56360,200,11272000,12:53:13
56360,100,5636000,12:53:13
56360,100,5636000,12:53:13
56350,300,16905000,12:53:12
56350,100,5635000,12:53:12
56340,500,28170000,12:53:12
56330,100,5633000,12:53:10
56330,200,11266000,12:53:07
56330,100,5633000,12:53:07
56320,100,5632000,12:53:05
56320,100,5632000,12:53:05
56320,200,11264000,12:53:02
56320,200,11264000,12:53:01
56320,100,5632000,12:52:59
56320,200,11264000,12:52:56
56320,100,5632000,12:52:53
56320,100,5632000,12:52:53
56300,100,5630000,12:52:52
56320,100,5632000,12:52:49
56330,100,5633000,12:52:48
56340,100,5634000,12:52:46
56330,200,11266000,12:52:45
56330,100,5633000,12:52:43
56330,100,5633000,12:52:43
56330,100,5633000,12:52:43
56320,100,5632000,12:52:43
56320,200,11264000,12:52:43
56320,100,5632000,12:52:41
56330,100,5633000,12:52:40
56330,100,5633000,12:52:40
56330,100,5633000,12:52:39
56330,100,5633000,12:52:39
56340,100,5634000,12:52:38
56340,100,5634000,12:52:38
56340,100,5634000,12:52:38
56340,100,5634000,12:52:38
56340,200,11268000,12:52:37
56340,100,5634000,12:52:36
56350,300,16905000,12:52:36
56350,400,22540000,12:52:36
56350,500,28175000,12:52:36
56360,100,5636000,12:52:35
56360,200,11272000,12:52:35
56360,100,5636000,12:52:35
56360,100,5636000,12:52:35
56360,100,5636000,12:52:35
56360,200,11272000,12:52:33
56370,100,5637000,12:52:32
56360,100,5636000,12:52:24
56360,100,5636000,12:52:21
56360,400,22544000,12:52:18
56360,100,5636000,12:52:18
56360,100,5636000,12:52:17
56350,100,5635000,12:52:12
56340,100,5634000,12:52:07
56350,100,5635000,12:52:06
56340,100,5634000,12:52:05
56340,100,5634000,12:52:02
56340,100,5634000,12:52:02
56350,100,5635000,12:51:59
56350,100,5635000,12:51:59
56330,200,11266000,12:51:59
56330,300,16899000,12:51:59
56320,100,5632000,12:51:57
56320,200,11264000,12:51:57
56320,200,11264000,12:51:57
56330,100,5633000,12:51:55
56330,100,5633000,12:51:52
56330,200,11266000,12:51:51
56330,100,5633000,12:51:51
56330,100,5633000,12:51:51
56330,100,5633000,12:51:51
56340,100,5634000,12:51:50
56340,100,5634000,12:51:50
56350,100,5635000,12:51:48
56350,200,11270000,12:51:48
56340,100,5634000,12:51:46
56340,400,22536000,12:51:46
56340,100,5634000,12:51:45
56330,100,5633000,12:51:43
56330,100,5633000,12:51:43
56310,100,5631000,12:51:42
56320,200,11264000,12:51:39
56320,100,5632000,12:51:38
56310,100,5631000,12:51:34
56320,100,5632000,12:51:34
56310,100,5631000,12:51:33
56310,100,5631000,12:51:33
56310,100,5631000,12:51:32
56310,100,5631000,12:51:31
56310,100,5631000,12:51:31
56310,100,5631000,12:51:27
56320,100,5632000,12:51:26
56320,100,5632000,12:51:24
56310,400,22524000,12:51:23
56310,100,5631000,12:51:22
56300,100,5630000,12:51:22
56300,300,16890000,12:51:22
56290,100,5629000,12:51:21
56290,100,5629000,12:51:18
56290,100,5629000,12:51:14
56290,100,5629000,12:51:14
56290,100,5629000,12:51:12
56290,100,5629000,12:51:12
56290,100,5629000,12:51:12
56290,100,5629000,12:51:08
56290,100,5629000,12:51:07
56290,100,5629000,12:51:06
56290,100,5629000,12:51:04
56280,800,45024000,12:51:03
56280,100,5628000,12:51:01
56260,200,11252000,12:51:00
56270,100,5627000,12:51:00
56270,100,5627000,12:50:58
56280,100,5628000,12:50:52
56270,100,5627000,12:50:52
56270,100,5627000,12:50:52
56260,100,5626000,12:50:51
56250,100,5625000,12:50:51
56260,200,11252000,12:50:51
56260,100,5626000,12:50:49
56260,100,5626000,12:50:48
56260,400,22504000,12:50:47
56260,100,5626000,12:50:47
56260,100,5626000,12:50:46
56260,100,5626000,12:50:45
56250,100,5625000,12:50:45
56250,100,5625000,12:50:45
56250,100,5625000,12:50:45
56250,100,5625000,12:50:45
56250,100,5625000,12:50:45
56250,500,28125000,12:50:45
56240,600,33744000,12:50:45
56230,400,22492000,12:50:45
56220,300,16866000,12:50:44
56220,100,5622000,12:50:44
56210,100,5621000,12:50:44
56210,100,5621000,12:50:41
56200,100,5620000,12:50:38
56220,100,5622000,12:50:38
56210,100,5621000,12:50:29
56210,100,5621000,12:50:29
56210,100,5621000,12:50:28
56220,100,5622000,12:50:28
56210,100,5621000,12:50:25
56200,100,5620000,12:50:23
56210,900,50589000,12:50:23
56210,100,5621000,12:50:23
56200,100,5620000,12:50:21
56210,300,16863000,12:50:15
56210,100,5621000,12:50:15
56200,100,5620000,12:50:15
56200,600,33720000,12:50:15
56200,100,5620000,12:50:15
56190,100,5619000,12:50:14
56170,100,5617000,12:50:11
56170,100,5617000,12:50:11
56170,100,5617000,12:50:08
56190,100,5619000,12:50:07
56190,100,5619000,12:50:06
56190,100,5619000,12:50:04
56190,100,5619000,12:50:02
56180,100,5618000,12:50:02
56180,100,5618000,12:49:59
56180,100,5618000,12:49:57
56170,100,5617000,12:49:56
56190,100,5619000,12:49:50
56180,100,5618000,12:49:47
56180,100,5618000,12:49:47
56170,100,5617000,12:49:42
56170,100,5617000,12:49:39
56170,100,5617000,12:49:39
56170,100,5617000,12:49:39
56160,300,16848000,12:49:37
56170,300,16851000,12:49:34
56160,100,5616000,12:49:31
56170,100,5617000,12:49:28
56170,100,5617000,12:49:28
56170,100,5617000,12:49:28
56170,200,11234000,12:49:27
56170,100,5617000,12:49:25
56170,100,5617000,12:49:25
56170,100,5617000,12:49:25
56170,100,5617000,12:49:25
56170,300,16851000,12:49:25
56180,100,5618000,12:49:22
56200,100,5620000,12:49:17
56180,100,5618000,12:49:15
56200,100,5620000,12:49:14
56180,100,5618000,12:49:13
56180,100,5618000,12:49:13
56190,400,22476000,12:49:13
56200,100,5620000,12:49:08
56200,100,5620000,12:49:08
56200,1000,56200000,12:49:03
56200,100,5620000,12:49:03
56210,100,5621000,12:49:03
56200,100,5620000,12:49:01
56210,100,5621000,12:49:01
56210,100,5621000,12:48:58
56220,100,5622000,12:48:56
56210,200,11242000,12:48:56
56210,100,5621000,12:48:55
56210,100,5621000,12:48:52
56210,100,5621000,12:48:49
56210,200,11242000,12:48:49
56210,100,5621000,12:48:49
56220,100,5622000,12:48:46
56220,100,5622000,12:48:46
56220,100,5622000,12:48:44
56220,500,28110000,12:48:41
56220,300,16866000,12:48:40
56230,200,11246000,12:48:39
56230,100,5623000,12:48:36
56220,200,11244000,12:48:35
56220,100,5622000,12:48:28
56230,200,11246000,12:48:27
56220,100,5622000,12:48:25
56220,100,5622000,12:48:25
56230,100,5623000,12:48:25
56230,100,5623000,12:48:24
56230,100,5623000,12:48:24
56230,100,5623000,12:48:24
56220,200,11244000,12:48:23
56210,200,11242000,12:48:22
56210,200,11242000,12:48:22
56220,100,5622000,12:48:21
56220,100,5622000,12:48:21
56210,100,5621000,12:48:20
56200,100,5620000,12:48:16
56190,100,5619000,12:48:14
56200,100,5620000,12:48:13
56190,100,5619000,12:48:11
56180,100,5618000,12:48:10
56180,100,5618000,12:48:10
56170,100,5617000,12:48:08
56180,100,5618000,12:48:08
56180,200,11236000,12:48:08
56190,100,5619000,12:48:08
56190,100,5619000,12:48:07
56200,100,5620000,12:48:07
56190,100,5619000,12:48:07
56200,100,5620000,12:48:06
56190,100,5619000,12:48:06
56180,200,11236000,12:48:03
56170,100,5617000,12:48:01
56170,100,5617000,12:48:01
56170,100,5617000,12:48:01
56170,100,5617000,12:48:01
56170,100,5617000,12:48:00
56160,100,5616000,12:47:56
56170,100,5617000,12:47:54
56170,100,5617000,12:47:53
56160,100,5616000,12:47:53
56160,100,5616000,12:47:53
56170,100,5617000,12:47:50
56170,100,5617000,12:47:48
56160,100,5616000,12:47:45
56170,100,5617000,12:47:43
56160,100,5616000,12:47:43
56160,100,5616000,12:47:43
56150,100,5615000,12:47:34
56160,200,11232000,12:47:32
56160,100,5616000,12:47:32
56160,100,5616000,12:47:32
56150,100,5615000,12:47:28
56160,200,11232000,12:47:27
56160,100,5616000,12:47:27
56170,100,5617000,12:47:26
56170,100,5617000,12:47:25
56180,100,5618000,12:47:24
56170,100,5617000,12:47:24
56170,100,5617000,12:47:24
56180,200,11236000,12:47:23
56180,100,5618000,12:47:23
56190,100,5619000,12:47:21
56180,200,11236000,12:47:20
56190,100,5619000,12:47:19
56190,100,5619000,12:47:18
56180,100,5618000,12:47:17
56180,100,5618000,12:47:16
56190,100,5619000,12:47:14
56180,100,5618000,12:47:13
56180,200,11236000,12:47:13
56180,100,5618000,12:47:12
56190,200,11238000,12:47:12
56190,200,11238000,12:47:09
56190,200,11238000,12:47:09
56180,200,11236000,12:47:09
56180,500,28090000,12:47:09
56170,800,44936000,12:47:09
56160,100,5616000,12:47:09
56150,100,5615000,12:47:09
56160,100,5616000,12:47:08
56160,200,11232000,12:47:08
56150,100,5615000,12:47:07
56150,100,5615000,12:47:07
56150,300,16845000,12:47:06
56150,100,5615000,12:47:06
56150,100,5615000,12:47:06
56140,100,5614000,12:47:03
56140,100,5614000,12:47:03
56130,100,5613000,12:47:03
56130,100,5613000,12:47:03
56130,100,5613000,12:47:00
56130,100,5613000,12:47:00
56130,100,5613000,12:46:54
56130,100,5613000,12:46:54
56130,100,5613000,12:46:53
56130,100,5613000,12:46:51
56130,100,5613000,12:46:51
56130,100,5613000,12:46:50
56120,100,5612000,12:46:46
56120,100,5612000,12:46:45
56110,100,5611000,12:46:44
56100,100,5610000,12:46:44
56110,100,5611000,12:46:42
56100,100,5610000,12:46:42
56100,200,11220000,12:46:42
56100,200,11220000,12:46:42
56100,100,5610000,12:46:42
56100,100,5610000,12:46:42
56100,100,5610000,12:46:42
56110,100,5611000,12:46:39
56130,200,11226000,12:46:39
56110,100,5611000,12:46:37
56120,300,16836000,12:46:36
56100,100,5610000,12:46:33
56110,100,5611000,12:46:32
56090,100,5609000,12:46:27
56100,100,5610000,12:46:27
56100,100,5610000,12:46:27
56080,100,5608000,12:46:26
56090,100,5609000,12:46:25
56090,100,5609000,12:46:25
56080,200,11216000,12:46:25
56080,200,11216000,12:46:25
56060,100,5606000,12:46:22
56060,100,5606000,12:46:22
56050,100,5605000,12:46:22
56050,300,16815000,12:46:21
56020,100,5602000,12:46:15
56040,100,5604000,12:46:15
56040,100,5604000,12:46:15
56020,100,5602000,12:46:12
56020,100,5602000,12:46:10
56020,100,5602000,12:46:10
56030,100,5603000,12:46:10
56020,100,5602000,12:46:09
56020,100,5602000,12:46:09
56030,200,11206000,12:46:08
56020,400,22408000,12:46:08
56000,100,5600000,12:46:08
56000,1000,56000000,12:46:08
56000,100,5600000,12:46:08
56010,200,11202000,12:46:07
56010,200,11202000,12:46:07
56010,200,11202000,12:46:07
56020,100,5602000,12:46:07
56020,100,5602000,12:46:07
56020,100,5602000,12:46:06
56030,100,5603000,12:46:05
56030,100,5603000,12:46:05
56050,200,11210000,12:46:04
56050,700,39235000,12:46:04
56060,300,16818000,12:46:04
56040,100,5604000,12:46:03
56070,100,5607000,12:46:03
56050,100,5605000,12:46:03
56060,200,11212000,12:46:03
56070,200,11214000,12:46:02
56070,100,5607000,12:46:02
56090,200,11218000,12:46:01
56100,1800,100980000,12:46:01
56100,100,5610000,12:46:01
56100,100,5610000,12:46:01
56110,400,22444000,12:46:01
56130,100,5613000,12:45:58
56120,200,11224000,12:45:56
56130,100,5613000,12:45:54
56130,100,5613000,12:45:54
56130,100,5613000,12:45:54
56140,100,5614000,12:45:53
56140,100,5614000,12:45:50
56140,500,28070000,12:45:50
56150,100,5615000,12:45:49
56140,100,5614000,12:45:49
56140,100,5614000,12:45:49
56140,100,5614000,12:45:46
56170,1100,61787000,12:45:45
56160,200,11232000,12:45:45
56150,200,11230000,12:45:44
56150,200,11230000,12:45:44
56150,100,5615000,12:45:44
56150,100,5615000,12:45:44
56140,100,5614000,12:45:44
56140,300,16842000,12:45:40
56130,100,5613000,12:45:40
56120,100,5612000,12:45:38
56120,100,5612000,12:45:38
56130,100,5613000,12:45:34
56120,100,5612000,12:45:34
56120,200,11224000,12:45:34
56120,100,5612000,12:45:29
56140,100,5614000,12:45:29
56130,100,5613000,12:45:29
56120,100,5612000,12:45:29
56120,100,5612000,12:45:28
56120,100,5612000,12:45:28
56130,100,5613000,12:45:28
56130,100,5613000,12:45:27
56130,100,5613000,12:45:26
56110,100,5611000,12:45:26
56120,100,5612000,12:45:26
56120,100,5612000,12:45:26
56130,100,5613000,12:45:26
56140,600,33684000,12:45:25
56150,200,11230000,12:45:25
56150,200,11230000,12:45:25
56160,200,11232000,12:45:20
56160,100,5616000,12:45:20
56160,100,5616000,12:45:20
56170,400,22468000,12:45:20
56170,200,11234000,12:45:20
56170,100,5617000,12:45:20
56170,100,5617000,12:45:20
56180,100,5618000,12:45:17
56180,100,5618000,12:45:16
56180,100,5618000,12:45:13
56180,100,5618000,12:45:13
56190,100,5619000,12:45:09
56190,100,5619000,12:45:09
56190,100,5619000,12:45:09
56180,100,5618000,12:45:08
56180,100,5618000,12:45:06
56180,100,5618000,12:45:06
56190,100,5619000,12:45:00
56190,100,5619000,12:45:00
56180,100,5618000,12:44:58
56170,100,5617000,12:44:55
56170,100,5617000,12:44:52
56170,100,5617000,12:44:45
56170,100,5617000,12:44:44
56170,100,5617000,12:44:42
56180,100,5618000,12:44:42
56180,100,5618000,12:44:42
56170,100,5617000,12:44:42
56160,100,5616000,12:44:40
56160,100,5616000,12:44:39
56180,100,5618000,12:44:39
56190,100,5619000,12:44:39
56200,300,16860000,12:44:39
56200,500,28100000,12:44:39
56200,100,5620000,12:44:39
56200,100,5620000,12:44:30
56180,200,11236000,12:44:30
56190,200,11238000,12:44:30
56200,700,39340000,12:44:25
56190,300,16857000,12:44:24
56190,100,5619000,12:44:16
56220,100,5622000,12:44:12
56210,100,5621000,12:44:12
56210,300,16863000,12:44:12
56200,400,22480000,12:44:10
56190,100,5619000,12:44:07
56190,800,44952000,12:44:07
56180,400,22472000,12:44:07
56170,100,5617000,12:44:07
56170,100,5617000,12:44:07
56160,100,5616000,12:44:04
56160,100,5616000,12:44:04
56150,100,5615000,12:44:02
56150,100,5615000,12:44:02
56150,100,5615000,12:44:01
56150,300,16845000,12:44:01
56160,200,11232000,12:44:01
56160,300,16848000,12:44:01
56170,100,5617000,12:44:00
56160,100,5616000,12:44:00
56160,100,5616000,12:44:00
56160,100,5616000,12:44:00
56170,100,5617000,12:43:59
56180,100,5618000,12:43:59
56180,200,11236000,12:43:55
56180,100,5618000,12:43:55
56190,300,16857000,12:43:52
56210,200,11242000,12:43:45
56200,100,5620000,12:43:45
56190,100,5619000,12:43:41
56200,100,5620000,12:43:38
56200,100,5620000,12:43:38
56190,100,5619000,12:43:36
56190,100,5619000,12:43:35
56200,100,5620000,12:43:28
56200,100,5620000,12:43:21
56200,200,11240000,12:43:20
56200,300,16860000,12:43:20
56190,800,44952000,12:43:20
56170,100,5617000,12:43:19
56180,100,5618000,12:43:18
56180,100,5618000,12:43:16
56180,100,5618000,12:43:16
56170,100,5617000,12:43:13
56180,100,5618000,12:43:10
56180,200,11236000,12:43:09
56180,100,5618000,12:43:09
56190,500,28095000,12:43:09
56200,2000,112400000,12:43:09
56200,100,5620000,12:43:09
56200,100,5620000,12:43:09
56200,100,5620000,12:43:09
56200,100,5620000,12:43:08
56220,100,5622000,12:43:04
56220,100,5622000,12:43:03
56210,100,5621000,12:43:00
56210,600,33726000,12:42:59
56230,100,5623000,12:42:59
56220,1100,61842000,12:42:59
56220,100,5622000,12:42:59
56230,200,11246000,12:42:59
56230,100,5623000,12:42:53
56230,100,5623000,12:42:51
56240,100,5624000,12:42:50
56230,100,5623000,12:42:49
56230,100,5623000,12:42:48
56240,100,5624000,12:42:43
56240,100,5624000,12:42:43
56240,100,5624000,12:42:42
56240,100,5624000,12:42:42
56250,100,5625000,12:42:41
56250,200,11250000,12:42:41
56250,100,5625000,12:42:41
56250,100,5625000,12:42:40
56250,100,5625000,12:42:40
56250,100,5625000,12:42:40
56260,100,5626000,12:42:40
56260,100,5626000,12:42:39
56260,200,11252000,12:42:39
56260,100,5626000,12:42:39
56260,100,5626000,12:42:39
56260,100,5626000,12:42:39
56270,100,5627000,12:42:38
56280,100,5628000,12:42:37
56280,100,5628000,12:42:36
56270,200,11254000,12:42:36
56270,200,11254000,12:42:32
56270,100,5627000,12:42:31
56270,400,22508000,12:42:31
56280,100,5628000,12:42:29
56290,100,5629000,12:42:26
56280,100,5628000,12:42:26
56280,100,5628000,12:42:25
56280,100,5628000,12:42:22
56290,100,5629000,12:42:21
56290,200,11258000,12:42:19
56290,100,5629000,12:42:19
56290,200,11258000,12:42:19
56280,100,5628000,12:42:18
56300,100,5630000,12:42:15
56290,700,39403000,12:42:13
56280,600,33768000,12:42:13
56270,100,5627000,12:42:12
56270,100,5627000,12:42:12
56270,100,5627000,12:42:10
56280,100,5628000,12:42:08
56270,800,45016000,12:42:07
56280,100,5628000,12:42:07
56290,200,11258000,12:42:05
56300,100,5630000,12:42:04
56280,100,5628000,12:42:04
56290,100,5629000,12:42:04
56290,100,5629000,12:42:04
56280,400,22512000,12:41:59
56280,200,11256000,12:41:59
56270,600,33762000,12:41:59
56260,100,5626000,12:41:46
56260,100,5626000,12:41:46
56270,100,5627000,12:41:45
56280,100,5628000,12:41:44
56280,100,5628000,12:41:44
56280,200,11256000,12:41:41
56280,100,5628000,12:41:41
56320,100,5632000,12:41:38
56310,200,11262000,12:41:37
56290,100,5629000,12:41:37
56290,100,5629000,12:41:37
56300,400,22520000,12:41:36
56300,200,11260000,12:41:36
56300,100,5630000,12:41:36
56310,600,33786000,12:41:35
56320,100,5632000,12:41:35
56330,100,5633000,12:41:35
56320,100,5632000,12:41:33
56330,1100,61963000,12:41:31
56340,100,5634000,12:41:31
56340,100,5634000,12:41:31
56350,800,45080000,12:41:31
56360,100,5636000,12:41:29
56360,100,5636000,12:41:29
56370,100,5637000,12:41:25
56370,100,5637000,12:41:24
56370,100,5637000,12:41:23
56370,100,5637000,12:41:22
56380,200,11276000,12:41:20
56380,100,5638000,12:41:18
56380,100,5638000,12:41:17
56390,200,11278000,12:41:16
56400,100,5640000,12:41:13
56400,100,5640000,12:41:13
56420,100,5642000,12:41:10
56410,300,16923000,12:41:09
56410,200,11282000,12:41:09
56420,100,5642000,12:41:02
56420,100,5642000,12:41:01
56420,100,5642000,12:40:59
56420,100,5642000,12:40:59
56430,100,5643000,12:40:58
56430,100,5643000,12:40:57
56430,200,11286000,12:40:57
56430,100,5643000,12:40:57
56430,100,5643000,12:40:57
56430,100,5643000,12:40:57
56430,100,5643000,12:40:53
56430,100,5643000,12:40:50
56420,100,5642000,12:40:48
56410,200,11282000,12:40:45
56410,200,11282000,12:40:45
56410,100,5641000,12:40:45
56420,100,5642000,12:40:44
56420,300,16926000,12:40:44
56430,100,5643000,12:40:44
56430,100,5643000,12:40:44
56420,100,5642000,12:40:42
56430,100,5643000,12:40:42
56430,100,5643000,12:40:41
56430,100,5643000,12:40:39
56430,100,5643000,12:40:39
56430,100,5643000,12:40:37
56430,100,5643000,12:40:35
56430,200,11286000,12:40:35
56430,100,5643000,12:40:35
56420,100,5642000,12:40:32
56400,100,5640000,12:40:30
56430,400,22572000,12:40:29
56420,600,33852000,12:40:29
56420,100,5642000,12:40:28
56410,100,5641000,12:40:28
56410,100,5641000,12:40:28
56410,200,11282000,12:40:27
56400,200,11280000,12:40:26
56390,100,5639000,12:40:22
56380,200,11276000,12:40:22
56380,100,5638000,12:40:22
56380,200,11276000,12:40:22
56380,100,5638000,12:40:22
56390,100,5639000,12:40:22
56390,200,11278000,12:40:18
56390,100,5639000,12:40:18
56410,100,5641000,12:40:18
56400,100,5640000,12:40:16
56400,100,5640000,12:40:15
56390,600,33834000,12:40:11
56390,100,5639000,12:40:11
56380,100,5638000,12:40:07
56370,100,5637000,12:40:04
56370,100,5637000,12:40:03
56370,200,11274000,12:40:03
56360,100,5636000,12:40:02
56380,100,5638000,12:40:00
56370,100,5637000,12:40:00
56370,200,11274000,12:40:00
56370,100,5637000,12:40:00
56390,100,5639000,12:39:54
56370,100,5637000,12:39:52
56380,100,5638000,12:39:51
56370,100,5637000,12:39:49
56380,100,5638000,12:39:49
56380,200,11276000,12:39:49
56370,200,11274000,12:39:47
56370,200,11274000,12:39:47
56380,400,22552000,12:39:47
56380,100,5638000,12:39:47
56390,100,5639000,12:39:47
56390,300,16917000,12:39:35
56390,100,5639000,12:39:35
56400,100,5640000,12:39:33
56400,100,5640000,12:39:33
56400,100,5640000,12:39:33
56400,100,5640000,12:39:33
56410,100,5641000,12:39:32
56410,100,5641000,12:39:31
56400,100,5640000,12:39:29
56400,300,16920000,12:39:29
56380,100,5638000,12:39:29
56390,100,5639000,12:39:28
56380,100,5638000,12:39:27
56390,100,5639000,12:39:26
56370,100,5637000,12:39:26
56380,100,5638000,12:39:26
56380,200,11276000,12:39:26
56380,100,5638000,12:39:26
56380,100,5638000,12:39:26
56370,200,11274000,12:39:24
56370,200,11274000,12:39:24
56370,100,5637000,12:39:24
56370,100,5637000,12:39:23
56370,100,5637000,12:39:20
56350,100,5635000,12:39:20
56350,100,5635000,12:39:18
56360,100,5636000,12:39:18
56350,100,5635000,12:39:17
56360,100,5636000,12:39:17
56350,200,11270000,12:39:15
56350,100,5635000,12:39:15
56340,100,5634000,12:39:15
56340,100,5634000,12:39:15
56330,100,5633000,12:39:14
56330,100,5633000,12:39:14
56320,100,5632000,12:39:13
56320,300,16896000,12:39:12
56320,100,5632000,12:39:10
56340,100,5634000,12:39:09
56310,100,5631000,12:39:08
56310,100,5631000,12:39:07
56320,100,5632000,12:39:07
56320,200,11264000,12:39:06
56320,100,5632000,12:39:04
56330,100,5633000,12:39:03
56350,100,5635000,12:39:01
56350,100,5635000,12:39:01
56360,100,5636000,12:39:00
56340,500,28170000,12:39:00
56340,100,5634000,12:38:58
56330,100,5633000,12:38:58
56350,100,5635000,12:38:55
56340,100,5634000,12:38:54
56340,100,5634000,12:38:54
56350,100,5635000,12:38:53
56350,100,5635000,12:38:53
56350,100,5635000,12:38:53
56350,100,5635000,12:38:53
56350,300,16905000,12:38:53
56370,100,5637000,12:38:52
56380,100,5638000,12:38:52
56370,100,5637000,12:38:51
56380,100,5638000,12:38:50
56380,100,5638000,12:38:48
56370,100,5637000,12:38:47
56380,100,5638000,12:38:46
56370,100,5637000,12:38:46
56380,100,5638000,12:38:45
56370,100,5637000,12:38:45
56370,100,5637000,12:38:45
56380,100,5638000,12:38:45
56380,100,5638000,12:38:45
56380,100,5638000,12:38:45
56390,200,11278000,12:38:45
56400,1000,56400000,12:38:45
56400,100,5640000,12:38:45
56400,500,28200000,12:38:45
56420,100,5642000,12:38:44
56420,100,5642000,12:38:44
56420,100,5642000,12:38:42
56410,100,5641000,12:38:42
56410,100,5641000,12:38:41
56410,100,5641000,12:38:40
56410,400,22564000,12:38:39
56410,100,5641000,12:38:39
56420,200,11284000,12:38:38
56420,200,11284000,12:38:37
56420,100,5642000,12:38:36
56420,200,11284000,12:38:36
56420,100,5642000,12:38:35
56420,100,5642000,12:38:35
56430,200,11286000,12:38:34
56440,200,11288000,12:38:34
56440,200,11288000,12:38:32
56440,100,5644000,12:38:29
56440,100,5644000,12:38:29
56450,100,5645000,12:38:29
56460,100,5646000,12:38:25
56460,100,5646000,12:38:24
56460,100,5646000,12:38:23
56460,200,11292000,12:38:20
56450,100,5645000,12:38:20
56450,100,5645000,12:38:19
56440,100,5644000,12:38:19
56450,300,16935000,12:38:19
56450,100,5645000,12:38:19
56460,100,5646000,12:38:19
56470,100,5647000,12:38:17
56470,100,5647000,12:38:17
56470,100,5647000,12:38:17
56480,600,33888000,12:38:17
56490,100,5649000,12:38:15
56490,300,16947000,12:38:15
56500,100,5650000,12:38:10
56490,100,5649000,12:38:07
56490,100,5649000,12:38:06
56490,100,5649000,12:38:06
56490,200,11298000,12:38:06
56480,200,11296000,12:38:05
56480,200,11296000,12:38:05
56470,200,11294000,12:38:03
56470,100,5647000,12:37:58
56480,200,11296000,12:37:58
56480,100,5648000,12:37:58
56460,100,5646000,12:37:58
56470,100,5647000,12:37:54
56460,100,5646000,12:37:49
56450,200,11290000,12:37:47
56450,100,5645000,12:37:47
56470,100,5647000,12:37:45
56460,100,5646000,12:37:45
56480,200,11296000,12:37:41
56480,300,16944000,12:37:40
56480,300,16944000,12:37:40
56470,400,22588000,12:37:38
56470,800,45176000,12:37:38
56470,100,5647000,12:37:38
56460,300,16938000,12:37:37
56460,100,5646000,12:37:37
56460,100,5646000,12:37:36
56450,200,11290000,12:37:36
56460,100,5646000,12:37:34
56460,100,5646000,12:37:31
56460,200,11292000,12:37:31
56460,200,11292000,12:37:31
56470,200,11294000,12:37:30
56470,100,5647000,12:37:26
56470,100,5647000,12:37:26
56470,100,5647000,12:37:22
56470,100,5647000,12:37:21
56480,100,5648000,12:37:20
56480,100,5648000,12:37:18
56480,100,5648000,12:37:18
56470,100,5647000,12:37:16
56490,100,5649000,12:37:14
56480,100,5648000,12:37:13
56480,600,33888000,12:37:13
56460,100,5646000,12:37:13
56470,100,5647000,12:37:13
56480,100,5648000,12:37:12
56480,100,5648000,12:37:11
56470,100,5647000,12:37:11
56470,100,5647000,12:37:11
56470,100,5647000,12:37:11
56460,300,16938000,12:37:10
56460,200,11292000,12:37:10
56460,200,11292000,12:37:10
56440,100,5644000,12:37:10
56440,100,5644000,12:37:09
56440,100,5644000,12:37:08
56450,300,16935000,12:37:07
56450,100,5645000,12:37:07
56450,100,5645000,12:37:07
56460,100,5646000,12:37:03
56460,200,11292000,12:37:02
56460,100,5646000,12:37:02
56460,100,5646000,12:37:00
56460,100,5646000,12:36:59
56460,100,5646000,12:36:58
56480,100,5648000,12:36:56
56480,100,5648000,12:36:54
56480,100,5648000,12:36:54
56490,100,5649000,12:36:53
56490,200,11298000,12:36:50
56490,100,5649000,12:36:50
56470,100,5647000,12:36:49
56470,200,11294000,12:36:49
56470,700,39529000,12:36:49
56480,100,5648000,12:36:49
56470,400,22588000,12:36:48
56480,200,11296000,12:36:47
56480,100,5648000,12:36:47
56480,200,11296000,12:36:43
56490,100,5649000,12:36:41
56480,100,5648000,12:36:40
56480,100,5648000,12:36:40
56490,100,5649000,12:36:40
56490,100,5649000,12:36:39
56500,100,5650000,12:36:36
56490,700,39543000,12:36:33
56500,100,5650000,12:36:33
56500,100,5650000,12:36:31
56480,100,5648000,12:36:28
56480,100,5648000,12:36:28
56490,200,11298000,12:36:27
56500,1800,101700000,12:36:27
56500,900,50850000,12:36:27
56520,100,5652000,12:36:22
56520,100,5652000,12:36:22
56510,700,39557000,12:36:20
56520,100,5652000,12:36:19
56520,100,5652000,12:36:19
56520,100,5652000,12:36:15
56520,100,5652000,12:36:14
56520,200,11304000,12:36:10
56520,100,5652000,12:36:10
56520,300,16956000,12:36:10
56530,400,22612000,12:36:10
56540,100,5654000,12:36:10
56540,100,5654000,12:36:09
56540,100,5654000,12:36:09
56550,600,33930000,12:36:09
56550,100,5655000,12:36:09
56550,200,11310000,12:36:09
56550,100,5655000,12:36:08
56560,100,5656000,12:36:05
56580,200,11316000,12:36:01
56560,100,5656000,12:36:01
56560,100,5656000,12:36:00
56560,100,5656000,12:36:00
56570,400,22628000,12:36:00
56580,300,16974000,12:36:00
56590,100,5659000,12:35:59
56590,100,5659000,12:35:59
56590,100,5659000,12:35:58
56590,100,5659000,12:35:58
56600,1200,67920000,12:35:58
56610,800,45288000,12:35:58
56610,100,5661000,12:35:58
56620,100,5662000,12:35:55
56630,400,22652000,12:35:51
56620,100,5662000,12:35:41
56620,300,16986000,12:35:41
56630,200,11326000,12:35:40
56630,200,11326000,12:35:40
56640,100,5664000,12:35:39
56640,100,5664000,12:35:39
56660,100,5666000,12:35:39
56650,300,16995000,12:35:39
56640,100,5664000,12:35:37
56650,100,5665000,12:35:37
56650,200,11330000,12:35:37
56670,100,5667000,12:35:33
56680,100,5668000,12:35:32
56670,100,5667000,12:35:31
56680,100,5668000,12:35:31
56670,300,17001000,12:35:31
56670,100,5667000,12:35:31
56670,100,5667000,12:35:31
56670,100,5667000,12:35:31
56670,600,34002000,12:35:31
56670,200,11334000,12:35:31
56670,100,5667000,12:35:31
56670,100,5667000,12:35:31
56670,100,5667000,12:35:29
56660,100,5666000,12:35:28
56660,100,5666000,12:35:28
56640,100,5664000,12:35:27
56630,100,5663000,12:35:24
56640,100,5664000,12:35:22
56650,100,5665000,12:35:18
56650,100,5665000,12:35:18
56650,200,11330000,12:35:18
56640,700,39648000,12:35:15
56630,100,5663000,12:35:14
56630,300,16989000,12:35:05
56630,200,11326000,12:35:04
56610,100,5661000,12:35:03
56620,100,5662000,12:35:03
56620,100,5662000,12:35:01
56620,100,5662000,12:35:01
56620,200,11324000,12:35:01
56620,100,5662000,12:35:01
56630,100,5663000,12:34:59
56640,100,5664000,12:34:58
56640,100,5664000,12:34:58
56630,100,5663000,12:34:56
56630,100,5663000,12:34:56
56630,100,5663000,12:34:48
56620,100,5662000,12:34:41
56630,100,5663000,12:34:41
56630,100,5663000,12:34:41
56630,100,5663000,12:34:37
56630,300,16989000,12:34:37
56630,200,11326000,12:34:37
56620,100,5662000,12:34:36
56620,100,5662000,12:34:36
56620,100,5662000,12:34:22
56630,100,5663000,12:34:19
56620,100,5662000,12:34:18
56630,100,5663000,12:34:16
56630,100,5663000,12:34:16
56630,100,5663000,12:34:16
56630,100,5663000,12:34:16
56620,100,5662000,12:34:14
56630,100,5663000,12:34:14
56630,200,11326000,12:34:13
56620,100,5662000,12:34:13
56620,100,5662000,12:34:13
56620,100,5662000,12:34:12
56630,200,11326000,12:34:10
56630,100,5663000,12:34:10
56630,100,5663000,12:34:10
56650,100,5665000,12:34:06
56640,100,5664000,12:34:04
56640,300,16992000,12:34:04
56650,600,33990000,12:34:04
56660,100,5666000,12:34:03
56650,100,5665000,12:34:02
56660,100,5666000,12:34:02
56660,100,5666000,12:34:02
56670,200,11334000,12:34:01
56670,100,5667000,12:34:01
56670,100,5667000,12:34:01
56670,100,5667000,12:33:58
56670,100,5667000,12:33:58
56680,200,11336000,12:33:56
56690,100,5669000,12:33:47
56670,200,11334000,12:33:45
56660,300,16998000,12:33:40
56670,400,22668000,12:33:39
56670,100,5667000,12:33:39
56680,400,22672000,12:33:39
56680,100,5668000,12:33:39
56700,700,39690000,12:33:32
56690,100,5669000,12:33:32
56690,100,5669000,12:33:32
56690,100,5669000,12:33:32
56700,100,5670000,12:33:20
56690,100,5669000,12:33:18
56690,100,5669000,12:33:18
56700,100,5670000,12:33:16
56690,100,5669000,12:33:10
56690,100,5669000,12:33:10
56690,200,11338000,12:33:10
56690,100,5669000,12:33:08
56690,100,5669000,12:33:08
56690,100,5669000,12:33:07
56700,700,39690000,12:33:07
56700,300,17010000,12:33:07
56710,900,51039000,12:33:07
56720,100,5672000,12:33:07
56720,100,5672000,12:33:06
56720,100,5672000,12:33:02
56730,100,5673000,12:33:02
56720,300,17016000,12:33:02
56730,500,28365000,12:33:02
56730,100,5673000,12:33:02
56740,200,11348000,12:32:55
56740,100,5674000,12:32:43
56740,100,5674000,12:32:43
56740,100,5674000,12:32:39
56740,100,5674000,12:32:39
56750,100,5675000,12:32:38
56750,100,5675000,12:32:38
56750,600,34050000,12:32:38
56750,200,11350000,12:32:38
56760,100,5676000,12:32:38
56760,100,5676000,12:32:38
56760,100,5676000,12:32:25
56760,100,5676000,12:32:24
56750,100,5675000,12:32:22
56770,200,11354000,12:32:22
56770,100,5677000,12:32:22
56760,300,17028000,12:32:22
56750,100,5675000,12:32:15
56750,200,11350000,12:32:15
56740,100,5674000,12:32:14
56740,100,5674000,12:32:07
56730,200,11346000,12:32:06
56730,100,5673000,12:32:06
56740,200,11348000,12:32:04
56740,100,5674000,12:32:04
56740,100,5674000,12:32:04
56730,100,5673000,12:32:01
56740,200,11348000,12:32:01
56740,200,11348000,12:32:01
56750,200,11350000,12:31:59
56760,200,11352000,12:31:58
56780,200,11356000,12:31:57
56780,200,11356000,12:31:55
56790,100,5679000,12:31:52
56790,100,5679000,12:31:52
56800,600,34080000,12:31:52
56810,100,5681000,12:31:50
56810,100,5681000,12:31:49
56820,100,5682000,12:31:47
56820,100,5682000,12:31:41
56830,100,5683000,12:31:37
56840,100,5684000,12:31:34
56850,200,11370000,12:31:32
56840,100,5684000,12:31:32
56810,400,22724000,12:31:24
56800,300,17040000,12:31:24
56810,900,51129000,12:31:24
56810,100,5681000,12:31:24
56820,300,17046000,12:31:23
56830,1100,62513000,12:31:23
56850,200,11370000,12:31:22
56850,300,17055000,12:31:22
56860,300,17058000,12:31:20
56870,100,5687000,12:31:19
56860,100,5686000,12:31:09
56870,100,5687000,12:31:06
56860,100,5686000,12:31:05
56870,100,5687000,12:31:04
56870,100,5687000,12:31:04
56880,100,5688000,12:31:03
56890,100,5689000,12:31:01
56890,100,5689000,12:31:00
56900,100,5690000,12:31:00
56890,100,5689000,12:31:00
56890,100,5689000,12:31:00
56890,200,11378000,12:30:58
56890,300,17067000,12:30:58
56900,300,17070000,12:30:58
56930,200,11386000,12:30:56
56920,300,17076000,12:30:56
56910,100,5691000,12:30:56
56900,100,5690000,12:30:54
56900,100,5690000,12:30:54
56890,300,17067000,12:30:51
56880,400,22752000,12:30:51
56870,100,5687000,12:30:51
56870,100,5687000,12:30:48
56890,100,5689000,12:30:46
56870,100,5687000,12:30:45
56880,100,5688000,12:30:45
56880,100,5688000,12:30:45
56870,100,5687000,12:30:45
56870,100,5687000,12:30:44
56870,100,5687000,12:30:42
56870,100,5687000,12:30:40
56860,100,5686000,12:30:40
56890,100,5689000,12:30:39
56880,100,5688000,12:30:39
56880,100,5688000,12:30:39
56880,300,17064000,12:30:39
56900,200,11380000,12:30:39
56910,100,5691000,12:30:39
56930,600,34158000,12:30:39
56970,100,5697000,12:30:37
56950,100,5695000,12:30:35
56940,100,5694000,12:30:32
56950,100,5695000,12:30:31
56950,200,11390000,12:30:29
56960,200,11392000,12:30:29
56960,100,5696000,12:30:29
56980,100,5698000,12:30:25
56990,100,5699000,12:30:19
56990,100,5699000,12:30:19
56980,100,5698000,12:30:18
56960,100,5696000,12:30:17
56930,100,5693000,12:30:16
56910,100,5691000,12:30:15
56920,100,5692000,12:30:15
56960,100,5696000,12:30:13
56950,100,5695000,12:30:11
56960,100,5696000,12:30:11
56970,200,11394000,12:30:11
56980,100,5698000,12:30:10
56990,100,5699000,12:30:10
57020,100,5702000,12:30:06
57030,100,5703000,12:30:06
57040,100,5704000,12:30:06
57040,100,5704000,12:30:03
57030,100,5703000,12:30:03
57010,100,5701000,12:30:02
57000,200,11400000,12:30:02
57020,100,5702000,12:30:01
57020,100,5702000,12:30:01
57010,400,22804000,12:30:01
57020,300,17106000,12:30:01
57020,100,5702000,12:30:01
57010,100,5701000,12:30:00
57020,100,5702000,12:30:00
57020,100,5702000,12:30:00
57030,100,5703000,12:30:00
57050,200,11410000,12:30:00
57010,300,17103000,12:30:00
57000,200,11400000,12:30:00
57000,19100,1088700000,12:30:00
56810,4500,255645000,11:30:00
56820,100,5682000,11:29:45
56840,100,5684000,11:29:41
56830,200,11366000,11:29:38
56820,100,5682000,11:29:38
56830,100,5683000,11:29:38
56850,100,5685000,11:29:38
56860,100,5686000,11:29:33
56850,100,5685000,11:29:33
56850,100,5685000,11:29:31
56850,100,5685000,11:29:23
56840,1000,56840000,11:29:21
56830,100,5683000,11:29:19
56820,100,5682000,11:29:05
56830,100,5683000,11:29:05
56820,100,5682000,11:28:55
56800,100,5680000,11:28:52
56800,100,5680000,11:28:52
56800,200,11360000,11:28:52
56800,200,11360000,11:28:52
56810,100,5681000,11:28:52
56800,1400,79520000,11:28:52
56810,900,51129000,11:28:52
56820,800,45456000,11:28:52
56830,700,39781000,11:28:52
56840,500,28420000,11:28:52
56850,700,39795000,11:28:52
56870,100,5687000,11:28:49
56850,100,5685000,11:28:46
56860,100,5686000,11:28:44
56860,700,39802000,11:28:43
56860,100,5686000,11:28:41
56870,1000,56870000,11:28:41
56870,100,5687000,11:28:41
56890,100,5689000,11:28:40
56880,100,5688000,11:28:40
56900,100,5690000,11:28:33
56870,300,17061000,11:27:53
56870,100,5687000,11:27:53
56880,100,5688000,11:27:53
56900,100,5690000,11:27:47
56910,100,5691000,11:27:38
56910,300,17073000,11:27:38
56900,100,5690000,11:27:37
56900,100,5690000,11:27:37
56870,100,5687000,11:27:27
56870,100,5687000,11:27:27
56890,100,5689000,11:27:26
56890,100,5689000,11:27:26
56900,200,11380000,11:27:26
56920,100,5692000,11:27:20
56910,100,5691000,11:27:19
56910,100,5691000,11:27:19
56910,400,22764000,11:27:19
56920,100,5692000,11:27:08
56920,100,5692000,11:27:02
56930,100,5693000,11:26:57
56940,100,5694000,11:26:55
56940,100,5694000,11:26:51
56940,100,5694000,11:26:51
56930,100,5693000,11:26:51
56940,100,5694000,11:26:29
56940,100,5694000,11:26:29
56920,100,5692000,11:26:17
56920,200,11384000,11:26:17
56930,200,11386000,11:26:17
56930,100,5693000,11:26:17
56940,100,5694000,11:26:14
56960,200,11392000,11:26:04
56950,100,5695000,11:26:03
56960,100,5696000,11:25:58
56940,100,5694000,11:25:57
56950,100,5695000,11:25:57
56950,100,5695000,11:25:53
56950,100,5695000,11:25:53
56960,100,5696000,11:25:52
56960,100,5696000,11:25:52
56960,100,5696000,11:25:48
56970,100,5697000,11:25:47
56970,100,5697000,11:25:47
56990,100,5699000,11:25:45
56980,200,11396000,11:25:42
56990,100,5699000,11:25:37
56990,100,5699000,11:25:37
56990,200,11398000,11:25:10
56980,200,11396000,11:25:03
56990,100,5699000,11:24:57
57000,200,11400000,11:24:55
57000,300,17100000,11:24:55
57000,100,5700000,11:24:48
56990,100,5699000,11:24:46
56980,100,5698000,11:24:40
56970,100,5697000,11:24:38
56950,100,5695000,11:24:38
56950,100,5695000,11:24:37
56960,100,5696000,11:24:37
56960,100,5696000,11:24:37
56950,100,5695000,11:24:36
56950,100,5695000,11:24:36
56950,100,5695000,11:24:36
56930,200,11386000,11:24:33
56940,100,5694000,11:24:33
56940,100,5694000,11:24:33
56940,200,11388000,11:24:33
56950,100,5695000,11:24:19
56930,100,5693000,11:24:16
56940,100,5694000,11:24:00
56940,400,22776000,11:23:56
56940,600,34164000,11:23:56
56920,100,5692000,11:23:53
56920,100,5692000,11:23:48
56930,100,5693000,11:23:47
56930,100,5693000,11:23:34
56930,100,5693000,11:23:34
56920,100,5692000,11:23:31
56920,200,11384000,11:23:30
56930,200,11386000,11:23:30
56950,200,11390000,11:23:19
56950,100,5695000,11:23:19
56910,100,5691000,11:23:04
56900,100,5690000,11:23:00
56890,100,5689000,11:23:00
56880,500,28440000,11:22:55
56880,100,5688000,11:22:53
56890,100,5689000,11:22:52
56900,100,5690000,11:22:52
56900,100,5690000,11:22:52
56910,100,5691000,11:22:51
56920,100,5692000,11:22:46
56910,200,11382000,11:22:46
56910,100,5691000,11:22:46
56920,200,11384000,11:22:46
56920,100,5692000,11:22:41
56930,100,5693000,11:22:39
56920,100,5692000,11:22:39
56920,500,28460000,11:22:39
56900,100,5690000,11:22:39
56910,900,51219000,11:22:39
56900,100,5690000,11:22:39
56900,2000,113800000,11:22:39
56900,100,5690000,11:22:34
56910,200,11382000,11:22:30
56910,100,5691000,11:22:30
56900,100,5690000,11:22:30
56900,200,11380000,11:22:29
56890,100,5689000,11:22:29
56880,100,5688000,11:22:26
56880,200,11376000,11:22:25
56890,100,5689000,11:22:25
56890,100,5689000,11:22:25
56900,100,5690000,11:22:25
56900,1000,56900000,11:22:25
56910,100,5691000,11:22:25
56900,200,11380000,11:22:21
56900,100,5690000,11:22:21
56910,100,5691000,11:22:20
56910,100,5691000,11:22:16
56910,200,11382000,11:22:10
56910,400,22764000,11:22:10
56920,200,11384000,11:22:10
56920,100,5692000,11:22:10
56920,100,5692000,11:22:09
56930,400,22772000,11:22:04
56950,100,5695000,11:22:00
56950,200,11390000,11:22:00
56930,200,11386000,11:21:55
56940,100,5694000,11:21:53
56940,100,5694000,11:21:47
56940,100,5694000,11:21:45
56930,100,5693000,11:21:45
56930,100,5693000,11:21:45
56940,200,11388000,11:21:43
56950,200,11390000,11:21:43
56950,300,17085000,11:21:43
56960,100,5696000,11:21:43
56960,300,17088000,11:21:43
56960,100,5696000,11:21:43
56970,100,5697000,11:21:36
56970,200,11394000,11:21:36
56980,200,11396000,11:21:35
56980,100,5698000,11:21:27
57000,100,5700000,11:21:27
57000,100,5700000,11:21:15
57000,300,17100000,11:21:15
56980,100,5698000,11:21:15
56980,100,5698000,11:21:12
56980,100,5698000,11:21:11
56980,100,5698000,11:21:10
56980,100,5698000,11:21:08
56980,100,5698000,11:21:03
56980,100,5698000,11:20:59
56970,100,5697000,11:20:57
56970,100,5697000,11:20:56
56980,100,5698000,11:20:56
56980,100,5698000,11:20:56
57000,300,17100000,11:20:55
57000,100,5700000,11:20:54
57000,100,5700000,11:20:49
57000,200,11400000,11:20:47
57000,600,34200000,11:20:45
57000,100,5700000,11:20:45
57010,500,28505000,11:20:42
57020,300,17106000,11:20:42
57030,200,11406000,11:20:41
57040,100,5704000,11:20:41
57050,100,5705000,11:20:39
57050,200,11410000,11:20:37
57040,100,5704000,11:20:30
57050,100,5705000,11:20:24
57060,100,5706000,11:20:20
57030,100,5703000,11:20:19
57040,100,5704000,11:20:19
57040,100,5704000,11:20:19
57040,100,5704000,11:20:19
57050,400,22820000,11:20:19
57060,200,11412000,11:20:16
57080,100,5708000,11:20:13
57090,200,11418000,11:20:11
57080,300,17124000,11:20:11
57080,200,11416000,11:20:11
57090,100,5709000,11:20:09
57070,100,5707000,11:20:09
57060,100,5706000,11:20:09
57070,100,5707000,11:20:09
57070,100,5707000,11:20:09
57070,100,5707000,11:20:09
57080,100,5708000,11:20:09
57090,600,34254000,11:20:09
57100,900,51390000,11:20:09
57120,100,5712000,11:20:05
57110,100,5711000,11:20:04
57110,100,5711000,11:20:04
57110,100,5711000,11:20:03
57100,700,39970000,11:20:03
57100,100,5710000,11:20:03
57100,100,5710000,11:20:03
57100,100,5710000,11:20:03
57100,600,34260000,11:20:03
57100,300,17130000,11:20:03
57090,200,11418000,11:20:00
57090,500,28545000,11:20:00
57080,500,28540000,11:20:00
57080,100,5708000,11:19:55
57070,100,5707000,11:19:55
57060,100,5706000,11:19:54
57050,100,5705000,11:19:52
57060,100,5706000,11:19:49
57060,600,34236000,11:19:48
57070,200,11414000,11:19:47
57080,100,5708000,11:19:46
57080,100,5708000,11:19:42
57080,100,5708000,11:19:42
57070,100,5707000,11:19:41
57060,100,5706000,11:19:39
57060,100,5706000,11:19:38
57060,100,5706000,11:19:37
57060,100,5706000,11:19:37
57060,100,5706000,11:19:37
57060,100,5706000,11:19:32
57060,100,5706000,11:19:30
57050,100,5705000,11:19:26
57050,100,5705000,11:19:20
57040,100,5704000,11:19:17
57040,100,5704000,11:19:17
57040,400,22816000,11:19:17
57030,100,5703000,11:19:13
57030,200,11406000,11:19:04
57030,200,11406000,11:19:04
57030,300,17109000,11:19:04
57020,100,5702000,11:19:02
57010,500,28505000,11:18:56
57020,100,5702000,11:18:55
57020,100,5702000,11:18:53
57020,100,5702000,11:18:50
57020,100,5702000,11:18:45
57030,100,5703000,11:18:34
57030,100,5703000,11:18:34
57030,100,5703000,11:18:30
57020,100,5702000,11:18:29
57030,100,5703000,11:18:21
57020,100,5702000,11:18:18
57030,100,5703000,11:18:17
57030,200,11406000,11:18:17
57030,200,11406000,11:18:14
57010,100,5701000,11:18:11
57020,600,34212000,11:18:09
57030,100,5703000,11:18:05
57030,100,5703000,11:18:02
57030,100,5703000,11:18:02
57040,100,5704000,11:17:59
57040,100,5704000,11:17:58
57030,100,5703000,11:17:50
57020,100,5702000,11:17:47
57030,100,5703000,11:17:45
57010,200,11402000,11:17:37
57010,100,5701000,11:17:33
57020,100,5702000,11:17:33
57020,100,5702000,11:17:33
57030,100,5703000,11:17:31
57040,300,17112000,11:17:29
57060,100,5706000,11:17:28
57070,300,17121000,11:17:28
57080,200,11416000,11:17:27
57070,200,11414000,11:17:27
57060,500,28530000,11:17:27
57050,100,5705000,11:17:27
57060,100,5706000,11:17:27
57050,800,45640000,11:17:27
57040,600,34224000,11:17:27
57030,100,5703000,11:17:26
57020,100,5702000,11:17:25
57020,100,5702000,11:17:25
57020,100,5702000,11:17:25
57020,700,39914000,11:17:25
56990,500,28495000,11:17:25
57000,200,11400000,11:17:25
57000,200,11400000,11:17:25
57020,100,5702000,11:17:25
57020,100,5702000,11:17:25
57010,400,22804000,11:17:25
57000,8700,495900000,11:17:25
56990,400,22796000,11:17:25
56980,1000,56980000,11:17:25
56980,200,11396000,11:17:25
56970,100,5697000,11:17:24
56960,400,22784000,11:17:24
56950,400,22780000,11:17:23
56950,100,5695000,11:17:23
56950,100,5695000,11:17:23
56950,200,11390000,11:17:23
56950,100,5695000,11:17:23
56940,1100,62634000,11:17:23
56940,300,17082000,11:17:23
56940,100,5694000,11:17:22
56930,100,5693000,11:17:22
56930,100,5693000,11:17:22
56920,100,5692000,11:17:19
56930,500,28465000,11:17:18
56930,100,5693000,11:17:18
56920,100,5692000,11:17:17
56920,300,17076000,11:17:17
56920,200,11384000,11:17:17
56910,100,5691000,11:17:09
56900,100,5690000,11:17:09
56900,100,5690000,11:17:06
56900,1600,91040000,11:17:02
56900,200,11380000,11:17:02
56900,100,5690000,11:17:02
56890,100,5689000,11:16:59
56900,100,5690000,11:16:58
56890,100,5689000,11:16:57
56890,300,17067000,11:16:57
56880,300,17064000,11:16:57
56880,200,11376000,11:16:57
56880,600,34128000,11:16:55
56870,500,28435000,11:16:55
56870,400,22748000,11:16:55
56870,100,5687000,11:16:55
56870,100,5687000,11:16:51
56860,100,5686000,11:16:41
56860,200,11372000,11:16:32
56860,100,5686000,11:16:27
56860,100,5686000,11:16:26
56850,100,5685000,11:16:26
56850,600,34110000,11:16:25
56850,100,5685000,11:16:25
56840,100,5684000,11:16:18
56840,100,5684000,11:16:15
56830,200,11366000,11:16:12
56830,100,5683000,11:16:12
56840,300,17052000,11:16:03
56840,100,5684000,11:16:03
56830,100,5683000,11:16:00
56820,300,17046000,11:15:58
56820,100,5682000,11:15:58
56800,100,5680000,11:15:57
56820,200,11364000,11:15:55
56810,300,17043000,11:15:55
56790,100,5679000,11:15:43
56780,100,5678000,11:15:27
56770,100,5677000,11:15:26
56760,100,5676000,11:15:26
56760,100,5676000,11:15:24
56760,100,5676000,11:15:17
56740,100,5674000,11:15:17
56750,100,5675000,11:15:17
56750,100,5675000,11:15:17
56750,100,5675000,11:15:17
56750,200,11350000,11:15:17
56740,100,5674000,11:15:12
56740,100,5674000,11:15:07
56740,200,11348000,11:15:03
56730,100,5673000,11:15:03
56730,100,5673000,11:14:59
56720,300,17016000,11:14:56
56720,100,5672000,11:14:50
56730,300,17019000,11:14:48
56740,100,5674000,11:14:45
56740,100,5674000,11:14:45
56740,100,5674000,11:14:45
56750,300,17025000,11:14:41
56760,100,5676000,11:14:36
56760,100,5676000,11:14:29
56770,100,5677000,11:14:26
56750,100,5675000,11:14:21
56750,100,5675000,11:14:21
56740,100,5674000,11:14:20
56740,100,5674000,11:14:20
56750,500,28375000,11:14:20
56760,300,17028000,11:14:19
56760,100,5676000,11:14:19
56770,200,11354000,11:14:17
56770,100,5677000,11:14:17
56780,100,5678000,11:14:13
56780,200,11356000,11:14:09
56780,500,28390000,11:14:07
56780,300,17034000,11:14:01
56790,200,11358000,11:13:54
56790,100,5679000,11:13:54
56810,100,5681000,11:13:44
56810,200,11362000,11:13:38
56820,100,5682000,11:13:36
56820,200,11364000,11:13:24
56810,100,5681000,11:13:21
56800,400,22720000,11:13:21
56800,100,5680000,11:13:21
56800,100,5680000,11:13:21
56810,600,34086000,11:13:21
56820,200,11364000,11:13:12
56830,100,5683000,11:13:02
56830,100,5683000,11:13:02
56830,100,5683000,11:12:51
56830,100,5683000,11:12:51
56830,100,5683000,11:12:36
56830,100,5683000,11:12:36
56820,100,5682000,11:12:29
56830,100,5683000,11:12:25
56830,100,5683000,11:12:21
56830,100,5683000,11:12:21
56820,100,5682000,11:12:00
56820,200,11364000,11:11:59
56840,200,11368000,11:11:54
56840,100,5684000,11:11:46
56840,100,5684000,11:11:45
56810,100,5681000,11:11:44
56830,100,5683000,11:11:41
56830,300,17049000,11:11:37
56840,100,5684000,11:11:37
56840,100,5684000,11:11:36
56840,200,11368000,11:11:34
56860,100,5686000,11:11:30
56860,100,5686000,11:11:23
56860,200,11372000,11:11:23
56840,100,5684000,11:11:16
56840,200,11368000,11:11:13
56860,100,5686000,11:10:53
56860,100,5686000,11:10:53
56860,100,5686000,11:10:53
56850,100,5685000,11:10:48
56850,200,11370000,11:10:48
56840,100,5684000,11:10:44
56840,300,17052000,11:10:35
56830,100,5683000,11:10:32
56830,100,5683000,11:10:27
56830,300,17049000,11:10:08
56820,200,11364000,11:10:08
56810,300,17043000,11:10:08
56800,200,11360000,11:09:55
56820,100,5682000,11:09:44
56810,100,5681000,11:09:40
56830,100,5683000,11:09:33
56830,100,5683000,11:09:33
56850,100,5685000,11:09:32
56840,100,5684000,11:09:31
56840,100,5684000,11:09:31
56830,100,5683000,11:09:31
56830,100,5683000,11:09:31
56830,600,34098000,11:09:31
56820,100,5682000,11:09:27
56820,100,5682000,11:09:25
56810,100,5681000,11:09:22
56790,100,5679000,11:09:21
56790,100,5679000,11:09:07
56790,100,5679000,11:09:04
56800,300,17040000,11:09:04
56800,100,5680000,11:09:04
56800,200,11360000,11:09:04
56760,100,5676000,11:08:30
56770,200,11354000,11:08:30
56770,100,5677000,11:08:30
56770,100,5677000,11:08:30
56770,100,5677000,11:08:30
56770,100,5677000,11:08:18
56770,100,5677000,11:08:14
56740,200,11348000,11:08:06
56740,100,5674000,11:08:05
56750,800,45400000,11:08:04
56760,100,5676000,11:08:03
56760,200,11352000,11:08:03
56760,200,11352000,11:08:03
56770,100,5677000,11:08:00
56770,200,11354000,11:08:00
56770,100,5677000,11:08:00
56770,100,5677000,11:07:59
56780,100,5678000,11:07:58
56780,100,5678000,11:07:58
56790,300,17037000,11:07:53
56800,100,5680000,11:07:50
56820,100,5682000,11:07:35
56810,100,5681000,11:07:22
56810,100,5681000,11:07:10
56810,100,5681000,11:07:05
56810,100,5681000,11:07:03
56810,200,11362000,11:07:00
56770,100,5677000,11:06:49
56780,100,5678000,11:06:49
56780,100,5678000,11:06:44
56780,100,5678000,11:06:40
56760,100,5676000,11:06:39
56770,100,5677000,11:06:38
56780,100,5678000,11:06:36
56790,100,5679000,11:06:32
56790,100,5679000,11:06:28
56780,100,5678000,11:06:28
56780,100,5678000,11:06:22
56790,100,5679000,11:06:22
56790,100,5679000,11:06:22
56810,100,5681000,11:06:09
56810,100,5681000,11:06:09
56790,100,5679000,11:05:42
56790,200,11358000,11:05:41
56800,100,5680000,11:05:38
56810,100,5681000,11:05:34
56800,100,5680000,11:05:30
56800,200,11360000,11:05:30
56790,100,5679000,11:05:28
56760,100,5676000,11:05:20
56780,100,5678000,11:05:20
56810,100,5681000,11:05:00
56800,100,5680000,11:04:45
56760,100,5676000,11:04:41
56770,100,5677000,11:04:41
56800,100,5680000,11:04:29
56800,100,5680000,11:04:29
56820,100,5682000,11:04:20
56800,100,5680000,11:04:12
56810,100,5681000,11:04:12
56830,100,5683000,11:03:59
56830,200,11366000,11:03:58
56830,100,5683000,11:03:58
56830,100,5683000,11:03:58
56820,200,11364000,11:03:52
56810,100,5681000,11:03:51
56800,100,5680000,11:03:44
56790,100,5679000,11:03:41
56830,200,11366000,11:03:31
56820,100,5682000,11:03:31
56820,100,5682000,11:03:30
56780,100,5678000,11:03:22
56800,100,5680000,11:03:21
56790,100,5679000,11:03:20
56790,100,5679000,11:03:20
56780,100,5678000,11:03:18
56760,100,5676000,11:03:10
56760,100,5676000,11:03:10
56720,100,5672000,11:03:04
56730,100,5673000,11:03:04
56730,200,11346000,11:03:00
56740,100,5674000,11:03:00
56740,100,5674000,11:02:59
56750,200,11350000,11:02:57
56760,200,11352000,11:02:55
56780,300,17034000,11:02:53
56780,100,5678000,11:02:53
56780,200,11356000,11:02:53
56790,100,5679000,11:02:52
56790,100,5679000,11:02:49
56800,100,5680000,11:02:42
56800,100,5680000,11:02:42
56800,100,5680000,11:02:42
56800,100,5680000,11:02:42
56820,100,5682000,11:02:42
56830,100,5683000,11:02:37
56810,300,17043000,11:02:37
56820,100,5682000,11:02:29
56840,100,5684000,11:02:16
56840,300,17052000,11:02:16
56830,100,5683000,11:02:15
56810,200,11362000,11:02:07
56820,100,5682000,11:02:07
56820,100,5682000,11:02:07
56830,100,5683000,11:02:06
56820,100,5682000,11:02:01
56830,100,5683000,11:02:00
56820,100,5682000,11:01:48
56810,100,5681000,11:01:47
56820,100,5682000,11:01:46
56820,100,5682000,11:01:37
56820,100,5682000,11:01:37
56820,100,5682000,11:01:36
56830,100,5683000,11:01:36
56840,100,5684000,11:01:34
56840,100,5684000,11:01:31
56850,100,5685000,11:01:31
56850,200,11370000,11:01:31
56830,100,5683000,11:01:30
56820,100,5682000,11:01:26
56830,100,5683000,11:01:25
56820,100,5682000,11:01:14
56810,200,11362000,11:01:09
56820,100,5682000,11:01:08
56840,100,5684000,11:01:07
56860,200,11372000,11:01:07
56850,100,5685000,11:01:06
56860,100,5686000,11:01:05
56850,100,5685000,11:01:05
56850,200,11370000,11:01:05
56850,100,5685000,11:01:05
56840,200,11368000,11:01:05
56840,800,45472000,11:01:05
56830,100,5683000,11:01:00
56830,100,5683000,11:00:56
56820,100,5682000,11:00:55
56830,100,5683000,11:00:54
56820,100,5682000,11:00:52
56830,100,5683000,11:00:43
56830,100,5683000,11:00:41
56830,100,5683000,11:00:41
56820,100,5682000,11:00:40
56820,100,5682000,11:00:40
56820,100,5682000,11:00:40
56820,100,5682000,11:00:35
56810,100,5681000,11:00:35
56830,100,5683000,11:00:32
56820,100,5682000,11:00:29
56820,100,5682000,11:00:22
56820,100,5682000,11:00:22
56840,200,11368000,11:00:18
56830,300,17049000,11:00:16
56830,100,5683000,11:00:16
56820,100,5682000,11:00:16
56820,100,5682000,11:00:13
56810,100,5681000,11:00:12
56810,100,5681000,11:00:12
56810,100,5681000,11:00:12
56820,100,5682000,11:00:11
56810,100,5681000,11:00:04
56790,200,11358000,11:00:03
56790,100,5679000,11:00:03
56800,100,5680000,11:00:02
56790,100,5679000,11:00:00
56780,100,5678000,10:59:58
56760,100,5676000,10:59:52
56750,100,5675000,10:59:50
56760,100,5676000,10:59:36
56750,100,5675000,10:59:35
56750,100,5675000,10:59:34
56760,100,5676000,10:59:34
56760,200,11352000,10:59:34
56760,100,5676000,10:59:31
56750,100,5675000,10:59:30
56750,100,5675000,10:59:30
56760,100,5676000,10:59:28
56760,100,5676000,10:59:28
56760,100,5676000,10:59:23
56780,100,5678000,10:59:14
56770,100,5677000,10:59:05
56780,100,5678000,10:59:00
56790,100,5679000,10:58:59
56790,100,5679000,10:58:59
56800,100,5680000,10:58:58
56790,100,5679000,10:58:58
56790,100,5679000,10:58:52
56790,100,5679000,10:58:48
56780,100,5678000,10:58:46
56790,100,5679000,10:58:37
56780,100,5678000,10:58:37
56780,100,5678000,10:58:36
56760,200,11352000,10:58:34
56780,100,5678000,10:58:26
56760,200,11352000,10:58:10
56750,100,5675000,10:58:10
56730,100,5673000,10:58:07
56730,100,5673000,10:58:07
56740,100,5674000,10:58:05
56730,100,5673000,10:57:59
56720,400,22688000,10:57:58
56710,100,5671000,10:57:51
56720,100,5672000,10:57:51
56720,100,5672000,10:57:42
56730,300,17019000,10:57:42
56750,100,5675000,10:57:40
56740,200,11348000,10:57:36
56760,300,17028000,10:57:33
56770,100,5677000,10:57:31
56780,100,5678000,10:57:30
56780,100,5678000,10:57:30
56780,100,5678000,10:57:29
56790,100,5679000,10:57:27
56790,100,5679000,10:57:19
56800,200,11360000,10:57:19
56790,100,5679000,10:57:15
56790,200,11358000,10:57:15
56790,100,5679000,10:57:15
56800,100,5680000,10:57:11
56810,100,5681000,10:57:11
56790,100,5679000,10:56:55
56790,100,5679000,10:56:49
56800,200,11360000,10:56:49
56800,100,5680000,10:56:49
56800,800,45440000,10:56:49
56800,100,5680000,10:56:49
56800,100,5680000,10:56:49
56810,100,5681000,10:56:48
56820,300,17046000,10:56:45
56840,100,5684000,10:56:36
56840,200,11368000,10:56:31
56840,100,5684000,10:56:31
56850,100,5685000,10:56:28
56850,100,5685000,10:56:24
56860,100,5686000,10:56:24
56860,300,17058000,10:56:18
56870,300,17061000,10:56:18
56890,100,5689000,10:56:09
56900,100,5690000,10:56:08
56900,200,11380000,10:56:08
56890,600,34134000,10:56:06
56870,100,5687000,10:55:58
56870,100,5687000,10:55:58
56860,200,11372000,10:55:58
56840,600,34104000,10:55:56
56820,100,5682000,10:55:56
56840,800,45472000,10:55:56
56840,600,34104000,10:55:56
56850,100,5685000,10:55:53
56850,200,11370000,10:55:53
56840,100,5684000,10:55:53
56840,100,5684000,10:55:49
56840,100,5684000,10:55:47
56840,100,5684000,10:55:42
56830,200,11366000,10:55:39
56840,100,5684000,10:55:33
56850,200,11370000,10:55:33
56860,100,5686000,10:55:31
56870,100,5687000,10:55:30
56860,200,11372000,10:55:30
56870,300,17061000,10:55:24
56860,100,5686000,10:55:20
56880,100,5688000,10:55:20
56860,100,5686000,10:55:17
56870,100,5687000,10:55:15
56870,100,5687000,10:55:14
56870,100,5687000,10:55:12
56870,100,5687000,10:55:03
56850,200,11370000,10:54:55
56860,100,5686000,10:54:53
56870,300,17061000,10:54:53
56870,100,5687000,10:54:53
56880,100,5688000,10:54:50
56880,100,5688000,10:54:50
56890,100,5689000,10:54:47
56890,100,5689000,10:54:45
56910,100,5691000,10:54:42
56890,100,5689000,10:54:42
56900,100,5690000,10:54:42
56910,200,11382000,10:54:42
56910,100,5691000,10:54:42
56900,1900,108110000,10:54:42
56900,200,11380000,10:54:42
56890,200,11378000,10:54:42
56880,500,28440000,10:54:41
56880,100,5688000,10:54:41
56870,300,17061000,10:54:41
56870,300,17061000,10:54:41
56860,700,39802000,10:54:41
56850,100,5685000,10:54:41
56850,600,34110000,10:54:41
56840,200,11368000,10:54:41
56830,800,45464000,10:54:41
56800,100,5680000,10:54:41
56830,700,39781000,10:54:41
56820,900,51138000,10:54:41
56810,100,5681000,10:54:41
56800,100,5680000,10:54:41
56800,100,5680000,10:54:41
56810,400,22724000,10:54:41
56800,100,5680000,10:54:41
56810,100,5681000,10:54:41
56810,100,5681000,10:54:41
56790,200,11358000,10:54:41
56790,200,11358000,10:54:41
56810,200,11362000,10:54:40
56800,800,45440000,10:54:40
56800,300,17040000,10:54:40
56790,100,5679000,10:54:40
56790,200,11358000,10:54:37
56790,300,17037000,10:54:33
56780,300,17034000,10:54:33
56770,200,11354000,10:54:33
56760,100,5676000,10:54:33
56760,400,22704000,10:54:30
56750,200,11350000,10:54:30
56750,300,17025000,10:54:30
56740,100,5674000,10:54:30
56730,300,17019000,10:54:30
56720,200,11344000,10:54:30
56710,100,5671000,10:54:30
56700,600,34020000,10:54:30
56670,400,22668000,10:54:29
56680,200,11336000,10:54:29
56690,300,17007000,10:54:29
56690,100,5669000,10:54:29
56670,200,11334000,10:54:16
56670,100,5667000,10:54:11
56660,100,5666000,10:54:11
56660,100,5666000,10:54:11
56660,100,5666000,10:54:11
56650,200,11330000,10:54:10
56630,100,5663000,10:54:03
56630,100,5663000,10:54:03
56640,100,5664000,10:54:00
56630,200,11326000,10:53:55
56640,100,5664000,10:53:55
56640,100,5664000,10:53:55
56640,200,11328000,10:53:46
56660,100,5666000,10:53:42
56660,100,5666000,10:53:33
56640,100,5664000,10:53:32
56640,100,5664000,10:53:32
56640,100,5664000,10:53:32
56640,100,5664000,10:53:30
56650,200,11330000,10:53:30
56650,100,5665000,10:53:30
56650,100,5665000,10:53:30
56660,100,5666000,10:53:27
56670,100,5667000,10:53:20
56670,100,5667000,10:53:15
56670,100,5667000,10:53:15
56680,100,5668000,10:53:10
56690,100,5669000,10:53:03
56690,100,5669000,10:53:03
56690,100,5669000,10:53:03
56680,100,5668000,10:52:51
56680,100,5668000,10:52:51
56660,100,5666000,10:52:48
56660,200,11332000,10:52:48
56660,100,5666000,10:52:48
56660,600,33996000,10:52:46
56670,100,5667000,10:52:46
56680,400,22672000,10:52:46
56680,200,11336000,10:52:46
56680,100,5668000,10:52:46
56690,100,5669000,10:52:35
56700,100,5670000,10:52:32
56690,100,5669000,10:52:30
56700,100,5670000,10:52:28
56700,100,5670000,10:52:28
56710,100,5671000,10:52:26
56720,100,5672000,10:52:21
56730,100,5673000,10:52:17
56720,100,5672000,10:52:14
56730,100,5673000,10:51:54
56720,100,5672000,10:51:53
56720,200,11344000,10:51:53
56710,100,5671000,10:51:45
56710,100,5671000,10:51:32
56720,100,5672000,10:51:32
56720,100,5672000,10:51:32
56730,200,11346000,10:51:30
56730,100,5673000,10:51:27
56740,100,5674000,10:51:23
56760,100,5676000,10:51:22
56750,100,5675000,10:51:20
56760,100,5676000,10:51:18
56750,100,5675000,10:51:17
56750,200,11350000,10:51:14
56760,100,5676000,10:51:11
56740,100,5674000,10:51:07
56750,100,5675000,10:51:06
56740,100,5674000,10:51:05
56750,100,5675000,10:51:04
56750,100,5675000,10:51:04
56740,100,5674000,10:51:02
56740,200,11348000,10:50:52
56750,100,5675000,10:50:52
56750,500,28375000,10:50:51
56750,300,17025000,10:50:51
56740,200,11348000,10:50:48
56740,100,5674000,10:50:48
56740,100,5674000,10:50:48
56730,300,17019000,10:50:48
56730,300,17019000,10:50:47
56700,100,5670000,10:50:45
56710,500,28355000,10:50:45
56720,100,5672000,10:50:44
56720,100,5672000,10:50:44
56720,100,5672000,10:50:44
56710,700,39697000,10:50:44
56710,100,5671000,10:50:44
56690,200,11338000,10:50:44
56700,100,5670000,10:50:44
56700,100,5670000,10:50:44
56690,100,5669000,10:50:34
56690,100,5669000,10:50:27
56680,100,5668000,10:50:27
56680,100,5668000,10:50:27
56680,100,5668000,10:50:27
56690,100,5669000,10:50:25
56700,100,5670000,10:50:14
56700,100,5670000,10:50:01
56680,100,5668000,10:49:54
56670,100,5667000,10:49:47
56670,100,5667000,10:49:39
56680,200,11336000,10:49:39
56680,300,17004000,10:49:39
56700,100,5670000,10:49:33
56690,100,5669000,10:49:29
56700,100,5670000,10:49:20
56690,200,11338000,10:49:20
56700,100,5670000,10:49:17
56680,100,5668000,10:49:11
56650,200,11330000,10:49:06
56660,500,28330000,10:49:02
56680,100,5668000,10:48:37
56690,100,5669000,10:48:37
56700,100,5670000,10:48:33
56660,100,5666000,10:48:33
56670,300,17001000,10:48:33
56680,300,17004000,10:48:33
56690,200,11338000,10:48:32
56690,100,5669000,10:48:32
56700,300,17010000,10:48:32
56700,700,39690000,10:48:32
56710,100,5671000,10:48:32
56710,100,5671000,10:48:32
56720,100,5672000,10:48:28
56720,100,5672000,10:48:28
56730,100,5673000,10:48:20
56720,100,5672000,10:48:16
56720,100,5672000,10:48:16
56730,100,5673000,10:48:16
56730,100,5673000,10:48:02
56730,100,5673000,10:47:57
56750,100,5675000,10:47:42
56740,100,5674000,10:47:42
56740,100,5674000,10:47:40
56740,100,5674000,10:47:40
56740,100,5674000,10:47:34
56740,100,5674000,10:47:34
56720,100,5672000,10:47:30
56700,100,5670000,10:47:24
56720,100,5672000,10:47:20
56710,100,5671000,10:47:04
56710,100,5671000,10:47:04
56710,100,5671000,10:47:03
56700,100,5670000,10:47:02
56700,100,5670000,10:47:01
56690,100,5669000,10:47:01
56690,100,5669000,10:47:01
56700,100,5670000,10:47:01
56700,100,5670000,10:47:01
56710,100,5671000,10:47:01
56720,100,5672000,10:46:51
56730,100,5673000,10:46:43
56720,100,5672000,10:46:43
56700,100,5670000,10:46:37
56710,200,11342000,10:46:30
56720,100,5672000,10:46:22
56720,100,5672000,10:46:21
56730,100,5673000,10:46:19
56760,100,5676000,10:46:10
56740,100,5674000,10:46:07
56730,200,11346000,10:46:05
56720,100,5672000,10:46:00
56700,200,11340000,10:46:00
56710,300,17013000,10:46:00
56730,100,5673000,10:45:59
56720,100,5672000,10:45:59
56730,100,5673000,10:45:59
56740,100,5674000,10:45:55
56730,100,5673000,10:45:53
56720,100,5672000,10:45:50
56710,100,5671000,10:45:50
56700,300,17010000,10:45:46
56700,600,34020000,10:45:46
56700,300,17010000,10:45:46
56710,100,5671000,10:45:45
56710,100,5671000,10:45:43
56720,300,17016000,10:45:41
56720,100,5672000,10:45:41
56730,100,5673000,10:45:41
56750,100,5675000,10:45:36
56760,100,5676000,10:45:35
56770,100,5677000,10:45:30
56780,100,5678000,10:45:28
56800,200,11360000,10:45:26
56800,300,17040000,10:45:21
56800,400,22720000,10:45:12
56810,100,5681000,10:45:10
56810,200,11362000,10:45:10
56800,100,5680000,10:45:04
56810,100,5681000,10:45:03
56810,100,5681000,10:44:59
56820,100,5682000,10:44:59
56830,100,5683000,10:44:58
56840,100,5684000,10:44:56
56830,100,5683000,10:44:54
56830,200,11366000,10:44:53
56840,300,17052000,10:44:53
56850,100,5685000,10:44:53
56850,100,5685000,10:44:53
56850,100,5685000,10:44:53
56850,100,5685000,10:44:53
56840,100,5684000,10:44:50
56830,100,5683000,10:44:48
56840,100,5684000,10:44:41
56810,100,5681000,10:44:39
56820,200,11364000,10:44:39
56820,100,5682000,10:44:39
56810,200,11362000,10:44:37
56810,700,39767000,10:44:36
56810,100,5681000,10:44:36
56800,100,5680000,10:44:34
56790,100,5679000,10:44:34
56800,200,11360000,10:44:30
56800,100,5680000,10:44:26
56810,100,5681000,10:44:23
56790,100,5679000,10:44:18
56800,200,11360000,10:44:17
56800,100,5680000,10:44:17
56790,100,5679000,10:44:13
56790,300,17037000,10:44:11
56780,100,5678000,10:44:10
56780,100,5678000,10:44:08
56770,300,17031000,10:44:06
56770,100,5677000,10:44:06
56760,200,11352000,10:44:06
56730,100,5673000,10:43:59
56740,100,5674000,10:43:59
56720,100,5672000,10:43:53
56730,100,5673000,10:43:53
56700,500,28350000,10:43:49
56720,200,11344000,10:43:48
56710,100,5671000,10:43:48
56700,100,5670000,10:43:42
56700,100,5670000,10:43:38
56690,100,5669000,10:43:36
56680,100,5668000,10:43:32
56680,100,5668000,10:43:30
56680,300,17004000,10:43:30
56690,100,5669000,10:43:28
56690,100,5669000,10:43:28
56690,400,22676000,10:43:21
56700,100,5670000,10:43:21
56730,100,5673000,10:43:07
56730,100,5673000,10:43:07
56730,100,5673000,10:43:05
56710,100,5671000,10:43:03
56730,100,5673000,10:42:53
56760,200,11352000,10:42:49
56730,100,5673000,10:42:36
56730,100,5673000,10:42:33
56720,100,5672000,10:42:33
56730,100,5673000,10:42:32
56750,200,11350000,10:42:31
56740,100,5674000,10:42:24
56740,100,5674000,10:42:18
56740,100,5674000,10:42:12
56740,100,5674000,10:42:04
56730,100,5673000,10:42:03
56710,100,5671000,10:42:02
56710,300,17013000,10:42:02
56710,100,5671000,10:41:58
56700,200,11340000,10:41:58
56700,100,5670000,10:41:56
56690,100,5669000,10:41:50
56700,100,5670000,10:41:50
56710,100,5671000,10:41:44
56700,300,17010000,10:41:44
56680,100,5668000,10:41:42
56690,100,5669000,10:41:40
56710,100,5671000,10:41:36
56680,500,28340000,10:41:32
56690,100,5669000,10:41:32
56670,500,28335000,10:41:31
56680,200,11336000,10:41:31
56690,100,5669000,10:41:30
56690,200,11338000,10:41:25
56680,300,17004000,10:41:24
56690,200,11338000,10:41:24
56700,100,5670000,10:41:24
56710,100,5671000,10:41:19
56710,100,5671000,10:41:18
56720,100,5672000,10:41:18
56730,100,5673000,10:41:17
56740,100,5674000,10:41:15
56740,300,17022000,10:41:06
56750,100,5675000,10:41:06
56750,300,17025000,10:41:05
56760,100,5676000,10:41:05
56770,100,5677000,10:40:54
56770,100,5677000,10:40:54
56740,100,5674000,10:40:51
56720,100,5672000,10:40:46
56710,100,5671000,10:40:45
56720,100,5672000,10:40:28
56720,100,5672000,10:40:28
56730,100,5673000,10:40:26
56730,100,5673000,10:40:26
56720,300,17016000,10:40:26
56720,100,5672000,10:40:26
56690,100,5669000,10:40:23
56670,400,22668000,10:40:23
56690,100,5669000,10:40:22
56690,100,5669000,10:40:22
56700,100,5670000,10:40:22
56700,100,5670000,10:40:22
56710,300,17013000,10:40:15
56710,100,5671000,10:40:15
56720,300,17016000,10:40:15
56730,100,5673000,10:40:14
56730,100,5673000,10:40:13
56730,100,5673000,10:40:06
56740,100,5674000,10:40:05
56740,200,11348000,10:40:04
56740,100,5674000,10:40:04
56750,100,5675000,10:40:04
56750,100,5675000,10:40:02
56750,100,5675000,10:40:02
56760,100,5676000,10:40:00
56750,100,5675000,10:39:59
56750,100,5675000,10:39:57
56760,100,5676000,10:39:57
56770,100,5677000,10:39:57
56760,100,5676000,10:39:57
56740,100,5674000,10:39:56
56750,500,28375000,10:39:56
56770,100,5677000,10:39:56
56770,100,5677000,10:39:56
56760,200,11352000,10:39:56
56770,100,5677000,10:39:56
56770,100,5677000,10:39:56
56770,200,11354000,10:39:56
56770,100,5677000,10:39:56
56780,1000,56780000,10:39:56
56780,1000,56780000,10:39:56
56790,100,5679000,10:39:50
56800,100,5680000,10:39:48
56820,600,34092000,10:39:43
56810,400,22724000,10:39:43
56800,300,17040000,10:39:40
56810,100,5681000,10:39:37
56810,100,5681000,10:39:34
56820,100,5682000,10:39:34
56820,100,5682000,10:39:22
56820,100,5682000,10:39:22
56820,100,5682000,10:39:22
56800,100,5680000,10:39:20
56800,100,5680000,10:39:17
56810,100,5681000,10:39:16
56810,100,5681000,10:39:16
56810,100,5681000,10:39:16
56800,100,5680000,10:39:15
56800,100,5680000,10:39:14
56800,100,5680000,10:39:10
56780,200,11356000,10:39:10
56790,400,22716000,10:39:06
56790,200,11358000,10:39:04
56780,100,5678000,10:39:01
56750,300,17025000,10:38:59
56760,200,11352000,10:38:59
56770,100,5677000,10:38:58
56770,100,5677000,10:38:58
56780,200,11356000,10:38:55
56800,100,5680000,10:38:48
56800,100,5680000,10:38:48
56810,100,5681000,10:38:47
56800,100,5680000,10:38:47
56810,100,5681000,10:38:46
56820,100,5682000,10:38:41
56820,100,5682000,10:38:41
56820,100,5682000,10:38:32
56810,100,5681000,10:38:28
56830,100,5683000,10:38:27
56820,100,5682000,10:38:24
56820,200,11364000,10:38:24
56830,400,22732000,10:38:19
56840,100,5684000,10:38:18
56850,100,5685000,10:38:17
56860,200,11372000,10:38:14
56860,200,11372000,10:38:11
56860,100,5686000,10:38:11
56860,100,5686000,10:38:08
56830,100,5683000,10:38:06
56840,100,5684000,10:38:05
56850,200,11370000,10:38:05
56860,100,5686000,10:38:04
56860,100,5686000,10:38:04
56880,100,5688000,10:38:03
56860,100,5686000,10:37:58
56870,300,17061000,10:37:58
56880,100,5688000,10:37:57
56880,100,5688000,10:37:57
56890,100,5689000,10:37:57
56900,100,5690000,10:37:53
56900,100,5690000,10:37:52
56910,100,5691000,10:37:48
56900,200,11380000,10:37:42
56900,500,28450000,10:37:42
56900,1400,79660000,10:37:42
56900,200,11380000,10:37:42
56890,100,5689000,10:37:42
56880,100,5688000,10:37:40
56870,200,11374000,10:37:39
56870,100,5687000,10:37:30
56880,100,5688000,10:37:30
56890,300,17067000,10:37:24
56890,400,22756000,10:37:24
56880,400,22752000,10:37:24
56870,100,5687000,10:37:24
56860,100,5686000,10:37:20
56850,100,5685000,10:37:20
56850,100,5685000,10:37:19
56840,100,5684000,10:37:19
56820,100,5682000,10:37:11
56820,100,5682000,10:37:02
56830,100,5683000,10:37:00
56850,100,5685000,10:36:58
56840,200,11368000,10:36:58
56840,100,5684000,10:36:58
56850,100,5685000,10:36:56
56860,200,11372000,10:36:48
56860,200,11372000,10:36:48
56860,100,5686000,10:36:48
56860,100,5686000,10:36:48
56860,100,5686000,10:36:48
56850,100,5685000,10:36:41
56860,100,5686000,10:36:35
56870,400,22748000,10:36:35
56870,100,5687000,10:36:35
56880,100,5688000,10:36:34
56880,100,5688000,10:36:34
56880,600,34128000,10:36:34
56870,600,34122000,10:36:34
56860,200,11372000,10:36:34
56860,100,5686000,10:36:31
56860,300,17058000,10:36:29
56870,200,11374000,10:36:29
56880,300,17064000,10:36:29
56870,400,22748000,10:36:28
56860,100,5686000,10:36:28
56860,100,5686000,10:36:28
56850,500,28425000,10:36:28
56840,300,17052000,10:36:28
56800,100,5680000,10:36:26
56800,100,5680000,10:36:26
56820,200,11364000,10:36:25
56820,100,5682000,10:36:25
56830,100,5683000,10:36:24
56830,100,5683000,10:36:24
56830,100,5683000,10:36:24
56840,100,5684000,10:36:23
56830,100,5683000,10:36:16
56830,100,5683000,10:36:14
56830,100,5683000,10:36:12
56830,100,5683000,10:36:12
56810,100,5681000,10:36:07
56790,100,5679000,10:36:02
56790,100,5679000,10:36:00
56800,200,11360000,10:36:00
56820,100,5682000,10:35:54
56820,100,5682000,10:35:54
56820,100,5682000,10:35:53
56830,100,5683000,10:35:43
56830,100,5683000,10:35:42
56830,400,22732000,10:35:42
56840,100,5684000,10:35:42
56850,200,11370000,10:35:42
56850,200,11370000,10:35:41
56850,100,5685000,10:35:41
56850,100,5685000,10:35:41
56840,100,5684000,10:35:39
56820,100,5682000,10:35:39
56810,100,5681000,10:35:36
56810,200,11362000,10:35:32
56820,100,5682000,10:35:32
56820,500,28410000,10:35:32
56830,100,5683000,10:35:32
56830,600,34098000,10:35:32
56840,100,5684000,10:35:32
56840,400,22736000,10:35:32
56840,100,5684000,10:35:31
56840,100,5684000,10:35:31
56830,200,11366000,10:35:31
56820,300,17046000,10:35:31
56810,400,22724000,10:35:31
56800,200,11360000,10:35:31
56780,200,11356000,10:35:30
56790,100,5679000,10:35:29
56790,100,5679000,10:35:28
56790,100,5679000,10:35:28
56790,100,5679000,10:35:28
56790,200,11358000,10:35:28
56780,300,17034000,10:35:27
56770,500,28385000,10:35:27
56760,100,5676000,10:35:24
56760,100,5676000,10:35:24
56750,200,11350000,10:35:24
56750,100,5675000,10:35:24
56750,600,34050000,10:35:24
56750,100,5675000,10:35:23
56740,100,5674000,10:35:20
56750,200,11350000,10:35:09
56750,200,11350000,10:35:09
56740,100,5674000,10:35:04
56730,300,17019000,10:35:04
56730,100,5673000,10:35:02
56730,200,11346000,10:34:51
56730,100,5673000,10:34:50
56730,500,28365000,10:34:50
56720,200,11344000,10:34:46
56700,300,17010000,10:34:45
56710,200,11342000,10:34:45
56710,300,17013000,10:34:45
56710,100,5671000,10:34:45
56710,200,11342000,10:34:45
56700,100,5670000,10:34:44
56700,300,17010000,10:34:44
56690,100,5669000,10:34:43
56680,200,11336000,10:34:38
56680,100,5668000,10:34:38
56680,100,5668000,10:34:34
56670,100,5667000,10:34:32
56670,300,17001000,10:34:19
56660,100,5666000,10:34:19
56630,100,5663000,10:34:15
56650,100,5665000,10:34:15
56650,100,5665000,10:34:06
56650,200,11330000,10:34:06
56620,100,5662000,10:34:00
56640,100,5664000,10:33:59
56620,100,5662000,10:33:48
56620,300,16986000,10:33:48
56650,200,11330000,10:33:30
56650,400,22660000,10:33:30
56660,500,28330000,10:33:30
56660,100,5666000,10:33:29
56650,100,5665000,10:33:26
56650,100,5665000,10:33:24
56650,100,5665000,10:33:24
56650,100,5665000,10:33:24
56660,100,5666000,10:33:22
56660,100,5666000,10:33:15
56620,100,5662000,10:33:13
56630,100,5663000,10:33:13
56650,100,5665000,10:33:10
56630,100,5663000,10:33:10
56650,100,5665000,10:33:04
56640,100,5664000,10:33:01
56650,100,5665000,10:32:58
56660,100,5666000,10:32:57
56670,100,5667000,10:32:54
56680,200,11336000,10:32:53
56660,200,11332000,10:32:53
56660,100,5666000,10:32:50
56660,200,11332000,10:32:50
56650,400,22660000,10:32:50
56610,200,11322000,10:32:33
56620,100,5662000,10:32:33
56620,100,5662000,10:32:33
56620,100,5662000,10:32:33
56610,100,5661000,10:32:33
56600,300,16980000,10:32:33
56580,100,5658000,10:32:31
56590,100,5659000,10:32:29
56590,100,5659000,10:32:24
56590,100,5659000,10:32:17
56570,200,11314000,10:32:09
56590,100,5659000,10:32:04
56590,100,5659000,10:32:04
56570,100,5657000,10:32:00
56560,100,5656000,10:31:57
56570,200,11314000,10:31:57
56590,100,5659000,10:31:52
56580,100,5658000,10:31:51
56570,100,5657000,10:31:51
56560,100,5656000,10:31:42
56570,100,5657000,10:31:38
56580,100,5658000,10:31:36
56580,100,5658000,10:31:35
56560,100,5656000,10:31:32
56540,100,5654000,10:31:30
56520,100,5652000,10:31:28
56530,200,11306000,10:31:28
56540,200,11308000,10:31:28
56540,300,16962000,10:31:28
56540,100,5654000,10:31:27
56550,100,5655000,10:31:27
56550,100,5655000,10:31:26
56550,100,5655000,10:31:26
56550,300,16965000,10:31:26
56550,100,5655000,10:31:26
56560,300,16968000,10:31:25
56570,100,5657000,10:31:24
56570,300,16971000,10:31:23
56580,100,5658000,10:31:22
56590,100,5659000,10:31:21
56590,100,5659000,10:31:21
56610,100,5661000,10:31:20
56590,500,28295000,10:31:12
56600,300,16980000,10:31:12
56590,100,5659000,10:31:12
56610,400,22644000,10:31:12
56610,400,22644000,10:31:11
56600,100,5660000,10:31:11
56590,400,22636000,10:31:11
56580,100,5658000,10:31:11
56570,200,11314000,10:31:11
56580,100,5658000,10:31:10
56580,200,11316000,10:31:10
56580,100,5658000,10:31:10
56580,100,5658000,10:31:07
56590,200,11318000,10:31:06
56590,100,5659000,10:31:06
56590,100,5659000,10:31:01
56590,300,16977000,10:31:00
56600,100,5660000,10:31:00
56610,100,5661000,10:30:58
56620,200,11324000,10:30:55
56630,100,5663000,10:30:54
56600,100,5660000,10:30:53
56610,400,22644000,10:30:51
56610,200,11322000,10:30:51
56610,100,5661000,10:30:51
56620,100,5662000,10:30:50
56630,100,5663000,10:30:47
56670,200,11334000,10:30:43
56680,100,5668000,10:30:41
56700,200,11340000,10:30:38
56700,200,11340000,10:30:38
56690,100,5669000,10:30:32
56700,100,5670000,10:30:26
56710,100,5671000,10:30:26
56710,100,5671000,10:30:24
56690,100,5669000,10:30:23
56700,100,5670000,10:30:23
56710,200,11342000,10:30:20
56710,100,5671000,10:30:20
56690,100,5669000,10:30:15
56700,100,5670000,10:30:13
56710,300,17013000,10:30:12
56720,100,5672000,10:30:12
56730,100,5673000,10:30:12
56720,100,5672000,10:30:12
56730,100,5673000,10:30:12
56750,200,11350000,10:30:08
56760,100,5676000,10:30:06
56750,400,22700000,10:30:05
56760,100,5676000,10:30:05
56750,200,11350000,10:30:05
56740,200,11348000,10:30:05
56730,300,17019000,10:30:05
56720,400,22688000,10:30:05
56710,200,11342000,10:30:05
56700,100,5670000,10:30:04
56690,100,5669000,10:30:04
56700,100,5670000,10:30:04
56690,800,45352000,10:30:04
56680,500,28340000,10:30:04
56670,100,5667000,10:30:04
56660,100,5666000,10:30:04
56660,100,5666000,10:30:04
56640,200,11328000,10:30:03
56630,200,11326000,10:30:01
56630,500,28315000,10:30:01
56620,100,5662000,10:30:01
56610,500,28305000,10:30:01
56590,100,5659000,10:30:01
56590,200,11318000,10:30:01
56600,600,33960000,10:30:00
56600,100,5660000,10:30:00
56600,300,16980000,10:30:00
56610,100,5661000,10:30:00
56610,500,28305000,10:30:00
56620,200,11324000,10:29:55
56640,100,5664000,10:29:53
56640,100,5664000,10:29:51
56640,100,5664000,10:29:46
56640,200,11328000,10:29:46
56650,100,5665000,10:29:42
56630,100,5663000,10:29:33
56630,200,11326000,10:29:33
56620,100,5662000,10:29:31
56610,100,5661000,10:29:30
56620,100,5662000,10:29:29
56620,100,5662000,10:29:25
56620,100,5662000,10:29:25
56620,100,5662000,10:29:25
56630,100,5663000,10:29:25
56630,100,5663000,10:29:25
56630,100,5663000,10:29:21
56640,100,5664000,10:29:19
56650,100,5665000,10:29:18
56630,100,5663000,10:29:12
56650,100,5665000,10:29:09
56630,300,16989000,10:28:59
56640,100,5664000,10:28:58
56650,700,39655000,10:28:58
56650,100,5665000,10:28:58
56650,100,5665000,10:28:57
56660,200,11332000,10:28:57
56670,100,5667000,10:28:56
56680,100,5668000,10:28:54
56680,100,5668000,10:28:54
56690,100,5669000,10:28:51
56700,100,5670000,10:28:49
56710,100,5671000,10:28:49
56690,100,5669000,10:28:44
56700,100,5670000,10:28:43
56700,100,5670000,10:28:43
56710,100,5671000,10:28:42
56710,100,5671000,10:28:42
56720,200,11344000,10:28:39
56720,100,5672000,10:28:39
56720,100,5672000,10:28:34
56710,100,5671000,10:28:33
56700,100,5670000,10:28:32
56700,300,17010000,10:28:32
56720,100,5672000,10:28:31
56700,100,5670000,10:28:29
56700,100,5670000,10:28:29
56690,200,11338000,10:28:25
56690,200,11338000,10:28:25
56690,100,5669000,10:28:25
56690,100,5669000,10:28:25
56690,100,5669000,10:28:24
56700,100,5670000,10:28:21
56700,100,5670000,10:28:21
56700,100,5670000,10:28:19
56700,200,11340000,10:28:19
56690,100,5669000,10:28:16
56680,100,5668000,10:28:14
56680,100,5668000,10:28:11
56680,100,5668000,10:28:08
56680,200,11336000,10:28:06
56680,100,5668000,10:28:06
56680,100,5668000,10:28:00
56680,100,5668000,10:28:00
56670,200,11334000,10:27:57
56670,300,17001000,10:27:57
56680,200,11336000,10:27:57
56680,100,5668000,10:27:57
56690,100,5669000,10:27:57
56680,200,11336000,10:27:56
56680,100,5668000,10:27:56
56670,100,5667000,10:27:51
56670,200,11334000,10:27:46
56650,100,5665000,10:27:35
56660,100,5666000,10:27:35
56650,100,5665000,10:27:31
56650,100,5665000,10:27:31
56610,100,5661000,10:27:26
56620,200,11324000,10:27:26
56650,200,11330000,10:27:24
56660,100,5666000,10:27:23
56670,200,11334000,10:27:16
56670,100,5667000,10:27:16
56670,100,5667000,10:27:16
56690,100,5669000,10:27:14
56680,100,5668000,10:27:14
56680,100,5668000,10:27:12
56690,100,5669000,10:27:11
56690,100,5669000,10:27:07
56670,100,5667000,10:27:06
56680,300,17004000,10:27:06
56700,100,5670000,10:27:05
56690,300,17007000,10:27:05
56690,100,5669000,10:27:05
56680,200,11336000,10:27:04
56660,300,16998000,10:27:02
56650,100,5665000,10:27:02
56650,400,22660000,10:27:02
56650,100,5665000,10:26:47
56640,100,5664000,10:26:47
56610,100,5661000,10:26:40
56610,100,5661000,10:26:38
56610,100,5661000,10:26:38
56610,100,5661000,10:26:30
56630,100,5663000,10:26:29
56630,100,5663000,10:26:28
56610,100,5661000,10:26:24
56610,300,16983000,10:26:24
56610,100,5661000,10:26:12
56590,300,16977000,10:26:11
56600,100,5660000,10:26:11
56600,200,11320000,10:26:11
56580,100,5658000,10:26:09
56590,100,5659000,10:26:09
56590,100,5659000,10:26:06
56600,700,39620000,10:26:06
56600,100,5660000,10:26:05
56600,100,5660000,10:26:03
56630,100,5663000,10:26:00
56620,100,5662000,10:25:58
56610,100,5661000,10:25:55
56600,100,5660000,10:25:54
56610,100,5661000,10:25:54
56610,100,5661000,10:25:54
56620,100,5662000,10:25:52
56640,100,5664000,10:25:50
56630,100,5663000,10:25:49
56630,200,11326000,10:25:49
56630,100,5663000,10:25:49
56640,300,16992000,10:25:39
56660,100,5666000,10:25:39
56650,100,5665000,10:25:39
56640,200,11328000,10:25:39
56610,100,5661000,10:25:39
56630,100,5663000,10:25:39
56620,200,11324000,10:25:39
56610,100,5661000,10:25:36
56620,200,11324000,10:25:35
56620,100,5662000,10:25:35
56620,100,5662000,10:25:35
56620,100,5662000,10:25:35
56630,500,28315000,10:25:35
56630,100,5663000,10:25:34
56640,200,11328000,10:25:34
56650,100,5665000,10:25:30
56660,100,5666000,10:25:25
56670,100,5667000,10:25:21
56650,200,11330000,10:25:20
56650,100,5665000,10:25:19
56660,200,11332000,10:25:19
56670,200,11334000,10:25:19
56670,100,5667000,10:25:19
56680,100,5668000,10:25:18
56680,100,5668000,10:25:18
56680,200,11336000,10:25:18
56700,100,5670000,10:25:16
56680,100,5668000,10:25:11
56690,100,5669000,10:25:09
56700,100,5670000,10:25:09
56710,100,5671000,10:25:07
56710,200,11342000,10:25:04
56710,300,17013000,10:25:04
56700,400,22680000,10:25:04
56700,100,5670000,10:24:57
56700,200,11340000,10:24:44
56710,100,5671000,10:24:43
56710,200,11342000,10:24:43
56690,100,5669000,10:24:42
56700,200,11340000,10:24:42
56700,100,5670000,10:24:42
56710,200,11342000,10:24:42
56710,100,5671000,10:24:41
56720,100,5672000,10:24:41
56720,100,5672000,10:24:37
56730,600,34038000,10:24:37
56740,100,5674000,10:24:36
56770,100,5677000,10:24:33
56750,200,11350000,10:24:30
56760,100,5676000,10:24:29
56750,200,11350000,10:24:29
56740,200,11348000,10:24:24
56730,100,5673000,10:24:22
56730,100,5673000,10:24:19
56730,100,5673000,10:24:19
56720,100,5672000,10:24:15
56720,100,5672000,10:24:14
56700,100,5670000,10:24:13
56710,100,5671000,10:24:12
56700,100,5670000,10:24:09
56710,100,5671000,10:24:09
56710,100,5671000,10:24:05
56700,100,5670000,10:24:04
56700,100,5670000,10:24:02
56710,100,5671000,10:24:00
56710,100,5671000,10:23:59
56690,200,11338000,10:23:55
56700,100,5670000,10:23:55
56700,200,11340000,10:23:55
56700,200,11340000,10:23:55
56700,100,5670000,10:23:54
56710,100,5671000,10:23:54
56710,300,17013000,10:23:54
56710,100,5671000,10:23:54
56710,200,11342000,10:23:51
56710,200,11342000,10:23:51
56710,100,5671000,10:23:51
56720,100,5672000,10:23:50
56720,100,5672000,10:23:44
56730,100,5673000,10:23:43
56710,200,11342000,10:23:39
56710,100,5671000,10:23:39
56710,100,5671000,10:23:39
56730,100,5673000,10:23:37
56730,100,5673000,10:23:37
56740,100,5674000,10:23:34
56740,100,5674000,10:23:34
56740,100,5674000,10:23:34
56770,500,28385000,10:23:28
56760,600,34056000,10:23:28
56750,100,5675000,10:23:28
56750,100,5675000,10:23:27
56740,200,11348000,10:23:26
56760,100,5676000,10:23:25
56760,100,5676000,10:23:25
56750,100,5675000,10:23:20
56750,100,5675000,10:23:17
56720,200,11344000,10:23:16
56720,100,5672000,10:23:15
56730,400,22692000,10:23:15
56740,200,11348000,10:23:15
56750,100,5675000,10:23:13
56750,100,5675000,10:23:13
56750,100,5675000,10:23:13
56760,100,5676000,10:23:13
56770,100,5677000,10:23:12
56770,100,5677000,10:23:12
56760,200,11352000,10:23:02
56790,100,5679000,10:23:02
56770,100,5677000,10:22:58
56790,100,5679000,10:22:57
56790,100,5679000,10:22:57
56810,100,5681000,10:22:48
56830,100,5683000,10:22:47
56840,100,5684000,10:22:46
56840,100,5684000,10:22:43
56860,100,5686000,10:22:39
56840,200,11368000,10:22:39
56880,200,11376000,10:22:38
56890,400,22756000,10:22:38
56890,100,5689000,10:22:38
56900,200,11380000,10:22:38
56930,100,5693000,10:22:38
56910,200,11382000,10:22:37
56920,100,5692000,10:22:36
56920,500,28460000,10:22:36
56910,100,5691000,10:22:36
56900,1800,102420000,10:22:36
56890,400,22756000,10:22:36
56890,100,5689000,10:22:36
56890,500,28445000,10:22:35
56880,100,5688000,10:22:35
56870,200,11374000,10:22:35
56880,100,5688000,10:22:35
56890,100,5689000,10:22:35
56890,300,17067000,10:22:35
56890,100,5689000,10:22:35
56890,400,22756000,10:22:35
56890,100,5689000,10:22:35
56880,900,51192000,10:22:35
56870,400,22748000,10:22:35
56860,200,11372000,10:22:35
56850,900,51165000,10:22:35
56840,700,39788000,10:22:35
56830,200,11366000,10:22:35
56820,100,5682000,10:22:32
56800,200,11360000,10:22:31
56790,500,28395000,10:22:31
56780,100,5678000,10:22:31
56770,200,11354000,10:22:30
56780,100,5678000,10:22:29
56760,200,11352000,10:22:21
56760,100,5676000,10:22:19
56760,100,5676000,10:22:19
56770,100,5677000,10:22:19
56770,100,5677000,10:22:19
56770,100,5677000,10:22:19
56780,300,17034000,10:22:17
56780,100,5678000,10:22:17
56780,100,5678000,10:22:17
56780,200,11356000,10:22:09
56760,100,5676000,10:22:07
56770,100,5677000,10:22:07
56750,100,5675000,10:22:01
56750,100,5675000,10:22:00
56750,200,11350000,10:21:54
56760,100,5676000,10:21:54
56780,100,5678000,10:21:48
56760,100,5676000,10:21:48
56790,100,5679000,10:21:39
56780,100,5678000,10:21:39
56770,100,5677000,10:21:39
56760,100,5676000,10:21:36
56760,200,11352000,10:21:36
56770,100,5677000,10:21:33
56770,200,11354000,10:21:33
56770,100,5677000,10:21:33
56780,100,5678000,10:21:33
56770,100,5677000,10:21:28
56780,100,5678000,10:21:27
56780,200,11356000,10:21:27
56790,200,11358000,10:21:27
56790,100,5679000,10:21:26
56800,100,5680000,10:21:26
56810,100,5681000,10:21:26
56810,100,5681000,10:21:26
56810,100,5681000,10:21:26
56820,200,11364000,10:21:21
56820,100,5682000,10:21:20
56820,100,5682000,10:21:19
56820,100,5682000,10:21:08
56820,100,5682000,10:21:05
56820,100,5682000,10:21:05
56820,100,5682000,10:21:03
56840,300,17052000,10:21:02
56820,200,11364000,10:20:58
56820,100,5682000,10:20:58
56810,100,5681000,10:20:57
56810,300,17043000,10:20:57
56800,100,5680000,10:20:54
56790,100,5679000,10:20:50
56790,100,5679000,10:20:47
56790,100,5679000,10:20:47
56810,100,5681000,10:20:43
56790,100,5679000,10:20:42
56800,100,5680000,10:20:42
56800,100,5680000,10:20:38
56800,100,5680000,10:20:38
56780,100,5678000,10:20:35
56790,100,5679000,10:20:34
56770,100,5677000,10:20:31
56770,200,11354000,10:20:31
56790,100,5679000,10:20:28
56790,100,5679000,10:20:28
56780,200,11356000,10:20:27
56770,100,5677000,10:20:23
56770,100,5677000,10:20:22
56780,200,11356000,10:20:22
56790,100,5679000,10:20:20
56790,200,11358000,10:20:19
56800,100,5680000,10:20:18
56790,100,5679000,10:20:17
56800,100,5680000,10:20:16
56800,100,5680000,10:20:16
56800,100,5680000,10:20:16
56820,200,11364000,10:20:16
56810,100,5681000,10:20:16
56810,100,5681000,10:20:16
56810,200,11362000,10:20:16
56810,100,5681000,10:20:16
56820,100,5682000,10:20:16
56830,100,5683000,10:20:15
56830,100,5683000,10:20:14
56830,100,5683000,10:20:12
56840,100,5684000,10:20:12
56850,100,5685000,10:20:11
56830,100,5683000,10:20:08
56830,400,22732000,10:20:05
56840,200,11368000,10:20:04
56840,100,5684000,10:20:03
56850,100,5685000,10:20:00
56850,100,5685000,10:20:00
56860,100,5686000,10:19:56
56850,200,11370000,10:19:55
56860,100,5686000,10:19:55
56850,600,34110000,10:19:55
56850,100,5685000,10:19:55
56840,100,5684000,10:19:54
56840,100,5684000,10:19:45
56840,100,5684000,10:19:45
56840,100,5684000,10:19:44
56830,100,5683000,10:19:40
56850,200,11370000,10:19:40
56840,100,5684000,10:19:40
56840,100,5684000,10:19:38
56840,100,5684000,10:19:38
56840,100,5684000,10:19:37
56840,100,5684000,10:19:35
56830,200,11366000,10:19:31
56840,600,34104000,10:19:30
56830,100,5683000,10:19:28
56820,100,5682000,10:19:26
56820,100,5682000,10:19:23
56830,100,5683000,10:19:22
56820,100,5682000,10:19:22
56830,100,5683000,10:19:22
56830,100,5683000,10:19:18
56830,200,11366000,10:19:18
56810,100,5681000,10:19:18
56820,100,5682000,10:19:18
56820,100,5682000,10:19:17
56820,400,22728000,10:19:14
56820,100,5682000,10:19:14
56810,100,5681000,10:19:12
56810,100,5681000,10:19:12
56800,100,5680000,10:19:11
56790,100,5679000,10:19:10
56800,200,11360000,10:19:10
56820,100,5682000,10:19:10
56820,100,5682000,10:19:10
56820,100,5682000,10:19:10
56800,100,5680000,10:19:10
56810,100,5681000,10:19:10
56800,1500,85200000,10:19:10
56800,1100,62480000,10:19:10
56790,400,22716000,10:19:09
56780,100,5678000,10:19:06
56780,200,11356000,10:19:00
56760,100,5676000,10:18:55
56770,300,17031000,10:18:55
56760,500,28380000,10:18:55
56750,100,5675000,10:18:53
56740,100,5674000,10:18:53
56750,100,5675000,10:18:53
56750,100,5675000,10:18:53
56750,200,11350000,10:18:53
56730,100,5673000,10:18:45
56730,100,5673000,10:18:43
56740,100,5674000,10:18:43
56740,100,5674000,10:18:43
56740,100,5674000,10:18:34
56730,100,5673000,10:18:31
56730,100,5673000,10:18:30
56730,100,5673000,10:18:28
56740,100,5674000,10:18:27
56740,100,5674000,10:18:20
56740,300,17022000,10:18:20
56740,100,5674000,10:18:20
56750,100,5675000,10:18:19
56750,100,5675000,10:18:19
56750,100,5675000,10:18:19
56750,100,5675000,10:18:19
56760,100,5676000,10:18:18
56760,100,5676000,10:18:17
56770,100,5677000,10:18:17
56780,100,5678000,10:18:09
56760,100,5676000,10:18:05
56750,100,5675000,10:18:02
56750,100,5675000,10:18:02
56760,100,5676000,10:18:01
56760,500,28380000,10:18:01
56760,100,5676000,10:18:01
56770,100,5677000,10:18:00
56770,100,5677000,10:17:59
56770,100,5677000,10:17:59
56770,100,5677000,10:17:59
56770,100,5677000,10:17:59
56780,100,5678000,10:17:59
56790,100,5679000,10:17:57
56780,100,5678000,10:17:57
56780,300,17034000,10:17:56
56780,300,17034000,10:17:56
56770,100,5677000,10:17:53
56760,100,5676000,10:17:48
56770,100,5677000,10:17:47
56770,200,11354000,10:17:47
56760,100,5676000,10:17:39
56750,100,5675000,10:17:37
56750,100,5675000,10:17:37
56750,100,5675000,10:17:33
56740,100,5674000,10:17:30
56730,100,5673000,10:17:30
56740,100,5674000,10:17:30
56740,100,5674000,10:17:28
56730,100,5673000,10:17:26
56740,100,5674000,10:17:26
56750,100,5675000,10:17:22
56740,100,5674000,10:17:19
56730,100,5673000,10:17:17
56740,100,5674000,10:17:17
56730,200,11346000,10:17:12
56730,100,5673000,10:17:11
56740,100,5674000,10:17:11
56740,200,11348000,10:17:11
56740,200,11348000,10:17:11
56730,200,11346000,10:17:11
56730,100,5673000,10:17:11
56730,500,28365000,10:17:11
56730,100,5673000,10:17:11
56740,200,11348000,10:17:11
56760,100,5676000,10:17:07
56760,100,5676000,10:17:00
56740,100,5674000,10:16:54
56740,100,5674000,10:16:54
56740,100,5674000,10:16:51
56720,100,5672000,10:16:50
56730,300,17019000,10:16:50
56730,600,34038000,10:16:50
56740,100,5674000,10:16:50
56740,100,5674000,10:16:49
56750,400,22700000,10:16:49
56730,100,5673000,10:16:38
56740,100,5674000,10:16:37
56730,100,5673000,10:16:29
56720,100,5672000,10:16:25
56720,100,5672000,10:16:16
56720,100,5672000,10:16:16
56720,100,5672000,10:16:13
56710,100,5671000,10:16:03
56730,100,5673000,10:16:02
56710,100,5671000,10:16:02
56720,100,5672000,10:16:02
56740,100,5674000,10:15:59
56730,100,5673000,10:15:58
56720,200,11344000,10:15:57
56710,100,5671000,10:15:48
56730,100,5673000,10:15:41
56730,100,5673000,10:15:41
56740,200,11348000,10:15:41
56740,100,5674000,10:15:39
56740,200,11348000,10:15:38
56760,100,5676000,10:15:38
56760,100,5676000,10:15:38
56750,600,34050000,10:15:38
56740,200,11348000,10:15:38
56730,400,22692000,10:15:38
56730,400,22692000,10:15:38
56720,500,28360000,10:15:38
56710,500,28355000,10:15:38
56710,100,5671000,10:15:37
56700,100,5670000,10:15:36
56700,100,5670000,10:15:36
56680,100,5668000,10:15:33
56670,100,5667000,10:15:30
56670,200,11334000,10:15:30
56680,200,11336000,10:15:30
56680,100,5668000,10:15:30
56710,100,5671000,10:15:27
56700,100,5670000,10:15:25
56700,100,5670000,10:15:24
56690,100,5669000,10:15:19
56700,400,22680000,10:15:18
56680,100,5668000,10:15:18
56700,200,11340000,10:15:18
56690,300,17007000,10:15:14
56670,100,5667000,10:15:10
56680,100,5668000,10:15:09
56680,100,5668000,10:15:06
56660,100,5666000,10:15:05
56660,100,5666000,10:15:05
56670,100,5667000,10:15:03
56660,100,5666000,10:15:02
56680,100,5668000,10:15:01
56670,100,5667000,10:15:01
56670,100,5667000,10:15:01
56650,100,5665000,10:14:56
56660,100,5666000,10:14:55
56660,100,5666000,10:14:55
56650,100,5665000,10:14:54
56660,100,5666000,10:14:54
56660,200,11332000,10:14:54
56650,200,11330000,10:14:54
56650,100,5665000,10:14:54
56640,100,5664000,10:14:49
56630,100,5663000,10:14:47
56640,200,11328000,10:14:47
56640,100,5664000,10:14:47
56640,300,16992000,10:14:47
56620,200,11324000,10:14:39
56610,100,5661000,10:14:38
56590,100,5659000,10:14:37
56600,400,22640000,10:14:37
56600,200,11320000,10:14:36
56620,100,5662000,10:14:35
56630,100,5663000,10:14:32
56620,100,5662000,10:14:31
56590,100,5659000,10:14:28
56600,100,5660000,10:14:27
56600,100,5660000,10:14:27
56600,100,5660000,10:14:27
56600,100,5660000,10:14:27
56580,100,5658000,10:14:26
56570,100,5657000,10:14:25
56590,200,11318000,10:14:25
56550,200,11310000,10:14:24
56560,100,5656000,10:14:23
56560,100,5656000,10:14:23
56560,100,5656000,10:14:10
56570,100,5657000,10:14:09
56570,100,5657000,10:14:09
56570,100,5657000,10:14:08
56570,200,11314000,10:14:06
56590,100,5659000,10:14:04
56580,100,5658000,10:13:58
56570,100,5657000,10:13:56
56580,100,5658000,10:13:56
56610,100,5661000,10:13:39
56630,100,5663000,10:13:39
56650,100,5665000,10:13:34
56650,100,5665000,10:13:31
56640,200,11328000,10:13:31
56620,100,5662000,10:13:29
56620,100,5662000,10:13:29
56610,100,5661000,10:13:25
56620,100,5662000,10:13:24
56620,100,5662000,10:13:24
56630,100,5663000,10:13:24
56630,100,5663000,10:13:24
56630,100,5663000,10:13:23
56630,100,5663000,10:13:21
56630,100,5663000,10:13:21
56630,100,5663000,10:13:21
56630,200,11326000,10:13:20
56630,100,5663000,10:13:20
56620,100,5662000,10:13:20
56610,100,5661000,10:13:20
56600,500,28300000,10:13:20
56570,100,5657000,10:13:14
56560,100,5656000,10:13:13
56560,100,5656000,10:13:13
56570,100,5657000,10:13:13
56570,100,5657000,10:13:13
56580,200,11316000,10:13:08
56580,100,5658000,10:12:57
56590,100,5659000,10:12:47
56560,100,5656000,10:12:46
56560,100,5656000,10:12:45
56570,200,11314000,10:12:45
56560,200,11312000,10:12:45
56570,600,33942000,10:12:45
56570,700,39599000,10:12:45
56580,200,11316000,10:12:43
56580,100,5658000,10:12:43
56580,100,5658000,10:12:42
56590,100,5659000,10:12:42
56590,100,5659000,10:12:42
56600,100,5660000,10:12:41
56610,100,5661000,10:12:41
56620,300,16986000,10:12:39
56610,300,16983000,10:12:39
56600,300,16980000,10:12:38
56600,100,5660000,10:12:38
56600,100,5660000,10:12:38
56590,100,5659000,10:12:38
56590,100,5659000,10:12:31
56590,100,5659000,10:12:30
56570,100,5657000,10:12:30
56580,100,5658000,10:12:23
56580,100,5658000,10:12:23
56590,300,16977000,10:12:23
56570,100,5657000,10:12:22
56570,100,5657000,10:12:21
56550,100,5655000,10:12:07
56550,100,5655000,10:12:07
56570,100,5657000,10:12:06
56570,400,22628000,10:12:06
56560,200,11312000,10:12:06
56560,200,11312000,10:12:06
56540,100,5654000,10:12:04
56550,200,11310000,10:12:03
56550,300,16965000,10:12:03
56530,100,5653000,10:12:01
56540,200,11308000,10:11:57
56540,100,5654000,10:11:57
56540,100,5654000,10:11:57
56540,300,16962000,10:11:56
56510,100,5651000,10:11:54
56530,100,5653000,10:11:54
56520,100,5652000,10:11:51
56500,100,5650000,10:11:50
56500,200,11300000,10:11:50
56510,100,5651000,10:11:50
56520,100,5652000,10:11:47
56510,100,5651000,10:11:43
56530,100,5653000,10:11:39
56510,100,5651000,10:11:27
56520,300,16956000,10:11:26
56530,300,16959000,10:11:26
56560,100,5656000,10:11:21
56570,100,5657000,10:11:20
56560,200,11312000,10:11:20
56560,100,5656000,10:11:20
56560,100,5656000,10:11:20
56560,200,11312000,10:11:20
56550,100,5655000,10:11:16
56530,100,5653000,10:11:13
56540,100,5654000,10:11:13
56540,100,5654000,10:11:13
56550,100,5655000,10:11:13
56550,100,5655000,10:11:13
56550,100,5655000,10:11:13
56550,300,16965000,10:11:13
56570,100,5657000,10:11:12
56560,100,5656000,10:11:10
56560,100,5656000,10:11:10
56560,100,5656000,10:11:10
56560,100,5656000,10:11:07
56580,500,28290000,10:11:07
56570,100,5657000,10:11:07
56570,100,5657000,10:11:07
56570,100,5657000,10:11:07
56580,200,11316000,10:11:07
56590,100,5659000,10:11:01
56590,100,5659000,10:11:00
56610,100,5661000,10:11:00
56590,200,11318000,10:10:59
56600,100,5660000,10:10:59
56570,100,5657000,10:10:59
56580,100,5658000,10:10:59
56580,100,5658000,10:10:59
56600,100,5660000,10:10:59
56590,600,33954000,10:10:59
56580,100,5658000,10:10:59
56590,1500,84885000,10:10:59
56600,500,28300000,10:10:58
56600,100,5660000,10:10:58
56600,100,5660000,10:10:58
56610,100,5661000,10:10:58
56610,300,16983000,10:10:57
56610,100,5661000,10:10:57
56620,500,28310000,10:10:57
56620,100,5662000,10:10:57
56630,200,11326000,10:10:56
56630,100,5663000,10:10:54
56630,100,5663000,10:10:54
56640,500,28320000,10:10:53
56640,200,11328000,10:10:53
56650,100,5665000,10:10:53
56640,100,5664000,10:10:53
56650,100,5665000,10:10:50
56650,100,5665000,10:10:50
56650,100,5665000,10:10:50
56650,200,11330000,10:10:48
56650,100,5665000,10:10:33
56650,100,5665000,10:10:33
56660,400,22664000,10:10:32
56660,100,5666000,10:10:32
56670,100,5667000,10:10:32
56670,100,5667000,10:10:26
56690,200,11338000,10:10:25
56690,200,11338000,10:10:25
56680,100,5668000,10:10:25
56690,100,5669000,10:10:23
56680,100,5668000,10:10:23
56690,200,11338000,10:10:23
56700,100,5670000,10:10:22
56690,100,5669000,10:10:17
56710,500,28355000,10:10:17
56720,100,5672000,10:10:14
56720,100,5672000,10:10:13
56710,100,5671000,10:10:13
56710,400,22684000,10:10:12
56680,100,5668000,10:10:05
56690,100,5669000,10:10:05
56690,100,5669000,10:10:03
56700,100,5670000,10:10:03
56700,100,5670000,10:10:03
56690,500,28345000,10:10:03
56690,100,5669000,10:10:03
56680,100,5668000,10:09:56
56670,100,5667000,10:09:54
56680,300,17004000,10:09:50
56670,200,11334000,10:09:48
56660,100,5666000,10:09:46
56660,100,5666000,10:09:46
56660,100,5666000,10:09:36
56670,100,5667000,10:09:36
56670,100,5667000,10:09:36
56660,100,5666000,10:09:31
56670,200,11334000,10:09:31
56660,700,39662000,10:09:31
56650,100,5665000,10:09:21
56640,200,11328000,10:09:16
56630,100,5663000,10:09:15
56630,100,5663000,10:09:15
56650,100,5665000,10:09:13
56650,100,5665000,10:09:09
56640,100,5664000,10:09:03
56630,100,5663000,10:08:56
56630,200,11326000,10:08:55
56640,100,5664000,10:08:55
56640,100,5664000,10:08:47
56650,100,5665000,10:08:47
56640,100,5664000,10:08:47
56650,100,5665000,10:08:47
56650,100,5665000,10:08:36
56650,100,5665000,10:08:36
56640,100,5664000,10:08:35
56620,100,5662000,10:08:26
56630,100,5663000,10:08:22
56640,100,5664000,10:08:22
56640,100,5664000,10:08:18
56640,200,11328000,10:08:16
56640,100,5664000,10:08:16
56650,300,16995000,10:08:14
56650,100,5665000,10:08:14
56660,100,5666000,10:08:14
56660,100,5666000,10:08:10
56680,100,5668000,10:08:00
56670,100,5667000,10:08:00
56680,100,5668000,10:07:58
56680,100,5668000,10:07:58
56670,100,5667000,10:07:53
56650,200,11330000,10:07:47
56660,100,5666000,10:07:45
56660,100,5666000,10:07:45
56660,100,5666000,10:07:44
56660,100,5666000,10:07:34
56660,100,5666000,10:07:34
56650,100,5665000,10:07:34
56660,100,5666000,10:07:32
56660,100,5666000,10:07:31
56700,100,5670000,10:07:28
56680,100,5668000,10:07:27
56670,200,11334000,10:07:27
56660,100,5666000,10:07:26
56660,100,5666000,10:07:19
56660,200,11332000,10:07:19
56660,200,11332000,10:07:19
56650,100,5665000,10:07:19
56650,400,22660000,10:07:19
56650,100,5665000,10:07:18
56630,200,11326000,10:07:13
56630,100,5663000,10:07:13
56640,100,5664000,10:07:13
56650,100,5665000,10:07:10
56640,100,5664000,10:07:04
56640,100,5664000,10:07:04
56640,100,5664000,10:07:04
56650,200,11330000,10:07:03
56650,300,16995000,10:06:50
56650,100,5665000,10:06:43
56640,100,5664000,10:06:42
56640,100,5664000,10:06:42
56640,100,5664000,10:06:40
56640,200,11328000,10:06:36
56640,100,5664000,10:06:36
56650,100,5665000,10:06:35
56650,100,5665000,10:06:29
56660,100,5666000,10:06:29
56650,100,5665000,10:06:29
56660,200,11332000,10:06:29
56670,200,11334000,10:06:29
56700,100,5670000,10:06:26
56670,100,5667000,10:06:17
56680,100,5668000,10:06:17
56690,100,5669000,10:06:16
56700,100,5670000,10:06:15
56690,100,5669000,10:06:08
56690,100,5669000,10:06:06
56710,100,5671000,10:06:03
56710,300,17013000,10:06:02
56710,100,5671000,10:06:01
56730,100,5673000,10:05:51
56740,100,5674000,10:05:50
56730,100,5673000,10:05:50
56750,100,5675000,10:05:46
56730,100,5673000,10:05:45
56760,100,5676000,10:05:35
56780,100,5678000,10:05:35
56780,100,5678000,10:05:27
56780,100,5678000,10:05:26
56800,100,5680000,10:05:25
56770,100,5677000,10:05:25
56780,700,39746000,10:05:25
56790,700,39753000,10:05:25
56810,200,11362000,10:05:16
56810,100,5681000,10:05:16
56810,100,5681000,10:05:12
56820,100,5682000,10:05:11
56820,100,5682000,10:05:07
56840,100,5684000,10:05:07
56820,100,5682000,10:05:06
56820,200,11364000,10:05:06
56820,100,5682000,10:05:06
56820,100,5682000,10:05:06
56820,200,11364000,10:05:06
56820,200,11364000,10:05:06
56820,300,17046000,10:05:06
56820,100,5682000,10:04:56
56800,100,5680000,10:04:53
56800,100,5680000,10:04:52
56800,100,5680000,10:04:52
56810,100,5681000,10:04:51
56810,100,5681000,10:04:51
56820,100,5682000,10:04:47
56820,100,5682000,10:04:47
56830,100,5683000,10:04:44
56840,200,11368000,10:04:36
56850,100,5685000,10:04:35
56850,100,5685000,10:04:35
56860,100,5686000,10:04:34
56840,100,5684000,10:04:33
56850,300,17055000,10:04:33
56850,200,11370000,10:04:33
56850,100,5685000,10:04:33
56850,100,5685000,10:04:33
56850,200,11370000,10:04:33
56840,100,5684000,10:04:31
56830,100,5683000,10:04:30
56820,100,5682000,10:04:29
56820,100,5682000,10:04:29
56820,100,5682000,10:04:27
56830,100,5683000,10:04:27
56810,100,5681000,10:04:26
56810,200,11362000,10:04:26
56820,100,5682000,10:04:24
56830,100,5683000,10:04:24
56830,100,5683000,10:04:22
56820,500,28410000,10:04:22
56810,200,11362000,10:04:22
56810,100,5681000,10:04:22
56810,200,11362000,10:04:22
56810,100,5681000,10:04:22
56800,1400,79520000,10:04:22
56800,300,17040000,10:04:22
56800,100,5680000,10:04:22
56800,600,34080000,10:04:22
56780,100,5678000,10:04:21
56800,100,5680000,10:04:19
56790,200,11358000,10:04:19
56790,100,5679000,10:04:19
56780,100,5678000,10:04:18
56780,300,17034000,10:04:12
56780,200,11356000,10:04:12
56780,100,5678000,10:04:11
56780,100,5678000,10:04:10
56780,100,5678000,10:04:09
56770,100,5677000,10:04:08
56770,100,5677000,10:04:06
56770,800,45416000,10:04:06
56760,600,34056000,10:04:06
56750,100,5675000,10:04:06
56760,100,5676000,10:04:06
56760,200,11352000,10:04:06
56740,100,5674000,10:04:05
56740,100,5674000,10:04:05
56740,100,5674000,10:04:05
56750,600,34050000,10:04:05
56730,100,5673000,10:04:05
56730,100,5673000,10:04:05
56730,100,5673000,10:04:05
56730,100,5673000,10:04:05
56730,100,5673000,10:04:05
56740,100,5674000,10:04:05
56740,300,17022000,10:04:05
56730,300,17019000,10:04:05
56720,2500,141800000,10:04:05
56710,600,34026000,10:04:05
56690,100,5669000,10:04:00
56700,400,22680000,10:03:58
56690,300,17007000,10:03:58
56690,200,11338000,10:03:58
56680,100,5668000,10:03:56
56670,100,5667000,10:03:55
56670,100,5667000,10:03:55
56680,100,5668000,10:03:50
56670,100,5667000,10:03:50
56670,100,5667000,10:03:49
56670,100,5667000,10:03:48
56670,100,5667000,10:03:48
56670,100,5667000,10:03:48
56670,100,5667000,10:03:48
56650,100,5665000,10:03:44
56650,100,5665000,10:03:41
56660,100,5666000,10:03:41
56660,100,5666000,10:03:41
56630,100,5663000,10:03:29
56620,100,5662000,10:03:28
56610,100,5661000,10:03:24
56610,600,33966000,10:03:24
56620,200,11324000,10:03:24
56620,100,5662000,10:03:24
56620,100,5662000,10:03:23
56620,300,16986000,10:03:15
56620,200,11324000,10:03:15
56620,100,5662000,10:03:15
56620,100,5662000,10:03:15
56620,200,11324000,10:03:15
56630,100,5663000,10:03:12
56650,100,5665000,10:03:11
56630,200,11326000,10:03:07
56630,100,5663000,10:03:07
56640,100,5664000,10:03:05
56650,100,5665000,10:03:05
56670,100,5667000,10:03:02
56660,100,5666000,10:03:01
56670,100,5667000,10:03:01
56650,100,5665000,10:02:59
56650,100,5665000,10:02:59
56660,200,11332000,10:02:56
56680,100,5668000,10:02:50
56670,100,5667000,10:02:48
56660,300,16998000,10:02:48
56650,200,11330000,10:02:47
56650,100,5665000,10:02:47
56640,100,5664000,10:02:47
56640,100,5664000,10:02:45
56650,100,5665000,10:02:42
56640,100,5664000,10:02:41
56630,200,11326000,10:02:34
56630,100,5663000,10:02:29
56630,100,5663000,10:02:29
56670,100,5667000,10:02:27
56670,100,5667000,10:02:27
56670,100,5667000,10:02:27
56660,200,11332000,10:02:27
56660,100,5666000,10:02:27
56660,100,5666000,10:02:27
56660,200,11332000,10:02:27
56660,200,11332000,10:02:27
56630,100,5663000,10:02:21
56630,100,5663000,10:02:21
56650,100,5665000,10:02:19
56640,200,11328000,10:02:18
56650,300,16995000,10:02:18
56660,200,11332000,10:02:18
56660,100,5666000,10:02:18
56670,100,5667000,10:02:17
56680,100,5668000,10:02:15
56670,100,5667000,10:02:11
56670,100,5667000,10:02:11
56680,100,5668000,10:02:07
56680,100,5668000,10:02:07
56700,100,5670000,10:02:07
56710,100,5671000,10:01:45
56700,200,11340000,10:01:45
56700,200,11340000,10:01:45
56680,100,5668000,10:01:42
56690,100,5669000,10:01:31
56700,100,5670000,10:01:24
56690,100,5669000,10:01:23
56700,100,5670000,10:01:20
56700,100,5670000,10:01:19
56680,100,5668000,10:01:14
56690,100,5669000,10:01:14
56700,100,5670000,10:01:09
56700,100,5670000,10:01:09
56680,100,5668000,10:01:07
56690,100,5669000,10:01:03
56650,200,11330000,10:01:00
56660,100,5666000,10:01:00
56650,100,5665000,10:00:47
56680,100,5668000,10:00:45
56680,100,5668000,10:00:45
56670,100,5667000,10:00:43
56670,100,5667000,10:00:43
56660,100,5666000,10:00:43
56660,100,5666000,10:00:41
56650,100,5665000,10:00:38
56660,100,5666000,10:00:38
56670,100,5667000,10:00:37
56670,100,5667000,10:00:37
56690,100,5669000,10:00:35
56710,100,5671000,10:00:33
56720,100,5672000,10:00:31
56720,100,5672000,10:00:31
56710,100,5671000,10:00:31
56710,100,5671000,10:00:31
56700,800,45360000,10:00:31
56690,100,5669000,10:00:29
56690,100,5669000,10:00:28
56700,100,5670000,10:00:26
56700,100,5670000,10:00:26
56690,200,11338000,10:00:25
56680,200,11336000,10:00:25
56680,100,5668000,10:00:25
56670,100,5667000,10:00:21
56660,300,16998000,10:00:21
56640,100,5664000,10:00:18
56640,200,11328000,10:00:15
56670,100,5667000,10:00:11
56660,100,5666000,10:00:07
56660,100,5666000,10:00:06
56650,200,11330000,10:00:06
56630,100,5663000,09:59:55
56650,100,5665000,09:59:52
56640,100,5664000,09:59:48
56640,100,5664000,09:59:48
56640,100,5664000,09:59:48
56650,200,11330000,09:59:47
56670,100,5667000,09:59:44
56650,100,5665000,09:59:40
56670,100,5667000,09:59:37
56660,100,5666000,09:59:32
56660,100,5666000,09:59:32
56650,100,5665000,09:59:26
56660,100,5666000,09:59:26
56660,200,11332000,09:59:22
56650,100,5665000,09:59:22
56650,100,5665000,09:59:22
56650,200,11330000,09:59:21
56650,100,5665000,09:59:21
56640,100,5664000,09:59:21
56620,100,5662000,09:59:17
56600,100,5660000,09:59:12
56620,100,5662000,09:59:08
56600,100,5660000,09:59:04
56590,200,11318000,09:59:04
56590,100,5659000,09:59:04
56590,100,5659000,09:59:04
56600,300,16980000,09:59:04
56600,200,11320000,09:59:04
56610,100,5661000,09:59:02
56610,100,5661000,09:59:02
56620,100,5662000,09:58:59
56620,100,5662000,09:58:59
56610,100,5661000,09:58:59
56610,100,5661000,09:58:55
56610,300,16983000,09:58:55
56620,200,11324000,09:58:53
56620,200,11324000,09:58:53
56630,1100,62293000,09:58:53
56640,100,5664000,09:58:50
56640,300,16992000,09:58:49
56680,100,5668000,09:58:42
56670,100,5667000,09:58:38
56660,100,5666000,09:58:37
56670,100,5667000,09:58:25
56660,200,11332000,09:58:22
56670,100,5667000,09:58:22
56670,100,5667000,09:58:22
56680,200,11336000,09:58:22
56690,100,5669000,09:58:22
56700,100,5670000,09:58:21
56700,100,5670000,09:58:15
56700,100,5670000,09:58:14
56690,100,5669000,09:58:08
56700,100,5670000,09:58:08
56700,100,5670000,09:57:59
56700,200,11340000,09:57:56
56710,100,5671000,09:57:53
56720,200,11344000,09:57:48
56720,100,5672000,09:57:46
56700,300,17010000,09:57:33
56720,100,5672000,09:57:29
56720,200,11344000,09:57:27
56730,300,17019000,09:57:27
56750,100,5675000,09:57:25
56750,100,5675000,09:57:21
56740,100,5674000,09:57:19
56760,100,5676000,09:57:13
56770,100,5677000,09:57:10
56790,100,5679000,09:57:10
56780,400,22712000,09:57:10
56780,100,5678000,09:57:10
56770,400,22708000,09:57:10
56770,100,5677000,09:57:10
56750,100,5675000,09:57:08
56760,400,22704000,09:57:08
56750,900,51075000,09:57:08
56740,500,28370000,09:57:05
56730,100,5673000,09:57:04
56730,100,5673000,09:57:04
56720,200,11344000,09:56:58
56720,100,5672000,09:56:58
56720,100,5672000,09:56:58
56720,200,11344000,09:56:58
56710,100,5671000,09:56:52
56710,100,5671000,09:56:48
56700,500,28350000,09:56:48
56680,100,5668000,09:56:45
56690,200,11338000,09:56:44
56680,200,11336000,09:56:44
56670,100,5667000,09:56:39
56670,100,5667000,09:56:36
56700,100,5670000,09:56:32
56690,100,5669000,09:56:32
56690,100,5669000,09:56:31
56710,100,5671000,09:56:31
56700,100,5670000,09:56:30
56700,200,11340000,09:56:30
56690,100,5669000,09:56:28
56690,100,5669000,09:56:27
56690,100,5669000,09:56:26
56690,100,5669000,09:56:26
56680,200,11336000,09:56:24
56670,500,28335000,09:56:24
56670,800,45336000,09:56:24
56660,100,5666000,09:56:23
56650,200,11330000,09:56:22
56640,100,5664000,09:56:22
56640,200,11328000,09:56:22
56640,100,5664000,09:56:07
56630,100,5663000,09:56:06
56630,100,5663000,09:56:06
56630,100,5663000,09:56:06
56610,100,5661000,09:55:59
56630,200,11326000,09:55:57
56640,100,5664000,09:55:47
56650,100,5665000,09:55:47
56630,100,5663000,09:55:31
56640,100,5664000,09:55:31
56650,100,5665000,09:55:23
56650,100,5665000,09:55:23
56650,100,5665000,09:55:23
56640,100,5664000,09:55:22
56620,100,5662000,09:55:18
56620,100,5662000,09:55:12
56620,100,5662000,09:55:12
56620,200,11324000,09:55:11
56620,200,11324000,09:55:11
56610,100,5661000,09:55:09
56630,100,5663000,09:55:08
56630,100,5663000,09:55:07
56600,100,5660000,09:55:06
56610,100,5661000,09:55:06
56620,100,5662000,09:54:54
56620,100,5662000,09:54:48
56610,100,5661000,09:54:48
56600,100,5660000,09:54:47
56610,200,11322000,09:54:46
56640,100,5664000,09:54:41
56660,100,5666000,09:54:40
56650,100,5665000,09:54:38
56650,100,5665000,09:54:36
56640,100,5664000,09:54:36
56650,100,5665000,09:54:34
56650,100,5665000,09:54:34
56650,100,5665000,09:54:33
56670,100,5667000,09:54:32
56680,100,5668000,09:54:25
56670,100,5667000,09:54:25
56650,100,5665000,09:54:20
56660,100,5666000,09:54:19
56650,100,5665000,09:54:17
56660,200,11332000,09:54:17
56670,300,17001000,09:54:17
56660,200,11332000,09:54:17
56670,100,5667000,09:54:17
56680,100,5668000,09:54:16
56700,100,5670000,09:54:15
56680,100,5668000,09:54:15
56690,100,5669000,09:54:15
56690,100,5669000,09:54:13
56700,100,5670000,09:54:12
56720,100,5672000,09:54:09
56720,100,5672000,09:54:08
56710,100,5671000,09:54:07
56730,100,5673000,09:54:00
56740,100,5674000,09:53:58
56730,200,11346000,09:53:54
56720,100,5672000,09:53:52
56720,100,5672000,09:53:52
56720,100,5672000,09:53:52
56720,200,11344000,09:53:51
56710,100,5671000,09:53:50
56710,200,11342000,09:53:50
56700,100,5670000,09:53:49
56690,100,5669000,09:53:41
56680,100,5668000,09:53:31
56680,100,5668000,09:53:30
56660,100,5666000,09:53:27
56670,100,5667000,09:53:27
56670,200,11334000,09:53:25
56690,100,5669000,09:53:23
56680,100,5668000,09:53:22
56680,100,5668000,09:53:22
56700,100,5670000,09:53:21
56700,100,5670000,09:53:20
56710,100,5671000,09:53:19
56720,100,5672000,09:53:17
56710,100,5671000,09:53:16
56720,100,5672000,09:53:14
56710,100,5671000,09:53:13
56720,200,11344000,09:53:11
56700,200,11340000,09:53:09
56680,200,11336000,09:53:07
56680,100,5668000,09:53:07
56680,100,5668000,09:53:04
56680,100,5668000,09:53:04
56670,100,5667000,09:53:02
56670,100,5667000,09:53:01
56660,100,5666000,09:53:00
56650,100,5665000,09:52:58
56650,100,5665000,09:52:58
56640,100,5664000,09:52:57
56650,100,5665000,09:52:57
56640,100,5664000,09:52:57
56620,400,22648000,09:52:56
56600,100,5660000,09:52:54
56590,100,5659000,09:52:53
56600,100,5660000,09:52:53
56590,100,5659000,09:52:51
56610,100,5661000,09:52:49
56580,100,5658000,09:52:43
56610,100,5661000,09:52:41
56610,200,11322000,09:52:41
56600,600,33960000,09:52:39
56580,100,5658000,09:52:37
56590,300,16977000,09:52:34
56580,100,5658000,09:52:34
56590,100,5659000,09:52:32
56590,100,5659000,09:52:29
56570,100,5657000,09:52:25
56570,100,5657000,09:52:24
56580,100,5658000,09:52:24
56600,100,5660000,09:52:14
56590,200,11318000,09:52:13
56590,100,5659000,09:52:11
56600,500,28300000,09:52:10
56600,300,16980000,09:52:00
56630,100,5663000,09:51:55
56610,100,5661000,09:51:52
56610,100,5661000,09:51:52
56610,100,5661000,09:51:52
56620,100,5662000,09:51:52
56620,100,5662000,09:51:52
56630,100,5663000,09:51:51
56640,100,5664000,09:51:50
56650,100,5665000,09:51:46
56650,100,5665000,09:51:46
56660,100,5666000,09:51:41
56660,100,5666000,09:51:40
56660,100,5666000,09:51:40
56650,100,5665000,09:51:39
56650,100,5665000,09:51:36
56650,100,5665000,09:51:30
56640,100,5664000,09:51:28
56640,100,5664000,09:51:27
56620,100,5662000,09:51:25
56620,100,5662000,09:51:25
56620,100,5662000,09:51:24
56630,100,5663000,09:51:21
56620,100,5662000,09:51:19
56630,100,5663000,09:51:18
56630,100,5663000,09:51:18
56650,100,5665000,09:51:18
56650,100,5665000,09:51:18
56660,200,11332000,09:51:18
56660,100,5666000,09:51:18
56670,100,5667000,09:51:10
56680,200,11336000,09:51:09
56670,100,5667000,09:51:07
56660,100,5666000,09:51:06
56660,100,5666000,09:51:04
56670,100,5667000,09:51:03
56680,200,11336000,09:51:03
56680,100,5668000,09:51:01
56700,100,5670000,09:51:01
56700,100,5670000,09:51:01
56720,200,11344000,09:50:54
56740,100,5674000,09:50:52
56740,200,11348000,09:50:52
56720,300,17016000,09:50:46
56720,200,11344000,09:50:46
56710,100,5671000,09:50:45
56720,100,5672000,09:50:44
56720,200,11344000,09:50:44
56740,100,5674000,09:50:43
56760,100,5676000,09:50:43
56750,100,5675000,09:50:43
56760,200,11352000,09:50:39
56740,100,5674000,09:50:39
56750,100,5675000,09:50:39
56750,100,5675000,09:50:39
56760,100,5676000,09:50:26
56750,100,5675000,09:50:26
56750,100,5675000,09:50:26
56740,100,5674000,09:50:21
56730,100,5673000,09:50:21
56710,200,11342000,09:50:21
56720,100,5672000,09:50:09
56720,100,5672000,09:50:09
56730,100,5673000,09:50:06
56740,100,5674000,09:50:05
56750,100,5675000,09:50:04
56760,100,5676000,09:50:01
56760,200,11352000,09:50:01
56760,100,5676000,09:50:01
56760,100,5676000,09:49:53
56760,100,5676000,09:49:52
56750,100,5675000,09:49:52
56760,100,5676000,09:49:48
56750,100,5675000,09:49:45
56760,100,5676000,09:49:44
56770,200,11354000,09:49:44
56760,200,11352000,09:49:42
56750,100,5675000,09:49:42
56750,100,5675000,09:49:42
56750,100,5675000,09:49:42
56750,100,5675000,09:49:42
56750,200,11350000,09:49:42
56750,100,5675000,09:49:42
56750,100,5675000,09:49:42
56750,100,5675000,09:49:41
56750,500,28375000,09:49:40
56750,100,5675000,09:49:40
56740,200,11348000,09:49:37
56730,100,5673000,09:49:37
56730,100,5673000,09:49:37
56730,100,5673000,09:49:37
56730,100,5673000,09:49:37
56730,100,5673000,09:49:37
56730,200,11346000,09:49:37
56720,300,17016000,09:49:37
56720,200,11344000,09:49:37
56690,100,5669000,09:49:34
56700,100,5670000,09:49:34
56700,500,28350000,09:49:34
56700,500,28350000,09:49:34
56700,100,5670000,09:49:25
56690,200,11338000,09:49:20
56690,100,5669000,09:49:20
56700,100,5670000,09:49:19
56710,100,5671000,09:49:18
56700,300,17010000,09:49:16
56700,100,5670000,09:49:16
56700,100,5670000,09:49:16
56700,100,5670000,09:49:15
56700,100,5670000,09:49:05
56700,100,5670000,09:48:59
56700,200,11340000,09:48:58
56690,100,5669000,09:48:57
56690,100,5669000,09:48:53
56680,100,5668000,09:48:53
56700,100,5670000,09:48:53
56690,100,5669000,09:48:53
56690,100,5669000,09:48:53
56700,400,22680000,09:48:49
56710,100,5671000,09:48:42
56720,100,5672000,09:48:36
56710,100,5671000,09:48:36
56710,100,5671000,09:48:32
56720,100,5672000,09:48:32
56700,100,5670000,09:48:27
56680,100,5668000,09:48:26
56680,200,11336000,09:48:26
56690,100,5669000,09:48:26
56700,200,11340000,09:48:25
56710,100,5671000,09:48:23
56710,100,5671000,09:48:23
56730,100,5673000,09:48:19
56720,100,5672000,09:48:07
56710,100,5671000,09:48:00
56700,200,11340000,09:47:59
56700,100,5670000,09:47:58
56710,200,11342000,09:47:58
56730,100,5673000,09:47:55
56710,100,5671000,09:47:52
56710,100,5671000,09:47:52
56720,100,5672000,09:47:51
56720,100,5672000,09:47:51
56720,100,5672000,09:47:51
56700,100,5670000,09:47:47
56700,100,5670000,09:47:44
56700,100,5670000,09:47:43
56710,100,5671000,09:47:39
56720,100,5672000,09:47:39
56720,100,5672000,09:47:38
56720,100,5672000,09:47:38
56720,100,5672000,09:47:38
56730,100,5673000,09:47:38
56750,100,5675000,09:47:36
56730,100,5673000,09:47:36
56730,100,5673000,09:47:36
56730,100,5673000,09:47:36
56730,100,5673000,09:47:36
56740,100,5674000,09:47:36
56750,100,5675000,09:47:34
56750,100,5675000,09:47:34
56740,100,5674000,09:47:33
56730,300,17019000,09:47:29
56730,100,5673000,09:47:26
56740,100,5674000,09:47:25
56740,300,17022000,09:47:24
56740,200,11348000,09:47:24
56730,100,5673000,09:47:23
56720,600,34032000,09:47:23
56710,600,34026000,09:47:23
56700,200,11340000,09:47:19
56700,100,5670000,09:47:19
56700,100,5670000,09:47:19
56680,100,5668000,09:47:04
56680,100,5668000,09:47:04
56690,100,5669000,09:47:02
56670,100,5667000,09:47:01
56680,100,5668000,09:47:00
56680,200,11336000,09:46:58
56690,100,5669000,09:46:54
56690,100,5669000,09:46:54
56690,100,5669000,09:46:54
56680,100,5668000,09:46:50
56670,200,11334000,09:46:49
56650,100,5665000,09:46:48
56650,100,5665000,09:46:48
56660,100,5666000,09:46:43
56660,100,5666000,09:46:43
56660,100,5666000,09:46:43
56680,100,5668000,09:46:40
56680,100,5668000,09:46:40
56670,500,28335000,09:46:39
56670,500,28335000,09:46:39
56660,100,5666000,09:46:36
56660,100,5666000,09:46:36
56670,100,5667000,09:46:32
56680,100,5668000,09:46:32
56690,100,5669000,09:46:31
56690,100,5669000,09:46:31
56680,100,5668000,09:46:30
56680,200,11336000,09:46:30
56680,100,5668000,09:46:30
56670,100,5667000,09:46:30
56660,200,11332000,09:46:30
56650,600,33990000,09:46:30
56640,400,22656000,09:46:30
56630,300,16989000,09:46:29
56630,100,5663000,09:46:26
56600,100,5660000,09:46:14
56610,100,5661000,09:46:12
56630,100,5663000,09:46:10
56620,300,16986000,09:46:04
56600,100,5660000,09:46:01
56590,100,5659000,09:46:00
56600,100,5660000,09:46:00
56610,100,5661000,09:45:54
56610,100,5661000,09:45:54
56610,100,5661000,09:45:54
56600,100,5660000,09:45:48
56600,100,5660000,09:45:46
56600,100,5660000,09:45:46
56600,200,11320000,09:45:41
56600,100,5660000,09:45:40
56590,200,11318000,09:45:40
56590,100,5659000,09:45:40
56570,100,5657000,09:45:38
56580,100,5658000,09:45:35
56560,100,5656000,09:45:31
56570,100,5657000,09:45:30
56570,100,5657000,09:45:30
56540,100,5654000,09:45:29
56550,100,5655000,09:45:28
56550,100,5655000,09:45:28
56550,100,5655000,09:45:28
56550,300,16965000,09:45:27
56550,100,5655000,09:45:27
56550,200,11310000,09:45:27
56550,200,11310000,09:45:27
56540,100,5654000,09:45:25
56540,100,5654000,09:45:25
56510,100,5651000,09:45:24
56520,100,5652000,09:45:23
56520,200,11304000,09:45:23
56540,100,5654000,09:45:22
56550,200,11310000,09:45:22
56570,100,5657000,09:45:21
56550,100,5655000,09:45:10
56570,100,5657000,09:45:06
56570,100,5657000,09:45:05
56580,100,5658000,09:45:05
56590,100,5659000,09:45:04
56590,100,5659000,09:45:04
56580,200,11316000,09:45:04
56550,100,5655000,09:44:56
56550,100,5655000,09:44:54
56540,100,5654000,09:44:51
56520,100,5652000,09:44:46
56540,100,5654000,09:44:43
56550,200,11310000,09:44:43
56560,300,16968000,09:44:43
56570,200,11314000,09:44:42
56580,100,5658000,09:44:41
56590,100,5659000,09:44:41
56600,600,33960000,09:44:41
56630,100,5663000,09:44:30
56640,100,5664000,09:44:24
56630,200,11326000,09:44:20
56630,100,5663000,09:44:16
56640,100,5664000,09:44:15
56640,100,5664000,09:44:15
56640,100,5664000,09:44:15
56640,100,5664000,09:44:15
56630,100,5663000,09:44:15
56630,500,28315000,09:44:15
56620,500,28310000,09:44:15
56610,300,16983000,09:44:15
56600,100,5660000,09:44:14
56580,100,5658000,09:44:14
56590,100,5659000,09:44:14
56590,100,5659000,09:44:14
56580,200,11316000,09:44:14
56570,100,5657000,09:44:06
56590,100,5659000,09:44:00
56590,100,5659000,09:43:59
56570,100,5657000,09:43:55
56580,100,5658000,09:43:51
56580,100,5658000,09:43:51
56600,100,5660000,09:43:50
56600,100,5660000,09:43:50
56610,600,33966000,09:43:50
56640,200,11328000,09:43:44
56640,100,5664000,09:43:43
56630,200,11326000,09:43:41
56620,100,5662000,09:43:39
56620,200,11324000,09:43:38
56620,200,11324000,09:43:38
56610,100,5661000,09:43:32
56620,100,5662000,09:43:32
56620,100,5662000,09:43:32
56610,200,11322000,09:43:31
56600,100,5660000,09:43:30
56580,100,5658000,09:43:29
56580,100,5658000,09:43:28
56590,100,5659000,09:43:26
56590,100,5659000,09:43:24
56590,100,5659000,09:43:24
56590,100,5659000,09:43:24
56610,100,5661000,09:43:20
56610,100,5661000,09:43:16
56600,100,5660000,09:43:15
56610,100,5661000,09:43:15
56610,400,22644000,09:43:12
56610,200,11322000,09:43:12
56610,100,5661000,09:43:12
56620,100,5662000,09:43:11
56620,300,16986000,09:43:11
56610,200,11322000,09:43:11
56610,100,5661000,09:43:11
56610,100,5661000,09:42:59
56600,100,5660000,09:42:58
56600,100,5660000,09:42:58
56600,100,5660000,09:42:56
56600,100,5660000,09:42:56
56590,100,5659000,09:42:54
56590,100,5659000,09:42:49
56580,100,5658000,09:42:41
56580,200,11316000,09:42:41
56610,100,5661000,09:42:39
56600,100,5660000,09:42:35
56590,100,5659000,09:42:32
56600,100,5660000,09:42:32
56600,100,5660000,09:42:32
56600,100,5660000,09:42:31
56620,100,5662000,09:42:27
56620,200,11324000,09:42:27
56610,100,5661000,09:42:22
56600,100,5660000,09:42:22
56600,200,11320000,09:42:21
56600,100,5660000,09:42:21
56590,600,33954000,09:42:21
56590,400,22636000,09:42:21
56580,100,5658000,09:42:20
56580,100,5658000,09:42:20
56560,200,11312000,09:42:19
56560,100,5656000,09:42:19
56550,200,11310000,09:42:19
56550,400,22620000,09:42:19
56530,100,5653000,09:42:15
56520,100,5652000,09:42:15
56500,100,5650000,09:42:13
56500,100,5650000,09:42:09
56480,100,5648000,09:42:06
56500,100,5650000,09:42:05
56500,100,5650000,09:42:04
56510,100,5651000,09:42:01
56520,100,5652000,09:42:01
56520,100,5652000,09:42:01
56520,100,5652000,09:42:01
56510,100,5651000,09:42:00
56500,300,16950000,09:42:00
56500,100,5650000,09:42:00
56500,100,5650000,09:42:00
56490,100,5649000,09:41:57
56490,100,5649000,09:41:54
56490,100,5649000,09:41:54
56480,100,5648000,09:41:53
56470,100,5647000,09:41:52
56470,200,11294000,09:41:52
56460,200,11292000,09:41:52
56460,100,5646000,09:41:52
56450,100,5645000,09:41:50
56440,100,5644000,09:41:48
56440,100,5644000,09:41:48
56410,100,5641000,09:41:44
56420,100,5642000,09:41:43
56410,100,5641000,09:41:39
56420,100,5642000,09:41:38
56430,100,5643000,09:41:36
56410,100,5641000,09:41:31
56430,100,5643000,09:41:30
56410,100,5641000,09:41:26
56400,100,5640000,09:41:26
56410,100,5641000,09:41:21
56400,500,28200000,09:41:20
56400,100,5640000,09:41:20
56390,100,5639000,09:41:20
56390,100,5639000,09:41:20
56380,100,5638000,09:41:19
56370,100,5637000,09:41:19
56370,100,5637000,09:41:18
56360,100,5636000,09:41:16
56370,100,5637000,09:41:14
56370,100,5637000,09:41:12
56380,100,5638000,09:41:10
56370,100,5637000,09:41:06
56390,100,5639000,09:41:05
56380,100,5638000,09:41:04
56390,100,5639000,09:40:59
56400,100,5640000,09:40:59
56400,100,5640000,09:40:54
56410,100,5641000,09:40:49
56420,100,5642000,09:40:48
56400,100,5640000,09:40:47
56380,100,5638000,09:40:44
56380,100,5638000,09:40:44
56380,100,5638000,09:40:44
56390,100,5639000,09:40:44
56390,200,11278000,09:40:44
56400,300,16920000,09:40:40
56420,100,5642000,09:40:35
56450,100,5645000,09:40:30
56450,100,5645000,09:40:30
56450,100,5645000,09:40:30
56430,100,5643000,09:40:27
56440,100,5644000,09:40:26
56430,400,22572000,09:40:26
56420,100,5642000,09:40:21
56400,100,5640000,09:40:17
56400,100,5640000,09:40:17
56400,100,5640000,09:40:16
56400,100,5640000,09:40:15
56400,100,5640000,09:40:12
56400,100,5640000,09:40:12
56430,100,5643000,09:40:09
56440,100,5644000,09:40:06
56430,200,11286000,09:39:59
56430,100,5643000,09:39:58
56430,100,5643000,09:39:58
56400,900,50760000,09:39:57
56390,100,5639000,09:39:55
56380,100,5638000,09:39:55
56380,500,28190000,09:39:55
56380,100,5638000,09:39:54
56390,100,5639000,09:39:53
56380,100,5638000,09:39:51
56390,100,5639000,09:39:51
56390,100,5639000,09:39:48
56390,100,5639000,09:39:48
56390,300,16917000,09:39:48
56400,400,22560000,09:39:44
56400,100,5640000,09:39:44
56400,100,5640000,09:39:44
56400,100,5640000,09:39:43
56410,100,5641000,09:39:43
56420,100,5642000,09:39:39
56410,100,5641000,09:39:38
56430,100,5643000,09:39:35
56410,100,5641000,09:39:35
56430,100,5643000,09:39:34
56440,100,5644000,09:39:30
56420,100,5642000,09:39:29
56420,100,5642000,09:39:27
56410,100,5641000,09:39:26
56440,100,5644000,09:39:25
56420,100,5642000,09:39:23
56420,200,11284000,09:39:23
56410,100,5641000,09:39:23
56420,100,5642000,09:39:23
56440,100,5644000,09:39:22
56410,100,5641000,09:39:21
56410,500,28205000,09:39:21
56420,100,5642000,09:39:19
56440,100,5644000,09:39:17
56440,100,5644000,09:39:16
56450,100,5645000,09:39:12
56460,200,11292000,09:39:12
56470,100,5647000,09:39:06
56480,100,5648000,09:39:03
56460,100,5646000,09:39:02
56470,100,5647000,09:39:01
56460,100,5646000,09:39:00
56480,100,5648000,09:38:52
56490,100,5649000,09:38:51
56490,100,5649000,09:38:49
56470,200,11294000,09:38:43
56460,100,5646000,09:38:43
56440,100,5644000,09:38:39
56450,100,5645000,09:38:35
56450,100,5645000,09:38:35
56440,100,5644000,09:38:35
56430,200,11286000,09:38:35
56430,300,16929000,09:38:35
56440,100,5644000,09:38:34
56440,100,5644000,09:38:34
56440,100,5644000,09:38:34
56450,200,11290000,09:38:33
56460,100,5646000,09:38:31
56450,100,5645000,09:38:30
56480,100,5648000,09:38:27
56470,100,5647000,09:38:21
56450,100,5645000,09:38:19
56440,100,5644000,09:38:17
56450,100,5645000,09:38:15
56460,100,5646000,09:38:15
56460,100,5646000,09:38:15
56450,100,5645000,09:38:12
56460,100,5646000,09:38:12
56460,200,11292000,09:38:10
56440,300,16932000,09:38:08
56440,100,5644000,09:38:08
56450,200,11290000,09:38:08
56460,100,5646000,09:38:07
56470,100,5647000,09:38:07
56480,100,5648000,09:38:04
56490,100,5649000,09:38:04
56500,200,11300000,09:38:04
56500,100,5650000,09:38:03
56510,100,5651000,09:38:02
56500,100,5650000,09:37:56
56490,100,5649000,09:37:55
56490,100,5649000,09:37:55
56490,100,5649000,09:37:55
56490,100,5649000,09:37:55
56500,100,5650000,09:37:54
56500,100,5650000,09:37:54
56500,100,5650000,09:37:54
56500,100,5650000,09:37:53
56510,100,5651000,09:37:53
56530,100,5653000,09:37:50
56530,200,11306000,09:37:50
56550,100,5655000,09:37:48
56550,100,5655000,09:37:47
56540,100,5654000,09:37:45
56540,100,5654000,09:37:45
56530,100,5653000,09:37:41
56520,100,5652000,09:37:41
56540,100,5654000,09:37:33
56540,100,5654000,09:37:28
56540,100,5654000,09:37:28
56530,100,5653000,09:37:28
56520,100,5652000,09:37:20
56540,100,5654000,09:37:16
56530,400,22612000,09:37:15
56520,100,5652000,09:37:15
56520,100,5652000,09:37:14
56510,100,5651000,09:37:12
56510,100,5651000,09:37:12
56500,100,5650000,09:37:06
56510,100,5651000,09:37:02
56520,100,5652000,09:37:01
56520,100,5652000,09:37:01
56500,500,28250000,09:36:59
56500,200,11300000,09:36:59
56500,100,5650000,09:36:59
56500,200,11300000,09:36:59
56500,100,5650000,09:36:57
56510,200,11302000,09:36:56
56520,100,5652000,09:36:52
56530,100,5653000,09:36:52
56520,100,5652000,09:36:51
56520,100,5652000,09:36:49
56520,100,5652000,09:36:46
56510,200,11302000,09:36:46
56500,100,5650000,09:36:45
56480,100,5648000,09:36:45
56500,200,11300000,09:36:44
56490,600,33894000,09:36:44
56480,200,11296000,09:36:44
56470,100,5647000,09:36:44
56470,300,16941000,09:36:44
56460,200,11292000,09:36:44
56440,100,5644000,09:36:44
56440,100,5644000,09:36:43
56450,100,5645000,09:36:42
56460,100,5646000,09:36:42
56470,300,16941000,09:36:41
56480,300,16944000,09:36:41
56480,100,5648000,09:36:41
56480,200,11296000,09:36:40
56480,100,5648000,09:36:40
56490,100,5649000,09:36:40
56500,100,5650000,09:36:34
56500,300,16950000,09:36:34
56520,100,5652000,09:36:34
56500,100,5650000,09:36:32
56500,100,5650000,09:36:32
56510,100,5651000,09:36:30
56520,100,5652000,09:36:28
56510,200,11302000,09:36:27
56520,100,5652000,09:36:25
56520,100,5652000,09:36:25
56530,100,5653000,09:36:24
56550,100,5655000,09:36:23
56530,100,5653000,09:36:23
56530,100,5653000,09:36:22
56550,100,5655000,09:36:19
56540,100,5654000,09:36:18
56540,100,5654000,09:36:16
56550,100,5655000,09:36:15
56550,100,5655000,09:36:15
56550,100,5655000,09:36:15
56560,100,5656000,09:36:14
56580,100,5658000,09:36:14
56590,100,5659000,09:36:13
56590,100,5659000,09:36:04
56580,100,5658000,09:36:03
56580,100,5658000,09:36:03
56580,100,5658000,09:36:03
56560,100,5656000,09:36:00
56560,100,5656000,09:35:59
56570,100,5657000,09:35:59
56590,100,5659000,09:35:51
56600,100,5660000,09:35:51
56580,200,11316000,09:35:42
56550,100,5655000,09:35:38
56560,100,5656000,09:35:38
56580,100,5658000,09:35:38
56590,100,5659000,09:35:36
56580,100,5658000,09:35:33
56580,300,16974000,09:35:32
56590,100,5659000,09:35:32
56590,100,5659000,09:35:30
56600,100,5660000,09:35:30
56600,100,5660000,09:35:30
56610,400,22644000,09:35:27
56630,100,5663000,09:35:24
56630,200,11326000,09:35:23
56630,100,5663000,09:35:23
56630,100,5663000,09:35:12
56610,100,5661000,09:35:12
56620,100,5662000,09:35:10
56630,100,5663000,09:35:07
56630,100,5663000,09:35:07
56650,100,5665000,09:35:04
56630,100,5663000,09:35:02
56640,200,11328000,09:35:02
56650,200,11330000,09:35:01
56660,200,11332000,09:35:00
56670,100,5667000,09:34:59
56660,100,5666000,09:34:58
56660,200,11332000,09:34:58
56670,100,5667000,09:34:58
56680,100,5668000,09:34:58
56700,100,5670000,09:34:57
56700,100,5670000,09:34:57
56700,100,5670000,09:34:57
56720,100,5672000,09:34:56
56690,100,5669000,09:34:52
56720,300,17016000,09:34:50
56740,100,5674000,09:34:48
56730,100,5673000,09:34:48
56730,100,5673000,09:34:48
56740,100,5674000,09:34:43
56740,100,5674000,09:34:41
56740,100,5674000,09:34:39
56740,100,5674000,09:34:39
56740,100,5674000,09:34:39
56750,100,5675000,09:34:38
56750,100,5675000,09:34:38
56760,100,5676000,09:34:38
56750,100,5675000,09:34:35
56750,100,5675000,09:34:35
56750,100,5675000,09:34:34
56740,100,5674000,09:34:33
56740,100,5674000,09:34:33
56740,100,5674000,09:34:33
56740,100,5674000,09:34:33
56730,100,5673000,09:34:31
56730,100,5673000,09:34:31
56720,100,5672000,09:34:29
56720,100,5672000,09:34:27
56710,200,11342000,09:34:27
56700,100,5670000,09:34:26
56690,100,5669000,09:34:21
56680,100,5668000,09:34:20
56690,200,11338000,09:34:19
56700,100,5670000,09:34:17
56700,100,5670000,09:34:16
56700,100,5670000,09:34:15
56720,100,5672000,09:34:13
56700,100,5670000,09:34:12
56710,100,5671000,09:34:11
56700,100,5670000,09:34:09
56710,100,5671000,09:34:09
56710,100,5671000,09:34:08
56700,800,45360000,09:34:07
56700,100,5670000,09:34:07
56700,100,5670000,09:34:07
56690,100,5669000,09:34:07
56680,200,11336000,09:34:06
56680,200,11336000,09:34:06
56680,100,5668000,09:34:06
56680,100,5668000,09:34:06
56670,400,22668000,09:34:06
56670,1100,62337000,09:34:06
56650,100,5665000,09:34:06
56660,200,11332000,09:34:06
56650,100,5665000,09:34:03
56630,200,11326000,09:33:59
56610,100,5661000,09:33:59
56600,200,11320000,09:33:58
56600,100,5660000,09:33:58
56590,500,28295000,09:33:57
56580,100,5658000,09:33:56
56570,100,5657000,09:33:54
56570,100,5657000,09:33:52
56560,100,5656000,09:33:50
56550,300,16965000,09:33:49
56580,100,5658000,09:33:45
56570,100,5657000,09:33:45
56560,100,5656000,09:33:44
56560,100,5656000,09:33:44
56560,100,5656000,09:33:44
56560,100,5656000,09:33:44
56560,100,5656000,09:33:42
56550,100,5655000,09:33:41
56550,100,5655000,09:33:36
56540,100,5654000,09:33:36
56550,200,11310000,09:33:34
56590,100,5659000,09:33:29
56570,100,5657000,09:33:29
56580,100,5658000,09:33:29
56570,200,11314000,09:33:28
56560,100,5656000,09:33:28
56550,200,11310000,09:33:25
56560,100,5656000,09:33:20
56570,100,5657000,09:33:19
56570,100,5657000,09:33:18
56550,100,5655000,09:33:15
56550,100,5655000,09:33:15
56570,100,5657000,09:33:14
56560,100,5656000,09:33:13
56570,100,5657000,09:33:11
56590,100,5659000,09:33:09
56590,100,5659000,09:33:05
56590,100,5659000,09:33:05
56550,200,11310000,09:33:02
56550,100,5655000,09:33:02
56550,200,11310000,09:33:02
56570,100,5657000,09:33:01
56580,100,5658000,09:33:00
56580,100,5658000,09:32:59
56590,100,5659000,09:32:59
56590,100,5659000,09:32:59
56580,100,5658000,09:32:58
56590,200,11318000,09:32:57
56600,100,5660000,09:32:57
56600,100,5660000,09:32:57
56610,100,5661000,09:32:57
56620,100,5662000,09:32:56
56640,100,5664000,09:32:53
56640,300,16992000,09:32:52
56640,100,5664000,09:32:50
56640,100,5664000,09:32:46
56640,100,5664000,09:32:41
56620,200,11324000,09:32:41
56620,100,5662000,09:32:40
56630,200,11326000,09:32:40
56630,200,11326000,09:32:40
56640,100,5664000,09:32:38
56650,200,11330000,09:32:37
56650,100,5665000,09:32:37
56640,100,5664000,09:32:36
56640,100,5664000,09:32:33
56660,100,5666000,09:32:33
56660,100,5666000,09:32:28
56660,100,5666000,09:32:26
56660,100,5666000,09:32:25
56660,100,5666000,09:32:23
56650,200,11330000,09:32:22
56650,100,5665000,09:32:18
56640,100,5664000,09:32:18
56650,100,5665000,09:32:17
56640,100,5664000,09:32:16
56670,100,5667000,09:32:15
56670,100,5667000,09:32:15
56660,100,5666000,09:32:15
56660,500,28330000,09:32:15
56650,100,5665000,09:32:14
56630,100,5663000,09:32:09
56630,100,5663000,09:32:09
56650,100,5665000,09:32:07
56640,200,11328000,09:32:06
56640,100,5664000,09:32:02
56660,200,11332000,09:31:58
56660,200,11332000,09:31:57
56660,100,5666000,09:31:57
56650,100,5665000,09:31:57
56650,300,16995000,09:31:53
56650,100,5665000,09:31:53
56650,200,11330000,09:31:53
56640,100,5664000,09:31:53
56610,200,11322000,09:31:49
56600,100,5660000,09:31:49
56620,100,5662000,09:31:47
56620,100,5662000,09:31:47
56610,700,39627000,09:31:47
56600,1500,84900000,09:31:47
56600,100,5660000,09:31:46
56570,100,5657000,09:31:45
56590,100,5659000,09:31:44
56590,200,11318000,09:31:44
56590,100,5659000,09:31:41
56580,100,5658000,09:31:41
56570,100,5657000,09:31:29
56540,100,5654000,09:31:27
56550,100,5655000,09:31:27
56550,100,5655000,09:31:21
56550,100,5655000,09:31:21
56560,100,5656000,09:31:19
56560,100,5656000,09:31:17
56540,100,5654000,09:31:15
56530,100,5653000,09:31:12
56530,100,5653000,09:31:12
56520,100,5652000,09:31:09
56520,300,16956000,09:31:08
56510,300,16953000,09:31:08
56500,100,5650000,09:31:08
56480,100,5648000,09:31:08
56500,100,5650000,09:31:07
56510,100,5651000,09:31:05
56500,200,11300000,09:31:05
56500,100,5650000,09:31:03
56490,200,11298000,09:31:02
56500,100,5650000,09:31:01
56480,100,5648000,09:31:00
56490,100,5649000,09:31:00
56490,100,5649000,09:31:00
56500,100,5650000,09:31:00
56530,100,5653000,09:30:59
56510,100,5651000,09:30:58
56540,200,11308000,09:30:57
56550,100,5655000,09:30:56
56550,100,5655000,09:30:56
56560,100,5656000,09:30:51
56560,100,5656000,09:30:48
56550,100,5655000,09:30:46
56550,100,5655000,09:30:45
56560,100,5656000,09:30:44
56570,100,5657000,09:30:44
56580,100,5658000,09:30:44
56570,100,5657000,09:30:44
56580,100,5658000,09:30:43
56560,100,5656000,09:30:43
56580,100,5658000,09:30:43
56590,100,5659000,09:30:42
56590,100,5659000,09:30:39
56600,100,5660000,09:30:39
56600,100,5660000,09:30:34
56590,100,5659000,09:30:31
56570,100,5657000,09:30:30
56580,100,5658000,09:30:30
56580,100,5658000,09:30:29
56580,200,11316000,09:30:29
56590,100,5659000,09:30:29
56590,100,5659000,09:30:28
56610,100,5661000,09:30:28
56600,200,11320000,09:30:27
56620,100,5662000,09:30:26
56600,100,5660000,09:30:24
56610,100,5661000,09:30:24
56590,100,5659000,09:30:23
56600,100,5660000,09:30:22
56600,100,5660000,09:30:22
56610,100,5661000,09:30:22
56610,100,5661000,09:30:21
56630,100,5663000,09:30:20
56640,100,5664000,09:30:20
56630,100,5663000,09:30:20
56640,100,5664000,09:30:20
56640,100,5664000,09:30:20
56640,100,5664000,09:30:18
56640,200,11328000,09:30:18
56650,100,5665000,09:30:09
56640,100,5664000,09:30:09
56640,100,5664000,09:30:09
56630,100,5663000,09:30:09
56620,100,5662000,09:30:09
56600,100,5660000,09:30:08
56620,100,5662000,09:30:08
56610,100,5661000,09:30:08
56610,100,5661000,09:30:07
56590,100,5659000,09:30:04
56610,100,5661000,09:30:04
56600,100,5660000,09:30:04
56590,100,5659000,09:30:02
56600,100,5660000,09:30:02
56610,100,5661000,09:30:01
56620,300,16986000,09:30:01
56620,200,11324000,09:30:00
56630,100,5663000,09:30:00
56630,200,11326000,09:30:00
56640,100,5664000,09:30:00
56640,100,5664000,09:30:00
56660,300,16998000,09:30:00
56660,100,5666000,09:30:00
56650,300,16995000,09:30:00
56640,100,5664000,09:30:00
56630,100,5663000,09:30:00
56610,100,5661000,09:30:00
56630,100,5663000,09:30:00
56600,100,5660000,09:30:00
56610,100,5661000,09:30:00
56630,400,22652000,09:30:00
56610,100,5661000,09:30:00
56590,200,11318000,09:30:00
56600,300,16980000,09:30:00
56620,400,22648000,09:30:00
56610,300,16983000,09:30:00
56590,100,5659000,09:30:00
56600,300,16980000,09:30:00
56590,100,5659000,09:30:00
56580,400,22632000,09:30:00
56570,600,33942000,09:30:00
56560,300,16968000,09:30:00
56550,100,5655000,09:29:58
56560,100,5656000,09:29:57
56570,100,5657000,09:29:55
56590,100,5659000,09:29:55
56600,200,11320000,09:29:51
56580,100,5658000,09:29:51
56580,100,5658000,09:29:50
56570,100,5657000,09:29:50
56570,100,5657000,09:29:50
56560,200,11312000,09:29:48
56560,100,5656000,09:29:44
56550,100,5655000,09:29:43
56540,100,5654000,09:29:39
56550,100,5655000,09:29:36
56550,100,5655000,09:29:35
56550,100,5655000,09:29:35
56520,100,5652000,09:29:33
56550,100,5655000,09:29:33
56540,100,5654000,09:29:33
56510,100,5651000,09:29:29
56510,100,5651000,09:29:29
56530,200,11306000,09:29:28
56520,100,5652000,09:29:28
56510,100,5651000,09:29:25
56510,100,5651000,09:29:24
56500,200,11300000,09:29:24
56500,200,11300000,09:29:24
56490,100,5649000,09:29:24
56470,500,28235000,09:29:21
56450,200,11290000,09:29:21
56440,100,5644000,09:29:19
56430,100,5643000,09:29:18
56420,100,5642000,09:29:16
56410,100,5641000,09:29:14
56420,100,5642000,09:29:14
56410,100,5641000,09:29:08
56420,100,5642000,09:29:02
56410,100,5641000,09:29:00
56410,100,5641000,09:29:00
56380,100,5638000,09:28:57
56390,200,11278000,09:28:57
56400,100,5640000,09:28:57
56410,200,11282000,09:28:56
56410,100,5641000,09:28:56
56440,100,5644000,09:28:54
56430,100,5643000,09:28:53
56420,100,5642000,09:28:53
56450,100,5645000,09:28:53
56440,100,5644000,09:28:51
56440,100,5644000,09:28:49
56450,200,11290000,09:28:48
56460,100,5646000,09:28:48
56460,100,5646000,09:28:48
56460,100,5646000,09:28:46
56460,100,5646000,09:28:46
56460,100,5646000,09:28:46
56450,100,5645000,09:28:44
56440,100,5644000,09:28:43
56410,100,5641000,09:28:38
56410,100,5641000,09:28:38
56410,100,5641000,09:28:38
56410,100,5641000,09:28:36
56440,100,5644000,09:28:35
56430,200,11286000,09:28:35
56420,100,5642000,09:28:28
56400,200,11280000,09:28:27
56400,100,5640000,09:28:27
56380,100,5638000,09:28:27
56380,100,5638000,09:28:26
56380,100,5638000,09:28:26
56370,100,5637000,09:28:24
56380,300,16914000,09:28:21
56400,100,5640000,09:28:21
56400,200,11280000,09:28:17
56360,100,5636000,09:28:15
56370,100,5637000,09:28:15
56400,300,16920000,09:28:08
56420,100,5642000,09:28:08
56430,100,5643000,09:28:07
56430,200,11286000,09:28:06
56380,300,16914000,09:28:05
56370,600,33822000,09:28:05
56330,100,5633000,09:28:01
56350,100,5635000,09:28:01
56340,200,11268000,09:27:58
56360,100,5636000,09:27:58
56350,100,5635000,09:27:55
56360,300,16908000,09:27:54
56350,100,5635000,09:27:52
56380,100,5638000,09:27:51
56370,300,16911000,09:27:49
56360,100,5636000,09:27:49
56350,100,5635000,09:27:48
56360,100,5636000,09:27:47
56360,100,5636000,09:27:45
56340,300,16902000,09:27:43
56340,100,5634000,09:27:42
56340,200,11268000,09:27:42
56360,100,5636000,09:27:42
56360,100,5636000,09:27:40
56360,100,5636000,09:27:38
56360,200,11272000,09:27:38
56340,100,5634000,09:27:37
56350,100,5635000,09:27:37
56340,100,5634000,09:27:36
56340,100,5634000,09:27:36
56350,400,22540000,09:27:36
56360,100,5636000,09:27:36
56360,100,5636000,09:27:36
56360,100,5636000,09:27:36
56380,100,5638000,09:27:31
56380,300,16914000,09:27:31
56390,500,28195000,09:27:31
56410,200,11282000,09:27:31
56410,100,5641000,09:27:29
56390,100,5639000,09:27:29
56380,100,5638000,09:27:28
56400,300,16920000,09:27:28
56400,100,5640000,09:27:28
56390,100,5639000,09:27:28
56380,100,5638000,09:27:28
56390,100,5639000,09:27:27
56380,200,11276000,09:27:27
56390,100,5639000,09:27:25
56400,1500,84600000,09:27:25
56400,300,16920000,09:27:25
56400,1100,62040000,09:27:25
56410,100,5641000,09:27:24
56420,400,22568000,09:27:24
56440,100,5644000,09:27:19
56420,100,5642000,09:27:18
56410,300,16923000,09:27:17
56410,100,5641000,09:27:17
56430,100,5643000,09:27:17
56430,100,5643000,09:27:17
56430,100,5643000,09:27:17
56430,100,5643000,09:27:16
56420,100,5642000,09:27:15
56420,100,5642000,09:27:14
56420,100,5642000,09:27:14
56430,100,5643000,09:27:13
56430,100,5643000,09:27:13
56460,100,5646000,09:27:13
56460,200,11292000,09:27:12
56470,400,22588000,09:27:12
56470,100,5647000,09:27:12
56480,200,11296000,09:27:12
56490,100,5649000,09:27:10
56490,100,5649000,09:27:10
56500,100,5650000,09:27:10
56500,100,5650000,09:27:10
56520,200,11304000,09:27:09
56510,100,5651000,09:27:08
56530,100,5653000,09:27:04
56540,100,5654000,09:27:01
56530,100,5653000,09:26:59
56530,100,5653000,09:26:58
56530,200,11306000,09:26:58
56510,100,5651000,09:26:55
56500,100,5650000,09:26:55
56510,100,5651000,09:26:52
56490,100,5649000,09:26:52
56490,100,5649000,09:26:51
56500,100,5650000,09:26:51
56500,100,5650000,09:26:51
56520,100,5652000,09:26:42
56530,100,5653000,09:26:36
56520,100,5652000,09:26:35
56530,100,5653000,09:26:33
56500,100,5650000,09:26:32
56520,100,5652000,09:26:32
56510,100,5651000,09:26:29
56530,100,5653000,09:26:27
56530,100,5653000,09:26:27
56520,100,5652000,09:26:25
56490,100,5649000,09:26:25
56500,200,11300000,09:26:25
56500,100,5650000,09:26:25
56490,100,5649000,09:26:21
56500,100,5650000,09:26:21
56500,100,5650000,09:26:21
56500,200,11300000,09:26:19
56500,100,5650000,09:26:19
56500,100,5650000,09:26:19
56510,200,11302000,09:26:18
56520,100,5652000,09:26:18
56520,100,5652000,09:26:16
56520,200,11304000,09:26:16
56520,100,5652000,09:26:16
56520,100,5652000,09:26:15
56540,100,5654000,09:26:15
56550,300,16965000,09:26:15
56550,100,5655000,09:26:15
56550,100,5655000,09:26:15
56560,100,5656000,09:26:13
56560,100,5656000,09:26:13
56570,100,5657000,09:26:13
56590,100,5659000,09:26:11
56600,200,11320000,09:26:11
56600,100,5660000,09:26:07
56630,100,5663000,09:26:06
56620,100,5662000,09:26:06
56600,100,5660000,09:26:05
56610,100,5661000,09:26:05
56630,100,5663000,09:25:59
56650,100,5665000,09:25:58
56640,200,11328000,09:25:58
56650,100,5665000,09:25:55
56670,100,5667000,09:25:53
56650,100,5665000,09:25:50
56650,100,5665000,09:25:48
56650,100,5665000,09:25:48
56660,100,5666000,09:25:48
56670,200,11334000,09:25:47
56670,100,5667000,09:25:47
56680,100,5668000,09:25:45
56670,100,5667000,09:25:44
56680,100,5668000,09:25:43
56670,100,5667000,09:25:43
56660,100,5666000,09:25:41
56660,100,5666000,09:25:41
56650,100,5665000,09:25:39
56630,100,5663000,09:25:37
56630,100,5663000,09:25:37
56630,100,5663000,09:25:37
56600,200,11320000,09:25:34
56600,100,5660000,09:25:34
56610,400,22644000,09:25:34
56620,100,5662000,09:25:31
56610,100,5661000,09:25:30
56610,100,5661000,09:25:30
56610,100,5661000,09:25:24
56620,100,5662000,09:25:24
56600,100,5660000,09:25:17
56600,100,5660000,09:25:17
56580,100,5658000,09:25:16
56570,100,5657000,09:25:12
56600,200,11320000,09:25:12
56630,400,22652000,09:25:10
56660,100,5666000,09:25:10
56630,100,5663000,09:25:09
56650,100,5665000,09:25:09
56650,100,5665000,09:25:09
56640,100,5664000,09:25:05
56650,100,5665000,09:25:05
56650,400,22660000,09:25:03
56650,100,5665000,09:25:03
56610,100,5661000,09:25:00
56620,100,5662000,09:24:56
56610,100,5661000,09:24:54
56620,100,5662000,09:24:53
56640,100,5664000,09:24:52
56640,100,5664000,09:24:49
56630,200,11326000,09:24:49
56630,100,5663000,09:24:49
56640,200,11328000,09:24:46
56650,100,5665000,09:24:44
56650,100,5665000,09:24:43
56640,100,5664000,09:24:42
56650,100,5665000,09:24:42
56660,100,5666000,09:24:41
56660,100,5666000,09:24:40
56670,100,5667000,09:24:39
56650,100,5665000,09:24:39
56650,100,5665000,09:24:34
56650,100,5665000,09:24:33
56630,100,5663000,09:24:32
56640,100,5664000,09:24:32
56620,100,5662000,09:24:30
56610,100,5661000,09:24:30
56630,100,5663000,09:24:29
56620,100,5662000,09:24:28
56640,100,5664000,09:24:28
56630,100,5663000,09:24:27
56630,100,5663000,09:24:26
56630,100,5663000,09:24:26
56640,100,5664000,09:24:26
56640,100,5664000,09:24:25
56640,100,5664000,09:24:25
56640,100,5664000,09:24:25
56620,100,5662000,09:24:24
56610,100,5661000,09:24:24
56610,100,5661000,09:24:24
56590,100,5659000,09:24:22
56590,300,16977000,09:24:22
56570,100,5657000,09:24:21
56580,100,5658000,09:24:21
56570,100,5657000,09:24:21
56560,100,5656000,09:24:21
56550,200,11310000,09:24:20
56540,200,11308000,09:24:20
56540,100,5654000,09:24:19
56540,100,5654000,09:24:19
56540,100,5654000,09:24:19
56530,100,5653000,09:24:18
56510,100,5651000,09:24:15
56530,100,5653000,09:24:14
56480,100,5648000,09:24:11
56510,100,5651000,09:24:09
56500,100,5650000,09:24:09
56490,100,5649000,09:24:09
56470,100,5647000,09:24:09
56480,100,5648000,09:24:09
56480,100,5648000,09:24:09
56490,100,5649000,09:24:09
56520,100,5652000,09:24:07
56510,100,5651000,09:24:07
56490,100,5649000,09:24:07
56490,100,5649000,09:24:07
56500,100,5650000,09:24:06
56500,100,5650000,09:24:06
56500,100,5650000,09:24:06
56520,100,5652000,09:24:05
56530,100,5653000,09:24:05
56540,100,5654000,09:24:03
56520,100,5652000,09:24:02
56530,200,11306000,09:24:01
56530,100,5653000,09:24:01
56520,100,5652000,09:24:00
56500,300,16950000,09:24:00
56500,100,5650000,09:24:00
56500,200,11300000,09:23:58
56500,100,5650000,09:23:58
56490,100,5649000,09:23:58
56480,100,5648000,09:23:55
56480,100,5648000,09:23:54
56490,100,5649000,09:23:53
56470,300,16941000,09:23:52
56470,200,11294000,09:23:52
56480,100,5648000,09:23:47
56490,200,11298000,09:23:47
56480,100,5648000,09:23:46
56460,100,5646000,09:23:46
56470,100,5647000,09:23:46
56470,100,5647000,09:23:40
56470,100,5647000,09:23:39
56470,100,5647000,09:23:39
56470,100,5647000,09:23:39
56450,100,5645000,09:23:39
56430,100,5643000,09:23:38
56430,100,5643000,09:23:36
56410,200,11282000,09:23:34
56410,200,11282000,09:23:34
56420,100,5642000,09:23:29
56420,100,5642000,09:23:29
56450,100,5645000,09:23:26
56450,100,5645000,09:23:22
56460,200,11292000,09:23:22
56460,100,5646000,09:23:18
56450,100,5645000,09:23:12
56450,100,5645000,09:23:11
56420,100,5642000,09:23:10
56440,100,5644000,09:23:10
56470,100,5647000,09:23:03
56470,100,5647000,09:23:02
56440,100,5644000,09:23:01
56440,100,5644000,09:23:01
56440,100,5644000,09:23:01
56440,100,5644000,09:23:00
56460,100,5646000,09:22:59
56460,100,5646000,09:22:59
56450,100,5645000,09:22:58
56410,100,5641000,09:22:55
56430,100,5643000,09:22:55
56440,100,5644000,09:22:54
56460,100,5646000,09:22:53
56460,100,5646000,09:22:53
56460,200,11292000,09:22:45
56440,100,5644000,09:22:45
56460,100,5646000,09:22:42
56450,300,16935000,09:22:42
56450,100,5645000,09:22:42
56440,100,5644000,09:22:42
56440,100,5644000,09:22:42
56440,100,5644000,09:22:42
56440,100,5644000,09:22:40
56440,100,5644000,09:22:39
56400,100,5640000,09:22:36
56410,100,5641000,09:22:36
56410,100,5641000,09:22:36
56410,100,5641000,09:22:36
56400,1500,84600000,09:22:36
56400,100,5640000,09:22:36
56400,400,22560000,09:22:36
56400,100,5640000,09:22:36
56400,100,5640000,09:22:35
56380,200,11276000,09:22:35
56370,500,28185000,09:22:35
56350,100,5635000,09:22:35
56360,100,5636000,09:22:35
56350,100,5635000,09:22:33
56350,100,5635000,09:22:33
56330,100,5633000,09:22:31
56350,100,5635000,09:22:30
56360,100,5636000,09:22:26
56350,100,5635000,09:22:25
56360,200,11272000,09:22:24
56360,100,5636000,09:22:22
56360,100,5636000,09:22:21
56360,100,5636000,09:22:21
56360,100,5636000,09:22:15
56360,100,5636000,09:22:15
56350,600,33810000,09:22:15
56330,100,5633000,09:22:14
56340,200,11268000,09:22:14
56340,100,5634000,09:22:14
56340,100,5634000,09:22:14
56320,100,5632000,09:22:12
56320,100,5632000,09:22:11
56340,100,5634000,09:22:09
56340,100,5634000,09:22:07
56350,100,5635000,09:22:05
56330,100,5633000,09:22:05
56340,100,5634000,09:22:02
56340,300,16902000,09:22:02
56330,200,11266000,09:22:02
56320,100,5632000,09:22:00
56310,100,5631000,09:21:57
56320,100,5632000,09:21:57
56330,200,11266000,09:21:57
56340,100,5634000,09:21:55
56340,100,5634000,09:21:55
56350,100,5635000,09:21:53
56350,100,5635000,09:21:51
56360,100,5636000,09:21:50
56350,100,5635000,09:21:49
56340,200,11268000,09:21:48
56350,100,5635000,09:21:47
56370,100,5637000,09:21:45
56370,100,5637000,09:21:45
56390,100,5639000,09:21:44
56390,100,5639000,09:21:42
56390,100,5639000,09:21:41
56390,100,5639000,09:21:40
56400,100,5640000,09:21:37
56390,100,5639000,09:21:37
56390,100,5639000,09:21:34
56400,100,5640000,09:21:33
56390,100,5639000,09:21:32
56390,100,5639000,09:21:31
56390,100,5639000,09:21:28
56390,100,5639000,09:21:27
56400,100,5640000,09:21:24
56400,100,5640000,09:21:21
56400,100,5640000,09:21:20
56390,100,5639000,09:21:20
56380,100,5638000,09:21:19
56380,100,5638000,09:21:19
56370,100,5637000,09:21:18
56350,100,5635000,09:21:17
56370,100,5637000,09:21:15
56360,100,5636000,09:21:15
56350,100,5635000,09:21:15
56350,100,5635000,09:21:13
56360,100,5636000,09:21:13
56350,100,5635000,09:21:12
56360,100,5636000,09:21:12
56370,100,5637000,09:21:12
56360,100,5636000,09:21:11
56370,100,5637000,09:21:11
56380,300,16914000,09:21:11
56390,100,5639000,09:21:11
56390,600,33834000,09:21:11
56400,1500,84600000,09:21:11
56400,100,5640000,09:21:10
56400,100,5640000,09:21:10
56410,200,11282000,09:21:10
56420,100,5642000,09:21:10
56420,200,11284000,09:21:09
56450,100,5645000,09:21:08
56430,100,5643000,09:21:05
56430,100,5643000,09:21:04
56440,100,5644000,09:21:04
56440,100,5644000,09:21:04
56450,100,5645000,09:21:02
56460,200,11292000,09:21:01
56480,100,5648000,09:20:59
56490,100,5649000,09:20:59
56480,100,5648000,09:20:59
56480,100,5648000,09:20:59
56470,500,28235000,09:20:59
56470,100,5647000,09:20:59
56440,200,11288000,09:20:58
56450,100,5645000,09:20:57
56470,100,5647000,09:20:55
56460,200,11292000,09:20:55
56470,100,5647000,09:20:54
56470,100,5647000,09:20:53
56470,100,5647000,09:20:53
56460,300,16938000,09:20:53
56460,100,5646000,09:20:53
56450,200,11290000,09:20:53
56450,100,5645000,09:20:53
56450,100,5645000,09:20:53
56440,300,16932000,09:20:53
56440,300,16932000,09:20:53
56440,800,45152000,09:20:53
56420,100,5642000,09:20:53
56420,100,5642000,09:20:52
56420,100,5642000,09:20:52
56440,100,5644000,09:20:48
56440,100,5644000,09:20:48
56440,100,5644000,09:20:48
56450,100,5645000,09:20:42
56450,100,5645000,09:20:41
56440,200,11288000,09:20:40
56440,100,5644000,09:20:39
56450,200,11290000,09:20:39
56450,200,11290000,09:20:39
56460,100,5646000,09:20:38
56470,100,5647000,09:20:38
56500,100,5650000,09:20:35
56500,400,22600000,09:20:33
56500,200,11300000,09:20:33
56550,100,5655000,09:20:24
56540,100,5654000,09:20:23
56560,200,11312000,09:20:20
56560,100,5656000,09:20:20
56550,100,5655000,09:20:18
56560,100,5656000,09:20:16
56560,200,11312000,09:20:15
56550,100,5655000,09:20:13
56570,100,5657000,09:20:12
56570,100,5657000,09:20:12
56580,100,5658000,09:20:08
56570,100,5657000,09:20:03
56540,100,5654000,09:20:02
56540,100,5654000,09:20:01
56540,100,5654000,09:20:01
56550,100,5655000,09:20:00
56580,300,16974000,09:20:00
56620,100,5662000,09:19:56
56620,100,5662000,09:19:54
56590,100,5659000,09:19:54
56590,100,5659000,09:19:54
56600,100,5660000,09:19:53
56610,100,5661000,09:19:51
56610,100,5661000,09:19:48
56610,100,5661000,09:19:44
56600,100,5660000,09:19:43
56610,100,5661000,09:19:39
56580,200,11316000,09:19:38
56590,100,5659000,09:19:38
56610,100,5661000,09:19:37
56610,100,5661000,09:19:37
56580,100,5658000,09:19:32
56570,100,5657000,09:19:30
56600,100,5660000,09:19:25
56600,100,5660000,09:19:24
56610,100,5661000,09:19:24
56620,100,5662000,09:19:23
56620,100,5662000,09:19:23
56640,100,5664000,09:19:22
56620,100,5662000,09:19:22
56620,100,5662000,09:19:19
56630,100,5663000,09:19:16
56670,100,5667000,09:19:14
56650,100,5665000,09:19:14
56630,100,5663000,09:19:12
56640,100,5664000,09:19:09
56650,100,5665000,09:19:09
56660,200,11332000,09:19:09
56680,100,5668000,09:19:08
56670,100,5667000,09:19:08
56650,100,5665000,09:19:06
56660,100,5666000,09:19:03
56650,200,11330000,09:19:03
56640,100,5664000,09:19:03
56670,100,5667000,09:19:02
56640,100,5664000,09:19:01
56650,100,5665000,09:19:01
56660,100,5666000,09:19:01
56650,600,33990000,09:18:59
56640,200,11328000,09:18:59
56630,200,11326000,09:18:59
56620,100,5662000,09:18:55
56610,100,5661000,09:18:55
56590,100,5659000,09:18:54
56600,100,5660000,09:18:52
56610,100,5661000,09:18:50
56610,100,5661000,09:18:50
56600,100,5660000,09:18:49
56590,200,11318000,09:18:49
56590,100,5659000,09:18:49
56560,100,5656000,09:18:47
56560,100,5656000,09:18:47
56570,100,5657000,09:18:46
56550,100,5655000,09:18:45
56550,400,22620000,09:18:45
56530,100,5653000,09:18:41
56560,100,5656000,09:18:41
56550,100,5655000,09:18:40
56540,100,5654000,09:18:38
56540,300,16962000,09:18:38
56560,300,16968000,09:18:38
56560,100,5656000,09:18:38
56550,200,11310000,09:18:37
56550,500,28275000,09:18:37
56530,200,11306000,09:18:37
56520,200,11304000,09:18:36
56500,100,5650000,09:18:35
56510,100,5651000,09:18:33
56500,100,5650000,09:18:33
56480,100,5648000,09:18:32
56480,100,5648000,09:18:30
56470,100,5647000,09:18:28
56500,100,5650000,09:18:28
56480,100,5648000,09:18:28
56480,100,5648000,09:18:27
56480,100,5648000,09:18:27
56490,100,5649000,09:18:26
56490,100,5649000,09:18:25
56500,100,5650000,09:18:25
56520,100,5652000,09:18:22
56500,100,5650000,09:18:22
56500,100,5650000,09:18:20
56500,100,5650000,09:18:19
56500,100,5650000,09:18:19
56500,100,5650000,09:18:19
56520,100,5652000,09:18:18
56530,100,5653000,09:18:18
56530,200,11306000,09:18:18
56550,100,5655000,09:18:15
56560,100,5656000,09:18:11
56550,100,5655000,09:18:11
56540,100,5654000,09:18:11
56550,100,5655000,09:18:08
56530,100,5653000,09:18:07
56530,100,5653000,09:18:04
56530,100,5653000,09:18:04
56510,100,5651000,09:18:02
56510,300,16953000,09:18:01
56490,100,5649000,09:18:01
56500,300,16950000,09:18:00
56500,100,5650000,09:18:00
56500,100,5650000,09:18:00
56510,100,5651000,09:18:00
56520,100,5652000,09:18:00
56520,100,5652000,09:17:56
56530,200,11306000,09:17:55
56540,100,5654000,09:17:55
56560,100,5656000,09:17:55
56540,100,5654000,09:17:54
56580,100,5658000,09:17:52
56550,100,5655000,09:17:51
56550,200,11310000,09:17:50
56550,100,5655000,09:17:50
56550,100,5655000,09:17:50
56560,100,5656000,09:17:50
56580,100,5658000,09:17:49
56610,100,5661000,09:17:49
56600,100,5660000,09:17:49
56610,100,5661000,09:17:47
56630,100,5663000,09:17:44
56630,100,5663000,09:17:44
56620,100,5662000,09:17:43
56630,100,5663000,09:17:42
56580,100,5658000,09:17:38
56600,100,5660000,09:17:38
56600,100,5660000,09:17:37
56610,100,5661000,09:17:37
56600,100,5660000,09:17:36
56580,300,16974000,09:17:35
56570,100,5657000,09:17:34
56550,100,5655000,09:17:28
56570,100,5657000,09:17:26
56570,100,5657000,09:17:26
56560,100,5656000,09:17:26
56560,100,5656000,09:17:26
56560,100,5656000,09:17:25
56550,100,5655000,09:17:25
56550,100,5655000,09:17:21
56550,100,5655000,09:17:19
56520,100,5652000,09:17:18
56510,100,5651000,09:17:17
56490,100,5649000,09:17:15
56470,100,5647000,09:17:12
56490,100,5649000,09:17:11
56490,100,5649000,09:17:11
56490,100,5649000,09:17:11
56520,100,5652000,09:17:09
56530,100,5653000,09:17:08
56530,100,5653000,09:17:06
56540,100,5654000,09:17:06
56550,200,11310000,09:17:06
56540,100,5654000,09:17:05
56520,100,5652000,09:17:05
56520,100,5652000,09:17:05
56520,100,5652000,09:17:05
56500,200,11300000,09:17:04
56490,100,5649000,09:17:04
56480,100,5648000,09:17:04
56480,200,11296000,09:17:03
56480,100,5648000,09:17:03
56460,100,5646000,09:17:02
56460,100,5646000,09:17:01
56430,100,5643000,09:17:00
56430,100,5643000,09:16:58
56430,100,5643000,09:16:58
56450,200,11290000,09:16:57
56460,100,5646000,09:16:56
56450,100,5645000,09:16:54
56450,100,5645000,09:16:54
56460,100,5646000,09:16:54
56460,100,5646000,09:16:54
56430,100,5643000,09:16:53
56460,400,22584000,09:16:53
56450,200,11290000,09:16:53
56440,100,5644000,09:16:52
56450,100,5645000,09:16:52
56450,100,5645000,09:16:52
56440,600,33864000,09:16:52
56440,100,5644000,09:16:52
56440,100,5644000,09:16:52
56430,400,22572000,09:16:52
56400,100,5640000,09:16:51
56410,100,5641000,09:16:50
56420,200,11284000,09:16:50
56430,100,5643000,09:16:50
56430,300,16929000,09:16:48
56450,300,16935000,09:16:48
56450,100,5645000,09:16:48
56460,100,5646000,09:16:45
56480,100,5648000,09:16:44
56470,100,5647000,09:16:42
56470,100,5647000,09:16:42
56470,100,5647000,09:16:42
56470,100,5647000,09:16:42
56480,100,5648000,09:16:42
56480,100,5648000,09:16:42
56480,100,5648000,09:16:42
56500,400,22600000,09:16:42
56500,100,5650000,09:16:42
56500,500,28250000,09:16:42
56500,100,5650000,09:16:42
56500,100,5650000,09:16:41
56500,100,5650000,09:16:41
56520,200,11304000,09:16:41
56520,200,11304000,09:16:41
56550,100,5655000,09:16:40
56540,100,5654000,09:16:39
56550,200,11310000,09:16:39
56560,100,5656000,09:16:38
56560,100,5656000,09:16:38
56560,100,5656000,09:16:38
56570,100,5657000,09:16:38
56570,200,11314000,09:16:38
56580,100,5658000,09:16:38
56580,100,5658000,09:16:37
56580,100,5658000,09:16:37
56580,100,5658000,09:16:35
56590,200,11318000,09:16:35
56590,400,22636000,09:16:33
56590,100,5659000,09:16:33
56600,200,11320000,09:16:31
56600,100,5660000,09:16:31
56600,200,11320000,09:16:31
56610,400,22644000,09:16:31
56620,200,11324000,09:16:29
56630,100,5663000,09:16:28
56650,100,5665000,09:16:25
56670,100,5667000,09:16:24
56660,100,5666000,09:16:24
56660,100,5666000,09:16:24
56650,100,5665000,09:16:24
56670,100,5667000,09:16:23
56660,100,5666000,09:16:23
56650,100,5665000,09:16:22
56650,100,5665000,09:16:22
56660,300,16998000,09:16:20
56650,200,11330000,09:16:20
56630,100,5663000,09:16:20
56630,100,5663000,09:16:20
56650,100,5665000,09:16:19
56660,100,5666000,09:16:17
56670,100,5667000,09:16:15
56660,100,5666000,09:16:13
56660,100,5666000,09:16:13
56670,100,5667000,09:16:11
56670,100,5667000,09:16:11
56690,200,11338000,09:16:11
56690,500,28345000,09:16:11
56690,100,5669000,09:16:11
56690,100,5669000,09:16:11
56700,200,11340000,09:16:09
56700,100,5670000,09:16:09
56710,100,5671000,09:16:09
56710,100,5671000,09:16:09
56710,100,5671000,09:16:08
56720,100,5672000,09:16:08
56740,100,5674000,09:16:06
56760,100,5676000,09:16:03
56770,100,5677000,09:16:03
56770,200,11354000,09:16:03
56780,100,5678000,09:16:02
56790,100,5679000,09:16:01
56800,200,11360000,09:16:01
56820,400,22728000,09:15:59
56830,100,5683000,09:15:59
56820,100,5682000,09:15:59
56830,700,39781000,09:15:59
56830,200,11366000,09:15:59
56840,100,5684000,09:15:58
56840,200,11368000,09:15:58
56850,200,11370000,09:15:57
56850,200,11370000,09:15:57
56850,400,22740000,09:15:52
56860,100,5686000,09:15:52
56840,100,5684000,09:15:51
56870,100,5687000,09:15:50
56850,100,5685000,09:15:50
56860,100,5686000,09:15:49
56850,100,5685000,09:15:49
56860,100,5686000,09:15:48
56860,400,22744000,09:15:46
56860,100,5686000,09:15:46
56870,100,5687000,09:15:44
56870,100,5687000,09:15:41
56860,300,17058000,09:15:39
56870,100,5687000,09:15:39
56880,100,5688000,09:15:39
56860,100,5686000,09:15:36
56840,100,5684000,09:15:35
56840,100,5684000,09:15:35
56850,100,5685000,09:15:35
56870,100,5687000,09:15:34
56890,100,5689000,09:15:33
56880,100,5688000,09:15:33
56860,100,5686000,09:15:32
56880,100,5688000,09:15:28
56900,100,5690000,09:15:28
56870,100,5687000,09:15:27
56870,100,5687000,09:15:26
56890,100,5689000,09:15:24
56860,100,5686000,09:15:24
56850,100,5685000,09:15:23
56830,100,5683000,09:15:22
56840,100,5684000,09:15:22
56850,100,5685000,09:15:21
56840,300,17052000,09:15:21
56840,100,5684000,09:15:21
56850,100,5685000,09:15:20
56840,100,5684000,09:15:18
56850,200,11370000,09:15:18
56860,100,5686000,09:15:18
56860,100,5686000,09:15:18
56860,100,5686000,09:15:18
56880,100,5688000,09:15:17
56890,100,5689000,09:15:17
56900,200,11380000,09:15:15
56890,100,5689000,09:15:15
56870,100,5687000,09:15:14
56870,100,5687000,09:15:14
56870,100,5687000,09:15:12
56850,100,5685000,09:15:12
56850,100,5685000,09:15:12
56850,100,5685000,09:15:12
56830,200,11366000,09:15:12
56850,100,5685000,09:15:10
56850,100,5685000,09:15:10
56850,100,5685000,09:15:10
56850,100,5685000,09:15:10
56870,100,5687000,09:15:09
56880,100,5688000,09:15:08
56870,100,5687000,09:15:07
56880,200,11376000,09:15:07
56900,100,5690000,09:15:07
56900,100,5690000,09:15:07
56900,200,11380000,09:15:07
56890,100,5689000,09:15:07
56880,300,17064000,09:15:07
56880,100,5688000,09:15:07
56870,100,5687000,09:15:06
56870,100,5687000,09:15:06
56870,100,5687000,09:15:06
56850,100,5685000,09:15:05
56850,100,5685000,09:15:05
56850,100,5685000,09:15:05
56840,100,5684000,09:15:03
56820,100,5682000,09:15:01
56810,100,5681000,09:15:01
56820,100,5682000,09:14:54
56840,100,5684000,09:14:53
56830,100,5683000,09:14:53
56820,100,5682000,09:14:52
56800,1000,56800000,09:14:52
56790,400,22716000,09:14:52
56780,200,11356000,09:14:50
56770,200,11354000,09:14:49
56760,100,5676000,09:14:47
56760,100,5676000,09:14:45
56750,100,5675000,09:14:45
56750,100,5675000,09:14:45
56740,100,5674000,09:14:44
56750,100,5675000,09:14:44
56730,100,5673000,09:14:44
56740,200,11348000,09:14:42
56730,200,11346000,09:14:42
56720,200,11344000,09:14:42
56720,100,5672000,09:14:40
56740,100,5674000,09:14:40
56730,100,5673000,09:14:40
56700,100,5670000,09:14:40
56690,100,5669000,09:14:40
56680,200,11336000,09:14:38
56680,200,11336000,09:14:38
56690,100,5669000,09:14:35
56700,600,34020000,09:14:35
56700,100,5670000,09:14:35
56710,100,5671000,09:14:35
56710,200,11342000,09:14:33
56720,100,5672000,09:14:32
56710,100,5671000,09:14:32
56720,100,5672000,09:14:29
56720,100,5672000,09:14:29
56730,100,5673000,09:14:28
56740,100,5674000,09:14:27
56720,100,5672000,09:14:24
56730,100,5673000,09:14:24
56730,200,11346000,09:14:22
56730,100,5673000,09:14:22
56730,100,5673000,09:14:22
56740,400,22696000,09:14:22
56750,300,17025000,09:14:22
56750,200,11350000,09:14:22
56760,200,11352000,09:14:22
56770,200,11354000,09:14:22
56780,100,5678000,09:14:19
56780,200,11356000,09:14:19
56780,100,5678000,09:14:19
56780,100,5678000,09:14:19
56770,100,5677000,09:14:14
56780,100,5678000,09:14:13
56760,100,5676000,09:14:12
56760,100,5676000,09:14:06
56780,100,5678000,09:14:04
56770,100,5677000,09:13:59
56750,100,5675000,09:13:56
56760,100,5676000,09:13:54
56770,100,5677000,09:13:50
56760,100,5676000,09:13:47
56750,100,5675000,09:13:45
56750,100,5675000,09:13:43
56780,100,5678000,09:13:41
56770,100,5677000,09:13:40
56770,300,17031000,09:13:40
56760,200,11352000,09:13:39
56750,100,5675000,09:13:39
56740,300,17022000,09:13:39
56740,100,5674000,09:13:39
56730,100,5673000,09:13:39
56720,100,5672000,09:13:32
56700,100,5670000,09:13:30
56700,100,5670000,09:13:29
56730,100,5673000,09:13:26
56720,300,17016000,09:13:23
56730,100,5673000,09:13:22
56730,400,22692000,09:13:17
56730,100,5673000,09:13:17
56700,200,11340000,09:13:17
56740,200,11348000,09:13:14
56730,100,5673000,09:13:14
56730,100,5673000,09:13:14
56730,100,5673000,09:13:10
56720,300,17016000,09:13:10
56710,100,5671000,09:13:10
56710,100,5671000,09:13:09
56710,100,5671000,09:13:09
56710,200,11342000,09:13:09
56690,100,5669000,09:13:06
56690,200,11338000,09:13:04
56700,800,45360000,09:13:04
56710,300,17013000,09:13:03
56730,100,5673000,09:13:03
56740,100,5674000,09:13:02
56710,200,11342000,09:12:54
56730,100,5673000,09:12:54
56740,100,5674000,09:12:53
56740,200,11348000,09:12:53
56750,100,5675000,09:12:53
56750,300,17025000,09:12:53
56760,100,5676000,09:12:52
56780,100,5678000,09:12:52
56770,100,5677000,09:12:52
56770,100,5677000,09:12:52
56770,100,5677000,09:12:50
56760,100,5676000,09:12:49
56770,100,5677000,09:12:48
56760,100,5676000,09:12:45
56760,100,5676000,09:12:45
56760,100,5676000,09:12:41
56760,100,5676000,09:12:41
56760,100,5676000,09:12:40
56750,100,5675000,09:12:37
56760,100,5676000,09:12:35
56770,100,5677000,09:12:34
56760,100,5676000,09:12:33
56750,100,5675000,09:12:33
56740,100,5674000,09:12:32
56760,100,5676000,09:12:30
56740,100,5674000,09:12:29
56760,100,5676000,09:12:28
56760,100,5676000,09:12:27
56760,100,5676000,09:12:24
56760,100,5676000,09:12:24
56760,100,5676000,09:12:24
56750,100,5675000,09:12:24
56740,100,5674000,09:12:23
56750,200,11350000,09:12:21
56750,100,5675000,09:12:21
56750,200,11350000,09:12:21
56750,100,5675000,09:12:21
56740,100,5674000,09:12:19
56730,100,5673000,09:12:19
56710,700,39697000,09:12:17
56720,200,11344000,09:12:17
56730,100,5673000,09:12:17
56710,100,5671000,09:12:16
56700,100,5670000,09:12:16
56710,100,5671000,09:12:16
56710,100,5671000,09:12:15
56730,200,11346000,09:12:12
56720,100,5672000,09:12:12
56730,100,5673000,09:12:12
56730,100,5673000,09:12:12
56720,400,22688000,09:12:12
56690,100,5669000,09:12:10
56690,100,5669000,09:12:04
56720,100,5672000,09:12:04
56710,100,5671000,09:12:03
56690,200,11338000,09:12:01
56700,300,17010000,09:12:01
56710,100,5671000,09:12:01
56720,200,11344000,09:11:58
56740,100,5674000,09:11:58
56740,100,5674000,09:11:58
56740,100,5674000,09:11:58
56740,100,5674000,09:11:56
56750,100,5675000,09:11:56
56740,100,5674000,09:11:56
56720,100,5672000,09:11:54
56730,100,5673000,09:11:53
56750,100,5675000,09:11:50
56750,100,5675000,09:11:50
56740,100,5674000,09:11:47
56710,100,5671000,09:11:44
56710,100,5671000,09:11:44
56710,100,5671000,09:11:44
56720,100,5672000,09:11:44
56750,100,5675000,09:11:40
56750,100,5675000,09:11:40
56720,100,5672000,09:11:38
56730,100,5673000,09:11:37
56740,100,5674000,09:11:37
56760,100,5676000,09:11:35
56760,100,5676000,09:11:33
56760,100,5676000,09:11:32
56760,100,5676000,09:11:32
56760,200,11352000,09:11:32
56740,100,5674000,09:11:30
56750,100,5675000,09:11:29
56730,100,5673000,09:11:28
56740,100,5674000,09:11:28
56750,100,5675000,09:11:26
56760,100,5676000,09:11:26
56760,100,5676000,09:11:26
56780,100,5678000,09:11:25
56760,100,5676000,09:11:24
56750,100,5675000,09:11:22
56750,100,5675000,09:11:22
56750,100,5675000,09:11:22
56740,500,28370000,09:11:22
56730,400,22692000,09:11:22
56720,100,5672000,09:11:21
56730,100,5673000,09:11:20
56720,200,11344000,09:11:20
56720,100,5672000,09:11:20
56700,200,11340000,09:11:18
56710,100,5671000,09:11:18
56710,100,5671000,09:11:18
56720,100,5672000,09:11:18
56730,100,5673000,09:11:15
56710,100,5671000,09:11:11
56720,100,5672000,09:11:09
56710,100,5671000,09:11:05
56710,200,11342000,09:11:04
56720,200,11344000,09:11:04
56730,100,5673000,09:11:03
56730,100,5673000,09:11:03
56710,100,5671000,09:11:00
56710,100,5671000,09:11:00
56700,100,5670000,09:11:00
56700,100,5670000,09:10:59
56680,100,5668000,09:10:59
56680,100,5668000,09:10:59
56670,100,5667000,09:10:58
56670,100,5667000,09:10:57
56650,200,11330000,09:10:55
56660,200,11332000,09:10:54
56670,300,17001000,09:10:54
56690,100,5669000,09:10:54
56700,200,11340000,09:10:53
56700,200,11340000,09:10:53
56690,100,5669000,09:10:52
56690,100,5669000,09:10:52
56690,100,5669000,09:10:48
56690,100,5669000,09:10:48
56690,200,11338000,09:10:47
56680,100,5668000,09:10:47
56680,100,5668000,09:10:46
56670,100,5667000,09:10:44
56690,100,5669000,09:10:42
56690,100,5669000,09:10:37
56680,100,5668000,09:10:37
56690,100,5669000,09:10:36
56710,100,5671000,09:10:36
56700,100,5670000,09:10:36
56710,100,5671000,09:10:36
56710,200,11342000,09:10:34
56720,100,5672000,09:10:32
56700,500,28350000,09:10:32
56690,200,11338000,09:10:32
56690,100,5669000,09:10:32
56690,100,5669000,09:10:32
56680,200,11336000,09:10:32
56670,200,11334000,09:10:32
56660,100,5666000,09:10:31
56660,300,16998000,09:10:27
56670,100,5667000,09:10:27
56670,100,5667000,09:10:26
56670,100,5667000,09:10:26
56660,100,5666000,09:10:26
56650,100,5665000,09:10:26
56640,100,5664000,09:10:25
56630,100,5663000,09:10:25
56660,200,11332000,09:10:21
56650,100,5665000,09:10:21
56640,100,5664000,09:10:21
56640,100,5664000,09:10:16
56640,100,5664000,09:10:13
56610,100,5661000,09:10:13
56620,300,16986000,09:10:13
56630,100,5663000,09:10:12
56630,300,16989000,09:10:12
56640,100,5664000,09:10:12
56650,100,5665000,09:10:09
56620,300,16986000,09:10:06
56630,100,5663000,09:10:06
56650,100,5665000,09:10:06
56620,100,5662000,09:10:04
56610,200,11322000,09:10:04
56610,100,5661000,09:10:03
56600,100,5660000,09:10:03
56560,100,5656000,09:10:00
56570,100,5657000,09:09:59
56540,100,5654000,09:09:59
56540,100,5654000,09:09:58
56540,100,5654000,09:09:58
56560,100,5656000,09:09:58
56580,100,5658000,09:09:55
56600,100,5660000,09:09:55
56580,400,22632000,09:09:55
56600,100,5660000,09:09:55
56610,400,22644000,09:09:55
56620,200,11324000,09:09:55
56660,100,5666000,09:09:52
56660,100,5666000,09:09:46
56650,100,5665000,09:09:46
56640,100,5664000,09:09:46
56630,100,5663000,09:09:46
56620,200,11324000,09:09:46
56610,100,5661000,09:09:44
56590,200,11318000,09:09:43
56600,600,33960000,09:09:43
56620,100,5662000,09:09:41
56630,100,5663000,09:09:41
56630,100,5663000,09:09:41
56630,400,22652000,09:09:41
56650,100,5665000,09:09:41
56650,100,5665000,09:09:41
56670,100,5667000,09:09:41
56670,100,5667000,09:09:40
56660,100,5666000,09:09:40
56680,100,5668000,09:09:40
56700,100,5670000,09:09:39
56690,100,5669000,09:09:39
56670,400,22668000,09:09:37
56690,100,5669000,09:09:37
56700,100,5670000,09:09:37
56700,400,22680000,09:09:37
56710,100,5671000,09:09:37
56720,100,5672000,09:09:37
56730,600,34038000,09:09:37
56740,200,11348000,09:09:37
56770,100,5677000,09:09:37
56760,100,5676000,09:09:37
56760,100,5676000,09:09:37
56780,100,5678000,09:09:35
56750,100,5675000,09:09:34
56780,100,5678000,09:09:33
56770,100,5677000,09:09:31
56760,100,5676000,09:09:31
56790,100,5679000,09:09:29
56790,100,5679000,09:09:29
56790,100,5679000,09:09:29
56790,100,5679000,09:09:29
56780,300,17034000,09:09:29
56780,200,11356000,09:09:29
56760,100,5676000,09:09:29
56780,100,5678000,09:09:29
56770,100,5677000,09:09:28
56750,100,5675000,09:09:21
56750,100,5675000,09:09:21
56730,100,5673000,09:09:19
56730,100,5673000,09:09:18
56730,100,5673000,09:09:18
56720,100,5672000,09:09:18
56730,100,5673000,09:09:16
56730,100,5673000,09:09:12
56720,100,5672000,09:09:12
56720,100,5672000,09:09:11
56710,100,5671000,09:09:11
56720,100,5672000,09:09:10
56730,100,5673000,09:09:09
56740,100,5674000,09:09:09
56760,100,5676000,09:09:08
56740,100,5674000,09:09:08
56750,100,5675000,09:09:06
56770,100,5677000,09:09:03
56760,100,5676000,09:09:03
56750,300,17025000,09:09:00
56750,100,5675000,09:09:00
56750,200,11350000,09:09:00
56740,100,5674000,09:09:00
56720,100,5672000,09:08:56
56730,100,5673000,09:08:54
56720,100,5672000,09:08:53
56720,100,5672000,09:08:53
56730,100,5673000,09:08:53
56750,100,5675000,09:08:51
56750,100,5675000,09:08:51
56710,100,5671000,09:08:49
56720,100,5672000,09:08:48
56710,100,5671000,09:08:48
56710,100,5671000,09:08:48
56700,100,5670000,09:08:48
56690,100,5669000,09:08:47
56660,300,16998000,09:08:47
56680,100,5668000,09:08:44
56660,600,33996000,09:08:44
56670,100,5667000,09:08:42
56670,100,5667000,09:08:40
56670,100,5667000,09:08:40
56680,300,17004000,09:08:38
56690,100,5669000,09:08:37
56700,400,22680000,09:08:37
56700,100,5670000,09:08:37
56720,100,5672000,09:08:37
56710,100,5671000,09:08:37
56740,100,5674000,09:08:35
56740,100,5674000,09:08:35
56740,100,5674000,09:08:34
56730,100,5673000,09:08:34
56700,100,5670000,09:08:32
56710,100,5671000,09:08:32
56700,100,5670000,09:08:31
56710,200,11342000,09:08:31
56710,100,5671000,09:08:29
56710,100,5671000,09:08:29
56710,100,5671000,09:08:28
56700,300,17010000,09:08:27
56730,100,5673000,09:08:26
56710,100,5671000,09:08:26
56740,100,5674000,09:08:26
56730,100,5673000,09:08:26
56740,100,5674000,09:08:26
56750,300,17025000,09:08:24
56750,100,5675000,09:08:24
56740,100,5674000,09:08:22
56730,100,5673000,09:08:21
56720,100,5672000,09:08:19
56720,100,5672000,09:08:18
56720,100,5672000,09:08:17
56720,100,5672000,09:08:17
56710,100,5671000,09:08:17
56700,400,22680000,09:08:16
56680,100,5668000,09:08:16
56690,100,5669000,09:08:15
56670,100,5667000,09:08:13
56690,100,5669000,09:08:11
56680,100,5668000,09:08:09
56650,100,5665000,09:08:09
56610,100,5661000,09:08:06
56620,100,5662000,09:08:06
56640,200,11328000,09:08:04
56650,100,5665000,09:08:04
56650,100,5665000,09:08:04
56670,100,5667000,09:08:03
56660,100,5666000,09:08:01
56670,100,5667000,09:08:01
56690,100,5669000,09:08:01
56680,300,17004000,09:07:58
56660,300,16998000,09:07:57
56640,100,5664000,09:07:53
56620,100,5662000,09:07:53
56640,100,5664000,09:07:48
56600,100,5660000,09:07:47
56630,100,5663000,09:07:46
56620,100,5662000,09:07:45
56620,100,5662000,09:07:43
56600,300,16980000,09:07:43
56620,100,5662000,09:07:42
56620,100,5662000,09:07:42
56580,100,5658000,09:07:41
56580,200,11316000,09:07:41
56540,200,11308000,09:07:40
56550,100,5655000,09:07:40
56570,100,5657000,09:07:39
56560,100,5656000,09:07:39
56570,100,5657000,09:07:39
56580,300,16974000,09:07:39
56590,300,16977000,09:07:39
56600,100,5660000,09:07:38
56620,100,5662000,09:07:38
56630,100,5663000,09:07:36
56610,100,5661000,09:07:36
56620,100,5662000,09:07:36
56630,300,16989000,09:07:36
56640,100,5664000,09:07:36
56650,800,45320000,09:07:36
56660,700,39662000,09:07:36
56670,200,11334000,09:07:36
56680,100,5668000,09:07:36
56680,100,5668000,09:07:36
56670,100,5667000,09:07:35
56670,100,5667000,09:07:35
56650,100,5665000,09:07:33
56670,100,5667000,09:07:33
56680,100,5668000,09:07:33
56690,100,5669000,09:07:33
56670,100,5667000,09:07:32
56670,100,5667000,09:07:32
56660,100,5666000,09:07:32
56640,100,5664000,09:07:30
56650,100,5665000,09:07:30
56670,100,5667000,09:07:29
56690,100,5669000,09:07:29
56660,100,5666000,09:07:25
56680,100,5668000,09:07:24
56670,100,5667000,09:07:23
56670,200,11334000,09:07:23
56650,100,5665000,09:07:22
56660,200,11332000,09:07:22
56650,100,5665000,09:07:22
56650,100,5665000,09:07:22
56640,200,11328000,09:07:21
56630,100,5663000,09:07:20
56620,100,5662000,09:07:20
56630,100,5663000,09:07:19
56630,100,5663000,09:07:17
56630,100,5663000,09:07:17
56620,100,5662000,09:07:16
56610,100,5661000,09:07:12
56610,100,5661000,09:07:12
56620,100,5662000,09:07:12
56620,100,5662000,09:07:12
56600,100,5660000,09:07:11
56610,100,5661000,09:07:10
56640,100,5664000,09:07:08
56630,100,5663000,09:07:07
56660,100,5666000,09:07:06
56660,100,5666000,09:07:03
56630,100,5663000,09:07:03
56680,100,5668000,09:07:02
56670,100,5667000,09:07:02
56670,100,5667000,09:07:02
56640,100,5664000,09:07:02
56640,200,11328000,09:07:01
56660,100,5666000,09:07:01
56650,300,16995000,09:07:01
56640,100,5664000,09:07:01
56650,100,5665000,09:07:00
56640,100,5664000,09:07:00
56630,200,11326000,09:07:00
56620,100,5662000,09:07:00
56610,200,11322000,09:07:00
56600,100,5660000,09:07:00
56590,100,5659000,09:07:00
56570,100,5657000,09:06:59
56620,100,5662000,09:06:57
56580,100,5658000,09:06:56
56590,100,5659000,09:06:56
56600,200,11320000,09:06:56
56630,100,5663000,09:06:55
56630,100,5663000,09:06:54
56630,100,5663000,09:06:54
56640,100,5664000,09:06:53
56650,100,5665000,09:06:53
56670,100,5667000,09:06:52
56670,100,5667000,09:06:52
56670,100,5667000,09:06:52
56690,100,5669000,09:06:52
56680,100,5668000,09:06:52
56670,100,5667000,09:06:51
56670,100,5667000,09:06:49
56660,100,5666000,09:06:46
56630,100,5663000,09:06:46
56610,100,5661000,09:06:45
56630,100,5663000,09:06:45
56630,100,5663000,09:06:45
56630,100,5663000,09:06:45
56640,100,5664000,09:06:44
56650,300,16995000,09:06:44
56690,100,5669000,09:06:42
56670,100,5667000,09:06:42
56700,100,5670000,09:06:40
56700,100,5670000,09:06:40
56700,100,5670000,09:06:40
56690,100,5669000,09:06:40
56670,100,5667000,09:06:39
56680,200,11336000,09:06:39
56670,700,39669000,09:06:39
56660,500,28330000,09:06:39
56650,100,5665000,09:06:39
56640,200,11328000,09:06:39
56650,100,5665000,09:06:39
56620,300,16986000,09:06:39
56630,500,28315000,09:06:39
56640,200,11328000,09:06:39
56650,2100,118965000,09:06:39
56650,200,11330000,09:06:39
56660,20400,1155864000,09:06:39
56670,100,5667000,09:06:38
56680,100,5668000,09:06:38
56670,100,5667000,09:06:37
56680,100,5668000,09:06:37
56690,100,5669000,09:06:35
56690,200,11338000,09:06:35
56700,700,39690000,09:06:35
56700,100,5670000,09:06:35
56710,200,11342000,09:06:35
56710,100,5671000,09:06:32
56730,100,5673000,09:06:31
56730,100,5673000,09:06:31
56730,200,11346000,09:06:31
56740,100,5674000,09:06:31
56780,100,5678000,09:06:30
56750,100,5675000,09:06:29
56770,100,5677000,09:06:29
56770,100,5677000,09:06:29
56770,200,11354000,09:06:29
56770,200,11354000,09:06:29
56760,200,11352000,09:06:28
56750,100,5675000,09:06:28
56740,200,11348000,09:06:27
56720,100,5672000,09:06:27
56730,200,11346000,09:06:27
56730,500,28365000,09:06:27
56710,700,39697000,09:06:27
56720,400,22688000,09:06:27
56760,100,5676000,09:06:23
56750,200,11350000,09:06:22
56750,100,5675000,09:06:22
56720,100,5672000,09:06:22
56740,100,5674000,09:06:21
56720,100,5672000,09:06:21
56730,100,5673000,09:06:20
56720,100,5672000,09:06:20
56710,300,17013000,09:06:20
56710,100,5671000,09:06:20
56710,200,11342000,09:06:20
56710,800,45368000,09:06:20
56710,100,5671000,09:06:20
56710,100,5671000,09:06:20
56710,100,5671000,09:06:20
56710,100,5671000,09:06:20
56710,100,5671000,09:06:20
56710,500,28355000,09:06:20
56710,500,28355000,09:06:20
56710,500,28355000,09:06:20
56710,400,22684000,09:06:20
56710,400,22684000,09:06:20
56710,100,5671000,09:06:20
56710,100,5671000,09:06:20
56710,300,17013000,09:06:20
56710,100,5671000,09:06:20
56710,100,5671000,09:06:20
56710,900,51039000,09:06:20
56710,100,5671000,09:06:20
56710,100,5671000,09:06:20
56720,100,5672000,09:06:19
56770,100,5677000,09:06:18
56750,100,5675000,09:06:18
56770,200,11354000,09:06:17
56770,100,5677000,09:06:15
56770,100,5677000,09:06:13
56770,100,5677000,09:06:13
56780,100,5678000,09:06:12
56790,100,5679000,09:06:12
56800,200,11360000,09:06:12
56790,200,11358000,09:06:12
56790,100,5679000,09:06:12
56790,200,11358000,09:06:12
56790,700,39753000,09:06:12
56780,600,34068000,09:06:12
56770,500,28385000,09:06:12
56760,600,34056000,09:06:12
56750,300,17025000,09:06:12
56740,300,17022000,09:06:12
56710,100,5671000,09:06:12
56710,400,22684000,09:06:11
56710,100,5671000,09:06:11
56730,300,17019000,09:06:10
56730,100,5673000,09:06:10
56750,100,5675000,09:06:10
56760,400,22704000,09:06:10
56770,100,5677000,09:06:10
56770,200,11354000,09:06:10
56790,300,17037000,09:06:07
56800,100,5680000,09:06:07
56780,100,5678000,09:06:07
56780,100,5678000,09:06:06
56800,2800,159040000,09:06:06
56820,1100,62502000,09:06:06
56840,100,5684000,09:06:06
56840,100,5684000,09:06:06
56850,200,11370000,09:06:06
56880,100,5688000,09:06:03
56870,100,5687000,09:06:03
56850,100,5685000,09:06:02
56850,100,5685000,09:06:02
56850,100,5685000,09:06:02
56880,100,5688000,09:06:02
56870,100,5687000,09:06:02
56860,200,11372000,09:06:02
56840,100,5684000,09:06:02
56820,100,5682000,09:06:02
56830,100,5683000,09:06:02
56840,100,5684000,09:06:02
56850,500,28425000,09:06:02
56860,100,5686000,09:06:02
56870,200,11374000,09:06:02
56880,100,5688000,09:06:02
56870,100,5687000,09:06:02
56910,100,5691000,09:05:58
56900,100,5690000,09:05:57
56900,100,5690000,09:05:56
56920,100,5692000,09:05:55
56930,100,5693000,09:05:55
56930,100,5693000,09:05:55
56940,100,5694000,09:05:53
56930,100,5693000,09:05:53
56950,100,5695000,09:05:51
56970,100,5697000,09:05:51
56960,100,5696000,09:05:50
56980,100,5698000,09:05:49
56990,100,5699000,09:05:48
56950,100,5695000,09:05:46
56980,500,28490000,09:05:46
56970,100,5697000,09:05:45
56970,100,5697000,09:05:45
56940,100,5694000,09:05:44
56950,100,5695000,09:05:44
56930,100,5693000,09:05:43
56920,100,5692000,09:05:43
56900,200,11380000,09:05:42
56890,200,11378000,09:05:42
56880,100,5688000,09:05:42
56880,100,5688000,09:05:42
56860,100,5686000,09:05:39
56850,100,5685000,09:05:39
56850,100,5685000,09:05:38
56860,100,5686000,09:05:38
56850,100,5685000,09:05:38
56880,100,5688000,09:05:38
56870,100,5687000,09:05:37
56880,100,5688000,09:05:36
56860,100,5686000,09:05:36
56850,100,5685000,09:05:35
56860,100,5686000,09:05:35
56860,300,17058000,09:05:35
56870,400,22748000,09:05:35
56880,100,5688000,09:05:34
56900,600,34140000,09:05:34
56900,100,5690000,09:05:34
56920,100,5692000,09:05:34
56920,100,5692000,09:05:33
56900,100,5690000,09:05:29
56880,100,5688000,09:05:28
56900,100,5690000,09:05:28
56960,100,5696000,09:05:26
56910,100,5691000,09:05:25
56920,100,5692000,09:05:25
56950,100,5695000,09:05:25
56950,100,5695000,09:05:24
56950,100,5695000,09:05:24
56950,200,11390000,09:05:24
56930,100,5693000,09:05:24
56920,100,5692000,09:05:24
56910,100,5691000,09:05:24
56900,100,5690000,09:05:23
56880,100,5688000,09:05:21
56890,100,5689000,09:05:20
56910,100,5691000,09:05:20
56920,100,5692000,09:05:19
56930,100,5693000,09:05:19
56950,100,5695000,09:05:19
56950,100,5695000,09:05:19
56930,100,5693000,09:05:19
56940,200,11388000,09:05:19
56930,100,5693000,09:05:19
56930,100,5693000,09:05:19
56930,100,5693000,09:05:19
56910,400,22764000,09:05:19
56900,100,5690000,09:05:19
56890,200,11378000,09:05:19
56880,400,22752000,09:05:19
56870,300,17061000,09:05:19
56860,100,5686000,09:05:19
56870,100,5687000,09:05:17
56860,100,5686000,09:05:15
56870,100,5687000,09:05:15
56860,100,5686000,09:05:15
56850,100,5685000,09:05:14
56850,100,5685000,09:05:12
56820,100,5682000,09:05:10
56850,200,11370000,09:05:10
56860,100,5686000,09:05:10
56890,100,5689000,09:05:10
56880,100,5688000,09:05:09
56880,100,5688000,09:05:09
56910,100,5691000,09:05:09
56900,300,17070000,09:05:09
56880,100,5688000,09:05:07
56850,100,5685000,09:05:07
56870,200,11374000,09:05:06
56860,100,5686000,09:05:05
56820,100,5682000,09:05:04
56810,100,5681000,09:05:04
56830,100,5683000,09:05:04
56830,100,5683000,09:05:04
56830,200,11366000,09:05:04
56870,100,5687000,09:05:03
56840,100,5684000,09:05:03
56860,100,5686000,09:05:02
56880,100,5688000,09:05:02
56870,100,5687000,09:05:02
56860,300,17058000,09:05:01
56880,100,5688000,09:05:00
56870,200,11374000,09:05:00
56920,100,5692000,09:05:00
56870,100,5687000,09:04:59
56900,100,5690000,09:04:59
56880,100,5688000,09:04:56
56900,100,5690000,09:04:56
56910,100,5691000,09:04:56
56920,900,51228000,09:04:56
56920,100,5692000,09:04:56
56930,100,5693000,09:04:55
56940,100,5694000,09:04:55
56940,100,5694000,09:04:55
56940,100,5694000,09:04:53
56950,100,5695000,09:04:51
56950,200,11390000,09:04:51
56950,100,5695000,09:04:51
56980,100,5698000,09:04:50
56960,100,5696000,09:04:50
56920,100,5692000,09:04:50
56940,100,5694000,09:04:49
56950,100,5695000,09:04:49
56920,200,11384000,09:04:49
56950,200,11390000,09:04:49
56920,100,5692000,09:04:49
56930,100,5693000,09:04:49
56900,100,5690000,09:04:49
56930,100,5693000,09:04:48
56940,500,28470000,09:04:48
56940,100,5694000,09:04:48
56960,100,5696000,09:04:46
56950,100,5695000,09:04:46
56990,100,5699000,09:04:45
56950,300,17085000,09:04:45
56950,100,5695000,09:04:45
56950,300,17085000,09:04:45
56950,200,11390000,09:04:45
56960,200,11392000,09:04:45
57030,100,5703000,09:04:42
57020,100,5702000,09:04:42
57030,100,5703000,09:04:41
57050,100,5705000,09:04:41
57040,100,5704000,09:04:41
57040,100,5704000,09:04:41
57070,100,5707000,09:04:40
57070,100,5707000,09:04:40
57070,600,34242000,09:04:39
57070,200,11414000,09:04:39
57050,100,5705000,09:04:39
57040,300,17112000,09:04:39
56990,200,11398000,09:04:39
57000,400,22800000,09:04:39
57010,200,11402000,09:04:39
57030,100,5703000,09:04:39
57050,100,5705000,09:04:39
57070,100,5707000,09:04:37
57050,200,11410000,09:04:36
57070,200,11414000,09:04:36
57060,100,5706000,09:04:36
57050,100,5705000,09:04:36
57020,100,5702000,09:04:35
57030,100,5703000,09:04:35
57020,100,5702000,09:04:35
57050,100,5705000,09:04:35
57060,100,5706000,09:04:35
57070,100,5707000,09:04:35
57070,100,5707000,09:04:35
57070,100,5707000,09:04:35
57070,400,22828000,09:04:35
57080,300,17124000,09:04:35
57090,100,5709000,09:04:35
57080,200,11416000,09:04:34
57130,200,11426000,09:04:33
57100,200,11420000,09:04:33
57070,100,5707000,09:04:33
57080,100,5708000,09:04:32
57060,100,5706000,09:04:32
57090,100,5709000,09:04:32
57100,100,5710000,09:04:32
57110,200,11422000,09:04:32
57130,200,11426000,09:04:32
57140,100,5714000,09:04:31
57140,100,5714000,09:04:31
57150,100,5715000,09:04:30
57160,100,5716000,09:04:30
57140,100,5714000,09:04:29
57130,100,5713000,09:04:29
57160,100,5716000,09:04:29
57150,100,5715000,09:04:28
57130,100,5713000,09:04:28
57150,100,5715000,09:04:28
57140,400,22856000,09:04:28
57140,1400,79996000,09:04:28
57150,300,17145000,09:04:27
57160,300,17148000,09:04:27
57190,200,11438000,09:04:22
57190,100,5719000,09:04:22
57170,200,11434000,09:04:21
57200,200,11440000,09:04:21
57210,200,11442000,09:04:21
57220,200,11444000,09:04:21
57220,100,5722000,09:04:21
57250,100,5725000,09:04:19
57230,100,5723000,09:04:18
57230,100,5723000,09:04:16
57230,100,5723000,09:04:16
57220,100,5722000,09:04:15
57230,100,5723000,09:04:13
57220,100,5722000,09:04:12
57210,200,11442000,09:04:12
57180,100,5718000,09:04:12
57180,100,5718000,09:04:12
57170,100,5717000,09:04:10
57180,100,5718000,09:04:10
57170,300,17151000,09:04:10
57190,100,5719000,09:04:09
57190,100,5719000,09:04:09
57200,100,5720000,09:04:09
57200,100,5720000,09:04:08
57180,100,5718000,09:04:07
57190,100,5719000,09:04:07
57190,200,11438000,09:04:07
57220,100,5722000,09:04:07
57230,200,11446000,09:04:07
57200,200,11440000,09:04:07
57200,800,45760000,09:04:07
57200,100,5720000,09:04:07
57180,100,5718000,09:04:06
57190,100,5719000,09:04:06
57200,100,5720000,09:04:06
57200,100,5720000,09:04:06
57200,400,22880000,09:04:06
57200,300,17160000,09:04:06
57200,400,22880000,09:04:06
57210,100,5721000,09:04:06
57220,500,28610000,09:04:06
57230,100,5723000,09:04:06
57230,100,5723000,09:04:05
57230,100,5723000,09:04:04
57250,100,5725000,09:04:04
57260,200,11452000,09:04:03
57250,500,28625000,09:04:03
57240,200,11448000,09:04:03
57230,100,5723000,09:04:02
57220,100,5722000,09:04:01
57220,200,11444000,09:04:01
57230,100,5723000,09:04:01
57230,200,11446000,09:04:01
57260,100,5726000,09:04:01
57290,100,5729000,09:04:00
57280,100,5728000,09:04:00
57300,100,5730000,09:04:00
57290,200,11458000,09:04:00
57280,100,5728000,09:04:00
57270,500,28635000,09:04:00
57280,200,11456000,09:04:00
57300,100,5730000,09:04:00
57290,700,40103000,09:04:00
57300,400,22920000,09:04:00
57310,200,11462000,09:04:00
57320,400,22928000,09:04:00
57330,100,5733000,09:04:00
57340,100,5734000,09:04:00
57350,200,11470000,09:04:00
57350,100,5735000,09:04:00
57360,300,17208000,09:04:00
57370,100,5737000,09:04:00
57400,100,5740000,09:04:00
57390,100,5739000,09:03:59
57410,100,5741000,09:03:59
57400,100,5740000,09:03:59
57430,200,11486000,09:03:58
57430,100,5743000,09:03:58
57420,200,11484000,09:03:58
57390,200,11478000,09:03:58
57400,100,5740000,09:03:58
57430,100,5743000,09:03:58
57440,100,5744000,09:03:58
57430,100,5743000,09:03:58
57390,100,5739000,09:03:58
57400,100,5740000,09:03:58
57410,200,11482000,09:03:58
57420,600,34452000,09:03:58
57430,100,5743000,09:03:58
57440,400,22976000,09:03:58
57450,100,5745000,09:03:58
57500,100,5750000,09:03:57
57480,100,5748000,09:03:57
57490,100,5749000,09:03:57
57490,100,5749000,09:03:57
57500,100,5750000,09:03:57
57480,300,17244000,09:03:57
57490,100,5749000,09:03:57
57500,100,5750000,09:03:57
57520,100,5752000,09:03:57
57510,500,28755000,09:03:57
57500,10200,586500000,09:03:57
57500,100,5750000,09:03:57
57500,200,11500000,09:03:57
57480,100,5748000,09:03:57
57490,3500,201215000,09:03:57
57480,500,28740000,09:03:57
57470,700,40229000,09:03:57
57460,300,17238000,09:03:57
57420,100,5742000,09:03:57
57420,100,5742000,09:03:57
57450,100,5745000,09:03:57
57450,100,5745000,09:03:57
57460,400,22984000,09:03:57
57450,800,45960000,09:03:57
57440,800,45952000,09:03:57
57430,100,5743000,09:03:57
57420,100,5742000,09:03:57
57410,300,17223000,09:03:57
57400,200,11480000,09:03:57
57400,100,5740000,09:03:57
57380,100,5738000,09:03:57
57390,100,5739000,09:03:57
57380,100,5738000,09:03:56
57380,100,5738000,09:03:56
57370,100,5737000,09:03:56
57360,100,5736000,09:03:56
57350,100,5735000,09:03:54
57350,100,5735000,09:03:54
57340,100,5734000,09:03:51
57330,200,11466000,09:03:51
57330,100,5733000,09:03:51
57350,100,5735000,09:03:51
57360,100,5736000,09:03:50
57350,100,5735000,09:03:50
57350,100,5735000,09:03:49
57340,500,28670000,09:03:49
57350,600,34410000,09:03:49
57350,100,5735000,09:03:49
57390,100,5739000,09:03:48
57380,100,5738000,09:03:48
57370,100,5737000,09:03:48
57380,200,11476000,09:03:48
57390,200,11478000,09:03:48
57400,100,5740000,09:03:48
57410,100,5741000,09:03:47
57400,100,5740000,09:03:47
57400,500,28700000,09:03:47
57410,500,28705000,09:03:47
57420,100,5742000,09:03:46
57430,100,5743000,09:03:46
57430,100,5743000,09:03:46
57420,200,11484000,09:03:46
57400,100,5740000,09:03:46
57430,100,5743000,09:03:46
57420,800,45936000,09:03:46
57420,100,5742000,09:03:46
57440,200,11488000,09:03:46
57410,200,11482000,09:03:45
57410,100,5741000,09:03:45
57430,300,17229000,09:03:45
57420,100,5742000,09:03:45
57410,100,5741000,09:03:44
57400,100,5740000,09:03:44
57400,300,17220000,09:03:44
57400,800,45920000,09:03:44
57390,100,5739000,09:03:44
57390,600,34434000,09:03:44
57380,600,34428000,09:03:44
57340,100,5734000,09:03:43
57370,100,5737000,09:03:43
57360,100,5736000,09:03:43
57350,100,5735000,09:03:43
57370,100,5737000,09:03:43
57370,100,5737000,09:03:43
57370,100,5737000,09:03:42
57360,100,5736000,09:03:42
57350,300,17205000,09:03:42
57350,300,17205000,09:03:42
57340,100,5734000,09:03:41
57330,100,5733000,09:03:41
57330,200,11466000,09:03:40
57330,100,5733000,09:03:40
57320,100,5732000,09:03:40
57320,100,5732000,09:03:40
57290,100,5729000,09:03:39
57320,200,11464000,09:03:39
57330,100,5733000,09:03:39
57320,100,5732000,09:03:39
57320,100,5732000,09:03:39
57300,100,5730000,09:03:39
57320,300,17196000,09:03:38
57320,100,5732000,09:03:38
57310,100,5731000,09:03:38
57320,900,51588000,09:03:38
57320,300,17196000,09:03:38
57320,1000,57320000,09:03:38
57300,200,11460000,09:03:38
57300,100,5730000,09:03:38
57300,100,5730000,09:03:38
57300,100,5730000,09:03:38
57320,100,5732000,09:03:38
57310,100,5731000,09:03:37
57280,100,5728000,09:03:37
57300,400,22920000,09:03:37
57300,100,5730000,09:03:37
57290,200,11458000,09:03:37
57280,200,11456000,09:03:37
57280,100,5728000,09:03:37
57280,100,5728000,09:03:37
57270,1300,74451000,09:03:37
57280,100,5728000,09:03:37
57270,400,22908000,09:03:37
57260,500,28630000,09:03:36
57260,100,5726000,09:03:36
57230,100,5723000,09:03:36
57240,100,5724000,09:03:36
57250,100,5725000,09:03:36
57250,100,5725000,09:03:36
57250,200,11450000,09:03:36
57240,100,5724000,09:03:36
57240,100,5724000,09:03:36
57220,100,5722000,09:03:36
57200,100,5720000,09:03:36
57220,100,5722000,09:03:36
57230,4500,257535000,09:03:36
57230,15700,898511000,09:03:36
57210,100,5721000,09:03:36
57220,1400,80108000,09:03:36
57220,1400,80108000,09:03:36
57220,1200,68664000,09:03:36
57220,100,5722000,09:03:36
57220,100,5722000,09:03:36
57220,600,34332000,09:03:36
57220,100,5722000,09:03:36
57220,100,5722000,09:03:36
57220,100,5722000,09:03:36
57220,600,34332000,09:03:36
57220,2400,137328000,09:03:36
57210,300,17163000,09:03:36
57200,1800,102960000,09:03:36
57200,400,22880000,09:03:36
57190,100,5719000,09:03:36
57190,100,5719000,09:03:34
57170,100,5717000,09:03:34
57150,100,5715000,09:03:33
57160,200,11432000,09:03:33
57170,100,5717000,09:03:32
57190,100,5719000,09:03:31
57170,100,5717000,09:03:31
57170,100,5717000,09:03:30
57160,100,5716000,09:03:29
57150,100,5715000,09:03:29
57120,400,22848000,09:03:29
57130,300,17139000,09:03:29
57150,100,5715000,09:03:29
57150,100,5715000,09:03:29
57170,100,5717000,09:03:28
57160,500,28580000,09:03:28
57180,400,22872000,09:03:28
57180,100,5718000,09:03:28
57180,100,5718000,09:03:28
57170,200,11434000,09:03:27
57150,100,5715000,09:03:27
57160,100,5716000,09:03:27
57160,100,5716000,09:03:27
57160,100,5716000,09:03:27
57180,100,5718000,09:03:26
57170,200,11434000,09:03:26
57160,100,5716000,09:03:26
57150,200,11430000,09:03:26
57150,100,5715000,09:03:26
57150,100,5715000,09:03:26
57140,500,28570000,09:03:26
57140,100,5714000,09:03:26
57130,100,5713000,09:03:26
57130,100,5713000,09:03:26
57120,100,5712000,09:03:26
57120,100,5712000,09:03:26
57120,100,5712000,09:03:26
57090,400,22836000,09:03:26
57110,100,5711000,09:03:25
57070,100,5707000,09:03:25
57080,300,17124000,09:03:25
57100,100,5710000,09:03:25
57100,200,11420000,09:03:25
57100,300,17130000,09:03:25
57100,100,5710000,09:03:25
57100,600,34260000,09:03:25
57090,600,34254000,09:03:25
57090,200,11418000,09:03:25
57060,100,5706000,09:03:24
57080,1100,62788000,09:03:24
57080,100,5708000,09:03:24
57080,100,5708000,09:03:24
57080,300,17124000,09:03:24
57080,1400,79912000,09:03:24
57080,400,22832000,09:03:24
57080,100,5708000,09:03:24
57080,100,5708000,09:03:23
57080,100,5708000,09:03:23
57040,100,5704000,09:03:23
57070,400,22828000,09:03:23
57040,200,11408000,09:03:23
57030,100,5703000,09:03:23
57030,100,5703000,09:03:23
57010,100,5701000,09:03:23
57030,100,5703000,09:03:22
57020,100,5702000,09:03:22
57050,100,5705000,09:03:22
57040,100,5704000,09:03:22
57040,100,5704000,09:03:22
57050,100,5705000,09:03:22
57040,100,5704000,09:03:22
57010,300,17103000,09:03:22
57020,200,11404000,09:03:22
57030,18700,1066461000,09:03:22
57020,100,5702000,09:03:22
57020,100,5702000,09:03:22
57030,500,28515000,09:03:22
57030,100,5703000,09:03:22
57030,600,34218000,09:03:22
57030,200,11406000,09:03:22
57020,1700,96934000,09:03:22
57020,100,5702000,09:03:22
57020,100,5702000,09:03:22
57020,100,5702000,09:03:22
57020,300,17106000,09:03:22
57020,1300,74126000,09:03:22
57010,400,22804000,09:03:22
57020,400,22808000,09:03:22
57010,100,5701000,09:03:22
57010,700,39907000,09:03:22
57010,1500,85515000,09:03:22
57010,1100,62711000,09:03:22
57010,1000,57010000,09:03:22
57010,400,22804000,09:03:22
57010,300,17103000,09:03:22
57010,200,11402000,09:03:22
57010,300,17103000,09:03:21
57010,100,5701000,09:03:21
56990,100,5699000,09:03:21
57000,200,11400000,09:03:21
57000,100,5700000,09:03:21
57010,200,11402000,09:03:20
57000,2300,131100000,09:03:20
57000,200,11400000,09:03:20
56980,100,5698000,09:03:20
56970,100,5697000,09:03:20
56990,200,11398000,09:03:20
56950,1000,56950000,09:03:20
56960,100,5696000,09:03:20
56980,800,45584000,09:03:20
56970,400,22788000,09:03:20
56950,600,34170000,09:03:20
56940,100,5694000,09:03:20
56920,100,5692000,09:03:20
56930,1100,62623000,09:03:20
56930,100,5693000,09:03:20
56920,100,5692000,09:03:20
56910,100,5691000,09:03:19
56910,100,5691000,09:03:19
56880,200,11376000,09:03:19
56890,100,5689000,09:03:19
56880,300,17064000,09:03:19
56870,600,34122000,09:03:19
56860,100,5686000,09:03:19
56850,100,5685000,09:03:19
56850,100,5685000,09:03:19
56830,100,5683000,09:03:19
56850,100,5685000,09:03:19
56840,100,5684000,09:03:19
56830,100,5683000,09:03:19
56820,100,5682000,09:03:19
56830,100,5683000,09:03:19
56860,100,5686000,09:03:18
56850,100,5685000,09:03:17
56880,100,5688000,09:03:17
56880,100,5688000,09:03:17
56880,100,5688000,09:03:17
56920,500,28460000,09:03:16
56910,300,17073000,09:03:16
56900,100,5690000,09:03:16
56880,100,5688000,09:03:16
56860,100,5686000,09:03:15
56870,100,5687000,09:03:15
56880,100,5688000,09:03:15
56880,100,5688000,09:03:15
56890,100,5689000,09:03:15
56890,100,5689000,09:03:15
56900,200,11380000,09:03:15
56920,100,5692000,09:03:13
56900,100,5690000,09:03:13
56910,100,5691000,09:03:12
56910,100,5691000,09:03:12
56890,200,11378000,09:03:12
56890,100,5689000,09:03:12
56920,100,5692000,09:03:11
56920,100,5692000,09:03:11
56910,200,11382000,09:03:11
56900,300,17070000,09:03:11
56890,200,11378000,09:03:11
56880,500,28440000,09:03:11
56880,100,5688000,09:03:11
56880,100,5688000,09:03:10
56860,200,11372000,09:03:10
56850,100,5685000,09:03:10
56840,200,11368000,09:03:10
56830,200,11366000,09:03:10
56830,100,5683000,09:03:10
56820,100,5682000,09:03:09
56800,100,5680000,09:03:09
56820,100,5682000,09:03:06
56800,100,5680000,09:03:06
56810,100,5681000,09:03:06
56830,100,5683000,09:03:05
56830,100,5683000,09:03:03
56800,200,11360000,09:03:03
56820,100,5682000,09:03:03
56830,100,5683000,09:03:03
56790,100,5679000,09:03:01
56790,200,11358000,09:03:01
56800,100,5680000,09:03:01
56800,200,11360000,09:03:01
56830,100,5683000,09:03:01
56800,200,11360000,09:02:59
56810,100,5681000,09:02:59
56820,100,5682000,09:02:59
56820,100,5682000,09:02:59
56810,100,5681000,09:02:59
56800,500,28400000,09:02:59
56790,100,5679000,09:02:58
56790,300,17037000,09:02:58
56780,200,11356000,09:02:58
56790,100,5679000,09:02:56
56790,100,5679000,09:02:56
56780,100,5678000,09:02:55
56760,100,5676000,09:02:54
56760,100,5676000,09:02:50
56750,100,5675000,09:02:49
56730,100,5673000,09:02:48
56740,100,5674000,09:02:47
56750,100,5675000,09:02:47
56760,100,5676000,09:02:47
56760,100,5676000,09:02:47
56790,100,5679000,09:02:46
56790,100,5679000,09:02:45
56780,200,11356000,09:02:45
56730,100,5673000,09:02:39
56740,100,5674000,09:02:39
56790,100,5679000,09:02:38
56740,100,5674000,09:02:37
56730,100,5673000,09:02:37
56740,200,11348000,09:02:37
56760,100,5676000,09:02:37
56790,200,11358000,09:02:35
56770,100,5677000,09:02:35
56740,100,5674000,09:02:35
56730,100,5673000,09:02:35
56720,100,5672000,09:02:35
56750,200,11350000,09:02:35
56730,100,5673000,09:02:35
56730,100,5673000,09:02:35
56700,500,28350000,09:02:34
56690,400,22676000,09:02:34
56680,100,5668000,09:02:34
56660,100,5666000,09:02:33
56660,100,5666000,09:02:33
56650,200,11330000,09:02:33
56640,500,28320000,09:02:33
56630,100,5663000,09:02:33
56620,200,11324000,09:02:33
56610,300,16983000,09:02:33
56610,200,11322000,09:02:33
56600,700,39620000,09:02:33
56590,200,11318000,09:02:33
56580,100,5658000,09:02:33
56570,100,5657000,09:02:32
56520,100,5652000,09:02:29
56550,100,5655000,09:02:28
56550,100,5655000,09:02:26
56550,200,11310000,09:02:25
56560,100,5656000,09:02:25
56550,100,5655000,09:02:24
56550,100,5655000,09:02:24
56540,100,5654000,09:02:24
56520,100,5652000,09:02:24
56530,100,5653000,09:02:24
56550,100,5655000,09:02:22
56560,100,5656000,09:02:22
56570,100,5657000,09:02:22
56560,100,5656000,09:02:20
56590,100,5659000,09:02:19
56580,100,5658000,09:02:19
56580,100,5658000,09:02:15
56510,300,16953000,09:02:14
56550,100,5655000,09:02:14
56530,200,11306000,09:02:14
56560,900,50904000,09:02:14
56570,200,11314000,09:02:14
56570,100,5657000,09:02:14
56610,200,11322000,09:02:13
56580,100,5658000,09:02:12
56580,100,5658000,09:02:12
56570,100,5657000,09:02:12
56610,100,5661000,09:02:09
56600,400,22640000,09:02:09
56600,200,11320000,09:02:09
56590,100,5659000,09:02:09
56580,100,5658000,09:02:09
56530,100,5653000,09:02:06
56540,100,5654000,09:02:05
56510,100,5651000,09:02:03
56530,100,5653000,09:02:03
56540,200,11308000,09:02:03
56550,100,5655000,09:02:03
56560,100,5656000,09:02:03
56570,300,16971000,09:02:03
56600,100,5660000,09:02:00
56570,100,5657000,09:01:58
56560,200,11312000,09:01:57
56560,100,5656000,09:01:57
56600,100,5660000,09:01:56
56560,100,5656000,09:01:56
56580,200,11316000,09:01:53
56610,100,5661000,09:01:53
56650,100,5665000,09:01:53
56600,100,5660000,09:01:52
56600,1100,62260000,09:01:52
56590,400,22636000,09:01:52
56600,300,16980000,09:01:52
56600,500,28300000,09:01:52
56640,100,5664000,09:01:52
56660,100,5666000,09:01:52
56660,200,11332000,09:01:52
56660,200,11332000,09:01:52
56650,100,5665000,09:01:51
56620,100,5662000,09:01:50
56580,100,5658000,09:01:50
56600,100,5660000,09:01:50
56550,100,5655000,09:01:50
56570,100,5657000,09:01:50
56570,100,5657000,09:01:50
56600,100,5660000,09:01:49
56590,200,11318000,09:01:49
56580,200,11316000,09:01:49
56570,100,5657000,09:01:49
56560,200,11312000,09:01:49
56550,100,5655000,09:01:48
56570,100,5657000,09:01:48
56570,100,5657000,09:01:48
56570,100,5657000,09:01:48
56560,100,5656000,09:01:48
56560,100,5656000,09:01:48
56550,200,11310000,09:01:48
56530,100,5653000,09:01:47
56500,400,22600000,09:01:47
56490,100,5649000,09:01:46
56470,100,5647000,09:01:46
56500,100,5650000,09:01:46
56480,100,5648000,09:01:46
56490,100,5649000,09:01:46
56480,100,5648000,09:01:46
56460,100,5646000,09:01:46
56430,200,11286000,09:01:44
56410,200,11282000,09:01:43
56400,300,16920000,09:01:43
56390,100,5639000,09:01:42
56400,100,5640000,09:01:42
56390,100,5639000,09:01:42
56390,100,5639000,09:01:42
56360,100,5636000,09:01:39
56360,100,5636000,09:01:39
56350,100,5635000,09:01:38
56340,100,5634000,09:01:38
56330,100,5633000,09:01:38
56310,200,11262000,09:01:38
56300,100,5630000,09:01:37
56300,100,5630000,09:01:37
56290,100,5629000,09:01:37
56280,200,11256000,09:01:37
56270,100,5627000,09:01:37
56270,100,5627000,09:01:37
56260,100,5626000,09:01:36
56250,100,5625000,09:01:36
56250,100,5625000,09:01:36
56250,100,5625000,09:01:36
56230,100,5623000,09:01:36
56220,200,11244000,09:01:36
56200,100,5620000,09:01:35
56180,100,5618000,09:01:35
56200,200,11240000,09:01:34
56190,100,5619000,09:01:34
56190,100,5619000,09:01:34
56170,100,5617000,09:01:34
56170,100,5617000,09:01:32
56220,100,5622000,09:01:30
56230,100,5623000,09:01:29
56220,100,5622000,09:01:29
56210,100,5621000,09:01:28
56210,100,5621000,09:01:28
56200,100,5620000,09:01:28
56160,100,5616000,09:01:28
56140,100,5614000,09:01:28
56160,100,5616000,09:01:28
56150,100,5615000,09:01:28
56160,200,11232000,09:01:28
56180,200,11236000,09:01:28
56230,100,5623000,09:01:27
56200,200,11240000,09:01:25
56210,100,5621000,09:01:25
56230,100,5623000,09:01:25
56240,100,5624000,09:01:24
56260,100,5626000,09:01:23
56280,100,5628000,09:01:23
56260,100,5626000,09:01:21
56280,100,5628000,09:01:21
56290,100,5629000,09:01:20
56290,100,5629000,09:01:19
56290,200,11258000,09:01:19
56270,100,5627000,09:01:18
56260,100,5626000,09:01:17
56310,200,11262000,09:01:16
56300,800,45040000,09:01:16
56310,200,11262000,09:01:16
56300,100,5630000,09:01:16
56330,100,5633000,09:01:16
56310,100,5631000,09:01:16
56300,300,16890000,09:01:16
56250,100,5625000,09:01:16
56240,100,5624000,09:01:15
56290,300,16887000,09:01:10
56270,100,5627000,09:01:10
56280,300,16884000,09:01:10
56290,100,5629000,09:01:10
56290,300,16887000,09:01:09
56290,100,5629000,09:01:09
56310,100,5631000,09:01:09
56350,100,5635000,09:01:08
56340,300,16902000,09:01:05
56330,300,16899000,09:01:05
56320,100,5632000,09:01:05
56310,100,5631000,09:01:05
56300,100,5630000,09:01:04
56290,200,11258000,09:01:04
56290,100,5629000,09:01:04
56290,100,5629000,09:01:04
56280,200,11256000,09:01:04
56270,100,5627000,09:01:04
56270,100,5627000,09:01:04
56240,200,11248000,09:01:03
56260,100,5626000,09:01:03
56280,100,5628000,09:01:03
56290,200,11258000,09:01:03
56300,200,11260000,09:01:03
56320,100,5632000,09:01:03
56360,100,5636000,09:01:03
56370,400,22548000,09:01:03
56370,1600,90192000,09:01:03
56380,100,5638000,09:01:03
56380,100,5638000,09:01:01
56400,100,5640000,09:01:01
56380,100,5638000,09:01:00
56430,100,5643000,09:00:59
56370,100,5637000,09:00:58
56430,100,5643000,09:00:58
56440,100,5644000,09:00:58
56380,100,5638000,09:00:57
56390,100,5639000,09:00:57
56400,100,5640000,09:00:57
56420,300,16926000,09:00:57
56430,100,5643000,09:00:57
56460,100,5646000,09:00:56
56430,100,5643000,09:00:55
56480,100,5648000,09:00:55
56420,100,5642000,09:00:54
56440,100,5644000,09:00:54
56430,100,5643000,09:00:53
56460,200,11292000,09:00:52
56470,100,5647000,09:00:52
56490,500,28245000,09:00:52
56490,200,11298000,09:00:52
56500,200,11300000,09:00:52
56570,100,5657000,09:00:51
56560,300,16968000,09:00:51
56550,100,5655000,09:00:51
56540,100,5654000,09:00:50
56580,100,5658000,09:00:50
56560,100,5656000,09:00:50
56590,100,5659000,09:00:49
56590,100,5659000,09:00:49
56590,300,16977000,09:00:47
56560,100,5656000,09:00:47
56540,100,5654000,09:00:47
56540,100,5654000,09:00:47
56510,100,5651000,09:00:47
56500,100,5650000,09:00:46
56480,100,5648000,09:00:45
56470,100,5647000,09:00:45
56480,200,11296000,09:00:44
56480,100,5648000,09:00:44
56540,500,28270000,09:00:44
56530,400,22612000,09:00:44
56520,200,11304000,09:00:44
56500,200,11300000,09:00:44
56490,200,11298000,09:00:44
56480,100,5648000,09:00:44
56480,100,5648000,09:00:44
56420,100,5642000,09:00:44
56420,100,5642000,09:00:44
56450,100,5645000,09:00:43
56500,100,5650000,09:00:42
56500,100,5650000,09:00:42
56520,100,5652000,09:00:42
56540,100,5654000,09:00:42
56560,1100,62216000,09:00:42
56560,200,11312000,09:00:39
56570,100,5657000,09:00:39
56570,100,5657000,09:00:37
56600,100,5660000,09:00:37
56590,200,11318000,09:00:36
56630,100,5663000,09:00:35
56670,100,5667000,09:00:35
56700,300,17010000,09:00:35
56710,100,5671000,09:00:34
56720,200,11344000,09:00:34
56730,100,5673000,09:00:34
56740,100,5674000,09:00:34
56740,100,5674000,09:00:34
56800,100,5680000,09:00:33
56820,100,5682000,09:00:32
56810,100,5681000,09:00:32
56800,100,5680000,09:00:32
56800,1000,56800000,09:00:32
56810,100,5681000,09:00:32
56790,400,22716000,09:00:31
56780,400,22712000,09:00:31
56790,100,5679000,09:00:29
56750,100,5675000,09:00:29
56770,100,5677000,09:00:29
56790,100,5679000,09:00:29
56760,100,5676000,09:00:29
56770,200,11354000,09:00:29
56780,200,11356000,09:00:29
56790,100,5679000,09:00:29
56810,1000,56810000,09:00:29
56820,800,45456000,09:00:29
56820,200,11364000,09:00:29
56830,100,5683000,09:00:29
56840,100,5684000,09:00:28
56840,500,28420000,09:00:28
56850,100,5685000,09:00:28
56850,200,11370000,09:00:28
56860,100,5686000,09:00:28
56860,100,5686000,09:00:28
56880,300,17064000,09:00:27
56890,100,5689000,09:00:27
56850,200,11370000,09:00:20
56860,100,5686000,09:00:20
56910,100,5691000,09:00:19
56900,100,5690000,09:00:19
56910,100,5691000,09:00:19
56920,100,5692000,09:00:19
56930,300,17079000,09:00:19
56940,100,5694000,09:00:19
56930,400,22772000,09:00:18
56940,300,17082000,09:00:18
56910,100,5691000,09:00:17
56930,100,5693000,09:00:17
56930,100,5693000,09:00:17
56930,100,5693000,09:00:17
56930,100,5693000,09:00:17
56940,100,5694000,09:00:17
56950,100,5695000,09:00:17
56960,100,5696000,09:00:17
56980,100,5698000,09:00:15
56950,100,5695000,09:00:15
56980,2200,125356000,09:00:15
56980,300,17094000,09:00:15
56980,100,5698000,09:00:15
56950,100,5695000,09:00:14
56960,100,5696000,09:00:14
56970,400,22788000,09:00:14
56990,100,5699000,09:00:14
56980,100,5698000,09:00:13
56960,300,17088000,09:00:13
56950,100,5695000,09:00:13
56910,100,5691000,09:00:13
56910,100,5691000,09:00:12
56910,100,5691000,09:00:12
56920,300,17076000,09:00:12
56930,100,5693000,09:00:12
56950,100,5695000,09:00:12
56980,100,5698000,09:00:12
56960,100,5696000,09:00:12
56950,300,17085000,09:00:12
56960,100,5696000,09:00:12
56970,100,5697000,09:00:12
56980,100,5698000,09:00:12
56990,400,22796000,09:00:12
56990,100,5699000,09:00:12
57000,5100,290700000,09:00:12
56980,700,39886000,09:00:12
56980,3500,199430000,09:00:12
56990,2100,119679000,09:00:12
56990,300,17097000,09:00:12
56980,200,11396000,09:00:12
56980,100,5698000,09:00:12
56970,300,17091000,09:00:12
56960,100,5696000,09:00:12
56940,100,5694000,09:00:11
56930,100,5693000,09:00:11
56840,200,11368000,09:00:09
56860,100,5686000,09:00:08
56850,100,5685000,09:00:08
56860,100,5686000,09:00:08
56880,100,5688000,09:00:08
56900,100,5690000,09:00:08
56910,100,5691000,09:00:08
56920,100,5692000,09:00:08
56950,100,5695000,09:00:07
56940,300,17082000,09:00:07
56920,300,17076000,09:00:07
56900,700,39830000,09:00:07
56900,400,22760000,09:00:07
56850,100,5685000,09:00:05
56910,200,11382000,09:00:05
56880,100,5688000,09:00:05
56860,200,11372000,09:00:05
56870,200,11374000,09:00:05
56870,300,17061000,09:00:05
56880,100,5688000,09:00:04
56890,100,5689000,09:00:04
56910,100,5691000,09:00:04
56910,100,5691000,09:00:04
56910,100,5691000,09:00:04
56910,400,22764000,09:00:04
56910,100,5691000,09:00:04
56940,100,5694000,09:00:03
56860,100,5686000,09:00:02
56860,100,5686000,09:00:02
56800,300,17040000,09:00:02
56770,100,5677000,09:00:02
56720,100,5672000,09:00:02
56760,100,5676000,09:00:02
56690,100,5669000,09:00:01
56750,200,11350000,09:00:01
56740,100,5674000,09:00:01
56650,100,5665000,09:00:01
56740,200,11348000,09:00:01
56740,100,5674000,09:00:01
56750,400,22700000,09:00:01
56760,100,5676000,09:00:01
56760,100,5676000,09:00:01
56920,116700,6642564000,09:00:00