値段,株数,金額,時刻
2736,199900,546926400,15:30:00
2750,100,275000,15:24:59
2750,200,550000,15:24:59
2748,200,549600,15:24:59
2748,200,549600,15:24:58
2750,100,275000,15:24:58
2748,800,2198400,15:24:56
2748,100,274800,15:24:56
2748,100,274800,15:24:55
2750,400,1100000,15:24:55
2750,100,275000,15:24:55
2748,600,1648800,15:24:55
2746,100,274600,15:24:54
2748,100,274800,15:24:53
2747,100,274700,15:24:53
2746,100,274600,15:24:52
2746,100,274600,15:24:51
2746,200,549200,15:24:50
2746,100,274600,15:24:50
2745,100,274500,15:24:50
2745,100,274500,15:24:48
2746,100,274600,15:24:47
2743,100,274300,15:24:46
2743,100,274300,15:24:46
2744,100,274400,15:24:45
2742,1200,3290400,15:24:45
2743,900,2468700,15:24:45
2744,300,823200,15:24:45
2745,1300,3568500,15:24:45
2745,300,823500,15:24:44
2746,300,823800,15:24:44
2747,100,274700,15:24:44
2750,200,550000,15:24:43
2748,400,1099200,15:24:43
2747,200,549400,15:24:42
2746,200,549200,15:24:42
2746,100,274600,15:24:42
2746,100,274600,15:24:42
2746,100,274600,15:24:41
2747,100,274700,15:24:41
2748,500,1374000,15:24:41
2748,600,1648800,15:24:41
2749,500,1374500,15:24:41
2749,200,549800,15:24:41
2750,12600,34650000,15:24:41
2750,200,550000,15:24:41
2751,700,1925700,15:24:40
2752,100,275200,15:24:39
2753,100,275300,15:24:37
2752,100,275200,15:24:37
2753,100,275300,15:24:36
2752,100,275200,15:24:34
2753,300,825900,15:24:34
2752,100,275200,15:24:34
2752,100,275200,15:24:33
2752,500,1376000,15:24:33
2751,100,275100,15:24:32
2750,100,275000,15:24:31
2750,100,275000,15:24:31
2750,100,275000,15:24:31
2751,100,275100,15:24:30
2751,100,275100,15:24:30
2750,100,275000,15:24:30
2750,200,550000,15:24:29
2750,100,275000,15:24:28
2750,100,275000,15:24:27
2750,100,275000,15:24:27
2750,200,550000,15:24:27
2750,200,550000,15:24:27
2750,100,275000,15:24:27
2750,100,275000,15:24:26
2750,100,275000,15:24:26
2750,300,825000,15:24:26
2751,200,550200,15:24:26
2751,1000,2751000,15:24:26
2751,1100,3026100,15:24:26
2752,600,1651200,15:24:26
2753,200,550600,15:24:26
2753,100,275300,15:24:26
2753,100,275300,15:24:26
2754,700,1927800,15:24:25
2755,2600,7163000,15:24:25
2755,300,826500,15:24:25
2755,200,551000,15:24:25
2756,1800,4960800,15:24:23
2756,100,275600,15:24:23
2758,200,551600,15:24:21
2756,100,275600,15:24:18
2758,100,275800,15:24:18
2757,400,1102800,15:24:17
2757,200,551400,15:24:17
2757,100,275700,15:24:17
2757,300,827100,15:24:17
2757,300,827100,15:24:17
2758,1000,2758000,15:24:16
2758,300,827400,15:24:16
2759,1400,3862600,15:24:16
2760,100,276000,15:24:16
2759,100,275900,15:24:16
2760,10400,28704000,15:24:16
2761,1000,2761000,15:24:16
2761,100,276100,15:24:10
2762,100,276200,15:24:10
2760,400,1104000,15:24:10
2761,100,276100,15:24:10
2761,600,1656600,15:24:10
2762,400,1104800,15:24:10
2762,100,276200,15:24:10
2762,100,276200,15:24:09
2761,100,276100,15:24:02
2763,100,276300,15:24:01
2763,200,552600,15:24:01
2762,100,276200,15:24:00
2762,100,276200,15:23:56
2763,100,276300,15:23:56
2763,100,276300,15:23:56
2763,500,1381500,15:23:56
2762,300,828600,15:23:44
2762,300,828600,15:23:42
2763,100,276300,15:23:42
2763,200,552600,15:23:42
2764,400,1105600,15:23:39
2761,100,276100,15:23:39
2762,200,552400,15:23:39
2762,300,828600,15:23:39
2764,400,1105600,15:23:38
2763,100,276300,15:23:38
2760,200,552000,15:23:38
2761,1500,4141500,15:23:38
2762,500,1381000,15:23:38
2763,200,552600,15:23:36
2762,300,828600,15:23:35
2762,200,552400,15:23:35
2762,100,276200,15:23:35
2761,500,1380500,15:23:35
2761,200,552200,15:23:35
2760,100,276000,15:23:34
2760,100,276000,15:23:33
2759,200,551800,15:23:32
2760,200,552000,15:23:32
2760,200,552000,15:23:31
2760,100,276000,15:23:27
2760,100,276000,15:23:27
2762,100,276200,15:23:27
2761,100,276100,15:23:27
2759,300,827700,15:23:26
2760,100,276000,15:23:26
2761,100,276100,15:23:25
2761,100,276100,15:23:23
2759,400,1103600,15:23:23
2760,400,1104000,15:23:23
2761,200,552200,15:23:22
2761,100,276100,15:23:21
2761,100,276100,15:23:21
2761,200,552200,15:23:21
2760,100,276000,15:23:20
2759,700,1931300,15:23:19
2760,100,276000,15:23:19
2760,100,276000,15:23:19
2760,100,276000,15:23:17
2759,100,275900,15:23:13
2760,100,276000,15:23:12
2759,500,1379500,15:23:12
2760,200,552000,15:23:08
2759,400,1103600,15:23:08
2760,100,276000,15:23:08
2760,100,276000,15:23:07
2761,200,552200,15:23:05
2760,200,552000,15:23:05
2760,500,1380000,15:23:05
2760,300,828000,15:23:05
2760,100,276000,15:23:05
2760,100,276000,15:23:03
2760,100,276000,15:23:03
2761,100,276100,15:23:02
2760,600,1656000,15:23:02
2762,100,276200,15:23:01
2761,200,552200,15:22:59
2763,400,1105200,15:22:55
2763,500,1381500,15:22:53
2761,100,276100,15:22:53
2763,100,276300,15:22:51
2762,200,552400,15:22:51
2762,300,828600,15:22:51
2761,100,276100,15:22:50
2760,100,276000,15:22:50
2761,100,276100,15:22:49
2759,1100,3034900,15:22:49
2760,200,552000,15:22:49
2761,100,276100,15:22:49
2759,600,1655400,15:22:49
2760,100,276000,15:22:47
2761,300,828300,15:22:47
2759,100,275900,15:22:47
2761,100,276100,15:22:46
2759,100,275900,15:22:45
2761,300,828300,15:22:44
2760,300,828000,15:22:43
2761,100,276100,15:22:43
2760,100,276000,15:22:43
2760,500,1380000,15:22:43
2760,400,1104000,15:22:43
2760,4500,12420000,15:22:43
2760,200,552000,15:22:42
2761,200,552200,15:22:41
2760,100,276000,15:22:41
2761,2800,7730800,15:22:40
2761,500,1380500,15:22:40
2761,200,552200,15:22:39
2762,1000,2762000,15:22:39
2763,100,276300,15:22:39
2763,100,276300,15:22:39
2764,100,276400,15:22:38
2764,100,276400,15:22:38
2763,100,276300,15:22:37
2765,400,1106000,15:22:37
2764,100,276400,15:22:37
2765,600,1659000,15:22:37
2764,100,276400,15:22:37
2764,200,552800,15:22:37
2763,100,276300,15:22:37
2763,100,276300,15:22:37
2764,100,276400,15:22:37
2763,200,552600,15:22:37
2764,200,552800,15:22:37
2764,100,276400,15:22:36
2765,100,276500,15:22:33
2765,100,276500,15:22:27
2764,100,276400,15:22:25
2766,100,276600,15:22:25
2765,200,553000,15:22:24
2763,1000,2763000,15:22:24
2764,1100,3040400,15:22:24
2765,300,829500,15:22:24
2766,100,276600,15:22:22
2766,300,829800,15:22:21
2765,100,276500,15:22:20
2765,100,276500,15:22:12
2765,100,276500,15:22:10
2765,100,276500,15:22:10
2764,300,829200,15:22:08
2764,100,276400,15:22:04
2765,200,553000,15:22:04
2765,300,829500,15:22:03
2767,100,276700,15:22:01
2766,100,276600,15:21:56
2766,100,276600,15:21:50
2766,200,553200,15:21:50
2765,200,553000,15:21:49
2764,500,1382000,15:21:49
2765,200,553000,15:21:49
2766,100,276600,15:21:45
2765,1200,3318000,15:21:42
2766,200,553200,15:21:41
2766,200,553200,15:21:41
2766,100,276600,15:21:41
2766,200,553200,15:21:39
2765,100,276500,15:21:39
2766,200,553200,15:21:37
2767,300,830100,15:21:37
2766,500,1383000,15:21:34
2765,1100,3041500,15:21:34
2766,200,553200,15:21:34
2764,100,276400,15:21:33
2766,100,276600,15:21:33
2765,100,276500,15:21:32
2765,100,276500,15:21:32
2765,100,276500,15:21:32
2765,100,276500,15:21:31
2764,200,552800,15:21:24
2764,200,552800,15:21:23
2765,200,553000,15:21:23
2764,300,829200,15:21:22
2766,200,553200,15:21:22
2765,100,276500,15:21:22
2764,200,552800,15:21:22
2763,400,1105200,15:21:21
2764,500,1382000,15:21:21
2765,100,276500,15:21:20
2764,100,276400,15:21:19
2764,100,276400,15:21:19
2764,100,276400,15:21:18
2764,500,1382000,15:21:14
2764,100,276400,15:21:14
2765,200,553000,15:21:14
2766,400,1106400,15:21:13
2766,100,276600,15:21:12
2765,100,276500,15:21:12
2766,300,829800,15:21:10
2766,100,276600,15:21:09
2765,100,276500,15:21:07
2767,600,1660200,15:21:07
2766,100,276600,15:21:06
2765,100,276500,15:21:06
2765,100,276500,15:21:06
2767,100,276700,15:21:06
2766,600,1659600,15:21:06
2765,4200,11613000,15:21:06
2766,100,276600,15:21:04
2767,200,553400,15:21:04
2766,400,1106400,15:21:04
2766,100,276600,15:21:03
2766,100,276600,15:21:03
2767,100,276700,15:21:03
2770,100,277000,15:21:03
2769,100,276900,15:21:03
2767,200,553400,15:21:03
2768,200,553600,15:21:03
2768,300,830400,15:21:03
2768,100,276800,15:21:03
2768,100,276800,15:21:03
2769,10600,29351400,15:21:03
2769,100,276900,15:21:03
2770,100,277000,15:21:03
2770,1200,3324000,15:21:01
2771,100,277100,15:20:57
2770,400,1108000,15:20:56
2771,100,277100,15:20:55
2771,100,277100,15:20:50
2771,400,1108400,15:20:50
2771,700,1939700,15:20:48
2772,100,277200,15:20:44
2771,100,277100,15:20:37
2772,700,1940400,15:20:34
2772,100,277200,15:20:33
2772,100,277200,15:20:30
2772,700,1940400,15:20:28
2771,100,277100,15:20:26
2770,100,277000,15:20:20
2770,100,277000,15:20:19
2770,600,1662000,15:20:18
2771,600,1662600,15:20:17
2772,300,831600,15:20:17
2772,800,2217600,15:20:15
2772,100,277200,15:20:13
2772,100,277200,15:20:13
2771,200,554200,15:20:13
2772,100,277200,15:20:11
2771,500,1385500,15:20:11
2772,200,554400,15:20:10
2772,100,277200,15:20:10
2771,100,277100,15:20:10
2770,100,277000,15:20:06
2770,100,277000,15:20:04
2772,100,277200,15:20:03
2771,100,277100,15:20:02
2771,100,277100,15:20:02
2771,100,277100,15:20:01
2771,400,1108400,15:19:59
2770,200,554000,15:19:59
2771,100,277100,15:19:54
2770,300,831000,15:19:54
2769,100,276900,15:19:50
2769,400,1107600,15:19:45
2768,100,276800,15:19:43
2768,100,276800,15:19:39
2766,900,2489400,15:19:32
2767,400,1106800,15:19:32
2767,100,276700,15:19:31
2769,100,276900,15:19:30
2768,500,1384000,15:19:30
2767,1000,2767000,15:19:26
2765,700,1935500,15:19:24
2766,100,276600,15:19:23
2765,800,2212000,15:19:23
2765,100,276500,15:19:22
2765,400,1106000,15:19:21
2766,100,276600,15:19:18
2766,100,276600,15:19:18
2766,100,276600,15:19:18
2766,100,276600,15:19:14
2765,100,276500,15:19:12
2765,200,553000,15:19:12
2765,100,276500,15:19:11
2765,200,553000,15:19:09
2766,100,276600,15:19:09
2765,200,553000,15:19:05
2766,600,1659600,15:19:04
2766,100,276600,15:19:04
2767,100,276700,15:18:55
2766,100,276600,15:18:55
2766,100,276600,15:18:55
2766,400,1106400,15:18:55
2766,100,276600,15:18:55
2768,100,276800,15:18:54
2769,100,276900,15:18:54
2767,8400,23242800,15:18:54
2768,2700,7473600,15:18:54
2769,1500,4153500,15:18:54
2770,9100,25207000,15:18:54
2771,2200,6096200,15:18:54
2772,600,1663200,15:18:54
2773,200,554600,15:18:53
2773,500,1386500,15:18:53
2776,800,2220800,15:18:52
2775,1500,4162500,15:18:52
2774,300,832200,15:18:52
2773,400,1109200,15:18:52
2773,100,277300,15:18:48
2771,2300,6373300,15:18:47
2772,600,1663200,15:18:47
2773,1000,2773000,15:18:46
2775,100,277500,15:18:42
2774,200,554800,15:18:40
2773,200,554600,15:18:37
2772,400,1108800,15:18:37
2773,600,1663800,15:18:37
2774,100,277400,15:18:36
2775,100,277500,15:18:36
2774,600,1664400,15:18:36
2773,100,277300,15:18:36
2773,200,554600,15:18:36
2772,200,554400,15:18:25
2772,200,554400,15:18:25
2772,300,831600,15:18:24
2773,200,554600,15:18:15
2771,300,831300,15:18:11
2772,700,1940400,15:18:11
2773,100,277300,15:18:03
2773,100,277300,15:17:59
2771,100,277100,15:17:58
2772,400,1108800,15:17:58
2772,100,277200,15:17:53
2772,200,554400,15:17:53
2773,200,554600,15:17:51
2772,100,277200,15:17:49
2773,1000,2773000,15:17:41
2773,400,1109200,15:17:41
2774,900,2496600,15:17:41
2776,100,277600,15:17:40
2775,100,277500,15:17:40
2774,600,1664400,15:17:33
2775,100,277500,15:17:29
2775,200,555000,15:17:25
2775,100,277500,15:17:24
2774,200,554800,15:17:11
2776,100,277600,15:17:11
2775,100,277500,15:17:09
2775,200,555000,15:17:09
2775,100,277500,15:17:09
2775,100,277500,15:17:02
2775,800,2220000,15:17:02
2775,100,277500,15:17:02
2775,100,277500,15:17:02
2775,100,277500,15:16:53
2774,200,554800,15:16:49
2776,1300,3608800,15:16:46
2775,1500,4162500,15:16:46
2774,200,554800,15:16:46
2774,400,1109600,15:16:41
2773,100,277300,15:16:41
2772,1400,3880800,15:16:35
2773,100,277300,15:16:35
2773,700,1941100,15:16:34
2774,100,277400,15:16:32
2774,200,554800,15:16:23
2773,200,554600,15:16:20
2774,100,277400,15:16:19
2774,100,277400,15:16:17
2774,200,554800,15:16:17
2774,200,554800,15:16:17
2773,600,1663800,15:16:12
2774,100,277400,15:16:12
2774,200,554800,15:16:11
2774,100,277400,15:16:11
2774,100,277400,15:16:10
2774,200,554800,15:16:08
2774,100,277400,15:16:08
2774,100,277400,15:16:01
2775,100,277500,15:16:00
2775,1300,3607500,15:16:00
2775,100,277500,15:16:00
2774,100,277400,15:15:56
2772,300,831600,15:15:56
2773,900,2495700,15:15:56
2773,200,554600,15:15:52
2774,200,554800,15:15:46
2774,100,277400,15:15:44
2775,100,277500,15:15:42
2774,100,277400,15:15:42
2774,100,277400,15:15:41
2773,200,554600,15:15:41
2773,100,277300,15:15:41
2774,100,277400,15:15:29
2774,600,1664400,15:15:29
2774,1200,3328800,15:15:29
2774,100,277400,15:15:14
2774,100,277400,15:15:14
2774,100,277400,15:15:14
2774,100,277400,15:15:14
2774,100,277400,15:15:14
2774,200,554800,15:15:14
2773,300,831900,15:15:12
2773,200,554600,15:14:42
2774,100,277400,15:14:42
2771,300,831300,15:14:40
2772,900,2494800,15:14:40
2773,100,277300,15:14:39
2775,200,555000,15:14:39
2774,300,832200,15:14:39
2774,100,277400,15:14:32
2773,100,277300,15:14:31
2772,100,277200,15:14:31
2773,200,554600,15:14:22
2774,100,277400,15:14:20
2773,100,277300,15:14:18
2774,100,277400,15:14:15
2774,200,554800,15:14:15
2772,100,277200,15:14:15
2772,100,277200,15:14:06
2772,800,2217600,15:14:06
2772,1000,2772000,15:14:06
2772,1000,2772000,15:14:06
2773,2600,7209800,15:14:06
2774,1700,4715800,15:14:05
2775,3000,8325000,15:14:05
2775,100,277500,15:14:01
2776,100,277600,15:13:55
2776,100,277600,15:13:47
2775,100,277500,15:13:44
2776,100,277600,15:13:38
2776,100,277600,15:13:37
2776,100,277600,15:13:30
2776,500,1388000,15:13:29
2776,100,277600,15:13:26
2775,100,277500,15:13:24
2775,100,277500,15:13:23
2775,1300,3607500,15:13:07
2775,400,1110000,15:13:07
2775,400,1110000,15:13:07
2775,400,1110000,15:13:07
2775,200,555000,15:13:07
2775,100,277500,15:13:07
2774,100,277400,15:13:02
2774,100,277400,15:12:57
2775,200,555000,15:12:51
2775,300,832500,15:12:42
2775,1400,3885000,15:12:42
2776,400,1110400,15:12:42
2777,100,277700,15:12:33
2776,300,832800,15:12:30
2776,1000,2776000,15:12:30
2776,300,832800,15:12:25
2777,200,555400,15:12:25
2777,200,555400,15:12:21
2777,400,1110800,15:12:21
2776,600,1665600,15:12:20
2776,700,1943200,15:12:20
2775,200,555000,15:12:11
2775,100,277500,15:12:10
2775,100,277500,15:12:08
2774,100,277400,15:12:02
2775,200,555000,15:11:37
2775,500,1387500,15:11:30
2774,200,554800,15:11:25
2774,100,277400,15:11:22
2775,300,832500,15:11:20
2774,1600,4438400,15:11:17
2775,100,277500,15:11:09
2774,100,277400,15:11:02
2775,100,277500,15:11:00
2776,1200,3331200,15:11:00
2776,100,277600,15:11:00
2776,200,555200,15:11:00
2776,100,277600,15:10:59
2776,100,277600,15:10:59
2775,100,277500,15:10:58
2775,200,555000,15:10:55
2776,300,832800,15:10:50
2776,1000,2776000,15:10:50
2775,1400,3885000,15:10:45
2775,100,277500,15:10:45
2773,100,277300,15:10:42
2774,100,277400,15:10:42
2774,500,1387000,15:10:42
2773,200,554600,15:10:35
2773,100,277300,15:10:28
2773,500,1386500,15:10:28
2774,300,832200,15:10:20
2776,1300,3608800,15:10:20
2775,1100,3052500,15:10:20
2774,300,832200,15:10:20
2773,100,277300,15:10:17
2773,100,277300,15:10:17
2773,200,554600,15:10:16
2774,500,1387000,15:10:16
2775,100,277500,15:10:07
2775,1700,4717500,15:10:07
2776,100,277600,15:10:06
2776,200,555200,15:09:57
2777,400,1110800,15:09:49
2776,100,277600,15:09:49
2776,100,277600,15:09:49
2776,100,277600,15:09:40
2774,200,554800,15:09:39
2775,100,277500,15:09:35
2775,1100,3052500,15:09:34
2775,100,277500,15:09:34
2775,300,832500,15:09:34
2775,400,1110000,15:09:34
2775,400,1110000,15:09:34
2775,400,1110000,15:09:34
2776,500,1388000,15:09:29
2777,900,2499300,15:09:23
2778,100,277800,15:09:21
2778,200,555600,15:09:21
2778,200,555600,15:09:21
2778,200,555600,15:09:21
2778,100,277800,15:09:21
2777,100,277700,15:09:20
2777,100,277700,15:09:18
2777,200,555400,15:09:15
2776,200,555200,15:09:15
2776,600,1665600,15:09:15
2775,100,277500,15:09:14
2775,100,277500,15:09:13
2775,100,277500,15:09:05
2776,100,277600,15:09:03
2775,100,277500,15:09:01
2775,100,277500,15:09:01
2776,200,555200,15:08:56
2775,300,832500,15:08:56
2774,100,277400,15:08:56
2775,300,832500,15:08:44
2774,200,554800,15:08:44
2772,200,554400,15:08:42
2773,400,1109200,15:08:39
2773,500,1386500,15:08:39
2774,100,277400,15:08:39
2774,100,277400,15:08:36
2774,500,1387000,15:08:36
2773,100,277300,15:08:34
2773,100,277300,15:08:28
2773,100,277300,15:08:28
2772,100,277200,15:08:23
2771,200,554200,15:08:23
2773,200,554600,15:08:23
2772,200,554400,15:08:23
2772,600,1663200,15:08:23
2773,100,277300,15:08:19
2773,100,277300,15:08:19
2773,100,277300,15:08:18
2773,1300,3604900,15:08:17
2773,200,554600,15:08:17
2774,100,277400,15:08:14
2774,200,554800,15:08:13
2774,100,277400,15:08:13
2774,1300,3606200,15:08:03
2775,100,277500,15:07:55
2776,100,277600,15:07:44
2775,300,832500,15:07:43
2775,100,277500,15:07:42
2775,100,277500,15:07:41
2774,600,1664400,15:07:36
2773,100,277300,15:07:33
2774,200,554800,15:07:30
2774,100,277400,15:07:29
2774,100,277400,15:07:27
2773,200,554600,15:07:26
2772,100,277200,15:07:18
2772,800,2217600,15:07:16
2772,900,2494800,15:07:16
2773,400,1109200,15:07:16
2775,100,277500,15:07:12
2774,200,554800,15:07:11
2775,500,1387500,15:07:09
2775,200,555000,15:07:05
2775,100,277500,15:07:04
2778,200,555600,15:07:01
2777,300,833100,15:07:01
2776,800,2220800,15:06:56
2775,200,555000,15:06:55
2776,600,1665600,15:06:55
2775,200,555000,15:06:54
2775,200,555000,15:06:54
2775,300,832500,15:06:54
2776,1000,2776000,15:06:48
2776,400,1110400,15:06:48
2778,100,277800,15:06:46
2778,100,277800,15:06:46
2778,100,277800,15:06:46
2779,700,1945300,15:06:46
2778,700,1944600,15:06:44
2778,200,555600,15:06:43
2777,300,833100,15:06:43
2777,600,1666200,15:06:42
2776,100,277600,15:06:41
2776,700,1943200,15:06:40
2774,200,554800,15:06:39
2773,200,554600,15:06:39
2774,100,277400,15:06:39
2775,400,1110000,15:06:39
2777,300,833100,15:06:39
2776,400,1110400,15:06:39
2773,100,277300,15:06:35
2774,200,554800,15:06:35
2774,400,1109600,15:06:33
2777,500,1388500,15:06:33
2776,500,1388000,15:06:33
2776,100,277600,15:06:32
2775,200,555000,15:06:31
2775,100,277500,15:06:29
2776,300,832800,15:06:27
2775,500,1387500,15:06:26
2773,100,277300,15:06:25
2775,200,555000,15:06:24
2775,700,1942500,15:06:24
2774,600,1664400,15:06:24
2775,700,1942500,15:06:24
2775,200,555000,15:06:24
2775,200,555000,15:06:24
2775,200,555000,15:06:24
2775,200,555000,15:06:24
2774,600,1664400,15:06:24
2772,300,831600,15:06:21
2773,200,554600,15:06:21
2773,500,1386500,15:06:21
2773,500,1386500,15:06:21
2772,300,831600,15:06:21
2771,100,277100,15:06:21
2771,100,277100,15:06:21
2772,100,277200,15:06:20
2771,100,277100,15:06:18
2772,100,277200,15:06:18
2772,100,277200,15:06:17
2772,100,277200,15:06:17
2772,700,1940400,15:06:17
2771,500,1385500,15:06:17
2769,100,276900,15:06:14
2770,500,1385000,15:06:14
2769,1100,3045900,15:06:12
2767,200,553400,15:06:12
2768,200,553600,15:06:12
2768,500,1384000,15:06:12
2768,500,1384000,15:06:12
2768,100,276800,15:06:12
2768,200,553600,15:06:08
2768,100,276800,15:06:07
2768,300,830400,15:06:06
2768,300,830400,15:06:05
2769,200,553800,15:06:05
2770,100,277000,15:06:01
2770,100,277000,15:06:01
2769,300,830700,15:06:01
2770,200,554000,15:05:59
2770,300,831000,15:05:58
2768,300,830400,15:05:58
2770,100,277000,15:05:58
2769,900,2492100,15:05:58
2768,100,276800,15:05:56
2768,100,276800,15:05:56
2768,500,1384000,15:05:54
2767,200,553400,15:05:54
2767,100,276700,15:05:54
2767,200,553400,15:05:50
2767,100,276700,15:05:50
2768,100,276800,15:05:45
2768,100,276800,15:05:45
2769,100,276900,15:05:37
2768,200,553600,15:05:37
2768,100,276800,15:05:37
2769,200,553800,15:05:33
2768,200,553600,15:05:32
2769,100,276900,15:05:32
2769,900,2492100,15:05:29
2769,100,276900,15:05:29
2769,100,276900,15:05:29
2769,100,276900,15:05:29
2769,100,276900,15:05:28
2769,100,276900,15:05:28
2769,100,276900,15:05:28
2769,100,276900,15:05:28
2770,200,554000,15:05:28
2770,100,277000,15:05:26
2770,300,831000,15:05:26
2769,100,276900,15:05:25
2770,100,277000,15:05:25
2770,200,554000,15:05:25
2770,700,1939000,15:05:25
2770,200,554000,15:05:25
2770,100,277000,15:05:21
2770,100,277000,15:05:20
2770,100,277000,15:05:20
2770,200,554000,15:05:19
2770,100,277000,15:05:19
2770,100,277000,15:05:19
2769,200,553800,15:05:17
2769,600,1661400,15:05:17
2770,400,1108000,15:05:17
2770,100,277000,15:05:16
2770,100,277000,15:05:15
2770,800,2216000,15:05:13
2770,1000,2770000,15:05:13
2769,500,1384500,15:05:13
2768,100,276800,15:05:11
2767,900,2490300,15:05:06
2766,200,553200,15:05:04
2766,200,553200,15:05:04
2766,100,276600,15:05:04
2767,100,276700,15:04:59
2767,100,276700,15:04:57
2767,100,276700,15:04:57
2769,100,276900,15:04:57
2767,100,276700,15:04:53
2768,300,830400,15:04:53
2768,300,830400,15:04:53
2766,500,1383000,15:04:46
2768,100,276800,15:04:46
2767,900,2490300,15:04:45
2765,100,276500,15:04:44
2765,100,276500,15:04:44
2765,200,553000,15:04:44
2766,100,276600,15:04:42
2767,100,276700,15:04:41
2767,500,1383500,15:04:41
2766,300,829800,15:04:41
2766,500,1383000,15:04:41
2767,7500,20752500,15:04:41
2767,400,1106800,15:04:41
2767,100,276700,15:04:41
2767,2600,7194200,15:04:41
2767,100,276700,15:04:41
2767,100,276700,15:04:38
2768,100,276800,15:04:38
2768,100,276800,15:04:38
2768,100,276800,15:04:38
2770,100,277000,15:04:37
2769,100,276900,15:04:35
2771,400,1108400,15:04:35
2770,200,554000,15:04:35
2769,500,1384500,15:04:35
2768,100,276800,15:04:35
2768,100,276800,15:04:33
2767,100,276700,15:04:32
2767,300,830100,15:04:32
2767,100,276700,15:04:30
2768,100,276800,15:04:30
2768,100,276800,15:04:30
2771,1100,3048100,15:04:26
2770,2700,7479000,15:04:26
2769,200,553800,15:04:26
2770,100,277000,15:04:23
2769,400,1107600,15:04:23
2768,600,1660800,15:04:23
2767,100,276700,15:04:23
2769,100,276900,15:04:22
2767,100,276700,15:04:21
2766,1900,5255400,15:04:21
2767,1000,2767000,15:04:21
2768,600,1660800,15:04:21
2768,100,276800,15:04:19
2768,400,1107200,15:04:17
2768,100,276800,15:04:15
2768,200,553600,15:04:15
2768,100,276800,15:04:15
2768,100,276800,15:04:15
2768,200,553600,15:04:15
2767,100,276700,15:04:15
2768,400,1107200,15:04:15
2769,100,276900,15:04:15
2771,100,277100,15:04:14
2770,100,277000,15:04:14
2770,200,554000,15:04:14
2769,300,830700,15:04:14
2768,100,276800,15:04:14
2767,100,276700,15:04:14
2767,500,1383500,15:04:14
2768,700,1937600,15:04:14
2769,100,276900,15:04:14
2769,200,553800,15:04:14
2769,100,276900,15:04:14
2769,300,830700,15:04:13
2770,2100,5817000,15:04:13
2770,4300,11911000,15:04:13
2771,100,277100,15:04:12
2771,200,554200,15:04:12
2771,100,277100,15:04:12
2771,100,277100,15:04:10
2771,100,277100,15:04:09
2771,100,277100,15:04:09
2771,100,277100,15:04:06
2771,300,831300,15:04:06
2771,400,1108400,15:04:05
2771,500,1385500,15:04:04
2772,200,554400,15:04:03
2772,1000,2772000,15:04:03
2772,100,277200,15:04:01
2772,100,277200,15:04:01
2773,300,831900,15:04:00
2774,100,277400,15:04:00
2774,700,1941800,15:04:00
2774,200,554800,15:04:00
2775,100,277500,15:04:00
2774,100,277400,15:03:55
2773,200,554600,15:03:53
2773,800,2218400,15:03:53
2774,200,554800,15:03:53
2774,900,2496600,15:03:53
2772,400,1108800,15:03:53
2773,400,1109200,15:03:53
2774,100,277400,15:03:53
2774,100,277400,15:03:53
2774,200,554800,15:03:53
2774,100,277400,15:03:53
2774,100,277400,15:03:52
2774,200,554800,15:03:52
2775,2200,6105000,15:03:52
2775,100,277500,15:03:51
2775,100,277500,15:03:51
2775,100,277500,15:03:49
2776,100,277600,15:03:49
2775,100,277500,15:03:48
2775,100,277500,15:03:48
2775,200,555000,15:03:47
2775,100,277500,15:03:47
2775,100,277500,15:03:47
2775,100,277500,15:03:47
2776,300,832800,15:03:45
2776,200,555200,15:03:45
2776,900,2498400,15:03:45
2776,100,277600,15:03:45
2776,1800,4996800,15:03:45
2776,200,555200,15:03:44
2776,400,1110400,15:03:44
2776,100,277600,15:03:44
2777,100,277700,15:03:44
2777,500,1388500,15:03:44
2777,1000,2777000,15:03:44
2777,100,277700,15:03:44
2777,100,277700,15:03:44
2777,300,833100,15:03:44
2777,100,277700,15:03:44
2778,500,1389000,15:03:44
2778,100,277800,15:03:44
2778,100,277800,15:03:44
2778,100,277800,15:03:44
2778,100,277800,15:03:44
2778,200,555600,15:03:44
2778,100,277800,15:03:44
2779,800,2223200,15:03:43
2780,2600,7228000,15:03:43
2780,700,1946000,15:03:43
2780,100,278000,15:03:43
2780,1100,3058000,15:03:43
2780,200,556000,15:03:40
2780,100,278000,15:03:40
2780,200,556000,15:03:40
2781,1000,2781000,15:03:39
2781,400,1112400,15:03:39
2782,900,2503800,15:03:37
2782,100,278200,15:03:37
2782,100,278200,15:03:36
2782,100,278200,15:03:33
2782,100,278200,15:03:26
2782,100,278200,15:03:19
2782,100,278200,15:03:17
2782,100,278200,15:03:13
2783,300,834900,15:03:13
2781,200,556200,15:03:10
2780,100,278000,15:03:06
2781,200,556200,15:03:03
2781,100,278100,15:03:03
2781,1100,3059100,15:03:03
2782,200,556400,15:02:58
2782,200,556400,15:02:58
2782,100,278200,15:02:58
2782,100,278200,15:02:57
2783,100,278300,15:02:57
2782,100,278200,15:02:48
2782,100,278200,15:02:40
2782,100,278200,15:02:36
2783,100,278300,15:02:30
2782,100,278200,15:02:26
2782,200,556400,15:02:23
2781,700,1946700,15:02:20
2782,300,834600,15:02:20
2781,400,1112400,15:02:07
2782,100,278200,15:02:07
2783,700,1948100,15:02:07
2782,100,278200,15:02:07
2782,100,278200,15:02:07
2782,700,1947400,15:02:07
2780,100,278000,15:02:04
2780,200,556000,15:02:03
2781,200,556200,15:02:03
2780,200,556000,15:02:03
2780,100,278000,15:02:03
2780,300,834000,15:02:03
2780,100,278000,15:02:03
2780,100,278000,15:02:03
2781,100,278100,15:02:03
2781,200,556200,15:02:02
2781,200,556200,15:01:59
2781,500,1390500,15:01:44
2781,100,278100,15:01:44
2781,500,1390500,15:01:44
2781,500,1390500,15:01:44
2781,500,1390500,15:01:44
2781,500,1390500,15:01:44
2781,100,278100,15:01:40
2782,500,1391000,15:01:40
2782,100,278200,15:01:40
2783,200,556600,15:01:40
2784,500,1392000,15:01:40
2784,200,556800,15:01:40
2784,100,278400,15:01:40
2785,200,557000,15:01:35
2785,100,278500,15:01:27
2785,200,557000,15:01:27
2784,100,278400,15:01:27
2784,300,835200,15:01:22
2785,200,557000,15:01:22
2785,200,557000,15:01:22
2785,200,557000,15:01:14
2784,300,835200,15:01:11
2783,100,278300,15:01:08
2783,100,278300,15:01:08
2781,100,278100,15:01:06
2782,100,278200,15:01:04
2782,100,278200,15:01:04
2783,100,278300,15:00:59
2782,100,278200,15:00:58
2781,400,1112400,15:00:46
2782,100,278200,15:00:46
2781,100,278100,15:00:42
2781,600,1668600,15:00:41
2782,100,278200,15:00:41
2782,700,1947400,15:00:41
2783,2000,5566000,15:00:41
2784,1200,3340800,15:00:41
2785,400,1114000,15:00:41
2787,200,557400,15:00:33
2788,300,836400,15:00:25
2787,1100,3065700,15:00:25
2785,100,278500,15:00:22
2785,100,278500,15:00:10
2785,100,278500,15:00:08
2785,300,835500,15:00:07
2785,300,835500,15:00:07
2785,300,835500,15:00:07
2785,100,278500,15:00:07
2785,300,835500,15:00:07
2786,100,278600,15:00:04
2786,1900,5293400,15:00:04
2787,300,836100,15:00:03
2787,100,278700,15:00:03
2787,100,278700,15:00:03
2787,100,278700,14:59:59
2787,200,557400,14:59:31
2787,100,278700,14:59:31
2787,100,278700,14:59:23
2787,200,557400,14:59:19
2787,100,278700,14:59:18
2787,100,278700,14:59:09
2786,800,2228800,14:59:08
2787,100,278700,14:59:08
2787,100,278700,14:59:04
2787,100,278700,14:58:58
2787,400,1114800,14:58:55
2788,100,278800,14:58:42
2789,100,278900,14:58:39
2789,100,278900,14:58:38
2789,400,1115600,14:58:38
2788,500,1394000,14:58:38
2788,600,1672800,14:58:38
2787,1200,3344400,14:58:38
2787,100,278700,14:58:23
2787,100,278700,14:58:23
2787,100,278700,14:58:18
2788,200,557600,14:58:12
2788,1700,4739600,14:58:12
2789,100,278900,14:57:55
2789,100,278900,14:57:54
2788,100,278800,14:57:53
2788,300,836400,14:57:43
2787,300,836100,14:57:43
2787,300,836100,14:57:43
2787,300,836100,14:57:43
2787,100,278700,14:57:34
2788,100,278800,14:57:28
2788,1900,5297200,14:57:23
2789,500,1394500,14:57:15
2789,100,278900,14:57:14
2788,300,836400,14:57:12
2789,700,1952300,14:57:12
2789,100,278900,14:57:07
2790,200,558000,14:57:00
2789,200,557800,14:57:00
2789,100,278900,14:56:47
2789,300,836700,14:56:44
2790,200,558000,14:56:37
2789,100,278900,14:56:37
2788,600,1672800,14:56:37
2787,100,278700,14:56:37
2787,600,1672200,14:56:36
2788,700,1951600,14:56:35
2788,400,1115200,14:56:27
2788,100,278800,14:56:26
2789,200,557800,14:56:26
2790,1000,2790000,14:56:25
2791,400,1116400,14:56:05
2791,100,279100,14:56:05
2790,200,558000,14:55:57
2790,200,558000,14:55:57
2788,100,278800,14:55:47
2789,100,278900,14:55:41
2789,500,1394500,14:55:41
2788,100,278800,14:55:39
2788,800,2230400,14:55:39
2789,100,278900,14:55:31
2788,100,278800,14:55:31
2788,100,278800,14:55:31
2788,100,278800,14:55:28
2788,100,278800,14:55:26
2787,100,278700,14:55:26
2787,100,278700,14:55:25
2787,300,836100,14:55:24
2787,100,278700,14:55:18
2787,100,278700,14:55:10
2788,100,278800,14:55:06
2787,300,836100,14:55:02
2787,100,278700,14:54:57
2787,100,278700,14:54:50
2788,100,278800,14:54:45
2787,100,278700,14:54:34
2787,100,278700,14:54:33
2787,100,278700,14:54:32
2788,800,2230400,14:54:32
2788,100,278800,14:54:32
2789,100,278900,14:54:15
2790,100,279000,14:54:14
2791,300,837300,14:54:12
2790,100,279000,14:54:12
2790,400,1116000,14:54:10
2790,100,279000,14:54:10
2788,600,1672800,14:54:08
2789,300,836700,14:54:08
2790,100,279000,14:54:07
2790,500,1395000,14:54:01
2790,1000,2790000,14:53:58
2789,300,836700,14:53:58
2788,100,278800,14:53:49
2788,100,278800,14:53:47
2787,100,278700,14:53:44
2788,100,278800,14:53:30
2789,200,557800,14:53:24
2787,100,278700,14:53:23
2788,1500,4182000,14:53:22
2789,100,278900,14:53:22
2790,400,1116000,14:53:18
2789,100,278900,14:53:12
2789,200,557800,14:53:12
2789,100,278900,14:53:12
2789,200,557800,14:53:12
2789,1000,2789000,14:53:12
2789,600,1673400,14:53:12
2789,100,278900,14:53:12
2789,300,836700,14:53:12
2788,100,278800,14:53:05
2788,300,836400,14:53:02
2788,100,278800,14:52:41
2788,100,278800,14:52:41
2788,100,278800,14:52:41
2788,100,278800,14:52:41
2788,100,278800,14:52:35
2787,100,278700,14:52:35
2786,100,278600,14:52:28
2788,300,836400,14:52:28
2788,100,278800,14:52:23
2787,100,278700,14:52:22
2787,100,278700,14:52:21
2787,100,278700,14:52:19
2786,100,278600,14:52:07
2787,400,1114800,14:52:06
2788,100,278800,14:52:06
2788,500,1394000,14:52:06
2787,700,1950900,14:52:06
2787,700,1950900,14:52:06
2787,100,278700,14:52:03
2787,200,557400,14:52:01
2786,800,2228800,14:51:52
2786,100,278600,14:51:49
2785,100,278500,14:51:48
2786,200,557200,14:51:44
2786,100,278600,14:51:43
2786,400,1114400,14:51:42
2786,100,278600,14:51:42
2786,100,278600,14:51:41
2787,100,278700,14:51:38
2786,300,835800,14:51:34
2787,100,278700,14:51:34
2787,300,836100,14:51:34
2786,400,1114400,14:51:34
2785,500,1392500,14:51:34
2785,100,278500,14:51:30
2783,200,556600,14:51:30
2784,100,278400,14:51:29
2784,400,1113600,14:51:29
2784,200,556800,14:51:29
2783,100,278300,14:51:19
2783,100,278300,14:51:18
2783,100,278300,14:51:15
2783,800,2226400,14:51:13
2784,200,556800,14:51:02
2783,600,1669800,14:50:53
2783,200,556600,14:50:41
2784,200,556800,14:50:41
2784,400,1113600,14:50:40
2783,100,278300,14:50:36
2784,300,835200,14:50:22
2784,100,278400,14:50:22
2784,100,278400,14:50:21
2785,100,278500,14:50:19
2784,200,556800,14:50:18
2783,300,834900,14:50:18
2783,700,1948100,14:50:18
2783,100,278300,14:50:17
2784,600,1670400,14:50:17
2783,100,278300,14:50:17
2783,100,278300,14:50:16
2783,100,278300,14:50:16
2782,400,1112800,14:50:16
2782,100,278200,14:50:16
2783,100,278300,14:50:15
2781,400,1112400,14:50:13
2782,100,278200,14:50:13
2783,300,834900,14:50:12
2781,200,556200,14:50:12
2782,100,278200,14:50:12
2782,200,556400,14:50:12
2782,100,278200,14:50:12
2782,200,556400,14:50:10
2783,100,278300,14:50:10
2783,100,278300,14:50:10
2784,100,278400,14:50:09
2784,100,278400,14:50:08
2782,1700,4729400,14:50:05
2783,800,2226400,14:50:05
2784,100,278400,14:50:04
2784,100,278400,14:50:04
2783,400,1113200,14:50:04
2783,300,834900,14:50:04
2784,1200,3340800,14:50:03
2784,1500,4176000,14:50:03
2785,500,1392500,14:50:03
2785,500,1392500,14:50:03
2786,100,278600,14:49:59
2786,100,278600,14:49:59
2786,100,278600,14:49:46
2785,100,278500,14:49:39
2786,200,557200,14:49:37
2787,400,1114800,14:49:37
2788,100,278800,14:49:33
2788,100,278800,14:49:28
2788,100,278800,14:49:20
2788,100,278800,14:49:19
2788,100,278800,14:49:15
2788,100,278800,14:49:15
2788,100,278800,14:49:15
2787,700,1950900,14:49:15
2786,600,1671600,14:49:15
2786,300,835800,14:49:15
2786,300,835800,14:49:15
2786,300,835800,14:49:15
2786,100,278600,14:49:15
2786,100,278600,14:49:15
2786,700,1950200,14:49:15
2786,900,2507400,14:49:15
2787,200,557400,14:48:51
2787,400,1114800,14:48:43
2788,100,278800,14:48:40
2787,100,278700,14:48:25
2788,100,278800,14:48:18
2788,300,836400,14:48:15
2788,100,278800,14:48:15
2789,200,557800,14:48:10
2790,100,279000,14:48:06
2789,100,278900,14:48:05
2788,600,1672800,14:47:51
2789,100,278900,14:47:48
2789,300,836700,14:47:48
2790,100,279000,14:47:47
2790,300,837000,14:47:47
2789,400,1115600,14:47:47
2788,100,278800,14:47:37
2788,100,278800,14:47:37
2788,100,278800,14:47:28
2788,200,557600,14:47:25
2788,100,278800,14:47:25
2790,100,279000,14:47:25
2789,700,1952300,14:47:25
2787,100,278700,14:47:24
2786,100,278600,14:47:23
2786,200,557200,14:47:17
2786,200,557200,14:47:17
2786,200,557200,14:47:17
2786,200,557200,14:47:17
2787,100,278700,14:47:15
2786,300,835800,14:47:10
2787,100,278700,14:47:10
2788,100,278800,14:47:10
2789,500,1394500,14:47:10
2789,100,278900,14:47:10
2788,100,278800,14:47:04
2789,500,1394500,14:47:04
2789,100,278900,14:47:03
2787,100,278700,14:46:48
2786,400,1114400,14:46:46
2787,400,1114800,14:46:46
2788,100,278800,14:46:46
2788,100,278800,14:46:46
2788,100,278800,14:46:46
2789,200,557800,14:46:41
2789,100,278900,14:46:37
2790,300,837000,14:46:36
2789,100,278900,14:46:35
2789,100,278900,14:46:34
2790,100,279000,14:46:33
2789,100,278900,14:46:33
2789,100,278900,14:46:33
2789,300,836700,14:46:29
2788,200,557600,14:46:29
2787,500,1393500,14:46:29
2786,100,278600,14:46:22
2787,200,557400,14:46:22
2787,500,1393500,14:46:21
2788,100,278800,14:46:20
2786,100,278600,14:46:16
2786,100,278600,14:46:15
2785,200,557000,14:46:15
2786,700,1950200,14:46:15
2787,100,278700,14:46:15
2787,700,1950900,14:46:15
2788,100,278800,14:46:15
2787,100,278700,14:46:15
2788,300,836400,14:46:15
2788,100,278800,14:46:15
2788,700,1951600,14:46:15
2788,3100,8642800,14:46:15
2789,100,278900,14:46:15
2789,100,278900,14:46:12
2790,300,837000,14:46:08
2789,400,1115600,14:46:08
2788,100,278800,14:46:01
2789,100,278900,14:45:59
2789,100,278900,14:45:59
2789,100,278900,14:45:59
2789,200,557800,14:45:55
2789,200,557800,14:45:55
2788,600,1672800,14:45:55
2787,900,2508300,14:45:53
2787,200,557400,14:45:52
2787,100,278700,14:45:51
2787,100,278700,14:45:51
2787,100,278700,14:45:46
2788,100,278800,14:45:46
2788,900,2509200,14:45:42
2788,200,557600,14:45:42
2788,200,557600,14:45:42
2788,400,1115200,14:45:42
2788,400,1115200,14:45:42
2788,400,1115200,14:45:42
2788,400,1115200,14:45:42
2788,100,278800,14:45:41
2788,200,557600,14:45:39
2788,100,278800,14:45:38
2788,100,278800,14:45:36
2788,100,278800,14:45:35
2789,100,278900,14:45:35
2789,100,278900,14:45:35
2789,100,278900,14:45:35
2790,2400,6696000,14:45:35
2791,100,279100,14:45:34
2792,700,1954400,14:45:34
2791,100,279100,14:45:34
2790,900,2511000,14:45:33
2791,100,279100,14:45:31
2790,100,279000,14:45:31
2790,200,558000,14:45:30
2790,200,558000,14:45:30
2790,100,279000,14:45:30
2791,600,1674600,14:45:30
2792,100,279200,14:45:20
2792,100,279200,14:45:19
2792,100,279200,14:45:17
2792,200,558400,14:45:15
2792,300,837600,14:45:15
2792,400,1116800,14:45:15
2792,400,1116800,14:45:15
2792,300,837600,14:45:12
2792,300,837600,14:45:11
2792,100,279200,14:45:11
2792,100,279200,14:45:11
2793,300,837900,14:45:10
2793,400,1117200,14:45:10
2793,200,558600,14:45:10
2793,400,1117200,14:45:10
2794,100,279400,14:45:05
2794,200,558800,14:45:05
2794,100,279400,14:45:03
2794,200,558800,14:44:58
2794,100,279400,14:44:58
2794,300,838200,14:44:57
2795,600,1677000,14:44:42
2795,100,279500,14:44:42
2796,100,279600,14:44:39
2796,1700,4753200,14:44:39
2797,100,279700,14:44:36
2797,400,1118800,14:44:36
2797,100,279700,14:44:28
2797,200,559400,14:44:28
2797,200,559400,14:44:28
2797,200,559400,14:44:28
2797,100,279700,14:44:25
2796,100,279600,14:44:22
2797,400,1118800,14:44:21
2797,100,279700,14:44:00
2797,200,559400,14:43:53
2797,700,1957900,14:43:53
2797,300,839100,14:43:53
2796,800,2236800,14:43:53
2796,100,279600,14:43:34
2796,100,279600,14:43:32
2795,200,559000,14:43:22
2795,100,279500,14:43:14
2794,100,279400,14:43:13
2794,100,279400,14:43:13
2795,1700,4751500,14:43:13
2796,200,559200,14:43:07
2796,100,279600,14:43:07
2797,100,279700,14:43:03
2797,200,559400,14:43:02
2797,300,839100,14:43:02
2798,100,279800,14:43:02
2797,100,279700,14:43:02
2797,200,559400,14:43:02
2797,100,279700,14:43:01
2797,100,279700,14:43:01
2796,100,279600,14:42:57
2795,100,279500,14:42:52
2796,100,279600,14:42:52
2796,100,279600,14:42:47
2796,200,559200,14:42:43
2795,100,279500,14:42:43
2795,100,279500,14:42:37
2795,100,279500,14:42:35
2794,200,558800,14:42:35
2794,300,838200,14:42:30
2794,100,279400,14:42:25
2795,100,279500,14:42:20
2795,100,279500,14:42:09
2795,100,279500,14:42:08
2794,400,1117600,14:42:08
2794,500,1397000,14:42:08
2795,700,1956500,14:42:02
2796,100,279600,14:42:01
2795,100,279500,14:41:47
2795,400,1118000,14:41:44
2794,100,279400,14:41:43
2794,200,558800,14:41:42
2794,100,279400,14:41:42
2794,100,279400,14:41:42
2795,100,279500,14:41:35
2794,600,1676400,14:41:33
2795,200,559000,14:41:33
2795,100,279500,14:41:33
2796,300,838800,14:41:32
2796,100,279600,14:41:32
2796,100,279600,14:41:31
2797,100,279700,14:41:31
2798,200,559600,14:41:27
2797,100,279700,14:41:27
2798,100,279800,14:41:24
2797,100,279700,14:41:20
2798,200,559600,14:41:20
2797,100,279700,14:41:20
2797,900,2517300,14:41:20
2798,2900,8114200,14:41:20
2799,100,279900,14:41:14
2798,100,279800,14:41:10
2800,500,1400000,14:41:09
2800,100,280000,14:41:03
2798,100,279800,14:41:03
2800,100,280000,14:41:03
2799,100,279900,14:41:03
2799,400,1119600,14:41:03
2799,100,279900,14:41:03
2798,2400,6715200,14:41:03
2797,500,1398500,14:41:03
2796,1300,3634800,14:41:03
2795,300,838500,14:41:01
2795,300,838500,14:41:01
2795,200,559000,14:41:01
2794,100,279400,14:40:44
2794,200,558800,14:40:44
2794,100,279400,14:40:30
2793,100,279300,14:40:20
2793,100,279300,14:40:20
2792,100,279200,14:40:16
2793,100,279300,14:40:14
2792,100,279200,14:40:08
2792,200,558400,14:40:04
2792,500,1396000,14:40:03
2793,500,1396500,14:40:03
2793,300,837900,14:40:03
2793,100,279300,14:39:58
2793,100,279300,14:39:54
2794,300,838200,14:39:54
2795,100,279500,14:39:54
2795,100,279500,14:39:43
2795,100,279500,14:39:42
2794,100,279400,14:39:42
2794,100,279400,14:39:42
2794,100,279400,14:39:42
2794,100,279400,14:39:42
2794,1000,2794000,14:39:41
2795,400,1118000,14:39:41
2795,400,1118000,14:39:41
2795,400,1118000,14:39:41
2794,100,279400,14:39:27
2794,100,279400,14:39:27
2794,100,279400,14:39:27
2793,300,837900,14:39:27
2793,500,1396500,14:39:27
2791,100,279100,14:39:14
2792,1300,3629600,14:39:14
2792,100,279200,14:39:14
2792,100,279200,14:39:14
2792,100,279200,14:39:07
2792,100,279200,14:39:07
2791,100,279100,14:39:02
2791,100,279100,14:39:00
2792,400,1116800,14:38:40
2790,200,558000,14:38:40
2791,100,279100,14:38:40
2791,100,279100,14:38:13
2791,100,279100,14:38:10
2792,1000,2792000,14:38:08
2792,100,279200,14:38:05
2792,100,279200,14:38:05
2793,100,279300,14:38:04
2793,200,558600,14:37:52
2794,400,1117600,14:37:52
2793,100,279300,14:37:52
2793,200,558600,14:37:49
2794,600,1676400,14:37:49
2794,800,2235200,14:37:49
2793,500,1396500,14:37:44
2793,200,558600,14:37:44
2792,200,558400,14:37:41
2792,100,279200,14:37:32
2793,100,279300,14:37:29
2792,300,837600,14:37:29
2791,100,279100,14:37:25
2791,300,837300,14:37:22
2791,400,1116400,14:37:13
2792,200,558400,14:36:23
2793,100,279300,14:36:16
2792,500,1396000,14:36:15
2792,900,2512800,14:36:15
2791,1900,5302900,14:36:15
2790,100,279000,14:36:15
2790,100,279000,14:36:15
2790,200,558000,14:36:15
2790,400,1116000,14:36:15
2790,400,1116000,14:36:15
2790,400,1116000,14:36:15
2790,300,837000,14:36:15
2790,100,279000,14:36:15
2790,400,1116000,14:36:15
2790,100,279000,14:36:15
2791,400,1116400,14:36:06
2792,500,1396000,14:36:06
2792,700,1954400,14:36:06
2792,500,1396000,14:36:04
2792,200,558400,14:36:04
2792,300,837600,14:36:04
2792,200,558400,14:35:54
2791,100,279100,14:35:53
2791,100,279100,14:35:53
2792,100,279200,14:35:53
2791,200,558200,14:35:52
2791,200,558200,14:35:51
2791,100,279100,14:35:51
2792,800,2233600,14:35:51
2793,100,279300,14:35:45
2793,100,279300,14:35:43
2793,700,1955100,14:35:40
2795,900,2515500,14:35:40
2794,100,279400,14:35:40
2794,100,279400,14:35:38
2794,100,279400,14:35:38
2794,100,279400,14:35:37
2794,100,279400,14:35:33
2794,1300,3632200,14:35:33
2793,400,1117200,14:35:33
2793,400,1117200,14:35:33
2793,700,1955100,14:35:33
2792,500,1396000,14:35:25
2791,200,558200,14:35:11
2792,100,279200,14:35:06
2792,100,279200,14:35:05
2791,100,279100,14:35:01
2791,300,837300,14:35:01
2792,500,1396000,14:35:01
2793,100,279300,14:34:45
2793,100,279300,14:34:39
2793,200,558600,14:34:37
2793,200,558600,14:34:37
2793,100,279300,14:34:24
2793,600,1675800,14:34:24
2793,200,558600,14:34:22
2793,200,558600,14:34:20
2793,500,1396500,14:34:20
2793,100,279300,14:34:17
2793,1100,3072300,14:34:11
2792,1200,3350400,14:34:11
2791,100,279100,14:34:10
2791,100,279100,14:33:54
2791,400,1116400,14:33:54
2790,100,279000,14:33:50
2790,100,279000,14:33:46
2790,200,558000,14:33:32
2789,300,836700,14:33:26
2790,300,837000,14:33:26
2790,100,279000,14:33:26
2790,200,558000,14:33:21
2791,100,279100,14:33:17
2790,200,558000,14:33:17
2791,500,1395500,14:33:16
2790,300,837000,14:33:15
2790,100,279000,14:33:06
2789,100,278900,14:33:00
2790,200,558000,14:32:54
2791,100,279100,14:32:42
2792,200,558400,14:32:41
2791,100,279100,14:32:41
2790,100,279000,14:32:41
2790,200,558000,14:32:41
2791,300,837300,14:32:41
2790,100,279000,14:32:41
2790,500,1395000,14:32:39
2789,100,278900,14:32:39
2790,100,279000,14:32:39
2789,100,278900,14:32:39
2789,1600,4462400,14:32:39
2789,100,278900,14:32:39
2790,500,1395000,14:32:39
2789,100,278900,14:32:37
2789,100,278900,14:32:37
2788,100,278800,14:32:33
2789,100,278900,14:32:20
2788,200,557600,14:32:19
2788,100,278800,14:32:14
2788,300,836400,14:32:08
2788,200,557600,14:32:05
2787,100,278700,14:31:52
2787,100,278700,14:31:51
2785,400,1114000,14:31:49
2786,100,278600,14:31:49
2787,300,836100,14:31:43
2787,100,278700,14:31:43
2786,100,278600,14:31:43
2785,100,278500,14:31:42
2786,500,1393000,14:31:41
2786,400,1114400,14:31:41
2787,300,836100,14:31:41
2788,1100,3066800,14:31:41
2789,100,278900,14:31:39
2789,100,278900,14:31:38
2789,100,278900,14:31:38
2789,100,278900,14:31:38
2789,100,278900,14:31:38
2789,100,278900,14:31:30
2789,200,557800,14:31:30
2789,500,1394500,14:31:29
2790,500,1395000,14:31:22
2790,700,1953000,14:31:18
2790,100,279000,14:31:17
2790,100,279000,14:31:15
2791,200,558200,14:31:13
2791,200,558200,14:31:13
2790,200,558000,14:31:12
2790,200,558000,14:31:06
2789,200,557800,14:31:04
2790,400,1116000,14:31:04
2791,100,279100,14:31:01
2792,100,279200,14:30:58
2792,800,2233600,14:30:58
2793,100,279300,14:30:58
2794,100,279400,14:30:58
2794,100,279400,14:30:58
2793,800,2234400,14:30:58
2792,200,558400,14:30:58
2791,700,1953700,14:30:58
2790,100,279000,14:30:57
2792,400,1116800,14:30:56
2791,100,279100,14:30:56
2790,200,558000,14:30:50
2791,100,279100,14:30:50
2790,600,1674000,14:30:49
2790,200,558000,14:30:49
2791,200,558200,14:30:48
2791,100,279100,14:30:44
2791,100,279100,14:30:43
2792,200,558400,14:30:42
2793,700,1955100,14:30:41
2794,100,279400,14:30:41
2794,200,558800,14:30:41
2794,300,838200,14:30:41
2794,600,1676400,14:30:41
2794,600,1676400,14:30:41
2793,600,1675800,14:30:41
2792,100,279200,14:30:41
2792,400,1116800,14:30:40
2793,200,558600,14:30:36
2793,600,1675800,14:30:36
2792,100,279200,14:30:35
2791,200,558200,14:30:34
2792,200,558400,14:30:32
2792,300,837600,14:30:32
2792,200,558400,14:30:31
2791,600,1674600,14:30:31
2790,600,1674000,14:30:31
2789,100,278900,14:30:31
2788,500,1394000,14:30:17
2789,400,1115600,14:30:16
2789,100,278900,14:30:16
2788,100,278800,14:30:13
2789,100,278900,14:30:13
2788,200,557600,14:30:08
2789,800,2231200,14:30:06
2790,100,279000,14:30:06
2790,800,2232000,14:30:06
2789,300,836700,14:30:06
2789,100,278900,14:30:06
2788,200,557600,14:30:05
2788,100,278800,14:30:05
2787,300,836100,14:30:03
2785,100,278500,14:30:03
2786,200,557200,14:29:55
2787,100,278700,14:29:55
2786,1600,4457600,14:29:55
2786,100,278600,14:29:55
2786,100,278600,14:29:55
2785,300,835500,14:29:55
2784,100,278400,14:29:54
2785,200,557000,14:29:53
2783,300,834900,14:29:53
2784,100,278400,14:29:53
2783,100,278300,14:29:52
2784,100,278400,14:29:52
2784,100,278400,14:29:51
2784,300,835200,14:29:51
2785,1200,3342000,14:29:50
2786,200,557200,14:29:48
2788,400,1115200,14:29:48
2787,600,1672200,14:29:48
2786,100,278600,14:29:41
2787,100,278700,14:29:40
2787,100,278700,14:29:39
2787,200,557400,14:29:37
2785,300,835500,14:29:36
2786,200,557200,14:29:36
2786,200,557200,14:29:36
2786,100,278600,14:29:35
2787,200,557400,14:29:31
2788,300,836400,14:29:24
2787,100,278700,14:29:24
2788,300,836400,14:29:24
2787,600,1672200,14:29:20
2788,300,836400,14:29:20
2788,300,836400,14:29:20
2788,300,836400,14:29:20
2788,300,836400,14:29:20
2789,300,836700,14:29:15
2789,100,278900,14:29:11
2791,100,279100,14:29:04
2791,100,279100,14:29:01
2791,200,558200,14:28:58
2789,300,836700,14:28:53
2790,100,279000,14:28:53
2790,200,558000,14:28:47
2790,100,279000,14:28:46
2789,100,278900,14:28:46
2789,100,278900,14:28:40
2790,100,279000,14:28:39
2789,300,836700,14:28:37
2790,400,1116000,14:28:35
2790,800,2232000,14:28:35
2790,500,1395000,14:28:35
2791,100,279100,14:28:30
2791,100,279100,14:28:27
2791,100,279100,14:28:23
2791,100,279100,14:28:23
2791,100,279100,14:28:23
2791,300,837300,14:28:10
2790,700,1953000,14:28:05
2791,300,837300,14:28:04
2790,200,558000,14:28:04
2789,200,557800,14:28:04
2788,800,2230400,14:28:04
2789,1200,3346800,14:28:04
2790,200,558000,14:28:00
2791,100,279100,14:27:59
2791,100,279100,14:27:56
2790,400,1116000,14:27:56
2790,900,2511000,14:27:56
2791,100,279100,14:27:54
2791,100,279100,14:27:50
2791,100,279100,14:27:50
2791,200,558200,14:27:49
2792,1000,2792000,14:27:49
2792,200,558400,14:27:49
2791,300,837300,14:27:49
2791,300,837300,14:27:49
2791,100,279100,14:27:49
2791,100,279100,14:27:49
2790,1000,2790000,14:27:49
2790,300,837000,14:27:49
2791,200,558200,14:27:49
2790,100,279000,14:27:44
2791,100,279100,14:27:43
2789,100,278900,14:27:28
2791,600,1674600,14:27:27
2790,200,558000,14:27:25
2790,500,1395000,14:27:25
2789,300,836700,14:27:25
2790,400,1116000,14:27:25
2791,800,2232800,14:27:24
2790,200,558000,14:27:24
2790,500,1395000,14:27:24
2790,100,279000,14:27:22
2789,200,557800,14:27:22
2790,100,279000,14:27:22
2790,100,279000,14:27:22
2791,500,1395500,14:27:22
2790,600,1674000,14:27:21
2790,500,1395000,14:27:21
2791,300,837300,14:27:20
2791,100,279100,14:27:20
2790,500,1395000,14:27:20
2790,100,279000,14:27:20
2789,100,278900,14:27:19
2790,200,558000,14:27:19
2792,300,837600,14:27:19
2791,500,1395500,14:27:19
2790,100,279000,14:27:19
2790,200,558000,14:27:19
2790,200,558000,14:27:17
2789,400,1115600,14:27:16
2789,100,278900,14:27:15
2790,200,558000,14:27:15
2790,300,837000,14:27:15
2790,100,279000,14:27:15
2790,100,279000,14:27:15
2792,300,837600,14:27:15
2791,400,1116400,14:27:15
2790,200,558000,14:27:15
2790,600,1674000,14:27:14
2788,600,1672800,14:27:13
2790,700,1953000,14:27:12
2789,200,557800,14:27:12
2788,400,1115200,14:27:10
2789,600,1673400,14:27:10
2789,400,1115600,14:27:10
2788,200,557600,14:27:10
2787,200,557400,14:27:10
2787,400,1114800,14:27:09
2788,100,278800,14:27:08
2787,100,278700,14:27:08
2787,100,278700,14:27:05
2788,100,278800,14:27:04
2787,100,278700,14:27:04
2788,200,557600,14:27:03
2789,100,278900,14:27:02
2787,200,557400,14:27:01
2788,200,557600,14:27:01
2788,200,557600,14:27:00
2789,300,836700,14:27:00
2789,500,1394500,14:27:00
2790,100,279000,14:26:59
2790,100,279000,14:26:57
2789,600,1673400,14:26:56
2787,500,1393500,14:26:55
2788,200,557600,14:26:55
2787,300,836100,14:26:54
2786,400,1114400,14:26:54
2788,400,1115200,14:26:53
2786,500,1393000,14:26:53
2786,200,557200,14:26:53
2787,100,278700,14:26:52
2786,400,1114400,14:26:52
2786,400,1114400,14:26:51
2788,300,836400,14:26:51
2787,100,278700,14:26:51
2787,500,1393500,14:26:51
2785,100,278500,14:26:50
2786,300,835800,14:26:50
2787,200,557400,14:26:50
2787,100,278700,14:26:50
2786,300,835800,14:26:49
2787,200,557400,14:26:49
2787,200,557400,14:26:49
2787,400,1114800,14:26:49
2787,100,278700,14:26:48
2788,200,557600,14:26:48
2788,100,278800,14:26:48
2787,100,278700,14:26:48
2787,100,278700,14:26:48
2788,400,1115200,14:26:47
2790,200,558000,14:26:47
2789,500,1394500,14:26:47
2789,300,836700,14:26:46
2789,300,836700,14:26:46
2789,300,836700,14:26:45
2790,300,837000,14:26:44
2790,200,558000,14:26:43
2791,100,279100,14:26:43
2792,100,279200,14:26:43
2790,900,2511000,14:26:43
2791,100,279100,14:26:43
2791,100,279100,14:26:43
2791,200,558200,14:26:42
2791,200,558200,14:26:41
2792,100,279200,14:26:41
2792,100,279200,14:26:41
2792,400,1116800,14:26:40
2792,1100,3071200,14:26:40
2793,400,1117200,14:26:36
2794,100,279400,14:26:35
2793,100,279300,14:26:29
2793,100,279300,14:26:27
2793,100,279300,14:26:27
2793,100,279300,14:26:27
2794,500,1397000,14:26:26
2794,100,279400,14:26:21
2793,200,558600,14:26:20
2795,100,279500,14:26:18
2794,100,279400,14:26:18
2794,100,279400,14:26:17
2794,300,838200,14:26:17
2792,200,558400,14:26:07
2793,100,279300,14:26:01
2794,500,1397000,14:25:53
2793,400,1117200,14:25:47
2793,800,2234400,14:25:47
2792,300,837600,14:25:47
2792,100,279200,14:25:46
2792,100,279200,14:25:43
2793,500,1396500,14:25:43
2792,200,558400,14:25:43
2792,300,837600,14:25:41
2791,300,837300,14:25:40
2791,200,558200,14:25:31
2792,1700,4746400,14:25:31
2791,300,837300,14:25:31
2790,300,837000,14:25:27
2791,500,1395500,14:25:19
2791,800,2232800,14:25:19
2790,300,837000,14:25:19
2790,300,837000,14:25:19
2789,300,836700,14:25:19
2789,400,1115600,14:25:19
2788,200,557600,14:25:19
2788,100,278800,14:25:18
2788,100,278800,14:25:18
2789,300,836700,14:25:17
2789,100,278900,14:25:17
2790,1900,5301000,14:25:17
2790,100,279000,14:25:17
2791,4300,12001300,14:25:17
2792,800,2233600,14:25:17
2793,400,1117200,14:25:07
2793,100,279300,14:25:05
2793,100,279300,14:24:58
2793,200,558600,14:24:58
2793,100,279300,14:24:48
2795,300,838500,14:24:42
2794,200,558800,14:24:42
2794,100,279400,14:24:41
2793,200,558600,14:24:40
2793,300,837900,14:24:40
2794,100,279400,14:24:40
2794,200,558800,14:24:35
2794,200,558800,14:24:35
2794,100,279400,14:24:20
2794,100,279400,14:24:19
2795,200,559000,14:24:12
2795,200,559000,14:24:12
2795,600,1677000,14:24:12
2796,100,279600,14:24:12
2797,100,279700,14:24:12
2796,100,279600,14:24:12
2796,100,279600,14:24:12
2795,100,279500,14:24:12
2794,200,558800,14:24:12
2795,100,279500,14:24:12
2797,800,2237600,14:24:12
2796,1700,4753200,14:24:12
2796,500,1398000,14:24:12
2796,200,559200,14:24:12
2795,2300,6428500,14:24:12
2794,100,279400,14:24:12
2793,100,279300,14:24:11
2793,1300,3630900,14:24:09
2792,500,1396000,14:24:06
2792,300,837600,14:24:06
2793,300,837900,14:24:01
2793,100,279300,14:23:58
2793,100,279300,14:23:57
2793,100,279300,14:23:57
2792,200,558400,14:23:57
2792,200,558400,14:23:57
2792,600,1675200,14:23:56
2792,500,1396000,14:23:55
2793,100,279300,14:23:55
2793,100,279300,14:23:55
2793,100,279300,14:23:55
2794,400,1117600,14:23:51
2795,100,279500,14:23:51
2795,100,279500,14:23:51
2795,100,279500,14:23:48
2795,100,279500,14:23:47
2795,600,1677000,14:23:41
2796,100,279600,14:23:40
2796,300,838800,14:23:36
2795,1000,2795000,14:23:35
2797,600,1678200,14:23:35
2796,400,1118400,14:23:35
2795,100,279500,14:23:35
2794,100,279400,14:23:28
2796,400,1118400,14:23:22
2796,500,1398000,14:23:22
2795,100,279500,14:23:22
2795,300,838500,14:23:22
2796,200,559200,14:23:22
2796,100,279600,14:23:22
2798,200,559600,14:23:22
2797,700,1957900,14:23:22
2796,100,279600,14:23:22
2796,300,838800,14:23:17
2796,100,279600,14:23:17
2796,200,559200,14:23:17
2796,500,1398000,14:23:16
2797,300,839100,14:23:15
2796,100,279600,14:23:13
2798,100,279800,14:23:13
2797,500,1398500,14:23:13
2796,400,1118400,14:23:13
2796,100,279600,14:23:12
2795,200,559000,14:23:12
2795,300,838500,14:23:12
2794,900,2514600,14:23:12
2793,400,1117200,14:23:03
2792,200,558400,14:23:01
2792,200,558400,14:23:01
2792,300,837600,14:22:52
2792,300,837600,14:22:52
2792,500,1396000,14:22:49
2791,400,1116400,14:22:49
2789,100,278900,14:22:48
2789,1900,5299100,14:22:48
2790,100,279000,14:22:47
2790,300,837000,14:22:46
2790,700,1953000,14:22:46
2790,700,1953000,14:22:46
2789,100,278900,14:22:44
2789,1200,3346800,14:22:44
2789,100,278900,14:22:40
2789,200,557800,14:22:40
2788,100,278800,14:22:40
2788,100,278800,14:22:35
2788,300,836400,14:22:27
2788,100,278800,14:22:27
2788,200,557600,14:22:26
2788,300,836400,14:22:26
2788,100,278800,14:22:25
2787,300,836100,14:22:25
2786,1100,3064600,14:22:25
2786,100,278600,14:22:22
2785,100,278500,14:22:21
2785,300,835500,14:22:21
2785,100,278500,14:22:21
2785,100,278500,14:22:15
2784,100,278400,14:22:14
2785,100,278500,14:22:13
2785,300,835500,14:22:13
2784,1200,3340800,14:22:13
2784,100,278400,14:22:10
2783,300,834900,14:22:09
2783,200,556600,14:22:09
2783,100,278300,14:22:06
2783,400,1113200,14:22:02
2783,100,278300,14:22:02
2783,100,278300,14:22:02
2783,100,278300,14:21:57
2783,200,556600,14:21:57
2783,400,1113200,14:21:56
2784,100,278400,14:21:55
2782,200,556400,14:21:55
2783,800,2226400,14:21:55
2784,100,278400,14:21:52
2784,100,278400,14:21:50
2784,100,278400,14:21:46
2784,100,278400,14:21:41
2784,500,1392000,14:21:40
2783,100,278300,14:21:35
2784,100,278400,14:21:28
2784,700,1948800,14:21:24
2784,100,278400,14:21:24
2783,200,556600,14:21:24
2783,100,278300,14:21:17
2783,100,278300,14:21:12
2783,200,556600,14:21:10
2783,600,1669800,14:21:10
2781,100,278100,14:21:10
2782,300,834600,14:21:10
2782,100,278200,14:21:06
2783,100,278300,14:21:01
2783,100,278300,14:20:58
2784,100,278400,14:20:58
2784,500,1392000,14:20:57
2783,700,1948100,14:20:57
2782,2500,6955000,14:20:57
2781,100,278100,14:20:55
2781,100,278100,14:20:48
2781,200,556200,14:20:48
2781,300,834300,14:20:39
2782,200,556400,14:20:38
2782,900,2503800,14:20:38
2783,100,278300,14:20:37
2783,100,278300,14:20:26
2782,400,1112800,14:20:23
2781,100,278100,14:20:22
2781,200,556200,14:20:13
2780,100,278000,14:20:12
2781,400,1112400,14:20:12
2780,100,278000,14:20:12
2780,100,278000,14:20:12
2780,400,1112000,14:20:11
2780,100,278000,14:20:11
2780,300,834000,14:20:11
2780,500,1390000,14:20:11
2780,100,278000,14:20:11
2780,200,556000,14:20:11
2780,100,278000,14:20:11
2781,400,1112400,14:20:11
2781,100,278100,14:20:11
2781,800,2224800,14:20:11
2782,1100,3060200,14:20:11
2782,200,556400,14:20:11
2783,300,834900,14:20:08
2783,100,278300,14:20:08
2783,300,834900,14:20:08
2783,100,278300,14:20:03
2783,100,278300,14:20:00
2783,1000,2783000,14:20:00
2784,900,2505600,14:20:00
2785,200,557000,14:19:59
2785,100,278500,14:19:59
2785,200,557000,14:19:59
2785,200,557000,14:19:59
2785,200,557000,14:19:59
2785,500,1392500,14:19:58
2786,100,278600,14:19:54
2786,200,557200,14:19:53
2786,300,835800,14:19:53
2787,1200,3344400,14:19:52
2788,900,2509200,14:19:48
2788,100,278800,14:19:48
2788,200,557600,14:19:48
2788,100,278800,14:19:47
2789,100,278900,14:19:35
2790,100,279000,14:19:29
2790,300,837000,14:19:28
2789,100,278900,14:19:21
2789,1000,2789000,14:19:21
2789,900,2510100,14:19:21
2789,100,278900,14:19:20
2788,300,836400,14:19:20
2787,100,278700,14:19:17
2787,700,1950900,14:19:17
2788,300,836400,14:19:17
2789,400,1115600,14:19:13
2790,400,1116000,14:19:08
2791,400,1116400,14:19:07
2790,100,279000,14:19:06
2791,200,558200,14:19:04
2791,200,558200,14:19:04
2790,100,279000,14:19:04
2790,100,279000,14:19:04
2790,400,1116000,14:19:04
2790,400,1116000,14:19:04
2790,400,1116000,14:19:04
2790,400,1116000,14:19:04
2791,400,1116400,14:19:02
2792,100,279200,14:19:02
2791,100,279100,14:19:02
2790,100,279000,14:19:00
2790,100,279000,14:18:55
2790,200,558000,14:18:55
2790,100,279000,14:18:53
2792,100,279200,14:18:53
2794,600,1676400,14:18:53
2793,1100,3072300,14:18:53
2792,200,558400,14:18:53
2790,500,1395000,14:18:50
2791,400,1116400,14:18:50
2791,600,1674600,14:18:50
2790,1100,3069000,14:18:50
2789,200,557800,14:18:43
2789,1500,4183500,14:18:42
2788,100,278800,14:18:42
2788,1300,3624400,14:18:42
2786,100,278600,14:18:40
2787,100,278700,14:18:34
2786,100,278600,14:18:32
2788,100,278800,14:18:31
2787,100,278700,14:18:29
2788,300,836400,14:18:27
2786,200,557200,14:18:23
2787,300,836100,14:18:21
2786,100,278600,14:18:21
2786,500,1393000,14:18:17
2786,100,278600,14:18:17
2785,400,1114000,14:18:17
2784,100,278400,14:18:13
2784,200,556800,14:18:13
2784,100,278400,14:18:11
2784,100,278400,14:18:09
2783,500,1391500,14:18:08
2783,900,2504700,14:18:08
2784,200,556800,14:18:07
2784,100,278400,14:18:01
2783,400,1113200,14:17:56
2784,100,278400,14:17:56
2785,100,278500,14:17:53
2783,200,556600,14:17:52
2785,100,278500,14:17:52
2784,300,835200,14:17:52
2783,100,278300,14:17:51
2783,600,1669800,14:17:49
2783,1000,2783000,14:17:37
2783,300,834900,14:17:37
2783,300,834900,14:17:33
2783,200,556600,14:17:33
2783,100,278300,14:17:31
2783,100,278300,14:17:31
2784,100,278400,14:17:31
2783,1300,3617900,14:17:22
2784,300,835200,14:17:22
2784,200,556800,14:17:22
2785,100,278500,14:17:20
2785,300,835500,14:17:19
2784,200,556800,14:17:14
2783,100,278300,14:17:14
2783,100,278300,14:17:13
2783,200,556600,14:17:13
2783,100,278300,14:17:13
2784,1900,5289600,14:17:13
2785,300,835500,14:17:13
2785,400,1114000,14:17:13
2786,700,1950200,14:17:12
2786,700,1950200,14:17:12
2787,300,836100,14:17:12
2788,300,836400,14:16:55
2788,500,1394000,14:16:54
2788,200,557600,14:16:54
2789,200,557800,14:16:53
2786,100,278600,14:16:38
2787,400,1114800,14:16:35
2788,200,557600,14:16:26
2789,100,278900,14:16:23
2788,400,1115200,14:16:23
2788,100,278800,14:16:20
2788,100,278800,14:16:19
2789,100,278900,14:16:19
2789,300,836700,14:16:19
2789,100,278900,14:16:19
2788,100,278800,14:16:19
2787,100,278700,14:16:19
2789,200,557800,14:16:19
2789,300,836700,14:16:19
2788,100,278800,14:16:19
2788,200,557600,14:16:19
2789,700,1952300,14:16:19
2788,100,278800,14:16:19
2787,700,1950900,14:16:19
2787,700,1950900,14:16:19
2787,100,278700,14:16:19
2788,100,278800,14:16:19
2790,200,558000,14:16:11
2789,200,557800,14:16:11
2788,100,278800,14:16:04
2788,100,278800,14:15:57
2789,1200,3346800,14:15:51
2791,500,1395500,14:15:51
2790,400,1116000,14:15:51
2790,300,837000,14:15:51
2789,100,278900,14:15:51
2789,600,1673400,14:15:50
2789,1000,2789000,14:15:50
2788,100,278800,14:15:48
2788,200,557600,14:15:48
2788,100,278800,14:15:33
2787,100,278700,14:15:32
2788,100,278800,14:15:27
2786,100,278600,14:15:27
2786,200,557200,14:15:27
2786,600,1671600,14:15:27
2786,100,278600,14:15:27
2786,100,278600,14:15:27
2786,300,835800,14:15:27
2786,200,557200,14:15:27
2786,500,1393000,14:15:27
2786,500,1393000,14:15:27
2786,500,1393000,14:15:27
2786,500,1393000,14:15:27
2786,100,278600,14:15:26
2787,100,278700,14:15:25
2787,100,278700,14:15:24
2788,400,1115200,14:15:21
2788,200,557600,14:15:16
2787,100,278700,14:15:15
2787,100,278700,14:15:10
2788,100,278800,14:15:10
2787,200,557400,14:15:01
2787,100,278700,14:15:01
2787,200,557400,14:15:01
2787,200,557400,14:15:01
2786,100,278600,14:14:53
2786,800,2228800,14:14:53
2786,100,278600,14:14:53
2786,500,1393000,14:14:53
2786,100,278600,14:14:51
2786,200,557200,14:14:51
2785,300,835500,14:14:50
2785,500,1392500,14:14:49
2785,500,1392500,14:14:49
2786,100,278600,14:14:38
2786,100,278600,14:14:37
2786,200,557200,14:14:37
2786,200,557200,14:14:37
2787,300,836100,14:14:30
2787,200,557400,14:14:23
2787,900,2508300,14:14:20
2788,100,278800,14:14:16
2788,100,278800,14:14:16
2787,100,278700,14:14:16
2787,100,278700,14:14:15
2786,100,278600,14:14:10
2786,300,835800,14:14:08
2785,500,1392500,14:14:06
2787,100,278700,14:14:05
2786,100,278600,14:14:01
2786,300,835800,14:13:57
2785,100,278500,14:13:52
2786,300,835800,14:13:50
2784,100,278400,14:13:48
2785,100,278500,14:13:47
2785,100,278500,14:13:47
2785,500,1392500,14:13:47
2784,100,278400,14:13:45
2785,100,278500,14:13:44
2785,500,1392500,14:13:37
2786,100,278600,14:13:36
2785,100,278500,14:13:36
2786,200,557200,14:13:34
2786,200,557200,14:13:34
2786,300,835800,14:13:31
2785,200,557000,14:13:31
2785,100,278500,14:13:30
2785,200,557000,14:13:30
2786,100,278600,14:13:28
2786,600,1671600,14:13:28
2787,200,557400,14:13:28
2788,400,1115200,14:13:28
2787,100,278700,14:13:28
2788,200,557600,14:13:28
2787,200,557400,14:13:28
2787,100,278700,14:13:28
2787,800,2229600,14:13:28
2786,300,835800,14:13:28
2786,500,1393000,14:13:28
2785,100,278500,14:13:28
2785,100,278500,14:13:28
2785,100,278500,14:13:28
2784,700,1948800,14:13:28
2784,1300,3619200,14:13:28
2785,2400,6684000,14:13:28
2786,600,1671600,14:13:28
2787,800,2229600,14:13:28
2788,3000,8364000,14:13:28
2789,500,1394500,14:13:21
2788,300,836400,14:13:21
2787,100,278700,14:13:21
2787,300,836100,14:13:21
2788,200,557600,14:13:19
2788,200,557600,14:13:19
2788,100,278800,14:13:19
2788,100,278800,14:13:18
2788,100,278800,14:13:18
2789,500,1394500,14:13:17
2789,300,836700,14:13:17
2789,300,836700,14:13:16
2790,100,279000,14:13:04
2791,100,279100,14:13:01
2792,500,1396000,14:12:59
2791,700,1953700,14:12:59
2790,100,279000,14:12:57
2789,200,557800,14:12:56
2790,100,279000,14:12:56
2790,100,279000,14:12:51
2790,100,279000,14:12:50
2790,100,279000,14:12:47
2790,100,279000,14:12:43
2790,200,558000,14:12:43
2790,200,558000,14:12:43
2791,100,279100,14:12:35
2790,100,279000,14:12:34
2791,100,279100,14:12:34
2791,100,279100,14:12:34
2791,400,1116400,14:12:20
2792,100,279200,14:12:16
2792,100,279200,14:12:16
2792,100,279200,14:12:15
2793,200,558600,14:12:11
2793,200,558600,14:12:10
2794,100,279400,14:12:10
2794,100,279400,14:12:10
2794,1200,3352800,14:12:10
2793,900,2513700,14:12:10
2792,100,279200,14:12:10
2792,800,2233600,14:12:10
2791,900,2511900,14:12:10
2790,400,1116000,14:12:10
2790,100,279000,14:12:09
2790,200,558000,14:12:09
2790,200,558000,14:12:07
2790,500,1395000,14:12:05
2789,100,278900,14:12:02
2790,400,1116000,14:12:00
2790,100,279000,14:12:00
2789,300,836700,14:11:56
2788,100,278800,14:11:55
2787,100,278700,14:11:55
2787,100,278700,14:11:55
2788,1200,3345600,14:11:50
2788,100,278800,14:11:44
2789,200,557800,14:11:38
2790,1200,3348000,14:11:35
2790,600,1674000,14:11:33
2788,700,1951600,14:11:27
2789,1100,3067900,14:11:27
2787,100,278700,14:11:26
2788,200,557600,14:11:26
2788,100,278800,14:11:26
2786,100,278600,14:11:26
2787,300,836100,14:11:26
2787,700,1950900,14:11:26
2787,100,278700,14:11:23
2786,100,278600,14:11:22
2786,100,278600,14:11:20
2786,100,278600,14:11:20
2786,300,835800,14:11:19
2787,500,1393500,14:11:19
2787,200,557400,14:11:13
2787,100,278700,14:11:00
2789,100,278900,14:10:54
2789,1500,4183500,14:10:54
2788,400,1115200,14:10:54
2787,500,1393500,14:10:54
2787,300,836100,14:10:54
2786,200,557200,14:10:50
2786,100,278600,14:10:49
2785,100,278500,14:10:49
2786,200,557200,14:10:49
2786,300,835800,14:10:45
2785,200,557000,14:10:45
2784,100,278400,14:10:45
2785,100,278500,14:10:42
2785,100,278500,14:10:42
2786,100,278600,14:10:33
2786,400,1114400,14:10:33
2786,100,278600,14:10:28
2785,100,278500,14:10:28
2785,100,278500,14:10:28
2783,100,278300,14:10:24
2783,100,278300,14:10:24
2785,100,278500,14:10:24
2784,1100,3062400,14:10:24
2786,100,278600,14:10:24
2786,100,278600,14:10:24
2786,100,278600,14:10:24
2785,600,1671000,14:10:24
2785,700,1949500,14:10:24
2785,100,278500,14:10:24
2787,100,278700,14:10:24
2786,3100,8636600,14:10:24
2787,200,557400,14:10:24
2787,500,1393500,14:10:24
2788,2200,6133600,14:10:24
2789,900,2510100,14:10:24
2791,200,558200,14:10:24
2790,100,279000,14:10:24
2790,100,279000,14:10:24
2789,300,836700,14:10:23
2788,100,278800,14:10:13
2786,100,278600,14:10:05
2787,900,2508300,14:10:04
2790,1600,4464000,14:10:02
2789,1200,3346800,14:10:02
2788,200,557600,14:10:02
2789,100,278900,14:09:58
2788,400,1115200,14:09:58
2786,100,278600,14:09:56
2786,100,278600,14:09:55
2787,100,278700,14:09:55
2788,500,1394000,14:09:54
2788,100,278800,14:09:54
2788,100,278800,14:09:48
2788,200,557600,14:09:46
2790,200,558000,14:09:46
2789,100,278900,14:09:46
2789,100,278900,14:09:45
2790,100,279000,14:09:42
2790,200,558000,14:09:42
2788,300,836400,14:09:36
2789,200,557800,14:09:36
2789,600,1673400,14:09:35
2788,300,836400,14:09:34
2788,400,1115200,14:09:32
2787,100,278700,14:09:31
2788,100,278800,14:09:29
2787,200,557400,14:09:23
2787,100,278700,14:09:13
2787,100,278700,14:09:13
2787,100,278700,14:09:13
2787,100,278700,14:09:13
2787,100,278700,14:09:11
2787,400,1114800,14:09:11
2787,1100,3065700,14:09:08
2788,100,278800,14:08:54
2788,500,1394000,14:08:53
2788,200,557600,14:08:48
2787,100,278700,14:08:47
2788,200,557600,14:08:40
2788,200,557600,14:08:38
2787,200,557400,14:08:35
2787,700,1950900,14:08:29
2788,100,278800,14:08:24
2788,300,836400,14:08:20
2786,100,278600,14:08:16
2787,200,557400,14:08:13
2787,100,278700,14:08:12
2788,600,1672800,14:08:11
2788,400,1115200,14:08:11
2788,200,557600,14:08:00
2788,100,278800,14:07:59
2788,200,557600,14:07:59
2788,200,557600,14:07:59
2789,500,1394500,14:07:59
2789,100,278900,14:07:56
2790,100,279000,14:07:55
2791,200,558200,14:07:55
2791,100,279100,14:07:55
2791,100,279100,14:07:55
2792,900,2512800,14:07:55
2792,400,1116800,14:07:55
2791,300,837300,14:07:55
2790,200,558000,14:07:55
2789,100,278900,14:07:55
2789,200,557800,14:07:55
2789,100,278900,14:07:55
2789,300,836700,14:07:55
2790,300,837000,14:07:51
2790,100,279000,14:07:51
2790,100,279000,14:07:51
2791,100,279100,14:07:51
2790,100,279000,14:07:41
2790,200,558000,14:07:39
2791,100,279100,14:07:38
2790,100,279000,14:07:34
2790,100,279000,14:07:34
2791,100,279100,14:07:34
2791,100,279100,14:07:26
2792,300,837600,14:07:26
2792,400,1116800,14:07:26
2792,400,1116800,14:07:26
2793,300,837900,14:07:24
2793,1500,4189500,14:07:24
2794,200,558800,14:07:24
2794,100,279400,14:07:24
2794,100,279400,14:07:24
2794,100,279400,14:07:22
2794,100,279400,14:07:22
2795,300,838500,14:07:21
2795,400,1118000,14:07:21
2793,200,558600,14:07:21
2794,100,279400,14:07:18
2793,100,279300,14:07:15
2793,100,279300,14:07:14
2793,100,279300,14:07:13
2793,100,279300,14:07:12
2794,100,279400,14:07:12
2795,100,279500,14:07:11
2794,200,558800,14:07:11
2794,100,279400,14:07:11
2792,100,279200,14:07:07
2792,100,279200,14:07:07
2792,200,558400,14:07:07
2793,200,558600,14:07:03
2793,100,279300,14:07:01
2792,700,1954400,14:07:01
2791,300,837300,14:07:01
2791,1000,2791000,14:07:01
2790,700,1953000,14:07:01
2789,100,278900,14:07:01
2790,100,279000,14:06:49
2791,200,558200,14:06:40
2790,300,837000,14:06:40
2789,400,1115600,14:06:40
2788,100,278800,14:06:38
2788,600,1672800,14:06:38
2786,100,278600,14:06:37
2787,100,278700,14:06:36
2788,100,278800,14:06:27
2788,200,557600,14:06:27
2789,300,836700,14:06:26
2789,200,557800,14:06:26
2789,100,278900,14:06:23
2791,200,558200,14:06:18
2790,300,837000,14:06:18
2789,400,1115600,14:06:18
2788,500,1394000,14:06:16
2787,200,557400,14:06:13
2786,100,278600,14:06:12
2788,100,278800,14:06:12
2789,200,557800,14:06:12
2789,200,557800,14:06:10
2789,800,2231200,14:06:09
2790,100,279000,14:06:09
2790,500,1395000,14:06:09
2789,300,836700,14:06:05
2786,200,557200,14:06:05
2787,200,557400,14:06:05
2787,100,278700,14:06:04
2786,100,278600,14:06:03
2786,200,557200,14:06:03
2786,400,1114400,14:06:03
2785,100,278500,14:06:03
2785,200,557000,14:06:03
2785,300,835500,14:06:03
2785,300,835500,14:06:03
2785,400,1114000,14:06:03
2785,400,1114000,14:06:03
2786,800,2228800,14:06:03
2787,200,557400,14:06:03
2788,400,1115200,14:06:03
2788,100,278800,14:05:57
2788,100,278800,14:05:56
2788,100,278800,14:05:54
2788,600,1672800,14:05:54
2788,100,278800,14:05:52
2789,200,557800,14:05:51
2790,500,1395000,14:05:48
2791,100,279100,14:05:46
2793,200,558600,14:05:46
2792,1100,3071200,14:05:46
2791,400,1116400,14:05:46
2791,300,837300,14:05:45
2791,100,279100,14:05:45
2790,200,558000,14:05:43
2789,100,278900,14:05:43
2789,200,557800,14:05:42
2790,200,558000,14:05:37
2790,200,558000,14:05:37
2790,200,558000,14:05:37
2790,200,558000,14:05:37
2790,200,558000,14:05:37
2790,100,279000,14:05:36
2789,100,278900,14:05:36
2789,100,278900,14:05:34
2789,100,278900,14:05:33
2789,600,1673400,14:05:33
2789,100,278900,14:05:32
2790,100,279000,14:05:32
2789,1800,5020200,14:05:30
2790,500,1395000,14:05:30
2789,500,1394500,14:05:30
2788,200,557600,14:05:28
2788,100,278800,14:05:28
2788,100,278800,14:05:24
2788,100,278800,14:05:24
2788,100,278800,14:05:24
2785,1400,3899000,14:05:24
2786,1700,4736200,14:05:24
2787,1800,5016600,14:05:24
2788,1400,3903200,14:05:24
2789,400,1115600,14:05:24
2788,500,1394000,14:05:23
2786,100,278600,14:05:21
2787,200,557400,14:05:21
2785,100,278500,14:05:20
2785,200,557000,14:05:18
2786,100,278600,14:05:18
2783,100,278300,14:05:18
2784,1400,3897600,14:05:18
2785,1000,2785000,14:05:18
2786,400,1114400,14:05:18
2786,100,278600,14:05:13
2786,500,1393000,14:05:13
2785,100,278500,14:05:12
2784,100,278400,14:05:11
2784,200,556800,14:05:11
2784,100,278400,14:05:11
2784,100,278400,14:05:11
2786,100,278600,14:05:10
2784,400,1113600,14:05:10
2785,100,278500,14:05:10
2786,200,557200,14:05:09
2786,200,557200,14:05:04
2786,100,278600,14:05:04
2786,200,557200,14:05:03
2786,100,278600,14:04:58
2785,200,557000,14:04:57
2785,1800,5013000,14:04:57
2786,1700,4736200,14:04:57
2787,800,2229600,14:04:57
2789,100,278900,14:04:53
2788,400,1115200,14:04:53
2787,100,278700,14:04:52
2787,200,557400,14:04:52
2788,100,278800,14:04:50
2787,100,278700,14:04:49
2787,1100,3065700,14:04:49
2787,400,1114800,14:04:49
2787,100,278700,14:04:49
2787,400,1114800,14:04:49
2787,400,1114800,14:04:49
2787,100,278700,14:04:49
2787,100,278700,14:04:49
2788,400,1115200,14:04:48
2788,300,836400,14:04:48
2789,300,836700,14:04:48
2789,800,2231200,14:04:48
2789,700,1952300,14:04:48
2789,600,1673400,14:04:48
2790,1400,3906000,14:04:48
2791,1200,3349200,14:04:48
2791,1600,4465600,14:04:48
2792,100,279200,14:04:13
2792,100,279200,14:04:07
2792,500,1396000,14:04:06
2792,400,1116800,14:04:03
2793,200,558600,14:03:59
2792,200,558400,14:03:53
2792,100,279200,14:03:45
2792,100,279200,14:03:37
2792,100,279200,14:03:37
2792,100,279200,14:03:37
2792,300,837600,14:03:36
2791,100,279100,14:03:31
2791,500,1395500,14:03:27
2790,100,279000,14:03:26
2790,500,1395000,14:03:23
2790,200,558000,14:03:23
2789,500,1394500,14:03:21
2790,500,1395000,14:03:21
2790,300,837000,14:03:15
2788,100,278800,14:03:15
2789,100,278900,14:03:15
2789,100,278900,14:03:13
2790,100,279000,14:03:12
2790,300,837000,14:03:10
2790,100,279000,14:03:10
2791,400,1116400,14:03:10
2789,100,278900,14:03:10
2789,100,278900,14:03:09
2789,100,278900,14:03:08
2788,200,557600,14:03:08
2788,100,278800,14:03:08
2789,700,1952300,14:03:08
2790,400,1116000,14:03:08
2791,500,1395500,14:03:08
2792,100,279200,14:03:08
2792,100,279200,14:03:08
2792,100,279200,14:03:08
2792,700,1954400,14:03:08
2793,100,279300,14:03:08
2793,200,558600,14:03:08
2793,300,837900,14:03:08
2793,100,279300,14:03:08
2793,100,279300,14:03:08
2793,900,2513700,14:03:08
2794,4300,12014200,14:03:08
2795,600,1677000,14:03:07
2795,300,838500,14:03:07
2795,100,279500,14:03:06
2796,1200,3355200,14:03:06
2796,100,279600,14:02:57
2796,100,279600,14:02:52
2797,100,279700,14:02:52
2797,1100,3076700,14:02:51
2796,100,279600,14:02:51
2796,100,279600,14:02:50
2796,400,1118400,14:02:48
2797,100,279700,14:02:46
2797,100,279700,14:02:46
2798,100,279800,14:02:44
2798,100,279800,14:02:42
2797,100,279700,14:02:42
2797,300,839100,14:02:38
2797,100,279700,14:02:38
2797,900,2517300,14:02:38
2797,500,1398500,14:02:37
2797,100,279700,14:02:29
2797,600,1678200,14:02:27
2797,100,279700,14:02:25
2798,200,559600,14:02:24
2798,200,559600,14:02:24
2799,100,279900,14:02:23
2798,400,1119200,14:02:23
2798,600,1678800,14:02:23
2799,500,1399500,14:02:23
2798,300,839400,14:02:23
2796,100,279600,14:02:18
2797,200,559400,14:02:17
2797,500,1398500,14:02:17
2796,200,559200,14:02:17
2795,100,279500,14:02:15
2794,100,279400,14:02:15
2796,100,279600,14:02:14
2797,500,1398500,14:02:14
2796,500,1398000,14:02:14
2796,200,559200,14:02:13
2795,300,838500,14:02:13
2795,100,279500,14:02:12
2794,100,279400,14:02:11
2794,100,279400,14:02:11
2794,100,279400,14:02:11
2794,100,279400,14:02:11
2794,100,279400,14:02:11
2793,2500,6982500,14:02:11
2793,100,279300,14:02:08
2793,200,558600,14:02:08
2792,400,1116800,14:02:07
2791,1000,2791000,14:02:07
2789,200,557800,14:02:07
2789,200,557800,14:02:07
2790,100,279000,14:02:07
2790,200,558000,14:02:03
2791,200,558200,14:02:03
2791,100,279100,14:02:00
2791,100,279100,14:02:00
2791,100,279100,14:02:00
2791,100,279100,14:02:00
2790,100,279000,14:01:58
2791,300,837300,14:01:57
2790,200,558000,14:01:57
2791,200,558200,14:01:56
2790,200,558000,14:01:56
2790,100,279000,14:01:56
2790,200,558000,14:01:51
2791,200,558200,14:01:51
2791,200,558200,14:01:51
2790,100,279000,14:01:50
2790,100,279000,14:01:47
2789,200,557800,14:01:47
2789,300,836700,14:01:47
2790,700,1953000,14:01:44
2790,700,1953000,14:01:44
2790,700,1953000,14:01:44
2790,300,837000,14:01:44
2790,200,558000,14:01:44
2789,900,2510100,14:01:44
2788,100,278800,14:01:44
2788,100,278800,14:01:44
2788,100,278800,14:01:44
2788,100,278800,14:01:43
2789,200,557800,14:01:43
2789,500,1394500,14:01:43
2790,100,279000,14:01:41
2790,100,279000,14:01:40
2790,300,837000,14:01:39
2790,500,1395000,14:01:39
2790,400,1116000,14:01:39
2790,100,279000,14:01:38
2791,100,279100,14:01:31
2791,300,837300,14:01:26
2791,300,837300,14:01:26
2792,1000,2792000,14:01:23
2794,600,1676400,14:01:22
2794,100,279400,14:01:22
2794,300,838200,14:01:22
2794,300,838200,14:01:21
2794,100,279400,14:01:21
2794,100,279400,14:01:21
2794,200,558800,14:01:21
2794,200,558800,14:01:21
2794,200,558800,14:01:21
2794,200,558800,14:01:20
2794,300,838200,14:01:19
2793,200,558600,14:01:18
2793,200,558600,14:01:18
2793,100,279300,14:01:16
2793,100,279300,14:01:14
2793,100,279300,14:01:13
2793,200,558600,14:01:12
2792,200,558400,14:01:12
2793,500,1396500,14:01:12
2792,100,279200,14:01:08
2792,300,837600,14:01:07
2792,200,558400,14:01:07
2792,100,279200,14:01:05
2792,400,1116800,14:01:04
2792,100,279200,14:01:04
2792,400,1116800,14:01:01
2792,100,279200,14:01:01
2792,100,279200,14:01:01
2792,300,837600,14:00:56
2791,100,279100,14:00:56
2792,100,279200,14:00:53
2792,100,279200,14:00:52
2793,400,1117200,14:00:52
2792,700,1954400,14:00:52
2791,100,279100,14:00:51
2791,100,279100,14:00:51
2791,100,279100,14:00:51
2791,300,837300,14:00:51
2791,200,558200,14:00:45
2791,100,279100,14:00:45
2791,100,279100,14:00:44
2791,100,279100,14:00:44
2790,2000,5580000,14:00:44
2790,600,1674000,14:00:44
2790,400,1116000,14:00:44
2789,100,278900,14:00:41
2788,1000,2788000,14:00:41
2787,100,278700,14:00:41
2785,300,835500,14:00:38
2786,200,557200,14:00:38
2788,100,278800,14:00:36
2787,400,1114800,14:00:34
2786,100,278600,14:00:34
2786,200,557200,14:00:33
2786,300,835800,14:00:33
2786,700,1950200,14:00:32
2787,300,836100,14:00:32
2787,100,278700,14:00:32
2788,200,557600,14:00:32
2789,100,278900,14:00:29
2790,200,558000,14:00:27
2790,300,837000,14:00:27
2789,200,557800,14:00:26
2790,100,279000,14:00:26
2790,100,279000,14:00:25
2790,100,279000,14:00:25
2790,200,558000,14:00:25
2788,100,278800,14:00:24
2789,200,557800,14:00:24
2789,300,836700,14:00:24
2789,100,278900,14:00:24
2787,200,557400,14:00:24
2788,500,1394000,14:00:24
2789,100,278900,14:00:20
2790,100,279000,14:00:20
2790,100,279000,14:00:20
2792,400,1116800,14:00:17
2791,100,279100,14:00:17
2791,100,279100,14:00:17
2792,600,1675200,14:00:17
2791,100,279100,14:00:17
2790,100,279000,14:00:16
2791,300,837300,14:00:16
2790,1000,2790000,14:00:16
2788,800,2230400,14:00:13
2789,1500,4183500,14:00:13
2790,500,1395000,14:00:13
2790,200,558000,14:00:12
2791,100,279100,14:00:12
2791,100,279100,14:00:12
2790,100,279000,14:00:10
2791,300,837300,14:00:10
2790,100,279000,14:00:08
2790,100,279000,14:00:08
2790,100,279000,14:00:07
2791,400,1116400,14:00:07
2790,1100,3069000,14:00:07
2789,500,1394500,14:00:07
2788,100,278800,14:00:06
2788,100,278800,14:00:06
2788,600,1672800,14:00:06
2787,100,278700,14:00:06
2786,200,557200,14:00:06
2787,200,557400,14:00:06
2787,300,836100,14:00:01
2788,1100,3066800,14:00:01
2790,100,279000,14:00:01
2789,400,1115600,14:00:00
2789,100,278900,14:00:00
2791,200,558200,14:00:00
2790,100,279000,13:59:59
2789,100,278900,13:59:58
2789,300,836700,13:59:57
2790,300,837000,13:59:56
2789,100,278900,13:59:56
2788,100,278800,13:59:55
2788,100,278800,13:59:52
2789,100,278900,13:59:52
2788,700,1951600,13:59:52
2788,100,278800,13:59:52
2786,100,278600,13:59:51
2786,200,557200,13:59:50
2786,900,2507400,13:59:50
2787,100,278700,13:59:50
2786,100,278600,13:59:50
2787,100,278700,13:59:50
2786,200,557200,13:59:50
2787,100,278700,13:59:50
2787,200,557400,13:59:49
2788,100,278800,13:59:49
2788,200,557600,13:59:49
2788,700,1951600,13:59:49
2788,100,278800,13:59:49
2788,100,278800,13:59:49
2788,300,836400,13:59:49
2789,100,278900,13:59:49
2790,1600,4464000,13:59:49
2791,1200,3349200,13:59:49
2791,100,279100,13:59:49
2792,500,1396000,13:59:45
2793,400,1117200,13:59:45
2793,200,558600,13:59:44
2795,100,279500,13:59:44
2793,300,837900,13:59:38
2793,100,279300,13:59:37
2794,100,279400,13:59:37
2795,500,1397500,13:59:34
2795,500,1397500,13:59:34
2794,1500,4191000,13:59:34
2792,100,279200,13:59:34
2792,100,279200,13:59:33
2792,100,279200,13:59:33
2793,200,558600,13:59:33
2794,300,838200,13:59:32
2793,100,279300,13:59:28
2794,100,279400,13:59:28
2793,200,558600,13:59:27
2792,400,1116800,13:59:25
2792,200,558400,13:59:21
2792,100,279200,13:59:21
2793,100,279300,13:59:21
2793,500,1396500,13:59:21
2794,100,279400,13:59:18
2794,100,279400,13:59:18
2794,100,279400,13:59:15
2794,100,279400,13:59:15
2794,100,279400,13:59:15
2794,300,838200,13:59:14
2795,200,559000,13:59:13
2794,100,279400,13:59:12
2795,200,559000,13:59:10
2795,100,279500,13:59:07
2795,200,559000,13:59:03
2795,1200,3354000,13:58:59
2793,400,1117200,13:58:59
2794,400,1117600,13:58:59
2794,400,1117600,13:58:59
2795,100,279500,13:58:59
2795,100,279500,13:58:58
2794,200,558800,13:58:56
2796,800,2236800,13:58:55
2797,400,1118800,13:58:55
2796,1000,2796000,13:58:55
2795,600,1677000,13:58:55
2795,300,838500,13:58:54
2794,100,279400,13:58:54
2794,500,1397000,13:58:54
2795,900,2515500,13:58:54
2796,600,1677600,13:58:54
2796,400,1118400,13:58:54
2798,100,279800,13:58:53
2798,500,1399000,13:58:53
2797,100,279700,13:58:53
2797,100,279700,13:58:53
2797,100,279700,13:58:53
2796,400,1118400,13:58:52
2797,500,1398500,13:58:51
2796,100,279600,13:58:49
2796,600,1677600,13:58:49
2794,100,279400,13:58:49
2794,200,558800,13:58:48
2795,100,279500,13:58:48
2795,300,838500,13:58:47
2795,100,279500,13:58:46
2795,100,279500,13:58:46
2795,100,279500,13:58:46
2795,100,279500,13:58:46
2794,100,279400,13:58:45
2795,500,1397500,13:58:45
2796,100,279600,13:58:45
2796,200,559200,13:58:45
2795,300,838500,13:58:45
2794,100,279400,13:58:44
2793,400,1117200,13:58:44
2794,500,1397000,13:58:44
2795,100,279500,13:58:44
2795,100,279500,13:58:44
2795,100,279500,13:58:43
2795,100,279500,13:58:43
2795,300,838500,13:58:42
2797,100,279700,13:58:42
2796,100,279600,13:58:41
2795,100,279500,13:58:41
2795,100,279500,13:58:41
2795,200,559000,13:58:41
2796,100,279600,13:58:41
2796,100,279600,13:58:41
2796,100,279600,13:58:40
2795,100,279500,13:58:40
2795,100,279500,13:58:40
2796,100,279600,13:58:40
2796,100,279600,13:58:40
2796,200,559200,13:58:40
2796,100,279600,13:58:40
2796,100,279600,13:58:40
2797,100,279700,13:58:40
2797,700,1957900,13:58:40
2795,200,559000,13:58:40
2796,400,1118400,13:58:40
2797,100,279700,13:58:39
2797,300,839100,13:58:39
2797,300,839100,13:58:39
2797,100,279700,13:58:39
2797,100,279700,13:58:39
2797,100,279700,13:58:38
2798,100,279800,13:58:38
2798,100,279800,13:58:38
2799,200,559800,13:58:38
2797,100,279700,13:58:38
2797,100,279700,13:58:38
2798,300,839400,13:58:38
2798,200,559600,13:58:38
2797,100,279700,13:58:38
2797,500,1398500,13:58:38
2797,100,279700,13:58:38
2798,100,279800,13:58:38
2798,100,279800,13:58:38
2798,100,279800,13:58:38
2798,100,279800,13:58:38
2798,200,559600,13:58:38
2798,200,559600,13:58:38
2799,600,1679400,13:58:38
2798,800,2238400,13:58:38
2797,100,279700,13:58:38
2797,100,279700,13:58:38
2798,200,559600,13:58:38
2800,100,280000,13:58:38
2799,100,279900,13:58:38
2799,100,279900,13:58:38
2799,600,1679400,13:58:38
2800,2400,6720000,13:58:38
2800,100,280000,13:58:37
2800,100,280000,13:58:37
2800,200,560000,13:58:37
2800,100,280000,13:58:35
2800,100,280000,13:58:35
2800,100,280000,13:58:35
2800,100,280000,13:58:34
2801,100,280100,13:58:34
2800,100,280000,13:58:34
2800,100,280000,13:58:34
2800,200,560000,13:58:34
2801,1100,3081100,13:58:34
2802,100,280200,13:58:33
2801,1000,2801000,13:58:33
2801,100,280100,13:58:32
2801,100,280100,13:58:32
2802,100,280200,13:58:32
2801,400,1120400,13:58:32
2802,1200,3362400,13:58:32
2802,200,560400,13:58:31
2803,100,280300,13:58:30
2803,100,280300,13:58:28
2803,100,280300,13:58:27
2803,100,280300,13:58:27
2803,400,1121200,13:58:27
2803,300,840900,13:58:27
2803,600,1681800,13:58:27
2804,700,1962800,13:58:27
2805,8500,23842500,13:58:27
2805,200,561000,13:58:27
2805,200,561000,13:58:27
2805,100,280500,13:58:27
2805,200,561000,13:58:27
2806,500,1403000,13:58:26
2806,1000,2806000,13:58:21
2806,600,1683600,13:58:19
2806,400,1122400,13:58:13
2807,200,561400,13:58:11
2806,500,1403000,13:58:11
2805,200,561000,13:58:04
2805,300,841500,13:58:03
2806,300,841800,13:57:59
2806,100,280600,13:57:55
2806,100,280600,13:57:55
2805,100,280500,13:57:55
2805,100,280500,13:57:52
2806,100,280600,13:57:49
2805,200,561000,13:57:47
2806,200,561200,13:57:47
2807,300,842100,13:57:45
2806,700,1964200,13:57:45
2805,100,280500,13:57:45
2804,900,2523600,13:57:45
2804,100,280400,13:57:44
2805,200,561000,13:57:44
2805,100,280500,13:57:39
2805,100,280500,13:57:39
2806,200,561200,13:57:38
2805,400,1122000,13:57:38
2805,800,2244000,13:57:36
2806,900,2525400,13:57:33
2804,200,560800,13:57:32
2805,300,841500,13:57:32
2806,100,280600,13:57:28
2806,100,280600,13:57:28
2806,700,1964200,13:57:28
2806,100,280600,13:57:28
2805,100,280500,13:57:26
2806,200,561200,13:57:24
2806,100,280600,13:57:17
2805,100,280500,13:57:15
2806,600,1683600,13:57:15
2805,100,280500,13:57:15
2804,100,280400,13:57:15
2804,100,280400,13:57:15
2805,500,1402500,13:57:15
2804,200,560800,13:57:15
2804,200,560800,13:57:14
2804,200,560800,13:57:14
2804,300,841200,13:57:13
2804,200,560800,13:57:12
2804,300,841200,13:57:06
2804,100,280400,13:57:03
2804,100,280400,13:57:03
2804,200,560800,13:57:02
2804,100,280400,13:57:01
2804,100,280400,13:57:01
2804,200,560800,13:56:57
2803,100,280300,13:56:56
2803,100,280300,13:56:54
2803,100,280300,13:56:54
2804,200,560800,13:56:54
2805,100,280500,13:56:52
2806,100,280600,13:56:52
2806,100,280600,13:56:52
2806,300,841800,13:56:52
2806,100,280600,13:56:52
2806,300,841800,13:56:52
2805,100,280500,13:56:52
2805,800,2244000,13:56:52
2804,500,1402000,13:56:52
2804,100,280400,13:56:49
2805,100,280500,13:56:47
2804,300,841200,13:56:46
2804,100,280400,13:56:45
2804,100,280400,13:56:45
2803,100,280300,13:56:45
2803,100,280300,13:56:44
2803,100,280300,13:56:43
2804,100,280400,13:56:43
2803,200,560600,13:56:43
2804,100,280400,13:56:43
2804,300,841200,13:56:40
2803,100,280300,13:56:40
2802,400,1120800,13:56:40
2802,100,280200,13:56:37
2803,100,280300,13:56:37
2801,1800,5041800,13:56:37
2802,600,1681200,13:56:37
2803,100,280300,13:56:36
2804,100,280400,13:56:35
2802,100,280200,13:56:35
2802,100,280200,13:56:35
2803,200,560600,13:56:34
2802,300,840600,13:56:34
2802,100,280200,13:56:34
2802,100,280200,13:56:34
2802,100,280200,13:56:34
2802,100,280200,13:56:34
2802,1100,3082200,13:56:34
2803,600,1681800,13:56:34
2804,100,280400,13:56:34
2803,100,280300,13:56:34
2803,100,280300,13:56:34
2802,700,1961400,13:56:34
2803,1100,3083300,13:56:34
2804,200,560800,13:56:34
2804,200,560800,13:56:34
2804,100,280400,13:56:34
2804,100,280400,13:56:34
2804,100,280400,13:56:33
2803,100,280300,13:56:33
2805,500,1402500,13:56:33
2804,200,560800,13:56:33
2802,100,280200,13:56:33
2803,200,560600,13:56:33
2804,300,841200,13:56:33
2805,400,1122000,13:56:33
2806,100,280600,13:56:33
2806,100,280600,13:56:33
2806,1200,3367200,13:56:33
2807,400,1122800,13:56:33
2808,100,280800,13:56:31
2808,200,561600,13:56:30
2807,600,1684200,13:56:30
2808,300,842400,13:56:30
2808,100,280800,13:56:29
2808,100,280800,13:56:29
2808,200,561600,13:56:29
2808,100,280800,13:56:28
2808,300,842400,13:56:24
2808,100,280800,13:56:23
2809,100,280900,13:56:22
2810,300,843000,13:56:22
2809,100,280900,13:56:22
2810,300,843000,13:56:12
2810,100,281000,13:56:12
2808,100,280800,13:56:10
2809,200,561800,13:56:10
2808,100,280800,13:56:09
2811,200,562200,13:56:09
2810,300,843000,13:56:09
2809,100,280900,13:56:09
2808,100,280800,13:56:09
2810,400,1124000,13:56:09
2809,100,280900,13:56:09
2809,200,561800,13:56:08
2809,300,842700,13:56:08
2809,100,280900,13:56:08
2809,300,842700,13:56:08
2810,400,1124000,13:56:06
2810,500,1405000,13:56:06
2810,300,843000,13:56:06
2810,200,562000,13:56:04
2811,100,281100,13:56:02
2811,500,1405500,13:56:02
2811,400,1124400,13:56:02
2811,300,843300,13:56:02
2811,100,281100,13:56:02
2812,400,1124800,13:56:02
2812,200,562400,13:56:00
2813,100,281300,13:55:47
2813,500,1406500,13:55:47
2814,300,844200,13:55:43
2815,200,563000,13:55:43
2814,500,1407000,13:55:41
2815,100,281500,13:55:41
2814,100,281400,13:55:38
2814,200,562800,13:55:37
2815,300,844500,13:55:37
2815,100,281500,13:55:36
2815,100,281500,13:55:36
2815,500,1407500,13:55:35
2815,900,2533500,13:55:35
2815,200,563000,13:55:35
2815,700,1970500,13:55:34
2815,100,281500,13:55:30
2815,100,281500,13:55:30
2816,100,281600,13:55:28
2816,100,281600,13:55:24
2815,100,281500,13:55:21
2814,100,281400,13:55:21
2813,100,281300,13:55:21
2814,800,2251200,13:55:21
2815,400,1126000,13:55:21
2815,900,2533500,13:55:20
2815,800,2252000,13:55:20
2816,100,281600,13:55:20
2816,100,281600,13:55:20
2818,200,563600,13:55:20
2817,100,281700,13:55:20
2817,500,1408500,13:55:20
2817,600,1690200,13:55:20
2816,400,1126400,13:55:20
2815,100,281500,13:55:14
2816,100,281600,13:55:10
2816,100,281600,13:55:09
2816,100,281600,13:55:03
2816,100,281600,13:55:02
2817,500,1408500,13:55:01
2817,300,845100,13:54:59
2817,100,281700,13:54:58
2817,100,281700,13:54:58
2817,100,281700,13:54:58
2816,100,281600,13:54:58
2817,300,845100,13:54:57
2817,200,563400,13:54:57
2817,1900,5352300,13:54:57
2816,200,563200,13:54:57
2816,200,563200,13:54:55
2817,100,281700,13:54:55
2817,200,563400,13:54:55
2817,200,563400,13:54:55
2816,200,563200,13:54:55
2816,300,844800,13:54:54
2817,200,563400,13:54:52
2817,300,845100,13:54:52
2817,200,563400,13:54:51
2816,400,1126400,13:54:51
2815,100,281500,13:54:48
2815,700,1970500,13:54:48
2814,100,281400,13:54:46
2814,1000,2814000,13:54:46
2813,100,281300,13:54:44
2812,400,1124800,13:54:44
2813,200,562600,13:54:41
2813,100,281300,13:54:41
2812,1300,3655600,13:54:40
2813,200,562600,13:54:40
2813,200,562600,13:54:34
2813,200,562600,13:54:33
2812,100,281200,13:54:33
2811,300,843300,13:54:33
2812,400,1124800,13:54:32
2811,800,2248800,13:54:32
2811,100,281100,13:54:32
2810,400,1124000,13:54:32
2810,100,281000,13:54:30
2810,100,281000,13:54:26
2810,300,843000,13:54:26
2810,100,281000,13:54:22
2810,100,281000,13:54:20
2810,100,281000,13:54:17
2810,100,281000,13:54:16
2810,300,843000,13:54:16
2810,200,562000,13:54:12
2810,200,562000,13:54:12
2810,100,281000,13:54:08
2808,100,280800,13:54:04
2809,100,280900,13:54:04
2808,500,1404000,13:54:04
2809,400,1123600,13:54:03
2809,100,280900,13:54:03
2810,100,281000,13:54:02
2810,100,281000,13:53:58
2811,100,281100,13:53:58
2811,100,281100,13:53:57
2811,100,281100,13:53:54
2810,100,281000,13:53:51
2811,100,281100,13:53:51
2811,300,843300,13:53:51
2811,100,281100,13:53:51
2811,100,281100,13:53:47
2810,400,1124000,13:53:45
2810,100,281000,13:53:45
2810,400,1124000,13:53:37
2810,1000,2810000,13:53:37
2810,200,562000,13:53:37
2810,100,281000,13:53:37
2809,1900,5337100,13:53:37
2809,100,280900,13:53:37
2809,2100,5898900,13:53:37
2807,200,561400,13:53:36
2809,200,561800,13:53:33
2808,700,1965600,13:53:33
2808,100,280800,13:53:32
2808,100,280800,13:53:31
2809,200,561800,13:53:31
2810,100,281000,13:53:23
2809,100,280900,13:53:23
2809,100,280900,13:53:15
2810,400,1124000,13:53:12
2809,400,1123600,13:53:11
2809,200,561800,13:53:11
2808,200,561600,13:53:08
2808,200,561600,13:53:08
2808,200,561600,13:53:08
2808,400,1123200,13:53:08
2809,100,280900,13:53:06
2808,900,2527200,13:53:03
2809,100,280900,13:53:03
2810,100,281000,13:53:03
2809,100,280900,13:53:03
2810,200,562000,13:53:02
2810,700,1967000,13:53:02
2809,200,561800,13:53:02
2808,100,280800,13:52:58
2808,100,280800,13:52:58
2808,100,280800,13:52:58
2808,200,561600,13:52:58
2809,100,280900,13:52:58
2810,700,1967000,13:52:57
2811,100,281100,13:52:57
2811,100,281100,13:52:57
2811,100,281100,13:52:52
2811,300,843300,13:52:48
2811,100,281100,13:52:47
2810,500,1405000,13:52:47
2810,800,2248000,13:52:45
2810,100,281000,13:52:42
2809,100,280900,13:52:40
2808,200,561600,13:52:37
2808,100,280800,13:52:36
2809,200,561800,13:52:36
2809,100,280900,13:52:36
2809,100,280900,13:52:34
2808,100,280800,13:52:34
2808,200,561600,13:52:33
2808,300,842400,13:52:33
2808,100,280800,13:52:32
2808,100,280800,13:52:32
2808,100,280800,13:52:32
2809,300,842700,13:52:28
2809,200,561800,13:52:28
2809,200,561800,13:52:28
2809,100,280900,13:52:28
2807,100,280700,13:52:28
2808,100,280800,13:52:28
2808,100,280800,13:52:28
2808,200,561600,13:52:28
2807,200,561400,13:52:26
2807,100,280700,13:52:25
2808,100,280800,13:52:21
2809,100,280900,13:52:21
2808,100,280800,13:52:19
2809,100,280900,13:52:19
2807,100,280700,13:52:19
2807,500,1403500,13:52:17
2808,100,280800,13:52:17
2808,100,280800,13:52:15
2808,100,280800,13:52:15
2809,200,561800,13:52:12
2809,100,280900,13:52:12
2810,100,281000,13:52:12
2810,200,562000,13:52:11
2809,100,280900,13:52:11
2809,100,280900,13:52:10
2809,200,561800,13:52:10
2810,100,281000,13:52:10
2809,100,280900,13:52:09
2810,400,1124000,13:52:09
2809,100,280900,13:52:09
2807,300,842100,13:52:09
2808,200,561600,13:52:09
2808,700,1965600,13:52:06
2810,100,281000,13:52:06
2810,100,281000,13:52:06
2810,200,562000,13:52:06
2810,100,281000,13:52:06
2811,100,281100,13:52:06
2809,100,280900,13:52:02
2809,100,280900,13:52:01
2810,100,281000,13:52:01
2810,400,1124000,13:52:01
2809,600,1685400,13:52:01
2807,100,280700,13:52:01
2808,900,2527200,13:52:01
2809,100,280900,13:52:01
2809,100,280900,13:52:01
2809,100,280900,13:52:01
2810,200,562000,13:52:00
2811,700,1967700,13:52:00
2809,100,280900,13:52:00
2810,300,843000,13:52:00
2808,100,280800,13:52:00
2809,100,280900,13:52:00
2809,100,280900,13:52:00
2809,100,280900,13:52:00
2810,200,562000,13:52:00
2809,100,280900,13:52:00
2810,100,281000,13:52:00
2809,300,842700,13:52:00
2810,200,562000,13:52:00
2810,100,281000,13:52:00
2809,100,280900,13:52:00
2809,100,280900,13:52:00
2810,2900,8149000,13:52:00
2810,100,281000,13:52:00
2810,1300,3653000,13:52:00
2811,1100,3092100,13:52:00
2811,100,281100,13:52:00
2811,300,843300,13:52:00
2812,200,562400,13:52:00
2812,1700,4780400,13:52:00
2812,200,562400,13:51:58
2812,100,281200,13:51:58
2812,200,562400,13:51:58
2812,100,281200,13:51:58
2812,100,281200,13:51:58
2813,100,281300,13:51:50
2814,400,1125600,13:51:49
2815,100,281500,13:51:47
2814,200,562800,13:51:45
2814,600,1688400,13:51:45
2815,100,281500,13:51:42
2814,100,281400,13:51:42
2813,100,281300,13:51:42
2813,100,281300,13:51:42
2813,100,281300,13:51:42
2814,100,281400,13:51:41
2813,1000,2813000,13:51:40
2813,200,562600,13:51:40
2814,500,1407000,13:51:40
2815,400,1126000,13:51:40
2817,400,1126800,13:51:38
2817,200,563400,13:51:37
2818,200,563600,13:51:37
2817,700,1971900,13:51:37
2815,100,281500,13:51:36
2815,100,281500,13:51:27
2814,100,281400,13:51:25
2814,100,281400,13:51:22
2813,100,281300,13:51:19
2813,1000,2813000,13:51:19
2813,200,562600,13:51:19
2813,800,2250400,13:51:19
2814,300,844200,13:51:13
2815,100,281500,13:51:07
2814,100,281400,13:51:07
2814,200,562800,13:51:07
2814,500,1407000,13:51:06
2814,100,281400,13:51:05
2815,100,281500,13:51:05
2815,100,281500,13:51:05
2815,200,563000,13:51:05
2816,200,563200,13:51:03
2816,100,281600,13:51:00
2815,200,563000,13:50:59
2813,200,562600,13:50:55
2814,100,281400,13:50:55
2813,100,281300,13:50:55
2814,300,844200,13:50:55
2816,100,281600,13:50:55
2815,100,281500,13:50:55
2814,100,281400,13:50:52
2814,100,281400,13:50:52
2814,100,281400,13:50:52
2815,1400,3941000,13:50:52
2816,300,844800,13:50:52
2816,100,281600,13:50:52
2816,100,281600,13:50:51
2816,100,281600,13:50:51
2816,100,281600,13:50:50
2817,100,281700,13:50:50
2816,300,844800,13:50:50
2816,100,281600,13:50:47
2816,200,563200,13:50:44
2819,100,281900,13:50:42
2819,100,281900,13:50:42
2819,100,281900,13:50:41
2819,100,281900,13:50:41
2819,200,563800,13:50:41
2818,100,281800,13:50:41
2818,100,281800,13:50:41
2818,200,563600,13:50:41
2818,100,281800,13:50:41
2819,100,281900,13:50:41
2818,100,281800,13:50:41
2818,100,281800,13:50:41
2818,100,281800,13:50:41
2819,200,563800,13:50:41
2819,200,563800,13:50:41
2818,100,281800,13:50:41
2819,100,281900,13:50:41
2819,100,281900,13:50:41
2819,200,563800,13:50:41
2819,100,281900,13:50:41
2819,100,281900,13:50:41
2819,100,281900,13:50:41
2819,200,563800,13:50:41
2819,200,563800,13:50:41
2819,400,1127600,13:50:41
2819,100,281900,13:50:41
2819,400,1127600,13:50:41
2819,100,281900,13:50:41
2819,100,281900,13:50:41
2817,100,281700,13:50:41
2818,4400,12399200,13:50:41
2817,300,845100,13:50:41
2817,500,1408500,13:50:41
2817,100,281700,13:50:41
2816,800,2252800,13:50:41
2815,2000,5630000,13:50:41
2814,1000,2814000,13:50:41
2814,400,1125600,13:50:41
2813,200,562600,13:50:41
2813,200,562600,13:50:41
2811,200,562200,13:50:39
2813,100,281300,13:50:37
2812,500,1406000,13:50:36
2812,200,562400,13:50:31
2812,100,281200,13:50:31
2812,100,281200,13:50:25
2812,100,281200,13:50:24
2812,100,281200,13:50:21
2813,100,281300,13:50:18
2811,300,843300,13:50:18
2812,100,281200,13:50:18
2813,100,281300,13:50:17
2812,100,281200,13:50:13
2813,100,281300,13:50:11
2812,100,281200,13:50:07
2812,400,1124800,13:50:07
2812,100,281200,13:50:07
2813,200,562600,13:50:02
2813,100,281300,13:50:00
2813,100,281300,13:49:56
2813,400,1125200,13:49:52
2813,100,281300,13:49:50
2812,100,281200,13:49:46
2812,400,1124800,13:49:43
2812,100,281200,13:49:43
2812,100,281200,13:49:43
2812,100,281200,13:49:43
2812,100,281200,13:49:43
2813,500,1406500,13:49:42
2813,200,562600,13:49:42
2814,200,562800,13:49:38
2814,100,281400,13:49:38
2813,200,562600,13:49:38
2813,100,281300,13:49:38
2814,200,562800,13:49:37
2813,100,281300,13:49:37
2813,100,281300,13:49:36
2813,200,562600,13:49:34
2813,100,281300,13:49:29
2813,100,281300,13:49:29
2813,100,281300,13:49:29
2813,100,281300,13:49:26
2813,100,281300,13:49:26
2813,100,281300,13:49:24
2813,300,843900,13:49:23
2812,100,281200,13:49:20
2810,100,281000,13:49:11
2810,300,843000,13:49:11
2810,100,281000,13:49:11
2808,900,2527200,13:49:11
2809,400,1123600,13:49:11
2810,900,2529000,13:49:11
2811,500,1405500,13:49:11
2812,100,281200,13:49:10
2812,100,281200,13:49:10
2813,100,281300,13:49:09
2813,800,2250400,13:49:06
2812,200,562400,13:49:06
2812,100,281200,13:49:06
2812,400,1124800,13:49:06
2811,100,281100,13:49:06
2811,100,281100,13:49:04
2811,400,1124400,13:49:03
2811,100,281100,13:49:03
2812,300,843600,13:49:02
2811,100,281100,13:49:01
2811,200,562200,13:48:59
2811,200,562200,13:48:56
2811,500,1405500,13:48:56
2811,100,281100,13:48:51
2811,100,281100,13:48:46
2810,100,281000,13:48:42
2811,100,281100,13:48:42
2810,400,1124000,13:48:42
2809,1000,2809000,13:48:41
2810,100,281000,13:48:41
2810,700,1967000,13:48:35
2810,100,281000,13:48:33
2810,100,281000,13:48:32
2810,200,562000,13:48:31
2811,100,281100,13:48:31
2811,100,281100,13:48:30
2810,100,281000,13:48:29
2810,300,843000,13:48:29
2810,100,281000,13:48:29
2810,500,1405000,13:48:26
2809,300,842700,13:48:17
2809,100,280900,13:48:17
2809,600,1685400,13:48:16
2810,100,281000,13:48:16
2811,100,281100,13:48:13
2810,300,843000,13:48:13
2808,300,842400,13:48:13
2809,100,280900,13:48:13
2811,100,281100,13:48:11
2808,100,280800,13:48:11
2810,100,281000,13:48:11
2810,100,281000,13:48:11
2811,200,562200,13:48:11
2812,200,562400,13:48:11
2812,100,281200,13:48:11
2812,100,281200,13:48:11
2812,100,281200,13:48:11
2812,100,281200,13:48:11
2812,1500,4218000,13:48:11
2811,1700,4778700,13:48:11
2810,400,1124000,13:48:11
2810,1900,5339000,13:48:11
2809,200,561800,13:48:11
2809,800,2247200,13:48:11
2808,300,842400,13:48:11
2807,400,1122800,13:48:09
2806,100,280600,13:48:08
2806,100,280600,13:48:06
2806,100,280600,13:48:06
2806,200,561200,13:48:04
2805,100,280500,13:48:02
2805,100,280500,13:48:02
2806,200,561200,13:48:02
2806,300,841800,13:48:02
2806,300,841800,13:48:02
2807,100,280700,13:48:00
2807,100,280700,13:48:00
2807,100,280700,13:47:59
2807,100,280700,13:47:58
2807,200,561400,13:47:58
2807,100,280700,13:47:58
2807,100,280700,13:47:47
2807,100,280700,13:47:34
2808,500,1404000,13:47:34
2807,100,280700,13:47:30
2806,400,1122400,13:47:25
2806,100,280600,13:47:25
2807,300,842100,13:47:24
2809,1000,2809000,13:47:07
2808,400,1123200,13:47:06
2807,300,842100,13:47:06
2807,400,1122800,13:47:06
2806,100,280600,13:47:02
2806,400,1122400,13:47:02
2806,200,561200,13:47:01
2804,100,280400,13:46:59
2805,100,280500,13:46:56
2805,200,561000,13:46:56
2805,100,280500,13:46:56
2805,200,561000,13:46:52
2805,1700,4768500,13:46:52
2805,1600,4488000,13:46:52
2804,500,1402000,13:46:52
2804,300,841200,13:46:52
2805,200,561000,13:46:45
2805,100,280500,13:46:45
2805,400,1122000,13:46:45
2805,400,1122000,13:46:45
2805,400,1122000,13:46:45
2805,200,561000,13:46:45
2805,400,1122000,13:46:45
2804,200,560800,13:46:39
2805,100,280500,13:46:39
2806,100,280600,13:46:37
2805,200,561000,13:46:36
2805,100,280500,13:46:35
2805,400,1122000,13:46:30
2804,700,1962800,13:46:28
2802,100,280200,13:46:23
2802,200,560400,13:46:22
2803,100,280300,13:46:22
2805,200,561000,13:46:20
2804,100,280400,13:46:17
2803,300,840900,13:46:15
2803,100,280300,13:46:15
2803,100,280300,13:46:15
2804,200,560800,13:46:15
2803,100,280300,13:46:15
2805,100,280500,13:46:10
2805,600,1683000,13:46:09
2804,500,1402000,13:46:08
2804,600,1682400,13:46:08
2805,700,1963500,13:46:08
2806,1400,3928400,13:46:08
2806,200,561200,13:46:08
2807,100,280700,13:45:58
2807,100,280700,13:45:57
2807,100,280700,13:45:55
2807,100,280700,13:45:55
2807,100,280700,13:45:53
2807,100,280700,13:45:52
2807,200,561400,13:45:52
2807,400,1122800,13:45:52
2806,100,280600,13:45:52
2806,200,561200,13:45:51
2807,100,280700,13:45:50
2807,400,1122800,13:45:50
2808,1600,4492800,13:45:50
2809,200,561800,13:45:47
2809,300,842700,13:45:45
2810,100,281000,13:45:42
2810,200,562000,13:45:42
2809,100,280900,13:45:42
2808,100,280800,13:45:42
2808,100,280800,13:45:40
2808,100,280800,13:45:40
2810,300,843000,13:45:35
2810,100,281000,13:45:35
2810,100,281000,13:45:32
2811,100,281100,13:45:32
2812,3000,8436000,13:45:32
2811,200,562200,13:45:32
2810,100,281000,13:45:31
2810,400,1124000,13:45:31
2809,100,280900,13:45:30
2809,100,280900,13:45:30
2809,200,561800,13:45:30
2809,100,280900,13:45:29
2808,300,842400,13:45:29
2805,100,280500,13:45:16
2805,300,841500,13:45:16
2805,300,841500,13:45:16
2806,400,1122400,13:45:16
2807,100,280700,13:45:12
2807,100,280700,13:45:08
2807,700,1964900,13:45:07
2807,100,280700,13:45:01
2807,100,280700,13:45:00
2806,600,1683600,13:45:00
2805,100,280500,13:44:58
2806,200,561200,13:44:57
2806,200,561200,13:44:57
2805,100,280500,13:44:57
2804,100,280400,13:44:52
2806,200,561200,13:44:51
2805,200,561000,13:44:50
2806,200,561200,13:44:46
2806,400,1122400,13:44:46
2803,100,280300,13:44:46
2804,400,1121600,13:44:46
2804,400,1121600,13:44:46
2804,100,280400,13:44:46
2806,100,280600,13:44:43
2806,300,841800,13:44:43
2805,100,280500,13:44:43
2805,100,280500,13:44:43
2805,200,561000,13:44:42
2805,100,280500,13:44:42
2805,100,280500,13:44:41
2805,100,280500,13:44:41
2805,400,1122000,13:44:35
2804,200,560800,13:44:34
2805,600,1683000,13:44:34
2806,100,280600,13:44:32
2806,200,561200,13:44:32
2806,100,280600,13:44:31
2806,500,1403000,13:44:25
2807,100,280700,13:44:20
2808,300,842400,13:44:20
2807,100,280700,13:44:20
2807,100,280700,13:44:19
2805,100,280500,13:44:19
2806,100,280600,13:44:19
2806,200,561200,13:44:19
2803,200,560600,13:44:19
2804,2800,7851200,13:44:19
2805,1600,4488000,13:44:19
2806,900,2525400,13:44:19
2807,400,1122800,13:44:19
2808,200,561600,13:44:18
2810,100,281000,13:44:17
2809,400,1123600,13:44:17
2809,300,842700,13:44:17
2811,100,281100,13:44:16
2811,100,281100,13:44:15
2811,100,281100,13:44:15
2811,100,281100,13:44:15
2812,100,281200,13:44:15
2812,100,281200,13:44:15
2812,300,843600,13:44:15
2812,2300,6467600,13:44:15
2811,900,2529900,13:44:15
2811,200,562200,13:44:15
2811,200,562200,13:44:15
2811,100,281100,13:44:15
2810,2100,5901000,13:44:15
2810,100,281000,13:44:15
2809,2200,6179800,13:44:15
2809,100,280900,13:44:15
2808,2200,6177600,13:44:15
2808,2200,6177600,13:44:15
2808,2100,5896800,13:44:15
2807,1100,3087700,13:44:15
2807,200,561400,13:44:14
2805,500,1402500,13:44:14
2806,100,280600,13:44:14
2806,200,561200,13:44:14
2805,700,1963500,13:44:13
2806,100,280600,13:44:12
2806,500,1403000,13:44:12
2806,200,561200,13:44:10
2805,400,1122000,13:44:07
2805,700,1963500,13:44:07
2805,700,1963500,13:44:07
2805,100,280500,13:44:07
2804,100,280400,13:44:06
2804,100,280400,13:43:58
2803,700,1962100,13:43:58
2804,100,280400,13:43:58
2804,200,560800,13:43:44
2805,100,280500,13:43:41
2804,100,280400,13:43:41
2804,100,280400,13:43:41
2804,100,280400,13:43:41
2804,100,280400,13:43:37
2804,100,280400,13:43:37
2803,200,560600,13:43:37
2804,500,1402000,13:43:18
2804,100,280400,13:43:14
2803,300,840900,13:43:12
2804,1100,3084400,13:43:12
2805,200,561000,13:43:08
2803,100,280300,13:43:03
2803,600,1681800,13:43:02
2803,300,840900,13:43:02
2803,100,280300,13:43:02
2803,100,280300,13:43:01
2803,100,280300,13:43:01
2803,100,280300,13:43:01
2804,200,560800,13:42:59
2804,100,280400,13:42:56
2806,900,2525400,13:42:55
2805,900,2524500,13:42:55
2804,600,1682400,13:42:55
2803,100,280300,13:42:54
2804,100,280400,13:42:53
2804,400,1121600,13:42:53
2804,100,280400,13:42:52
2804,100,280400,13:42:49
2804,100,280400,13:42:45
2806,200,561200,13:42:45
2804,200,560800,13:42:44
2805,100,280500,13:42:44
2805,200,561000,13:42:44
2804,600,1682400,13:42:42
2803,300,840900,13:42:42
2802,200,560400,13:42:42
2802,100,280200,13:42:41
2801,100,280100,13:42:38
2802,100,280200,13:42:36
2802,500,1401000,13:42:35
2802,100,280200,13:42:32
2802,200,560400,13:42:31
2801,100,280100,13:42:28
2802,1500,4203000,13:42:27
2803,200,560600,13:42:26
2802,800,2241600,13:42:26
2801,100,280100,13:42:26
2799,100,279900,13:42:22
2800,1400,3920000,13:42:22
2801,200,560200,13:42:22
2801,100,280100,13:42:20
2801,100,280100,13:42:20
2801,100,280100,13:42:19
2801,100,280100,13:42:19
2800,600,1680000,13:42:19
2800,1200,3360000,13:42:19
2799,100,279900,13:42:17
2800,100,280000,13:42:17
2800,100,280000,13:42:17
2800,100,280000,13:42:16
2800,100,280000,13:42:16
2800,100,280000,13:42:15
2801,300,840300,13:42:13
2802,100,280200,13:42:11
2801,100,280100,13:42:11
2801,200,560200,13:42:11
2800,100,280000,13:42:11
2799,200,559800,13:42:10
2800,100,280000,13:42:10
2799,100,279900,13:42:10
2800,200,560000,13:42:09
2800,200,560000,13:42:09
2799,100,279900,13:42:09
2799,100,279900,13:42:09
2798,300,839400,13:42:09
2799,100,279900,13:42:08
2799,100,279900,13:42:08
2799,500,1399500,13:42:08
2800,100,280000,13:42:08
2800,800,2240000,13:42:07
2800,500,1400000,13:42:07
2801,100,280100,13:42:06
2799,200,559800,13:42:04
2801,200,560200,13:42:04
2799,100,279900,13:42:04
2800,200,560000,13:42:03
2799,300,839700,13:42:03
2798,100,279800,13:42:03
2798,300,839400,13:42:03
2798,300,839400,13:42:03
2796,500,1398000,13:42:03
2797,500,1398500,13:42:03
2798,200,559600,13:42:03
2798,100,279800,13:42:03
2798,200,559600,13:42:03
2799,500,1399500,13:42:03
2800,400,1120000,13:42:03
2800,600,1680000,13:42:03
2800,400,1120000,13:42:03
2801,500,1400500,13:42:03
2802,100,280200,13:42:02
2801,100,280100,13:42:02
2800,100,280000,13:42:02
2800,100,280000,13:42:02
2801,300,840300,13:42:01
2801,100,280100,13:42:01
2800,400,1120000,13:42:01
2800,100,280000,13:42:00
2800,200,560000,13:42:00
2800,100,280000,13:42:00
2800,100,280000,13:42:00
2800,100,280000,13:42:00
2800,100,280000,13:42:00
2801,100,280100,13:42:00
2800,100,280000,13:42:00
2801,100,280100,13:41:59
2801,200,560200,13:41:59
2802,200,560400,13:41:57
2802,200,560400,13:41:57
2803,300,840900,13:41:57
2803,200,560600,13:41:57
2802,100,280200,13:41:57
2803,200,560600,13:41:56
2803,200,560600,13:41:56
2803,300,840900,13:41:56
2803,100,280300,13:41:56
2803,300,840900,13:41:56
2803,100,280300,13:41:56
2805,100,280500,13:41:55
2804,400,1121600,13:41:55
2804,300,841200,13:41:55
2804,100,280400,13:41:55
2805,3200,8976000,13:41:55
2805,100,280500,13:41:55
2805,1300,3646500,13:41:55
2806,100,280600,13:41:55
2806,100,280600,13:41:51
2805,100,280500,13:41:47
2806,100,280600,13:41:45
2806,400,1122400,13:41:44
2806,200,561200,13:41:42
2807,200,561400,13:41:38
2807,100,280700,13:41:38
2806,700,1964200,13:41:38
2807,1100,3087700,13:41:38
2807,100,280700,13:41:38
2806,200,561200,13:41:34
2806,700,1964200,13:41:33
2806,100,280600,13:41:31
2806,100,280600,13:41:30
2806,300,841800,13:41:30
2806,100,280600,13:41:28
2806,100,280600,13:41:28
2806,100,280600,13:41:27
2807,100,280700,13:41:27
2806,400,1122400,13:41:27
2807,200,561400,13:41:26
2807,100,280700,13:41:26
2806,100,280600,13:41:21
2806,100,280600,13:41:20
2806,500,1403000,13:41:20
2807,100,280700,13:41:11
2808,600,1684800,13:41:09
2807,200,561400,13:41:09
2806,300,841800,13:41:06
2807,100,280700,13:41:06
2807,100,280700,13:41:06
2806,100,280600,13:41:05
2807,100,280700,13:41:04
2807,500,1403500,13:41:01
2806,100,280600,13:40:58
2805,900,2524500,13:40:54
2807,100,280700,13:40:52
2806,100,280600,13:40:51
2806,300,841800,13:40:51
2806,100,280600,13:40:51
2806,400,1122400,13:40:49
2807,100,280700,13:40:47
2808,100,280800,13:40:47
2808,200,561600,13:40:44
2808,400,1123200,13:40:43
2807,400,1122800,13:40:42
2807,200,561400,13:40:42
2806,100,280600,13:40:41
2806,100,280600,13:40:41
2805,100,280500,13:40:39
2806,100,280600,13:40:38
2805,100,280500,13:40:38
2805,1100,3085500,13:40:38
2806,200,561200,13:40:38
2807,1100,3087700,13:40:38
2807,100,280700,13:40:36
2808,1000,2808000,13:40:35
2808,500,1404000,13:40:35
2808,100,280800,13:40:35
2808,100,280800,13:40:35
2808,100,280800,13:40:35
2808,100,280800,13:40:35
2808,200,561600,13:40:35
2808,200,561600,13:40:31
2808,100,280800,13:40:31
2807,100,280700,13:40:30
2807,200,561400,13:40:29
2806,100,280600,13:40:29
2805,100,280500,13:40:26
2807,500,1403500,13:40:26
2806,500,1403000,13:40:25
2804,100,280400,13:40:25
2805,200,561000,13:40:25
2804,1200,3364800,13:40:22
2804,400,1121600,13:40:22
2805,400,1122000,13:40:19
2806,100,280600,13:40:16
2805,100,280500,13:40:16
2804,100,280400,13:40:14
2805,300,841500,13:40:14
2805,900,2524500,13:40:14
2804,100,280400,13:40:13
2806,200,561200,13:40:12
2806,100,280600,13:40:10
2806,800,2244800,13:40:10
2806,500,1403000,13:40:10
2805,100,280500,13:40:10
2805,700,1963500,13:40:09
2805,300,841500,13:40:09
2805,300,841500,13:40:09
2805,600,1683000,13:40:09
2805,600,1683000,13:40:09
2805,500,1402500,13:40:09
2805,600,1683000,13:40:09
2804,1800,5047200,13:40:07
2803,200,560600,13:40:07
2802,100,280200,13:40:06
2804,100,280400,13:39:59
2803,700,1962100,13:39:59
2803,1000,2803000,13:39:59
2802,1300,3642600,13:39:54
2801,100,280100,13:39:54
2801,200,560200,13:39:54
2801,100,280100,13:39:51
2801,400,1120400,13:39:45
2801,100,280100,13:39:45
2801,300,840300,13:39:45
2801,200,560200,13:39:45
2801,600,1680600,13:39:45
2802,100,280200,13:39:45
2801,100,280100,13:39:41
2802,100,280200,13:39:37
2802,300,840600,13:39:36
2801,100,280100,13:39:25
2801,100,280100,13:39:24
2801,1000,2801000,13:39:20
2803,200,560600,13:39:17
2803,100,280300,13:39:14
2802,100,280200,13:39:13
2802,300,840600,13:39:13
2801,1900,5321900,13:39:13
2801,100,280100,13:39:07
2801,100,280100,13:39:07
2801,100,280100,13:39:07
2801,100,280100,13:39:07
2802,300,840600,13:39:07
2803,100,280300,13:39:07
2802,400,1120800,13:39:06
2802,400,1120800,13:39:03
2802,200,560400,13:39:03
2802,100,280200,13:38:53
2801,100,280100,13:38:52
2800,600,1680000,13:38:50
2801,200,560200,13:38:49
2800,100,280000,13:38:48
2800,100,280000,13:38:47
2799,100,279900,13:38:46
2800,100,280000,13:38:45
2798,100,279800,13:38:45
2799,100,279900,13:38:45
2799,100,279900,13:38:45
2799,300,839700,13:38:45
2797,100,279700,13:38:45
2798,500,1399000,13:38:45
2799,100,279900,13:38:45
2799,200,559800,13:38:44
2799,300,839700,13:38:42
2800,900,2520000,13:38:42
2799,400,1119600,13:38:42
2798,900,2518200,13:38:42
2797,200,559400,13:38:42
2796,300,838800,13:38:42
2796,300,838800,13:38:42
2797,200,559400,13:38:40
2797,100,279700,13:38:38
2797,500,1398500,13:38:37
2798,400,1119200,13:38:37
2798,100,279800,13:38:37
2799,100,279900,13:38:37
2799,500,1399500,13:38:37
2799,500,1399500,13:38:37
2799,200,559800,13:38:37
2799,500,1399500,13:38:37
2800,300,840000,13:38:34
2801,300,840300,13:38:34
2801,600,1680600,13:38:34
2802,200,560400,13:38:34
2802,300,840600,13:38:33
2801,100,280100,13:38:32
2801,200,560200,13:38:32
2801,500,1400500,13:38:31
2800,100,280000,13:38:31
2800,400,1120000,13:38:31
2800,100,280000,13:38:31
2800,100,280000,13:38:31
2800,100,280000,13:38:31
2800,800,2240000,13:38:31
2800,200,560000,13:38:31
2800,200,560000,13:38:31
2800,1100,3080000,13:38:31
2800,100,280000,13:38:31
2800,200,560000,13:38:31
2800,100,280000,13:38:31
2800,300,840000,13:38:31
2800,300,840000,13:38:31
2800,300,840000,13:38:31
2801,100,280100,13:38:25
2802,100,280200,13:38:19
2800,100,280000,13:38:18
2800,100,280000,13:38:17
2801,100,280100,13:38:17
2801,1000,2801000,13:38:17
2803,100,280300,13:38:15
2802,100,280200,13:38:12
2802,100,280200,13:38:09
2801,500,1400500,13:38:09
2803,100,280300,13:38:08
2802,100,280200,13:38:07
2802,1400,3922800,13:38:07
2803,100,280300,13:38:06
2803,400,1121200,13:38:03
2802,200,560400,13:38:03
2802,100,280200,13:38:03
2802,200,560400,13:38:03
2803,100,280300,13:38:01
2802,200,560400,13:37:57
2802,100,280200,13:37:57
2802,200,560400,13:37:56
2802,200,560400,13:37:55
2803,1200,3363600,13:37:55
2801,100,280100,13:37:53
2802,100,280200,13:37:51
2802,100,280200,13:37:50
2802,100,280200,13:37:49
2803,100,280300,13:37:45
2802,100,280200,13:37:40
2801,200,560200,13:37:39
2802,500,1401000,13:37:37
2803,300,840900,13:37:33
2801,300,840300,13:37:30
2802,800,2241600,13:37:30
2803,200,560600,13:37:28
2804,100,280400,13:37:27
2804,100,280400,13:37:26
2803,100,280300,13:37:24
2802,400,1120800,13:37:24
2802,100,280200,13:37:21
2802,300,840600,13:37:21
2802,200,560400,13:37:20
2802,100,280200,13:37:19
2802,200,560400,13:37:19
2801,100,280100,13:37:17
2801,200,560200,13:37:16
2801,300,840300,13:37:16
2800,200,560000,13:37:13
2800,300,840000,13:37:12
2800,400,1120000,13:37:11
2801,1000,2801000,13:37:08
2802,100,280200,13:37:08
2804,200,560800,13:37:07
2803,1200,3363600,13:37:07
2802,100,280200,13:37:07
2802,600,1681200,13:37:06
2803,900,2522700,13:37:06
2804,300,841200,13:37:06
2804,500,1402000,13:37:03
2802,100,280200,13:37:02
2804,200,560800,13:37:02
2803,100,280300,13:37:02
2803,500,1401500,13:37:02
2804,200,560800,13:37:02
2804,100,280400,13:37:01
2804,300,841200,13:37:01
2803,700,1962100,13:37:01
2802,100,280200,13:36:58
2802,300,840600,13:36:57
2802,500,1401000,13:36:57
2802,100,280200,13:36:52
2803,100,280300,13:36:52
2802,100,280200,13:36:50
2802,100,280200,13:36:50
2802,100,280200,13:36:48
2802,200,560400,13:36:48
2802,400,1120800,13:36:48
2803,100,280300,13:36:48
2802,300,840600,13:36:46
2804,100,280400,13:36:46
2804,100,280400,13:36:46
2803,100,280300,13:36:46
2804,500,1402000,13:36:44
2804,100,280400,13:36:43
2803,400,1121200,13:36:43
2803,100,280300,13:36:43
2803,100,280300,13:36:43
2803,500,1401500,13:36:42
2803,200,560600,13:36:42
2802,100,280200,13:36:42
2802,100,280200,13:36:42
2801,600,1680600,13:36:42
2801,100,280100,13:36:42
2800,4600,12880000,13:36:42
2800,2000,5600000,13:36:42
2799,1200,3358800,13:36:42
2798,800,2238400,13:36:42
2798,100,279800,13:36:42
2798,100,279800,13:36:41
2798,100,279800,13:36:40
2798,100,279800,13:36:39
2798,200,559600,13:36:38
2797,100,279700,13:36:36
2797,100,279700,13:36:33
2795,100,279500,13:36:31
2795,700,1956500,13:36:30
2796,1300,3634800,13:36:30
2797,100,279700,13:36:30
2797,800,2237600,13:36:30
2797,400,1118800,13:36:25
2797,500,1398500,13:36:23
2796,1100,3075600,13:36:22
2795,100,279500,13:36:21
2795,100,279500,13:36:21
2795,100,279500,13:36:21
2795,100,279500,13:36:21
2795,200,559000,13:36:19
2796,100,279600,13:36:17
2795,1300,3633500,13:36:17
2794,100,279400,13:36:17
2794,900,2514600,13:36:15
2794,100,279400,13:36:13
2793,100,279300,13:36:13
2794,100,279400,13:36:10
2795,400,1118000,13:36:09
2793,100,279300,13:36:08
2792,100,279200,13:35:54
2793,500,1396500,13:35:52
2793,100,279300,13:35:52
2794,1600,4470400,13:35:52
2796,100,279600,13:35:49
2796,100,279600,13:35:49
2796,1400,3914400,13:35:49
2795,100,279500,13:35:49
2795,200,559000,13:35:49
2796,100,279600,13:35:40
2795,100,279500,13:35:39
2795,100,279500,13:35:39
2796,200,559200,13:35:39
2796,100,279600,13:35:39
2795,2500,6987500,13:35:39
2794,100,279400,13:35:39
2793,500,1396500,13:35:36
2794,800,2235200,13:35:36
2793,200,558600,13:35:36
2793,200,558600,13:35:33
2794,100,279400,13:35:32
2793,300,837900,13:35:32
2794,100,279400,13:35:31
2793,700,1955100,13:35:28
2793,100,279300,13:35:28
2792,100,279200,13:35:27
2791,100,279100,13:35:27
2790,1200,3348000,13:35:27
2790,1600,4464000,13:35:27
2789,1100,3067900,13:35:27
2789,100,278900,13:35:27
2788,100,278800,13:35:26
2788,200,557600,13:35:25
2788,300,836400,13:35:25
2787,200,557400,13:35:21
2787,200,557400,13:35:21
2787,100,278700,13:35:18
2787,100,278700,13:35:16
2787,200,557400,13:35:16
2788,100,278800,13:35:16
2788,200,557600,13:35:16
2787,500,1393500,13:35:16
2787,100,278700,13:35:13
2787,200,557400,13:35:09
2786,400,1114400,13:35:08
2786,500,1393000,13:35:08
2787,200,557400,13:35:07
2787,100,278700,13:35:06
2787,500,1393500,13:35:04
2786,100,278600,13:34:53
2786,100,278600,13:34:53
2786,100,278600,13:34:53
2786,100,278600,13:34:53
2786,100,278600,13:34:53
2785,100,278500,13:34:52
2785,100,278500,13:34:52
2785,1700,4734500,13:34:52
2785,100,278500,13:34:51
2785,200,557000,13:34:50
2785,100,278500,13:34:42
2785,100,278500,13:34:39
2785,100,278500,13:34:37
2785,100,278500,13:34:36
2785,100,278500,13:34:35
2786,100,278600,13:34:35
2785,100,278500,13:34:35
2785,400,1114000,13:34:34
2787,100,278700,13:34:32
2788,100,278800,13:34:32
2787,700,1950900,13:34:32
2786,300,835800,13:34:32
2786,400,1114400,13:34:30
2785,100,278500,13:34:29
2785,200,557000,13:34:29
2784,100,278400,13:34:26
2785,100,278500,13:34:26
2785,200,557000,13:34:26
2784,1600,4454400,13:34:23
2784,100,278400,13:34:23
2783,100,278300,13:34:22
2782,100,278200,13:34:16
2781,400,1112400,13:34:12
2781,100,278100,13:34:05
2781,300,834300,13:34:04
2782,300,834600,13:34:04
2782,500,1391000,13:33:59
2784,100,278400,13:33:59
2783,400,1113200,13:33:59
2784,100,278400,13:33:56
2784,500,1392000,13:33:44
2785,200,557000,13:33:43
2785,200,557000,13:33:43
2785,200,557000,13:33:43
2785,300,835500,13:33:43
2785,100,278500,13:33:43
2785,100,278500,13:33:40
2784,200,556800,13:33:40
2784,100,278400,13:33:38
2784,100,278400,13:33:33
2781,300,834300,13:33:23
2782,400,1112800,13:33:23
2783,200,556600,13:33:23
2783,100,278300,13:33:21
2784,100,278400,13:33:20
2784,100,278400,13:33:20
2784,100,278400,13:33:20
2784,100,278400,13:33:19
2784,200,556800,13:33:17
2784,100,278400,13:33:17
2783,1000,2783000,13:33:17
2782,1100,3060200,13:33:17
2782,100,278200,13:33:17
2782,100,278200,13:33:16
2782,100,278200,13:33:16
2782,200,556400,13:33:14
2782,100,278200,13:33:13
2782,200,556400,13:33:11
2782,100,278200,13:32:59
2781,400,1112400,13:32:58
2782,100,278200,13:32:56
2781,100,278100,13:32:54
2783,600,1669800,13:32:48
2782,100,278200,13:32:48
2782,100,278200,13:32:48
2781,200,556200,13:32:45
2780,300,834000,13:32:37
2781,200,556200,13:32:35
2782,100,278200,13:32:35
2783,100,278300,13:32:33
2783,100,278300,13:32:33
2782,100,278200,13:32:33
2782,100,278200,13:32:32
2782,100,278200,13:32:30
2781,100,278100,13:32:30
2780,700,1946000,13:32:30
2779,600,1667400,13:32:27
2779,300,833700,13:32:24
2780,100,278000,13:32:24
2780,100,278000,13:32:22
2781,100,278100,13:32:22
2782,100,278200,13:32:22
2781,100,278100,13:32:21
2781,200,556200,13:32:21
2780,100,278000,13:32:21
2779,200,555800,13:32:21
2779,100,277900,13:32:21
2780,2300,6394000,13:32:21
2780,2000,5560000,13:32:21
2781,600,1668600,13:32:20
2781,100,278100,13:32:20
2782,3100,8624200,13:32:20
2784,300,835200,13:32:20
2783,100,278300,13:32:20
2783,100,278300,13:32:19
2783,100,278300,13:32:17
2783,200,556600,13:32:14
2784,100,278400,13:32:14
2784,100,278400,13:32:14
2783,200,556600,13:32:12
2784,300,835200,13:32:05
2784,200,556800,13:32:04
2784,100,278400,13:32:04
2783,400,1113200,13:32:01
2783,100,278300,13:32:01
2783,100,278300,13:32:01
2784,100,278400,13:31:46
2783,100,278300,13:31:46
2783,100,278300,13:31:44
2784,500,1392000,13:31:41
2785,200,557000,13:31:39
2785,200,557000,13:31:39
2784,400,1113600,13:31:36
2783,600,1669800,13:31:35
2784,100,278400,13:31:24
2784,200,556800,13:31:24
2785,400,1114000,13:31:22
2785,100,278500,13:31:18
2785,100,278500,13:31:17
2785,1900,5291500,13:31:17
2785,300,835500,13:31:17
2786,400,1114400,13:31:16
2786,600,1671600,13:31:14
2787,100,278700,13:31:14
2787,400,1114800,13:31:13
2787,100,278700,13:31:08
2786,300,835800,13:31:08
2786,100,278600,13:31:04
2786,200,557200,13:31:04
2786,200,557200,13:31:04
2786,300,835800,13:31:04
2786,300,835800,13:31:04
2785,500,1392500,13:31:03
2784,700,1948800,13:31:01
2784,100,278400,13:31:01
2785,100,278500,13:31:01
2785,100,278500,13:30:54
2784,100,278400,13:30:53
2785,1200,3342000,13:30:53
2785,500,1392500,13:30:53
2784,100,278400,13:30:52
2784,300,835200,13:30:52
2783,500,1391500,13:30:49
2782,200,556400,13:30:47
2781,100,278100,13:30:46
2781,100,278100,13:30:43
2781,700,1946700,13:30:43
2781,100,278100,13:30:15
2781,300,834300,13:30:15
2782,100,278200,13:30:10
2782,100,278200,13:30:10
2782,200,556400,13:30:09
2784,800,2227200,13:30:09
2783,300,834900,13:30:09
2782,200,556400,13:30:09
2780,100,278000,13:30:03
2780,100,278000,13:30:02
2781,100,278100,13:30:02
2783,400,1113200,13:30:02
2782,400,1112800,13:30:02
2782,100,278200,13:30:02
2781,300,834300,13:29:58
2782,100,278200,13:29:55
2782,500,1391000,13:29:51
2782,100,278200,13:29:47
2781,400,1112400,13:29:46
2782,200,556400,13:29:45
2784,500,1392000,13:29:42
2783,100,278300,13:29:42
2783,100,278300,13:29:41
2782,100,278200,13:29:38
2782,900,2503800,13:29:37
2784,400,1113600,13:29:36
2783,300,834900,13:29:36
2781,100,278100,13:29:35
2782,100,278200,13:29:34
2782,100,278200,13:29:34
2781,100,278100,13:29:30
2783,300,834900,13:29:27
2782,300,834600,13:29:25
2781,200,556200,13:29:23
2781,1200,3337200,13:29:23
2782,100,278200,13:29:23
2783,100,278300,13:29:23
2782,1400,3894800,13:29:22
2783,300,834900,13:29:22
2783,100,278300,13:29:22
2785,200,557000,13:29:13
2784,900,2505600,13:29:13
2784,100,278400,13:29:08
2783,300,834900,13:29:08
2782,100,278200,13:29:06
2783,100,278300,13:29:04
2782,400,1112800,13:29:04
2782,1800,5007600,13:29:04
2783,100,278300,13:29:03
2782,100,278200,13:29:01
2782,100,278200,13:29:01
2784,300,835200,13:29:01
2783,500,1391500,13:29:01
2782,100,278200,13:29:00
2780,100,278000,13:29:00
2782,100,278200,13:28:59
2781,200,556200,13:28:58
2782,200,556400,13:28:57
2782,200,556400,13:28:57
2782,300,834600,13:28:53
2781,100,278100,13:28:53
2781,100,278100,13:28:52
2781,100,278100,13:28:49
2782,300,834600,13:28:49
2781,100,278100,13:28:46
2780,100,278000,13:28:44
2783,100,278300,13:28:43
2782,300,834600,13:28:43
2781,100,278100,13:28:40
2782,200,556400,13:28:40
2782,100,278200,13:28:40
2783,500,1391500,13:28:40
2782,100,278200,13:28:40
2782,100,278200,13:28:38
2781,100,278100,13:28:37
2782,300,834600,13:28:37
2780,100,278000,13:28:37
2780,200,556000,13:28:36
2784,300,835200,13:28:33
2783,2000,5566000,13:28:33
2782,1500,4173000,13:28:33
2781,1000,2781000,13:28:33
2780,200,556000,13:28:33
2780,100,278000,13:28:32
2781,1100,3059100,13:28:32
2783,200,556600,13:28:32
2782,200,556400,13:28:32
2782,100,278200,13:28:29
2782,100,278200,13:28:28
2783,100,278300,13:28:27
2782,100,278200,13:28:25
2782,300,834600,13:28:23
2782,100,278200,13:28:21
2781,100,278100,13:28:21
2781,200,556200,13:28:21
2783,500,1391500,13:28:20
2782,300,834600,13:28:20
2782,200,556400,13:28:19
2782,100,278200,13:28:16
2782,100,278200,13:28:15
2782,100,278200,13:28:15
2780,300,834000,13:28:15
2781,200,556200,13:28:15
2780,2100,5838000,13:28:15
2779,400,1111600,13:28:15
2778,300,833400,13:28:15
2777,300,833100,13:28:08
2778,600,1666800,13:28:07
2777,100,277700,13:28:04
2777,200,555400,13:28:03
2775,100,277500,13:28:00
2777,500,1388500,13:27:57
2776,200,555200,13:27:49
2776,200,555200,13:27:46
2776,300,832800,13:27:46
2775,300,832500,13:27:41
2774,100,277400,13:27:35
2774,200,554800,13:27:25
2774,300,832200,13:27:21
2773,100,277300,13:27:10
2775,200,555000,13:27:02
2773,100,277300,13:26:59
2773,100,277300,13:26:51
2773,200,554600,13:26:48
2773,100,277300,13:26:48
2773,100,277300,13:26:47
2773,300,831900,13:26:46
2773,700,1941100,13:26:36
2774,200,554800,13:26:36
2774,1100,3051400,13:26:36
2774,400,1109600,13:26:36
2775,200,555000,13:26:33
2774,100,277400,13:26:29
2775,100,277500,13:26:26
2775,100,277500,13:26:24
2775,100,277500,13:26:22
2775,100,277500,13:26:17
2775,100,277500,13:26:16
2776,100,277600,13:26:16
2775,400,1110000,13:26:15
2775,100,277500,13:26:13
2776,100,277600,13:26:10
2775,100,277500,13:26:10
2775,500,1387500,13:26:08
2776,100,277600,13:26:08
2777,100,277700,13:26:03
2776,300,832800,13:26:01
2776,200,555200,13:26:01
2774,300,832200,13:25:56
2775,300,832500,13:25:56
2776,700,1943200,13:25:51
2777,300,833100,13:25:50
2777,600,1666200,13:25:50
2776,100,277600,13:25:48
2776,100,277600,13:25:48
2775,700,1942500,13:25:47
2775,100,277500,13:25:46
2774,200,554800,13:25:46
2774,100,277400,13:25:41
2774,300,832200,13:25:37
2774,100,277400,13:25:37
2774,100,277400,13:25:35
2774,200,554800,13:25:21
2773,400,1109200,13:25:16
2774,100,277400,13:25:15
2772,400,1108800,13:25:13
2773,500,1386500,13:25:13
2774,100,277400,13:25:12
2773,400,1109200,13:25:08
2773,100,277300,13:25:07
2772,100,277200,13:25:01
2773,100,277300,13:24:59
2772,100,277200,13:24:53
2773,100,277300,13:24:46
2773,1000,2773000,13:24:45
2772,500,1386000,13:24:44
2773,100,277300,13:24:41
2774,100,277400,13:24:39
2774,100,277400,13:24:35
2774,100,277400,13:24:31
2772,100,277200,13:24:24
2773,300,831900,13:24:23
2774,200,554800,13:24:21
2775,600,1665000,13:24:21
2775,500,1387500,13:24:21
2775,100,277500,13:24:21
2777,700,1943900,13:24:21
2776,700,1943200,13:24:21
2774,100,277400,13:24:21
2773,100,277300,13:24:21
2775,5400,14985000,13:24:21
2774,1400,3883600,13:24:21
2773,400,1109200,13:24:21
2772,1000,2772000,13:24:21
2770,200,554000,13:24:21
2772,100,277200,13:24:16
2771,100,277100,13:24:14
2771,100,277100,13:24:08
2770,200,554000,13:24:05
2771,100,277100,13:24:05
2771,100,277100,13:24:05
2771,100,277100,13:24:05
2770,100,277000,13:24:03
2771,300,831300,13:24:02
2771,100,277100,13:24:02
2771,400,1108400,13:23:59
2770,800,2216000,13:23:59
2770,100,277000,13:23:59
2768,100,276800,13:23:59
2769,100,276900,13:23:59
2767,100,276700,13:23:51
2768,100,276800,13:23:51
2768,100,276800,13:23:51
2768,400,1107200,13:23:48
2768,100,276800,13:23:46
2768,100,276800,13:23:42
2768,100,276800,13:23:42
2768,400,1107200,13:23:42
2769,300,830700,13:23:42
2768,200,553600,13:23:39
2768,200,553600,13:23:39
2767,100,276700,13:23:36
2767,100,276700,13:23:33
2768,100,276800,13:23:32
2768,200,553600,13:23:31
2768,100,276800,13:23:29
2768,100,276800,13:23:27
2767,100,276700,13:23:27
2767,100,276700,13:23:27
2767,100,276700,13:23:27
2767,100,276700,13:23:27
2766,100,276600,13:23:26
2767,100,276700,13:23:26
2767,400,1106800,13:23:23
2767,100,276700,13:23:18
2766,200,553200,13:23:18
2766,200,553200,13:23:18
2766,200,553200,13:23:18
2766,200,553200,13:23:18
2767,1300,3597100,13:23:18
2768,300,830400,13:23:15
2768,400,1107200,13:23:15
2768,100,276800,13:23:11
2768,200,553600,13:23:11
2770,100,277000,13:23:11
2768,100,276800,13:23:05
2770,100,277000,13:22:55
2769,200,553800,13:22:53
2769,200,553800,13:22:53
2770,100,277000,13:22:53
2769,100,276900,13:22:46
2770,200,554000,13:22:40
2771,200,554200,13:22:33
2771,100,277100,13:22:33
2769,100,276900,13:22:32
2769,100,276900,13:22:32
2770,100,277000,13:22:32
2772,100,277200,13:22:29
2773,800,2218400,13:22:29
2773,200,554600,13:22:26
2772,600,1663200,13:22:26
2771,100,277100,13:22:26
2771,500,1385500,13:22:26
2771,100,277100,13:22:22
2770,400,1108000,13:22:21
2769,200,553800,13:22:17
2769,800,2215200,13:22:17
2769,300,830700,13:22:16
2770,100,277000,13:22:16
2768,100,276800,13:22:09
2768,400,1107200,13:22:07
2768,100,276800,13:22:06
2768,100,276800,13:22:03
2770,400,1108000,13:22:02
2769,200,553800,13:22:02
2768,100,276800,13:22:02
2769,100,276900,13:22:02
2770,100,277000,13:22:02
2768,100,276800,13:21:56
2768,600,1660800,13:21:56
2767,200,553400,13:21:54
2767,300,830100,13:21:53
2768,200,553600,13:21:52
2768,300,830400,13:21:52
2768,100,276800,13:21:52
2767,100,276700,13:21:52
2767,100,276700,13:21:52
2768,100,276800,13:21:52
2767,200,553400,13:21:51
2768,800,2214400,13:21:51
2770,100,277000,13:21:46
2770,200,554000,13:21:46
2770,200,554000,13:21:46
2770,100,277000,13:21:41
2771,100,277100,13:21:41
2771,100,277100,13:21:39
2770,100,277000,13:21:37
2772,100,277200,13:21:37
2770,300,831000,13:21:33
2771,200,554200,13:21:33
2772,900,2494800,13:21:27
2773,100,277300,13:21:27
2772,100,277200,13:21:27
2772,100,277200,13:21:23
2773,100,277300,13:21:23
2773,100,277300,13:21:21
2773,100,277300,13:21:21
2773,100,277300,13:21:17
2773,100,277300,13:21:16
2773,200,554600,13:21:15
2773,100,277300,13:21:15
2774,300,832200,13:21:15
2775,200,555000,13:21:15
2775,600,1665000,13:21:15
2775,200,555000,13:21:15
2776,700,1943200,13:21:15
2775,100,277500,13:21:15
2775,400,1110000,13:21:14
2774,100,277400,13:21:14
2774,100,277400,13:21:14
2774,900,2496600,13:21:14
2775,200,555000,13:21:13
2774,100,277400,13:21:11
2775,300,832500,13:21:11
2775,100,277500,13:21:06
2775,100,277500,13:21:03
2775,100,277500,13:21:03
2775,100,277500,13:21:03
2774,600,1664400,13:20:57
2774,100,277400,13:20:57
2775,1000,2775000,13:20:57
2774,100,277400,13:20:57
2773,200,554600,13:20:57
2775,100,277500,13:20:57
2774,400,1109600,13:20:57
2773,100,277300,13:20:57
2773,200,554600,13:20:57
2773,300,831900,13:20:57
2773,100,277300,13:20:57
2772,100,277200,13:20:57
2771,100,277100,13:20:57
2771,300,831300,13:20:57
2770,200,554000,13:20:57
2768,100,276800,13:20:57
2769,100,276900,13:20:57
2769,600,1661400,13:20:57
2767,500,1383500,13:20:57
2768,200,553600,13:20:57
2768,100,276800,13:20:57
2769,2100,5814900,13:20:57
2769,200,553800,13:20:57
2770,600,1662000,13:20:57
2771,100,277100,13:20:51
2773,100,277300,13:20:48
2771,100,277100,13:20:48
2772,600,1663200,13:20:46
2772,200,554400,13:20:46
2772,600,1663200,13:20:46
2770,100,277000,13:20:44
2771,200,554200,13:20:41
2769,100,276900,13:20:41
2770,100,277000,13:20:41
2770,100,277000,13:20:41
2770,100,277000,13:20:41
2770,500,1385000,13:20:40
2769,100,276900,13:20:38
2770,100,277000,13:20:35
2770,200,554000,13:20:35
2771,300,831300,13:20:33
2771,100,277100,13:20:32
2770,100,277000,13:20:30
2770,400,1108000,13:20:30
2771,300,831300,13:20:30
2770,200,554000,13:20:29
2769,100,276900,13:20:27
2770,100,277000,13:20:25
2770,200,554000,13:20:25
2769,100,276900,13:20:22
2768,100,276800,13:20:21
2768,200,553600,13:20:21
2768,100,276800,13:20:21
2768,100,276800,13:20:21
2768,300,830400,13:20:21
2768,300,830400,13:20:21
2768,200,553600,13:20:21
2768,300,830400,13:20:21
2769,100,276900,13:20:20
2770,100,277000,13:20:19
2769,100,276900,13:20:18
2769,100,276900,13:20:16
2769,100,276900,13:20:12
2769,100,276900,13:20:12
2769,100,276900,13:20:11
2769,100,276900,13:20:03
2769,200,553800,13:19:59
2770,100,277000,13:19:58
2769,200,553800,13:19:55
2769,100,276900,13:19:47
2768,100,276800,13:19:44
2768,200,553600,13:19:43
2768,100,276800,13:19:39
2767,100,276700,13:19:36
2768,100,276800,13:19:36
2767,400,1106800,13:19:36
2768,1000,2768000,13:19:36
2769,100,276900,13:19:33
2768,300,830400,13:19:23
2769,100,276900,13:19:23
2769,100,276900,13:19:17
2770,400,1108000,13:19:15
2770,100,277000,13:19:14
2769,100,276900,13:19:13
2769,400,1107600,13:19:08
2767,300,830100,13:19:07
2768,200,553600,13:19:07
2766,100,276600,13:19:07
2767,200,553400,13:19:07
2767,300,830100,13:19:05
2768,200,553600,13:19:05
2767,600,1660200,13:19:03
2768,100,276800,13:19:01
2768,100,276800,13:19:01
2768,800,2214400,13:19:01
2768,300,830400,13:19:01
2768,200,553600,13:19:01
2769,100,276900,13:18:58
2769,500,1384500,13:18:55
2770,100,277000,13:18:53
2771,400,1108400,13:18:53
2772,200,554400,13:18:48
2771,100,277100,13:18:48
2771,100,277100,13:18:48
2771,100,277100,13:18:48
2771,100,277100,13:18:48
2770,100,277000,13:18:48
2770,1500,4155000,13:18:48
2770,1600,4432000,13:18:48
2769,100,276900,13:18:48
2769,300,830700,13:18:48
2770,100,277000,13:18:42
2770,100,277000,13:18:42
2770,100,277000,13:18:42
2770,100,277000,13:18:42
2770,100,277000,13:18:37
2770,400,1108000,13:18:29
2769,500,1384500,13:18:29
2769,600,1661400,13:18:29
2770,1000,2770000,13:18:29
2771,100,277100,13:18:18
2771,100,277100,13:18:16
2772,100,277200,13:18:16
2771,100,277100,13:18:14
2771,100,277100,13:18:14
2771,100,277100,13:18:11
2771,300,831300,13:18:11
2771,100,277100,13:18:04
2771,100,277100,13:18:04
2770,100,277000,13:18:01
2769,100,276900,13:18:01
2770,400,1108000,13:18:00
2771,200,554200,13:18:00
2771,100,277100,13:18:00
2770,100,277000,13:17:58
2771,100,277100,13:17:58
2771,100,277100,13:17:56
2771,200,554200,13:17:56
2771,100,277100,13:17:56
2770,100,277000,13:17:50
2770,100,277000,13:17:50
2770,200,554000,13:17:50
2770,100,277000,13:17:44
2770,600,1662000,13:17:38
2771,400,1108400,13:17:32
2770,600,1662000,13:17:32
2769,200,553800,13:17:30
2768,100,276800,13:17:25
2767,100,276700,13:17:24
2767,100,276700,13:17:24
2767,100,276700,13:17:24
2767,100,276700,13:17:24
2766,200,553200,13:17:23
2767,100,276700,13:17:17
2768,100,276800,13:17:17
2768,100,276800,13:17:17
2766,100,276600,13:17:17
2767,100,276700,13:17:17
2766,1500,4149000,13:17:16
2766,100,276600,13:17:16
2766,100,276600,13:17:16
2769,100,276900,13:17:16
2768,1100,3044800,13:17:16
2767,400,1106800,13:17:16
2766,100,276600,13:17:16
2766,200,553200,13:17:16
2766,300,829800,13:17:09
2766,200,553200,13:17:06
2766,200,553200,13:17:06
2766,100,276600,13:17:03
2767,100,276700,13:16:57
2767,400,1106800,13:16:55
2769,100,276900,13:16:54
2768,200,553600,13:16:54
2768,100,276800,13:16:54
2767,100,276700,13:16:54
2768,600,1660800,13:16:54
2767,100,276700,13:16:53
2767,200,553400,13:16:53
2766,400,1106400,13:16:48
2767,100,276700,13:16:45
2767,100,276700,13:16:45
2767,100,276700,13:16:34
2768,100,276800,13:16:34
2768,100,276800,13:16:32
2768,100,276800,13:16:27
2767,200,553400,13:16:27
2768,100,276800,13:16:27
2768,100,276800,13:16:27
2766,400,1106400,13:16:26
2767,100,276700,13:16:26
2768,600,1660800,13:16:24
2767,100,276700,13:16:24
2767,100,276700,13:16:24
2768,100,276800,13:16:22
2767,100,276700,13:16:22
2767,200,553400,13:16:21
2768,100,276800,13:16:21
2768,100,276800,13:16:21
2767,400,1106800,13:16:21
2768,300,830400,13:16:21
2769,600,1661400,13:16:21
2769,200,553800,13:16:21
2768,200,553600,13:16:21
2768,200,553600,13:16:21
2768,1000,2768000,13:16:21
2770,500,1385000,13:16:21
2769,100,276900,13:16:20
2770,100,277000,13:16:14
2769,100,276900,13:16:12
2768,100,276800,13:16:12
2769,100,276900,13:16:12
2769,100,276900,13:16:12
2768,100,276800,13:16:12
2768,100,276800,13:16:12
2770,100,277000,13:16:12
2769,300,830700,13:16:12
2769,1900,5261100,13:16:12
2769,100,276900,13:16:12
2769,200,553800,13:16:12
2769,500,1384500,13:16:12
2769,100,276900,13:16:12
2769,100,276900,13:16:12
2770,3300,9141000,13:16:12
2770,500,1385000,13:16:12
2770,100,277000,13:16:12
2771,2500,6927500,13:16:12
2772,200,554400,13:16:12
2772,800,2217600,13:16:12
2772,800,2217600,13:16:12
2772,800,2217600,13:16:12
2773,300,831900,13:16:08
2774,400,1109600,13:16:08
2774,200,554800,13:16:08
2773,100,277300,13:16:00
2774,100,277400,13:16:00
2774,100,277400,13:15:56
2773,200,554600,13:15:56
2773,500,1386500,13:15:50
2773,100,277300,13:15:45
2772,100,277200,13:15:45
2773,100,277300,13:15:37
2773,500,1386500,13:15:37
2774,400,1109600,13:15:33
2775,200,555000,13:15:32
2774,200,554800,13:15:30
2775,200,555000,13:15:30
2775,200,555000,13:15:30
2774,100,277400,13:15:29
2775,700,1942500,13:15:29
2773,200,554600,13:15:29
2775,100,277500,13:15:29
2774,100,277400,13:15:29
2774,200,554800,13:15:29
2775,2900,8047500,13:15:29
2775,100,277500,13:15:28
2775,200,555000,13:15:26
2775,100,277500,13:15:26
2774,100,277400,13:15:26
2774,100,277400,13:15:26
2774,200,554800,13:15:26
2773,100,277300,13:15:25
2775,200,555000,13:15:20
2774,300,832200,13:15:17
2774,100,277400,13:15:16
2774,100,277400,13:15:16
2774,100,277400,13:15:16
2774,100,277400,13:15:16
2772,200,554400,13:15:15
2773,100,277300,13:15:15
2772,1400,3880800,13:15:15
2773,1600,4436800,13:15:15
2774,500,1387000,13:15:15
2776,100,277600,13:15:13
2775,100,277500,13:15:10
2775,100,277500,13:15:10
2775,100,277500,13:15:08
2776,200,555200,13:15:06
2776,100,277600,13:14:56
2775,100,277500,13:14:55
2773,100,277300,13:14:54
2775,100,277500,13:14:53
2775,100,277500,13:14:52
2776,200,555200,13:14:51
2775,100,277500,13:14:50
2775,1000,2775000,13:14:48
2775,200,555000,13:14:48
2774,200,554800,13:14:48
2773,100,277300,13:14:48
2773,300,831900,13:14:48
2773,100,277300,13:14:48
2773,300,831900,13:14:46
2773,100,277300,13:14:42
2772,100,277200,13:14:36
2773,200,554600,13:14:33
2773,200,554600,13:14:33
2773,100,277300,13:14:33
2774,200,554800,13:14:33
2774,100,277400,13:14:32
2774,100,277400,13:14:31
2774,500,1387000,13:14:29
2776,1600,4441600,13:14:29
2775,400,1110000,13:14:29
2774,100,277400,13:14:29
2775,2800,7770000,13:14:29
2776,600,1665600,13:14:29
2777,100,277700,13:14:29
2778,100,277800,13:14:29
2777,100,277700,13:14:27
2777,100,277700,13:14:25
2777,100,277700,13:14:25
2777,200,555400,13:14:25
2777,400,1110800,13:14:25
2776,200,555200,13:14:25
2778,800,2222400,13:14:24
2777,200,555400,13:14:24
2776,100,277600,13:14:19
2776,100,277600,13:14:19
2777,300,833100,13:14:19
2776,100,277600,13:14:18
2777,300,833100,13:14:18
2778,500,1389000,13:14:18
2778,100,277800,13:14:18
2780,100,278000,13:14:17
2779,100,277900,13:14:16
2780,200,556000,13:14:16
2780,100,278000,13:14:16
2779,100,277900,13:14:13
2779,100,277900,13:14:13
2779,100,277900,13:14:13
2779,100,277900,13:14:13
2779,200,555800,13:14:12
2779,400,1111600,13:14:10
2778,100,277800,13:14:08
2777,100,277700,13:14:08
2778,300,833400,13:14:08
2777,300,833100,13:14:08
2776,100,277600,13:14:07
2776,100,277600,13:14:07
2777,400,1110800,13:14:06
2775,100,277500,13:14:01
2776,300,832800,13:14:01
2775,100,277500,13:13:59
2776,100,277600,13:13:59
2777,300,833100,13:13:56
2776,100,277600,13:13:55
2776,200,555200,13:13:55
2774,200,554800,13:13:54
2774,200,554800,13:13:53
2775,100,277500,13:13:53
2774,100,277400,13:13:53
2774,200,554800,13:13:53
2775,700,1942500,13:13:53
2775,100,277500,13:13:53
2776,100,277600,13:13:52
2777,100,277700,13:13:52
2776,100,277600,13:13:52
2776,100,277600,13:13:52
2776,100,277600,13:13:52
2775,1000,2775000,13:13:52
2774,100,277400,13:13:52
2775,100,277500,13:13:52
2775,200,555000,13:13:52
2774,100,277400,13:13:51
2774,500,1387000,13:13:51
2774,500,1387000,13:13:51
2774,500,1387000,13:13:51
2773,200,554600,13:13:46
2771,100,277100,13:13:44
2772,100,277200,13:13:44
2773,100,277300,13:13:44
2773,100,277300,13:13:39
2772,200,554400,13:13:36
2773,100,277300,13:13:36
2773,200,554600,13:13:36
2773,300,831900,13:13:35
2771,500,1385500,13:13:29
2774,700,1941800,13:13:26
2773,300,831900,13:13:26
2773,300,831900,13:13:26
2773,100,277300,13:13:25
2773,900,2495700,13:13:23
2772,200,554400,13:13:23
2772,100,277200,13:13:20
2772,100,277200,13:13:15
2773,100,277300,13:13:15
2772,800,2217600,13:13:15
2773,200,554600,13:13:14
2773,300,831900,13:13:14
2772,100,277200,13:13:12
2773,100,277300,13:13:12
2772,1400,3880800,13:13:12
2771,200,554200,13:13:12
2770,500,1385000,13:13:12
2770,100,277000,13:13:11
2771,200,554200,13:13:11
2770,200,554000,13:13:10
2771,200,554200,13:13:10
2771,100,277100,13:13:10
2771,200,554200,13:13:10
2770,600,1662000,13:13:10
2770,400,1108000,13:13:09
2768,200,553600,13:12:58
2766,100,276600,13:12:52
2767,100,276700,13:12:52
2766,400,1106400,13:12:50
2768,100,276800,13:12:48
2767,300,830100,13:12:48
2768,100,276800,13:12:46
2767,200,553400,13:12:42
2768,100,276800,13:12:37
2769,100,276900,13:12:35
2769,100,276900,13:12:30
2769,100,276900,13:12:30
2769,200,553800,13:12:29
2769,100,276900,13:12:26
2768,100,276800,13:12:26
2768,100,276800,13:12:23
2768,100,276800,13:12:23
2768,200,553600,13:12:21
2768,100,276800,13:12:17
2767,300,830100,13:12:17
2767,700,1936900,13:12:06
2766,300,829800,13:12:06
2765,100,276500,13:12:06
2764,100,276400,13:12:05
2764,800,2211200,13:12:05
2765,200,553000,13:12:05
2766,100,276600,13:12:04
2766,300,829800,13:12:03
2764,100,276400,13:12:03
2765,200,553000,13:12:03
2765,100,276500,13:12:00
2765,700,1935500,13:12:00
2766,200,553200,13:12:00
2766,300,829800,13:12:00
2767,100,276700,13:12:00
2766,200,553200,13:12:00
2767,200,553400,13:12:00
2766,900,2489400,13:12:00
2767,100,276700,13:11:59
2768,100,276800,13:11:58
2768,100,276800,13:11:54
2767,400,1106800,13:11:54
2768,1000,2768000,13:11:54
2769,200,553800,13:11:52
2770,100,277000,13:11:51
2770,200,554000,13:11:48
2770,100,277000,13:11:46
2770,400,1108000,13:11:43
2769,500,1384500,13:11:42
2770,200,554000,13:11:42
2771,100,277100,13:11:39
2771,100,277100,13:11:39
2770,100,277000,13:11:38
2769,100,276900,13:11:34
2770,100,277000,13:11:32
2769,100,276900,13:11:32
2769,200,553800,13:11:31
2771,200,554200,13:11:31
2770,100,277000,13:11:31
2770,1000,2770000,13:11:30
2771,300,831300,13:11:30
2772,100,277200,13:11:24
2772,400,1108800,13:11:24
2772,100,277200,13:11:21
2772,100,277200,13:11:21
2772,100,277200,13:11:21
2772,100,277200,13:11:21
2772,300,831600,13:11:21
2772,100,277200,13:11:20
2773,100,277300,13:11:20
2772,300,831600,13:11:19
2772,100,277200,13:11:17
2771,500,1385500,13:11:07
2772,100,277200,13:11:07
2772,500,1386000,13:11:07
2771,400,1108400,13:11:01
2770,100,277000,13:11:00
2770,100,277000,13:11:00
2771,1500,4156500,13:11:00
2771,100,277100,13:11:00
2771,100,277100,13:11:00
2771,100,277100,13:11:00
2772,800,2217600,13:10:53
2772,100,277200,13:10:53
2773,700,1941100,13:10:53
2773,1700,4714100,13:10:53
2773,100,277300,13:10:53
2773,100,277300,13:10:51
2773,100,277300,13:10:47
2772,200,554400,13:10:44
2773,200,554600,13:10:43
2772,100,277200,13:10:43
2772,100,277200,13:10:35
2771,100,277100,13:10:29
2771,200,554200,13:10:28
2771,100,277100,13:10:28
2771,200,554200,13:10:28
2771,200,554200,13:10:28
2771,100,277100,13:10:24
2773,100,277300,13:10:24
2772,300,831600,13:10:24
2771,100,277100,13:10:22
2772,100,277200,13:10:22
2772,200,554400,13:10:21
2772,600,1663200,13:10:19
2773,100,277300,13:10:19
2773,400,1109200,13:10:19
2772,100,277200,13:10:18
2771,200,554200,13:10:18
2772,100,277200,13:10:18
2772,100,277200,13:10:18
2771,500,1385500,13:10:18
2771,500,1385500,13:10:14
2772,100,277200,13:10:14
2771,100,277100,13:10:12
2772,2400,6652800,13:10:12
2772,100,277200,13:10:12
2773,100,277300,13:10:11
2773,300,831900,13:10:10
2773,100,277300,13:10:07
2774,200,554800,13:10:07
2772,200,554400,13:10:06
2771,200,554200,13:10:01
2772,300,831600,13:10:00
2772,500,1386000,13:10:00
2771,300,831300,13:10:00
2770,100,277000,13:10:00
2770,300,831000,13:10:00
2770,200,554000,13:09:58
2769,200,553800,13:09:55
2770,300,831000,13:09:53
2769,200,553800,13:09:53
2770,1800,4986000,13:09:52
2770,600,1662000,13:09:52
2769,300,830700,13:09:52
2769,200,553800,13:09:52
2768,200,553600,13:09:50
2768,100,276800,13:09:50
2768,600,1660800,13:09:47
2767,100,276700,13:09:45
2766,200,553200,13:09:44
2767,400,1106800,13:09:44
2766,200,553200,13:09:36
2768,100,276800,13:09:27
2766,100,276600,13:09:27
2767,500,1383500,13:09:26
2766,100,276600,13:09:25
2766,200,553200,13:09:25
2765,200,553000,13:09:23
2765,100,276500,13:09:23
2765,100,276500,13:09:20
2766,300,829800,13:09:14
2766,200,553200,13:09:07
2764,100,276400,13:09:05
2765,500,1382500,13:09:05
2763,200,552600,13:09:05
2764,200,552800,13:09:05
2764,200,552800,13:08:56
2764,300,829200,13:08:56
2763,100,276300,13:08:49
2763,100,276300,13:08:48
2762,100,276200,13:08:48
2764,300,829200,13:08:42
2763,500,1381500,13:08:42
2762,200,552400,13:08:41
2763,200,552600,13:08:37
2763,100,276300,13:08:37
2763,100,276300,13:08:31
2764,100,276400,13:08:31
2764,100,276400,13:08:31
2764,100,276400,13:08:31
2765,100,276500,13:08:31
2765,100,276500,13:08:31
2765,100,276500,13:08:31
2766,200,553200,13:08:30
2766,400,1106400,13:08:30
2766,400,1106400,13:08:30
2766,400,1106400,13:08:30
2766,200,553200,13:08:28
2767,300,830100,13:08:28
2767,100,276700,13:08:22
2767,100,276700,13:08:17
2766,200,553200,13:08:17
2767,200,553400,13:08:17
2767,400,1106800,13:08:09
2767,200,553400,13:08:09
2767,100,276700,13:08:09
2767,100,276700,13:08:04
2767,100,276700,13:08:04
2768,100,276800,13:07:58
2768,100,276800,13:07:58
2769,200,553800,13:07:56
2768,100,276800,13:07:51
2768,1700,4705600,13:07:49
2770,100,277000,13:07:46
2769,100,276900,13:07:44
2768,100,276800,13:07:42
2769,100,276900,13:07:42
2769,200,553800,13:07:42
2769,200,553800,13:07:42
2768,100,276800,13:07:35
2767,200,553400,13:07:35
2768,100,276800,13:07:28
2768,200,553600,13:07:27
2768,100,276800,13:07:26
2769,600,1661400,13:07:26
2767,100,276700,13:07:25
2768,400,1107200,13:07:24
2768,200,553600,13:07:21
2767,100,276700,13:07:21
2766,500,1383000,13:07:19
2766,200,553200,13:07:18
2767,200,553400,13:07:18
2768,100,276800,13:07:14
2767,100,276700,13:07:12
2766,200,553200,13:07:12
2766,200,553200,13:07:12
2767,200,553400,13:07:07
2767,400,1106800,13:07:07
2767,200,553400,13:07:02
2767,100,276700,13:07:02
2769,100,276900,13:07:00
2769,500,1384500,13:07:00
2769,200,553800,13:06:54
2768,100,276800,13:06:54
2768,100,276800,13:06:54
2769,1300,3599700,13:06:53
2769,100,276900,13:06:53
2769,100,276900,13:06:53
2769,100,276900,13:06:53
2769,200,553800,13:06:51
2770,200,554000,13:06:51
2770,100,277000,13:06:46
2770,100,277000,13:06:46
2770,300,831000,13:06:35
2770,500,1385000,13:06:35
2771,100,277100,13:06:35
2771,100,277100,13:06:33
2771,100,277100,13:06:33
2770,300,831000,13:06:26
2770,200,554000,13:06:24
2769,100,276900,13:06:23
2769,400,1107600,13:06:16
2768,300,830400,13:06:16
2768,200,553600,13:06:16
2766,100,276600,13:06:14
2768,100,276800,13:06:09
2769,100,276900,13:06:08
2769,100,276900,13:06:07
2770,100,277000,13:06:03
2770,200,554000,13:06:00
2770,300,831000,13:05:59
2771,100,277100,13:05:59
2771,100,277100,13:05:56
2770,100,277000,13:05:55
2771,100,277100,13:05:54
2770,100,277000,13:05:53
2770,300,831000,13:05:53
2768,800,2214400,13:05:53
2769,100,276900,13:05:53
2770,900,2493000,13:05:53
2770,100,277000,13:05:51
2771,200,554200,13:05:49
2771,100,277100,13:05:49
2771,100,277100,13:05:49
2771,100,277100,13:05:49
2771,100,277100,13:05:49
2771,100,277100,13:05:49
2772,600,1663200,13:05:48
2774,800,2219200,13:05:42
2774,1100,3051400,13:05:42
2775,900,2497500,13:05:42
2777,100,277700,13:05:39
2776,200,555200,13:05:38
2778,100,277800,13:05:33
2778,100,277800,13:05:33
2777,100,277700,13:05:33
2776,100,277600,13:05:32
2775,200,555000,13:05:32
2775,100,277500,13:05:31
2776,100,277600,13:05:30
2778,400,1111200,13:05:29
2777,100,277700,13:05:29
2776,100,277600,13:05:29
2778,900,2500200,13:05:27
2777,1000,2777000,13:05:27
2776,100,277600,13:05:27
2776,300,832800,13:05:20
2776,100,277600,13:05:20
2777,100,277700,13:05:20
2778,100,277800,13:05:18
2777,100,277700,13:05:16
2777,100,277700,13:05:16
2777,100,277700,13:05:15
2778,100,277800,13:05:15
2777,100,277700,13:05:14
2777,100,277700,13:05:10
2777,400,1110800,13:05:10
2777,200,555400,13:05:05
2776,100,277600,13:05:05
2775,100,277500,13:05:05
2775,100,277500,13:05:03
2774,100,277400,13:05:02
2776,200,555200,13:05:02
2776,300,832800,13:05:02
2776,100,277600,13:05:02
2776,100,277600,13:05:02
2776,100,277600,13:05:02
2775,3200,8880000,13:05:02
2775,400,1110000,13:05:02
2775,3000,8325000,13:05:02
2774,200,554800,13:05:02
2773,100,277300,13:05:02
2773,100,277300,13:05:00
2772,200,554400,13:04:57
2773,100,277300,13:04:53
2773,200,554600,13:04:52
2773,100,277300,13:04:52
2773,100,277300,13:04:50
2774,200,554800,13:04:50
2774,200,554800,13:04:50
2774,300,832200,13:04:49
2775,100,277500,13:04:47
2774,100,277400,13:04:47
2774,200,554800,13:04:47
2773,200,554600,13:04:45
2773,100,277300,13:04:44
2773,600,1663800,13:04:41
2773,100,277300,13:04:41
2775,100,277500,13:04:40
2775,100,277500,13:04:40
2775,200,555000,13:04:38
2775,300,832500,13:04:38
2774,200,554800,13:04:38
2774,200,554800,13:04:38
2775,100,277500,13:04:38
2774,200,554800,13:04:38
2775,100,277500,13:04:37
2775,100,277500,13:04:37
2776,200,555200,13:04:36
2775,600,1665000,13:04:36
2774,400,1109600,13:04:35
2775,100,277500,13:04:35
2774,200,554800,13:04:34
2773,200,554600,13:04:34
2773,100,277300,13:04:33
2774,100,277400,13:04:32
2773,200,554600,13:04:31
2773,200,554600,13:04:31
2773,200,554600,13:04:31
2773,200,554600,13:04:31
2773,100,277300,13:04:31
2773,200,554600,13:04:31
2773,100,277300,13:04:31
2772,1100,3049200,13:04:31
2771,1100,3048100,13:04:31
2770,1400,3878000,13:04:29
2770,1400,3878000,13:04:29
2769,400,1107600,13:04:29
2768,100,276800,13:04:28
2767,100,276700,13:04:27
2766,100,276600,13:04:24
2767,100,276700,13:04:24
2767,300,830100,13:04:24
2768,700,1937600,13:04:24
2768,100,276800,13:04:23
2769,100,276900,13:04:23
2768,100,276800,13:04:23
2769,400,1107600,13:04:22
2769,100,276900,13:04:15
2768,200,553600,13:04:11
2767,200,553400,13:04:11
2767,200,553400,13:04:11
2767,100,276700,13:04:11
2767,200,553400,13:04:09
2766,200,553200,13:04:06
2766,100,276600,13:04:02
2766,200,553200,13:04:01
2768,1000,2768000,13:04:01
2769,100,276900,13:04:01
2769,200,553800,13:04:01
2769,200,553800,13:04:01
2769,100,276900,13:04:01
2768,100,276800,13:04:01
2768,100,276800,13:04:01
2767,100,276700,13:04:01
2766,1200,3319200,13:04:01
2764,100,276400,13:04:01
2765,1300,3594500,13:04:00
2764,100,276400,13:04:00
2764,200,552800,13:03:59
2762,600,1657200,13:03:54
2763,100,276300,13:03:54
2763,200,552600,13:03:54
2764,100,276400,13:03:51
2764,200,552800,13:03:51
2764,200,552800,13:03:51
2763,100,276300,13:03:46
2762,200,552400,13:03:45
2763,200,552600,13:03:44
2763,400,1105200,13:03:44
2763,300,828900,13:03:43
2762,200,552400,13:03:43
2763,200,552600,13:03:33
2763,100,276300,13:03:32
2761,100,276100,13:03:30
2760,100,276000,13:03:28
2763,300,828900,13:03:21
2764,500,1382000,13:03:20
2763,100,276300,13:03:18
2763,100,276300,13:03:18
2762,700,1933400,13:03:18
2762,500,1381000,13:03:18
2761,200,552200,13:03:17
2761,100,276100,13:03:13
2762,500,1381000,13:02:52
2762,400,1104800,13:02:52
2760,100,276000,13:02:48
2761,200,552200,13:02:45
2761,100,276100,13:02:44
2762,100,276200,13:02:40
2762,100,276200,13:02:39
2762,100,276200,13:02:39
2761,200,552200,13:02:36
2761,100,276100,13:02:36
2761,100,276100,13:02:35
2762,200,552400,13:02:34
2761,1200,3313200,13:02:34
2760,300,828000,13:02:34
2759,100,275900,13:02:33
2761,300,828300,13:02:31
2759,100,275900,13:02:28
2760,100,276000,13:02:28
2759,100,275900,13:02:28
2759,100,275900,13:02:28
2759,200,551800,13:02:28
2760,100,276000,13:02:28
2760,1800,4968000,13:02:28
2761,200,552200,13:02:20
2762,100,276200,13:02:10
2762,900,2485800,13:02:10
2763,100,276300,13:02:10
2763,100,276300,13:02:08
2762,100,276200,13:02:07
2763,100,276300,13:01:58
2763,400,1105200,13:01:51
2764,100,276400,13:01:51
2764,200,552800,13:01:50
2763,200,552600,13:01:47
2763,100,276300,13:01:47
2762,100,276200,13:01:38
2763,200,552600,13:01:35
2762,700,1933400,13:01:35
2761,200,552200,13:01:32
2762,200,552400,13:01:31
2762,100,276200,13:01:31
2764,400,1105600,13:01:28
2763,200,552600,13:01:27
2764,500,1382000,13:01:24
2765,100,276500,13:01:23
2764,200,552800,13:01:20
2763,100,276300,13:01:16
2764,300,829200,13:01:16
2764,100,276400,13:01:16
2764,200,552800,13:01:16
2763,100,276300,13:01:16
2763,300,828900,13:01:16
2762,100,276200,13:01:15
2762,100,276200,13:01:15
2762,200,552400,13:01:14
2761,100,276100,13:01:14
2761,200,552200,13:01:14
2762,300,828600,13:01:11
2761,100,276100,13:01:11
2761,100,276100,13:01:11
2760,100,276000,13:01:11
2759,500,1379500,13:01:11
2760,500,1380000,13:01:11
2761,200,552200,13:01:10
2760,100,276000,13:01:10
2760,100,276000,13:01:10
2760,100,276000,13:01:10
2760,100,276000,13:01:10
2760,200,552000,13:01:10
2759,200,551800,13:01:10
2760,100,276000,13:01:10
2759,400,1103600,13:01:10
2759,100,275900,13:01:10
2759,1200,3310800,13:01:10
2760,4000,11040000,13:01:10
2760,200,552000,13:01:10
2761,400,1104400,13:01:10
2762,100,276200,13:01:06
2762,200,552400,13:01:05
2762,100,276200,13:01:05
2763,100,276300,13:01:01
2762,200,552400,13:01:01
2763,200,552600,13:01:01
2763,200,552600,13:01:01
2764,400,1105600,13:01:01
2764,100,276400,13:01:01
2764,100,276400,13:01:01
2764,100,276400,13:01:01
2764,200,552800,13:01:01
2764,400,1105600,13:00:57
2765,500,1382500,13:00:57
2766,100,276600,13:00:48
2766,400,1106400,13:00:48
2766,100,276600,13:00:48
2766,400,1106400,13:00:48
2766,500,1383000,13:00:44
2767,800,2213600,13:00:43
2768,100,276800,13:00:40
2769,200,553800,13:00:40
2768,600,1660800,13:00:39
2770,100,277000,13:00:37
2770,200,554000,13:00:32
2770,300,831000,13:00:31
2770,200,554000,13:00:31
2769,200,553800,13:00:31
2769,100,276900,13:00:31
2769,200,553800,13:00:31
2769,600,1661400,13:00:28
2768,200,553600,13:00:28
2767,400,1106800,13:00:27
2768,100,276800,13:00:27
2768,400,1107200,13:00:26
2767,600,1660200,13:00:25
2767,200,553400,13:00:19
2766,300,829800,13:00:18
2766,200,553200,13:00:18
2766,100,276600,13:00:18
2766,300,829800,13:00:17
2765,100,276500,13:00:17
2765,300,829500,13:00:15
2765,100,276500,13:00:13
2765,200,553000,13:00:11
2766,100,276600,13:00:10
2765,100,276500,13:00:04
2767,200,553400,13:00:02
2766,300,829800,13:00:02
2767,500,1383500,12:59:51
2767,200,553400,12:59:46
2767,200,553400,12:59:46
2767,200,553400,12:59:46
2766,100,276600,12:59:45
2765,100,276500,12:59:41
2765,100,276500,12:59:41
2764,100,276400,12:59:38
2766,300,829800,12:59:38
2765,300,829500,12:59:37
2766,100,276600,12:59:37
2766,100,276600,12:59:37
2766,400,1106400,12:59:37
2769,1400,3876600,12:59:37
2768,600,1660800,12:59:37
2767,500,1383500,12:59:37
2766,600,1659600,12:59:37
2765,700,1935500,12:59:37
2764,100,276400,12:59:34
2765,100,276500,12:59:30
2766,100,276600,12:59:29
2766,100,276600,12:59:25
2768,200,553600,12:59:25
2767,100,276700,12:59:25
2766,200,553200,12:59:25
2767,100,276700,12:59:25
2767,200,553400,12:59:25
2767,100,276700,12:59:25
2767,200,553400,12:59:25
2767,100,276700,12:59:25
2767,200,553400,12:59:25
2767,200,553400,12:59:25
2768,400,1107200,12:59:25
2768,100,276800,12:59:25
2768,200,553600,12:59:25
2768,200,553600,12:59:25
2768,1800,4982400,12:59:25
2767,1700,4703900,12:59:25
2766,600,1659600,12:59:25
2765,700,1935500,12:59:25
2764,1200,3316800,12:59:25
2763,700,1934100,12:59:25
2761,300,828300,12:59:25
2761,100,276100,12:59:25
2762,200,552400,12:59:25
2762,500,1381000,12:59:19
2761,300,828300,12:59:16
2763,100,276300,12:59:04
2762,800,2209600,12:59:03
2762,100,276200,12:59:02
2763,900,2486700,12:59:02
2764,100,276400,12:59:00
2764,200,552800,12:59:00
2766,100,276600,12:59:00
2765,400,1106000,12:59:00
2765,1200,3318000,12:58:59
2766,200,553200,12:58:57
2766,300,829800,12:58:57
2766,100,276600,12:58:47
2766,300,829800,12:58:41
2764,200,552800,12:58:41
2765,100,276500,12:58:41
2765,100,276500,12:58:41
2765,300,829500,12:58:35
2766,100,276600,12:58:35
2766,100,276600,12:58:28
2766,100,276600,12:58:22
2766,100,276600,12:58:22
2766,900,2489400,12:58:22
2765,100,276500,12:58:22
2764,100,276400,12:58:21
2766,100,276600,12:58:21
2765,100,276500,12:58:19
2765,200,553000,12:58:17
2763,100,276300,12:58:14
2765,100,276500,12:58:13
2763,100,276300,12:58:11
2764,100,276400,12:58:09
2764,400,1105600,12:58:09
2763,100,276300,12:58:04
2763,900,2486700,12:58:04
2764,1400,3869600,12:58:04
2765,900,2488500,12:58:04
2766,100,276600,12:58:02
2768,2300,6366400,12:58:01
2767,600,1660200,12:58:01
2766,100,276600,12:58:00
2766,100,276600,12:57:56
2765,200,553000,12:57:56
2765,100,276500,12:57:56
2766,500,1383000,12:57:55
2766,100,276600,12:57:53
2766,100,276600,12:57:51
2767,200,553400,12:57:46
2766,800,2212800,12:57:46
2765,1700,4700500,12:57:46
2767,100,276700,12:57:39
2767,100,276700,12:57:37
2766,100,276600,12:57:37
2766,300,829800,12:57:34
2766,200,553200,12:57:31
2767,1000,2767000,12:57:29
2766,1300,3595800,12:57:29
2765,800,2212000,12:57:29
2764,100,276400,12:57:29
2764,100,276400,12:57:27
2764,1900,5251600,12:57:27
2764,100,276400,12:57:24
2764,200,552800,12:57:20
2764,200,552800,12:57:12
2766,100,276600,12:57:07
2765,800,2212000,12:57:06
2764,800,2211200,12:57:06
2764,200,552800,12:57:06
2764,100,276400,12:57:06
2764,200,552800,12:56:59
2763,400,1105200,12:56:59
2762,100,276200,12:56:52
2761,100,276100,12:56:50
2762,100,276200,12:56:48
2762,900,2485800,12:56:41
2763,100,276300,12:56:38
2764,200,552800,12:56:36
2763,100,276300,12:56:35
2763,300,828900,12:56:34
2763,100,276300,12:56:33
2763,100,276300,12:56:22
2764,1200,3316800,12:56:21
2763,1600,4420800,12:56:21
2761,200,552200,12:56:19
2763,800,2210400,12:56:18
2762,200,552400,12:56:18
2762,300,828600,12:56:17
2762,100,276200,12:56:14
2762,100,276200,12:56:14
2761,100,276100,12:56:14
2763,800,2210400,12:56:13
2764,100,276400,12:56:08
2765,400,1106000,12:56:05
2764,100,276400,12:56:05
2764,200,552800,12:56:04
2764,400,1105600,12:56:04
2763,500,1381500,12:56:03
2764,100,276400,12:56:02
2763,400,1105200,12:55:57
2763,100,276300,12:55:56
2764,100,276400,12:55:56
2764,500,1382000,12:55:56
2765,100,276500,12:55:54
2765,100,276500,12:55:53
2765,400,1106000,12:55:53
2764,100,276400,12:55:47
2764,100,276400,12:55:45
2764,700,1934800,12:55:45
2762,100,276200,12:55:45
2763,300,828900,12:55:40
2763,100,276300,12:55:38
2762,100,276200,12:55:36
2762,200,552400,12:55:36
2761,300,828300,12:55:36
2762,200,552400,12:55:36
2761,100,276100,12:55:36
2761,200,552200,12:55:36
2761,100,276100,12:55:36
2760,1700,4692000,12:55:36
2761,300,828300,12:55:35
2762,100,276200,12:55:35
2762,500,1381000,12:55:29
2762,400,1104800,12:55:25
2761,100,276100,12:55:25
2761,100,276100,12:55:25
2760,300,828000,12:55:25
2760,400,1104000,12:55:25
2760,1900,5244000,12:55:25
2761,100,276100,12:55:21
2761,100,276100,12:55:20
2761,100,276100,12:55:20
2763,100,276300,12:55:15
2761,200,552200,12:55:14
2761,100,276100,12:55:14
2760,5500,15180000,12:55:13
2761,2000,5522000,12:55:13
2762,1800,4971600,12:55:13
2763,200,552600,12:55:13
2763,100,276300,12:55:12
2763,100,276300,12:55:05
2764,300,829200,12:55:05
2764,700,1934800,12:55:05
2764,100,276400,12:55:01
2764,200,552800,12:55:01
2763,100,276300,12:55:00
2763,100,276300,12:55:00
2763,100,276300,12:55:00
2763,700,1934100,12:54:57
2763,100,276300,12:54:57
2763,100,276300,12:54:54
2761,100,276100,12:54:54
2762,100,276200,12:54:54
2762,100,276200,12:54:54
2761,100,276100,12:54:51
2761,100,276100,12:54:49
2762,100,276200,12:54:48
2761,200,552200,12:54:45
2762,100,276200,12:54:45
2762,200,552400,12:54:39
2763,200,552600,12:54:35
2763,200,552600,12:54:33
2763,200,552600,12:54:32
2763,100,276300,12:54:31
2763,100,276300,12:54:29
2762,100,276200,12:54:28
2762,200,552400,12:54:28
2761,100,276100,12:54:24
2762,100,276200,12:54:24
2762,1300,3590600,12:54:24
2760,100,276000,12:54:19
2760,500,1380000,12:54:19
2763,200,552600,12:54:16
2763,100,276300,12:54:16
2762,500,1381000,12:54:16
2761,100,276100,12:54:16
2762,100,276200,12:54:14
2762,100,276200,12:54:14
2761,400,1104400,12:54:14
2761,1100,3037100,12:54:13
2763,400,1105200,12:54:12
2762,100,276200,12:54:11
2762,200,552400,12:54:11
2763,300,828900,12:54:11
2763,100,276300,12:54:06
2764,100,276400,12:54:06
2764,100,276400,12:54:06
2765,100,276500,12:54:03
2765,100,276500,12:54:02
2766,200,553200,12:54:02
2766,300,829800,12:54:02
2766,100,276600,12:54:02
2766,100,276600,12:54:02
2766,200,553200,12:54:02
2766,100,276600,12:54:02
2766,100,276600,12:54:02
2766,100,276600,12:54:02
2766,100,276600,12:54:02
2765,300,829500,12:54:02
2765,200,553000,12:54:02
2767,100,276700,12:53:56
2766,100,276600,12:53:56
2767,200,553400,12:53:52
2766,300,829800,12:53:52
2767,100,276700,12:53:45
2768,200,553600,12:53:44
2766,100,276600,12:53:42
2767,100,276700,12:53:39
2768,100,276800,12:53:39
2767,100,276700,12:53:35
2767,200,553400,12:53:34
2767,200,553400,12:53:34
2767,200,553400,12:53:34
2768,300,830400,12:53:34
2770,100,277000,12:53:26
2769,100,276900,12:53:26
2769,100,276900,12:53:23
2769,100,276900,12:53:23
2768,100,276800,12:53:21
2768,300,830400,12:53:21
2769,400,1107600,12:53:21
2769,200,553800,12:53:19
2769,500,1384500,12:53:18
2770,800,2216000,12:53:18
2771,200,554200,12:53:18
2772,200,554400,12:53:17
2771,200,554200,12:53:16
2770,300,831000,12:53:15
2770,800,2216000,12:53:12
2768,100,276800,12:53:07
2769,200,553800,12:53:07
2770,200,554000,12:53:06
2769,900,2492100,12:53:06
2768,500,1384000,12:53:06
2766,200,553200,12:53:06
2768,100,276800,12:53:06
2768,800,2214400,12:53:04
2768,100,276800,12:53:04
2770,100,277000,12:52:57
2769,100,276900,12:52:57
2768,100,276800,12:52:53
2768,100,276800,12:52:51
2767,100,276700,12:52:50
2768,300,830400,12:52:49
2768,500,1384000,12:52:44
2767,100,276700,12:52:44
2766,300,829800,12:52:44
2767,100,276700,12:52:44
2767,100,276700,12:52:37
2766,200,553200,12:52:37
2766,400,1106400,12:52:36
2766,100,276600,12:52:35
2767,100,276700,12:52:35
2768,400,1107200,12:52:30
2769,600,1661400,12:52:26
2770,100,277000,12:52:23
2770,400,1108000,12:52:23
2770,400,1108000,12:52:23
2770,400,1108000,12:52:23
2770,300,831000,12:52:23
2771,100,277100,12:52:23
2772,100,277200,12:52:20
2772,100,277200,12:52:15
2772,500,1386000,12:52:15
2771,100,277100,12:52:15
2770,100,277000,12:52:13
2771,100,277100,12:52:12
2770,1000,2770000,12:52:11
2770,100,277000,12:52:11
2769,100,276900,12:52:11
2769,200,553800,12:52:09
2768,100,276800,12:52:06
2767,100,276700,12:52:04
2767,100,276700,12:52:04
2766,200,553200,12:52:03
2764,100,276400,12:52:02
2765,300,829500,12:52:02
2765,100,276500,12:52:02
2764,100,276400,12:52:02
2764,100,276400,12:52:02
2765,100,276500,12:52:02
2765,400,1106000,12:52:02
2765,100,276500,12:52:02
2766,1600,4425600,12:52:02
2767,100,276700,12:52:01
2767,100,276700,12:52:01
2768,100,276800,12:52:01
2768,300,830400,12:52:01
2769,300,830700,12:51:59
2769,100,276900,12:51:59
2769,200,553800,12:51:59
2769,200,553800,12:51:59
2769,200,553800,12:51:59
2770,100,277000,12:51:54
2770,200,554000,12:51:51
2770,1000,2770000,12:51:50
2770,100,277000,12:51:45
2770,300,831000,12:51:43
2771,300,831300,12:51:43
2772,100,277200,12:51:42
2771,700,1939700,12:51:31
2772,100,277200,12:51:28
2773,700,1941100,12:51:26
2774,100,277400,12:51:25
2774,200,554800,12:51:25
2774,400,1109600,12:51:25
2774,400,1109600,12:51:25
2774,100,277400,12:51:25
2773,1000,2773000,12:51:25
2772,400,1108800,12:51:25
2770,100,277000,12:51:23
2771,200,554200,12:51:23
2772,100,277200,12:51:21
2771,200,554200,12:51:16
2771,100,277100,12:51:16
2771,100,277100,12:51:15
2771,100,277100,12:51:12
2772,100,277200,12:51:11
2771,200,554200,12:51:04
2770,400,1108000,12:51:02
2771,200,554200,12:50:59
2772,200,554400,12:50:59
2770,400,1108000,12:50:56
2772,500,1386000,12:50:53
2769,300,830700,12:50:51
2770,300,831000,12:50:51
2771,200,554200,12:50:51
2771,200,554200,12:50:50
2772,100,277200,12:50:50
2773,200,554600,12:50:50
2772,100,277200,12:50:50
2771,600,1662600,12:50:50
2771,100,277100,12:50:47
2771,400,1108400,12:50:46
2770,200,554000,12:50:46
2769,100,276900,12:50:45
2769,100,276900,12:50:43
2770,500,1385000,12:50:42
2769,100,276900,12:50:42
2768,400,1107200,12:50:37
2766,500,1383000,12:50:33
2767,300,830100,12:50:33
2768,100,276800,12:50:33
2769,100,276900,12:50:32
2769,200,553800,12:50:32
2768,100,276800,12:50:31
2769,100,276900,12:50:30
2769,100,276900,12:50:30
2768,200,553600,12:50:29
2768,300,830400,12:50:29
2768,300,830400,12:50:29
2768,300,830400,12:50:29
2767,100,276700,12:50:29
2767,200,553400,12:50:29
2766,200,553200,12:50:26
2766,100,276600,12:50:26
2766,400,1106400,12:50:24
2765,100,276500,12:50:23
2764,200,552800,12:50:20
2764,100,276400,12:50:20
2763,100,276300,12:50:20
2762,600,1657200,12:50:02
2763,200,552600,12:50:02
2765,200,553000,12:50:01
2764,500,1382000,12:50:01
2762,100,276200,12:50:01
2764,400,1105600,12:49:58
2763,100,276300,12:49:54
2763,100,276300,12:49:53
2763,100,276300,12:49:53
2764,100,276400,12:49:48
2765,100,276500,12:49:48
2766,300,829800,12:49:47
2765,300,829500,12:49:42
2766,200,553200,12:49:42
2765,500,1382500,12:49:40
2765,100,276500,12:49:40
2765,200,553000,12:49:39
2764,400,1105600,12:49:38
2763,100,276300,12:49:34
2763,800,2210400,12:49:34
2764,300,829200,12:49:34
2762,100,276200,12:49:32
2762,100,276200,12:49:32
2761,1300,3589300,12:49:32
2760,700,1932000,12:49:32
2759,300,827700,12:49:32
2758,100,275800,12:49:32
2758,100,275800,12:49:32
2758,100,275800,12:49:32
2758,100,275800,12:49:32
2759,200,551800,12:49:30
2759,100,275900,12:49:30
2759,200,551800,12:49:30
2760,2000,5520000,12:49:30
2760,100,276000,12:49:26
2762,100,276200,12:49:25
2762,100,276200,12:49:24
2762,200,552400,12:49:24
2762,200,552400,12:49:24
2762,100,276200,12:49:24
2762,100,276200,12:49:24
2762,100,276200,12:49:24
2762,100,276200,12:49:23
2763,300,828900,12:49:23
2763,100,276300,12:49:23
2763,400,1105200,12:49:22
2764,100,276400,12:49:22
2765,100,276500,12:49:22
2765,100,276500,12:49:22
2764,500,1382000,12:49:19
2764,100,276400,12:49:17
2764,100,276400,12:49:15
2764,100,276400,12:49:14
2763,100,276300,12:49:13
2764,200,552800,12:49:11
2763,100,276300,12:49:10
2763,500,1381500,12:49:10
2762,200,552400,12:49:06
2763,500,1381500,12:49:06
2763,100,276300,12:49:02
2764,200,552800,12:49:02
2763,100,276300,12:49:01
2762,100,276200,12:48:52
2762,100,276200,12:48:52
2763,300,828900,12:48:52
2762,300,828600,12:48:52
2760,200,552000,12:48:52
2761,100,276100,12:48:52
2763,100,276300,12:48:47
2762,400,1104800,12:48:47
2763,200,552600,12:48:47
2763,200,552600,12:48:47
2763,300,828900,12:48:47
2763,300,828900,12:48:47
2763,100,276300,12:48:44
2763,100,276300,12:48:44
2763,100,276300,12:48:43
2764,100,276400,12:48:43
2764,300,829200,12:48:43
2763,100,276300,12:48:39
2764,300,829200,12:48:39
2765,100,276500,12:48:34
2766,300,829800,12:48:31
2764,100,276400,12:48:29
2766,100,276600,12:48:19
2765,700,1935500,12:48:19
2763,200,552600,12:48:09
2763,200,552600,12:48:09
2763,200,552600,12:48:09
2763,100,276300,12:48:08
2765,100,276500,12:48:08
2764,200,552800,12:48:07
2763,100,276300,12:48:04
2764,100,276400,12:48:01
2765,500,1382500,12:47:59
2765,100,276500,12:47:59
2764,400,1105600,12:47:59
2763,100,276300,12:47:56
2762,100,276200,12:47:56
2764,100,276400,12:47:55
2762,100,276200,12:47:50
2763,100,276300,12:47:49
2762,100,276200,12:47:49
2762,200,552400,12:47:48
2761,100,276100,12:47:48
2762,800,2209600,12:47:47
2761,600,1656600,12:47:47
2761,100,276100,12:47:47
2760,1300,3588000,12:47:47
2759,500,1379500,12:47:47
2758,200,551600,12:47:47
2758,100,275800,12:47:47
2759,100,275900,12:47:40
2759,100,275900,12:47:40
2760,200,552000,12:47:40
2760,100,276000,12:47:40
2760,100,276000,12:47:38
2759,300,827700,12:47:37
2759,100,275900,12:47:36
2759,100,275900,12:47:35
2759,100,275900,12:47:35
2759,100,275900,12:47:35
2759,200,551800,12:47:32
2760,100,276000,12:47:32
2760,200,552000,12:47:30
2760,100,276000,12:47:30
2759,100,275900,12:47:29
2759,100,275900,12:47:29
2758,200,551600,12:47:28
2759,700,1931300,12:47:27
2758,100,275800,12:47:27
2758,200,551600,12:47:27
2758,300,827400,12:47:24
2757,300,827100,12:47:23
2757,200,551400,12:47:22
2758,200,551600,12:47:18
2758,100,275800,12:47:18
2758,100,275800,12:47:18
2758,100,275800,12:47:18
2758,200,551600,12:47:16
2759,400,1103600,12:47:15
2759,400,1103600,12:47:15
2759,200,551800,12:47:15
2759,200,551800,12:47:12
2760,100,276000,12:47:12
2760,700,1932000,12:47:08
2760,300,828000,12:47:08
2760,100,276000,12:47:08
2761,100,276100,12:47:06
2760,100,276000,12:47:05
2758,400,1103200,12:47:05
2759,100,275900,12:47:05
2759,200,551800,12:47:04
2760,300,828000,12:47:02
2760,2100,5796000,12:47:02
2760,200,552000,12:47:02
2760,400,1104000,12:47:02
2760,100,276000,12:47:00
2762,100,276200,12:46:59
2760,100,276000,12:46:56
2760,400,1104000,12:46:56
2761,600,1656600,12:46:56
2761,100,276100,12:46:54
2762,100,276200,12:46:53
2761,100,276100,12:46:51
2761,300,828300,12:46:51
2762,300,828600,12:46:48
2763,200,552600,12:46:46
2763,100,276300,12:46:46
2764,200,552800,12:46:45
2765,100,276500,12:46:45
2766,1200,3319200,12:46:45
2767,1200,3320400,12:46:45
2767,300,830100,12:46:45
2766,100,276600,12:46:45
2765,300,829500,12:46:44
2766,200,553200,12:46:37
2766,200,553200,12:46:37
2766,100,276600,12:46:37
2766,100,276600,12:46:37
2766,100,276600,12:46:35
2764,200,552800,12:46:35
2765,600,1659000,12:46:35
2766,200,553200,12:46:32
2765,800,2212000,12:46:32
2764,200,552800,12:46:31
2764,100,276400,12:46:31
2764,100,276400,12:46:28
2764,300,829200,12:46:28
2764,100,276400,12:46:27
2765,200,553000,12:46:25
2765,400,1106000,12:46:25
2765,400,1106000,12:46:25
2765,100,276500,12:46:25
2765,400,1106000,12:46:25
2766,100,276600,12:46:19
2765,300,829500,12:46:18
2765,300,829500,12:46:15
2765,100,276500,12:46:15
2767,400,1106800,12:46:14
2766,200,553200,12:46:13
2766,500,1383000,12:46:13
2768,100,276800,12:46:12
2767,200,553400,12:46:10
2767,100,276700,12:46:09
2767,100,276700,12:46:08
2768,100,276800,12:46:07
2766,100,276600,12:46:07
2767,100,276700,12:46:07
2767,100,276700,12:46:07
2767,200,553400,12:46:06
2767,100,276700,12:46:06
2768,400,1107200,12:46:05
2769,300,830700,12:46:03
2771,100,277100,12:46:00
2770,500,1385000,12:45:59
2770,100,277000,12:45:59
2770,200,554000,12:45:59
2771,100,277100,12:45:58
2771,600,1662600,12:45:58
2772,100,277200,12:45:56
2772,300,831600,12:45:55
2772,700,1940400,12:45:55
2773,400,1109200,12:45:54
2773,100,277300,12:45:53
2774,600,1664400,12:45:53
2773,200,554600,12:45:53
2773,100,277300,12:45:53
2773,200,554600,12:45:51
2772,100,277200,12:45:47
2774,100,277400,12:45:46
2773,100,277300,12:45:44
2773,100,277300,12:45:44
2772,100,277200,12:45:42
2772,1200,3326400,12:45:41
2773,100,277300,12:45:40
2773,200,554600,12:45:39
2773,200,554600,12:45:36
2773,200,554600,12:45:36
2773,100,277300,12:45:35
2773,300,831900,12:45:34
2773,100,277300,12:45:33
2773,300,831900,12:45:30
2774,200,554800,12:45:30
2776,800,2220800,12:45:30
2775,800,2220000,12:45:30
2774,100,277400,12:45:30
2775,300,832500,12:45:29
2774,200,554800,12:45:29
2775,200,555000,12:45:28
2777,300,833100,12:45:28
2776,700,1943200,12:45:28
2776,200,555200,12:45:27
2775,100,277500,12:45:26
2777,100,277700,12:45:24
2775,100,277500,12:45:23
2776,100,277600,12:45:22
2776,100,277600,12:45:22
2776,500,1388000,12:45:22
2776,400,1110400,12:45:22
2775,500,1387500,12:45:22
2774,300,832200,12:45:22
2773,100,277300,12:45:21
2773,100,277300,12:45:20
2772,200,554400,12:45:20
2773,100,277300,12:45:20
2773,200,554600,12:45:20
2772,100,277200,12:45:20
2772,100,277200,12:45:20
2772,100,277200,12:45:20
2772,100,277200,12:45:20
2773,100,277300,12:45:20
2772,100,277200,12:45:20
2772,100,277200,12:45:20
2771,100,277100,12:45:20
2772,3700,10256400,12:45:20
2771,100,277100,12:45:20
2770,800,2216000,12:45:20
2771,200,554200,12:45:16
2772,500,1386000,12:45:15
2772,300,831600,12:45:15
2773,100,277300,12:45:11
2773,100,277300,12:45:08
2773,500,1386500,12:45:08
2774,100,277400,12:45:08
2774,100,277400,12:45:08
2775,400,1110000,12:45:08
2775,100,277500,12:45:07
2775,500,1387500,12:45:07
2775,100,277500,12:45:06
2774,500,1387000,12:45:06
2773,100,277300,12:45:04
2774,100,277400,12:45:03
2773,100,277300,12:45:03
2774,100,277400,12:45:02
2772,100,277200,12:45:01
2774,300,832200,12:45:00
2773,200,554600,12:45:00
2772,300,831600,12:45:00
2772,300,831600,12:45:00
2772,200,554400,12:45:00
2774,100,277400,12:45:00
2773,100,277300,12:45:00
2773,100,277300,12:44:59
2772,400,1108800,12:44:59
2772,100,277200,12:44:59
2772,100,277200,12:44:59
2771,500,1385500,12:44:59
2771,100,277100,12:44:58
2771,100,277100,12:44:58
2770,100,277000,12:44:56
2771,500,1385500,12:44:56
2770,1400,3878000,12:44:55
2770,100,277000,12:44:55
2769,500,1384500,12:44:55
2768,400,1107200,12:44:53
2767,200,553400,12:44:53
2767,400,1106800,12:44:53
2766,100,276600,12:44:50
2767,100,276700,12:44:50
2767,100,276700,12:44:50
2767,300,830100,12:44:49
2767,100,276700,12:44:48
2766,100,276600,12:44:47
2767,100,276700,12:44:47
2766,100,276600,12:44:45
2768,200,553600,12:44:44
2767,700,1936900,12:44:44
2767,100,276700,12:44:44
2766,100,276600,12:44:43
2766,300,829800,12:44:43
2767,100,276700,12:44:42
2767,400,1106800,12:44:41
2767,100,276700,12:44:40
2767,100,276700,12:44:36
2767,900,2490300,12:44:33
2767,200,553400,12:44:33
2766,100,276600,12:44:32
2765,100,276500,12:44:32
2766,300,829800,12:44:29
2767,100,276700,12:44:29
2768,300,830400,12:44:28
2767,200,553400,12:44:27
2767,900,2490300,12:44:27
2768,300,830400,12:44:26
2767,100,276700,12:44:25
2767,700,1936900,12:44:25
2766,1200,3319200,12:44:25
2765,400,1106000,12:44:25
2764,600,1658400,12:44:25
2764,100,276400,12:44:25
2765,100,276500,12:44:24
2765,100,276500,12:44:18
2764,1000,2764000,12:44:18
2764,100,276400,12:44:18
2763,100,276300,12:44:18
2763,100,276300,12:44:18
2763,400,1105200,12:44:16
2762,300,828600,12:44:16
2763,400,1105200,12:44:16
2763,100,276300,12:44:11
2763,400,1105200,12:44:09
2763,100,276300,12:44:09
2763,100,276300,12:44:09
2764,100,276400,12:44:05
2764,100,276400,12:44:04
2764,200,552800,12:44:00
2764,200,552800,12:44:00
2764,100,276400,12:43:57
2764,700,1934800,12:43:56
2765,100,276500,12:43:56
2765,100,276500,12:43:56
2765,100,276500,12:43:55
2764,200,552800,12:43:54
2764,900,2487600,12:43:51
2765,100,276500,12:43:50
2765,100,276500,12:43:49
2764,100,276400,12:43:46
2764,100,276400,12:43:45
2764,100,276400,12:43:45
2765,100,276500,12:43:45
2764,100,276400,12:43:44
2765,100,276500,12:43:44
2765,200,553000,12:43:43
2764,200,552800,12:43:42
2764,200,552800,12:43:42
2764,100,276400,12:43:42
2763,100,276300,12:43:42
2764,100,276400,12:43:42
2765,200,553000,12:43:40
2764,300,829200,12:43:40
2763,800,2210400,12:43:39
2764,100,276400,12:43:36
2764,100,276400,12:43:36
2764,100,276400,12:43:34
2763,1500,4144500,12:43:33
2762,1100,3038200,12:43:33
2764,300,829200,12:43:30
2764,200,552800,12:43:30
2763,100,276300,12:43:29
2763,700,1934100,12:43:27
2763,400,1105200,12:43:27
2764,100,276400,12:43:27
2764,100,276400,12:43:23
2764,200,552800,12:43:23
2764,100,276400,12:43:22
2764,200,552800,12:43:20
2765,100,276500,12:43:20
2765,100,276500,12:43:18
2765,200,553000,12:43:17
2764,100,276400,12:43:17
2765,100,276500,12:43:17
2763,600,1657800,12:43:17
2764,100,276400,12:43:17
2765,100,276500,12:43:17
2764,100,276400,12:43:17
2763,100,276300,12:43:16
2765,200,553000,12:43:16
2765,200,553000,12:43:16
2764,100,276400,12:43:16
2764,200,552800,12:43:14
2763,700,1934100,12:43:14
2765,200,553000,12:43:13
2765,500,1382500,12:43:13
2763,100,276300,12:43:11
2762,1000,2762000,12:43:11
2761,100,276100,12:43:10
2760,1000,2760000,12:43:10
2760,700,1932000,12:43:10
2762,200,552400,12:43:10
2762,100,276200,12:43:10
2760,100,276000,12:43:10
2760,100,276000,12:43:09
2761,200,552200,12:43:09
2761,100,276100,12:43:08
2761,100,276100,12:43:08
2761,100,276100,12:43:08
2760,400,1104000,12:43:08
2759,100,275900,12:43:08
2759,100,275900,12:43:08
2759,100,275900,12:43:08
2759,100,275900,12:43:08
2759,100,275900,12:43:08
2756,300,826800,12:43:08
2760,2700,7452000,12:43:08
2760,2200,6072000,12:43:08
2759,2000,5518000,12:43:08
2758,900,2482200,12:43:08
2757,800,2205600,12:43:08
2756,1300,3582800,12:43:08
2755,100,275500,12:43:08
2755,500,1377500,12:43:03
2755,200,551000,12:43:03
2755,100,275500,12:43:03
2755,200,551000,12:43:03
2755,200,551000,12:43:02
2756,100,275600,12:43:00
2755,100,275500,12:43:00
2755,200,551000,12:43:00
2755,100,275500,12:42:59
2754,100,275400,12:42:57
2755,100,275500,12:42:57
2755,100,275500,12:42:57
2755,100,275500,12:42:56
2754,600,1652400,12:42:56
2754,400,1101600,12:42:56
2754,800,2203200,12:42:56
2753,800,2202400,12:42:56
2752,100,275200,12:42:54
2752,100,275200,12:42:54
2752,100,275200,12:42:54
2752,500,1376000,12:42:54
2751,300,825300,12:42:54
2752,500,1376000,12:42:54
2752,500,1376000,12:42:54
2752,500,1376000,12:42:54
2752,400,1100800,12:42:54
2752,200,550400,12:42:49
2751,200,550200,12:42:49
2750,400,1100000,12:42:49
2752,100,275200,12:42:46
2750,600,1650000,12:42:45
2751,100,275100,12:42:45
2751,100,275100,12:42:44
2752,200,550400,12:42:43
2751,100,275100,12:42:43
2751,1000,2751000,12:42:42
2751,100,275100,12:42:42
2752,100,275200,12:42:40
2752,200,550400,12:42:32
2752,400,1100800,12:42:32
2751,300,825300,12:42:28
2752,500,1376000,12:42:28
2752,500,1376000,12:42:24
2751,200,550200,12:42:22
2752,100,275200,12:42:22
2752,100,275200,12:42:21
2753,300,825900,12:42:21
2752,100,275200,12:42:20
2752,100,275200,12:42:20
2752,200,550400,12:42:20
2752,100,275200,12:42:20
2753,100,275300,12:42:20
2753,100,275300,12:42:20
2752,100,275200,12:42:19
2753,100,275300,12:42:19
2752,400,1100800,12:42:18
2751,100,275100,12:42:17
2751,400,1100400,12:42:15
2751,200,550200,12:42:14
2752,100,275200,12:42:14
2752,100,275200,12:42:13
2752,500,1376000,12:42:13
2751,200,550200,12:42:12
2750,1100,3025000,12:42:11
2751,100,275100,12:42:11
2751,200,550200,12:42:10
2751,200,550200,12:42:08
2750,100,275000,12:42:02
2749,200,549800,12:42:01
2750,500,1375000,12:42:01
2749,200,549800,12:42:01
2749,500,1374500,12:42:01
2751,100,275100,12:42:01
2750,400,1100000,12:42:01
2748,200,549600,12:41:58
2748,200,549600,12:41:58
2748,500,1374000,12:41:58
2748,100,274800,12:41:58
2748,900,2473200,12:41:53
2749,100,274900,12:41:49
2749,200,549800,12:41:49
2748,200,549600,12:41:45
2748,100,274800,12:41:45
2749,600,1649400,12:41:44
2750,200,550000,12:41:44
2750,400,1100000,12:41:44
2750,300,825000,12:41:44
2748,200,549600,12:41:41
2748,500,1374000,12:41:41
2747,100,274700,12:41:41
2747,100,274700,12:41:41
2747,100,274700,12:41:41
2748,100,274800,12:41:38
2749,100,274900,12:41:38
2748,400,1099200,12:41:37
2748,200,549600,12:41:37
2748,100,274800,12:41:36
2748,500,1374000,12:41:36
2748,300,824400,12:41:36
2748,300,824400,12:41:36
2748,300,824400,12:41:36
2749,300,824700,12:41:34
2749,200,549800,12:41:34
2749,200,549800,12:41:34
2750,200,550000,12:41:33
2751,400,1100400,12:41:33
2751,1000,2751000,12:41:33
2751,100,275100,12:41:33
2750,100,275000,12:41:33
2751,100,275100,12:41:33
2749,200,549800,12:41:31
2750,200,550000,12:41:31
2750,100,275000,12:41:31
2750,200,550000,12:41:30
2750,200,550000,12:41:30
2750,200,550000,12:41:30
2750,200,550000,12:41:30
2750,200,550000,12:41:30
2750,100,275000,12:41:29
2751,100,275100,12:41:26
2751,100,275100,12:41:24
2750,100,275000,12:41:22
2750,100,275000,12:41:22
2751,100,275100,12:41:22
2751,100,275100,12:41:21
2750,100,275000,12:41:21
2751,300,825300,12:41:20
2750,100,275000,12:41:20
2752,300,825600,12:41:20
2752,100,275200,12:41:20
2751,200,550200,12:41:20
2750,100,275000,12:41:16
2749,200,549800,12:41:16
2751,100,275100,12:41:15
2748,100,274800,12:41:14
2750,100,275000,12:41:14
2749,500,1374500,12:41:13
2750,700,1925000,12:41:13
2750,500,1375000,12:41:13
2748,100,274800,12:41:12
2749,400,1099600,12:41:12
2749,400,1099600,12:41:12
2747,200,549400,12:41:12
2748,300,824400,12:41:12
2747,100,274700,12:41:08
2747,100,274700,12:41:08
2748,100,274800,12:41:08
2747,100,274700,12:41:06
2748,300,824400,12:41:05
2747,100,274700,12:41:04
2746,100,274600,12:41:04
2746,1200,3295200,12:41:04
2746,100,274600,12:41:04
2747,100,274700,12:41:03
2746,100,274600,12:41:02
2747,100,274700,12:41:01
2747,300,824100,12:41:00
2746,300,823800,12:40:58
2747,200,549400,12:40:58
2747,100,274700,12:40:57
2746,200,549200,12:40:56
2747,400,1098800,12:40:54
2747,100,274700,12:40:54
2749,500,1374500,12:40:53
2748,300,824400,12:40:53
2747,100,274700,12:40:53
2748,600,1648800,12:40:52
2749,100,274900,12:40:52
2747,100,274700,12:40:52
2747,100,274700,12:40:52
2747,200,549400,12:40:51
2747,500,1373500,12:40:50
2748,100,274800,12:40:50
2748,100,274800,12:40:50
2746,100,274600,12:40:50
2747,400,1098800,12:40:49
2745,100,274500,12:40:49
2745,100,274500,12:40:49
2745,100,274500,12:40:48
2745,200,549000,12:40:48
2744,400,1097600,12:40:48
2745,100,274500,12:40:48
2746,100,274600,12:40:48
2743,500,1371500,12:40:48
2744,400,1097600,12:40:48
2745,1500,4117500,12:40:48
2745,1000,2745000,12:40:48
2746,100,274600,12:40:48
2746,100,274600,12:40:48
2746,100,274600,12:40:48
2746,300,823800,12:40:48
2746,100,274600,12:40:48
2746,100,274600,12:40:48
2747,100,274700,12:40:48
2747,900,2472300,12:40:48
2747,100,274700,12:40:48
2748,500,1374000,12:40:48
2748,100,274800,12:40:48
2748,100,274800,12:40:48
2748,100,274800,12:40:48
2749,100,274900,12:40:48
2749,1500,4123500,12:40:48
2750,100,275000,12:40:48
2750,23800,65450000,12:40:48
2750,100,275000,12:40:48
2751,3700,10178700,12:40:48
2751,900,2475900,12:40:48
2751,100,275100,12:40:48
2751,100,275100,12:40:48
2751,100,275100,12:40:48
2751,100,275100,12:40:47
2751,100,275100,12:40:47
2751,1800,4951800,12:40:47
2751,100,275100,12:40:45
2751,300,825300,12:40:45
2751,100,275100,12:40:45
2751,600,1650600,12:40:45
2751,300,825300,12:40:45
2751,400,1100400,12:40:45
2751,600,1650600,12:40:45
2752,1800,4953600,12:40:45
2752,100,275200,12:40:43
2754,100,275400,12:40:42
2753,100,275300,12:40:42
2754,500,1377000,12:40:41
2753,300,825900,12:40:41
2754,200,550800,12:40:40
2754,100,275400,12:40:40
2755,2100,5785500,12:40:40
2755,400,1102000,12:40:40
2755,100,275500,12:40:40
2755,500,1377500,12:40:40
2755,1500,4132500,12:40:40
2755,300,826500,12:40:40
2755,100,275500,12:40:40
2755,100,275500,12:40:40
2755,100,275500,12:40:40
2756,1600,4409600,12:40:40
2757,200,551400,12:40:39
2757,100,275700,12:40:39
2757,400,1102800,12:40:35
2759,100,275900,12:40:30
2759,200,551800,12:40:29
2758,200,551600,12:40:29
2756,700,1929200,12:40:29
2757,600,1654200,12:40:29
2757,600,1654200,12:40:28
2757,200,551400,12:40:28
2758,100,275800,12:40:27
2760,100,276000,12:40:27
2759,100,275900,12:40:27
2758,100,275800,12:40:26
2757,300,827100,12:40:26
2757,500,1378500,12:40:26
2757,500,1378500,12:40:26
2758,500,1379000,12:40:26
2760,200,552000,12:40:25
2759,1000,2759000,12:40:25
2758,800,2206400,12:40:25
2757,800,2205600,12:40:25
2756,300,826800,12:40:25
2756,100,275600,12:40:24
2756,100,275600,12:40:23
2757,100,275700,12:40:23
2756,100,275600,12:40:22
2757,200,551400,12:40:22
2757,100,275700,12:40:22
2757,300,827100,12:40:20
2757,500,1378500,12:40:18
2757,100,275700,12:40:18
2757,100,275700,12:40:18
2757,100,275700,12:40:18
2758,500,1379000,12:40:18
2759,100,275900,12:40:15
2760,200,552000,12:40:14
2759,200,551800,12:40:14
2758,100,275800,12:40:14
2758,100,275800,12:40:14
2758,100,275800,12:40:14
2758,100,275800,12:40:14
2758,100,275800,12:40:14
2759,900,2483100,12:40:14
2759,100,275900,12:40:14
2759,1300,3586700,12:40:14
2759,200,551800,12:40:14
2759,100,275900,12:40:14
2760,1600,4416000,12:40:14
2761,200,552200,12:40:12
2761,200,552200,12:40:12
2763,300,828900,12:40:11
2762,100,276200,12:40:11
2761,100,276100,12:40:10
2762,100,276200,12:40:10
2762,100,276200,12:40:09
2762,800,2209600,12:40:09
2763,100,276300,12:40:06
2763,100,276300,12:40:04
2762,100,276200,12:39:59
2762,200,552400,12:39:54
2763,400,1105200,12:39:54
2764,200,552800,12:39:54
2763,100,276300,12:39:53
2763,100,276300,12:39:53
2762,200,552400,12:39:52
2763,100,276300,12:39:52
2765,100,276500,12:39:44
2765,100,276500,12:39:44
2766,100,276600,12:39:39
2766,100,276600,12:39:37
2766,100,276600,12:39:36
2766,200,553200,12:39:34
2764,100,276400,12:39:33
2765,100,276500,12:39:33
2765,100,276500,12:39:32
2764,100,276400,12:39:32
2762,900,2485800,12:39:31
2763,300,828900,12:39:31
2763,100,276300,12:39:29
2763,100,276300,12:39:29
2762,1000,2762000,12:39:29
2760,100,276000,12:39:29
2759,100,275900,12:39:29
2760,200,552000,12:39:29
2759,100,275900,12:39:29
2759,200,551800,12:39:29
2759,100,275900,12:39:29
2759,100,275900,12:39:29
2759,100,275900,12:39:29
2759,800,2207200,12:39:29
2760,1600,4416000,12:39:29
2760,1200,3312000,12:39:29
2760,400,1104000,12:39:29
2760,300,828000,12:39:29
2760,3900,10764000,12:39:29
2760,400,1104000,12:39:29
2762,100,276200,12:39:26
2763,100,276300,12:39:24
2762,200,552400,12:39:23
2762,100,276200,12:39:23
2762,100,276200,12:39:23
2761,100,276100,12:39:22
2763,100,276300,12:39:22
2761,200,552200,12:39:22
2761,100,276100,12:39:21
2761,1500,4141500,12:39:21
2762,800,2209600,12:39:21
2764,100,276400,12:39:20
2763,300,828900,12:39:20
2763,100,276300,12:39:18
2763,100,276300,12:39:18
2764,100,276400,12:39:18
2763,100,276300,12:39:18
2761,100,276100,12:39:16
2761,100,276100,12:39:16
2762,300,828600,12:39:16
2763,200,552600,12:39:16
2763,1000,2763000,12:39:16
2765,200,553000,12:39:15
2767,300,830100,12:39:13
2766,400,1106400,12:39:13
2766,100,276600,12:39:11
2765,300,829500,12:39:07
2764,100,276400,12:39:07
2765,100,276500,12:39:04
2764,300,829200,12:39:03
2765,400,1106000,12:39:02
2766,200,553200,12:39:01
2767,300,830100,12:39:01
2766,100,276600,12:39:01
2765,100,276500,12:39:01
2766,100,276600,12:39:01
2766,200,553200,12:39:01
2765,100,276500,12:39:01
2765,700,1935500,12:39:00
2763,100,276300,12:39:00
2764,700,1934800,12:39:00
2763,600,1657800,12:39:00
2762,300,828600,12:39:00
2761,1400,3865400,12:39:00
2761,100,276100,12:38:57
2760,100,276000,12:38:57
2762,100,276200,12:38:56
2761,300,828300,12:38:51
2760,100,276000,12:38:48
2761,300,828300,12:38:47
2761,1900,5245900,12:38:47
2762,100,276200,12:38:47
2763,100,276300,12:38:40
2763,100,276300,12:38:40
2763,100,276300,12:38:40
2763,500,1381500,12:38:40
2764,400,1105600,12:38:39
2765,100,276500,12:38:37
2764,300,829200,12:38:36
2765,100,276500,12:38:35
2765,200,553000,12:38:34
2765,100,276500,12:38:33
2765,200,553000,12:38:32
2766,600,1659600,12:38:32
2766,500,1383000,12:38:32
2763,1000,2763000,12:38:28
2764,300,829200,12:38:28
2765,200,553000,12:38:27
2764,300,829200,12:38:27
2763,1300,3591900,12:38:27
2761,100,276100,12:38:26
2762,1200,3314400,12:38:26
2763,100,276300,12:38:26
2763,200,552600,12:38:21
2763,100,276300,12:38:21
2763,500,1381500,12:38:20
2763,100,276300,12:38:20
2763,100,276300,12:38:20
2764,100,276400,12:38:19
2763,100,276300,12:38:13
2764,200,552800,12:38:12
2765,100,276500,12:38:11
2765,100,276500,12:38:11
2765,100,276500,12:38:09
2764,400,1105600,12:38:09
2764,100,276400,12:38:09
2763,800,2210400,12:38:09
2762,200,552400,12:38:08
2761,100,276100,12:38:06
2762,300,828600,12:38:05
2762,100,276200,12:38:03
2762,100,276200,12:38:02
2762,200,552400,12:37:58
2760,100,276000,12:37:58
2760,600,1656000,12:37:58
2761,1300,3589300,12:37:58
2761,1000,2761000,12:37:58
2761,1200,3313200,12:37:58
2761,1600,4417600,12:37:58
2763,100,276300,12:37:55
2761,100,276100,12:37:48
2762,1300,3590600,12:37:48
2764,100,276400,12:37:47
2763,100,276300,12:37:46
2763,100,276300,12:37:46
2764,1800,4975200,12:37:46
2765,1100,3041500,12:37:46
2766,100,276600,12:37:46
2767,100,276700,12:37:44
2766,500,1383000,12:37:41
2767,100,276700,12:37:37
2768,100,276800,12:37:37
2768,100,276800,12:37:37
2768,100,276800,12:37:37
2768,1400,3875200,12:37:37
2767,400,1106800,12:37:37
2766,300,829800,12:37:33
2766,700,1936200,12:37:29
2765,700,1935500,12:37:29
2764,100,276400,12:37:29
2765,100,276500,12:37:29
2764,100,276400,12:37:29
2765,500,1382500,12:37:29
2762,800,2209600,12:37:29
2763,400,1105200,12:37:29
2764,100,276400,12:37:29
2765,100,276500,12:37:27
2764,100,276400,12:37:26
2762,200,552400,12:37:26
2763,100,276300,12:37:26
2763,800,2210400,12:37:24
2763,200,552600,12:37:24
2763,200,552600,12:37:24
2763,200,552600,12:37:24
2764,100,276400,12:37:22
2764,100,276400,12:37:22
2765,1300,3594500,12:37:22
2766,900,2489400,12:37:22
2767,100,276700,12:37:22
2769,100,276900,12:37:20
2769,100,276900,12:37:20
2769,100,276900,12:37:20
2768,2000,5536000,12:37:20
2769,500,1384500,12:37:20
2770,300,831000,12:37:20
2770,400,1108000,12:37:19
2770,1500,4155000,12:37:19
2771,1100,3048100,12:37:18
2772,200,554400,12:37:18
2772,400,1108800,12:37:18
2772,100,277200,12:37:18
2771,100,277100,12:37:15
2771,100,277100,12:37:14
2771,100,277100,12:37:14
2771,100,277100,12:37:13
2771,100,277100,12:37:13
2771,100,277100,12:37:13
2771,100,277100,12:37:13
2772,100,277200,12:37:12
2771,100,277100,12:37:12
2771,100,277100,12:37:12
2770,200,554000,12:37:12
2770,100,277000,12:37:12
2770,500,1385000,12:37:10
2770,400,1108000,12:37:09
2769,600,1661400,12:37:09
2770,400,1108000,12:37:07
2772,100,277200,12:37:07
2770,100,277000,12:37:06
2771,100,277100,12:37:06
2770,100,277000,12:37:06
2771,100,277100,12:37:06
2771,100,277100,12:37:06
2769,400,1107600,12:37:05
2769,100,276900,12:37:05
2766,100,276600,12:37:03
2768,100,276800,12:37:03
2768,200,553600,12:37:01
2767,100,276700,12:37:00
2766,400,1106400,12:37:00
2767,100,276700,12:37:00
2768,200,553600,12:37:00
2768,100,276800,12:37:00
2768,100,276800,12:37:00
2767,200,553400,12:36:59
2766,200,553200,12:36:59
2766,100,276600,12:36:59
2765,100,276500,12:36:59
2765,300,829500,12:36:59
2766,100,276600,12:36:56
2763,200,552600,12:36:55
2764,100,276400,12:36:55
2764,100,276400,12:36:55
2765,200,553000,12:36:55
2763,100,276300,12:36:54
2763,100,276300,12:36:54
2764,600,1658400,12:36:53
2764,100,276400,12:36:53
2764,100,276400,12:36:53
2765,1800,4977000,12:36:53
2766,200,553200,12:36:53
2766,200,553200,12:36:52
2767,200,553400,12:36:52
2767,100,276700,12:36:52
2768,1600,4428800,12:36:52
2769,400,1107600,12:36:52
2770,600,1662000,12:36:52
2771,800,2216800,12:36:52
2772,100,277200,12:36:51
2773,200,554600,12:36:50
2773,100,277300,12:36:50
2773,100,277300,12:36:50
2773,400,1109200,12:36:45
2772,100,277200,12:36:44
2773,100,277300,12:36:44
2772,100,277200,12:36:44
2772,300,831600,12:36:44
2773,100,277300,12:36:44
2773,100,277300,12:36:44
2773,600,1663800,12:36:44
2772,500,1386000,12:36:44
2771,100,277100,12:36:44
2772,100,277200,12:36:42
2771,100,277100,12:36:42
2770,500,1385000,12:36:42
2770,1200,3324000,12:36:42
2771,100,277100,12:36:42
2771,100,277100,12:36:41
2771,200,554200,12:36:40
2770,100,277000,12:36:39
2770,100,277000,12:36:39
2770,200,554000,12:36:39
2770,100,277000,12:36:39
2770,1400,3878000,12:36:39
2771,100,277100,12:36:39
2772,100,277200,12:36:39
2771,100,277100,12:36:38
2771,100,277100,12:36:38
2771,200,554200,12:36:38
2771,500,1385500,12:36:36
2773,200,554600,12:36:35
2771,100,277100,12:36:35
2772,200,554400,12:36:34
2772,100,277200,12:36:34
2772,100,277200,12:36:33
2772,300,831600,12:36:33
2773,100,277300,12:36:33
2773,100,277300,12:36:31
2773,100,277300,12:36:31
2773,500,1386500,12:36:31
2774,100,277400,12:36:31
2774,100,277400,12:36:31
2774,200,554800,12:36:31
2774,100,277400,12:36:31
2775,200,555000,12:36:31
2775,100,277500,12:36:28
2777,100,277700,12:36:28
2775,200,555000,12:36:28
2775,100,277500,12:36:28
2775,300,832500,12:36:28
2777,100,277700,12:36:26
2776,300,832800,12:36:25
2776,200,555200,12:36:25
2777,100,277700,12:36:25
2777,100,277700,12:36:25
2776,100,277600,12:36:24
2776,100,277600,12:36:24
2776,600,1665600,12:36:24
2777,500,1388500,12:36:24
2777,100,277700,12:36:24
2778,800,2222400,12:36:24
2779,2000,5558000,12:36:24
2782,600,1669200,12:36:22
2781,100,278100,12:36:22
2780,100,278000,12:36:22
2781,100,278100,12:36:22
2781,100,278100,12:36:21
2780,100,278000,12:36:20
2780,700,1946000,12:36:20
2781,100,278100,12:36:20
2780,300,834000,12:36:19
2780,300,834000,12:36:19
2779,100,277900,12:36:19
2780,100,278000,12:36:19
2779,600,1667400,12:36:19
2780,1700,4726000,12:36:19
2781,1200,3337200,12:36:19
2782,700,1947400,12:36:19
2783,1700,4731100,12:36:19
2784,400,1113600,12:36:19
2784,100,278400,12:36:19
2785,100,278500,12:36:19
2785,100,278500,12:36:19
2783,100,278300,12:36:11
2784,100,278400,12:36:08
2782,500,1391000,12:36:07
2781,100,278100,12:36:03
2780,100,278000,12:36:02
2780,300,834000,12:36:02
2779,300,833700,12:36:02
2780,100,278000,12:36:02
2780,300,834000,12:36:02
2780,200,556000,12:36:02
2780,100,278000,12:36:02
2780,200,556000,12:36:02
2780,100,278000,12:36:02
2780,400,1112000,12:36:01
2780,400,1112000,12:36:00
2780,100,278000,12:36:00
2780,100,278000,12:36:00
2781,200,556200,12:36:00
2781,200,556200,12:36:00
2781,100,278100,12:35:59
2782,100,278200,12:35:59
2782,200,556400,12:35:59
2783,100,278300,12:35:59
2783,300,834900,12:35:59
2783,100,278300,12:35:59
2783,100,278300,12:35:59
2782,100,278200,12:35:59
2782,500,1391000,12:35:59
2781,200,556200,12:35:59
2782,400,1112800,12:35:59
2783,200,556600,12:35:59
2782,100,278200,12:35:59
2781,400,1112400,12:35:59
2782,100,278200,12:35:59
2782,100,278200,12:35:59
2781,500,1390500,12:35:59
2782,100,278200,12:35:59
2782,300,834600,12:35:59
2783,100,278300,12:35:59
2781,100,278100,12:35:59
2781,100,278100,12:35:59
2782,100,278200,12:35:59
2781,200,556200,12:35:59
2782,100,278200,12:35:59
2782,100,278200,12:35:59
2783,100,278300,12:35:59
2781,400,1112400,12:35:59
2782,100,278200,12:35:59
2782,500,1391000,12:35:59
2783,900,2504700,12:35:59
2784,800,2227200,12:35:59
2785,4900,13646500,12:35:59
2786,300,835800,12:35:59
2786,100,278600,12:35:59
2787,1200,3344400,12:35:59
2788,800,2230400,12:35:59
2790,200,558000,12:35:54
2788,100,278800,12:35:47
2789,300,836700,12:35:47
2790,200,558000,12:35:45
2791,100,279100,12:35:42
2792,300,837600,12:35:41
2793,100,279300,12:35:40
2795,100,279500,12:35:36
2794,300,838200,12:35:36
2793,700,1955100,12:35:36
2794,600,1676400,12:35:36
2796,200,559200,12:35:36
2795,200,559000,12:35:36
2798,100,279800,12:35:36
2797,400,1118800,12:35:36
2796,300,838800,12:35:36
2795,100,279500,12:35:35
2794,600,1676400,12:35:35
2794,300,838200,12:35:35
2794,200,558800,12:35:34
2795,100,279500,12:35:34
2795,100,279500,12:35:33
2795,600,1677000,12:35:33
2795,100,279500,12:35:33
2794,100,279400,12:35:33
2793,100,279300,12:35:33
2793,100,279300,12:35:32
2794,100,279400,12:35:32
2794,100,279400,12:35:31
2794,100,279400,12:35:30
2794,500,1397000,12:35:30
2794,300,838200,12:35:30
2794,100,279400,12:35:30
2794,100,279400,12:35:30
2793,2000,5586000,12:35:30
2793,100,279300,12:35:30
2791,100,279100,12:35:30
2791,100,279100,12:35:30
2792,1100,3071200,12:35:29
2791,700,1953700,12:35:29
2791,200,558200,12:35:29
2790,200,558000,12:35:29
2789,100,278900,12:35:26
2789,100,278900,12:35:24
2791,100,279100,12:35:23
2790,200,558000,12:35:23
2789,100,278900,12:35:22
2790,700,1953000,12:35:22
2791,200,558200,12:35:22
2790,200,558000,12:35:22
2789,200,557800,12:35:22
2788,100,278800,12:35:17
2787,200,557400,12:35:17
2788,100,278800,12:35:17
2788,100,278800,12:35:17
2787,200,557400,12:35:16
2788,100,278800,12:35:16
2787,200,557400,12:35:12
2787,200,557400,12:35:11
2788,200,557600,12:35:09
2787,100,278700,12:35:07
2789,200,557800,12:35:06
2788,100,278800,12:35:06
2787,100,278700,12:35:06
2787,100,278700,12:35:06
2786,800,2228800,12:35:06
2787,800,2229600,12:35:06
2788,400,1115200,12:35:06
2789,200,557800,12:35:05
2790,700,1953000,12:35:04
2792,100,279200,12:35:00
2791,100,279100,12:34:56
2790,100,279000,12:34:53
2789,500,1394500,12:34:53
2790,600,1674000,12:34:53
2790,100,279000,12:34:52
2791,100,279100,12:34:45
2791,300,837300,12:34:45
2790,100,279000,12:34:45
2790,200,558000,12:34:45
2792,100,279200,12:34:44
2793,100,279300,12:34:44
2792,1800,5025600,12:34:44
2791,100,279100,12:34:43
2791,200,558200,12:34:43
2791,100,279100,12:34:35
2790,100,279000,12:34:35
2791,200,558200,12:34:35
2789,500,1394500,12:34:35
2790,1200,3348000,12:34:34
2789,500,1394500,12:34:34
2788,100,278800,12:34:34
2788,100,278800,12:34:33
2788,100,278800,12:34:33
2788,100,278800,12:34:33
2789,100,278900,12:34:30
2789,100,278900,12:34:30
2789,100,278900,12:34:30
2789,100,278900,12:34:30
2789,100,278900,12:34:30
2789,100,278900,12:34:30
2790,2900,8091000,12:34:30
2790,300,837000,12:34:28
2790,100,279000,12:34:27
2792,100,279200,12:34:26
2791,100,279100,12:34:26
2791,100,279100,12:34:26
2791,100,279100,12:34:26
2791,100,279100,12:34:24
2791,100,279100,12:34:24
2792,100,279200,12:34:22
2792,100,279200,12:34:22
2793,500,1396500,12:34:21
2792,500,1396000,12:34:21
2792,100,279200,12:34:19
2791,200,558200,12:34:16
2791,100,279100,12:34:15
2792,100,279200,12:34:14
2791,300,837300,12:34:14
2792,600,1675200,12:34:12
2793,100,279300,12:34:11
2794,200,558800,12:34:11
2796,200,559200,12:34:11
2795,1300,3633500,12:34:11
2794,1000,2794000,12:34:11
2792,100,279200,12:34:11
2793,800,2234400,12:34:11
2793,100,279300,12:34:08
2794,100,279400,12:34:07
2794,500,1397000,12:34:06
2793,100,279300,12:34:06
2793,400,1117200,12:34:06
2793,100,279300,12:34:06
2795,100,279500,12:34:06
2794,1000,2794000,12:34:06
2795,1700,4751500,12:34:06
2794,100,279400,12:34:06
2794,200,558800,12:34:06
2793,100,279300,12:34:06
2792,100,279200,12:34:06
2792,100,279200,12:34:05
2792,100,279200,12:34:02
2794,600,1676400,12:34:02
2793,500,1396500,12:34:02
2792,200,558400,12:34:02
2793,100,279300,12:34:02
2793,200,558600,12:34:02
2794,200,558800,12:34:02
2794,200,558800,12:34:02
2793,100,279300,12:34:01
2792,100,279200,12:34:01
2792,100,279200,12:34:01
2791,100,279100,12:34:01
2793,600,1675800,12:34:01
2792,400,1116800,12:34:01
2790,100,279000,12:34:00
2791,100,279100,12:34:00
2791,100,279100,12:33:57
2791,200,558200,12:33:56
2789,100,278900,12:33:56
2790,300,837000,12:33:56
2791,200,558200,12:33:56
2790,200,558000,12:33:54
2790,400,1116000,12:33:50
2791,200,558200,12:33:50
2790,100,279000,12:33:50
2791,100,279100,12:33:50
2789,100,278900,12:33:48
2790,100,279000,12:33:48
2790,200,558000,12:33:48
2789,100,278900,12:33:45
2790,100,279000,12:33:44
2791,500,1395500,12:33:44
2790,200,558000,12:33:43
2791,300,837300,12:33:43
2792,100,279200,12:33:43
2792,200,558400,12:33:43
2793,200,558600,12:33:43
2793,100,279300,12:33:42
2795,2300,6428500,12:33:42
2794,900,2514600,12:33:42
2793,200,558600,12:33:42
2792,100,279200,12:33:42
2792,200,558400,12:33:42
2793,800,2234400,12:33:42
2792,400,1116800,12:33:42
2791,700,1953700,12:33:42
2789,100,278900,12:33:39
2789,100,278900,12:33:39
2789,200,557800,12:33:39
2789,100,278900,12:33:38
2790,500,1395000,12:33:38
2790,100,279000,12:33:38
2790,100,279000,12:33:38
2790,100,279000,12:33:38
2792,1000,2792000,12:33:38
2791,700,1953700,12:33:38
2790,300,837000,12:33:38
2790,800,2232000,12:33:38
2790,100,279000,12:33:37
2790,100,279000,12:33:37
2790,300,837000,12:33:37
2791,300,837300,12:33:37
2790,100,279000,12:33:37
2791,100,279100,12:33:37
2790,500,1395000,12:33:37
2789,400,1115600,12:33:37
2788,400,1115200,12:33:37
2787,100,278700,12:33:37
2786,300,835800,12:33:37
2785,100,278500,12:33:37
2785,100,278500,12:33:37
2785,100,278500,12:33:36
2785,200,557000,12:33:36
2785,100,278500,12:33:31
2786,100,278600,12:33:26
2785,100,278500,12:33:26
2784,300,835200,12:33:25
2784,100,278400,12:33:25
2786,300,835800,12:33:24
2785,100,278500,12:33:19
2785,400,1114000,12:33:19
2785,300,835500,12:33:19
2786,300,835800,12:33:17
2786,100,278600,12:33:17
2788,100,278800,12:33:15
2787,100,278700,12:33:15
2786,100,278600,12:33:15
2785,700,1949500,12:33:15
2786,100,278600,12:33:15
2787,400,1114800,12:33:15
2785,200,557000,12:33:15
2785,100,278500,12:33:15
2785,100,278500,12:33:15
2785,100,278500,12:33:15
2786,100,278600,12:33:15
2786,100,278600,12:33:15
2787,200,557400,12:33:15
2786,100,278600,12:33:13
2785,200,557000,12:33:13
2785,100,278500,12:33:13
2785,100,278500,12:33:12
2784,200,556800,12:33:12
2783,100,278300,12:33:12
2783,800,2226400,12:33:12
2784,200,556800,12:33:12
2784,100,278400,12:33:12
2785,100,278500,12:33:11
2786,100,278600,12:33:11
2785,100,278500,12:33:11
2786,100,278600,12:33:11
2785,300,835500,12:33:11
2786,100,278600,12:33:10
2787,100,278700,12:33:06
2787,300,836100,12:33:06
2789,100,278900,12:33:05
2787,400,1114800,12:33:05
2789,100,278900,12:33:05
2789,400,1115600,12:33:04
2788,100,278800,12:33:04
2790,500,1395000,12:33:03
2788,200,557600,12:33:03
2787,600,1672200,12:33:03
2786,100,278600,12:33:03
2786,300,835800,12:33:03
2787,200,557400,12:33:02
2787,700,1950900,12:33:02
2787,100,278700,12:33:01
2789,100,278900,12:33:01
2788,1000,2788000,12:33:01
2789,100,278900,12:33:01
2790,600,1674000,12:33:01
2791,100,279100,12:33:01
2792,600,1675200,12:32:56
2790,200,558000,12:32:55
2791,100,279100,12:32:55
2792,800,2233600,12:32:53
2793,400,1117200,12:32:53
2793,500,1396500,12:32:53
2793,100,279300,12:32:49
2793,300,837900,12:32:47
2791,100,279100,12:32:47
2792,800,2233600,12:32:46
2792,100,279200,12:32:46
2791,100,279100,12:32:46
2790,300,837000,12:32:43
2789,200,557800,12:32:43
2790,1100,3069000,12:32:41
2791,400,1116400,12:32:41
2792,200,558400,12:32:40
2793,100,279300,12:32:39
2792,100,279200,12:32:38
2792,100,279200,12:32:38
2791,300,837300,12:32:38
2792,100,279200,12:32:38
2792,100,279200,12:32:37
2791,100,279100,12:32:37
2792,100,279200,12:32:37
2792,400,1116800,12:32:37
2791,200,558200,12:32:37
2792,700,1954400,12:32:37
2791,400,1116400,12:32:37
2790,400,1116000,12:32:37
2790,100,279000,12:32:37
2789,300,836700,12:32:37
2789,100,278900,12:32:36
2789,200,557800,12:32:34
2790,600,1674000,12:32:34
2793,200,558600,12:32:34
2794,100,279400,12:32:34
2795,100,279500,12:32:34
2794,1500,4191000,12:32:34
2792,200,558400,12:32:34
2792,300,837600,12:32:34
2791,200,558200,12:32:34
2790,700,1953000,12:32:34
2789,500,1394500,12:32:34
2788,200,557600,12:32:34
2788,100,278800,12:32:34
2788,100,278800,12:32:33
2790,100,279000,12:32:32
2789,100,278900,12:32:30
2789,100,278900,12:32:30
2790,100,279000,12:32:30
2789,600,1673400,12:32:30
2790,1500,4185000,12:32:30
2791,100,279100,12:32:30
2791,200,558200,12:32:28
2792,200,558400,12:32:27
2793,200,558600,12:32:24
2792,100,279200,12:32:24
2793,100,279300,12:32:24
2792,100,279200,12:32:22
2793,100,279300,12:32:22
2793,100,279300,12:32:22
2792,200,558400,12:32:22
2790,100,279000,12:32:22
2791,100,279100,12:32:22
2791,100,279100,12:32:22
2790,1600,4464000,12:32:22
2790,600,1674000,12:32:22
2789,500,1394500,12:32:22
2789,100,278900,12:32:22
2789,100,278900,12:32:22
2788,100,278800,12:32:22
2789,500,1394500,12:32:22
2790,800,2232000,12:32:20
2792,200,558400,12:32:20
2790,200,558000,12:32:19
2790,100,279000,12:32:19
2791,400,1116400,12:32:19
2789,400,1115600,12:32:19
2790,500,1395000,12:32:18
2790,1100,3069000,12:32:18
2791,300,837300,12:32:17
2791,100,279100,12:32:17
2791,100,279100,12:32:17
2789,100,278900,12:32:17
2789,200,557800,12:32:17
2790,200,558000,12:32:17
2792,100,279200,12:32:15
2792,200,558400,12:32:15
2791,400,1116400,12:32:14
2791,400,1116400,12:32:14
2790,100,279000,12:32:14
2791,100,279100,12:32:14
2791,100,279100,12:32:14
2790,1200,3348000,12:32:14
2790,100,279000,12:32:14
2789,200,557800,12:32:13
2789,100,278900,12:32:11
2789,300,836700,12:32:11
2789,100,278900,12:32:11
2788,100,278800,12:32:11
2788,200,557600,12:32:10
2787,100,278700,12:32:10
2788,1000,2788000,12:32:10
2787,100,278700,12:32:10
2789,100,278900,12:32:09
2789,300,836700,12:32:09
2788,100,278800,12:32:08
2786,200,557200,12:32:07
2787,100,278700,12:32:06
2789,300,836700,12:32:06
2788,100,278800,12:32:06
2787,100,278700,12:32:06
2788,200,557600,12:32:06
2787,100,278700,12:32:06
2788,100,278800,12:32:06
2788,800,2230400,12:32:06
2787,1300,3623100,12:32:06
2787,200,557400,12:32:06
2787,100,278700,12:32:05
2785,100,278500,12:32:03
2786,400,1114400,12:32:03
2785,300,835500,12:32:03
2784,200,556800,12:32:03
2785,500,1392500,12:32:03
2786,500,1393000,12:32:02
2786,200,557200,12:32:02
2786,100,278600,12:32:02
2785,2300,6405500,12:32:02
2783,300,834900,12:32:01
2783,400,1113200,12:32:00
2782,100,278200,12:31:58
2783,300,834900,12:31:58
2784,100,278400,12:31:57
2784,200,556800,12:31:57
2783,300,834900,12:31:57
2781,200,556200,12:31:57
2783,100,278300,12:31:57
2782,100,278200,12:31:57
2782,500,1391000,12:31:57
2781,700,1946700,12:31:57
2780,600,1668000,12:31:57
2779,100,277900,12:31:50
2778,600,1666800,12:31:50
2776,100,277600,12:31:49
2777,400,1110800,12:31:49
2778,100,277800,12:31:47
2777,100,277700,12:31:47
2776,300,832800,12:31:47
2775,100,277500,12:31:46
2775,100,277500,12:31:46
2775,200,555000,12:31:45
2775,100,277500,12:31:45
2775,100,277500,12:31:45
2776,100,277600,12:31:39
2775,300,832500,12:31:38
2775,100,277500,12:31:38
2775,200,555000,12:31:38
2774,100,277400,12:31:38
2773,400,1109200,12:31:35
2772,100,277200,12:31:34
2771,100,277100,12:31:34
2771,200,554200,12:31:33
2771,500,1385500,12:31:32
2770,700,1939000,12:31:32
2769,100,276900,12:31:30
2769,600,1661400,12:31:28
2770,400,1108000,12:31:28
2771,100,277100,12:31:26
2772,200,554400,12:31:21
2772,200,554400,12:31:21
2771,100,277100,12:31:21
2771,400,1108400,12:31:21
2770,500,1385000,12:31:21
2769,200,553800,12:31:21
2770,200,554000,12:31:17
2770,100,277000,12:31:17
2770,100,277000,12:31:17
2770,100,277000,12:31:17
2770,100,277000,12:31:17
2769,300,830700,12:31:16
2768,100,276800,12:31:15
2769,300,830700,12:31:14
2768,200,553600,12:31:14
2767,100,276700,12:31:13
2767,100,276700,12:31:13
2768,500,1384000,12:31:13
2769,100,276900,12:31:12
2769,900,2492100,12:31:10
2770,400,1108000,12:31:10
2772,500,1386000,12:31:10
2771,100,277100,12:31:09
2772,400,1108800,12:31:09
2774,100,277400,12:31:09
2774,500,1387000,12:31:08
2774,100,277400,12:31:07
2774,100,277400,12:31:07
2775,200,555000,12:31:05
2774,200,554800,12:31:04
2773,100,277300,12:31:04
2773,200,554600,12:31:04
2773,100,277300,12:31:02
2773,200,554600,12:31:00
2771,400,1108400,12:31:00
2772,100,277200,12:31:00
2773,100,277300,12:31:00
2773,100,277300,12:30:57
2773,200,554600,12:30:56
2774,100,277400,12:30:55
2775,800,2220000,12:30:52
2773,400,1109200,12:30:50
2773,100,277300,12:30:50
2772,300,831600,12:30:48
2771,100,277100,12:30:48
2768,200,553600,12:30:46
2769,100,276900,12:30:46
2769,100,276900,12:30:46
2769,400,1107600,12:30:46
2769,100,276900,12:30:46
2770,600,1662000,12:30:46
2769,400,1107600,12:30:45
2767,100,276700,12:30:43
2769,200,553800,12:30:43
2772,200,554400,12:30:41
2773,100,277300,12:30:40
2776,200,555200,12:30:39
2775,200,555000,12:30:37
2775,100,277500,12:30:37
2776,500,1388000,12:30:37
2776,100,277600,12:30:37
2776,100,277600,12:30:37
2775,600,1665000,12:30:37
2775,200,555000,12:30:37
2775,100,277500,12:30:37
2776,100,277600,12:30:37
2777,100,277700,12:30:37
2777,300,833100,12:30:37
2776,100,277600,12:30:37
2776,100,277600,12:30:37
2776,100,277600,12:30:37
2775,100,277500,12:30:37
2774,200,554800,12:30:37
2773,200,554600,12:30:37
2772,200,554400,12:30:37
2771,200,554200,12:30:37
2770,100,277000,12:30:37
2769,200,553800,12:30:37
2765,1300,3594500,12:30:37
2766,1700,4702200,12:30:37
2767,200,553400,12:30:37
2768,200,553600,12:30:37
2770,100,277000,12:30:36
2770,400,1108000,12:30:33
2770,100,277000,12:30:33
2768,100,276800,12:30:33
2767,300,830100,12:30:33
2765,300,829500,12:30:32
2768,100,276800,12:30:31
2769,100,276900,12:30:31
2770,200,554000,12:30:30
2771,400,1108400,12:30:26
2771,600,1662600,12:30:26
2769,100,276900,12:30:25
2770,200,554000,12:30:25
2770,100,277000,12:30:24
2770,100,277000,12:30:24
2769,500,1384500,12:30:22
2770,200,554000,12:30:22
2769,100,276900,12:30:21
2771,100,277100,12:30:21
2769,100,276900,12:30:21
2770,200,554000,12:30:21
2769,500,1384500,12:30:21
2769,100,276900,12:30:21
2771,100,277100,12:30:20
2771,200,554200,12:30:20
2774,100,277400,12:30:16
2774,400,1109600,12:30:16
2776,1000,2776000,12:30:15
2777,400,1110800,12:30:15
2776,100,277600,12:30:12
2776,100,277600,12:30:12
2775,200,555000,12:30:12
2775,100,277500,12:30:11
2776,200,555200,12:30:11
2778,100,277800,12:30:08
2777,100,277700,12:30:08
2776,100,277600,12:30:07
2776,800,2220800,12:30:07
2775,100,277500,12:30:07
2775,100,277500,12:30:07
2775,300,832500,12:30:07
2776,100,277600,12:30:06
2777,500,1388500,12:30:06
2776,100,277600,12:30:06
2778,400,1111200,12:30:02
2778,400,1111200,12:30:02
2779,100,277900,12:30:02
2777,100,277700,12:30:01
2779,200,555800,12:30:01
2778,200,555600,12:30:01
2777,200,555400,12:30:01
2777,300,833100,12:30:01
2778,400,1111200,12:30:01
2778,200,555600,12:30:01
2779,100,277900,12:30:01
2777,100,277700,12:30:00
2778,100,277800,12:30:00
2778,100,277800,12:30:00
2780,500,1390000,12:30:00
2780,2600,7228000,12:30:00
2779,600,1667400,12:30:00
2778,400,1111200,12:30:00
2778,300,833400,12:30:00
2772,100,277200,12:30:00
2777,1100,3054700,12:30:00
2776,900,2498400,12:30:00
2775,1000,2775000,12:30:00
2774,500,1387000,12:30:00
2773,3000,8319000,12:30:00
2772,700,1940400,12:30:00
2771,100,277100,12:30:00
2770,100,277000,12:30:00
2771,200,554200,12:30:00
2771,100,277100,12:30:00
2771,800,2216800,12:30:00
2770,100,277000,12:30:00
2768,100,276800,12:30:00
2765,200,553000,12:30:00
2767,100,276700,12:30:00
2768,100,276800,12:30:00
2768,100,276800,12:30:00
2766,1000,2766000,12:30:00
2767,1900,5257300,12:30:00
2770,200,554000,12:30:00
2769,300,830700,12:30:00
2768,500,1384000,12:30:00
2769,15100,41811900,12:30:00
2767,2100,5810700,11:30:00
2767,200,553400,11:29:59
2764,100,276400,11:29:58
2765,200,553000,11:29:58
2766,100,276600,11:29:58
2764,600,1658400,11:29:58
2765,200,553000,11:29:58
2766,100,276600,11:29:58
2767,100,276700,11:29:56
2767,500,1383500,11:29:50
2766,600,1659600,11:29:50
2766,100,276600,11:29:46
2766,500,1383000,11:29:44
2764,600,1658400,11:29:44
2765,1300,3594500,11:29:44
2766,300,829800,11:29:44
2766,200,553200,11:29:39
2765,100,276500,11:29:39
2765,100,276500,11:29:30
2765,100,276500,11:29:27
2766,400,1106400,11:29:23
2765,1700,4700500,11:29:23
2766,100,276600,11:29:22
2765,600,1659000,11:29:20
2765,500,1382500,11:29:19
2765,200,553000,11:29:18
2765,100,276500,11:29:08
2768,100,276800,11:29:04
2765,500,1382500,11:29:04
2766,100,276600,11:29:04
2766,100,276600,11:29:04
2767,100,276700,11:29:03
2766,100,276600,11:29:03
2767,300,830100,11:29:03
2765,100,276500,11:29:00
2765,100,276500,11:29:00
2766,800,2212800,11:28:58
2766,100,276600,11:28:53
2767,100,276700,11:28:51
2766,100,276600,11:28:45
2766,100,276600,11:28:44
2767,100,276700,11:28:44
2766,900,2489400,11:28:42
2766,200,553200,11:28:39
2768,100,276800,11:28:33
2768,100,276800,11:28:33
2769,100,276900,11:28:28
2769,200,553800,11:28:27
2768,100,276800,11:28:26
2768,100,276800,11:28:22
2769,100,276900,11:28:22
2766,600,1659600,11:28:22
2767,2300,6364100,11:28:22
2768,800,2214400,11:28:22
2769,300,830700,11:28:22
2769,600,1661400,11:28:19
2770,700,1939000,11:28:18
2769,100,276900,11:28:17
2768,100,276800,11:28:16
2769,100,276900,11:28:14
2769,100,276900,11:28:13
2768,800,2214400,11:28:10
2768,100,276800,11:28:01
2769,300,830700,11:28:01
2769,400,1107600,11:28:01
2770,200,554000,11:27:47
2770,100,277000,11:27:47
2770,1100,3047000,11:27:47
2768,400,1107200,11:27:47
2770,200,554000,11:27:42
2769,100,276900,11:27:40
2768,500,1384000,11:27:32
2770,500,1385000,11:27:29
2770,100,277000,11:27:29
2769,100,276900,11:27:24
2770,1100,3047000,11:27:24
2769,400,1107600,11:27:24
2768,100,276800,11:27:24
2768,400,1107200,11:27:21
2769,100,276900,11:27:21
2768,100,276800,11:27:20
2768,300,830400,11:27:19
2770,300,831000,11:27:19
2769,1000,2769000,11:27:19
2768,900,2491200,11:27:19
2766,500,1383000,11:27:19
2767,100,276700,11:27:19
2766,400,1106400,11:27:19
2766,100,276600,11:27:18
2768,100,276800,11:27:16
2767,100,276700,11:27:16
2768,100,276800,11:27:12
2767,300,830100,11:27:11
2768,100,276800,11:27:06
2768,200,553600,11:27:04
2768,100,276800,11:27:04
2768,100,276800,11:27:03
2769,100,276900,11:27:02
2769,100,276900,11:27:02
2769,100,276900,11:27:02
2769,100,276900,11:27:01
2769,100,276900,11:26:58
2770,100,277000,11:26:55
2769,400,1107600,11:26:55
2768,100,276800,11:26:52
2768,1000,2768000,11:26:52
2769,100,276900,11:26:49
2769,100,276900,11:26:47
2770,100,277000,11:26:46
2769,1200,3322800,11:26:45
2770,100,277000,11:26:45
2770,200,554000,11:26:37
2771,400,1108400,11:26:37
2772,300,831600,11:26:35
2771,100,277100,11:26:35
2771,100,277100,11:26:35
2770,700,1939000,11:26:35
2772,100,277200,11:26:35
2772,100,277200,11:26:35
2771,600,1662600,11:26:35
2772,100,277200,11:26:31
2771,100,277100,11:26:28
2770,300,831000,11:26:20
2772,100,277200,11:26:19
2771,100,277100,11:26:17
2771,100,277100,11:26:17
2771,500,1385500,11:26:13
2772,100,277200,11:26:13
2772,100,277200,11:26:12
2772,200,554400,11:26:11
2771,200,554200,11:26:05
2770,100,277000,11:26:04
2769,200,553800,11:26:03
2768,100,276800,11:26:02
2768,100,276800,11:25:57
2769,100,276900,11:25:57
2769,100,276900,11:25:56
2770,200,554000,11:25:56
2768,100,276800,11:25:55
2770,1000,2770000,11:25:53
2770,400,1108000,11:25:53
2771,100,277100,11:25:48
2770,700,1939000,11:25:46
2772,100,277200,11:25:46
2772,100,277200,11:25:45
2771,200,554200,11:25:44
2770,400,1108000,11:25:42
2769,100,276900,11:25:42
2768,1700,4705600,11:25:42
2768,200,553600,11:25:42
2767,100,276700,11:25:42
2767,400,1106800,11:25:38
2766,400,1106400,11:25:36
2767,100,276700,11:25:32
2766,1700,4702200,11:25:27
2766,100,276600,11:25:26
2766,500,1383000,11:25:26
2766,100,276600,11:25:21
2765,100,276500,11:25:21
2765,900,2488500,11:25:19
2766,100,276600,11:25:18
2766,200,553200,11:25:18
2765,100,276500,11:25:17
2766,200,553200,11:25:17
2767,100,276700,11:25:17
2767,100,276700,11:25:16
2766,100,276600,11:25:16
2765,100,276500,11:25:15
2765,100,276500,11:25:15
2765,100,276500,11:25:15
2765,100,276500,11:25:14
2763,200,552600,11:25:14
2764,600,1658400,11:25:14
2764,100,276400,11:25:14
2765,100,276500,11:25:14
2764,100,276400,11:25:13
2764,100,276400,11:25:13
2765,100,276500,11:25:12
2765,100,276500,11:25:11
2763,200,552600,11:25:11
2764,500,1382000,11:25:11
2763,200,552600,11:25:11
2765,100,276500,11:25:10
2764,200,552800,11:25:09
2765,100,276500,11:25:09
2765,1000,2765000,11:25:08
2765,100,276500,11:25:08
2764,1100,3040400,11:25:07
2764,300,829200,11:25:07
2765,100,276500,11:25:06
2765,400,1106000,11:25:05
2764,700,1934800,11:25:05
2764,100,276400,11:25:04
2765,100,276500,11:25:04
2765,100,276500,11:25:04
2766,100,276600,11:25:03
2765,100,276500,11:25:02
2767,100,276700,11:25:00
2767,800,2213600,11:25:00
2767,500,1383500,11:25:00
2766,100,276600,11:25:00
2767,100,276700,11:25:00
2766,300,829800,11:25:00
2764,100,276400,11:24:57
2765,500,1382500,11:24:57
2764,100,276400,11:24:57
2765,300,829500,11:24:57
2763,100,276300,11:24:55
2762,100,276200,11:24:54
2762,100,276200,11:24:50
2762,100,276200,11:24:48
2762,200,552400,11:24:48
2764,100,276400,11:24:47
2764,100,276400,11:24:46
2764,100,276400,11:24:45
2763,300,828900,11:24:44
2764,500,1382000,11:24:44
2765,100,276500,11:24:41
2764,500,1382000,11:24:38
2765,100,276500,11:24:37
2764,100,276400,11:24:37
2764,100,276400,11:24:37
2763,900,2486700,11:24:37
2764,500,1382000,11:24:37
2763,200,552600,11:24:37
2762,300,828600,11:24:37
2763,200,552600,11:24:37
2763,500,1381500,11:24:36
2763,100,276300,11:24:34
2762,100,276200,11:24:33
2762,100,276200,11:24:33
2760,100,276000,11:24:32
2760,100,276000,11:24:32
2760,100,276000,11:24:31
2760,100,276000,11:24:31
2761,100,276100,11:24:30
2761,300,828300,11:24:30
2762,200,552400,11:24:30
2762,200,552400,11:24:30
2764,100,276400,11:24:29
2764,100,276400,11:24:28
2762,100,276200,11:24:28
2762,100,276200,11:24:28
2762,100,276200,11:24:28
2763,300,828900,11:24:28
2763,100,276300,11:24:28
2763,100,276300,11:24:28
2762,500,1381000,11:24:28
2763,200,552600,11:24:28
2763,200,552600,11:24:28
2764,100,276400,11:24:28
2764,100,276400,11:24:28
2764,100,276400,11:24:28
2763,200,552600,11:24:28
2763,700,1934100,11:24:28
2764,300,829200,11:24:28
2764,100,276400,11:24:28
2766,100,276600,11:24:28
2764,100,276400,11:24:28
2764,100,276400,11:24:28
2764,200,552800,11:24:27
2762,400,1104800,11:24:27
2763,300,828900,11:24:27
2763,100,276300,11:24:27
2761,100,276100,11:24:27
2762,300,828600,11:24:27
2762,200,552400,11:24:27
2761,1000,2761000,11:24:27
2762,100,276200,11:24:27
2762,100,276200,11:24:27
2762,100,276200,11:24:27
2763,200,552600,11:24:27
2762,100,276200,11:24:27
2762,100,276200,11:24:27
2762,100,276200,11:24:27
2762,100,276200,11:24:27
2763,200,552600,11:24:27
2762,700,1933400,11:24:27
2762,300,828600,11:24:27
2763,600,1657800,11:24:27
2763,400,1105200,11:24:27
2764,500,1382000,11:24:27
2765,1900,5253500,11:24:27
2766,1700,4702200,11:24:27
2767,300,830100,11:24:27
2767,100,276700,11:24:27
2767,200,553400,11:24:27
2768,500,1384000,11:24:27
2768,100,276800,11:24:27
2768,100,276800,11:24:27
2768,300,830400,11:24:27
2768,300,830400,11:24:27
2769,1100,3045900,11:24:27
2770,11200,31024000,11:24:27
2770,100,277000,11:24:27
2771,200,554200,11:24:27
2771,2400,6650400,11:24:27
2771,200,554200,11:24:27
2771,100,277100,11:24:27
2771,200,554200,11:24:27
2771,300,831300,11:24:27
2772,2700,7484400,11:24:27
2773,200,554600,11:24:27
2774,100,277400,11:24:24
2775,100,277500,11:24:24
2774,100,277400,11:24:24
2773,300,831900,11:24:22
2773,100,277300,11:24:21
2773,1700,4714100,11:24:21
2773,100,277300,11:24:21
2773,100,277300,11:24:21
2773,100,277300,11:24:21
2774,1400,3883600,11:24:21
2775,700,1942500,11:24:21
2776,100,277600,11:24:18
2776,100,277600,11:24:18
2777,100,277700,11:24:18
2777,100,277700,11:24:14
2778,400,1111200,11:24:13
2779,300,833700,11:24:11
2778,200,555600,11:24:10
2777,100,277700,11:24:07
2777,100,277700,11:24:07
2777,300,833100,11:24:07
2775,400,1110000,11:23:55
2776,1000,2776000,11:23:55
2777,200,555400,11:23:55
2777,100,277700,11:23:55
2777,100,277700,11:23:55
2777,100,277700,11:23:54
2776,200,555200,11:23:47
2777,1100,3054700,11:23:43
2778,300,833400,11:23:39
2778,100,277800,11:23:35
2777,100,277700,11:23:35
2777,500,1388500,11:23:34
2775,200,555000,11:23:34
2775,600,1665000,11:23:32
2775,200,555000,11:23:32
2775,500,1387500,11:23:32
2775,500,1387500,11:23:32
2775,500,1387500,11:23:32
2776,500,1388000,11:23:32
2776,300,832800,11:23:32
2776,100,277600,11:23:32
2776,200,555200,11:23:32
2776,100,277600,11:23:32
2777,3900,10830300,11:23:32
2777,500,1388500,11:23:32
2777,700,1943900,11:23:32
2777,400,1110800,11:23:32
2777,400,1110800,11:23:32
2778,4100,11389800,11:23:32
2779,400,1111600,11:23:32
2779,100,277900,11:23:30
2779,100,277900,11:23:30
2779,300,833700,11:23:30
2779,200,555800,11:23:30
2779,100,277900,11:23:30
2779,100,277900,11:23:30
2779,100,277900,11:23:30
2779,100,277900,11:23:30
2779,400,1111600,11:23:30
2780,400,1112000,11:23:30
2781,300,834300,11:23:30
2783,100,278300,11:23:29
2782,1200,3338400,11:23:25
2783,100,278300,11:23:25
2783,400,1113200,11:23:23
2783,100,278300,11:23:22
2782,300,834600,11:23:22
2782,100,278200,11:23:20
2782,100,278200,11:23:17
2782,100,278200,11:23:13
2784,100,278400,11:23:10
2783,200,556600,11:23:10
2782,200,556400,11:23:08
2784,300,835200,11:23:08
2783,700,1948100,11:23:08
2782,100,278200,11:23:06
2782,200,556400,11:23:06
2783,300,834900,11:23:06
2782,500,1391000,11:23:05
2781,100,278100,11:23:03
2779,100,277900,11:23:02
2780,200,556000,11:23:02
2780,300,834000,11:23:02
2781,300,834300,11:23:02
2783,100,278300,11:22:54
2781,200,556200,11:22:48
2782,100,278200,11:22:45
2782,300,834600,11:22:42
2783,200,556600,11:22:38
2784,200,556800,11:22:38
2784,2000,5568000,11:22:38
2783,500,1391500,11:22:38
2782,300,834600,11:22:38
2781,1300,3615300,11:22:38
2780,1100,3058000,11:22:38
2778,200,555600,11:22:38
2778,100,277800,11:22:38
2778,400,1111200,11:22:38
2778,100,277800,11:22:31
2779,100,277900,11:22:31
2778,300,833400,11:22:28
2779,1600,4446400,11:22:26
2779,100,277900,11:22:24
2780,100,278000,11:22:18
2781,300,834300,11:22:17
2779,400,1111600,11:22:15
2780,200,556000,11:22:12
2781,200,556200,11:22:08
2780,100,278000,11:22:05
2783,400,1113200,11:22:03
2782,100,278200,11:22:03
2783,200,556600,11:21:58
2784,300,835200,11:21:54
2783,100,278300,11:21:53
2783,100,278300,11:21:53
2782,500,1391000,11:21:53
2781,800,2224800,11:21:53
2782,100,278200,11:21:50
2782,100,278200,11:21:46
2781,600,1668600,11:21:42
2782,100,278200,11:21:41
2782,200,556400,11:21:41
2781,100,278100,11:21:39
2780,100,278000,11:21:37
2780,300,834000,11:21:37
2779,100,277900,11:21:36
2779,100,277900,11:21:36
2779,1300,3612700,11:21:36
2779,100,277900,11:21:36
2779,100,277900,11:21:34
2780,200,556000,11:21:34
2780,500,1390000,11:21:34
2780,500,1390000,11:21:34
2780,200,556000,11:21:34
2781,200,556200,11:21:33
2781,100,278100,11:21:28
2782,100,278200,11:21:28
2784,100,278400,11:21:17
2784,100,278400,11:21:16
2783,200,556600,11:21:10
2782,100,278200,11:21:10
2782,400,1112800,11:21:10
2783,1300,3617900,11:21:10
2783,200,556600,11:20:54
2783,200,556600,11:20:53
2783,100,278300,11:20:53
2783,100,278300,11:20:53
2782,400,1112800,11:20:53
2781,100,278100,11:20:52
2783,100,278300,11:20:51
2784,500,1392000,11:20:51
2784,200,556800,11:20:51
2785,200,557000,11:20:51
2784,500,1392000,11:20:50
2784,100,278400,11:20:50
2782,300,834600,11:20:50
2779,200,555800,11:20:50
2780,100,278000,11:20:50
2781,600,1668600,11:20:50
2780,400,1112000,11:20:50
2780,200,556000,11:20:39
2780,100,278000,11:20:29
2780,200,556000,11:20:29
2779,100,277900,11:20:24
2779,200,555800,11:20:19
2779,100,277900,11:20:14
2781,300,834300,11:20:12
2782,500,1391000,11:20:10
2781,700,1946700,11:20:10
2780,1000,2780000,11:20:09
2780,500,1390000,11:20:09
2779,300,833700,11:20:08
2779,200,555800,11:20:02
2779,200,555800,11:20:00
2778,200,555600,11:20:00
2778,100,277800,11:20:00
2778,100,277800,11:20:00
2778,100,277800,11:20:00
2778,200,555600,11:20:00
2778,200,555600,11:19:50
2779,100,277900,11:19:50
2779,100,277900,11:19:46
2779,100,277900,11:19:39
2778,1300,3611400,11:19:39
2779,300,833700,11:19:39
2780,100,278000,11:19:39
2781,100,278100,11:19:31
2781,500,1390500,11:19:31
2780,100,278000,11:19:30
2780,200,556000,11:19:30
2780,100,278000,11:19:30
2780,400,1112000,11:19:30
2781,100,278100,11:19:30
2780,200,556000,11:19:30
2780,200,556000,11:19:25
2780,100,278000,11:19:25
2779,100,277900,11:19:23
2781,300,834300,11:19:18
2781,300,834300,11:19:17
2781,200,556200,11:19:16
2780,1100,3058000,11:19:16
2780,100,278000,11:19:04
2780,300,834000,11:19:03
2780,100,278000,11:19:03
2778,300,833400,11:19:03
2778,200,555600,11:19:02
2779,500,1389500,11:19:02
2779,400,1111600,11:19:02
2778,200,555600,11:18:55
2778,100,277800,11:18:55
2778,200,555600,11:18:55
2777,400,1110800,11:18:54
2778,200,555600,11:18:48
2778,100,277800,11:18:48
2778,200,555600,11:18:48
2778,200,555600,11:18:48
2778,2100,5833800,11:18:48
2779,700,1945300,11:18:48
2779,200,555800,11:18:48
2779,200,555800,11:18:38
2778,100,277800,11:18:29
2779,100,277900,11:18:25
2779,100,277900,11:18:22
2780,2400,6672000,11:18:22
2781,100,278100,11:18:21
2782,100,278200,11:18:17
2781,100,278100,11:18:17
2781,100,278100,11:18:15
2780,200,556000,11:18:14
2781,100,278100,11:18:13
2782,500,1391000,11:18:13
2780,200,556000,11:18:01
2781,300,834300,11:18:01
2782,400,1112800,11:18:01
2780,100,278000,11:18:00
2781,100,278100,11:17:58
2781,100,278100,11:17:58
2779,100,277900,11:17:58
2780,400,1112000,11:17:58
2780,100,278000,11:17:57
2780,300,834000,11:17:53
2780,100,278000,11:17:53
2779,100,277900,11:17:52
2779,100,277900,11:17:52
2779,100,277900,11:17:52
2779,100,277900,11:17:51
2780,2100,5838000,11:17:51
2780,800,2224000,11:17:51
2781,1000,2781000,11:17:51
2783,200,556600,11:17:51
2782,300,834600,11:17:51
2782,300,834600,11:17:49
2782,100,278200,11:17:49
2782,100,278200,11:17:47
2783,100,278300,11:17:45
2783,100,278300,11:17:45
2783,100,278300,11:17:45
2783,100,278300,11:17:45
2783,100,278300,11:17:45
2784,200,556800,11:17:45
2784,100,278400,11:17:45
2784,100,278400,11:17:43
2784,800,2227200,11:17:43
2784,100,278400,11:17:34
2784,300,835200,11:17:28
2783,200,556600,11:17:27
2784,1000,2784000,11:17:27
2784,300,835200,11:17:21
2784,600,1670400,11:17:21
2784,100,278400,11:17:16
2786,100,278600,11:17:16
2785,100,278500,11:17:15
2785,100,278500,11:17:14
2786,100,278600,11:17:14
2785,100,278500,11:17:08
2784,100,278400,11:17:07
2785,100,278500,11:17:06
2785,100,278500,11:17:01
2786,100,278600,11:17:01
2787,400,1114800,11:17:01
2786,600,1671600,11:17:01
2785,600,1671000,11:17:01
2783,100,278300,11:17:01
2783,100,278300,11:17:01
2784,100,278400,11:16:57
2783,100,278300,11:16:57
2783,200,556600,11:16:57
2785,100,278500,11:16:50
2785,600,1671000,11:16:50
2783,100,278300,11:16:50
2784,200,556800,11:16:50
2785,100,278500,11:16:48
2785,200,557000,11:16:48
2785,100,278500,11:16:48
2785,700,1949500,11:16:48
2786,100,278600,11:16:47
2786,100,278600,11:16:47
2786,100,278600,11:16:47
2786,200,557200,11:16:47
2786,300,835800,11:16:47
2787,100,278700,11:16:47
2787,200,557400,11:16:47
2787,200,557400,11:16:47
2787,200,557400,11:16:47
2788,400,1115200,11:16:47
2788,100,278800,11:16:47
2789,100,278900,11:16:46
2789,400,1115600,11:16:44
2790,400,1116000,11:16:44
2790,600,1674000,11:16:44
2790,600,1674000,11:16:44
2790,2100,5859000,11:16:44
2790,100,279000,11:16:43
2790,200,558000,11:16:43
2791,100,279100,11:16:40
2791,100,279100,11:16:40
2791,100,279100,11:16:40
2791,800,2232800,11:16:40
2792,100,279200,11:16:35
2793,100,279300,11:16:32
2792,100,279200,11:16:22
2792,100,279200,11:16:20
2792,100,279200,11:16:17
2793,200,558600,11:16:17
2792,200,558400,11:16:12
2790,200,558000,11:16:07
2792,300,837600,11:16:06
2791,200,558200,11:16:06
2790,1700,4743000,11:16:04
2791,500,1395500,11:16:04
2792,100,279200,11:16:04
2792,100,279200,11:16:03
2792,200,558400,11:16:03
2792,400,1116800,11:15:51
2791,100,279100,11:15:45
2791,400,1116400,11:15:45
2792,100,279200,11:15:43
2793,200,558600,11:15:40
2791,100,279100,11:15:39
2792,200,558400,11:15:39
2791,100,279100,11:15:38
2791,100,279100,11:15:38
2790,1200,3348000,11:15:30
2791,200,558200,11:15:30
2791,100,279100,11:15:25
2790,100,279000,11:15:23
2791,200,558200,11:15:22
2792,300,837600,11:15:22
2791,100,279100,11:15:22
2792,200,558400,11:15:19
2791,100,279100,11:15:18
2791,100,279100,11:15:17
2792,100,279200,11:15:17
2792,400,1116800,11:15:17
2793,100,279300,11:15:15
2793,300,837900,11:15:14
2794,100,279400,11:15:13
2793,200,558600,11:15:12
2794,100,279400,11:15:10
2795,200,559000,11:15:10
2795,100,279500,11:15:10
2795,600,1677000,11:15:10
2795,400,1118000,11:15:10
2795,300,838500,11:15:10
2795,100,279500,11:15:10
2795,100,279500,11:15:09
2795,100,279500,11:15:09
2794,100,279400,11:15:09
2793,1600,4468800,11:15:09
2793,200,558600,11:15:08
2795,1400,3913000,11:15:08
2795,500,1397500,11:15:08
2796,100,279600,11:15:05
2795,200,559000,11:15:05
2795,2400,6708000,11:15:04
2795,400,1118000,11:15:04
2794,100,279400,11:15:04
2792,100,279200,11:15:00
2793,300,837900,11:15:00
2794,100,279400,11:15:00
2791,400,1116400,11:14:57
2792,400,1116800,11:14:56
2793,100,279300,11:14:55
2793,100,279300,11:14:54
2792,500,1396000,11:14:54
2791,700,1953700,11:14:53
2791,1100,3070100,11:14:52
2792,400,1116800,11:14:52
2793,200,558600,11:14:48
2793,100,279300,11:14:45
2793,100,279300,11:14:45
2792,100,279200,11:14:45
2791,100,279100,11:14:42
2792,100,279200,11:14:41
2792,100,279200,11:14:41
2792,300,837600,11:14:41
2792,300,837600,11:14:38
2793,600,1675800,11:14:38
2793,100,279300,11:14:38
2793,100,279300,11:14:38
2792,100,279200,11:14:36
2793,200,558600,11:14:33
2792,100,279200,11:14:33
2794,100,279400,11:14:32
2793,100,279300,11:14:32
2792,100,279200,11:14:32
2793,400,1117200,11:14:32
2794,200,558800,11:14:32
2795,100,279500,11:14:29
2794,100,279400,11:14:29
2796,400,1118400,11:14:29
2795,100,279500,11:14:29
2795,100,279500,11:14:28
2794,200,558800,11:14:28
2793,300,837900,11:14:27
2796,200,559200,11:14:24
2795,1300,3633500,11:14:24
2794,1500,4191000,11:14:24
2793,300,837900,11:14:24
2792,100,279200,11:14:24
2792,400,1116800,11:14:22
2793,100,279300,11:14:20
2793,300,837900,11:14:19
2791,400,1116400,11:14:19
2791,200,558200,11:14:19
2791,100,279100,11:14:19
2788,100,278800,11:14:19
2789,600,1673400,11:14:19
2790,200,558000,11:14:19
2790,100,279000,11:14:19
2790,700,1953000,11:14:17
2792,100,279200,11:14:17
2792,100,279200,11:14:16
2792,100,279200,11:14:16
2791,100,279100,11:14:14
2791,400,1116400,11:14:13
2791,100,279100,11:14:13
2791,100,279100,11:14:13
2793,500,1396500,11:14:13
2792,1000,2792000,11:14:13
2791,100,279100,11:14:11
2791,100,279100,11:14:11
2791,400,1116400,11:14:10
2791,600,1674600,11:14:10
2793,200,558600,11:14:10
2793,100,279300,11:14:09
2792,300,837600,11:14:08
2794,300,838200,11:14:06
2793,400,1117200,11:14:06
2793,900,2513700,11:14:05
2792,1400,3908800,11:14:05
2791,1300,3628300,11:14:05
2790,300,837000,11:14:05
2789,200,557800,11:14:05
2789,100,278900,11:14:05
2789,700,1952300,11:14:01
2790,100,279000,11:13:59
2789,100,278900,11:13:59
2789,100,278900,11:13:59
2790,100,279000,11:13:59
2788,1000,2788000,11:13:58
2789,400,1115600,11:13:57
2790,100,279000,11:13:56
2790,100,279000,11:13:56
2789,100,278900,11:13:52
2790,800,2232000,11:13:52
2788,200,557600,11:13:48
2789,400,1115600,11:13:48
2791,100,279100,11:13:48
2790,500,1395000,11:13:47
2789,100,278900,11:13:47
2790,200,558000,11:13:46
2789,300,836700,11:13:46
2788,200,557600,11:13:46
2788,200,557600,11:13:46
2789,100,278900,11:13:45
2788,100,278800,11:13:45
2787,100,278700,11:13:42
2786,100,278600,11:13:42
2787,100,278700,11:13:42
2786,200,557200,11:13:42
2788,100,278800,11:13:42
2787,100,278700,11:13:42
2786,100,278600,11:13:42
2784,400,1113600,11:13:40
2785,400,1114000,11:13:40
2786,100,278600,11:13:40
2786,300,835800,11:13:39
2786,100,278600,11:13:38
2785,200,557000,11:13:38
2785,100,278500,11:13:38
2785,300,835500,11:13:38
2785,400,1114000,11:13:35
2786,400,1114400,11:13:32
2785,100,278500,11:13:32
2785,100,278500,11:13:32
2785,200,557000,11:13:30
2783,100,278300,11:13:30
2784,700,1948800,11:13:30
2787,100,278700,11:13:29
2786,200,557200,11:13:28
2785,200,557000,11:13:28
2786,300,835800,11:13:28
2787,400,1114800,11:13:28
2787,100,278700,11:13:28
2788,100,278800,11:13:28
2787,100,278700,11:13:28
2787,500,1393500,11:13:28
2786,1800,5014800,11:13:28
2785,3300,9190500,11:13:28
2784,1200,3340800,11:13:28
2783,1400,3896200,11:13:28
2782,800,2225600,11:13:28
2781,700,1946700,11:13:28
2779,100,277900,11:13:28
2780,100,278000,11:13:27
2780,200,556000,11:13:24
2781,100,278100,11:13:24
2781,100,278100,11:13:24
2781,400,1112400,11:13:21
2782,100,278200,11:13:20
2782,100,278200,11:13:20
2782,200,556400,11:13:20
2781,300,834300,11:13:20
2780,200,556000,11:13:16
2779,1100,3056900,11:13:16
2777,100,277700,11:13:16
2778,300,833400,11:13:14
2779,100,277900,11:13:13
2778,100,277800,11:13:12
2779,100,277900,11:13:11
2779,100,277900,11:13:11
2780,300,834000,11:13:09
2780,300,834000,11:13:09
2780,300,834000,11:13:09
2779,100,277900,11:13:08
2779,200,555800,11:13:05
2779,500,1389500,11:13:05
2779,100,277900,11:12:56
2777,100,277700,11:12:54
2777,100,277700,11:12:54
2777,100,277700,11:12:54
2777,100,277700,11:12:54
2777,100,277700,11:12:54
2777,500,1388500,11:12:51
2778,100,277800,11:12:51
2778,100,277800,11:12:51
2779,300,833700,11:12:50
2779,600,1667400,11:12:50
2778,200,555600,11:12:49
2777,200,555400,11:12:49
2776,700,1943200,11:12:49
2774,400,1109600,11:12:48
2775,500,1387500,11:12:48
2775,100,277500,11:12:47
2775,100,277500,11:12:47
2775,4300,11932500,11:12:42
2775,100,277500,11:12:42
2775,500,1387500,11:12:42
2775,400,1110000,11:12:42
2775,100,277500,11:12:42
2775,400,1110000,11:12:42
2775,4500,12487500,11:12:42
2776,300,832800,11:12:38
2776,200,555200,11:12:38
2776,100,277600,11:12:38
2776,300,832800,11:12:36
2776,300,832800,11:12:36
2775,100,277500,11:12:33
2776,500,1388000,11:12:33
2774,100,277400,11:12:32
2774,300,832200,11:12:32
2773,400,1109200,11:12:31
2773,200,554600,11:12:31
2773,200,554600,11:12:29
2775,100,277500,11:12:28
2773,100,277300,11:12:27
2773,100,277300,11:12:27
2773,200,554600,11:12:27
2773,100,277300,11:12:27
2774,100,277400,11:12:27
2775,100,277500,11:12:25
2774,100,277400,11:12:24
2775,100,277500,11:12:24
2775,600,1665000,11:12:24
2775,100,277500,11:12:24
2775,100,277500,11:12:22
2775,100,277500,11:12:22
2775,100,277500,11:12:22
2775,100,277500,11:12:22
2775,200,555000,11:12:22
2776,300,832800,11:12:21
2776,600,1665600,11:12:21
2776,100,277600,11:12:21
2777,1500,4165500,11:12:21
2777,500,1388500,11:12:21
2777,300,833100,11:12:20
2777,100,277700,11:12:20
2777,100,277700,11:12:19
2778,1600,4444800,11:12:19
2779,200,555800,11:12:18
2779,100,277900,11:12:18
2779,200,555800,11:12:18
2780,2500,6950000,11:12:18
2781,200,556200,11:12:16
2781,100,278100,11:12:14
2781,100,278100,11:12:13
2781,400,1112400,11:12:13
2780,100,278000,11:12:08
2780,100,278000,11:12:06
2780,1600,4448000,11:12:06
2781,300,834300,11:12:05
2782,200,556400,11:12:05
2782,600,1669200,11:12:03
2783,700,1948100,11:12:03
2784,300,835200,11:12:03
2784,400,1113600,11:12:03
2783,400,1113200,11:12:01
2783,200,556600,11:11:58
2782,500,1391000,11:11:58
2780,100,278000,11:11:58
2782,100,278200,11:11:56
2782,100,278200,11:11:54
2781,200,556200,11:11:54
2780,100,278000,11:11:54
2781,600,1668600,11:11:54
2782,300,834600,11:11:53
2782,200,556400,11:11:53
2783,100,278300,11:11:52
2783,100,278300,11:11:42
2782,200,556400,11:11:36
2783,100,278300,11:11:35
2783,100,278300,11:11:35
2783,1100,3061300,11:11:35
2782,600,1669200,11:11:35
2781,100,278100,11:11:35
2780,1100,3058000,11:11:30
2781,400,1112400,11:11:29
2781,100,278100,11:11:29
2781,200,556200,11:11:29
2782,700,1947400,11:11:29
2782,100,278200,11:11:29
2782,100,278200,11:11:26
2782,200,556400,11:11:26
2782,100,278200,11:11:23
2782,100,278200,11:11:23
2783,100,278300,11:11:12
2783,100,278300,11:11:10
2782,400,1112800,11:11:10
2781,300,834300,11:11:08
2781,100,278100,11:11:03
2781,100,278100,11:11:01
2780,100,278000,11:11:01
2780,200,556000,11:11:01
2780,200,556000,11:11:01
2779,300,833700,11:11:01
2780,400,1112000,11:11:00
2780,4400,12232000,11:11:00
2781,700,1946700,11:11:00
2782,1300,3616600,11:11:00
2783,100,278300,11:10:58
2785,100,278500,11:10:58
2785,400,1114000,11:10:55
2784,700,1948800,11:10:55
2783,500,1391500,11:10:54
2783,300,834900,11:10:54
2783,100,278300,11:10:54
2783,200,556600,11:10:52
2782,200,556400,11:10:47
2781,100,278100,11:10:47
2782,100,278200,11:10:44
2781,500,1390500,11:10:43
2782,600,1669200,11:10:38
2781,100,278100,11:10:37
2781,100,278100,11:10:37
2781,600,1668600,11:10:35
2781,100,278100,11:10:33
2781,100,278100,11:10:32
2781,300,834300,11:10:32
2781,100,278100,11:10:28
2782,100,278200,11:10:26
2782,100,278200,11:10:26
2782,400,1112800,11:10:24
2782,200,556400,11:10:24
2781,300,834300,11:10:23
2781,100,278100,11:10:22
2780,200,556000,11:10:20
2780,100,278000,11:10:19
2779,400,1111600,11:10:18
2780,100,278000,11:10:14
2780,200,556000,11:10:14
2780,100,278000,11:10:14
2781,500,1390500,11:10:11
2780,100,278000,11:10:11
2780,100,278000,11:10:11
2781,100,278100,11:10:10
2780,300,834000,11:10:10
2780,100,278000,11:10:07
2778,100,277800,11:10:03
2780,300,834000,11:10:02
2779,400,1111600,11:10:02
2779,100,277900,11:10:02
2779,200,555800,11:10:02
2780,1200,3336000,11:10:02
2781,500,1390500,11:10:02
2782,100,278200,11:10:02
2782,1500,4173000,11:10:02
2783,1200,3339600,11:10:02
2784,400,1113600,11:10:02
2785,100,278500,11:10:02
2784,300,835200,11:10:02
2783,200,556600,11:09:59
2783,100,278300,11:09:53
2784,100,278400,11:09:50
2783,300,834900,11:09:45
2781,200,556200,11:09:45
2780,100,278000,11:09:41
2779,100,277900,11:09:40
2779,100,277900,11:09:40
2780,200,556000,11:09:40
2779,400,1111600,11:09:40
2778,200,555600,11:09:40
2779,100,277900,11:09:39
2779,300,833700,11:09:39
2778,100,277800,11:09:39
2778,100,277800,11:09:39
2778,900,2500200,11:09:39
2777,2600,7220200,11:09:39
2777,600,1666200,11:09:39
2778,300,833400,11:09:39
2778,100,277800,11:09:35
2778,100,277800,11:09:32
2778,100,277800,11:09:32
2778,200,555600,11:09:30
2778,600,1666800,11:09:30
2779,200,555800,11:09:29
2779,500,1389500,11:09:29
2780,100,278000,11:09:26
2781,400,1112400,11:09:26
2781,200,556200,11:09:24
2782,200,556400,11:09:23
2781,200,556200,11:09:23
2780,300,834000,11:09:23
2779,500,1389500,11:09:23
2777,400,1110800,11:09:15
2778,100,277800,11:09:15
2778,100,277800,11:09:14
2778,100,277800,11:09:14
2778,200,555600,11:09:12
2778,300,833400,11:09:11
2779,200,555800,11:09:10
2779,100,277900,11:09:09
2779,100,277900,11:09:09
2779,200,555800,11:09:06
2779,500,1389500,11:09:06
2779,200,555800,11:09:03
2778,300,833400,11:09:02
2777,100,277700,11:09:01
2777,600,1666200,11:09:01
2775,300,832500,11:09:01
2775,500,1387500,11:09:01
2775,300,832500,11:09:01
2774,400,1109600,11:09:01
2774,100,277400,11:09:01
2774,300,832200,11:09:01
2774,100,277400,11:09:01
2774,500,1387000,11:09:01
2775,6000,16650000,11:09:01
2775,100,277500,11:09:01
2776,100,277600,11:08:56
2776,400,1110400,11:08:56
2777,100,277700,11:08:54
2777,200,555400,11:08:54
2777,500,1388500,11:08:54
2779,200,555800,11:08:52
2777,100,277700,11:08:49
2779,1100,3056900,11:08:49
2778,500,1389000,11:08:49
2779,300,833700,11:08:49
2779,100,277900,11:08:47
2779,100,277900,11:08:44
2778,1200,3333600,11:08:44
2777,900,2499300,11:08:44
2776,1200,3331200,11:08:44
2777,300,833100,11:08:44
2778,300,833400,11:08:44
2778,200,555600,11:08:44
2779,200,555800,11:08:43
2780,600,1668000,11:08:43
2781,700,1946700,11:08:43
2782,300,834600,11:08:43
2783,100,278300,11:08:40
2783,100,278300,11:08:32
2783,200,556600,11:08:30
2784,400,1113600,11:08:30
2785,200,557000,11:08:30
2786,100,278600,11:08:30
2785,1600,4456000,11:08:30
2785,100,278500,11:08:30
2785,100,278500,11:08:26
2784,100,278400,11:08:22
2785,100,278500,11:08:22
2785,100,278500,11:08:22
2786,1500,4179000,11:08:22
2787,100,278700,11:08:21
2789,100,278900,11:08:12
2788,700,1951600,11:08:12
2786,200,557200,11:08:12
2787,100,278700,11:08:12
2787,100,278700,11:08:11
2787,100,278700,11:08:11
2787,100,278700,11:08:11
2786,300,835800,11:08:10
2787,200,557400,11:08:09
2787,200,557400,11:08:08
2788,100,278800,11:08:06
2788,100,278800,11:08:05
2788,100,278800,11:08:05
2788,100,278800,11:08:05
2788,100,278800,11:08:05
2788,200,557600,11:08:05
2788,200,557600,11:08:05
2788,200,557600,11:08:05
2788,100,278800,11:08:05
2787,2500,6967500,11:08:05
2787,100,278700,11:08:05
2786,600,1671600,11:08:05
2785,100,278500,11:08:05
2785,300,835500,11:08:05
2784,800,2227200,11:08:05
2783,300,834900,11:08:05
2782,300,834600,11:08:03
2781,100,278100,11:08:03
2781,100,278100,11:08:03
2780,100,278000,11:08:02
2780,100,278000,11:08:01
2780,200,556000,11:08:01
2779,100,277900,11:08:01
2778,1000,2778000,11:08:01
2777,300,833100,11:08:01
2775,100,277500,11:08:00
2775,100,277500,11:08:00
2775,100,277500,11:08:00
2776,700,1943200,11:08:00
2776,100,277600,11:08:00
2777,300,833100,11:08:00
2777,500,1388500,11:08:00
2777,500,1388500,11:08:00
2777,400,1110800,11:08:00
2778,900,2500200,11:08:00
2778,100,277800,11:08:00
2779,500,1389500,11:08:00
2779,200,555800,11:08:00
2779,200,555800,11:08:00
2780,3100,8618000,11:08:00
2781,200,556200,11:08:00
2782,600,1669200,11:07:59
2780,100,278000,11:07:59
2781,100,278100,11:07:59
2781,500,1390500,11:07:59
2780,200,556000,11:07:57
2780,100,278000,11:07:57
2780,600,1668000,11:07:57
2780,100,278000,11:07:57
2780,100,278000,11:07:57
2780,400,1112000,11:07:57
2780,400,1112000,11:07:57
2780,400,1112000,11:07:57
2781,600,1668600,11:07:53
2781,300,834300,11:07:53
2781,600,1668600,11:07:46
2781,100,278100,11:07:46
2783,100,278300,11:07:43
2782,100,278200,11:07:38
2782,300,834600,11:07:36
2783,500,1391500,11:07:32
2784,300,835200,11:07:29
2784,400,1113600,11:07:29
2784,400,1113600,11:07:29
2784,300,835200,11:07:29
2784,100,278400,11:07:29
2784,100,278400,11:07:28
2782,200,556400,11:07:28
2783,100,278300,11:07:27
2783,300,834900,11:07:25
2782,100,278200,11:07:23
2782,100,278200,11:07:22
2783,100,278300,11:07:19
2783,100,278300,11:07:17
2783,400,1113200,11:07:15
2782,300,834600,11:07:14
2781,300,834300,11:07:14
2780,400,1112000,11:07:13
2781,200,556200,11:07:12
2780,600,1668000,11:07:12
2780,300,834000,11:07:12
2780,100,278000,11:07:12
2780,200,556000,11:07:11
2780,300,834000,11:07:11
2780,200,556000,11:07:11
2780,100,278000,11:07:08
2781,100,278100,11:07:08
2780,100,278000,11:07:08
2781,200,556200,11:07:07
2781,300,834300,11:07:07
2782,400,1112800,11:07:06
2783,300,834900,11:07:03
2782,100,278200,11:07:01
2782,100,278200,11:07:01
2782,400,1112800,11:07:00
2783,100,278300,11:07:00
2785,100,278500,11:06:59
2784,900,2505600,11:06:59
2783,100,278300,11:06:57
2783,100,278300,11:06:55
2783,500,1391500,11:06:53
2783,400,1113200,11:06:51
2784,500,1392000,11:06:45
2783,300,834900,11:06:43
2782,400,1112800,11:06:43
2783,200,556600,11:06:42
2781,100,278100,11:06:41
2782,100,278200,11:06:41
2782,100,278200,11:06:40
2782,100,278200,11:06:39
2782,100,278200,11:06:38
2783,300,834900,11:06:37
2783,700,1948100,11:06:37
2783,100,278300,11:06:37
2783,100,278300,11:06:36
2784,100,278400,11:06:36
2782,200,556400,11:06:36
2783,300,834900,11:06:36
2785,100,278500,11:06:35
2784,100,278400,11:06:35
2784,100,278400,11:06:35
2784,100,278400,11:06:35
2784,100,278400,11:06:35
2784,100,278400,11:06:35
2781,800,2224800,11:06:35
2782,1200,3338400,11:06:35
2783,600,1669800,11:06:35
2784,300,835200,11:06:35
2785,1000,2785000,11:06:35
2786,600,1671600,11:06:32
2783,400,1113200,11:06:31
2784,400,1113600,11:06:31
2785,100,278500,11:06:31
2785,100,278500,11:06:31
2785,300,835500,11:06:31
2787,200,557400,11:06:29
2787,100,278700,11:06:29
2786,200,557200,11:06:27
2785,200,557000,11:06:26
2786,200,557200,11:06:26
2786,200,557200,11:06:26
2786,100,278600,11:06:25
2787,200,557400,11:06:24
2786,100,278600,11:06:24
2785,300,835500,11:06:22
2786,100,278600,11:06:21
2786,100,278600,11:06:20
2784,100,278400,11:06:18
2785,500,1392500,11:06:18
2783,100,278300,11:06:18
2784,500,1392000,11:06:18
2786,200,557200,11:06:18
2785,500,1392500,11:06:18
2781,100,278100,11:06:18
2782,600,1669200,11:06:18
2783,100,278300,11:06:18
2783,100,278300,11:06:17
2783,200,556600,11:06:17
2784,100,278400,11:06:17
2783,100,278300,11:06:17
2783,600,1669800,11:06:17
2784,200,556800,11:06:17
2785,400,1114000,11:06:15
2785,200,557000,11:06:15
2786,200,557200,11:06:15
2788,100,278800,11:06:13
2787,100,278700,11:06:12
2787,200,557400,11:06:12
2790,100,279000,11:06:05
2790,200,558000,11:06:05
2790,200,558000,11:06:05
2789,500,1394500,11:06:05
2788,100,278800,11:06:05
2789,200,557800,11:06:05
2788,100,278800,11:06:03
2788,400,1115200,11:06:03
2788,500,1394000,11:06:02
2788,100,278800,11:06:01
2788,100,278800,11:05:58
2789,100,278900,11:05:58
2790,100,279000,11:05:56
2790,300,837000,11:05:56
2790,100,279000,11:05:56
2790,200,558000,11:05:56
2789,200,557800,11:05:55
2789,100,278900,11:05:53
2789,100,278900,11:05:49
2788,300,836400,11:05:48
2786,100,278600,11:05:44
2787,100,278700,11:05:44
2787,200,557400,11:05:43
2788,200,557600,11:05:42
2788,100,278800,11:05:40
2788,100,278800,11:05:40
2788,100,278800,11:05:40
2788,100,278800,11:05:40
2788,200,557600,11:05:40
2788,100,278800,11:05:40
2791,500,1395500,11:05:36
2789,600,1673400,11:05:35
2790,200,558000,11:05:35
2790,100,279000,11:05:34
2792,200,558400,11:05:34
2789,100,278900,11:05:34
2789,100,278900,11:05:34
2789,300,836700,11:05:34
2790,1200,3348000,11:05:34
2790,100,279000,11:05:34
2790,100,279000,11:05:34
2790,600,1674000,11:05:34
2792,100,279200,11:05:31
2792,100,279200,11:05:26
2792,200,558400,11:05:26
2793,300,837900,11:05:26
2794,100,279400,11:05:26
2795,100,279500,11:05:26
2795,300,838500,11:05:25
2795,100,279500,11:05:24
2793,100,279300,11:05:22
2793,100,279300,11:05:22
2792,100,279200,11:05:20
2792,100,279200,11:05:19
2790,100,279000,11:05:18
2790,100,279000,11:05:18
2791,300,837300,11:05:18
2790,400,1116000,11:05:17
2789,100,278900,11:05:17
2789,100,278900,11:05:17
2790,400,1116000,11:05:17
2789,700,1952300,11:05:17
2788,300,836400,11:05:17
2787,400,1114800,11:05:15
2787,100,278700,11:05:14
2788,200,557600,11:05:13
2787,100,278700,11:05:12
2788,200,557600,11:05:12
2787,500,1393500,11:05:10
2788,400,1115200,11:05:10
2789,200,557800,11:05:09
2789,100,278900,11:05:09
2786,200,557200,11:05:07
2787,100,278700,11:05:06
2787,500,1393500,11:05:05
2789,100,278900,11:05:03
2787,800,2229600,11:05:03
2788,100,278800,11:05:03
2788,100,278800,11:05:03
2786,300,835800,11:05:02
2787,100,278700,11:05:02
2787,200,557400,11:05:02
2787,100,278700,11:05:02
2784,400,1113600,11:05:01
2785,700,1949500,11:05:01
2786,100,278600,11:05:01
2785,100,278500,11:05:01
2785,1200,3342000,11:05:01
2786,100,278600,11:05:01
2785,100,278500,11:05:00
2786,100,278600,11:05:00
2786,100,278600,11:05:00
2784,100,278400,11:05:00
2785,300,835500,11:05:00
2785,500,1392500,11:05:00
2785,100,278500,11:05:00
2785,100,278500,11:05:00
2786,200,557200,11:05:00
2787,400,1114800,11:05:00
2787,100,278700,11:05:00
2787,100,278700,11:04:59
2787,100,278700,11:04:56
2788,200,557600,11:04:56
2789,600,1673400,11:04:56
2789,100,278900,11:04:55
2787,400,1114800,11:04:55
2787,100,278700,11:04:54
2787,400,1114800,11:04:54
2788,100,278800,11:04:54
2789,200,557800,11:04:54
2788,100,278800,11:04:54
2788,400,1115200,11:04:53
2788,100,278800,11:04:53
2789,100,278900,11:04:53
2789,100,278900,11:04:53
2789,100,278900,11:04:53
2788,900,2509200,11:04:53
2789,400,1115600,11:04:53
2790,500,1395000,11:04:53
2790,200,558000,11:04:53
2790,100,279000,11:04:53
2790,300,837000,11:04:53
2791,400,1116400,11:04:53
2791,700,1953700,11:04:53
2792,300,837600,11:04:53
2792,100,279200,11:04:52
2792,200,558400,11:04:52
2793,700,1955100,11:04:52
2794,500,1397000,11:04:52
2795,400,1118000,11:04:52
2795,100,279500,11:04:52
2795,100,279500,11:04:52
2796,100,279600,11:04:52
2797,200,559400,11:04:52
2798,500,1399000,11:04:52
2799,100,279900,11:04:52
2800,3400,9520000,11:04:52
2801,1400,3921400,11:04:52
2802,1700,4763400,11:04:52
2804,100,280400,11:04:46
2804,300,841200,11:04:46
2803,100,280300,11:04:42
2805,100,280500,11:04:37
2803,100,280300,11:04:36
2803,200,560600,11:04:36
2804,200,560800,11:04:36
2806,400,1122400,11:04:34
2807,500,1403500,11:04:33
2808,100,280800,11:04:29
2809,100,280900,11:04:29
2810,500,1405000,11:04:28
2810,400,1124000,11:04:28
2810,300,843000,11:04:28
2810,200,562000,11:04:26
2808,400,1123200,11:04:25
2809,200,561800,11:04:25
2809,1000,2809000,11:04:25
2810,300,843000,11:04:25
2810,200,562000,11:04:17
2809,200,561800,11:04:17
2809,700,1966300,11:04:17
2809,700,1966300,11:04:17
2809,700,1966300,11:04:17
2809,100,280900,11:04:16
2809,600,1685400,11:04:14
2809,400,1123600,11:04:12
2808,300,842400,11:04:12
2807,100,280700,11:04:08
2808,100,280800,11:04:07
2809,300,842700,11:04:04
2810,400,1124000,11:04:03
2808,100,280800,11:04:02
2807,300,842100,11:04:02
2807,100,280700,11:04:02
2808,100,280800,11:03:59
2807,200,561400,11:03:59
2807,100,280700,11:03:58
2804,400,1121600,11:03:57
2804,100,280400,11:03:55
2803,100,280300,11:03:55
2803,100,280300,11:03:55
2802,200,560400,11:03:51
2802,100,280200,11:03:48
2802,200,560400,11:03:42
2802,100,280200,11:03:42
2802,100,280200,11:03:36
2802,100,280200,11:03:34
2802,100,280200,11:03:34
2802,100,280200,11:03:34
2801,100,280100,11:03:34
2802,100,280200,11:03:34
2803,100,280300,11:03:34
2803,100,280300,11:03:32
2802,100,280200,11:03:32
2802,100,280200,11:03:31
2803,1500,4204500,11:03:31
2804,300,841200,11:03:25
2803,100,280300,11:03:25
2802,100,280200,11:03:24
2803,300,840900,11:03:21
2803,900,2522700,11:03:21
2803,400,1121200,11:03:21
2803,1300,3643900,11:03:21
2802,100,280200,11:03:21
2802,300,840600,11:03:21
2802,100,280200,11:03:21
2803,400,1121200,11:03:18
2803,100,280300,11:03:18
2803,100,280300,11:03:16
2803,100,280300,11:03:15
2803,100,280300,11:03:15
2803,600,1681800,11:03:14
2804,100,280400,11:03:14
2804,200,560800,11:03:14
2802,100,280200,11:03:13
2802,100,280200,11:03:13
2804,100,280400,11:03:13
2804,300,841200,11:03:13
2806,200,561200,11:03:04
2806,300,841800,11:02:59
2808,1100,3088800,11:02:56
2809,200,561800,11:02:52
2809,100,280900,11:02:51
2810,100,281000,11:02:50
2810,300,843000,11:02:50
2811,900,2529900,11:02:49
2812,1000,2812000,11:02:49
2813,200,562600,11:02:49
2814,100,281400,11:02:48
2814,600,1688400,11:02:44
2813,200,562600,11:02:44
2812,100,281200,11:02:41
2811,100,281100,11:02:39
2812,200,562400,11:02:39
2814,500,1407000,11:02:37
2813,200,562600,11:02:37
2811,300,843300,11:02:36
2811,500,1405500,11:02:35
2812,800,2249600,11:02:34
2812,100,281200,11:02:33
2811,100,281100,11:02:31
2810,700,1967000,11:02:31
2810,600,1686000,11:02:31
2812,100,281200,11:02:29
2811,300,843300,11:02:29
2812,100,281200,11:02:24
2814,1000,2814000,11:02:24
2813,400,1125200,11:02:24
2812,700,1968400,11:02:24
2813,400,1125200,11:02:24
2811,900,2529900,11:02:22
2811,100,281100,11:02:22
2810,100,281000,11:02:19
2810,300,843000,11:02:19
2811,300,843300,11:02:18
2813,900,2531700,11:02:18
2813,1200,3375600,11:02:18
2812,400,1124800,11:02:18
2811,200,562200,11:02:18
2811,200,562200,11:02:18
2810,100,281000,11:02:18
2813,800,2250400,11:02:18
2812,700,1968400,11:02:18
2810,100,281000,11:02:18
2811,200,562200,11:02:18
2810,100,281000,11:02:18
2811,300,843300,11:02:18
2810,400,1124000,11:02:18
2811,100,281100,11:02:17
2810,900,2529000,11:02:17
2809,100,280900,11:02:17
2808,500,1404000,11:02:17
2807,500,1403500,11:02:16
2806,100,280600,11:02:16
2805,300,841500,11:02:08
2807,100,280700,11:02:05
2806,400,1122400,11:02:05
2806,100,280600,11:02:03
2805,500,1402500,11:01:57
2804,400,1121600,11:01:57
2803,100,280300,11:01:57
2802,100,280200,11:01:52
2803,100,280300,11:01:52
2802,200,560400,11:01:52
2803,200,560600,11:01:52
2804,500,1402000,11:01:50
2804,100,280400,11:01:48
2806,100,280600,11:01:46
2805,500,1402500,11:01:44
2805,100,280500,11:01:41
2804,100,280400,11:01:38
2807,300,842100,11:01:36
2806,500,1403000,11:01:36
2805,200,561000,11:01:36
2805,100,280500,11:01:36
2804,200,560800,11:01:36
2804,100,280400,11:01:35
2804,200,560800,11:01:34
2804,200,560800,11:01:34
2804,100,280400,11:01:33
2805,200,561000,11:01:33
2805,300,841500,11:01:33
2805,300,841500,11:01:33
2805,1500,4207500,11:01:33
2806,900,2525400,11:01:32
2807,100,280700,11:01:30
2808,100,280800,11:01:28
2808,200,561600,11:01:26
2809,200,561800,11:01:25
2808,400,1123200,11:01:25
2808,300,842400,11:01:25
2809,100,280900,11:01:23
2807,300,842100,11:01:22
2807,400,1122800,11:01:22
2809,500,1404500,11:01:19
2808,800,2246400,11:01:19
2807,400,1122800,11:01:19
2806,100,280600,11:01:15
2806,300,841800,11:01:15
2805,100,280500,11:01:11
2806,100,280600,11:01:10
2806,200,561200,11:01:10
2806,100,280600,11:01:06
2805,100,280500,11:01:05
2805,100,280500,11:01:05
2805,800,2244000,11:01:02
2806,100,280600,11:00:59
2806,100,280600,11:00:59
2805,600,1683000,11:00:54
2802,100,280200,11:00:54
2803,500,1401500,11:00:54
2804,300,841200,11:00:54
2806,100,280600,11:00:54
2805,100,280500,11:00:54
2805,100,280500,11:00:53
2804,200,560800,11:00:52
2803,600,1681800,11:00:52
2802,100,280200,11:00:51
2802,400,1120800,11:00:51
2802,100,280200,11:00:50
2802,100,280200,11:00:50
2801,100,280100,11:00:50
2801,600,1680600,11:00:48
2799,500,1399500,11:00:48
2798,700,1958600,11:00:48
2796,100,279600,11:00:48
2796,100,279600,11:00:48
2796,200,559200,11:00:48
2797,500,1398500,11:00:48
2795,100,279500,11:00:48
2796,100,279600,11:00:48
2795,500,1397500,11:00:48
2795,200,559000,11:00:48
2795,100,279500,11:00:48
2795,300,838500,11:00:48
2796,300,838800,11:00:47
2796,400,1118400,11:00:47
2795,500,1397500,11:00:47
2796,200,559200,11:00:47
2796,100,279600,11:00:47
2796,100,279600,11:00:47
2796,300,838800,11:00:47
2797,100,279700,11:00:47
2797,100,279700,11:00:47
2797,300,839100,11:00:47
2797,100,279700,11:00:47
2798,100,279800,11:00:47
2797,100,279700,11:00:47
2797,200,559400,11:00:47
2797,100,279700,11:00:47
2798,1300,3637400,11:00:47
2798,200,559600,11:00:47
2798,600,1678800,11:00:47
2798,100,279800,11:00:47
2798,600,1678800,11:00:47
2799,900,2519100,11:00:47
2800,3600,10080000,11:00:47
2800,300,840000,11:00:45
2801,100,280100,11:00:45
2801,200,560200,11:00:43
2801,200,560200,11:00:43
2802,300,840600,11:00:42
2802,100,280200,11:00:42
2802,100,280200,11:00:38
2803,900,2522700,11:00:38
2805,200,561000,11:00:35
2804,100,280400,11:00:35
2804,100,280400,11:00:35
2803,100,280300,11:00:32
2803,100,280300,11:00:32
2803,100,280300,11:00:30
2804,100,280400,11:00:30
2804,100,280400,11:00:30
2805,1100,3085500,11:00:30
2806,400,1122400,11:00:30
2807,100,280700,11:00:27
2807,1000,2807000,11:00:27
2808,100,280800,11:00:27
2808,100,280800,11:00:24
2809,200,561800,11:00:24
2808,200,561600,11:00:24
2807,300,842100,11:00:24
2806,100,280600,11:00:24
2806,400,1122400,11:00:22
2805,700,1963500,11:00:22
2803,100,280300,11:00:21
2804,100,280400,11:00:18
2803,500,1401500,11:00:18
2802,100,280200,11:00:18
2801,100,280100,11:00:15
2801,200,560200,11:00:14
2802,100,280200,11:00:14
2802,500,1401000,11:00:13
2802,100,280200,11:00:10
2802,100,280200,11:00:09
2802,100,280200,11:00:08
2803,100,280300,11:00:01
2804,200,560800,11:00:00
2802,400,1120800,11:00:00
2804,200,560800,11:00:00
2804,100,280400,11:00:00
2802,300,840600,10:59:57
2802,700,1961400,10:59:57
2802,100,280200,10:59:56
2803,100,280300,10:59:56
2803,600,1681800,10:59:55
2803,100,280300,10:59:55
2802,100,280200,10:59:50
2803,300,840900,10:59:49
2802,700,1961400,10:59:49
2801,100,280100,10:59:48
2802,100,280200,10:59:46
2801,100,280100,10:59:46
2801,100,280100,10:59:46
2801,100,280100,10:59:38
2800,100,280000,10:59:36
2800,300,840000,10:59:30
2801,1000,2801000,10:59:30
2802,100,280200,10:59:30
2803,100,280300,10:59:29
2803,200,560600,10:59:29
2802,200,560400,10:59:28
2802,300,840600,10:59:26
2801,100,280100,10:59:26
2800,100,280000,10:59:26
2800,200,560000,10:59:26
2800,100,280000,10:59:25
2800,100,280000,10:59:19
2800,100,280000,10:59:19
2802,500,1401000,10:59:17
2802,200,560400,10:59:17
2800,100,280000,10:59:16
2800,100,280000,10:59:15
2801,400,1120400,10:59:15
2801,400,1120400,10:59:15
2802,100,280200,10:59:14
2800,100,280000,10:59:14
2800,100,280000,10:59:13
2800,200,560000,10:59:13
2800,100,280000,10:59:13
2802,200,560400,10:59:13
2802,100,280200,10:59:12
2801,500,1400500,10:59:12
2801,100,280100,10:59:12
2802,100,280200,10:59:12
2803,600,1681800,10:59:12
2804,100,280400,10:59:12
2804,100,280400,10:59:12
2806,300,841800,10:59:12
2806,100,280600,10:59:12
2806,800,2244800,10:59:12
2805,100,280500,10:59:11
2805,100,280500,10:59:08
2806,400,1122400,10:59:07
2805,100,280500,10:59:07
2804,100,280400,10:59:07
2804,100,280400,10:59:07
2804,100,280400,10:59:06
2803,100,280300,10:59:05
2804,400,1121600,10:59:05
2804,100,280400,10:59:03
2803,100,280300,10:59:00
2804,800,2243200,10:59:00
2804,100,280400,10:58:56
2805,100,280500,10:58:56
2806,100,280600,10:58:55
2805,100,280500,10:58:54
2806,200,561200,10:58:52
2804,100,280400,10:58:49
2805,200,561000,10:58:49
2805,100,280500,10:58:47
2806,300,841800,10:58:45
2807,100,280700,10:58:40
2806,400,1122400,10:58:40
2805,100,280500,10:58:40
2805,100,280500,10:58:39
2807,100,280700,10:58:39
2807,100,280700,10:58:36
2806,100,280600,10:58:34
2804,100,280400,10:58:32
2804,100,280400,10:58:32
2804,200,560800,10:58:31
2805,300,841500,10:58:29
2805,200,561000,10:58:29
2805,300,841500,10:58:29
2805,100,280500,10:58:29
2805,200,561000,10:58:29
2805,200,561000,10:58:29
2805,200,561000,10:58:29
2805,200,561000,10:58:29
2806,500,1403000,10:58:28
2806,100,280600,10:58:28
2806,200,561200,10:58:28
2806,300,841800,10:58:28
2806,200,561200,10:58:28
2807,200,561400,10:58:18
2808,200,561600,10:58:18
2808,100,280800,10:58:18
2807,100,280700,10:58:18
2808,300,842400,10:58:17
2808,100,280800,10:58:16
2807,100,280700,10:58:15
2807,100,280700,10:58:15
2808,300,842400,10:58:13
2809,300,842700,10:58:13
2811,400,1124400,10:58:12
2810,100,281000,10:58:12
2811,700,1967700,10:58:08
2810,300,843000,10:58:08
2808,800,2246400,10:58:07
2808,200,561600,10:58:07
2809,100,280900,10:58:07
2810,200,562000,10:58:06
2810,200,562000,10:58:06
2809,100,280900,10:58:05
2809,100,280900,10:58:05
2809,100,280900,10:58:05
2810,1400,3934000,10:58:05
2811,100,281100,10:58:04
2812,100,281200,10:58:03
2811,100,281100,10:58:00
2811,300,843300,10:58:00
2811,400,1124400,10:57:59
2812,100,281200,10:57:58
2811,300,843300,10:57:53
2811,300,843300,10:57:50
2812,200,562400,10:57:50
2812,100,281200,10:57:50
2814,200,562800,10:57:50
2813,900,2531700,10:57:50
2812,100,281200,10:57:50
2812,300,843600,10:57:49
2812,100,281200,10:57:49
2812,100,281200,10:57:49
2813,200,562600,10:57:48
2812,200,562400,10:57:48
2812,200,562400,10:57:47
2811,100,281100,10:57:47
2812,100,281200,10:57:44
2812,100,281200,10:57:44
2815,100,281500,10:57:44
2814,1500,4221000,10:57:44
2813,100,281300,10:57:44
2812,200,562400,10:57:44
2811,500,1405500,10:57:42
2810,100,281000,10:57:42
2810,100,281000,10:57:42
2808,1000,2808000,10:57:42
2809,500,1404500,10:57:42
2809,300,842700,10:57:42
2809,1000,2809000,10:57:42
2806,100,280600,10:57:40
2806,500,1403000,10:57:39
2806,500,1403000,10:57:36
2805,100,280500,10:57:35
2804,100,280400,10:57:35
2804,100,280400,10:57:34
2804,1900,5327600,10:57:34
2803,800,2242400,10:57:34
2800,400,1120000,10:57:34
2801,100,280100,10:57:34
2801,300,840300,10:57:33
2802,600,1681200,10:57:33
2803,100,280300,10:57:33
2803,100,280300,10:57:32
2802,200,560400,10:57:31
2802,100,280200,10:57:30
2800,1000,2800000,10:57:29
2801,100,280100,10:57:29
2801,300,840300,10:57:29
2801,400,1120400,10:57:29
2803,100,280300,10:57:28
2803,100,280300,10:57:27
2803,100,280300,10:57:27
2803,100,280300,10:57:26
2803,200,560600,10:57:26
2803,100,280300,10:57:26
2803,100,280300,10:57:26
2803,200,560600,10:57:26
2803,600,1681800,10:57:26
2803,100,280300,10:57:26
2803,100,280300,10:57:26
2803,100,280300,10:57:26
2803,100,280300,10:57:26
2803,100,280300,10:57:26
2803,100,280300,10:57:26
2800,100,280000,10:57:26
2801,1500,4201500,10:57:26
2802,400,1120800,10:57:26
2802,100,280200,10:57:26
2803,100,280300,10:57:26
2804,100,280400,10:57:26
2805,400,1122000,10:57:25
2806,100,280600,10:57:23
2806,100,280600,10:57:23
2807,100,280700,10:57:23
2806,200,561200,10:57:21
2807,600,1684200,10:57:20
2807,100,280700,10:57:20
2808,3700,10389600,10:57:20
2809,600,1685400,10:57:18
2810,200,562000,10:57:16
2810,100,281000,10:57:16
2810,200,562000,10:57:13
2810,500,1405000,10:57:13
2810,100,281000,10:57:09
2810,700,1967000,10:57:08
2808,100,280800,10:57:03
2809,100,280900,10:57:02
2810,100,281000,10:57:02
2809,100,280900,10:57:01
2810,100,281000,10:57:01
2809,200,561800,10:57:00
2809,100,280900,10:57:00
2810,100,281000,10:56:59
2808,100,280800,10:56:56
2808,900,2527200,10:56:53
2809,100,280900,10:56:53
2810,400,1124000,10:56:52
2809,200,561800,10:56:52
2808,200,561600,10:56:50
2808,200,561600,10:56:50
2810,100,281000,10:56:49
2808,100,280800,10:56:49
2809,100,280900,10:56:49
2810,100,281000,10:56:48
2809,400,1123600,10:56:46
2810,300,843000,10:56:46
2811,100,281100,10:56:46
2811,300,843300,10:56:46
2809,300,842700,10:56:46
2810,500,1405000,10:56:46
2810,300,843000,10:56:44
2811,100,281100,10:56:44
2812,200,562400,10:56:43
2812,300,843600,10:56:42
2812,100,281200,10:56:41
2814,600,1688400,10:56:41
2813,200,562600,10:56:41
2813,200,562600,10:56:40
2813,500,1406500,10:56:40
2812,100,281200,10:56:40
2809,100,280900,10:56:39
2810,700,1967000,10:56:39
2811,300,843300,10:56:39
2812,200,562400,10:56:39
2813,200,562600,10:56:38
2813,300,843900,10:56:38
2811,100,281100,10:56:38
2812,100,281200,10:56:38
2814,300,844200,10:56:37
2813,200,562600,10:56:37
2813,100,281300,10:56:37
2811,200,562200,10:56:37
2812,1200,3374400,10:56:37
2814,100,281400,10:56:35
2813,500,1406500,10:56:35
2814,100,281400,10:56:35
2814,100,281400,10:56:35
2815,100,281500,10:56:33
2813,700,1969100,10:56:33
2814,300,844200,10:56:31
2813,100,281300,10:56:30
2813,100,281300,10:56:30
2813,100,281300,10:56:29
2813,100,281300,10:56:28
2813,100,281300,10:56:28
2812,400,1124800,10:56:26
2814,200,562800,10:56:26
2814,400,1125600,10:56:26
2812,400,1124800,10:56:25
2812,100,281200,10:56:25
2812,700,1968400,10:56:25
2813,200,562600,10:56:25
2812,100,281200,10:56:25
2813,200,562600,10:56:24
2811,100,281100,10:56:24
2813,300,843900,10:56:23
2813,200,562600,10:56:23
2812,100,281200,10:56:22
2812,400,1124800,10:56:22
2811,100,281100,10:56:22
2810,800,2248000,10:56:22
2809,900,2528100,10:56:22
2808,100,280800,10:56:22
2808,500,1404000,10:56:22
2807,200,561400,10:56:22
2807,100,280700,10:56:21
2807,100,280700,10:56:20
2807,100,280700,10:56:20
2807,100,280700,10:56:19
2807,500,1403500,10:56:19
2806,300,841800,10:56:19
2807,100,280700,10:56:19
2806,100,280600,10:56:19
2806,100,280600,10:56:18
2806,100,280600,10:56:18
2806,100,280600,10:56:17
2806,100,280600,10:56:17
2806,300,841800,10:56:17
2805,300,841500,10:56:17
2806,700,1964200,10:56:17
2808,100,280800,10:56:17
2807,1600,4491200,10:56:17
2806,1400,3928400,10:56:17
2805,700,1963500,10:56:17
2803,400,1121200,10:56:15
2803,600,1681800,10:56:15
2802,400,1120800,10:56:15
2800,100,280000,10:56:15
2799,600,1679400,10:56:15
2800,1200,3360000,10:56:15
2800,100,280000,10:56:15
2800,1400,3920000,10:56:15
2801,1800,5041800,10:56:15
2802,100,280200,10:56:14
2801,100,280100,10:56:12
2801,200,560200,10:56:12
2801,200,560200,10:56:12
2803,500,1401500,10:56:07
2802,100,280200,10:56:06
2800,300,840000,10:56:05
2801,100,280100,10:56:05
2802,500,1401000,10:56:05
2801,100,280100,10:56:03
2801,100,280100,10:56:00
2801,200,560200,10:55:59
2802,100,280200,10:55:58
2802,100,280200,10:55:58
2804,500,1402000,10:55:57
2803,500,1401500,10:55:57
2802,300,840600,10:55:57
2801,100,280100,10:55:56
2802,100,280200,10:55:55
2803,100,280300,10:55:49
2803,100,280300,10:55:49
2803,100,280300,10:55:48
2805,800,2244000,10:55:47
2804,700,1962800,10:55:47
2803,200,560600,10:55:47
2802,200,560400,10:55:47
2801,300,840300,10:55:46
2802,100,280200,10:55:46
2802,100,280200,10:55:45
2802,300,840600,10:55:45
2802,100,280200,10:55:45
2802,200,560400,10:55:45
2802,400,1120800,10:55:45
2802,100,280200,10:55:45
2801,200,560200,10:55:42
2800,600,1680000,10:55:41
2800,100,280000,10:55:41
2799,100,279900,10:55:37
2798,100,279800,10:55:36
2798,100,279800,10:55:36
2798,300,839400,10:55:36
2798,100,279800,10:55:36
2797,100,279700,10:55:35
2798,100,279800,10:55:34
2798,100,279800,10:55:34
2798,100,279800,10:55:34
2799,100,279900,10:55:33
2800,100,280000,10:55:33
2799,100,279900,10:55:33
2800,400,1120000,10:55:33
2800,500,1400000,10:55:33
2800,200,560000,10:55:33
2800,500,1400000,10:55:33
2801,100,280100,10:55:31
2801,300,840300,10:55:29
2801,300,840300,10:55:29
2802,100,280200,10:55:27
2800,100,280000,10:55:26
2801,300,840300,10:55:25
2803,500,1401500,10:55:25
2802,400,1120800,10:55:25
2802,500,1401000,10:55:24
2801,200,560200,10:55:24
2799,500,1399500,10:55:24
2800,500,1400000,10:55:24
2801,300,840300,10:55:23
2802,200,560400,10:55:22
2802,100,280200,10:55:22
2801,100,280100,10:55:22
2803,400,1121200,10:55:20
2802,300,840600,10:55:20
2801,200,560200,10:55:20
2800,700,1960000,10:55:19
2799,100,279900,10:55:19
2798,100,279800,10:55:18
2798,100,279800,10:55:17
2797,100,279700,10:55:16
2797,300,839100,10:55:15
2797,100,279700,10:55:15
2798,600,1678800,10:55:15
2798,200,559600,10:55:15
2798,200,559600,10:55:15
2798,200,559600,10:55:15
2798,100,279800,10:55:15
2800,300,840000,10:55:14
2799,1100,3078900,10:55:14
2799,800,2239200,10:55:14
2800,100,280000,10:55:14
2800,1000,2800000,10:55:14
2800,100,280000,10:55:14
2800,100,280000,10:55:14
2800,300,840000,10:55:14
2801,3200,8963200,10:55:14
2802,200,560400,10:55:13
2802,100,280200,10:55:13
2802,200,560400,10:55:11
2804,200,560800,10:55:11
2803,200,560600,10:55:11
2803,100,280300,10:55:11
2803,200,560600,10:55:11
2802,700,1961400,10:55:11
2801,100,280100,10:55:07
2801,100,280100,10:55:06
2800,400,1120000,10:55:06
2799,400,1119600,10:55:06
2800,100,280000,10:55:06
2799,100,279900,10:55:04
2800,100,280000,10:55:04
2799,100,279900,10:55:04
2798,100,279800,10:55:04
2799,100,279900,10:55:02
2800,100,280000,10:55:02
2801,100,280100,10:55:01
2801,100,280100,10:55:01
2800,100,280000,10:55:00
2799,200,559800,10:55:00
2800,100,280000,10:55:00
2800,600,1680000,10:55:00
2799,100,279900,10:55:00
2799,200,559800,10:55:00
2800,800,2240000,10:55:00
2802,200,560400,10:55:00
2801,1300,3641300,10:55:00
2802,200,560400,10:55:00
2802,300,840600,10:55:00
2803,100,280300,10:55:00
2802,100,280200,10:55:00
2802,100,280200,10:55:00
2803,100,280300,10:55:00
2802,300,840600,10:55:00
2802,100,280200,10:55:00
2802,100,280200,10:55:00
2801,100,280100,10:54:59
2801,100,280100,10:54:59
2802,100,280200,10:54:59
2801,400,1120400,10:54:59
2801,100,280100,10:54:59
2800,3300,9240000,10:54:59
2799,400,1119600,10:54:59
2798,200,559600,10:54:59
2797,700,1957900,10:54:59
2798,100,279800,10:54:58
2798,100,279800,10:54:58
2798,200,559600,10:54:56
2799,100,279900,10:54:55
2800,100,280000,10:54:54
2799,100,279900,10:54:54
2800,200,560000,10:54:54
2800,100,280000,10:54:53
2799,100,279900,10:54:53
2799,100,279900,10:54:53
2800,500,1400000,10:54:53
2799,200,559800,10:54:53
2798,300,839400,10:54:52
2799,100,279900,10:54:52
2798,100,279800,10:54:51
2798,300,839400,10:54:50
2797,100,279700,10:54:49
2796,200,559200,10:54:48
2798,100,279800,10:54:47
2797,200,559400,10:54:47
2797,100,279700,10:54:45
2797,200,559400,10:54:45
2797,100,279700,10:54:45
2796,100,279600,10:54:44
2796,200,559200,10:54:44
2795,100,279500,10:54:44
2796,100,279600,10:54:43
2795,300,838500,10:54:40
2796,300,838800,10:54:40
2796,100,279600,10:54:39
2796,100,279600,10:54:39
2793,300,837900,10:54:38
2794,100,279400,10:54:38
2795,1000,2795000,10:54:38
2794,100,279400,10:54:38
2794,900,2514600,10:54:38
2793,700,1955100,10:54:38
2792,1000,2792000,10:54:38
2794,300,838200,10:54:38
2793,200,558600,10:54:38
2795,300,838500,10:54:38
2794,200,558800,10:54:38
2794,100,279400,10:54:37
2792,100,279200,10:54:37
2794,100,279400,10:54:37
2794,300,838200,10:54:37
2793,300,837900,10:54:32
2794,900,2514600,10:54:32
2795,100,279500,10:54:32
2795,500,1397500,10:54:32
2795,500,1397500,10:54:32
2795,500,1397500,10:54:32
2795,400,1118000,10:54:31
2796,100,279600,10:54:28
2795,600,1677000,10:54:27
2793,100,279300,10:54:26
2794,100,279400,10:54:26
2794,100,279400,10:54:26
2795,100,279500,10:54:24
2794,100,279400,10:54:23
2794,100,279400,10:54:23
2794,500,1397000,10:54:23
2795,100,279500,10:54:23
2796,300,838800,10:54:23
2795,300,838500,10:54:21
2794,100,279400,10:54:21
2794,1100,3073400,10:54:21
2793,500,1396500,10:54:21
2792,100,279200,10:54:21
2792,100,279200,10:54:20
2791,100,279100,10:54:19
2789,100,278900,10:54:19
2790,200,558000,10:54:17
2790,100,279000,10:54:17
2792,100,279200,10:54:17
2791,100,279100,10:54:17
2791,400,1116400,10:54:15
2792,200,558400,10:54:12
2792,100,279200,10:54:12
2792,500,1396000,10:54:12
2792,100,279200,10:54:11
2792,900,2512800,10:54:11
2791,300,837300,10:54:11
2791,400,1116400,10:54:11
2789,100,278900,10:54:11
2790,200,558000,10:54:10
2790,100,279000,10:54:10
2790,300,837000,10:54:10
2791,200,558200,10:54:09
2791,300,837300,10:54:05
2792,300,837600,10:54:05
2791,200,558200,10:54:03
2792,200,558400,10:54:00
2793,300,837900,10:54:00
2793,100,279300,10:54:00
2794,100,279400,10:53:59
2793,100,279300,10:53:59
2793,800,2234400,10:53:59
2792,200,558400,10:53:59
2791,200,558200,10:53:57
2792,300,837600,10:53:56
2793,300,837900,10:53:56
2794,100,279400,10:53:55
2793,100,279300,10:53:54
2793,500,1396500,10:53:53
2793,200,558600,10:53:51
2794,100,279400,10:53:50
2793,300,837900,10:53:50
2793,300,837900,10:53:50
2793,300,837900,10:53:50
2792,100,279200,10:53:49
2792,500,1396000,10:53:48
2792,100,279200,10:53:48
2790,200,558000,10:53:47
2791,200,558200,10:53:47
2792,100,279200,10:53:47
2791,300,837300,10:53:46
2790,500,1395000,10:53:45
2790,100,279000,10:53:45
2789,100,278900,10:53:42
2789,100,278900,10:53:42
2790,100,279000,10:53:41
2789,400,1115600,10:53:38
2790,100,279000,10:53:37
2789,100,278900,10:53:36
2790,100,279000,10:53:36
2789,100,278900,10:53:36
2790,100,279000,10:53:36
2791,300,837300,10:53:33
2790,100,279000,10:53:33
2789,200,557800,10:53:33
2790,100,279000,10:53:32
2789,300,836700,10:53:32
2788,100,278800,10:53:32
2789,200,557800,10:53:32
2788,100,278800,10:53:30
2788,200,557600,10:53:29
2787,100,278700,10:53:29
2788,800,2230400,10:53:29
2789,100,278900,10:53:29
2790,100,279000,10:53:29
2790,100,279000,10:53:29
2789,400,1115600,10:53:29
2790,100,279000,10:53:29
2791,600,1674600,10:53:29
2790,400,1116000,10:53:29
2789,200,557800,10:53:28
2788,100,278800,10:53:28
2788,100,278800,10:53:28
2788,100,278800,10:53:28
2787,1000,2787000,10:53:28
2786,300,835800,10:53:28
2786,100,278600,10:53:28
2783,100,278300,10:53:27
2784,400,1113600,10:53:27
2785,100,278500,10:53:26
2785,100,278500,10:53:22
2784,400,1113600,10:53:19
2784,200,556800,10:53:19
2783,100,278300,10:53:19
2784,300,835200,10:53:18
2783,100,278300,10:53:16
2783,700,1948100,10:53:15
2782,300,834600,10:53:15
2781,100,278100,10:53:15
2781,100,278100,10:53:15
2781,100,278100,10:53:15
2781,200,556200,10:53:14
2782,100,278200,10:53:14
2783,400,1113200,10:53:13
2784,400,1113600,10:53:13
2786,100,278600,10:53:08
2785,100,278500,10:53:08
2785,100,278500,10:53:07
2784,100,278400,10:53:07
2785,1700,4734500,10:53:07
2785,100,278500,10:53:07
2786,100,278600,10:52:58
2785,100,278500,10:52:57
2785,200,557000,10:52:56
2785,100,278500,10:52:54
2785,100,278500,10:52:54
2786,200,557200,10:52:52
2785,200,557000,10:52:52
2785,100,278500,10:52:51
2785,200,557000,10:52:51
2784,200,556800,10:52:51
2784,200,556800,10:52:51
2784,700,1948800,10:52:51
2785,100,278500,10:52:50
2785,1200,3342000,10:52:50
2787,100,278700,10:52:48
2787,100,278700,10:52:48
2786,500,1393000,10:52:48
2786,300,835800,10:52:48
2789,100,278900,10:52:48
2788,100,278800,10:52:46
2787,100,278700,10:52:46
2787,900,2508300,10:52:45
2788,400,1115200,10:52:45
2790,100,279000,10:52:45
2789,100,278900,10:52:45
2790,100,279000,10:52:44
2789,100,278900,10:52:44
2790,100,279000,10:52:41
2789,100,278900,10:52:41
2789,200,557800,10:52:41
2791,300,837300,10:52:41
2790,100,279000,10:52:41
2790,100,279000,10:52:41
2790,100,279000,10:52:40
2789,100,278900,10:52:40
2790,100,279000,10:52:38
2790,100,279000,10:52:36
2789,100,278900,10:52:36
2788,200,557600,10:52:35
2788,800,2230400,10:52:35
2790,800,2232000,10:52:34
2789,100,278900,10:52:34
2789,100,278900,10:52:34
2789,100,278900,10:52:34
2789,300,836700,10:52:33
2788,700,1951600,10:52:33
2789,100,278900,10:52:33
2789,100,278900,10:52:33
2789,200,557800,10:52:32
2789,900,2510100,10:52:31
2791,100,279100,10:52:31
2790,100,279000,10:52:30
2790,100,279000,10:52:30
2789,200,557800,10:52:30
2789,100,278900,10:52:30
2788,100,278800,10:52:29
2788,200,557600,10:52:28
2787,100,278700,10:52:27
2786,200,557200,10:52:27
2788,300,836400,10:52:26
2787,100,278700,10:52:26
2786,300,835800,10:52:26
2787,300,836100,10:52:26
2788,100,278800,10:52:26
2789,200,557800,10:52:26
2787,300,836100,10:52:26
2789,100,278900,10:52:25
2787,300,836100,10:52:25
2789,300,836700,10:52:24
2787,400,1114800,10:52:24
2788,700,1951600,10:52:24
2788,700,1951600,10:52:24
2789,100,278900,10:52:24
2789,100,278900,10:52:21
2789,200,557800,10:52:20
2789,100,278900,10:52:19
2789,100,278900,10:52:19
2789,100,278900,10:52:19
2790,100,279000,10:52:18
2789,100,278900,10:52:17
2790,200,558000,10:52:16
2789,300,836700,10:52:16
2790,200,558000,10:52:16
2790,100,279000,10:52:15
2790,100,279000,10:52:14
2789,100,278900,10:52:14
2789,500,1394500,10:52:14
2788,100,278800,10:52:13
2789,100,278900,10:52:13
2790,100,279000,10:52:13
2789,200,557800,10:52:13
2788,100,278800,10:52:13
2788,100,278800,10:52:13
2788,600,1672800,10:52:13
2789,100,278900,10:52:13
2791,500,1395500,10:52:13
2790,1800,5022000,10:52:13
2789,600,1673400,10:52:13
2788,100,278800,10:52:13
2788,100,278800,10:52:12
2787,100,278700,10:52:10
2787,300,836100,10:52:08
2786,200,557200,10:52:07
2787,100,278700,10:52:07
2787,100,278700,10:52:06
2787,100,278700,10:52:06
2787,300,836100,10:52:05
2786,200,557200,10:52:03
2785,100,278500,10:52:03
2785,300,835500,10:52:03
2785,200,557000,10:52:02
2787,300,836100,10:52:01
2786,500,1393000,10:52:01
2786,100,278600,10:52:00
2785,100,278500,10:51:59
2785,300,835500,10:51:59
2786,100,278600,10:51:59
2786,200,557200,10:51:59
2786,300,835800,10:51:59
2788,100,278800,10:51:59
2787,300,836100,10:51:59
2787,100,278700,10:51:57
2787,100,278700,10:51:57
2786,100,278600,10:51:56
2786,200,557200,10:51:56
2785,400,1114000,10:51:56
2787,300,836100,10:51:56
2786,100,278600,10:51:56
2788,200,557600,10:51:55
2786,900,2507400,10:51:54
2787,200,557400,10:51:54
2787,300,836100,10:51:54
2786,100,278600,10:51:54
2784,100,278400,10:51:54
2784,100,278400,10:51:54
2784,100,278400,10:51:54
2785,100,278500,10:51:54
2784,300,835200,10:51:54
2785,200,557000,10:51:54
2786,300,835800,10:51:54
2787,900,2508300,10:51:54
2787,100,278700,10:51:54
2786,200,557200,10:51:54
2786,100,278600,10:51:54
2787,500,1393500,10:51:54
2786,600,1671600,10:51:54
2785,700,1949500,10:51:54
2784,300,835200,10:51:54
2783,100,278300,10:51:54
2783,1200,3339600,10:51:54
2782,2100,5842200,10:51:54
2781,400,1112400,10:51:54
2781,800,2224800,10:51:54
2780,300,834000,10:51:54
2779,400,1111600,10:51:54
2780,100,278000,10:51:51
2780,100,278000,10:51:51
2780,100,278000,10:51:48
2779,100,277900,10:51:48
2780,100,278000,10:51:47
2781,100,278100,10:51:47
2781,1600,4449600,10:51:46
2780,800,2224000,10:51:46
2779,800,2223200,10:51:46
2778,300,833400,10:51:46
2778,300,833400,10:51:46
2777,200,555400,10:51:46
2776,100,277600,10:51:46
2777,1100,3054700,10:51:46
2777,1200,3332400,10:51:46
2777,100,277700,10:51:46
2777,100,277700,10:51:46
2777,400,1110800,10:51:46
2777,100,277700,10:51:45
2777,100,277700,10:51:45
2777,100,277700,10:51:45
2778,1200,3333600,10:51:39
2778,100,277800,10:51:38
2779,300,833700,10:51:38
2781,600,1668600,10:51:38
2780,400,1112000,10:51:38
2780,200,556000,10:51:37
2780,200,556000,10:51:36
2778,100,277800,10:51:36
2778,400,1111200,10:51:35
2779,600,1667400,10:51:35
2779,100,277900,10:51:34
2780,300,834000,10:51:33
2781,500,1390500,10:51:33
2779,100,277900,10:51:33
2780,100,278000,10:51:32
2781,600,1668600,10:51:32
2780,200,556000,10:51:31
2780,100,278000,10:51:30
2779,100,277900,10:51:29
2780,100,278000,10:51:29
2780,100,278000,10:51:28
2781,100,278100,10:51:27
2780,100,278000,10:51:26
2781,1000,2781000,10:51:25
2781,700,1946700,10:51:25
2781,800,2224800,10:51:25
2781,100,278100,10:51:25
2781,700,1946700,10:51:25
2780,300,834000,10:51:25
2779,100,277900,10:51:24
2780,200,556000,10:51:24
2778,100,277800,10:51:24
2779,500,1389500,10:51:23
2779,100,277900,10:51:23
2780,2700,7506000,10:51:23
2781,800,2224800,10:51:23
2781,700,1946700,10:51:23
2781,200,556200,10:51:23
2781,100,278100,10:51:22
2783,100,278300,10:51:21
2781,100,278100,10:51:21
2783,300,834900,10:51:21
2782,200,556400,10:51:19
2782,100,278200,10:51:19
2782,100,278200,10:51:19
2782,100,278200,10:51:19
2781,100,278100,10:51:18
2782,100,278200,10:51:18
2781,200,556200,10:51:17
2783,600,1669800,10:51:16
2782,300,834600,10:51:16
2781,100,278100,10:51:16
2781,100,278100,10:51:16
2781,100,278100,10:51:16
2781,300,834300,10:51:16
2782,300,834600,10:51:14
2781,100,278100,10:51:14
2782,100,278200,10:51:13
2782,100,278200,10:51:13
2782,100,278200,10:51:13
2784,500,1392000,10:51:13
2783,1100,3061300,10:51:13
2782,800,2225600,10:51:13
2781,300,834300,10:51:12
2780,100,278000,10:51:12
2782,100,278200,10:51:12
2781,100,278100,10:51:11
2781,200,556200,10:51:10
2782,100,278200,10:51:09
2781,100,278100,10:51:08
2782,200,556400,10:51:08
2781,300,834300,10:51:07
2781,100,278100,10:51:07
2781,2100,5840100,10:51:07
2781,600,1668600,10:51:06
2780,200,556000,10:51:04
2781,100,278100,10:51:03
2780,500,1390000,10:51:03
2779,200,555800,10:51:02
2779,100,277900,10:51:01
2778,100,277800,10:50:59
2779,100,277900,10:50:58
2779,100,277900,10:50:58
2778,100,277800,10:50:57
2778,100,277800,10:50:54
2777,400,1110800,10:50:50
2778,200,555600,10:50:49
2779,100,277900,10:50:49
2779,400,1111600,10:50:49
2779,100,277900,10:50:49
2779,100,277900,10:50:48
2777,100,277700,10:50:45
2778,400,1111200,10:50:45
2779,600,1667400,10:50:45
2781,200,556200,10:50:45
2781,100,278100,10:50:44
2781,300,834300,10:50:43
2781,100,278100,10:50:43
2781,200,556200,10:50:43
2780,1500,4170000,10:50:43
2781,100,278100,10:50:43
2781,200,556200,10:50:43
2781,200,556200,10:50:43
2782,600,1669200,10:50:43
2782,100,278200,10:50:42
2780,300,834000,10:50:41
2781,100,278100,10:50:41
2781,100,278100,10:50:39
2781,100,278100,10:50:38
2782,200,556400,10:50:38
2781,100,278100,10:50:38
2779,100,277900,10:50:37
2780,300,834000,10:50:37
2779,200,555800,10:50:37
2779,300,833700,10:50:37
2780,200,556000,10:50:37
2781,100,278100,10:50:37
2782,200,556400,10:50:37
2781,100,278100,10:50:36
2781,100,278100,10:50:36
2782,600,1669200,10:50:36
2781,400,1112400,10:50:36
2780,500,1390000,10:50:36
2780,100,278000,10:50:36
2780,100,278000,10:50:36
2780,100,278000,10:50:36
2779,100,277900,10:50:36
2779,300,833700,10:50:36
2779,300,833700,10:50:36
2779,300,833700,10:50:36
2777,200,555400,10:50:35
2779,200,555800,10:50:34
2778,100,277800,10:50:33
2778,100,277800,10:50:31
2778,100,277800,10:50:31
2777,100,277700,10:50:30
2776,100,277600,10:50:29
2777,600,1666200,10:50:28
2777,100,277700,10:50:28
2777,300,833100,10:50:28
2778,100,277800,10:50:27
2778,100,277800,10:50:26
2778,100,277800,10:50:26
2778,100,277800,10:50:25
2779,100,277900,10:50:25
2778,500,1389000,10:50:24
2778,500,1389000,10:50:24
2777,100,277700,10:50:23
2778,200,555600,10:50:22
2779,100,277900,10:50:21
2780,200,556000,10:50:20
2779,100,277900,10:50:20
2779,100,277900,10:50:20
2779,100,277900,10:50:17
2778,100,277800,10:50:16
2779,500,1389500,10:50:14
2779,200,555800,10:50:14
2778,200,555600,10:50:14
2777,200,555400,10:50:12
2776,100,277600,10:50:12
2776,100,277600,10:50:12
2776,100,277600,10:50:11
2777,100,277700,10:50:11
2776,100,277600,10:50:10
2775,200,555000,10:50:08
2776,100,277600,10:50:05
2776,100,277600,10:50:04
2777,100,277700,10:50:03
2777,100,277700,10:50:01
2778,100,277800,10:50:01
2777,100,277700,10:50:00
2777,200,555400,10:50:00
2778,100,277800,10:49:59
2778,100,277800,10:49:59
2778,100,277800,10:49:59
2777,100,277700,10:49:59
2777,100,277700,10:49:58
2777,100,277700,10:49:58
2776,200,555200,10:49:57
2777,200,555400,10:49:56
2775,100,277500,10:49:56
2776,100,277600,10:49:56
2776,500,1388000,10:49:55
2778,100,277800,10:49:55
2778,1000,2778000,10:49:53
2777,100,277700,10:49:53
2777,100,277700,10:49:52
2777,300,833100,10:49:52
2778,100,277800,10:49:51
2778,200,555600,10:49:50
2779,200,555800,10:49:50
2778,100,277800,10:49:49
2779,100,277900,10:49:47
2778,100,277800,10:49:47
2777,200,555400,10:49:46
2778,200,555600,10:49:46
2778,100,277800,10:49:46
2777,900,2499300,10:49:46
2776,200,555200,10:49:46
2776,100,277600,10:49:46
2776,100,277600,10:49:46
2775,200,555000,10:49:45
2776,100,277600,10:49:41
2776,200,555200,10:49:40
2776,100,277600,10:49:40
2775,100,277500,10:49:40
2775,300,832500,10:49:40
2776,1400,3886400,10:49:40
2777,300,833100,10:49:39
2779,100,277900,10:49:38
2778,300,833400,10:49:38
2780,300,834000,10:49:37
2779,300,833700,10:49:37
2779,200,555800,10:49:37
2779,200,555800,10:49:37
2779,200,555800,10:49:37
2778,200,555600,10:49:36
2775,100,277500,10:49:35
2777,100,277700,10:49:34
2777,100,277700,10:49:33
2776,100,277600,10:49:33
2777,200,555400,10:49:33
2777,600,1666200,10:49:33
2779,100,277900,10:49:33
2779,200,555800,10:49:33
2779,100,277900,10:49:32
2778,100,277800,10:49:32
2779,100,277900,10:49:32
2779,100,277900,10:49:31
2778,100,277800,10:49:31
2778,100,277800,10:49:31
2778,200,555600,10:49:31
2778,100,277800,10:49:31
2778,100,277800,10:49:31
2778,100,277800,10:49:31
2777,200,555400,10:49:30
2777,100,277700,10:49:30
2778,100,277800,10:49:30
2777,200,555400,10:49:30
2777,200,555400,10:49:30
2775,100,277500,10:49:29
2776,200,555200,10:49:28
2775,100,277500,10:49:28
2776,200,555200,10:49:27
2775,200,555000,10:49:27
2776,100,277600,10:49:27
2776,100,277600,10:49:26
2775,500,1387500,10:49:26
2775,200,555000,10:49:26
2774,100,277400,10:49:25
2773,100,277300,10:49:24
2774,100,277400,10:49:24
2775,100,277500,10:49:23
2775,100,277500,10:49:22
2774,100,277400,10:49:22
2774,300,832200,10:49:22
2776,100,277600,10:49:21
2775,100,277500,10:49:20
2774,100,277400,10:49:20
2775,100,277500,10:49:20
2775,100,277500,10:49:20
2775,100,277500,10:49:19
2775,100,277500,10:49:19
2775,100,277500,10:49:19
2775,100,277500,10:49:18
2775,200,555000,10:49:18
2775,100,277500,10:49:18
2775,100,277500,10:49:18
2774,100,277400,10:49:17
2773,100,277300,10:49:17
2775,700,1942500,10:49:17
2773,100,277300,10:49:17
2773,300,831900,10:49:16
2775,800,2220000,10:49:13
2774,200,554800,10:49:13
2772,100,277200,10:49:11
2773,400,1109200,10:49:09
2773,200,554600,10:49:08
2774,100,277400,10:49:07
2774,100,277400,10:49:06
2774,100,277400,10:49:06
2774,100,277400,10:49:06
2773,100,277300,10:49:05
2772,100,277200,10:49:03
2773,200,554600,10:49:01
2772,100,277200,10:49:00
2772,100,277200,10:49:00
2772,100,277200,10:48:59
2773,100,277300,10:48:59
2774,200,554800,10:48:59
2773,300,831900,10:48:57
2773,100,277300,10:48:57
2774,500,1387000,10:48:56
2774,500,1387000,10:48:56
2773,100,277300,10:48:56
2774,100,277400,10:48:55
2773,200,554600,10:48:51
2774,200,554800,10:48:49
2774,300,832200,10:48:48
2772,100,277200,10:48:48
2773,100,277300,10:48:47
2774,300,832200,10:48:47
2773,200,554600,10:48:47
2772,100,277200,10:48:47
2773,100,277300,10:48:46
2773,300,831900,10:48:46
2773,400,1109200,10:48:46
2773,100,277300,10:48:46
2774,100,277400,10:48:46
2774,300,832200,10:48:45
2774,100,277400,10:48:45
2773,100,277300,10:48:44
2774,300,832200,10:48:42
2774,100,277400,10:48:41
2774,100,277400,10:48:39
2773,200,554600,10:48:39
2773,100,277300,10:48:38
2774,100,277400,10:48:37
2773,100,277300,10:48:37
2773,300,831900,10:48:36
2773,100,277300,10:48:36
2773,100,277300,10:48:34
2772,100,277200,10:48:34
2773,100,277300,10:48:30
2773,100,277300,10:48:30
2773,200,554600,10:48:29
2771,400,1108400,10:48:28
2774,100,277400,10:48:27
2773,200,554600,10:48:27
2773,100,277300,10:48:26
2772,100,277200,10:48:26
2773,200,554600,10:48:25
2773,500,1386500,10:48:25
2773,300,831900,10:48:25
2772,200,554400,10:48:25
2771,400,1108400,10:48:24
2771,100,277100,10:48:24
2770,100,277000,10:48:24
2770,100,277000,10:48:24
2769,100,276900,10:48:23
2769,100,276900,10:48:22
2769,100,276900,10:48:22
2770,100,277000,10:48:22
2771,200,554200,10:48:21
2770,100,277000,10:48:19
2770,200,554000,10:48:19
2769,100,276900,10:48:18
2769,300,830700,10:48:18
2769,100,276900,10:48:17
2770,100,277000,10:48:17
2769,200,553800,10:48:17
2770,300,831000,10:48:17
2770,100,277000,10:48:16
2771,100,277100,10:48:14
2771,100,277100,10:48:14
2771,100,277100,10:48:14
2771,200,554200,10:48:13
2771,300,831300,10:48:12
2771,500,1385500,10:48:12
2771,200,554200,10:48:11
2771,100,277100,10:48:09
2773,700,1941100,10:48:08
2773,800,2218400,10:48:08
2773,100,277300,10:48:08
2773,100,277300,10:48:08
2773,900,2495700,10:48:08
2772,100,277200,10:48:08
2772,100,277200,10:48:07
2772,200,554400,10:48:07
2771,1900,5264900,10:48:07
2770,600,1662000,10:48:07
2768,100,276800,10:48:07
2769,100,276900,10:48:07
2769,200,553800,10:48:07
2768,1400,3875200,10:48:07
2769,600,1661400,10:48:07
2770,1600,4432000,10:48:07
2770,100,277000,10:48:07
2770,200,554000,10:48:06
2770,100,277000,10:48:06
2770,200,554000,10:48:04
2771,100,277100,10:48:04
2770,400,1108000,10:48:03
2771,100,277100,10:48:03
2772,600,1663200,10:48:02
2771,100,277100,10:48:02
2772,100,277200,10:48:02
2773,200,554600,10:48:01
2772,400,1108800,10:48:01
2772,400,1108800,10:48:01
2770,300,831000,10:48:01
2770,100,277000,10:48:00
2771,200,554200,10:48:00
2770,1100,3047000,10:48:00
2768,200,553600,10:47:59
2768,100,276800,10:47:59
2769,200,553800,10:47:59
2768,300,830400,10:47:59
2768,100,276800,10:47:59
2767,100,276700,10:47:59
2767,100,276700,10:47:59
2767,100,276700,10:47:59
2767,100,276700,10:47:58
2767,200,553400,10:47:58
2767,200,553400,10:47:58
2768,100,276800,10:47:58
2768,100,276800,10:47:58
2768,100,276800,10:47:58
2768,200,553600,10:47:58
2768,200,553600,10:47:57
2768,200,553600,10:47:57
2768,300,830400,10:47:57
2768,200,553600,10:47:57
2768,200,553600,10:47:57
2770,100,277000,10:47:57
2769,100,276900,10:47:57
2770,4100,11357000,10:47:57
2770,300,831000,10:47:57
2770,100,277000,10:47:57
2770,200,554000,10:47:57
2770,1500,4155000,10:47:57
2770,300,831000,10:47:57
2770,4900,13573000,10:47:57
2770,500,1385000,10:47:57
2770,100,277000,10:47:56
2770,200,554000,10:47:56
2771,3700,10252700,10:47:56
2771,100,277100,10:47:56
2771,2300,6373300,10:47:56
2772,700,1940400,10:47:56
2772,500,1386000,10:47:56
2773,200,554600,10:47:55
2773,800,2218400,10:47:55
2774,200,554800,10:47:55
2774,300,832200,10:47:55
2774,100,277400,10:47:54
2774,2600,7212400,10:47:53
2775,100,277500,10:47:53
2775,300,832500,10:47:53
2775,100,277500,10:47:53
2776,100,277600,10:47:53
2776,100,277600,10:47:52
2777,100,277700,10:47:52
2775,1300,3607500,10:47:51
2776,100,277600,10:47:51
2776,400,1110400,10:47:50
2774,100,277400,10:47:50
2774,300,832200,10:47:49
2775,200,555000,10:47:49
2775,200,555000,10:47:48
2775,100,277500,10:47:48
2775,300,832500,10:47:48
2775,300,832500,10:47:48
2775,400,1110000,10:47:48
2775,400,1110000,10:47:48
2775,400,1110000,10:47:48
2775,100,277500,10:47:48
2775,700,1942500,10:47:46
2776,100,277600,10:47:46
2776,500,1388000,10:47:46
2777,100,277700,10:47:46
2777,100,277700,10:47:45
2775,100,277500,10:47:39
2776,900,2498400,10:47:39
2776,200,555200,10:47:37
2777,100,277700,10:47:37
2778,100,277800,10:47:33
2778,100,277800,10:47:33
2776,100,277600,10:47:30
2776,100,277600,10:47:30
2776,200,555200,10:47:26
2776,500,1388000,10:47:25
2778,100,277800,10:47:25
2778,100,277800,10:47:25
2776,200,555200,10:47:25
2778,400,1111200,10:47:24
2776,100,277600,10:47:21
2776,100,277600,10:47:19
2777,100,277700,10:47:19
2775,100,277500,10:47:19
2776,200,555200,10:47:18
2777,200,555400,10:47:18
2776,400,1110400,10:47:18
2777,800,2221600,10:47:18
2777,400,1110800,10:47:18
2778,300,833400,10:47:18
2779,200,555800,10:47:18
2780,600,1668000,10:47:18
2781,900,2502900,10:47:18
2781,300,834300,10:47:18
2782,100,278200,10:47:18
2784,300,835200,10:47:17
2783,100,278300,10:47:17
2783,100,278300,10:47:17
2783,200,556600,10:47:16
2783,300,834900,10:47:16
2784,100,278400,10:47:16
2784,900,2505600,10:47:16
2785,600,1671000,10:47:16
2786,100,278600,10:47:16
2786,300,835800,10:47:16
2785,100,278500,10:47:16
2785,300,835500,10:47:16
2784,700,1948800,10:47:11
2784,1000,2784000,10:47:11
2784,100,278400,10:47:08
2783,100,278300,10:47:08
2783,400,1113200,10:47:07
2783,500,1391500,10:47:05
2782,100,278200,10:47:05
2782,100,278200,10:47:03
2782,100,278200,10:47:03
2782,200,556400,10:47:03
2781,500,1390500,10:47:03
2779,100,277900,10:47:03
2779,200,555800,10:47:03
2778,100,277800,10:47:03
2779,200,555800,10:47:03
2779,100,277900,10:47:03
2777,900,2499300,10:47:03
2778,300,833400,10:47:03
2779,700,1945300,10:47:02
2779,400,1111600,10:47:02
2780,100,278000,10:47:02
2781,400,1112400,10:47:02
2779,100,277900,10:47:02
2779,200,555800,10:47:02
2780,1100,3058000,10:47:02
2779,500,1389500,10:47:02
2777,100,277700,10:47:02
2777,100,277700,10:47:02
2779,100,277900,10:47:02
2779,100,277900,10:47:02
2778,1300,3611400,10:47:02
2779,100,277900,10:47:02
2779,100,277900,10:47:02
2778,200,555600,10:47:02
2778,200,555600,10:47:02
2778,100,277800,10:47:02
2778,200,555600,10:47:02
2779,200,555800,10:47:02
2779,200,555800,10:47:02
2780,7600,21128000,10:47:02
2781,2700,7508700,10:47:02
2782,200,556400,10:47:02
2782,100,278200,10:47:01
2782,300,834600,10:46:59
2783,100,278300,10:46:57
2783,300,834900,10:46:57
2782,200,556400,10:46:55
2782,200,556400,10:46:54
2782,100,278200,10:46:54
2782,100,278200,10:46:53
2783,100,278300,10:46:53
2783,300,834900,10:46:52
2781,200,556200,10:46:47
2781,300,834300,10:46:47
2782,100,278200,10:46:47
2782,200,556400,10:46:46
2782,700,1947400,10:46:46
2782,100,278200,10:46:46
2783,1100,3061300,10:46:46
2783,100,278300,10:46:46
2783,100,278300,10:46:46
2783,800,2226400,10:46:46
2783,100,278300,10:46:46
2784,100,278400,10:46:43
2783,100,278300,10:46:40
2783,700,1948100,10:46:36
2784,100,278400,10:46:36
2783,100,278300,10:46:33
2783,100,278300,10:46:32
2785,100,278500,10:46:31
2784,300,835200,10:46:31
2785,200,557000,10:46:30
2785,100,278500,10:46:30
2785,200,557000,10:46:30
2785,100,278500,10:46:30
2785,100,278500,10:46:29
2786,300,835800,10:46:28
2786,200,557200,10:46:28
2785,100,278500,10:46:28
2785,200,557000,10:46:25
2784,100,278400,10:46:23
2785,200,557000,10:46:23
2783,400,1113200,10:46:23
2784,100,278400,10:46:23
2785,100,278500,10:46:23
2784,600,1670400,10:46:22
2785,2100,5848500,10:46:22
2786,1300,3621800,10:46:22
2787,600,1672200,10:46:22
2787,400,1114800,10:46:16
2788,100,278800,10:46:13
2788,100,278800,10:46:13
2786,200,557200,10:46:12
2788,200,557600,10:46:11
2788,200,557600,10:46:11
2789,100,278900,10:46:11
2788,200,557600,10:46:11
2789,300,836700,10:46:10
2788,200,557600,10:46:10
2789,200,557800,10:46:10
2788,100,278800,10:46:10
2787,100,278700,10:46:08
2787,100,278700,10:46:08
2786,2500,6965000,10:46:08
2785,1100,3063500,10:46:08
2783,100,278300,10:46:07
2784,100,278400,10:46:07
2784,400,1113600,10:46:07
2784,400,1113600,10:46:07
2785,600,1671000,10:46:06
2785,100,278500,10:46:06
2786,100,278600,10:46:02
2785,200,557000,10:46:00
2786,100,278600,10:46:00
2787,200,557400,10:46:00
2786,100,278600,10:45:59
2786,200,557200,10:45:58
2785,100,278500,10:45:56
2785,500,1392500,10:45:56
2786,100,278600,10:45:55
2786,200,557200,10:45:54
2786,200,557200,10:45:54
2786,300,835800,10:45:54
2784,100,278400,10:45:54
2784,200,556800,10:45:53
2785,500,1392500,10:45:52
2785,100,278500,10:45:52
2784,200,556800,10:45:51
2784,100,278400,10:45:51
2784,100,278400,10:45:51
2783,1600,4452800,10:45:51
2783,600,1669800,10:45:51
2781,100,278100,10:45:50
2782,900,2503800,10:45:48
2782,200,556400,10:45:48
2780,200,556000,10:45:48
2780,1100,3058000,10:45:47
2781,100,278100,10:45:47
2782,400,1112800,10:45:46
2783,100,278300,10:45:45
2784,500,1392000,10:45:43
2782,100,278200,10:45:43
2783,700,1948100,10:45:42
2780,1200,3336000,10:45:42
2781,400,1112400,10:45:42
2782,300,834600,10:45:42
2782,300,834600,10:45:42
2783,200,556600,10:45:41
2783,400,1113200,10:45:41
2784,200,556800,10:45:41
2784,100,278400,10:45:40
2786,100,278600,10:45:40
2785,500,1392500,10:45:39
2785,1000,2785000,10:45:39
2785,500,1392500,10:45:38
2786,600,1671600,10:45:37
2785,800,2228000,10:45:37
2786,100,278600,10:45:35
2784,400,1113600,10:45:33
2784,100,278400,10:45:33
2786,700,1950200,10:45:31
2785,300,835500,10:45:31
2785,100,278500,10:45:31
2784,100,278400,10:45:30
2784,100,278400,10:45:30
2784,100,278400,10:45:30
2785,100,278500,10:45:29
2784,300,835200,10:45:29
2784,100,278400,10:45:29
2783,3000,8349000,10:45:29
2784,100,278400,10:45:29
2783,100,278300,10:45:27
2783,100,278300,10:45:27
2782,500,1391000,10:45:27
2783,100,278300,10:45:27
2782,100,278200,10:45:26
2783,100,278300,10:45:26
2783,200,556600,10:45:26
2784,300,835200,10:45:26
2783,100,278300,10:45:26
2783,100,278300,10:45:25
2781,1100,3059100,10:45:25
2782,500,1391000,10:45:25
2783,400,1113200,10:45:25
2783,100,278300,10:45:25
2784,500,1392000,10:45:25
2784,100,278400,10:45:25
2784,100,278400,10:45:25
2785,1700,4734500,10:45:25
2785,100,278500,10:45:25
2785,100,278500,10:45:25
2785,100,278500,10:45:25
2785,200,557000,10:45:25
2786,200,557200,10:45:25
2786,100,278600,10:45:24
2787,200,557400,10:45:24
2787,100,278700,10:45:24
2787,100,278700,10:45:24
2786,400,1114400,10:45:24
2786,100,278600,10:45:24
2786,100,278600,10:45:23
2786,1000,2786000,10:45:23
2786,1200,3343200,10:45:22
2787,700,1950900,10:45:22
2788,400,1115200,10:45:22
2788,100,278800,10:45:22
2788,400,1115200,10:45:22
2788,600,1672800,10:45:22
2788,400,1115200,10:45:22
2788,100,278800,10:45:22
2788,100,278800,10:45:22
2788,100,278800,10:45:21
2789,200,557800,10:45:19
2789,100,278900,10:45:19
2789,100,278900,10:45:19
2789,500,1394500,10:45:19
2789,200,557800,10:45:19
2789,100,278900,10:45:18
2790,100,279000,10:45:17
2790,200,558000,10:45:16
2791,100,279100,10:45:16
2790,100,279000,10:45:15
2789,100,278900,10:45:15
2790,100,279000,10:45:14
2789,100,278900,10:45:14
2789,300,836700,10:45:14
2790,300,837000,10:45:13
2790,100,279000,10:45:13
2790,200,558000,10:45:12
2791,300,837300,10:45:12
2791,100,279100,10:45:12
2791,100,279100,10:45:11
2792,100,279200,10:45:11
2791,300,837300,10:45:11
2791,1100,3070100,10:45:11
2791,500,1395500,10:45:11
2792,100,279200,10:45:10
2792,200,558400,10:45:10
2791,100,279100,10:45:09
2790,200,558000,10:45:09
2791,100,279100,10:45:08
2791,100,279100,10:45:08
2791,100,279100,10:45:08
2790,400,1116000,10:45:08
2790,100,279000,10:45:08
2790,100,279000,10:45:08
2790,100,279000,10:45:08
2791,300,837300,10:45:07
2790,100,279000,10:45:07
2791,100,279100,10:45:06
2791,100,279100,10:45:06
2792,100,279200,10:45:06
2792,100,279200,10:45:06
2792,200,558400,10:45:06
2790,1500,4185000,10:45:06
2791,300,837300,10:45:06
2791,100,279100,10:45:06
2792,200,558400,10:45:06
2792,100,279200,10:45:06
2793,100,279300,10:45:06
2792,100,279200,10:45:06
2792,100,279200,10:45:06
2790,800,2232000,10:45:06
2791,700,1953700,10:45:06
2792,300,837600,10:45:06
2792,100,279200,10:45:05
2792,100,279200,10:45:05
2792,200,558400,10:45:05
2792,200,558400,10:45:05
2792,200,558400,10:45:05
2793,100,279300,10:45:05
2794,100,279400,10:45:05
2795,100,279500,10:45:05
2794,100,279400,10:45:04
2795,100,279500,10:45:00
2796,100,279600,10:45:00
2796,300,838800,10:44:59
2796,100,279600,10:44:59
2795,1400,3913000,10:44:59
2796,900,2516400,10:44:59
2797,100,279700,10:44:59
2796,100,279600,10:44:59
2796,100,279600,10:44:58
2797,100,279700,10:44:58
2797,100,279700,10:44:57
2796,200,559200,10:44:57
2796,100,279600,10:44:56
2797,100,279700,10:44:56
2798,300,839400,10:44:55
2798,400,1119200,10:44:54
2797,400,1118800,10:44:53
2799,100,279900,10:44:53
2798,100,279800,10:44:52
2797,200,559400,10:44:51
2798,300,839400,10:44:48
2797,100,279700,10:44:48
2797,100,279700,10:44:48
2797,400,1118800,10:44:48
2797,300,839100,10:44:48
2798,500,1399000,10:44:48
2800,100,280000,10:44:47
2799,200,559800,10:44:47
2799,100,279900,10:44:45
2799,100,279900,10:44:44
2799,100,279900,10:44:44
2798,100,279800,10:44:44
2798,100,279800,10:44:44
2798,100,279800,10:44:44
2798,100,279800,10:44:44
2798,100,279800,10:44:44
2800,2300,6440000,10:44:44
2801,200,560200,10:44:43
2801,100,280100,10:44:41
2800,200,560000,10:44:41
2800,400,1120000,10:44:41
2801,100,280100,10:44:41
2801,100,280100,10:44:34
2802,100,280200,10:44:34
2802,200,560400,10:44:31
2800,100,280000,10:44:30
2800,100,280000,10:44:29
2800,100,280000,10:44:27
2802,100,280200,10:44:24
2801,100,280100,10:44:21
2802,500,1401000,10:44:21
2800,400,1120000,10:44:19
2800,900,2520000,10:44:16
2800,100,280000,10:44:16
2800,200,560000,10:44:16
2800,200,560000,10:44:16
2800,200,560000,10:44:16
2800,400,1120000,10:44:11
2801,100,280100,10:44:11
2802,100,280200,10:44:11
2801,100,280100,10:44:10
2802,100,280200,10:44:10
2802,100,280200,10:44:07
2802,200,560400,10:44:03
2803,200,560600,10:44:03
2803,100,280300,10:44:02
2802,100,280200,10:44:02
2802,500,1401000,10:44:01
2801,100,280100,10:44:00
2801,100,280100,10:43:58
2800,200,560000,10:43:57
2800,200,560000,10:43:56
2801,600,1680600,10:43:56
2801,100,280100,10:43:56
2801,100,280100,10:43:44
2801,900,2520900,10:43:44
2801,200,560200,10:43:44
2802,200,560400,10:43:44
2801,100,280100,10:43:42
2802,100,280200,10:43:42
2803,300,840900,10:43:42
2802,500,1401000,10:43:42
2801,600,1680600,10:43:42
2800,100,280000,10:43:41
2800,100,280000,10:43:41
2800,100,280000,10:43:41
2800,100,280000,10:43:41
2799,100,279900,10:43:41
2800,100,280000,10:43:41
2799,100,279900,10:43:41
2798,400,1119200,10:43:41
2799,400,1119600,10:43:41
2800,400,1120000,10:43:41
2800,100,280000,10:43:37
2801,300,840300,10:43:34
2801,100,280100,10:43:34
2801,100,280100,10:43:34
2801,300,840300,10:43:33
2801,400,1120400,10:43:33
2801,200,560200,10:43:31
2801,100,280100,10:43:30
2801,200,560200,10:43:30
2801,100,280100,10:43:29
2802,100,280200,10:43:29
2802,100,280200,10:43:29
2802,100,280200,10:43:29
2800,100,280000,10:43:29
2800,100,280000,10:43:29
2800,100,280000,10:43:29
2802,800,2241600,10:43:29
2800,100,280000,10:43:29
2800,300,840000,10:43:29
2799,300,839700,10:43:29
2800,100,280000,10:43:29
2799,100,279900,10:43:29
2799,300,839700,10:43:29
2800,2700,7560000,10:43:29
2800,100,280000,10:43:29
2800,4900,13720000,10:43:29
2800,200,560000,10:43:28
2800,200,560000,10:43:28
2800,100,280000,10:43:28
2800,200,560000,10:43:28
2800,1100,3080000,10:43:28
2800,1000,2800000,10:43:28
2800,2800,7840000,10:43:28
2800,100,280000,10:43:28
2801,1400,3921400,10:43:28
2801,300,840300,10:43:27
2802,1000,2802000,10:43:27
2803,600,1681800,10:43:25
2802,100,280200,10:43:23
2802,200,560400,10:43:23
2801,100,280100,10:43:19
2802,100,280200,10:43:17
2803,100,280300,10:43:17
2803,100,280300,10:43:17
2803,300,840900,10:43:17
2803,300,840900,10:43:17
2802,100,280200,10:43:15
2802,400,1120800,10:43:15
2801,500,1400500,10:43:14
2801,500,1400500,10:43:14
2802,100,280200,10:43:14
2802,1800,5043600,10:43:14
2803,200,560600,10:43:14
2804,100,280400,10:43:13
2804,300,841200,10:43:11
2803,200,560600,10:43:11
2804,300,841200,10:43:11
2804,300,841200,10:43:10
2803,200,560600,10:43:10
2802,300,840600,10:43:10
2803,100,280300,10:43:10
2803,100,280300,10:43:08
2802,300,840600,10:43:08
2804,400,1121600,10:43:07
2803,100,280300,10:43:06
2805,200,561000,10:43:06
2804,100,280400,10:43:06
2804,100,280400,10:43:06
2804,400,1121600,10:43:06
2804,100,280400,10:43:03
2803,700,1962100,10:43:02
2804,600,1682400,10:43:02
2805,900,2524500,10:43:02
2805,200,561000,10:43:02
2805,1000,2805000,10:43:02
2805,100,280500,10:43:02
2805,100,280500,10:43:01
2805,100,280500,10:43:01
2806,100,280600,10:43:00
2806,600,1683600,10:43:00
2806,300,841800,10:43:00
2808,100,280800,10:43:00
2807,400,1122800,10:43:00
2807,900,2526300,10:42:58
2808,900,2527200,10:42:57
2808,100,280800,10:42:57
2808,100,280800,10:42:57
2809,1600,4494400,10:42:57
2809,100,280900,10:42:57
2810,200,562000,10:42:55
2810,100,281000,10:42:52
2809,100,280900,10:42:48
2809,100,280900,10:42:47
2810,100,281000,10:42:46
2809,100,280900,10:42:38
2809,100,280900,10:42:38
2809,100,280900,10:42:38
2809,400,1123600,10:42:38
2809,100,280900,10:42:36
2809,200,561800,10:42:36
2809,100,280900,10:42:36
2809,100,280900,10:42:36
2809,200,561800,10:42:35
2808,200,561600,10:42:34
2808,600,1684800,10:42:33
2808,100,280800,10:42:33
2809,100,280900,10:42:31
2812,2100,5905200,10:42:30
2812,400,1124800,10:42:30
2811,400,1124400,10:42:30
2810,200,562000,10:42:30
2811,300,843300,10:42:28
2812,500,1406000,10:42:26
2811,400,1124400,10:42:25
2810,100,281000,10:42:24
2810,100,281000,10:42:24
2810,100,281000,10:42:24
2810,100,281000,10:42:22
2809,300,842700,10:42:22
2808,100,280800,10:42:19
2808,100,280800,10:42:19
2809,500,1404500,10:42:17
2810,100,281000,10:42:16
2810,200,562000,10:42:16
2808,100,280800,10:42:14
2806,100,280600,10:42:14
2807,700,1964900,10:42:14
2808,200,561600,10:42:14
2808,100,280800,10:42:08
2809,100,280900,10:42:07
2809,100,280900,10:42:07
2809,200,561800,10:42:07
2809,100,280900,10:42:06
2808,100,280800,10:42:06
2809,100,280900,10:42:05
2809,500,1404500,10:42:04
2807,100,280700,10:42:02
2808,200,561600,10:42:02
2809,500,1404500,10:42:02
2809,100,280900,10:42:02
2809,100,280900,10:42:02
2809,100,280900,10:42:02
2809,200,561800,10:41:59
2811,200,562200,10:41:58
2809,100,280900,10:41:57
2810,100,281000,10:41:57
2810,200,562000,10:41:56
2810,200,562000,10:41:55
2810,400,1124000,10:41:53
2810,100,281000,10:41:53
2809,200,561800,10:41:50
2808,1300,3650400,10:41:50
2809,300,842700,10:41:50
2810,100,281000,10:41:50
2809,1800,5056200,10:41:50
2808,100,280800,10:41:50
2808,100,280800,10:41:50
2808,100,280800,10:41:50
2807,300,842100,10:41:50
2808,100,280800,10:41:49
2809,100,280900,10:41:46
2810,200,562000,10:41:45
2809,100,280900,10:41:42
2809,400,1123600,10:41:41
2810,200,562000,10:41:41
2810,100,281000,10:41:40
2809,100,280900,10:41:38
2810,300,843000,10:41:36
2809,100,280900,10:41:35
2809,300,842700,10:41:35
2808,300,842400,10:41:33
2809,300,842700,10:41:33
2808,100,280800,10:41:32
2809,500,1404500,10:41:31
2809,100,280900,10:41:28
2807,1200,3368400,10:41:28
2808,1100,3088800,10:41:28
2809,200,561800,10:41:28
2809,100,280900,10:41:28
2810,100,281000,10:41:28
2810,100,281000,10:41:28
2810,100,281000,10:41:28
2810,100,281000,10:41:27
2811,300,843300,10:41:27
2810,500,1405000,10:41:27
2809,100,280900,10:41:27
2810,300,843000,10:41:26
2809,100,280900,10:41:24
2808,100,280800,10:41:24
2809,200,561800,10:41:24
2809,300,842700,10:41:22
2807,100,280700,10:41:22
2808,100,280800,10:41:22
2807,300,842100,10:41:22
2808,400,1123200,10:41:22
2808,100,280800,10:41:18
2807,100,280700,10:41:18
2808,200,561600,10:41:18
2808,300,842400,10:41:18
2809,500,1404500,10:41:17
2810,400,1124000,10:41:17
2808,100,280800,10:41:17
2808,100,280800,10:41:17
2808,100,280800,10:41:16
2808,100,280800,10:41:16
2808,100,280800,10:41:16
2808,100,280800,10:41:14
2809,100,280900,10:41:13
2809,100,280900,10:41:12
2810,100,281000,10:41:10
2810,300,843000,10:41:10
2812,100,281200,10:41:10
2811,100,281100,10:41:10
2812,100,281200,10:41:09
2811,300,843300,10:41:09
2811,200,562200,10:41:05
2810,200,562000,10:41:03
2810,300,843000,10:41:03
2809,400,1123600,10:41:03
2808,400,1123200,10:41:03
2808,100,280800,10:41:03
2808,400,1123200,10:41:02
2808,100,280800,10:41:02
2808,100,280800,10:41:02
2809,200,561800,10:41:02
2809,100,280900,10:41:02
2810,1200,3372000,10:41:02
2810,100,281000,10:41:02
2810,200,562000,10:41:02
2810,100,281000,10:41:02
2810,100,281000,10:41:02
2810,100,281000,10:41:02
2810,700,1967000,10:41:02
2810,200,562000,10:41:02
2810,100,281000,10:41:02
2811,100,281100,10:41:01
2811,400,1124400,10:41:01
2811,400,1124400,10:41:01
2811,100,281100,10:41:01
2811,500,1405500,10:41:00
2811,100,281100,10:40:59
2812,200,562400,10:40:59
2812,500,1406000,10:40:59
2813,100,281300,10:40:58
2812,900,2530800,10:40:58
2813,700,1969100,10:40:58
2814,200,562800,10:40:58
2815,100,281500,10:40:58
2815,300,844500,10:40:58
2815,300,844500,10:40:58
2815,100,281500,10:40:58
2815,300,844500,10:40:58
2815,300,844500,10:40:58
2816,400,1126400,10:40:58
2816,100,281600,10:40:58
2817,1500,4225500,10:40:58
2818,900,2536200,10:40:58
2818,100,281800,10:40:56
2818,100,281800,10:40:55
2820,200,564000,10:40:55
2819,100,281900,10:40:55
2820,100,282000,10:40:48
2820,100,282000,10:40:48
2820,100,282000,10:40:48
2820,300,846000,10:40:48
2820,100,282000,10:40:47
2820,600,1692000,10:40:47
2821,100,282100,10:40:46
2821,100,282100,10:40:45
2821,100,282100,10:40:44
2822,100,282200,10:40:44
2822,500,1411000,10:40:44
2821,100,282100,10:40:44
2821,400,1128400,10:40:43
2821,100,282100,10:40:40
2820,300,846000,10:40:40
2821,700,1974700,10:40:39
2821,100,282100,10:40:39
2821,100,282100,10:40:39
2822,100,282200,10:40:35
2823,600,1693800,10:40:34
2823,100,282300,10:40:33
2824,200,564800,10:40:33
2824,100,282400,10:40:33
2825,800,2260000,10:40:33
2827,400,1130800,10:40:32
2827,1000,2827000,10:40:32
2827,600,1696200,10:40:32
2826,100,282600,10:40:31
2827,100,282700,10:40:31
2827,400,1130800,10:40:31
2825,100,282500,10:40:30
2826,100,282600,10:40:30
2826,100,282600,10:40:30
2827,100,282700,10:40:30
2826,300,847800,10:40:30
2827,400,1130800,10:40:30
2828,200,565600,10:40:30
2829,100,282900,10:40:30
2830,800,2264000,10:40:30
2829,400,1131600,10:40:30
2828,600,1696800,10:40:30
2827,200,565400,10:40:28
2826,100,282600,10:40:28
2827,100,282700,10:40:28
2826,200,565200,10:40:28
2826,100,282600,10:40:27
2827,200,565400,10:40:27
2827,100,282700,10:40:27
2826,100,282600,10:40:27
2826,200,565200,10:40:26
2826,500,1413000,10:40:26
2824,200,564800,10:40:25
2825,200,565000,10:40:23
2825,500,1412500,10:40:22
2824,100,282400,10:40:22
2825,200,565000,10:40:21
2824,100,282400,10:40:21
2824,100,282400,10:40:16
2823,100,282300,10:40:16
2824,100,282400,10:40:16
2825,300,847500,10:40:16
2824,400,1129600,10:40:16
2823,100,282300,10:40:16
2823,100,282300,10:40:15
2823,300,846900,10:40:13
2823,100,282300,10:40:13
2823,200,564600,10:40:13
2822,100,282200,10:40:13
2821,500,1410500,10:40:13
2820,100,282000,10:40:13
2820,100,282000,10:40:13
2819,400,1127600,10:40:13
2818,100,281800,10:40:13
2818,100,281800,10:40:11
2818,100,281800,10:40:10
2818,100,281800,10:40:10
2818,200,563600,10:40:10
2818,200,563600,10:40:10
2818,300,845400,10:40:09
2818,100,281800,10:40:09
2818,100,281800,10:40:09
2817,800,2253600,10:40:07
2818,200,563600,10:40:07
2818,100,281800,10:40:04
2819,100,281900,10:40:03
2818,100,281800,10:40:03
2818,100,281800,10:40:03
2818,100,281800,10:40:03
2818,100,281800,10:40:03
2818,100,281800,10:40:00
2818,500,1409000,10:39:56
2818,300,845400,10:39:56
2820,100,282000,10:39:56
2821,100,282100,10:39:51
2822,100,282200,10:39:51
2821,200,564200,10:39:51
2820,900,2538000,10:39:50
2819,400,1127600,10:39:50
2818,100,281800,10:39:50
2818,100,281800,10:39:48
2819,200,563800,10:39:47
2818,100,281800,10:39:43
2818,100,281800,10:39:43
2819,100,281900,10:39:42
2818,100,281800,10:39:41
2819,100,281900,10:39:38
2819,300,845700,10:39:37
2819,100,281900,10:39:37
2818,800,2254400,10:39:33
2819,200,563800,10:39:33
2819,300,845700,10:39:32
2819,100,281900,10:39:32
2818,100,281800,10:39:30
2818,100,281800,10:39:24
2816,300,844800,10:39:24
2817,100,281700,10:39:24
2817,100,281700,10:39:24
2817,200,563400,10:39:23
2816,200,563200,10:39:17
2816,600,1689600,10:39:13
2816,100,281600,10:39:13
2817,100,281700,10:39:05
2817,100,281700,10:39:04
2817,100,281700,10:39:04
2817,100,281700,10:39:03
2817,500,1408500,10:39:03
2816,100,281600,10:39:03
2817,100,281700,10:38:56
2817,100,281700,10:38:56
2817,200,563400,10:38:52
2817,200,563400,10:38:50
2817,100,281700,10:38:50
2817,600,1690200,10:38:50
2818,100,281800,10:38:50
2819,900,2537100,10:38:43
2820,200,564000,10:38:40
2818,500,1409000,10:38:39
2819,100,281900,10:38:39
2818,200,563600,10:38:39
2818,100,281800,10:38:38
2817,100,281700,10:38:37
2817,100,281700,10:38:37
2817,200,563400,10:38:35
2817,100,281700,10:38:35
2817,100,281700,10:38:35
2817,100,281700,10:38:35
2817,100,281700,10:38:35
2818,200,563600,10:38:34
2819,1200,3382800,10:38:34
2819,1000,2819000,10:38:34
2819,300,845700,10:38:31
2821,200,564200,10:38:26
2820,300,846000,10:38:26
2819,100,281900,10:38:24
2819,100,281900,10:38:24
2819,300,845700,10:38:17
2820,100,282000,10:38:16
2820,300,846000,10:38:14
2820,200,564000,10:38:13
2819,100,281900,10:38:11
2821,100,282100,10:38:10
2820,200,564000,10:38:10
2820,400,1128000,10:38:09
2819,400,1127600,10:38:09
2819,300,845700,10:38:09
2818,100,281800,10:38:08
2816,100,281600,10:38:07
2817,300,845100,10:38:06
2816,900,2534400,10:38:06
2814,100,281400,10:38:06
2815,100,281500,10:38:04
2816,1000,2816000,10:38:03
2815,400,1126000,10:38:03
2815,100,281500,10:38:03
2814,100,281400,10:38:03
2814,200,562800,10:38:03
2815,100,281500,10:38:00
2815,200,563000,10:38:00
2814,100,281400,10:38:00
2814,100,281400,10:38:00
2814,200,562800,10:37:56
2813,200,562600,10:37:56
2813,200,562600,10:37:56
2814,100,281400,10:37:56
2815,100,281500,10:37:56
2815,100,281500,10:37:54
2815,300,844500,10:37:53
2815,100,281500,10:37:50
2816,100,281600,10:37:50
2817,100,281700,10:37:49
2817,300,845100,10:37:45
2818,200,563600,10:37:43
2818,200,563600,10:37:40
2818,1000,2818000,10:37:39
2818,300,845400,10:37:35
2818,100,281800,10:37:33
2818,400,1127200,10:37:33
2818,100,281800,10:37:31
2818,200,563600,10:37:30
2817,400,1126800,10:37:28
2816,100,281600,10:37:25
2815,100,281500,10:37:25
2814,100,281400,10:37:25
2815,200,563000,10:37:25
2814,700,1969800,10:37:25
2813,100,281300,10:37:25
2811,500,1405500,10:37:24
2812,100,281200,10:37:24
2812,400,1124800,10:37:24
2813,300,843900,10:37:24
2814,100,281400,10:37:23
2815,200,563000,10:37:22
2815,400,1126000,10:37:22
2816,100,281600,10:37:21
2817,400,1126800,10:37:17
2817,100,281700,10:37:17
2818,100,281800,10:37:14
2818,300,845400,10:37:14
2818,100,281800,10:37:14
2816,200,563200,10:37:12
2815,100,281500,10:37:12
2815,100,281500,10:37:12
2817,100,281700,10:37:12
2816,100,281600,10:37:12
2817,100,281700,10:37:10
2816,100,281600,10:37:10
2816,100,281600,10:37:10
2816,100,281600,10:37:10
2816,700,1971200,10:37:10
2816,100,281600,10:37:10
2817,2200,6197400,10:37:10
2818,100,281800,10:37:10
2818,100,281800,10:37:10
2818,100,281800,10:37:08
2819,100,281900,10:37:07
2819,100,281900,10:37:05
2820,100,282000,10:37:04
2820,100,282000,10:37:03
2820,100,282000,10:37:02
2820,100,282000,10:37:00
2819,1500,4228500,10:37:00
2820,200,564000,10:36:55
2820,500,1410000,10:36:54
2819,100,281900,10:36:51
2819,200,563800,10:36:47
2819,100,281900,10:36:47
2818,200,563600,10:36:46
2818,100,281800,10:36:45
2819,100,281900,10:36:44
2819,100,281900,10:36:43
2820,400,1128000,10:36:39
2819,400,1127600,10:36:39
2818,200,563600,10:36:35
2818,300,845400,10:36:34
2820,200,564000,10:36:31
2821,200,564200,10:36:30
2820,100,282000,10:36:28
2819,100,281900,10:36:28
2822,100,282200,10:36:25
2822,100,282200,10:36:25
2821,500,1410500,10:36:24
2820,300,846000,10:36:24
2819,200,563800,10:36:24
2820,400,1128000,10:36:21
2820,100,282000,10:36:21
2820,2000,5640000,10:36:21
2818,100,281800,10:36:13
2818,100,281800,10:36:13
2818,200,563600,10:36:12
2817,100,281700,10:36:10
2818,100,281800,10:36:10
2818,200,563600,10:36:10
2820,100,282000,10:36:10
2818,100,281800,10:36:10
2819,100,281900,10:36:09
2819,300,845700,10:36:07
2818,100,281800,10:36:04
2818,500,1409000,10:36:04
2818,100,281800,10:36:04
2817,100,281700,10:36:03
2817,200,563400,10:36:03
2816,300,844800,10:36:01
2818,300,845400,10:35:58
2816,200,563200,10:35:57
2818,300,845400,10:35:56
2818,100,281800,10:35:54
2817,100,281700,10:35:54
2817,100,281700,10:35:54
2818,700,1972600,10:35:54
2817,800,2253600,10:35:54
2816,500,1408000,10:35:54
2816,400,1126400,10:35:54
2814,300,844200,10:35:53
2815,100,281500,10:35:53
2816,100,281600,10:35:52
2816,200,563200,10:35:51
2815,300,844500,10:35:46
2812,700,1968400,10:35:46
2813,700,1969100,10:35:46
2814,200,562800,10:35:46
2815,500,1407500,10:35:46
2816,100,281600,10:35:46
2816,100,281600,10:35:46
2816,100,281600,10:35:46
2814,100,281400,10:35:45
2815,100,281500,10:35:45
2813,600,1687800,10:35:45
2814,300,844200,10:35:45
2815,100,281500,10:35:45
2816,100,281600,10:35:45
2814,300,844200,10:35:45
2815,100,281500,10:35:45
2815,100,281500,10:35:44
2815,100,281500,10:35:44
2813,1400,3938200,10:35:44
2814,1500,4221000,10:35:44
2815,1300,3659500,10:35:44
2816,800,2252800,10:35:44
2817,200,563400,10:35:44
2816,300,844800,10:35:44
2815,1100,3096500,10:35:44
2816,200,563200,10:35:43
2817,100,281700,10:35:42
2815,600,1689000,10:35:42
2816,100,281600,10:35:42
2817,100,281700,10:35:40
2816,100,281600,10:35:40
2815,400,1126000,10:35:39
2816,200,563200,10:35:36
2818,200,563600,10:35:32
2817,100,281700,10:35:31
2817,400,1126800,10:35:29
2814,1000,2814000,10:35:29
2815,1500,4222500,10:35:29
2816,600,1689600,10:35:29
2818,100,281800,10:35:29
2817,100,281700,10:35:29
2816,600,1689600,10:35:29
2817,400,1126800,10:35:28
2817,200,563400,10:35:28
2817,100,281700,10:35:25
2818,1100,3099800,10:35:25
2817,700,1971900,10:35:25
2817,100,281700,10:35:24
2818,100,281800,10:35:24
2818,100,281800,10:35:24
2818,300,845400,10:35:24
2817,200,563400,10:35:23
2818,100,281800,10:35:23
2818,100,281800,10:35:23
2817,200,563400,10:35:20
2815,200,563000,10:35:19
2816,100,281600,10:35:19
2816,100,281600,10:35:19
2816,200,563200,10:35:18
2816,100,281600,10:35:18
2816,200,563200,10:35:17
2815,300,844500,10:35:17
2816,100,281600,10:35:17
2816,200,563200,10:35:16
2815,100,281500,10:35:16
2817,100,281700,10:35:16
2817,100,281700,10:35:16
2818,100,281800,10:35:16
2817,100,281700,10:35:16
2818,400,1127200,10:35:16
2815,300,844500,10:35:16
2817,100,281700,10:35:16
2816,200,563200,10:35:16
2816,100,281600,10:35:16
2816,100,281600,10:35:16
2817,100,281700,10:35:16
2818,100,281800,10:35:16
2818,600,1690800,10:35:16
2819,100,281900,10:35:16
2819,100,281900,10:35:16
2819,200,563800,10:35:16
2820,300,846000,10:35:16
2820,900,2538000,10:35:16
2821,200,564200,10:35:16
2821,400,1128400,10:35:14
2822,100,282200,10:35:13
2824,400,1129600,10:35:12
2823,600,1693800,10:35:12
2822,100,282200,10:35:11
2821,100,282100,10:35:09
2822,100,282200,10:35:09
2821,300,846300,10:35:08
2821,100,282100,10:35:08
2821,100,282100,10:35:08
2822,500,1411000,10:35:07
2823,300,846900,10:35:07
2825,100,282500,10:35:04
2823,600,1693800,10:35:04
2824,500,1412000,10:35:04
2824,100,282400,10:35:02
2824,100,282400,10:35:01
2825,1100,3107500,10:34:57
2826,100,282600,10:34:51
2826,200,565200,10:34:51
2825,100,282500,10:34:50
2826,100,282600,10:34:47
2829,100,282900,10:34:46
2829,500,1414500,10:34:45
2827,300,848100,10:34:43
2828,100,282800,10:34:42
2830,100,283000,10:34:39
2830,200,566000,10:34:39
2829,100,282900,10:34:38
2831,1300,3680300,10:34:38
2830,700,1981000,10:34:38
2829,400,1131600,10:34:38
2828,300,848400,10:34:38
2828,200,565600,10:34:38
2827,100,282700,10:34:38
2825,700,1977500,10:34:35
2826,300,847800,10:34:35
2825,500,1412500,10:34:35
2826,900,2543400,10:34:35
2827,400,1130800,10:34:35
2827,100,282700,10:34:34
2824,200,564800,10:34:33
2825,800,2260000,10:34:33
2825,400,1130000,10:34:33
2823,500,1411500,10:34:33
2824,500,1412000,10:34:33
2824,100,282400,10:34:32
2825,1100,3107500,10:34:32
2825,100,282500,10:34:32
2826,1100,3108600,10:34:31
2826,300,847800,10:34:31
2827,100,282700,10:34:28
2827,200,565400,10:34:22
2828,100,282800,10:34:17
2827,100,282700,10:34:16
2828,100,282800,10:34:14
2828,300,848400,10:34:14
2827,500,1413500,10:34:14
2827,100,282700,10:34:12
2827,100,282700,10:34:12
2827,100,282700,10:34:12
2828,100,282800,10:34:11
2830,300,849000,10:34:08
2831,700,1981700,10:34:07
2830,300,849000,10:34:07
2828,500,1414000,10:34:07
2829,300,848700,10:34:06
2828,200,565600,10:34:04
2827,100,282700,10:34:03
2828,100,282800,10:34:01
2827,300,848100,10:34:00
2827,400,1130800,10:33:55
2826,100,282600,10:33:55
2826,100,282600,10:33:55
2827,200,565400,10:33:55
2827,500,1413500,10:33:52
2827,100,282700,10:33:51
2828,100,282800,10:33:51
2828,400,1131200,10:33:51
2827,200,565400,10:33:51
2826,100,282600,10:33:51
2825,100,282500,10:33:50
2826,100,282600,10:33:50
2826,100,282600,10:33:50
2826,100,282600,10:33:48
2827,200,565400,10:33:48
2827,100,282700,10:33:48
2827,700,1978900,10:33:48
2827,1000,2827000,10:33:48
2828,200,565600,10:33:48
2828,100,282800,10:33:48
2829,100,282900,10:33:47
2829,100,282900,10:33:47
2830,300,849000,10:33:47
2830,100,283000,10:33:47
2830,100,283000,10:33:47
2830,100,283000,10:33:47
2832,100,283200,10:33:46
2831,200,566200,10:33:45
2831,300,849300,10:33:45
2833,200,566600,10:33:44
2832,600,1699200,10:33:43
2833,100,283300,10:33:42
2835,100,283500,10:33:38
2834,100,283400,10:33:38
2833,300,849900,10:33:38
2833,100,283300,10:33:37
2833,200,566600,10:33:37
2834,100,283400,10:33:37
2835,100,283500,10:33:37
2835,200,567000,10:33:36
2835,400,1134000,10:33:36
2835,400,1134000,10:33:36
2836,400,1134400,10:33:36
2837,100,283700,10:33:34
2837,100,283700,10:33:34
2837,200,567400,10:33:27
2837,300,851100,10:33:27
2836,100,283600,10:33:27
2838,100,283800,10:33:25
2836,100,283600,10:33:24
2838,300,851400,10:33:23
2839,500,1419500,10:33:22
2837,200,567400,10:33:21
2838,100,283800,10:33:21
2838,100,283800,10:33:21
2837,300,851100,10:33:21
2835,200,567000,10:33:20
2837,100,283700,10:33:20
2836,200,567200,10:33:20
2836,100,283600,10:33:19
2836,100,283600,10:33:19
2836,100,283600,10:33:12
2836,300,850800,10:33:12
2836,200,567200,10:33:08
2838,100,283800,10:33:06
2839,300,851700,10:33:04
2838,200,567600,10:33:03
2835,100,283500,10:33:01
2836,200,567200,10:33:01
2837,100,283700,10:33:00
2837,100,283700,10:33:00
2835,400,1134000,10:33:00
2836,1900,5388400,10:33:00
2837,600,1702200,10:33:00
2837,100,283700,10:32:52
2837,400,1134800,10:32:51
2836,400,1134400,10:32:49
2836,100,283600,10:32:49
2836,200,567200,10:32:48
2836,100,283600,10:32:47
2838,200,567600,10:32:46
2838,100,283800,10:32:46
2840,100,284000,10:32:44
2837,200,567400,10:32:44
2835,100,283500,10:32:44
2836,100,283600,10:32:44
2836,100,283600,10:32:44
2834,800,2267200,10:32:44
2835,400,1134000,10:32:44
2836,300,850800,10:32:44
2837,100,283700,10:32:44
2837,300,851100,10:32:44
2838,1000,2838000,10:32:44
2839,1900,5394100,10:32:44
2840,400,1136000,10:32:44
2840,1000,2840000,10:32:44
2841,100,284100,10:32:39
2842,400,1136800,10:32:35
2841,100,284100,10:32:34
2840,100,284000,10:32:34
2840,700,1988000,10:32:33
2841,200,568200,10:32:33
2842,100,284200,10:32:32
2842,300,852600,10:32:32
2842,100,284200,10:32:32
2842,100,284200,10:32:31
2841,100,284100,10:32:31
2842,100,284200,10:32:28
2840,100,284000,10:32:27
2841,200,568200,10:32:27
2842,100,284200,10:32:25
2840,100,284000,10:32:24
2840,100,284000,10:32:24
2840,100,284000,10:32:24
2841,1500,4261500,10:32:24
2841,300,852300,10:32:22
2842,100,284200,10:32:21
2843,100,284300,10:32:21
2842,100,284200,10:32:21
2843,400,1137200,10:32:20
2843,100,284300,10:32:20
2843,100,284300,10:32:20
2842,200,568400,10:32:20
2843,600,1705800,10:32:20
2843,100,284300,10:32:19
2843,200,568600,10:32:19
2844,100,284400,10:32:19
2844,100,284400,10:32:19
2843,100,284300,10:32:19
2843,100,284300,10:32:19
2843,100,284300,10:32:17
2842,100,284200,10:32:17
2841,200,568200,10:32:16
2839,100,283900,10:32:16
2841,400,1136400,10:32:16
2842,200,568400,10:32:15
2841,200,568200,10:32:15
2841,100,284100,10:32:15
2841,100,284100,10:32:15
2840,200,568000,10:32:14
2840,800,2272000,10:32:14
2840,100,284000,10:32:14
2840,100,284000,10:32:14
2840,100,284000,10:32:14
2839,100,283900,10:32:11
2837,400,1134800,10:32:10
2837,100,283700,10:32:06
2838,500,1419000,10:32:03
2836,100,283600,10:32:02
2835,200,567000,10:32:02
2836,300,850800,10:32:02
2837,200,567400,10:32:02
2838,100,283800,10:32:01
2838,100,283800,10:32:00
2838,200,567600,10:32:00
2837,100,283700,10:32:00
2838,100,283800,10:32:00
2838,200,567600,10:32:00
2838,100,283800,10:32:00
2840,100,284000,10:32:00
2839,400,1135600,10:32:00
2838,100,283800,10:32:00
2838,100,283800,10:32:00
2838,100,283800,10:32:00
2838,100,283800,10:32:00
2838,500,1419000,10:32:00
2838,100,283800,10:31:59
2837,100,283700,10:31:56
2837,100,283700,10:31:55
2836,300,850800,10:31:54
2835,100,283500,10:31:54
2835,200,567000,10:31:51
2835,100,283500,10:31:51
2834,100,283400,10:31:47
2834,200,566800,10:31:46
2835,400,1134000,10:31:46
2834,600,1700400,10:31:46
2833,600,1699800,10:31:46
2832,100,283200,10:31:45
2834,700,1983800,10:31:45
2833,100,283300,10:31:45
2832,200,566400,10:31:42
2833,200,566600,10:31:41
2834,100,283400,10:31:37
2832,100,283200,10:31:37
2833,100,283300,10:31:37
2833,100,283300,10:31:34
2833,100,283300,10:31:34
2832,100,283200,10:31:34
2832,200,566400,10:31:34
2830,100,283000,10:31:31
2832,100,283200,10:31:29
2832,700,1982400,10:31:28
2832,200,566400,10:31:27
2832,300,849600,10:31:27
2833,100,283300,10:31:27
2832,100,283200,10:31:26
2832,200,566400,10:31:25
2831,500,1415500,10:31:24
2831,200,566200,10:31:24
2832,500,1416000,10:31:24
2831,500,1415500,10:31:24
2831,600,1698600,10:31:23
2832,200,566400,10:31:23
2832,100,283200,10:31:22
2833,400,1133200,10:31:22
2833,200,566600,10:31:20
2832,100,283200,10:31:18
2831,100,283100,10:31:18
2831,100,283100,10:31:18
2831,700,1981700,10:31:18
2832,1100,3115200,10:31:18
2832,100,283200,10:31:17
2833,400,1133200,10:31:17
2832,100,283200,10:31:17
2832,700,1982400,10:31:17
2832,500,1416000,10:31:17
2832,300,849600,10:31:15
2832,100,283200,10:31:11
2832,200,566400,10:31:10
2832,100,283200,10:31:10
2831,100,283100,10:31:10
2831,100,283100,10:31:10
2831,100,283100,10:31:10
2831,100,283100,10:31:08
2830,100,283000,10:31:08
2830,400,1132000,10:31:08
2830,700,1981000,10:31:08
2830,700,1981000,10:31:08
2830,700,1981000,10:31:08
2829,100,282900,10:31:04
2830,100,283000,10:31:04
2829,100,282900,10:31:00
2829,400,1131600,10:31:00
2828,200,565600,10:30:58
2828,400,1131200,10:30:58
2828,100,282800,10:30:55
2828,200,565600,10:30:53
2824,400,1129600,10:30:51
2825,1300,3672500,10:30:51
2826,300,847800,10:30:51
2826,100,282600,10:30:51
2828,200,565600,10:30:51
2827,900,2544300,10:30:49
2828,100,282800,10:30:49
2827,300,848100,10:30:48
2828,400,1131200,10:30:48
2829,100,282900,10:30:48
2828,800,2262400,10:30:48
2829,600,1697400,10:30:47
2829,100,282900,10:30:47
2828,200,565600,10:30:46
2828,700,1979600,10:30:46
2827,2700,7632900,10:30:46
2826,200,565200,10:30:46
2825,800,2260000,10:30:46
2823,100,282300,10:30:46
2825,100,282500,10:30:46
2824,100,282400,10:30:45
2825,100,282500,10:30:44
2825,300,847500,10:30:44
2825,100,282500,10:30:43
2824,1400,3953600,10:30:43
2825,500,1412500,10:30:43
2825,100,282500,10:30:43
2825,500,1412500,10:30:42
2825,100,282500,10:30:41
2826,400,1130400,10:30:40
2826,100,282600,10:30:39
2826,100,282600,10:30:39
2825,100,282500,10:30:38
2825,200,565000,10:30:38
2826,300,847800,10:30:38
2826,100,282600,10:30:38
2827,100,282700,10:30:38
2826,100,282600,10:30:37
2826,100,282600,10:30:37
2826,100,282600,10:30:37
2825,100,282500,10:30:37
2826,100,282600,10:30:36
2827,100,282700,10:30:36
2827,200,565400,10:30:36
2827,500,1413500,10:30:36
2828,100,282800,10:30:36
2828,100,282800,10:30:36
2828,600,1696800,10:30:36
2827,400,1130800,10:30:36
2826,1100,3108600,10:30:36
2825,6100,17232500,10:30:36
2825,1800,5085000,10:30:36
2824,700,1976800,10:30:36
2822,200,564400,10:30:36
2823,300,846900,10:30:36
2823,500,1411500,10:30:35
2822,100,282200,10:30:35
2822,300,846600,10:30:35
2822,300,846600,10:30:35
2823,100,282300,10:30:35
2823,100,282300,10:30:35
2823,100,282300,10:30:35
2825,400,1130000,10:30:34
2826,200,565200,10:30:32
2826,300,847800,10:30:32
2826,100,282600,10:30:32
2826,100,282600,10:30:32
2828,300,848400,10:30:32
2827,100,282700,10:30:31
2826,200,565200,10:30:29
2827,200,565400,10:30:29
2827,100,282700,10:30:29
2827,800,2261600,10:30:29
2827,800,2261600,10:30:29
2826,100,282600,10:30:29
2825,300,847500,10:30:29
2826,100,282600,10:30:29
2824,100,282400,10:30:29
2825,200,565000,10:30:29
2825,100,282500,10:30:29
2824,100,282400,10:30:29
2823,900,2540700,10:30:28
2824,800,2259200,10:30:28
2825,100,282500,10:30:28
2825,100,282500,10:30:28
2826,200,565200,10:30:28
2826,100,282600,10:30:28
2827,100,282700,10:30:28
2825,100,282500,10:30:26
2826,100,282600,10:30:26
2827,200,565400,10:30:25
2826,200,565200,10:30:23
2827,300,848100,10:30:22
2829,100,282900,10:30:20
2828,400,1131200,10:30:18
2828,100,282800,10:30:16
2828,500,1414000,10:30:16
2826,100,282600,10:30:16
2827,100,282700,10:30:16
2825,300,847500,10:30:16
2826,600,1695600,10:30:16
2826,100,282600,10:30:15
2827,100,282700,10:30:15
2827,100,282700,10:30:15
2825,400,1130000,10:30:15
2826,300,847800,10:30:15
2826,100,282600,10:30:14
2827,100,282700,10:30:14
2826,700,1978200,10:30:14
2826,100,282600,10:30:14
2827,200,565400,10:30:10
2827,300,848100,10:30:09
2828,100,282800,10:30:09
2828,100,282800,10:30:08
2830,200,566000,10:30:06
2830,200,566000,10:30:06
2830,500,1415000,10:30:06
2830,100,283000,10:30:05
2831,200,566200,10:30:05
2831,200,566200,10:30:04
2831,500,1415500,10:30:04
2831,300,849300,10:30:04
2831,500,1415500,10:30:04
2831,100,283100,10:30:04
2830,300,849000,10:30:04
2831,100,283100,10:30:01
2831,400,1132400,10:30:01
2832,200,566400,10:30:01
2832,200,566400,10:29:59
2831,700,1981700,10:29:57
2831,100,283100,10:29:57
2830,100,283000,10:29:57
2831,100,283100,10:29:56
2830,100,283000,10:29:55
2830,100,283000,10:29:54
2828,100,282800,10:29:54
2828,100,282800,10:29:53
2829,300,848700,10:29:53
2829,100,282900,10:29:53
2830,100,283000,10:29:52
2828,100,282800,10:29:51
2829,100,282900,10:29:51
2829,200,565800,10:29:50
2828,1900,5373200,10:29:50
2829,800,2263200,10:29:50
2830,400,1132000,10:29:49
2828,100,282800,10:29:49
2828,100,282800,10:29:49
2830,100,283000,10:29:49
2829,300,848700,10:29:49
2828,100,282800,10:29:46
2830,100,283000,10:29:44
2829,300,848700,10:29:44
2829,100,282900,10:29:44
2831,500,1415500,10:29:44
2830,1000,2830000,10:29:43
2829,100,282900,10:29:43
2828,500,1414000,10:29:43
2829,100,282900,10:29:43
2829,300,848700,10:29:43
2830,100,283000,10:29:43
2829,300,848700,10:29:43
2829,100,282900,10:29:43
2829,100,282900,10:29:43
2832,100,283200,10:29:43
2830,100,283000,10:29:42
2830,100,283000,10:29:42
2830,100,283000,10:29:42
2829,100,282900,10:29:42
2829,100,282900,10:29:42
2829,700,1980300,10:29:42
2830,1400,3962000,10:29:42
2830,500,1415000,10:29:42
2831,100,283100,10:29:42
2832,200,566400,10:29:40
2832,100,283200,10:29:40
2832,100,283200,10:29:40
2833,400,1133200,10:29:40
2835,400,1134000,10:29:39
2833,200,566600,10:29:39
2832,100,283200,10:29:39
2832,300,849600,10:29:38
2833,100,283300,10:29:38
2833,100,283300,10:29:38
2834,200,566800,10:29:38
2835,400,1134000,10:29:38
2834,100,283400,10:29:37
2834,200,566800,10:29:37
2833,200,566600,10:29:37
2833,100,283300,10:29:37
2834,100,283400,10:29:37
2835,500,1417500,10:29:37
2836,200,567200,10:29:37
2836,300,850800,10:29:37
2837,100,283700,10:29:36
2837,500,1418500,10:29:36
2839,100,283900,10:29:35
2838,100,283800,10:29:35
2839,300,851700,10:29:35
2840,100,284000,10:29:35
2837,100,283700,10:29:33
2838,100,283800,10:29:32
2837,500,1418500,10:29:32
2839,100,283900,10:29:31
2839,200,567800,10:29:31
2839,100,283900,10:29:31
2840,900,2556000,10:29:31
2840,200,568000,10:29:31
2840,300,852000,10:29:31
2840,100,284000,10:29:30
2841,100,284100,10:29:30
2841,100,284100,10:29:30
2841,100,284100,10:29:30
2841,200,568200,10:29:30
2842,800,2273600,10:29:30
2842,200,568400,10:29:30
2842,100,284200,10:29:30
2842,100,284200,10:29:30
2842,100,284200,10:29:30
2843,800,2274400,10:29:30
2843,100,284300,10:29:30
2844,100,284400,10:29:28
2844,200,568800,10:29:28
2845,1300,3698500,10:29:28
2845,100,284500,10:29:28
2846,600,1707600,10:29:28
2846,100,284600,10:29:27
2846,400,1138400,10:29:27
2848,300,854400,10:29:26
2847,100,284700,10:29:26
2847,200,569400,10:29:26
2847,200,569400,10:29:26
2847,200,569400,10:29:26
2848,200,569600,10:29:26
2850,100,285000,10:29:22
2850,800,2280000,10:29:21
2849,600,1709400,10:29:21
2849,400,1139600,10:29:21
2849,200,569800,10:29:21
2848,100,284800,10:29:14
2848,800,2278400,10:29:13
2847,100,284700,10:29:11
2847,400,1138800,10:29:05
2847,100,284700,10:29:05
2849,500,1424500,10:29:04
2847,100,284700,10:29:04
2847,100,284700,10:29:03
2847,100,284700,10:29:02
2848,200,569600,10:29:01
2847,500,1423500,10:29:00
2848,200,569600,10:28:59
2847,300,854100,10:28:51
2847,500,1423500,10:28:51
2848,100,284800,10:28:48
2847,400,1138800,10:28:48
2847,400,1138800,10:28:48
2846,100,284600,10:28:46
2846,100,284600,10:28:42
2847,300,854100,10:28:38
2846,100,284600,10:28:36
2846,400,1138400,10:28:36
2847,100,284700,10:28:36
2847,200,569400,10:28:35
2847,200,569400,10:28:35
2847,300,854100,10:28:35
2847,100,284700,10:28:32
2846,100,284600,10:28:31
2846,1200,3415200,10:28:31
2847,300,854100,10:28:31
2847,400,1138800,10:28:31
2846,100,284600,10:28:29
2845,100,284500,10:28:29
2846,100,284600,10:28:29
2846,100,284600,10:28:29
2847,100,284700,10:28:27
2847,100,284700,10:28:26
2847,100,284700,10:28:26
2848,400,1139200,10:28:25
2847,100,284700,10:28:25
2847,300,854100,10:28:25
2847,300,854100,10:28:25
2847,100,284700,10:28:25
2847,500,1423500,10:28:25
2847,100,284700,10:28:25
2848,2000,5696000,10:28:25
2848,100,284800,10:28:25
2849,1200,3418800,10:28:25
2849,800,2279200,10:28:25
2849,200,569800,10:28:25
2849,500,1424500,10:28:25
2850,2800,7980000,10:28:25
2850,100,285000,10:28:23
2850,100,285000,10:28:22
2850,700,1995000,10:28:22
2850,100,285000,10:28:22
2850,100,285000,10:28:22
2850,700,1995000,10:28:22
2850,100,285000,10:28:22
2851,3000,8553000,10:28:22
2851,100,285100,10:28:22
2852,600,1711200,10:28:22
2853,200,570600,10:28:19
2852,100,285200,10:28:18
2852,100,285200,10:28:16
2852,100,285200,10:28:16
2852,100,285200,10:28:16
2853,200,570600,10:28:15
2852,500,1426000,10:28:14
2851,200,570200,10:28:09
2852,100,285200,10:28:09
2851,100,285100,10:28:08
2852,200,570400,10:28:07
2852,300,855600,10:28:07
2852,300,855600,10:28:06
2852,200,570400,10:28:06
2852,100,285200,10:28:04
2852,200,570400,10:28:01
2852,200,570400,10:28:01
2852,200,570400,10:28:01
2852,200,570400,10:28:01
2852,100,285200,10:28:01
2852,200,570400,10:28:01
2854,500,1427000,10:27:51
2853,300,855900,10:27:51
2851,200,570200,10:27:49
2851,200,570200,10:27:49
2851,200,570200,10:27:49
2852,200,570400,10:27:49
2852,400,1140800,10:27:49
2852,100,285200,10:27:48
2852,200,570400,10:27:44
2852,100,285200,10:27:42
2851,500,1425500,10:27:39
2852,100,285200,10:27:36
2852,100,285200,10:27:34
2854,100,285400,10:27:33
2854,500,1427000,10:27:32
2853,200,570600,10:27:32
2853,100,285300,10:27:31
2852,200,570400,10:27:30
2852,100,285200,10:27:30
2851,100,285100,10:27:28
2851,300,855300,10:27:26
2851,200,570200,10:27:26
2851,100,285100,10:27:21
2850,100,285000,10:27:21
2850,200,570000,10:27:20
2850,1500,4275000,10:27:20
2851,300,855300,10:27:20
2852,400,1140800,10:27:18
2853,800,2282400,10:27:18
2853,100,285300,10:27:18
2853,100,285300,10:27:18
2854,100,285400,10:27:12
2854,100,285400,10:27:06
2854,300,856200,10:27:06
2854,300,856200,10:27:06
2854,200,570800,10:27:06
2855,600,1713000,10:27:04
2856,200,571200,10:27:02
2856,200,571200,10:27:02
2854,100,285400,10:27:00
2854,100,285400,10:26:59
2853,100,285300,10:26:58
2853,100,285300,10:26:58
2855,100,285500,10:26:52
2855,100,285500,10:26:52
2855,100,285500,10:26:52
2855,200,571000,10:26:52
2855,100,285500,10:26:52
2853,300,855900,10:26:51
2854,300,856200,10:26:51
2854,400,1141600,10:26:51
2854,700,1997800,10:26:51
2854,200,570800,10:26:51
2855,300,856500,10:26:50
2856,500,1428000,10:26:49
2857,100,285700,10:26:49
2857,100,285700,10:26:48
2857,100,285700,10:26:48
2858,900,2572200,10:26:48
2859,600,1715400,10:26:48
2860,200,572000,10:26:47
2860,200,572000,10:26:47
2859,100,285900,10:26:47
2858,400,1143200,10:26:47
2858,300,857400,10:26:47
2859,100,285900,10:26:47
2860,400,1144000,10:26:47
2859,100,285900,10:26:47
2859,100,285900,10:26:47
2859,300,857700,10:26:47
2860,100,286000,10:26:47
2859,100,285900,10:26:47
2859,100,285900,10:26:47
2859,100,285900,10:26:47
2859,100,285900,10:26:47
2859,1500,4288500,10:26:47
2860,200,572000,10:26:47
2861,100,286100,10:26:47
2860,800,2288000,10:26:47
2859,100,285900,10:26:47
2860,700,2002000,10:26:46
2859,300,857700,10:26:46
2858,200,571600,10:26:46
2858,100,285800,10:26:45
2856,100,285600,10:26:42
2856,700,1999200,10:26:42
2856,100,285600,10:26:40
2856,100,285600,10:26:39
2856,100,285600,10:26:39
2856,100,285600,10:26:39
2856,100,285600,10:26:39
2856,100,285600,10:26:39
2857,100,285700,10:26:39
2857,100,285700,10:26:39
2857,200,571400,10:26:39
2857,500,1428500,10:26:38
2856,500,1428000,10:26:38
2855,200,571000,10:26:38
2855,400,1142000,10:26:37
2854,100,285400,10:26:35
2854,300,856200,10:26:34
2855,100,285500,10:26:32
2855,100,285500,10:26:31
2854,100,285400,10:26:31
2855,400,1142000,10:26:31
2853,100,285300,10:26:29
2852,300,855600,10:26:29
2853,100,285300,10:26:29
2853,3900,11126700,10:26:29
2852,600,1711200,10:26:29
2851,300,855300,10:26:29
2852,800,2281600,10:26:28
2852,100,285200,10:26:26
2853,100,285300,10:26:26
2852,100,285200,10:26:26
2852,100,285200,10:26:26
2853,100,285300,10:26:25
2854,300,856200,10:26:25
2854,100,285400,10:26:25
2854,100,285400,10:26:25
2855,3400,9707000,10:26:25
2856,1200,3427200,10:26:25
2856,100,285600,10:26:25
2857,100,285700,10:26:24
2860,700,2002000,10:26:23
2859,800,2287200,10:26:23
2858,500,1429000,10:26:23
2857,300,857100,10:26:22
2857,200,571400,10:26:20
2857,100,285700,10:26:20
2859,300,857700,10:26:19
2858,200,571600,10:26:19
2858,100,285800,10:26:19
2857,500,1428500,10:26:19
2858,500,1429000,10:26:19
2859,200,571800,10:26:18
2859,100,285900,10:26:18
2858,300,857400,10:26:18
2857,100,285700,10:26:17
2858,200,571600,10:26:16
2859,400,1143600,10:26:15
2859,100,285900,10:26:15
2859,100,285900,10:26:14
2859,100,285900,10:26:14
2859,800,2287200,10:26:12
2859,200,571800,10:26:12
2858,200,571600,10:26:12
2859,100,285900,10:26:12
2858,500,1429000,10:26:12
2857,100,285700,10:26:08
2858,100,285800,10:26:08
2857,100,285700,10:26:07
2856,100,285600,10:26:07
2857,100,285700,10:26:05
2857,500,1428500,10:26:05
2860,100,286000,10:26:05
2859,1200,3430800,10:26:05
2858,500,1429000,10:26:05
2856,100,285600,10:26:05
2855,1000,2855000,10:26:05
2854,400,1141600,10:26:05
2855,100,285500,10:26:04
2855,100,285500,10:26:04
2855,100,285500,10:26:03
2855,100,285500,10:26:03
2854,100,285400,10:26:03
2854,200,570800,10:26:02
2855,100,285500,10:26:02
2856,100,285600,10:26:00
2857,100,285700,10:26:00
2857,400,1142800,10:26:00
2860,400,1144000,10:26:00
2859,600,1715400,10:26:00
2858,400,1143200,10:26:00
2858,200,571600,10:26:00
2857,400,1142800,10:26:00
2859,700,2001300,10:26:00
2858,300,857400,10:26:00
2857,100,285700,10:25:59
2858,100,285800,10:25:59
2858,200,571600,10:25:59
2858,100,285800,10:25:59
2858,600,1714800,10:25:59
2858,100,285800,10:25:59
2858,100,285800,10:25:59
2857,2800,7999600,10:25:59
2856,200,571200,10:25:59
2856,300,856800,10:25:59
2856,100,285600,10:25:59
2855,300,856500,10:25:59
2854,100,285400,10:25:59
2854,400,1141600,10:25:59
2853,100,285300,10:25:58
2853,100,285300,10:25:58
2853,100,285300,10:25:55
2853,100,285300,10:25:55
2853,100,285300,10:25:49
2853,100,285300,10:25:49
2853,100,285300,10:25:48
2853,100,285300,10:25:48
2853,100,285300,10:25:47
2854,200,570800,10:25:47
2854,1200,3424800,10:25:47
2853,1000,2853000,10:25:47
2852,100,285200,10:25:45
2851,100,285100,10:25:45
2852,600,1711200,10:25:44
2851,100,285100,10:25:44
2851,200,570200,10:25:44
2852,300,855600,10:25:44
2854,200,570800,10:25:43
2853,100,285300,10:25:43
2853,100,285300,10:25:42
2853,100,285300,10:25:42
2854,400,1141600,10:25:41
2851,200,570200,10:25:38
2851,100,285100,10:25:36
2851,100,285100,10:25:34
2852,100,285200,10:25:34
2851,100,285100,10:25:33
2849,100,284900,10:25:32
2850,100,285000,10:25:31
2850,500,1425000,10:25:31
2851,100,285100,10:25:30
2851,400,1140400,10:25:28
2851,600,1710600,10:25:28
2852,600,1711200,10:25:28
2853,200,570600,10:25:28
2853,300,855900,10:25:28
2854,100,285400,10:25:26
2854,200,570800,10:25:26
2855,300,856500,10:25:26
2855,100,285500,10:25:26
2854,100,285400,10:25:24
2854,400,1141600,10:25:24
2854,100,285400,10:25:23
2854,100,285400,10:25:23
2855,300,856500,10:25:22
2853,600,1711800,10:25:21
2854,100,285400,10:25:21
2855,100,285500,10:25:21
2854,100,285400,10:25:21
2855,100,285500,10:25:20
2855,100,285500,10:25:20
2855,400,1142000,10:25:20
2854,200,570800,10:25:19
2854,100,285400,10:25:18
2854,500,1427000,10:25:18
2852,100,285200,10:25:16
2852,500,1426000,10:25:14
2853,100,285300,10:25:13
2851,200,570200,10:25:12
2852,300,855600,10:25:12
2852,300,855600,10:25:12
2853,100,285300,10:25:12
2853,100,285300,10:25:11
2854,100,285400,10:25:10
2853,300,855900,10:25:10
2852,400,1140800,10:25:09
2851,300,855300,10:25:09
2850,800,2280000,10:25:09
2850,300,855000,10:25:06
2849,100,284900,10:25:06
2849,100,284900,10:25:04
2849,100,284900,10:25:04
2848,200,569600,10:25:03
2848,100,284800,10:25:01
2848,100,284800,10:25:00
2848,100,284800,10:25:00
2848,100,284800,10:24:59
2848,100,284800,10:24:57
2848,200,569600,10:24:57
2847,300,854100,10:24:57
2847,100,284700,10:24:51
2846,300,853800,10:24:51
2844,200,568800,10:24:48
2844,100,284400,10:24:48
2846,200,569200,10:24:47
2847,500,1423500,10:24:47
2849,100,284900,10:24:44
2848,200,569600,10:24:43
2849,100,284900,10:24:42
2849,200,569800,10:24:41
2850,200,570000,10:24:41
2850,600,1710000,10:24:41
2849,400,1139600,10:24:41
2848,300,854400,10:24:40
2850,300,855000,10:24:35
2850,200,570000,10:24:34
2849,100,284900,10:24:34
2848,100,284800,10:24:34
2848,200,569600,10:24:34
2847,100,284700,10:24:33
2848,200,569600,10:24:33
2849,100,284900,10:24:29
2849,600,1709400,10:24:26
2850,400,1140000,10:24:24
2850,100,285000,10:24:22
2849,300,854700,10:24:20
2848,400,1139200,10:24:20
2847,100,284700,10:24:20
2848,200,569600,10:24:20
2847,100,284700,10:24:19
2847,400,1138800,10:24:18
2848,100,284800,10:24:18
2848,100,284800,10:24:18
2848,100,284800,10:24:18
2845,400,1138000,10:24:17
2846,200,569200,10:24:17
2847,100,284700,10:24:15
2847,100,284700,10:24:15
2847,100,284700,10:24:15
2847,200,569400,10:24:15
2845,100,284500,10:24:13
2846,100,284600,10:24:12
2845,300,853500,10:24:12
2845,200,569000,10:24:11
2846,100,284600,10:24:11
2843,600,1705800,10:24:10
2844,500,1422000,10:24:10
2845,100,284500,10:24:09
2845,400,1138000,10:24:09
2845,100,284500,10:24:07
2844,100,284400,10:24:07
2843,100,284300,10:24:06
2845,100,284500,10:24:05
2846,100,284600,10:24:02
2845,100,284500,10:24:02
2843,100,284300,10:24:01
2844,200,568800,10:24:01
2843,200,568600,10:24:01
2844,100,284400,10:24:01
2844,300,853200,10:24:01
2845,100,284500,10:24:01
2844,400,1137600,10:24:00
2845,100,284500,10:24:00
2846,100,284600,10:24:00
2844,400,1137600,10:23:59
2845,100,284500,10:23:59
2845,300,853500,10:23:59
2845,100,284500,10:23:59
2846,100,284600,10:23:59
2846,100,284600,10:23:59
2847,200,569400,10:23:57
2848,100,284800,10:23:57
2848,400,1139200,10:23:51
2849,100,284900,10:23:50
2850,100,285000,10:23:50
2850,600,1710000,10:23:50
2849,100,284900,10:23:48
2850,100,285000,10:23:48
2850,300,855000,10:23:48
2849,100,284900,10:23:48
2849,200,569800,10:23:47
2849,200,569800,10:23:47
2852,100,285200,10:23:47
2849,100,284900,10:23:47
2850,600,1710000,10:23:47
2851,400,1140400,10:23:47
2851,700,1995700,10:23:47
2852,1300,3707600,10:23:47
2853,200,570600,10:23:43
2852,100,285200,10:23:38
2852,300,855600,10:23:33
2851,900,2565900,10:23:32
2852,200,570400,10:23:31
2852,100,285200,10:23:30
2854,100,285400,10:23:30
2853,400,1141200,10:23:30
2853,100,285300,10:23:28
2852,100,285200,10:23:27
2852,100,285200,10:23:27
2851,300,855300,10:23:25
2853,100,285300,10:23:25
2852,600,1711200,10:23:25
2853,100,285300,10:23:24
2853,400,1141200,10:23:24
2854,100,285400,10:23:23
2855,500,1427500,10:23:23
2854,200,570800,10:23:23
2854,400,1141600,10:23:23
2856,200,571200,10:23:21
2855,200,571000,10:23:20
2855,400,1142000,10:23:19
2856,100,285600,10:23:19
2855,200,571000,10:23:19
2854,100,285400,10:23:18
2854,500,1427000,10:23:18
2853,100,285300,10:23:18
2855,200,571000,10:23:17
2854,200,570800,10:23:17
2855,100,285500,10:23:16
2855,300,856500,10:23:16
2855,100,285500,10:23:16
2855,400,1142000,10:23:14
2855,1100,3140500,10:23:14
2855,200,571000,10:23:14
2854,100,285400,10:23:14
2855,400,1142000,10:23:13
2854,100,285400,10:23:13
2854,100,285400,10:23:13
2854,100,285400,10:23:13
2853,300,855900,10:23:13
2853,100,285300,10:23:13
2854,100,285400,10:23:12
2855,100,285500,10:23:11
2854,100,285400,10:23:10
2854,100,285400,10:23:10
2854,100,285400,10:23:10
2854,100,285400,10:23:10
2854,100,285400,10:23:10
2854,100,285400,10:23:10
2854,300,856200,10:23:10
2853,700,1997100,10:23:10
2851,200,570200,10:23:07
2851,100,285100,10:23:06
2852,100,285200,10:23:06
2851,100,285100,10:23:05
2851,100,285100,10:23:05
2851,500,1425500,10:23:02
2851,100,285100,10:23:02
2852,100,285200,10:23:01
2851,100,285100,10:23:01
2850,200,570000,10:23:01
2850,100,285000,10:23:00
2848,300,854400,10:23:00
2848,100,284800,10:22:57
2849,200,569800,10:22:57
2850,100,285000,10:22:55
2850,200,570000,10:22:54
2851,400,1140400,10:22:52
2850,600,1710000,10:22:52
2850,500,1425000,10:22:50
2851,100,285100,10:22:49
2851,200,570200,10:22:49
2852,100,285200,10:22:49
2851,100,285100,10:22:49
2850,200,570000,10:22:47
2851,100,285100,10:22:47
2851,100,285100,10:22:45
2852,100,285200,10:22:44
2852,100,285200,10:22:44
2853,100,285300,10:22:44
2852,200,570400,10:22:43
2852,100,285200,10:22:43
2852,100,285200,10:22:42
2852,100,285200,10:22:42
2851,100,285100,10:22:42
2851,100,285100,10:22:42
2850,100,285000,10:22:42
2850,500,1425000,10:22:42
2850,300,855000,10:22:42
2850,500,1425000,10:22:42
2850,500,1425000,10:22:42
2848,100,284800,10:22:41
2849,100,284900,10:22:40
2848,100,284800,10:22:40
2849,400,1139600,10:22:40
2848,500,1424000,10:22:40
2848,400,1139200,10:22:40
2848,100,284800,10:22:40
2848,200,569600,10:22:40
2847,100,284700,10:22:40
2846,300,853800,10:22:39
2847,200,569400,10:22:36
2847,600,1708200,10:22:33
2846,100,284600,10:22:29
2846,200,569200,10:22:29
2845,500,1422500,10:22:27
2845,100,284500,10:22:27
2845,100,284500,10:22:26
2845,100,284500,10:22:26
2845,500,1422500,10:22:26
2845,1000,2845000,10:22:26
2844,200,568800,10:22:24
2844,300,853200,10:22:24
2843,200,568600,10:22:24
2842,200,568400,10:22:22
2843,100,284300,10:22:21
2841,200,568200,10:22:20
2842,200,568400,10:22:20
2843,100,284300,10:22:20
2844,100,284400,10:22:20
2842,100,284200,10:22:19
2843,200,568600,10:22:13
2843,200,568600,10:22:13
2843,200,568600,10:22:13
2842,200,568400,10:22:13
2842,300,852600,10:22:12
2841,200,568200,10:22:12
2840,100,284000,10:22:11
2841,400,1136400,10:22:11
2840,100,284000,10:22:11
2840,300,852000,10:22:08
2840,100,284000,10:22:08
2841,100,284100,10:22:07
2841,100,284100,10:22:07
2842,100,284200,10:22:05
2841,100,284100,10:22:05
2841,100,284100,10:22:04
2842,100,284200,10:22:02
2842,100,284200,10:22:02
2842,200,568400,10:22:02
2840,200,568000,10:22:02
2841,100,284100,10:22:01
2840,100,284000,10:22:01
2840,400,1136000,10:22:01
2839,100,283900,10:22:00
2839,200,567800,10:22:00
2838,100,283800,10:22:00
2837,100,283700,10:22:00
2838,100,283800,10:21:59
2837,100,283700,10:21:58
2837,100,283700,10:21:58
2840,100,284000,10:21:56
2839,100,283900,10:21:55
2839,100,283900,10:21:55
2839,100,283900,10:21:54
2839,200,567800,10:21:54
2839,100,283900,10:21:54
2838,100,283800,10:21:54
2838,300,851400,10:21:54
2838,300,851400,10:21:53
2839,100,283900,10:21:53
2838,500,1419000,10:21:53
2838,100,283800,10:21:53
2839,100,283900,10:21:53
2839,100,283900,10:21:53
2839,700,1987300,10:21:53
2839,100,283900,10:21:53
2840,300,852000,10:21:53
2840,400,1136000,10:21:50
2841,200,568200,10:21:50
2841,200,568200,10:21:49
2843,100,284300,10:21:48
2843,100,284300,10:21:48
2844,100,284400,10:21:48
2843,800,2274400,10:21:48
2843,200,568600,10:21:48
2843,100,284300,10:21:48
2842,4100,11652200,10:21:48
2841,400,1136400,10:21:48
2841,100,284100,10:21:47
2841,100,284100,10:21:46
2840,500,1420000,10:21:46
2840,100,284000,10:21:46
2841,100,284100,10:21:45
2840,100,284000,10:21:43
2840,200,568000,10:21:43
2840,900,2556000,10:21:43
2840,200,568000,10:21:43
2840,100,284000,10:21:42
2840,100,284000,10:21:42
2842,200,568400,10:21:42
2841,100,284100,10:21:41
2841,100,284100,10:21:41
2841,700,1988700,10:21:38
2841,600,1704600,10:21:38
2841,1300,3693300,10:21:38
2842,200,568400,10:21:37
2842,400,1136800,10:21:36
2843,200,568600,10:21:36
2841,200,568200,10:21:36
2842,100,284200,10:21:34
2842,100,284200,10:21:33
2843,300,852900,10:21:32
2842,100,284200,10:21:31
2842,100,284200,10:21:31
2843,100,284300,10:21:31
2845,100,284500,10:21:29
2845,900,2560500,10:21:29
2844,100,284400,10:21:29
2842,100,284200,10:21:28
2843,200,568600,10:21:28
2843,100,284300,10:21:28
2844,200,568800,10:21:28
2844,100,284400,10:21:28
2844,300,853200,10:21:28
2845,100,284500,10:21:26
2845,100,284500,10:21:25
2845,300,853500,10:21:24
2846,100,284600,10:21:22
2846,100,284600,10:21:21
2846,100,284600,10:21:21
2845,100,284500,10:21:20
2845,200,569000,10:21:20
2846,200,569200,10:21:20
2848,300,854400,10:21:19
2847,200,569400,10:21:18
2848,200,569600,10:21:18
2847,100,284700,10:21:18
2847,100,284700,10:21:17
2847,400,1138800,10:21:15
2846,100,284600,10:21:14
2847,200,569400,10:21:13
2848,100,284800,10:21:12
2848,600,1708800,10:21:11
2847,200,569400,10:21:11
2847,300,854100,10:21:10
2846,100,284600,10:21:09
2846,100,284600,10:21:09
2847,100,284700,10:21:03
2846,200,569200,10:21:03
2846,100,284600,10:21:00
2846,400,1138400,10:21:00
2846,300,853800,10:21:00
2846,2000,5692000,10:20:59
2848,100,284800,10:20:58
2848,100,284800,10:20:57
2849,100,284900,10:20:57
2848,400,1139200,10:20:57
2848,100,284800,10:20:55
2847,100,284700,10:20:54
2848,100,284800,10:20:49
2848,300,854400,10:20:49
2847,100,284700,10:20:47
2847,500,1423500,10:20:47
2847,100,284700,10:20:47
2848,300,854400,10:20:46
2846,100,284600,10:20:46
2846,100,284600,10:20:46
2847,200,569400,10:20:46
2843,100,284300,10:20:43
2848,200,569600,10:20:42
2847,1400,3985800,10:20:42
2846,1500,4269000,10:20:42
2845,1400,3983000,10:20:42
2844,500,1422000,10:20:42
2843,200,568600,10:20:42
2844,200,568800,10:20:42
2845,200,569000,10:20:41
2846,100,284600,10:20:40
2845,200,569000,10:20:40
2845,300,853500,10:20:39
2843,100,284300,10:20:38
2844,100,284400,10:20:38
2844,100,284400,10:20:38
2843,200,568600,10:20:38
2843,100,284300,10:20:37
2844,200,568800,10:20:37
2842,200,568400,10:20:37
2843,500,1421500,10:20:37
2843,100,284300,10:20:37
2840,300,852000,10:20:36
2842,100,284200,10:20:35
2842,200,568400,10:20:34
2840,100,284000,10:20:33
2840,100,284000,10:20:33
2841,100,284100,10:20:33
2840,100,284000,10:20:33
2840,100,284000,10:20:33
2840,1800,5112000,10:20:33
2841,200,568200,10:20:33
2843,100,284300,10:20:33
2844,100,284400,10:20:32
2845,100,284500,10:20:31
2845,300,853500,10:20:31
2844,100,284400,10:20:30
2844,200,568800,10:20:29
2843,100,284300,10:20:28
2842,100,284200,10:20:28
2843,300,852900,10:20:27
2841,600,1704600,10:20:27
2842,1300,3694600,10:20:27
2843,500,1421500,10:20:27
2842,900,2557800,10:20:27
2843,200,568600,10:20:26
2843,800,2274400,10:20:25
2842,100,284200,10:20:25
2842,100,284200,10:20:25
2842,100,284200,10:20:25
2843,100,284300,10:20:25
2842,100,284200,10:20:24
2844,100,284400,10:20:23
2845,200,569000,10:20:21
2844,200,568800,10:20:21
2844,100,284400,10:20:21
2844,100,284400,10:20:21
2844,100,284400,10:20:21
2844,100,284400,10:20:21
2844,100,284400,10:20:21
2846,300,853800,10:20:21
2845,100,284500,10:20:21
2844,600,1706400,10:20:21
2844,100,284400,10:20:20
2843,200,568600,10:20:20
2843,100,284300,10:20:19
2844,200,568800,10:20:16
2846,100,284600,10:20:15
2844,500,1422000,10:20:15
2844,100,284400,10:20:12
2844,100,284400,10:20:12
2842,100,284200,10:20:12
2842,100,284200,10:20:12
2842,300,852600,10:20:11
2842,100,284200,10:20:11
2842,200,568400,10:20:11
2843,300,852900,10:20:11
2842,200,568400,10:20:11
2842,200,568400,10:20:11
2843,500,1421500,10:20:11
2843,100,284300,10:20:11
2843,100,284300,10:20:11
2844,200,568800,10:20:11
2843,100,284300,10:20:11
2843,300,852900,10:20:11
2844,500,1422000,10:20:11
2843,300,852900,10:20:11
2840,500,1420000,10:20:11
2841,200,568200,10:20:11
2842,300,852600,10:20:11
2842,100,284200,10:20:11
2843,100,284300,10:20:10
2844,1300,3697200,10:20:10
2844,400,1137600,10:20:10
2844,200,568800,10:20:10
2845,400,1138000,10:20:10
2846,200,569200,10:20:09
2847,300,854100,10:20:08
2846,200,569200,10:20:08
2846,100,284600,10:20:08
2847,300,854100,10:20:07
2846,300,853800,10:20:07
2845,200,569000,10:20:07
2846,100,284600,10:20:05
2846,100,284600,10:20:05
2847,100,284700,10:20:05
2847,200,569400,10:20:04
2847,400,1138800,10:20:04
2847,100,284700,10:20:04
2847,100,284700,10:20:04
2847,100,284700,10:20:04
2846,100,284600,10:20:03
2847,100,284700,10:20:03
2847,600,1708200,10:20:03
2845,900,2560500,10:20:03
2846,200,569200,10:20:03
2846,100,284600,10:20:03
2845,300,853500,10:20:03
2846,200,569200,10:20:03
2846,100,284600,10:20:03
2846,200,569200,10:20:03
2845,100,284500,10:20:03
2846,100,284600,10:20:03
2845,300,853500,10:20:03
2846,200,569200,10:20:03
2846,100,284600,10:20:02
2846,100,284600,10:20:02
2847,100,284700,10:20:02
2846,100,284600,10:20:01
2847,300,854100,10:20:01
2847,100,284700,10:20:01
2847,300,854100,10:20:01
2846,100,284600,10:20:01
2846,300,853800,10:20:01
2846,600,1707600,10:20:01
2847,400,1138800,10:20:01
2847,100,284700,10:20:00
2847,100,284700,10:20:00
2849,100,284900,10:20:00
2847,200,569400,10:20:00
2847,200,569400,10:20:00
2848,200,569600,10:20:00
2848,100,284800,10:20:00
2848,100,284800,10:20:00
2849,100,284900,10:20:00
2849,100,284900,10:20:00
2849,100,284900,10:20:00
2849,300,854700,10:20:00
2850,3700,10545000,10:20:00
2850,100,285000,10:20:00
2850,100,285000,10:20:00
2850,900,2565000,10:20:00
2850,100,285000,10:20:00
2850,1000,2850000,10:20:00
2850,100,285000,10:20:00
2851,1800,5131800,10:20:00
2852,300,855600,10:20:00
2852,1300,3707600,10:20:00
2852,100,285200,10:19:59
2852,100,285200,10:19:59
2852,300,855600,10:19:57
2853,200,570600,10:19:57
2853,100,285300,10:19:57
2852,100,285200,10:19:57
2852,200,570400,10:19:57
2852,200,570400,10:19:57
2853,100,285300,10:19:57
2854,100,285400,10:19:57
2852,200,570400,10:19:57
2852,500,1426000,10:19:57
2853,100,285300,10:19:57
2854,700,1997800,10:19:57
2854,100,285400,10:19:57
2855,100,285500,10:19:57
2854,100,285400,10:19:56
2855,100,285500,10:19:56
2855,200,571000,10:19:56
2855,500,1427500,10:19:56
2855,500,1427500,10:19:56
2855,700,1998500,10:19:56
2855,100,285500,10:19:56
2855,100,285500,10:19:56
2856,300,856800,10:19:56
2856,100,285600,10:19:56
2857,100,285700,10:19:54
2857,200,571400,10:19:54
2857,200,571400,10:19:54
2857,200,571400,10:19:54
2857,200,571400,10:19:54
2857,300,857100,10:19:52
2858,100,285800,10:19:52
2858,100,285800,10:19:49
2858,500,1429000,10:19:49
2858,100,285800,10:19:49
2860,100,286000,10:19:48
2859,100,285900,10:19:48
2859,100,285900,10:19:48
2861,500,1430500,10:19:48
2860,900,2574000,10:19:48
2859,900,2573100,10:19:48
2858,100,285800,10:19:48
2858,100,285800,10:19:47
2857,100,285700,10:19:47
2857,100,285700,10:19:46
2857,100,285700,10:19:46
2859,100,285900,10:19:46
2857,100,285700,10:19:46
2857,100,285700,10:19:46
2858,1300,3715400,10:19:46
2858,200,571600,10:19:46
2860,100,286000,10:19:46
2859,400,1143600,10:19:45
2859,100,285900,10:19:45
2860,2300,6578000,10:19:45
2861,300,858300,10:19:45
2863,300,858900,10:19:43
2863,100,286300,10:19:43
2863,200,572600,10:19:43
2863,100,286300,10:19:43
2861,200,572200,10:19:43
2862,100,286200,10:19:41
2862,100,286200,10:19:40
2863,200,572600,10:19:39
2862,100,286200,10:19:39
2863,100,286300,10:19:39
2863,200,572600,10:19:39
2862,200,572400,10:19:37
2862,200,572400,10:19:36
2863,100,286300,10:19:34
2864,200,572800,10:19:33
2864,100,286400,10:19:32
2865,100,286500,10:19:31
2864,100,286400,10:19:31
2863,100,286300,10:19:31
2862,100,286200,10:19:29
2863,800,2290400,10:19:27
2863,900,2576700,10:19:27
2862,100,286200,10:19:26
2862,100,286200,10:19:26
2862,200,572400,10:19:26
2861,100,286100,10:19:26
2860,200,572000,10:19:25
2860,100,286000,10:19:25
2861,1300,3719300,10:19:25
2861,500,1430500,10:19:25
2862,300,858600,10:19:25
2863,300,858900,10:19:25
2864,100,286400,10:19:25
2865,100,286500,10:19:24
2865,100,286500,10:19:24
2864,100,286400,10:19:23
2864,300,859200,10:19:23
2866,100,286600,10:19:23
2865,200,573000,10:19:23
2864,500,1432000,10:19:22
2866,400,1146400,10:19:22
2865,100,286500,10:19:22
2865,400,1146000,10:19:22
2864,100,286400,10:19:22
2865,200,573000,10:19:19
2865,100,286500,10:19:19
2865,100,286500,10:19:19
2865,200,573000,10:19:19
2864,100,286400,10:19:19
2865,200,573000,10:19:19
2865,100,286500,10:19:19
2865,200,573000,10:19:18
2864,400,1145600,10:19:18
2864,100,286400,10:19:18
2865,100,286500,10:19:18
2865,200,573000,10:19:17
2866,200,573200,10:19:17
2866,200,573200,10:19:17
2866,200,573200,10:19:17
2865,600,1719000,10:19:17
2865,400,1146000,10:19:17
2865,600,1719000,10:19:17
2864,100,286400,10:19:16
2865,100,286500,10:19:16
2865,100,286500,10:19:15
2864,100,286400,10:19:14
2864,100,286400,10:19:14
2864,100,286400,10:19:14
2863,500,1431500,10:19:14
2863,500,1431500,10:19:14
2861,200,572200,10:19:12
2862,100,286200,10:19:10
2863,100,286300,10:19:10
2863,100,286300,10:19:07
2863,200,572600,10:19:07
2862,400,1144800,10:19:06
2862,100,286200,10:19:06
2863,100,286300,10:19:06
2863,500,1431500,10:19:06
2864,100,286400,10:19:05
2863,100,286300,10:19:04
2863,100,286300,10:19:04
2865,200,573000,10:19:04
2865,100,286500,10:19:03
2865,200,573000,10:19:03
2864,200,572800,10:19:03
2864,200,572800,10:19:03
2864,500,1432000,10:19:03
2864,100,286400,10:19:03
2862,100,286200,10:19:02
2863,200,572600,10:19:02
2863,100,286300,10:19:01
2863,100,286300,10:19:01
2862,100,286200,10:19:00
2861,900,2574900,10:19:00
2862,200,572400,10:18:59
2861,100,286100,10:18:58
2862,100,286200,10:18:58
2862,100,286200,10:18:58
2863,100,286300,10:18:57
2863,200,572600,10:18:57
2863,100,286300,10:18:57
2862,100,286200,10:18:56
2861,100,286100,10:18:56
2862,200,572400,10:18:55
2860,1400,4004000,10:18:54
2861,100,286100,10:18:54
2863,300,858900,10:18:54
2862,100,286200,10:18:53
2861,100,286100,10:18:51
2860,600,1716000,10:18:51
2860,1000,2860000,10:18:51
2860,1000,2860000,10:18:51
2860,2100,6006000,10:18:51
2860,300,858000,10:18:51
2861,300,858300,10:18:51
2863,100,286300,10:18:50
2861,300,858300,10:18:50
2863,100,286300,10:18:49
2862,300,858600,10:18:49
2863,100,286300,10:18:49
2863,200,572600,10:18:48
2862,400,1144800,10:18:48
2863,300,858900,10:18:48
2862,2800,8013600,10:18:47
2862,100,286200,10:18:46
2862,200,572400,10:18:46
2861,100,286100,10:18:46
2861,100,286100,10:18:45
2860,300,858000,10:18:45
2861,100,286100,10:18:45
2861,100,286100,10:18:43
2862,100,286200,10:18:42
2861,100,286100,10:18:41
2861,500,1430500,10:18:41
2861,100,286100,10:18:41
2860,100,286000,10:18:41
2861,300,858300,10:18:41
2861,100,286100,10:18:41
2861,200,572200,10:18:41
2862,200,572400,10:18:40
2862,200,572400,10:18:40
2862,200,572400,10:18:40
2862,200,572400,10:18:40
2862,100,286200,10:18:39
2862,100,286200,10:18:39
2862,100,286200,10:18:39
2861,100,286100,10:18:38
2861,100,286100,10:18:37
2861,300,858300,10:18:37
2861,100,286100,10:18:37
2862,200,572400,10:18:37
2862,200,572400,10:18:35
2862,100,286200,10:18:35
2862,200,572400,10:18:35
2862,200,572400,10:18:35
2862,100,286200,10:18:35
2863,100,286300,10:18:34
2863,200,572600,10:18:34
2862,300,858600,10:18:33
2863,100,286300,10:18:33
2863,100,286300,10:18:33
2863,300,858900,10:18:32
2864,200,572800,10:18:32
2864,100,286400,10:18:32
2864,100,286400,10:18:31
2863,100,286300,10:18:30
2863,100,286300,10:18:30
2862,100,286200,10:18:30
2861,200,572200,10:18:29
2860,100,286000,10:18:29
2860,600,1716000,10:18:29
2860,100,286000,10:18:29
2861,3100,8869100,10:18:29
2861,400,1144400,10:18:29
2861,1500,4291500,10:18:29
2862,200,572400,10:18:29
2863,200,572600,10:18:29
2863,100,286300,10:18:29
2863,100,286300,10:18:27
2862,100,286200,10:18:26
2862,400,1144800,10:18:26
2863,1000,2863000,10:18:26
2865,100,286500,10:18:26
2865,200,573000,10:18:26
2865,100,286500,10:18:25
2865,100,286500,10:18:25
2865,100,286500,10:18:25
2864,100,286400,10:18:25
2863,800,2290400,10:18:24
2862,900,2575800,10:18:24
2864,100,286400,10:18:24
2863,300,858900,10:18:24
2862,200,572400,10:18:23
2861,100,286100,10:18:21
2861,300,858300,10:18:20
2862,200,572400,10:18:20
2861,100,286100,10:18:20
2863,100,286300,10:18:20
2862,400,1144800,10:18:19
2864,100,286400,10:18:19
2864,500,1432000,10:18:19
2863,500,1431500,10:18:19
2862,600,1717200,10:18:19
2861,100,286100,10:18:19
2861,500,1430500,10:18:18
2862,100,286200,10:18:18
2861,300,858300,10:18:18
2862,200,572400,10:18:18
2862,300,858600,10:18:18
2864,100,286400,10:18:17
2862,100,286200,10:18:17
2862,100,286200,10:18:17
2864,500,1432000,10:18:15
2864,500,1432000,10:18:15
2863,100,286300,10:18:15
2865,100,286500,10:18:15
2863,200,572600,10:18:15
2865,100,286500,10:18:14
2865,100,286500,10:18:14
2864,100,286400,10:18:14
2865,100,286500,10:18:14
2864,300,859200,10:18:14
2863,400,1145200,10:18:14
2863,100,286300,10:18:14
2865,300,859500,10:18:14
2864,100,286400,10:18:14
2864,100,286400,10:18:14
2863,200,572600,10:18:14
2863,300,858900,10:18:14
2863,300,858900,10:18:14
2863,300,858900,10:18:14
2862,100,286200,10:18:14
2862,100,286200,10:18:13
2862,300,858600,10:18:13
2861,100,286100,10:18:13
2861,1000,2861000,10:18:13
2859,300,857700,10:18:13
2860,600,1716000,10:18:13
2861,100,286100,10:18:13
2862,100,286200,10:18:13
2861,100,286100,10:18:12
2860,700,2002000,10:18:10
2860,300,858000,10:18:10
2860,100,286000,10:18:10
2861,300,858300,10:18:10
2861,100,286100,10:18:10
2861,300,858300,10:18:08
2862,100,286200,10:18:07
2862,100,286200,10:18:07
2862,100,286200,10:18:07
2861,300,858300,10:18:07
2860,100,286000,10:18:07
2860,100,286000,10:18:07
2860,100,286000,10:18:07
2860,100,286000,10:18:07
2861,200,572200,10:18:07
2859,100,285900,10:18:07
2860,900,2574000,10:18:07
2860,600,1716000,10:18:07
2860,900,2574000,10:18:07
2859,100,285900,10:18:06
2859,100,285900,10:18:06
2859,100,285900,10:18:06
2859,100,285900,10:18:05
2859,100,285900,10:18:05
2860,1000,2860000,10:18:05
2859,100,285900,10:18:05
2859,100,285900,10:18:05
2858,100,285800,10:18:05
2857,500,1428500,10:18:04
2857,100,285700,10:18:03
2857,100,285700,10:18:03
2857,100,285700,10:18:02
2856,200,571200,10:18:01
2857,100,285700,10:18:00
2855,300,856500,10:18:00
2855,100,285500,10:17:57
2854,100,285400,10:17:56
2856,500,1428000,10:17:56
2855,100,285500,10:17:56
2856,300,856800,10:17:54
2858,100,285800,10:17:53
2857,200,571400,10:17:52
2858,100,285800,10:17:52
2860,100,286000,10:17:51
2858,200,571600,10:17:51
2859,100,285900,10:17:50
2859,500,1429500,10:17:49
2859,300,857700,10:17:49
2859,1800,5146200,10:17:49
2858,100,285800,10:17:49
2857,100,285700,10:17:48
2858,900,2572200,10:17:46
2858,100,285800,10:17:46
2857,100,285700,10:17:46
2857,100,285700,10:17:46
2858,100,285800,10:17:46
2856,500,1428000,10:17:46
2857,1400,3999800,10:17:45
2856,300,856800,10:17:45
2856,100,285600,10:17:45
2855,100,285500,10:17:45
2856,1500,4284000,10:17:41
2855,1200,3426000,10:17:41
2854,1100,3139400,10:17:41
2853,300,855900,10:17:41
2852,600,1711200,10:17:41
2851,100,285100,10:17:41
2851,100,285100,10:17:40
2851,100,285100,10:17:40
2851,100,285100,10:17:40
2852,100,285200,10:17:39
2852,400,1140800,10:17:39
2852,400,1140800,10:17:39
2852,600,1711200,10:17:39
2852,600,1711200,10:17:39
2854,500,1427000,10:17:39
2853,100,285300,10:17:38
2853,100,285300,10:17:37
2855,200,571000,10:17:33
2854,100,285400,10:17:32
2855,100,285500,10:17:32
2854,300,856200,10:17:32
2855,100,285500,10:17:32
2852,100,285200,10:17:31
2853,700,1997100,10:17:31
2855,100,285500,10:17:29
2854,100,285400,10:17:28
2855,400,1142000,10:17:27
2855,100,285500,10:17:27
2855,500,1427500,10:17:25
2855,100,285500,10:17:25
2853,100,285300,10:17:25
2853,100,285300,10:17:24
2853,1200,3423600,10:17:24
2852,100,285200,10:17:23
2853,100,285300,10:17:23
2854,200,570800,10:17:22
2855,100,285500,10:17:20
2853,400,1141200,10:17:20
2852,200,570400,10:17:19
2853,300,855900,10:17:19
2852,500,1426000,10:17:18
2853,100,285300,10:17:18
2854,300,856200,10:17:15
2855,200,571000,10:17:15
2855,100,285500,10:17:15
2852,900,2566800,10:17:14
2853,1200,3423600,10:17:14
2854,800,2283200,10:17:14
2856,500,1428000,10:17:13
2856,100,285600,10:17:13
2855,600,1713000,10:17:13
2854,200,570800,10:17:13
2855,100,285500,10:17:12
2856,100,285600,10:17:11
2856,100,285600,10:17:10
2856,500,1428000,10:17:10
2856,500,1428000,10:17:06
2857,400,1142800,10:17:06
2857,400,1142800,10:17:06
2857,400,1142800,10:17:06
2857,200,571400,10:17:06
2856,500,1428000,10:17:05
2856,100,285600,10:17:04
2857,200,571400,10:17:03
2855,200,571000,10:17:02
2857,200,571400,10:17:02
2857,200,571400,10:17:01
2856,600,1713600,10:17:01
2855,100,285500,10:17:01
2855,100,285500,10:17:01
2855,100,285500,10:17:01
2854,800,2283200,10:17:01
2853,1400,3994200,10:17:01
2852,100,285200,10:17:01
2852,100,285200,10:17:01
2851,100,285100,10:17:00
2851,100,285100,10:17:00
2852,100,285200,10:16:56
2852,100,285200,10:16:55
2854,200,570800,10:16:52
2853,300,855900,10:16:52
2852,200,570400,10:16:50
2851,500,1425500,10:16:50
2849,100,284900,10:16:49
2850,400,1140000,10:16:49
2847,300,854100,10:16:49
2848,400,1139200,10:16:49
2848,400,1139200,10:16:49
2849,100,284900,10:16:49
2848,100,284800,10:16:49
2850,500,1425000,10:16:49
2850,100,285000,10:16:47
2851,100,285100,10:16:47
2850,300,855000,10:16:46
2849,100,284900,10:16:46
2849,100,284900,10:16:46
2850,600,1710000,10:16:46
2850,100,285000,10:16:46
2850,200,570000,10:16:46
2850,100,285000,10:16:46
2850,400,1140000,10:16:46
2850,300,855000,10:16:46
2850,800,2280000,10:16:46
2850,200,570000,10:16:46
2850,100,285000,10:16:46
2851,300,855300,10:16:45
2852,1200,3422400,10:16:45
2853,100,285300,10:16:44
2853,200,570600,10:16:43
2854,100,285400,10:16:43
2854,100,285400,10:16:43
2854,100,285400,10:16:43
2855,900,2569500,10:16:43
2855,200,571000,10:16:43
2855,100,285500,10:16:40
2855,100,285500,10:16:38
2854,100,285400,10:16:38
2856,100,285600,10:16:34
2856,500,1428000,10:16:33
2854,100,285400,10:16:29
2855,200,571000,10:16:29
2856,200,571200,10:16:29
2855,200,571000,10:16:29
2854,300,856200,10:16:29
2854,400,1141600,10:16:26
2853,200,570600,10:16:25
2852,200,570400,10:16:24
2851,400,1140400,10:16:24
2853,100,285300,10:16:22
2852,700,1996400,10:16:21
2853,800,2282400,10:16:21
2853,200,570600,10:16:18
2852,200,570400,10:16:17
2852,100,285200,10:16:16
2852,100,285200,10:16:16
2854,100,285400,10:16:16
2853,700,1997100,10:16:16
2854,300,856200,10:16:16
2855,100,285500,10:16:16
2854,100,285400,10:16:15
2855,400,1142000,10:16:15
2857,100,285700,10:16:08
2855,200,571000,10:16:07
2856,100,285600,10:16:07
2856,1000,2856000,10:16:07
2855,100,285500,10:16:06
2855,100,285500,10:16:06
2855,100,285500,10:16:06
2854,100,285400,10:16:03
2853,300,855900,10:16:03
2854,700,1997800,10:16:03
2855,100,285500,10:16:03
2855,800,2284000,10:16:03
2855,200,571000,10:16:03
2854,100,285400,10:16:03
2853,100,285300,10:16:00
2853,400,1141200,10:16:00
2853,100,285300,10:15:59
2854,100,285400,10:15:59
2854,100,285400,10:15:59
2853,1100,3138300,10:15:59
2852,1100,3137200,10:15:59
2851,100,285100,10:15:59
2852,100,285200,10:15:58
2852,100,285200,10:15:57
2851,500,1425500,10:15:56
2852,200,570400,10:15:56
2852,100,285200,10:15:55
2851,100,285100,10:15:55
2850,100,285000,10:15:55
2850,100,285000,10:15:55
2851,200,570200,10:15:54
2851,300,855300,10:15:53
2850,100,285000,10:15:51
2849,200,569800,10:15:51
2849,100,284900,10:15:51
2850,500,1425000,10:15:51
2851,1100,3136100,10:15:51
2852,300,855600,10:15:51
2851,100,285100,10:15:48
2852,100,285200,10:15:48
2852,200,570400,10:15:48
2851,100,285100,10:15:47
2854,300,856200,10:15:47
2853,1400,3994200,10:15:47
2852,200,570400,10:15:47
2851,100,285100,10:15:47
2850,100,285000,10:15:46
2851,400,1140400,10:15:46
2853,100,285300,10:15:46
2851,100,285100,10:15:43
2852,100,285200,10:15:43
2852,100,285200,10:15:43
2852,200,570400,10:15:42
2851,500,1425500,10:15:42
2851,200,570200,10:15:42
2850,200,570000,10:15:41
2849,100,284900,10:15:40
2849,100,284900,10:15:40
2849,400,1139600,10:15:40
2849,100,284900,10:15:39
2848,100,284800,10:15:36
2848,400,1139200,10:15:36
2848,200,569600,10:15:36
2847,100,284700,10:15:35
2846,100,284600,10:15:35
2846,100,284600,10:15:35
2846,100,284600,10:15:35
2846,400,1138400,10:15:35
2846,100,284600,10:15:35
2847,100,284700,10:15:35
2846,900,2561400,10:15:35
2845,400,1138000,10:15:35
2845,200,569000,10:15:34
2845,100,284500,10:15:34
2846,100,284600,10:15:34
2845,100,284500,10:15:33
2845,100,284500,10:15:31
2845,100,284500,10:15:31
2845,100,284500,10:15:31
2845,100,284500,10:15:31
2845,100,284500,10:15:30
2845,200,569000,10:15:30
2845,100,284500,10:15:30
2845,100,284500,10:15:30
2847,100,284700,10:15:30
2847,100,284700,10:15:30
2848,300,854400,10:15:29
2848,100,284800,10:15:29
2848,900,2563200,10:15:29
2846,100,284600,10:15:29
2846,300,853800,10:15:29
2846,100,284600,10:15:29
2847,500,1423500,10:15:29
2848,100,284800,10:15:28
2849,100,284900,10:15:27
2849,500,1424500,10:15:27
2850,100,285000,10:15:27
2849,100,284900,10:15:26
2850,300,855000,10:15:26
2849,100,284900,10:15:26
2848,100,284800,10:15:25
2848,100,284800,10:15:25
2848,100,284800,10:15:25
2848,100,284800,10:15:25
2850,100,285000,10:15:24
2849,200,569800,10:15:24
2849,200,569800,10:15:24
2849,100,284900,10:15:24
2849,800,2279200,10:15:24
2849,500,1424500,10:15:24
2849,100,284900,10:15:24
2849,900,2564100,10:15:24
2850,2600,7410000,10:15:24
2850,100,285000,10:15:22
2850,100,285000,10:15:22
2851,100,285100,10:15:20
2851,200,570200,10:15:20
2850,200,570000,10:15:20
2850,200,570000,10:15:20
2850,100,285000,10:15:19
2851,600,1710600,10:15:19
2851,200,570200,10:15:19
2852,500,1426000,10:15:19
2852,100,285200,10:15:18
2853,100,285300,10:15:18
2853,200,570600,10:15:16
2853,200,570600,10:15:16
2853,100,285300,10:15:16
2854,100,285400,10:15:16
2855,1000,2855000,10:15:15
2854,100,285400,10:15:15
2854,300,856200,10:15:15
2854,100,285400,10:15:15
2855,200,571000,10:15:15
2856,100,285600,10:15:14
2857,100,285700,10:15:13
2857,900,2571300,10:15:13
2858,200,571600,10:15:12
2858,100,285800,10:15:12
2858,200,571600,10:15:12
2858,200,571600,10:15:12
2857,300,857100,10:15:12
2857,100,285700,10:15:11
2857,100,285700,10:15:10
2857,100,285700,10:15:08
2857,100,285700,10:15:08
2855,100,285500,10:15:08
2856,200,571200,10:15:08
2855,100,285500,10:15:06
2855,100,285500,10:15:06
2855,600,1713000,10:15:06
2855,800,2284000,10:15:06
2855,800,2284000,10:15:06
2855,300,856500,10:15:06
2855,500,1427500,10:15:06
2856,200,571200,10:15:05
2856,100,285600,10:15:05
2855,1400,3997000,10:15:05
2856,2100,5997600,10:15:05
2857,300,857100,10:15:05
2859,100,285900,10:15:05
2857,500,1428500,10:15:05
2858,100,285800,10:15:04
2857,200,571400,10:15:04
2857,100,285700,10:15:02
2857,100,285700,10:15:02
2858,200,571600,10:15:01
2858,100,285800,10:15:00
2857,100,285700,10:15:00
2857,200,571400,10:15:00
2857,500,1428500,10:15:00
2858,100,285800,10:14:59
2857,100,285700,10:14:58
2857,100,285700,10:14:57
2857,300,857100,10:14:57
2857,100,285700,10:14:55
2858,400,1143200,10:14:55
2857,100,285700,10:14:55
2856,100,285600,10:14:55
2857,100,285700,10:14:54
2856,100,285600,10:14:53
2857,200,571400,10:14:52
2857,300,857100,10:14:52
2856,300,856800,10:14:52
2856,400,1142400,10:14:52
2855,300,856500,10:14:52
2855,1000,2855000,10:14:52
2855,1000,2855000,10:14:52
2854,100,285400,10:14:51
2854,100,285400,10:14:50
2852,100,285200,10:14:50
2853,100,285300,10:14:50
2853,900,2567700,10:14:50
2854,300,856200,10:14:50
2854,300,856200,10:14:49
2855,100,285500,10:14:49
2855,1200,3426000,10:14:48
2854,400,1141600,10:14:48
2853,100,285300,10:14:47
2853,200,570600,10:14:47
2853,200,570600,10:14:47
2853,100,285300,10:14:47
2853,100,285300,10:14:47
2854,100,285400,10:14:46
2854,100,285400,10:14:46
2854,100,285400,10:14:45
2854,200,570800,10:14:45
2854,300,856200,10:14:44
2855,100,285500,10:14:43
2855,100,285500,10:14:43
2854,100,285400,10:14:42
2854,100,285400,10:14:42
2855,300,856500,10:14:41
2854,100,285400,10:14:40
2854,300,856200,10:14:39
2854,200,570800,10:14:39
2854,100,285400,10:14:38
2854,100,285400,10:14:38
2855,100,285500,10:14:38
2855,500,1427500,10:14:38
2854,100,285400,10:14:37
2855,100,285500,10:14:37
2853,100,285300,10:14:37
2854,300,856200,10:14:35
2855,100,285500,10:14:34
2856,100,285600,10:14:31
2854,100,285400,10:14:30
2853,100,285300,10:14:29
2853,200,570600,10:14:29
2853,100,285300,10:14:28
2854,100,285400,10:14:28
2854,100,285400,10:14:28
2855,100,285500,10:14:28
2855,100,285500,10:14:28
2856,100,285600,10:14:28
2856,100,285600,10:14:28
2856,300,856800,10:14:28
2856,300,856800,10:14:28
2857,100,285700,10:14:27
2860,500,1430000,10:14:26
2859,600,1715400,10:14:26
2858,800,2286400,10:14:26
2857,100,285700,10:14:26
2855,300,856500,10:14:25
2858,400,1143200,10:14:25
2857,400,1142800,10:14:25
2856,100,285600,10:14:25
2854,1500,4281000,10:14:24
2855,1400,3997000,10:14:24
2856,400,1142400,10:14:24
2858,300,857400,10:14:24
2858,300,857400,10:14:24
2859,200,571800,10:14:24
2860,100,286000,10:14:24
2860,100,286000,10:14:24
2860,100,286000,10:14:24
2860,100,286000,10:14:24
2860,100,286000,10:14:24
2859,200,571800,10:14:24
2860,100,286000,10:14:24
2860,100,286000,10:14:24
2862,500,1431000,10:14:24
2861,100,286100,10:14:24
2861,100,286100,10:14:24
2861,300,858300,10:14:24
2858,400,1143200,10:14:24
2860,7400,21164000,10:14:24
2858,100,285800,10:14:24
2857,200,571400,10:14:24
2859,300,857700,10:14:24
2859,500,1429500,10:14:24
2859,500,1429500,10:14:24
2858,100,285800,10:14:24
2858,1700,4858600,10:14:24
2857,1500,4285500,10:14:24
2856,1200,3427200,10:14:24
2855,100,285500,10:14:24
2855,100,285500,10:14:24
2854,100,285400,10:14:24
2855,100,285500,10:14:23
2854,100,285400,10:14:23
2854,500,1427000,10:14:23
2854,300,856200,10:14:23
2854,500,1427000,10:14:23
2854,500,1427000,10:14:23
2855,100,285500,10:14:22
2855,100,285500,10:14:22
2855,100,285500,10:14:22
2855,400,1142000,10:14:21
2856,200,571200,10:14:20
2855,100,285500,10:14:20
2855,100,285500,10:14:19
2855,100,285500,10:14:19
2856,300,856800,10:14:18
2856,200,571200,10:14:18
2855,100,285500,10:14:18
2855,100,285500,10:14:18
2857,300,857100,10:14:16
2856,200,571200,10:14:16
2856,100,285600,10:14:14
2856,400,1142400,10:14:13
2858,400,1143200,10:14:13
2857,600,1714200,10:14:13
2856,400,1142400,10:14:13
2856,100,285600,10:14:13
2856,100,285600,10:14:13
2855,800,2284000,10:14:13
2854,100,285400,10:14:12
2854,100,285400,10:14:12
2853,200,570600,10:14:12
2853,200,570600,10:14:12
2853,200,570600,10:14:12
2853,200,570600,10:14:12
2852,100,285200,10:14:11
2852,100,285200,10:14:11
2852,100,285200,10:14:11
2852,400,1140800,10:14:09
2852,600,1711200,10:14:09
2853,100,285300,10:14:09
2854,100,285400,10:14:07
2854,100,285400,10:14:07
2853,1000,2853000,10:14:07
2854,1100,3139400,10:14:07
2855,200,571000,10:14:07
2856,300,856800,10:14:07
2857,100,285700,10:14:06
2856,200,571200,10:14:06
2857,100,285700,10:14:06
2856,100,285600,10:14:06
2854,100,285400,10:14:06
2855,800,2284000,10:14:06
2857,300,857100,10:14:05
2857,400,1142800,10:14:04
2856,200,571200,10:14:04
2857,200,571400,10:14:03
2857,200,571400,10:14:02
2857,100,285700,10:14:02
2857,100,285700,10:14:02
2857,100,285700,10:14:02
2856,400,1142400,10:14:00
2858,300,857400,10:14:00
2857,200,571400,10:13:59
2857,200,571400,10:13:59
2856,700,1999200,10:13:58
2855,500,1427500,10:13:58
2853,300,855900,10:13:57
2853,200,570600,10:13:57
2854,300,856200,10:13:57
2855,200,571000,10:13:56
2855,100,285500,10:13:55
2854,800,2283200,10:13:55
2853,400,1141200,10:13:55
2853,200,570600,10:13:55
2851,600,1710600,10:13:55
2852,100,285200,10:13:55
2853,100,285300,10:13:55
2851,300,855300,10:13:55
2852,200,570400,10:13:54
2853,300,855900,10:13:54
2850,100,285000,10:13:54
2850,300,855000,10:13:54
2848,100,284800,10:13:53
2849,100,284900,10:13:53
2849,200,569800,10:13:53
2851,100,285100,10:13:53
2850,400,1140000,10:13:53
2849,200,569800,10:13:53
2853,800,2282400,10:13:53
2853,1600,4564800,10:13:53
2852,700,1996400,10:13:53
2851,1100,3136100,10:13:53
2850,500,1425000,10:13:53
2849,300,854700,10:13:53
2848,100,284800,10:13:52
2848,300,854400,10:13:52
2850,100,285000,10:13:52
2850,100,285000,10:13:51
2848,100,284800,10:13:51
2848,100,284800,10:13:50
2850,100,285000,10:13:50
2849,800,2279200,10:13:49
2850,100,285000,10:13:49
2851,300,855300,10:13:49
2849,300,854700,10:13:49
2851,300,855300,10:13:49
2850,200,570000,10:13:49
2850,600,1710000,10:13:49
2850,100,285000,10:13:49
2850,400,1140000,10:13:48
2852,100,285200,10:13:48
2851,200,570200,10:13:48
2850,100,285000,10:13:48
2850,100,285000,10:13:47
2850,200,570000,10:13:47
2851,100,285100,10:13:47
2851,200,570200,10:13:47
2851,100,285100,10:13:47
2852,100,285200,10:13:47
2852,400,1140800,10:13:47
2854,100,285400,10:13:46
2853,100,285300,10:13:46
2853,200,570600,10:13:46
2854,300,856200,10:13:45
2854,100,285400,10:13:45
2855,2300,6566500,10:13:45
2857,100,285700,10:13:45
2856,200,571200,10:13:45
2857,100,285700,10:13:44
2857,100,285700,10:13:41
2857,200,571400,10:13:41
2857,200,571400,10:13:40
2855,100,285500,10:13:40
2856,200,571200,10:13:40
2857,200,571400,10:13:39
2856,500,1428000,10:13:39
2855,100,285500,10:13:39
2854,500,1427000,10:13:39
2855,200,571000,10:13:39
2854,500,1427000,10:13:39
2852,100,285200,10:13:38
2853,100,285300,10:13:38
2852,100,285200,10:13:38
2853,100,285300,10:13:38
2852,800,2281600,10:13:38
2853,100,285300,10:13:38
2853,400,1141200,10:13:38
2853,200,570600,10:13:38
2853,100,285300,10:13:38
2853,300,855900,10:13:38
2854,200,570800,10:13:38
2855,100,285500,10:13:37
2855,400,1142000,10:13:37
2855,100,285500,10:13:37
2854,100,285400,10:13:36
2854,100,285400,10:13:36
2856,300,856800,10:13:35
2857,100,285700,10:13:34
2856,300,856800,10:13:34
2855,100,285500,10:13:33
2855,200,571000,10:13:33
2857,100,285700,10:13:33
2858,100,285800,10:13:33
2857,100,285700,10:13:33
2857,200,571400,10:13:31
2854,300,856200,10:13:31
2856,200,571200,10:13:31
2855,100,285500,10:13:31
2856,100,285600,10:13:31
2854,100,285400,10:13:30
2857,100,285700,10:13:30
2856,100,285600,10:13:30
2856,100,285600,10:13:30
2855,100,285500,10:13:29
2854,600,1712400,10:13:29
2854,100,285400,10:13:29
2855,800,2284000,10:13:29
2855,1000,2855000,10:13:29
2855,100,285500,10:13:29
2855,300,856500,10:13:29
2856,200,571200,10:13:28
2857,100,285700,10:13:28
2857,1100,3142700,10:13:28
2857,400,1142800,10:13:28
2857,600,1714200,10:13:28
2857,100,285700,10:13:28
2858,100,285800,10:13:28
2858,100,285800,10:13:28
2857,200,571400,10:13:27
2858,200,571600,10:13:27
2859,500,1429500,10:13:26
2859,200,571800,10:13:26
2858,100,285800,10:13:26
2858,100,285800,10:13:26
2858,100,285800,10:13:26
2859,100,285900,10:13:26
2859,100,285900,10:13:25
2859,400,1143600,10:13:25
2859,400,1143600,10:13:25
2858,500,1429000,10:13:25
2857,200,571400,10:13:25
2858,200,571600,10:13:24
2858,100,285800,10:13:24
2858,100,285800,10:13:24
2858,200,571600,10:13:24
2856,200,571200,10:13:24
2858,100,285800,10:13:24
2858,100,285800,10:13:23
2858,100,285800,10:13:23
2858,300,857400,10:13:23
2857,100,285700,10:13:23
2857,200,571400,10:13:23
2857,100,285700,10:13:22
2857,100,285700,10:13:22
2857,200,571400,10:13:22
2856,100,285600,10:13:21
2858,200,571600,10:13:21
2858,100,285800,10:13:20
2856,300,856800,10:13:20
2857,900,2571300,10:13:20
2859,500,1429500,10:13:20
2860,100,286000,10:13:20
2859,200,571800,10:13:20
2859,100,285900,10:13:19
2858,200,571600,10:13:18
2860,1700,4862000,10:13:17
2859,100,285900,10:13:17
2859,500,1429500,10:13:17
2859,200,571800,10:13:17
2859,100,285900,10:13:17
2859,100,285900,10:13:16
2858,100,285800,10:13:16
2858,100,285800,10:13:16
2857,100,285700,10:13:16
2858,100,285800,10:13:16
2857,1500,4285500,10:13:16
2857,300,857100,10:13:16
2856,100,285600,10:13:15
2856,500,1428000,10:13:15
2856,200,571200,10:13:14
2855,100,285500,10:13:14
2855,100,285500,10:13:14
2855,200,571000,10:13:14
2855,100,285500,10:13:13
2854,500,1427000,10:13:12
2851,200,570200,10:13:11
2852,300,855600,10:13:11
2852,100,285200,10:13:11
2851,800,2280800,10:13:10
2852,200,570400,10:13:10
2852,100,285200,10:13:09
2852,300,855600,10:13:09
2851,100,285100,10:13:09
2851,100,285100,10:13:07
2851,300,855300,10:13:07
2852,300,855600,10:13:07
2852,200,570400,10:13:07
2854,700,1997800,10:13:07
2853,300,855900,10:13:07
2853,100,285300,10:13:06
2852,100,285200,10:13:06
2851,1000,2851000,10:13:06
2851,100,285100,10:13:06
2850,100,285000,10:13:06
2850,200,570000,10:13:05
2849,300,854700,10:13:05
2849,200,569800,10:13:05
2850,500,1425000,10:13:05
2851,100,285100,10:13:05
2850,100,285000,10:13:05
2851,100,285100,10:13:04
2850,500,1425000,10:13:04
2851,200,570200,10:13:04
2853,200,570600,10:13:04
2852,200,570400,10:13:04
2851,100,285100,10:13:04
2851,100,285100,10:13:03
2850,200,570000,10:13:01
2850,200,570000,10:13:01
2851,100,285100,10:13:01
2850,200,570000,10:13:01
2851,100,285100,10:13:01
2850,1100,3135000,10:13:01
2850,100,285000,10:13:01
2850,100,285000,10:13:01
2850,300,855000,10:13:01
2849,100,284900,10:13:01
2849,200,569800,10:13:00
2849,100,284900,10:13:00
2849,100,284900,10:13:00
2849,100,284900,10:13:00
2851,100,285100,10:13:00
2850,400,1140000,10:12:59
2851,200,570200,10:12:59
2851,100,285100,10:12:59
2851,100,285100,10:12:59
2851,100,285100,10:12:59
2851,100,285100,10:12:59
2851,700,1995700,10:12:59
2851,100,285100,10:12:59
2850,1400,3990000,10:12:59
2849,400,1139600,10:12:59
2849,200,569800,10:12:59
2849,800,2279200,10:12:59
2849,100,284900,10:12:59
2848,1900,5411200,10:12:59
2847,2600,7402200,10:12:59
2845,100,284500,10:12:59
2846,300,853800,10:12:59
2845,500,1422500,10:12:59
2844,100,284400,10:12:59
2845,100,284500,10:12:59
2845,1600,4552000,10:12:59
2845,100,284500,10:12:55
2847,300,854100,10:12:55
2847,300,854100,10:12:55
2847,800,2277600,10:12:55
2847,200,569400,10:12:55
2847,800,2277600,10:12:55
2846,100,284600,10:12:55
2845,400,1138000,10:12:54
2845,100,284500,10:12:54
2848,400,1139200,10:12:54
2847,700,1992900,10:12:54
2846,100,284600,10:12:54
2846,100,284600,10:12:54
2847,300,854100,10:12:52
2847,100,284700,10:12:51
2846,100,284600,10:12:51
2845,800,2276000,10:12:50
2845,100,284500,10:12:50
2845,100,284500,10:12:50
2845,100,284500,10:12:50
2845,100,284500,10:12:50
2844,100,284400,10:12:49
2844,100,284400,10:12:49
2844,100,284400,10:12:48
2843,100,284300,10:12:48
2844,200,568800,10:12:46
2843,300,852900,10:12:44
2843,100,284300,10:12:44
2842,200,568400,10:12:43
2842,100,284200,10:12:43
2842,200,568400,10:12:43
2841,100,284100,10:12:42
2841,100,284100,10:12:42
2841,200,568200,10:12:42
2840,100,284000,10:12:40
2839,400,1135600,10:12:40
2840,300,852000,10:12:40
2841,200,568200,10:12:40
2841,300,852300,10:12:39
2839,300,851700,10:12:38
2840,200,568000,10:12:38
2840,100,284000,10:12:38
2840,200,568000,10:12:38
2840,300,852000,10:12:38
2840,200,568000,10:12:38
2839,100,283900,10:12:38
2840,400,1136000,10:12:38
2840,100,284000,10:12:38
2840,200,568000,10:12:38
2840,5000,14200000,10:12:38
2841,400,1136400,10:12:36
2841,300,852300,10:12:35
2842,100,284200,10:12:35
2841,300,852300,10:12:34
2842,200,568400,10:12:33
2841,200,568200,10:12:33
2842,100,284200,10:12:33
2843,100,284300,10:12:32
2842,100,284200,10:12:32
2841,100,284100,10:12:32
2842,800,2273600,10:12:32
2842,400,1136800,10:12:32
2843,500,1421500,10:12:31
2844,1200,3412800,10:12:30
2844,400,1137600,10:12:30
2846,100,284600,10:12:30
2846,100,284600,10:12:30
2846,200,569200,10:12:30
2846,900,2561400,10:12:30
2844,100,284400,10:12:30
2845,200,569000,10:12:29
2845,100,284500,10:12:29
2846,700,1992200,10:12:28
2848,200,569600,10:12:28
2848,300,854400,10:12:27
2848,200,569600,10:12:26
2847,200,569400,10:12:26
2846,1200,3415200,10:12:26
2847,100,284700,10:12:26
2849,100,284900,10:12:25
2848,100,284800,10:12:24
2846,300,853800,10:12:22
2847,100,284700,10:12:22
2847,100,284700,10:12:21
2845,500,1422500,10:12:20
2846,100,284600,10:12:19
2845,100,284500,10:12:19
2846,200,569200,10:12:18
2847,200,569400,10:12:18
2846,200,569200,10:12:17
2848,300,854400,10:12:17
2846,100,284600,10:12:17
2846,100,284600,10:12:17
2846,200,569200,10:12:16
2847,400,1138800,10:12:16
2849,300,854700,10:12:15
2848,100,284800,10:12:15
2847,200,569400,10:12:15
2847,100,284700,10:12:14
2849,100,284900,10:12:14
2848,400,1139200,10:12:13
2850,400,1140000,10:12:13
2850,1300,3705000,10:12:13
2849,1100,3133900,10:12:13
2848,100,284800,10:12:13
2847,200,569400,10:12:13
2848,400,1139200,10:12:13
2847,100,284700,10:12:13
2847,300,854100,10:12:13
2846,800,2276800,10:12:13
2845,100,284500,10:12:12
2845,1000,2845000,10:12:12
2846,200,569200,10:12:12
2846,100,284600,10:12:12
2846,100,284600,10:12:12
2846,100,284600,10:12:12
2846,100,284600,10:12:12
2846,100,284600,10:12:12
2848,100,284800,10:12:12
2848,300,854400,10:12:12
2847,100,284700,10:12:12
2846,200,569200,10:12:11
2844,100,284400,10:12:10
2845,1000,2845000,10:12:10
2846,800,2276800,10:12:10
2847,100,284700,10:12:10
2846,300,853800,10:12:10
2847,200,569400,10:12:09
2846,200,569200,10:12:09
2845,500,1422500,10:12:08
2844,100,284400,10:12:08
2844,100,284400,10:12:08
2844,100,284400,10:12:08
2846,500,1423000,10:12:07
2846,100,284600,10:12:07
2846,700,1992200,10:12:07
2845,200,569000,10:12:07
2844,400,1137600,10:12:07
2842,100,284200,10:12:07
2842,300,852600,10:12:07
2842,900,2557800,10:12:06
2843,900,2558700,10:12:06
2843,300,852900,10:12:06
2846,100,284600,10:12:05
2846,200,569200,10:12:05
2844,100,284400,10:12:05
2845,100,284500,10:12:05
2844,1300,3697200,10:12:05
2844,200,568800,10:12:05
2844,100,284400,10:12:05
2844,100,284400,10:12:05
2844,100,284400,10:12:05
2845,2100,5974500,10:12:05
2845,900,2560500,10:12:04
2845,300,853500,10:12:04
2846,100,284600,10:12:04
2846,100,284600,10:12:04
2846,100,284600,10:12:03
2846,100,284600,10:12:03
2845,100,284500,10:12:02
2845,100,284500,10:12:02
2846,100,284600,10:12:02
2846,200,569200,10:12:02
2845,500,1422500,10:12:02
2845,400,1138000,10:12:01
2845,200,569000,10:12:01
2845,500,1422500,10:12:01
2846,300,853800,10:12:01
2847,600,1708200,10:12:01
2848,100,284800,10:12:01
2849,300,854700,10:12:01
2849,100,284900,10:12:01
2848,300,854400,10:12:01
2847,100,284700,10:12:01
2847,800,2277600,10:12:01
2846,200,569200,10:12:01
2846,300,853800,10:12:01
2846,100,284600,10:12:01
2845,100,284500,10:12:00
2844,100,284400,10:12:00
2843,100,284300,10:12:00
2843,200,568600,10:12:00
2843,200,568600,10:12:00
2842,300,852600,10:12:00
2842,400,1136800,10:12:00
2843,100,284300,10:12:00
2845,100,284500,10:12:00
2844,400,1137600,10:12:00
2844,300,853200,10:11:59
2843,300,852900,10:11:59
2843,300,852900,10:11:58
2842,100,284200,10:11:58
2843,100,284300,10:11:58
2844,300,853200,10:11:58
2843,200,568600,10:11:58
2843,100,284300,10:11:58
2843,700,1990100,10:11:58
2842,500,1421000,10:11:58
2842,100,284200,10:11:57
2843,100,284300,10:11:57
2843,100,284300,10:11:57
2842,100,284200,10:11:57
2842,500,1421000,10:11:57
2843,300,852900,10:11:57
2844,300,853200,10:11:57
2846,200,569200,10:11:57
2845,100,284500,10:11:57
2848,1300,3702400,10:11:56
2847,1300,3701100,10:11:56
2846,800,2276800,10:11:56
2845,300,853500,10:11:56
2844,200,568800,10:11:56
2844,100,284400,10:11:56
2843,100,284300,10:11:56
2842,200,568400,10:11:55
2842,200,568400,10:11:55
2843,100,284300,10:11:55
2843,100,284300,10:11:55
2844,300,853200,10:11:54
2843,100,284300,10:11:54
2843,400,1137200,10:11:53
2841,300,852300,10:11:52
2842,100,284200,10:11:52
2841,100,284100,10:11:52
2841,100,284100,10:11:52
2841,100,284100,10:11:52
2840,100,284000,10:11:52
2840,100,284000,10:11:52
2840,200,568000,10:11:52
2840,200,568000,10:11:52
2840,200,568000,10:11:52
2839,100,283900,10:11:51
2839,200,567800,10:11:49
2838,700,1986600,10:11:49
2836,100,283600,10:11:49
2836,100,283600,10:11:48
2836,100,283600,10:11:48
2834,100,283400,10:11:48
2835,400,1134000,10:11:48
2835,400,1134000,10:11:48
2836,300,850800,10:11:48
2836,100,283600,10:11:47
2838,400,1135200,10:11:47
2837,800,2269600,10:11:47
2836,200,567200,10:11:47
2835,300,850500,10:11:45
2837,500,1418500,10:11:45
2836,200,567200,10:11:45
2840,300,852000,10:11:45
2839,700,1987300,10:11:45
2838,600,1702800,10:11:45
2837,300,851100,10:11:45
2836,100,283600,10:11:45
2836,300,850800,10:11:45
2836,300,850800,10:11:45
2834,100,283400,10:11:45
2838,600,1702800,10:11:45
2837,1200,3404400,10:11:45
2836,600,1701600,10:11:45
2835,900,2551500,10:11:45
2834,100,283400,10:11:45
2834,400,1133600,10:11:45
2833,100,283300,10:11:45
2835,300,850500,10:11:44
2834,600,1700400,10:11:44
2833,100,283300,10:11:44
2834,200,566800,10:11:44
2833,200,566600,10:11:44
2833,100,283300,10:11:44
2833,100,283300,10:11:43
2833,200,566600,10:11:43
2831,100,283100,10:11:42
2832,400,1132800,10:11:42
2832,400,1132800,10:11:42
2830,700,1981000,10:11:42
2833,100,283300,10:11:42
2832,500,1416000,10:11:42
2834,100,283400,10:11:42
2834,200,566800,10:11:41
2834,100,283400,10:11:41
2833,100,283300,10:11:41
2833,200,566600,10:11:41
2832,200,566400,10:11:41
2832,100,283200,10:11:41
2832,300,849600,10:11:41
2831,5400,15287400,10:11:41
2831,1500,4246500,10:11:41
2830,2900,8207000,10:11:41
2829,600,1697400,10:11:41
2829,100,282900,10:11:41
2829,100,282900,10:11:41
2829,100,282900,10:11:40
2828,100,282800,10:11:40
2828,300,848400,10:11:39
2828,100,282800,10:11:39
2827,200,565400,10:11:39
2826,200,565200,10:11:39
2826,300,847800,10:11:38
2827,100,282700,10:11:38
2827,200,565400,10:11:38
2827,500,1413500,10:11:38
2826,100,282600,10:11:37
2825,2100,5932500,10:11:37
2824,900,2541600,10:11:37
2823,200,564600,10:11:37
2823,3000,8469000,10:11:37
2823,200,564600,10:11:37
2822,300,846600,10:11:37
2820,100,282000,10:11:36
2821,100,282100,10:11:36
2821,100,282100,10:11:34
2821,200,564200,10:11:34
2821,200,564200,10:11:34
2820,100,282000,10:11:30
2820,200,564000,10:11:30
2821,100,282100,10:11:30
2821,100,282100,10:11:30
2822,100,282200,10:11:29
2820,300,846000,10:11:26
2820,100,282000,10:11:26
2820,200,564000,10:11:26
2822,200,564400,10:11:25
2820,500,1410000,10:11:25
2822,100,282200,10:11:25
2821,100,282100,10:11:25
2821,600,1692600,10:11:22
2822,100,282200,10:11:20
2822,400,1128800,10:11:20
2822,100,282200,10:11:20
2823,100,282300,10:11:18
2822,200,564400,10:11:17
2822,200,564400,10:11:17
2823,500,1411500,10:11:17
2822,100,282200,10:11:15
2821,400,1128400,10:11:14
2821,100,282100,10:11:12
2821,100,282100,10:11:10
2823,300,846900,10:11:10
2822,100,282200,10:11:10
2822,200,564400,10:11:08
2823,100,282300,10:11:07
2823,200,564600,10:11:06
2823,100,282300,10:11:04
2823,100,282300,10:11:04
2822,400,1128800,10:11:03
2823,300,846900,10:11:00
2823,300,846900,10:11:00
2824,100,282400,10:10:59
2824,100,282400,10:10:59
2823,100,282300,10:10:59
2824,100,282400,10:10:59
2824,800,2259200,10:10:59
2823,200,564600,10:10:59
2822,100,282200,10:10:57
2821,100,282100,10:10:56
2822,100,282200,10:10:56
2821,100,282100,10:10:55
2821,100,282100,10:10:53
2822,100,282200,10:10:52
2822,100,282200,10:10:51
2820,800,2256000,10:10:50
2820,300,846000,10:10:50
2820,100,282000,10:10:49
2818,100,281800,10:10:47
2818,500,1409000,10:10:47
2818,500,1409000,10:10:47
2818,100,281800,10:10:47
2819,400,1127600,10:10:47
2819,100,281900,10:10:47
2819,200,563800,10:10:47
2819,1300,3664700,10:10:47
2819,100,281900,10:10:47
2819,100,281900,10:10:46
2819,100,281900,10:10:46
2819,100,281900,10:10:46
2820,100,282000,10:10:42
2820,100,282000,10:10:39
2819,100,281900,10:10:37
2820,300,846000,10:10:37
2820,100,282000,10:10:36
2820,200,564000,10:10:36
2821,100,282100,10:10:36
2821,300,846300,10:10:36
2820,100,282000,10:10:35
2820,800,2256000,10:10:35
2819,100,281900,10:10:33
2819,100,281900,10:10:32
2818,300,845400,10:10:29
2819,100,281900,10:10:25
2817,100,281700,10:10:22
2819,100,281900,10:10:17
2819,500,1409500,10:10:17
2821,100,282100,10:10:17
2820,100,282000,10:10:17
2819,500,1409500,10:10:17
2820,100,282000,10:10:16
2819,800,2255200,10:10:16
2818,200,563600,10:10:14
2818,200,563600,10:10:14
2818,100,281800,10:10:14
2818,1100,3099800,10:10:14
2816,100,281600,10:10:14
2815,1400,3941000,10:10:14
2816,600,1689600,10:10:14
2816,100,281600,10:10:13
2816,100,281600,10:10:12
2817,100,281700,10:10:12
2818,100,281800,10:10:10
2818,600,1690800,10:10:10
2817,100,281700,10:10:10
2817,200,563400,10:10:09
2816,200,563200,10:10:09
2815,400,1126000,10:10:09
2815,100,281500,10:10:09
2815,100,281500,10:10:09
2815,200,563000,10:10:09
2815,100,281500,10:10:09
2815,300,844500,10:10:09
2815,1600,4504000,10:10:09
2815,100,281500,10:10:09
2815,100,281500,10:10:09
2815,100,281500,10:10:08
2816,100,281600,10:10:08
2815,100,281500,10:10:08
2816,100,281600,10:10:08
2816,200,563200,10:10:08
2818,200,563600,10:10:08
2817,100,281700,10:10:06
2816,100,281600,10:10:06
2817,200,563400,10:10:06
2818,100,281800,10:10:06
2818,200,563600,10:10:06
2818,700,1972600,10:10:06
2818,400,1127200,10:10:06
2818,700,1972600,10:10:06
2818,1900,5354200,10:10:06
2819,500,1409500,10:10:06
2819,1000,2819000,10:10:06
2819,300,845700,10:10:06
2819,300,845700,10:10:05
2821,100,282100,10:10:04
2820,600,1692000,10:10:04
2821,1000,2821000,10:10:04
2822,300,846600,10:10:04
2823,300,846900,10:10:04
2824,1200,3388800,10:10:04
2824,800,2259200,10:10:04
2824,200,564800,10:10:03
2825,100,282500,10:10:03
2824,200,564800,10:10:02
2824,100,282400,10:10:02
2823,100,282300,10:10:02
2823,100,282300,10:10:02
2825,400,1130000,10:10:02
2824,600,1694400,10:10:02
2822,100,282200,10:10:01
2823,200,564600,10:10:01
2823,200,564600,10:10:01
2823,100,282300,10:10:01
2822,1000,2822000,10:10:01
2822,100,282200,10:10:00
2822,100,282200,10:09:59
2823,1000,2823000,10:09:58
2822,100,282200,10:09:58
2823,200,564600,10:09:56
2821,100,282100,10:09:55
2823,400,1129200,10:09:54
2824,200,564800,10:09:54
2824,200,564800,10:09:54
2824,100,282400,10:09:54
2823,100,282300,10:09:52
2823,300,846900,10:09:52
2822,100,282200,10:09:52
2821,100,282100,10:09:51
2822,700,1975400,10:09:51
2821,500,1410500,10:09:51
2820,700,1974000,10:09:51
2819,100,281900,10:09:51
2819,300,845700,10:09:49
2818,100,281800,10:09:49
2818,300,845400,10:09:49
2818,200,563600,10:09:45
2819,600,1691400,10:09:45
2818,200,563600,10:09:45
2817,100,281700,10:09:44
2818,100,281800,10:09:44
2819,200,563800,10:09:43
2818,700,1972600,10:09:43
2818,100,281800,10:09:42
2817,100,281700,10:09:41
2817,200,563400,10:09:41
2817,200,563400,10:09:41
2816,700,1971200,10:09:41
2818,100,281800,10:09:41
2817,300,845100,10:09:40
2817,100,281700,10:09:40
2817,500,1408500,10:09:40
2817,100,281700,10:09:39
2818,100,281800,10:09:39
2818,400,1127200,10:09:38
2818,100,281800,10:09:38
2818,200,563600,10:09:38
2818,400,1127200,10:09:38
2817,100,281700,10:09:38
2816,700,1971200,10:09:38
2816,2500,7040000,10:09:38
2815,700,1970500,10:09:38
2814,100,281400,10:09:38
2815,100,281500,10:09:38
2814,200,562800,10:09:38
2814,300,844200,10:09:33
2814,100,281400,10:09:33
2813,200,562600,10:09:33
2813,800,2250400,10:09:33
2814,600,1688400,10:09:32
2814,100,281400,10:09:32
2813,500,1406500,10:09:32
2812,100,281200,10:09:32
2811,100,281100,10:09:31
2811,400,1124400,10:09:30
2812,100,281200,10:09:30
2812,100,281200,10:09:30
2811,500,1405500,10:09:30
2812,800,2249600,10:09:30
2813,200,562600,10:09:29
2812,300,843600,10:09:28
2811,100,281100,10:09:27
2811,100,281100,10:09:27
2811,100,281100,10:09:27
2811,100,281100,10:09:27
2811,200,562200,10:09:27
2811,100,281100,10:09:20
2812,100,281200,10:09:19
2811,300,843300,10:09:19
2812,500,1406000,10:09:19
2812,100,281200,10:09:18
2812,300,843600,10:09:17
2813,600,1687800,10:09:16
2813,300,843900,10:09:16
2813,200,562600,10:09:16
2813,100,281300,10:09:15
2812,200,562400,10:09:15
2812,500,1406000,10:09:15
2812,100,281200,10:09:14
2812,100,281200,10:09:14
2812,100,281200,10:09:14
2812,700,1968400,10:09:14
2812,200,562400,10:09:14
2813,100,281300,10:09:13
2813,100,281300,10:09:13
2812,200,562400,10:09:13
2812,200,562400,10:09:13
2812,100,281200,10:09:12
2811,300,843300,10:09:12
2811,100,281100,10:09:11
2811,300,843300,10:09:11
2810,600,1686000,10:09:11
2809,100,280900,10:09:10
2808,100,280800,10:09:10
2808,100,280800,10:09:09
2807,100,280700,10:09:07
2809,100,280900,10:09:06
2808,100,280800,10:09:06
2807,100,280700,10:09:05
2806,100,280600,10:09:05
2807,100,280700,10:09:02
2806,400,1122400,10:09:01
2806,700,1964200,10:09:01
2805,600,1683000,10:09:00
2806,200,561200,10:08:57
2806,200,561200,10:08:57
2805,100,280500,10:08:56
2806,200,561200,10:08:55
2806,100,280600,10:08:54
2806,300,841800,10:08:53
2806,200,561200,10:08:53
2806,200,561200,10:08:53
2805,300,841500,10:08:51
2805,100,280500,10:08:51
2805,100,280500,10:08:51
2805,200,561000,10:08:50
2804,400,1121600,10:08:50
2803,200,560600,10:08:49
2802,100,280200,10:08:49
2803,100,280300,10:08:49
2803,100,280300,10:08:49
2802,100,280200,10:08:49
2802,100,280200,10:08:48
2801,200,560200,10:08:48
2801,100,280100,10:08:48
2801,100,280100,10:08:48
2800,1000,2800000,10:08:48
2800,100,280000,10:08:47
2799,200,559800,10:08:47
2799,100,279900,10:08:47
2799,1100,3078900,10:08:47
2798,400,1119200,10:08:47
2798,100,279800,10:08:46
2798,100,279800,10:08:44
2798,200,559600,10:08:42
2798,100,279800,10:08:42
2797,100,279700,10:08:42
2797,900,2517300,10:08:42
2798,100,279800,10:08:42
2798,200,559600,10:08:42
2797,100,279700,10:08:40
2796,100,279600,10:08:40
2795,1200,3354000,10:08:40
2795,1500,4192500,10:08:40
2796,100,279600,10:08:40
2797,500,1398500,10:08:39
2798,100,279800,10:08:39
2798,100,279800,10:08:39
2798,100,279800,10:08:39
2797,200,559400,10:08:39
2797,100,279700,10:08:37
2796,100,279600,10:08:37
2794,100,279400,10:08:34
2795,200,559000,10:08:30
2797,500,1398500,10:08:28
2796,100,279600,10:08:28
2796,300,838800,10:08:28
2796,300,838800,10:08:28
2795,200,559000,10:08:28
2795,100,279500,10:08:28
2794,2100,5867400,10:08:28
2793,600,1675800,10:08:22
2794,100,279400,10:08:20
2794,300,838200,10:08:20
2794,300,838200,10:08:20
2795,100,279500,10:08:19
2794,200,558800,10:08:15
2795,100,279500,10:08:15
2795,100,279500,10:08:15
2795,300,838500,10:08:12
2794,100,279400,10:08:11
2794,500,1397000,10:08:11
2794,100,279400,10:08:11
2795,1500,4192500,10:08:11
2795,200,559000,10:08:10
2796,100,279600,10:08:10
2797,100,279700,10:08:08
2796,200,559200,10:08:04
2798,200,559600,10:08:03
2797,300,839100,10:08:03
2797,100,279700,10:08:01
2797,100,279700,10:08:00
2796,800,2236800,10:08:00
2798,100,279800,10:07:59
2797,200,559400,10:07:57
2797,400,1118800,10:07:57
2798,100,279800,10:07:56
2798,300,839400,10:07:56
2797,100,279700,10:07:56
2799,200,559800,10:07:55
2798,200,559600,10:07:55
2797,200,559400,10:07:54
2797,100,279700,10:07:53
2795,500,1397500,10:07:48
2796,400,1118400,10:07:48
2797,800,2237600,10:07:48
2796,100,279600,10:07:48
2795,100,279500,10:07:47
2797,300,839100,10:07:47
2796,100,279600,10:07:47
2795,2600,7267000,10:07:46
2796,300,838800,10:07:46
2797,100,279700,10:07:46
2799,100,279900,10:07:43
2799,300,839700,10:07:42
2799,300,839700,10:07:42
2798,700,1958600,10:07:42
2797,100,279700,10:07:41
2797,1900,5314300,10:07:41
2796,100,279600,10:07:41
2796,100,279600,10:07:41
2796,200,559200,10:07:38
2796,300,838800,10:07:37
2796,200,559200,10:07:37
2794,300,838200,10:07:37
2795,100,279500,10:07:37
2795,100,279500,10:07:37
2794,300,838200,10:07:36
2793,300,837900,10:07:36
2795,100,279500,10:07:36
2794,100,279400,10:07:35
2794,100,279400,10:07:35
2794,200,558800,10:07:34
2794,100,279400,10:07:34
2795,100,279500,10:07:32
2794,100,279400,10:07:31
2794,100,279400,10:07:31
2795,500,1397500,10:07:30
2796,400,1118400,10:07:26
2796,200,559200,10:07:26
2796,200,559200,10:07:19
2796,100,279600,10:07:17
2797,100,279700,10:07:15
2796,100,279600,10:07:15
2795,100,279500,10:07:13
2795,700,1956500,10:07:10
2795,200,559000,10:07:10
2796,100,279600,10:07:09
2798,100,279800,10:07:08
2797,200,559400,10:07:08
2796,300,838800,10:07:08
2797,100,279700,10:07:08
2798,600,1678800,10:07:08
2799,100,279900,10:07:08
2799,100,279900,10:07:08
2799,100,279900,10:07:08
2799,400,1119600,10:07:07
2798,400,1119200,10:07:07
2798,100,279800,10:07:07
2797,3600,10069200,10:07:07
2796,200,559200,10:07:07
2795,300,838500,10:07:03
2794,100,279400,10:07:03
2794,700,1955800,10:07:02
2796,100,279600,10:07:01
2796,400,1118400,10:07:01
2795,100,279500,10:07:01
2797,100,279700,10:07:00
2796,400,1118400,10:07:00
2798,600,1678800,10:07:00
2797,100,279700,10:06:58
2797,200,559400,10:06:58
2797,100,279700,10:06:58
2798,200,559600,10:06:57
2797,100,279700,10:06:55
2798,100,279800,10:06:55
2798,500,1399000,10:06:54
2797,500,1398500,10:06:54
2796,300,838800,10:06:53
2796,100,279600,10:06:53
2795,100,279500,10:06:52
2796,100,279600,10:06:52
2796,100,279600,10:06:52
2795,100,279500,10:06:51
2796,200,559200,10:06:51
2795,100,279500,10:06:50
2795,300,838500,10:06:50
2793,100,279300,10:06:50
2794,100,279400,10:06:50
2792,300,837600,10:06:48
2792,100,279200,10:06:48
2792,300,837600,10:06:44
2791,100,279100,10:06:43
2791,100,279100,10:06:42
2790,100,279000,10:06:41
2790,200,558000,10:06:41
2791,200,558200,10:06:40
2790,100,279000,10:06:38
2789,100,278900,10:06:38
2790,1600,4464000,10:06:38
2790,400,1116000,10:06:38
2792,100,279200,10:06:35
2792,100,279200,10:06:31
2791,100,279100,10:06:31
2790,100,279000,10:06:31
2790,200,558000,10:06:30
2790,400,1116000,10:06:29
2792,200,558400,10:06:28
2792,2000,5584000,10:06:28
2792,300,837600,10:06:28
2792,400,1116800,10:06:28
2791,100,279100,10:06:28
2792,100,279200,10:06:27
2791,300,837300,10:06:27
2792,400,1116800,10:06:26
2792,300,837600,10:06:24
2792,100,279200,10:06:22
2792,100,279200,10:06:22
2792,100,279200,10:06:22
2793,400,1117200,10:06:22
2792,100,279200,10:06:22
2792,100,279200,10:06:21
2792,100,279200,10:06:21
2792,100,279200,10:06:21
2793,300,837900,10:06:21
2792,100,279200,10:06:21
2792,100,279200,10:06:21
2791,300,837300,10:06:21
2791,200,558200,10:06:21
2790,100,279000,10:06:20
2790,100,279000,10:06:20
2789,100,278900,10:06:20
2790,100,279000,10:06:20
2791,300,837300,10:06:20
2790,100,279000,10:06:18
2790,200,558000,10:06:18
2790,100,279000,10:06:18
2790,200,558000,10:06:18
2791,100,279100,10:06:17
2790,200,558000,10:06:17
2789,100,278900,10:06:17
2789,700,1952300,10:06:17
2789,800,2231200,10:06:17
2789,800,2231200,10:06:17
2789,700,1952300,10:06:17
2790,500,1395000,10:06:14
2790,100,279000,10:06:13
2788,100,278800,10:06:10
2790,500,1395000,10:06:09
2789,100,278900,10:06:09
2788,100,278800,10:06:08
2788,700,1951600,10:06:08
2786,100,278600,10:06:08
2787,100,278700,10:06:08
2786,200,557200,10:06:07
2786,100,278600,10:06:07
2789,700,1952300,10:06:07
2788,900,2509200,10:06:07
2787,1000,2787000,10:06:07
2786,200,557200,10:06:07
2785,100,278500,10:06:07
2785,100,278500,10:06:03
2786,100,278600,10:06:02
2786,100,278600,10:06:02
2787,200,557400,10:06:02
2789,100,278900,10:05:58
2787,800,2229600,10:05:57
2788,200,557600,10:05:57
2789,300,836700,10:05:57
2789,100,278900,10:05:57
2788,400,1115200,10:05:57
2788,100,278800,10:05:57
2787,100,278700,10:05:56
2788,500,1394000,10:05:55
2787,100,278700,10:05:55
2785,300,835500,10:05:54
2789,1000,2789000,10:05:53
2788,900,2509200,10:05:53
2787,1300,3623100,10:05:53
2786,600,1671600,10:05:53
2784,300,835200,10:05:53
2782,100,278200,10:05:53
2783,600,1669800,10:05:53
2784,100,278400,10:05:53
2784,300,835200,10:05:52
2784,100,278400,10:05:52
2784,100,278400,10:05:50
2785,100,278500,10:05:50
2785,100,278500,10:05:49
2784,100,278400,10:05:48
2785,100,278500,10:05:47
2785,100,278500,10:05:47
2786,100,278600,10:05:47
2784,500,1392000,10:05:44
2785,100,278500,10:05:43
2785,200,557000,10:05:43
2784,100,278400,10:05:43
2784,200,556800,10:05:43
2787,300,836100,10:05:41
2786,100,278600,10:05:41
2785,300,835500,10:05:40
2784,200,556800,10:05:39
2783,200,556600,10:05:39
2783,200,556600,10:05:38
2785,600,1671000,10:05:38
2786,100,278600,10:05:37
2786,400,1114400,10:05:37
2786,200,557200,10:05:37
2784,100,278400,10:05:37
2785,900,2506500,10:05:36
2783,200,556600,10:05:36
2783,600,1669800,10:05:35
2784,900,2505600,10:05:35
2783,1000,2783000,10:05:35
2784,100,278400,10:05:33
2784,100,278400,10:05:32
2784,100,278400,10:05:31
2785,100,278500,10:05:31
2784,100,278400,10:05:31
2786,200,557200,10:05:30
2784,100,278400,10:05:29
2785,500,1392500,10:05:29
2785,100,278500,10:05:26
2786,300,835800,10:05:26
2786,100,278600,10:05:25
2785,1800,5013000,10:05:25
2784,400,1113600,10:05:25
2783,100,278300,10:05:23
2784,100,278400,10:05:23
2782,100,278200,10:05:22
2783,500,1391500,10:05:22
2781,500,1390500,10:05:22
2782,1300,3616600,10:05:22
2783,200,556600,10:05:22
2784,100,278400,10:05:22
2784,100,278400,10:05:22
2783,700,1948100,10:05:22
2785,100,278500,10:05:21
2784,100,278400,10:05:19
2784,100,278400,10:05:19
2783,100,278300,10:05:18
2783,100,278300,10:05:18
2783,100,278300,10:05:18
2784,700,1948800,10:05:18
2783,100,278300,10:05:18
2781,100,278100,10:05:18
2782,200,556400,10:05:18
2782,100,278200,10:05:18
2781,100,278100,10:05:17
2781,100,278100,10:05:17
2782,100,278200,10:05:17
2782,100,278200,10:05:17
2782,100,278200,10:05:17
2780,200,556000,10:05:17
2780,200,556000,10:05:17
2779,100,277900,10:05:17
2780,100,278000,10:05:17
2780,100,278000,10:05:17
2778,100,277800,10:05:17
2778,100,277800,10:05:17
2781,300,834300,10:05:17
2778,100,277800,10:05:17
2779,300,833700,10:05:17
2780,3600,10008000,10:05:17
2780,1000,2780000,10:05:17
2780,100,278000,10:05:17
2780,500,1390000,10:05:17
2780,100,278000,10:05:17
2780,100,278000,10:05:17
2780,700,1946000,10:05:17
2780,100,278000,10:05:17
2780,400,1112000,10:05:17
2780,100,278000,10:05:17
2780,600,1668000,10:05:17
2780,100,278000,10:05:17
2780,3700,10286000,10:05:17
2781,100,278100,10:05:17
2781,100,278100,10:05:17
2780,11800,32804000,10:05:17
2780,200,556000,10:05:17
2780,1100,3058000,10:05:17
2780,700,1946000,10:05:17
2780,100,278000,10:05:17
2780,300,834000,10:05:17
2780,500,1390000,10:05:17
2780,800,2224000,10:05:17
2780,300,834000,10:05:17
2780,400,1112000,10:05:17
2781,7400,20579400,10:05:17
2781,100,278100,10:05:17
2782,1200,3338400,10:05:17
2782,1100,3060200,10:05:17
2783,600,1669800,10:05:17
2783,100,278300,10:05:17
2783,400,1113200,10:05:17
2783,100,278300,10:05:17
2783,2700,7514100,10:05:17
2783,500,1391500,10:05:17
2783,100,278300,10:05:17
2784,400,1113600,10:05:17
2785,3000,8355000,10:05:17
2786,200,557200,10:05:16
2786,500,1393000,10:05:16
2786,100,278600,10:05:16
2787,1600,4459200,10:05:16
2788,900,2509200,10:05:16
2788,500,1394000,10:05:16
2788,300,836400,10:05:15
2789,100,278900,10:05:14
2790,100,279000,10:05:10
2790,100,279000,10:05:09
2789,200,557800,10:05:09
2789,100,278900,10:05:09
2789,200,557800,10:05:07
2789,100,278900,10:05:05
2790,100,279000,10:05:05
2790,300,837000,10:05:04
2790,100,279000,10:05:04
2790,100,279000,10:05:04
2790,100,279000,10:05:04
2789,100,278900,10:05:03
2790,100,279000,10:05:02
2790,100,279000,10:05:00
2789,100,278900,10:05:00
2790,100,279000,10:04:58
2790,500,1395000,10:04:58
2790,100,279000,10:04:57
2791,200,558200,10:04:57
2790,300,837000,10:04:57
2789,200,557800,10:04:56
2789,200,557800,10:04:56
2790,100,279000,10:04:54
2790,100,279000,10:04:54
2789,300,836700,10:04:54
2789,100,278900,10:04:54
2788,100,278800,10:04:54
2788,100,278800,10:04:52
2788,100,278800,10:04:52
2789,400,1115600,10:04:52
2790,200,558000,10:04:52
2791,200,558200,10:04:51
2789,100,278900,10:04:49
2791,300,837300,10:04:47
2790,100,279000,10:04:46
2790,100,279000,10:04:46
2790,200,558000,10:04:45
2790,100,279000,10:04:44
2790,100,279000,10:04:43
2790,100,279000,10:04:43
2790,200,558000,10:04:43
2790,200,558000,10:04:43
2791,200,558200,10:04:43
2791,100,279100,10:04:43
2792,300,837600,10:04:42
2791,300,837300,10:04:42
2791,200,558200,10:04:42
2790,100,279000,10:04:42
2790,200,558000,10:04:42
2788,100,278800,10:04:41
2790,100,279000,10:04:41
2789,100,278900,10:04:40
2789,100,278900,10:04:39
2790,100,279000,10:04:38
2789,100,278900,10:04:36
2790,200,558000,10:04:36
2790,500,1395000,10:04:36
2789,400,1115600,10:04:35
2788,100,278800,10:04:35
2786,100,278600,10:04:34
2786,100,278600,10:04:34
2786,100,278600,10:04:34
2787,100,278700,10:04:33
2787,300,836100,10:04:33
2789,100,278900,10:04:32
2790,100,279000,10:04:31
2790,100,279000,10:04:30
2790,100,279000,10:04:30
2790,100,279000,10:04:30
2790,100,279000,10:04:30
2790,100,279000,10:04:30
2790,400,1116000,10:04:29
2790,100,279000,10:04:28
2790,700,1953000,10:04:27
2790,300,837000,10:04:27
2789,100,278900,10:04:27
2788,100,278800,10:04:26
2788,100,278800,10:04:26
2788,100,278800,10:04:26
2788,300,836400,10:04:26
2788,400,1115200,10:04:25
2788,100,278800,10:04:25
2788,100,278800,10:04:25
2788,200,557600,10:04:25
2788,100,278800,10:04:25
2788,100,278800,10:04:24
2788,300,836400,10:04:24
2789,100,278900,10:04:24
2790,500,1395000,10:04:24
2790,200,558000,10:04:24
2791,100,279100,10:04:24
2791,100,279100,10:04:24
2791,300,837300,10:04:24
2791,100,279100,10:04:23
2790,200,558000,10:04:23
2790,800,2232000,10:04:23
2790,1500,4185000,10:04:23
2791,200,558200,10:04:23
2791,300,837300,10:04:22
2794,100,279400,10:04:21
2793,200,558600,10:04:21
2793,200,558600,10:04:21
2794,100,279400,10:04:21
2793,1700,4748100,10:04:21
2792,800,2233600,10:04:21
2792,100,279200,10:04:20
2791,100,279100,10:04:20
2792,100,279200,10:04:18
2791,400,1116400,10:04:18
2792,100,279200,10:04:18
2790,100,279000,10:04:18
2790,200,558000,10:04:18
2791,100,279100,10:04:18
2790,100,279000,10:04:17
2792,100,279200,10:04:17
2792,100,279200,10:04:16
2790,500,1395000,10:04:16
2791,100,279100,10:04:16
2791,100,279100,10:04:16
2792,100,279200,10:04:16
2793,100,279300,10:04:16
2791,100,279100,10:04:15
2791,200,558200,10:04:15
2791,400,1116400,10:04:14
2792,100,279200,10:04:14
2792,300,837600,10:04:14
2790,1000,2790000,10:04:13
2790,100,279000,10:04:13
2791,300,837300,10:04:13
2791,200,558200,10:04:13
2790,1700,4743000,10:04:13
2791,100,279100,10:04:13
2791,100,279100,10:04:13
2791,200,558200,10:04:13
2791,100,279100,10:04:13
2791,100,279100,10:04:13
2791,200,558200,10:04:13
2791,100,279100,10:04:13
2792,100,279200,10:04:13
2792,100,279200,10:04:12
2792,100,279200,10:04:12
2794,100,279400,10:04:12
2791,300,837300,10:04:12
2792,400,1116800,10:04:12
2792,700,1954400,10:04:12
2793,1000,2793000,10:04:12
2794,100,279400,10:04:11
2794,200,558800,10:04:11
2795,100,279500,10:04:11
2795,100,279500,10:04:11
2795,600,1677000,10:04:11
2794,100,279400,10:04:11
2795,1400,3913000,10:04:11
2795,1500,4192500,10:04:11
2795,600,1677000,10:04:11
2796,100,279600,10:04:11
2797,600,1678200,10:04:10
2797,100,279700,10:04:10
2797,100,279700,10:04:10
2797,100,279700,10:04:07
2798,100,279800,10:04:06
2798,100,279800,10:04:05
2799,500,1399500,10:04:05
2800,200,560000,10:04:05
2800,1400,3920000,10:04:03
2799,900,2519100,10:04:03
2798,200,559600,10:04:03
2797,200,559400,10:04:02
2795,100,279500,10:04:02
2795,200,559000,10:04:02
2796,300,838800,10:04:02
2798,300,839400,10:04:01
2798,700,1958600,10:03:59
2799,100,279900,10:03:59
2799,100,279900,10:03:58
2798,200,559600,10:03:57
2801,200,560200,10:03:57
2800,400,1120000,10:03:57
2799,700,1959300,10:03:57
2797,100,279700,10:03:57
2799,1200,3358800,10:03:57
2798,600,1678800,10:03:57
2797,100,279700,10:03:57
2798,1200,3357600,10:03:57
2795,100,279500,10:03:57
2797,800,2237600,10:03:57
2795,400,1118000,10:03:57
2795,100,279500,10:03:57
2796,100,279600,10:03:57
2796,100,279600,10:03:57
2796,100,279600,10:03:57
2796,300,838800,10:03:57
2797,100,279700,10:03:57
2797,200,559400,10:03:57
2796,200,559200,10:03:56
2796,200,559200,10:03:56
2797,300,839100,10:03:56
2797,100,279700,10:03:56
2798,1600,4476800,10:03:56
2798,100,279800,10:03:56
2799,200,559800,10:03:56
2799,100,279900,10:03:56
2800,3000,8400000,10:03:56
2800,200,560000,10:03:56
2802,100,280200,10:03:56
2801,1000,2801000,10:03:56
2802,1700,4763400,10:03:56
2803,1700,4765100,10:03:56
2804,500,1402000,10:03:56
2805,500,1402500,10:03:56
2806,400,1122400,10:03:56
2806,500,1403000,10:03:56
2806,100,280600,10:03:54
2807,100,280700,10:03:53
2808,200,561600,10:03:53
2806,100,280600,10:03:53
2806,100,280600,10:03:53
2805,100,280500,10:03:51
2805,100,280500,10:03:51
2806,1000,2806000,10:03:51
2805,100,280500,10:03:50
2804,400,1121600,10:03:50
2805,200,561000,10:03:50
2806,200,561200,10:03:49
2807,100,280700,10:03:48
2807,300,842100,10:03:48
2805,700,1963500,10:03:48
2806,100,280600,10:03:47
2805,100,280500,10:03:47
2805,100,280500,10:03:47
2806,200,561200,10:03:47
2806,1000,2806000,10:03:47
2805,100,280500,10:03:47
2805,100,280500,10:03:47
2805,100,280500,10:03:47
2804,500,1402000,10:03:47
2804,100,280400,10:03:47
2803,2400,6727200,10:03:47
2802,300,840600,10:03:46
2800,100,280000,10:03:45
2800,100,280000,10:03:44
2800,400,1120000,10:03:42
2800,200,560000,10:03:41
2800,100,280000,10:03:41
2801,100,280100,10:03:40
2801,100,280100,10:03:36
2801,100,280100,10:03:36
2801,200,560200,10:03:36
2801,200,560200,10:03:36
2802,1400,3922800,10:03:35
2803,100,280300,10:03:34
2803,300,840900,10:03:34
2802,100,280200,10:03:32
2803,100,280300,10:03:31
2803,100,280300,10:03:30
2804,400,1121600,10:03:30
2805,300,841500,10:03:30
2806,100,280600,10:03:30
2806,100,280600,10:03:30
2806,100,280600,10:03:30
2805,700,1963500,10:03:30
2805,100,280500,10:03:30
2804,100,280400,10:03:30
2804,1500,4206000,10:03:30
2803,1000,2803000,10:03:30
2802,100,280200,10:03:29
2802,100,280200,10:03:24
2803,100,280300,10:03:23
2802,100,280200,10:03:21
2802,600,1681200,10:03:20
2801,800,2240800,10:03:20
2800,100,280000,10:03:20
2799,4200,11755800,10:03:20
2800,100,280000,10:03:19
2800,100,280000,10:03:19
2799,1300,3638700,10:03:18
2799,1500,4198500,10:03:18
2800,400,1120000,10:03:17
2800,100,280000,10:03:17
2801,200,560200,10:03:17
2802,300,840600,10:03:16
2801,100,280100,10:03:16
2799,200,559800,10:03:16
2800,100,280000,10:03:16
2800,400,1120000,10:03:15
2801,400,1120400,10:03:15
2801,800,2240800,10:03:15
2800,200,560000,10:03:15
2799,100,279900,10:03:15
2799,500,1399500,10:03:15
2799,100,279900,10:03:15
2800,100,280000,10:03:15
2800,100,280000,10:03:13
2800,100,280000,10:03:13
2800,100,280000,10:03:13
2800,100,280000,10:03:13
2800,200,560000,10:03:13
2800,100,280000,10:03:13
2800,1000,2800000,10:03:13
2801,100,280100,10:03:13
2800,100,280000,10:03:13
2800,100,280000,10:03:13
2801,100,280100,10:03:13
2801,300,840300,10:03:13
2802,100,280200,10:03:13
2801,100,280100,10:03:12
2800,200,560000,10:03:12
2801,200,560200,10:03:12
2799,100,279900,10:03:12
2799,200,559800,10:03:12
2800,100,280000,10:03:12
2799,300,839700,10:03:12
2799,300,839700,10:03:12
2800,100,280000,10:03:12
2800,100,280000,10:03:12
2799,100,279900,10:03:12
2799,900,2519100,10:03:12
2799,900,2519100,10:03:12
2800,100,280000,10:03:12
2800,200,560000,10:03:12
2800,4500,12600000,10:03:12
2800,800,2240000,10:03:12
2800,200,560000,10:03:12
2800,100,280000,10:03:12
2800,200,560000,10:03:12
2800,2600,7280000,10:03:12
2800,200,560000,10:03:12
2800,100,280000,10:03:12
2800,200,560000,10:03:12
2800,3600,10080000,10:03:12
2800,100,280000,10:03:12
2800,300,840000,10:03:12
2800,400,1120000,10:03:12
2800,500,1400000,10:03:12
2800,500,1400000,10:03:12
2800,500,1400000,10:03:12
2800,500,1400000,10:03:12
2800,100,280000,10:03:10
2800,100,280000,10:03:10
2800,100,280000,10:03:09
2801,400,1120400,10:03:07
2801,100,280100,10:03:07
2801,100,280100,10:03:07
2802,200,560400,10:03:07
2802,100,280200,10:03:06
2803,200,560600,10:03:06
2803,100,280300,10:03:06
2802,200,560400,10:03:03
2803,100,280300,10:03:02
2803,100,280300,10:03:01
2802,200,560400,10:02:59
2802,100,280200,10:02:58
2803,300,840900,10:02:57
2802,200,560400,10:02:56
2802,100,280200,10:02:56
2800,200,560000,10:02:55
2801,200,560200,10:02:55
2801,200,560200,10:02:55
2803,100,280300,10:02:55
2801,100,280100,10:02:55
2803,200,560600,10:02:53
2801,300,840300,10:02:52
2802,700,1961400,10:02:52
2804,100,280400,10:02:51
2803,100,280300,10:02:51
2803,200,560600,10:02:51
2803,100,280300,10:02:50
2803,500,1401500,10:02:50
2801,100,280100,10:02:49
2801,100,280100,10:02:48
2802,100,280200,10:02:47
2801,100,280100,10:02:46
2802,100,280200,10:02:45
2801,100,280100,10:02:45
2802,100,280200,10:02:44
2801,100,280100,10:02:44
2802,100,280200,10:02:43
2802,100,280200,10:02:42
2802,500,1401000,10:02:40
2802,200,560400,10:02:40
2803,100,280300,10:02:40
2804,400,1121600,10:02:38
2802,100,280200,10:02:37
2802,100,280200,10:02:37
2803,500,1401500,10:02:37
2804,100,280400,10:02:36
2803,100,280300,10:02:35
2803,100,280300,10:02:35
2803,100,280300,10:02:35
2802,100,280200,10:02:34
2803,100,280300,10:02:33
2803,100,280300,10:02:33
2802,100,280200,10:02:33
2802,200,560400,10:02:33
2803,100,280300,10:02:32
2803,200,560600,10:02:32
2803,100,280300,10:02:31
2804,200,560800,10:02:30
2803,100,280300,10:02:27
2803,100,280300,10:02:27
2804,300,841200,10:02:26
2804,100,280400,10:02:26
2803,100,280300,10:02:25
2804,100,280400,10:02:25
2804,200,560800,10:02:25
2805,400,1122000,10:02:25
2804,600,1682400,10:02:25
2803,500,1401500,10:02:22
2803,100,280300,10:02:22
2803,400,1121200,10:02:21
2804,100,280400,10:02:21
2805,100,280500,10:02:21
2804,100,280400,10:02:21
2804,100,280400,10:02:21
2804,100,280400,10:02:21
2805,500,1402500,10:02:21
2803,100,280300,10:02:21
2803,100,280300,10:02:21
2804,100,280400,10:02:21
2804,100,280400,10:02:21
2804,400,1121600,10:02:21
2803,100,280300,10:02:21
2803,100,280300,10:02:21
2802,100,280200,10:02:21
2803,100,280300,10:02:21
2802,100,280200,10:02:21
2804,600,1682400,10:02:21
2803,100,280300,10:02:21
2803,100,280300,10:02:21
2800,100,280000,10:02:21
2801,300,840300,10:02:21
2802,1000,2802000,10:02:21
2802,100,280200,10:02:21
2802,700,1961400,10:02:21
2801,1500,4201500,10:02:21
2800,100,280000,10:02:21
2801,800,2240800,10:02:20
2801,100,280100,10:02:20
2801,100,280100,10:02:18
2803,100,280300,10:02:17
2801,1100,3081100,10:02:17
2802,900,2521800,10:02:17
2803,300,840900,10:02:17
2805,100,280500,10:02:17
2805,100,280500,10:02:16
2805,600,1683000,10:02:14
2806,100,280600,10:02:14
2807,100,280700,10:02:14
2808,100,280800,10:02:13
2808,200,561600,10:02:13
2807,100,280700,10:02:13
2806,100,280600,10:02:12
2804,100,280400,10:02:12
2804,700,1962800,10:02:12
2803,100,280300,10:02:12
2803,900,2522700,10:02:12
2801,100,280100,10:02:12
2801,100,280100,10:02:12
2801,100,280100,10:02:12
2801,100,280100,10:02:12
2801,100,280100,10:02:12
2801,100,280100,10:02:11
2801,200,560200,10:02:11
2801,100,280100,10:02:11
2801,700,1960700,10:02:11
2802,200,560400,10:02:11
2802,300,840600,10:02:11
2802,300,840600,10:02:11
2802,500,1401000,10:02:11
2803,500,1401500,10:02:11
2804,100,280400,10:02:11
2804,100,280400,10:02:11
2804,100,280400,10:02:11
2805,1400,3927000,10:02:11
2805,100,280500,10:02:11
2806,1700,4770200,10:02:11
2806,500,1403000,10:02:11
2807,700,1964900,10:02:11
2808,900,2527200,10:02:11
2808,100,280800,10:02:11
2808,200,561600,10:02:11
2808,100,280800,10:02:11
2809,3500,9831500,10:02:11
2809,100,280900,10:02:11
2810,500,1405000,10:02:10
2810,600,1686000,10:02:10
2810,600,1686000,10:02:10
2810,600,1686000,10:02:10
2810,100,281000,10:02:10
2810,400,1124000,10:02:10
2811,100,281100,10:02:10
2810,100,281000,10:02:08
2811,100,281100,10:02:07
2810,100,281000,10:02:06
2811,500,1405500,10:02:05
2811,100,281100,10:02:04
2810,300,843000,10:02:03
2811,100,281100,10:02:03
2811,100,281100,10:02:01
2813,200,562600,10:02:00
2811,200,562200,10:01:58
2810,200,562000,10:01:53
2812,100,281200,10:01:53
2811,100,281100,10:01:53
2811,200,562200,10:01:52
2811,200,562200,10:01:51
2812,100,281200,10:01:49
2814,200,562800,10:01:45
2814,200,562800,10:01:44
2813,300,843900,10:01:44
2813,100,281300,10:01:43
2811,200,562200,10:01:42
2811,100,281100,10:01:42
2811,200,562200,10:01:42
2810,600,1686000,10:01:42
2811,100,281100,10:01:40
2811,100,281100,10:01:40
2811,200,562200,10:01:40
2809,100,280900,10:01:38
2810,200,562000,10:01:37
2812,100,281200,10:01:37
2811,100,281100,10:01:34
2810,300,843000,10:01:31
2811,700,1967700,10:01:31
2811,1100,3092100,10:01:31
2810,100,281000,10:01:29
2809,500,1404500,10:01:29
2809,500,1404500,10:01:28
2810,500,1405000,10:01:28
2810,100,281000,10:01:28
2810,100,281000,10:01:28
2810,100,281000,10:01:28
2809,100,280900,10:01:24
2810,100,281000,10:01:23
2810,100,281000,10:01:23
2811,100,281100,10:01:20
2810,1600,4496000,10:01:18
2810,100,281000,10:01:17
2811,500,1405500,10:01:16
2811,100,281100,10:01:16
2812,500,1406000,10:01:16
2813,700,1969100,10:01:16
2813,200,562600,10:01:16
2815,100,281500,10:01:14
2814,100,281400,10:01:14
2815,800,2252000,10:01:14
2817,200,563400,10:01:10
2816,100,281600,10:01:10
2816,200,563200,10:01:10
2818,700,1972600,10:01:10
2817,600,1690200,10:01:10
2816,100,281600,10:01:10
2815,100,281500,10:01:09
2814,100,281400,10:01:08
2814,300,844200,10:01:06
2815,500,1407500,10:01:05
2818,200,563600,10:00:56
2817,300,845100,10:00:56
2816,400,1126400,10:00:56
2815,100,281500,10:00:53
2815,100,281500,10:00:53
2816,100,281600,10:00:51
2817,200,563400,10:00:49
2817,100,281700,10:00:48
2817,800,2253600,10:00:44
2816,200,563200,10:00:44
2818,100,281800,10:00:37
2817,200,563400,10:00:37
2817,400,1126800,10:00:37
2816,200,563200,10:00:37
2816,100,281600,10:00:36
2816,200,563200,10:00:33
2818,100,281800,10:00:31
2818,100,281800,10:00:28
2817,100,281700,10:00:28
2817,400,1126800,10:00:28
2816,400,1126400,10:00:27
2816,100,281600,10:00:27
2815,100,281500,10:00:26
2814,200,562800,10:00:26
2816,100,281600,10:00:22
2813,100,281300,10:00:18
2814,100,281400,10:00:17
2815,100,281500,10:00:17
2816,400,1126400,10:00:14
2816,800,2252800,10:00:14
2813,100,281300,10:00:14
2815,100,281500,10:00:14
2814,200,562800,10:00:13
2814,100,281400,10:00:13
2814,100,281400,10:00:12
2814,300,844200,10:00:11
2812,100,281200,10:00:11
2813,100,281300,10:00:10
2813,500,1406500,10:00:10
2814,200,562800,10:00:10
2814,300,844200,10:00:10
2814,300,844200,10:00:10
2815,200,563000,10:00:09
2816,100,281600,10:00:08
2816,400,1126400,10:00:08
2816,100,281600,10:00:08
2814,100,281400,10:00:08
2816,100,281600,10:00:07
2814,100,281400,10:00:07
2814,100,281400,10:00:07
2815,1900,5348500,10:00:07
2816,700,1971200,10:00:07
2817,100,281700,10:00:06
2818,200,563600,10:00:05
2817,300,845100,10:00:05
2817,100,281700,10:00:05
2818,3000,8454000,10:00:05
2819,100,281900,10:00:05
2819,100,281900,10:00:05
2820,200,564000,10:00:05
2821,300,846300,10:00:04
2822,200,564400,10:00:04
2822,100,282200,10:00:04
2821,100,282100,10:00:03
2820,100,282000,10:00:02
2820,100,282000,10:00:02
2820,100,282000,10:00:01
2820,100,282000,10:00:01
2819,500,1409500,10:00:01
2819,100,281900,10:00:01
2820,2800,7896000,10:00:01
2821,100,282100,09:59:59
2820,100,282000,09:59:51
2820,100,282000,09:59:49
2821,100,282100,09:59:49
2821,100,282100,09:59:48
2821,200,564200,09:59:47
2820,500,1410000,09:59:42
2822,100,282200,09:59:42
2820,400,1128000,09:59:42
2821,100,282100,09:59:42
2821,100,282100,09:59:41
2823,300,846900,09:59:40
2822,200,564400,09:59:40
2821,100,282100,09:59:38
2821,500,1410500,09:59:38
2823,100,282300,09:59:36
2822,200,564400,09:59:36
2823,100,282300,09:59:32
2822,100,282200,09:59:20
2821,200,564200,09:59:16
2822,300,846600,09:59:16
2823,100,282300,09:59:16
2823,800,2258400,09:59:15
2824,300,847200,09:59:15
2825,100,282500,09:59:13
2825,300,847500,09:59:13
2825,200,565000,09:59:13
2825,500,1412500,09:59:11
2825,100,282500,09:59:10
2826,100,282600,09:59:09
2827,400,1130800,09:59:08
2826,600,1695600,09:59:07
2827,400,1130800,09:59:07
2825,400,1130000,09:59:05
2825,100,282500,09:59:05
2826,200,565200,09:59:03
2826,100,282600,09:59:03
2826,100,282600,09:59:03
2826,100,282600,09:59:03
2825,700,1977500,09:59:03
2824,600,1694400,09:59:03
2823,200,564600,09:58:57
2824,100,282400,09:58:57
2825,500,1412500,09:58:55
2824,100,282400,09:58:54
2825,100,282500,09:58:54
2823,100,282300,09:58:53
2823,900,2540700,09:58:53
2823,600,1693800,09:58:53
2824,1000,2824000,09:58:53
2826,200,565200,09:58:53
2825,100,282500,09:58:50
2825,500,1412500,09:58:47
2824,100,282400,09:58:45
2825,200,565000,09:58:45
2825,200,565000,09:58:45
2825,200,565000,09:58:44
2826,500,1413000,09:58:42
2825,100,282500,09:58:41
2826,100,282600,09:58:41
2825,200,565000,09:58:41
2825,200,565000,09:58:41
2825,400,1130000,09:58:41
2825,100,282500,09:58:41
2824,200,564800,09:58:41
2823,100,282300,09:58:41
2823,200,564600,09:58:41
2823,300,846900,09:58:41
2822,200,564400,09:58:41
2821,200,564200,09:58:38
2820,100,282000,09:58:36
2820,300,846000,09:58:36
2820,400,1128000,09:58:36
2820,400,1128000,09:58:36
2819,100,281900,09:58:35
2818,100,281800,09:58:34
2818,200,563600,09:58:31
2819,100,281900,09:58:26
2819,100,281900,09:58:24
2819,100,281900,09:58:24
2820,100,282000,09:58:23
2820,100,282000,09:58:23
2819,100,281900,09:58:22
2818,200,563600,09:58:22
2817,100,281700,09:58:20
2816,100,281600,09:58:19
2818,100,281800,09:58:18
2816,700,1971200,09:58:18
2817,600,1690200,09:58:18
2818,800,2254400,09:58:18
2820,100,282000,09:58:17
2819,700,1973300,09:58:17
2817,100,281700,09:58:16
2817,200,563400,09:58:16
2816,100,281600,09:58:15
2816,100,281600,09:58:15
2816,400,1126400,09:58:15
2817,400,1126800,09:58:15
2816,100,281600,09:58:13
2817,400,1126800,09:58:12
2818,600,1690800,09:58:11
2820,100,282000,09:58:11
2821,100,282100,09:58:10
2820,100,282000,09:58:09
2820,100,282000,09:58:06
2818,100,281800,09:58:05
2819,1000,2819000,09:58:05
2820,800,2256000,09:58:05
2820,100,282000,09:58:04
2821,100,282100,09:58:03
2820,600,1692000,09:58:02
2820,200,564000,09:58:02
2821,300,846300,09:58:01
2822,100,282200,09:58:01
2822,100,282200,09:58:01
2822,100,282200,09:58:01
2822,100,282200,09:58:01
2822,100,282200,09:58:01
2824,100,282400,09:58:01
2823,200,564600,09:58:01
2822,300,846600,09:58:01
2820,500,1410000,09:58:00
2821,200,564200,09:57:58
2823,100,282300,09:57:54
2822,100,282200,09:57:53
2823,100,282300,09:57:53
2824,100,282400,09:57:52
2823,300,846900,09:57:52
2823,100,282300,09:57:51
2822,100,282200,09:57:50
2820,100,282000,09:57:45
2821,100,282100,09:57:45
2821,200,564200,09:57:44
2820,200,564000,09:57:44
2819,200,563800,09:57:43
2818,100,281800,09:57:43
2819,100,281900,09:57:43
2818,100,281800,09:57:42
2819,100,281900,09:57:42
2818,600,1690800,09:57:41
2819,100,281900,09:57:38
2820,100,282000,09:57:38
2820,700,1974000,09:57:38
2821,200,564200,09:57:38
2821,100,282100,09:57:37
2822,100,282200,09:57:36
2821,400,1128400,09:57:35
2823,100,282300,09:57:35
2823,1200,3387600,09:57:34
2823,600,1693800,09:57:33
2822,100,282200,09:57:33
2824,300,847200,09:57:33
2822,100,282200,09:57:31
2823,100,282300,09:57:31
2822,400,1128800,09:57:30
2823,700,1976100,09:57:29
2823,200,564600,09:57:29
2823,100,282300,09:57:29
2823,100,282300,09:57:29
2823,200,564600,09:57:28
2824,100,282400,09:57:28
2825,100,282500,09:57:28
2825,100,282500,09:57:27
2824,100,282400,09:57:27
2824,100,282400,09:57:27
2825,1200,3390000,09:57:27
2827,100,282700,09:57:27
2826,100,282600,09:57:26
2827,100,282700,09:57:26
2826,100,282600,09:57:26
2826,200,565200,09:57:25
2826,100,282600,09:57:25
2826,100,282600,09:57:25
2827,100,282700,09:57:24
2826,100,282600,09:57:23
2827,400,1130800,09:57:23
2829,600,1697400,09:57:23
2828,200,565600,09:57:23
2828,100,282800,09:57:22
2827,200,565400,09:57:22
2827,200,565400,09:57:21
2827,100,282700,09:57:21
2826,100,282600,09:57:21
2826,200,565200,09:57:20
2827,100,282700,09:57:20
2825,100,282500,09:57:20
2825,100,282500,09:57:20
2827,100,282700,09:57:20
2828,100,282800,09:57:19
2828,100,282800,09:57:19
2827,100,282700,09:57:19
2826,100,282600,09:57:19
2826,300,847800,09:57:19
2826,500,1413000,09:57:18
2829,100,282900,09:57:18
2829,900,2546100,09:57:18
2828,600,1696800,09:57:18
2826,100,282600,09:57:18
2827,300,848100,09:57:17
2827,100,282700,09:57:17
2827,200,565400,09:57:17
2828,2000,5656000,09:57:17
2829,200,565800,09:57:17
2829,100,282900,09:57:17
2830,100,283000,09:57:16
2829,100,282900,09:57:16
2829,200,565800,09:57:16
2830,100,283000,09:57:15
2830,400,1132000,09:57:15
2830,200,566000,09:57:15
2831,200,566200,09:57:15
2832,100,283200,09:57:15
2833,200,566600,09:57:15
2833,500,1416500,09:57:15
2833,200,566600,09:57:15
2833,100,283300,09:57:14
2832,700,1982400,09:57:14
2832,200,566400,09:57:14
2830,100,283000,09:57:13
2832,500,1416000,09:57:13
2830,100,283000,09:57:13
2830,100,283000,09:57:13
2830,200,566000,09:57:12
2830,200,566000,09:57:12
2830,100,283000,09:57:12
2828,100,282800,09:57:12
2829,400,1131600,09:57:12
2829,100,282900,09:57:12
2830,100,283000,09:57:12
2831,400,1132400,09:57:12
2830,300,849000,09:57:12
2830,300,849000,09:57:11
2830,600,1698000,09:57:11
2828,100,282800,09:57:11
2829,200,565800,09:57:10
2827,100,282700,09:57:10
2828,100,282800,09:57:09
2828,300,848400,09:57:09
2827,200,565400,09:57:09
2828,300,848400,09:57:08
2827,100,282700,09:57:08
2827,500,1413500,09:57:08
2827,100,282700,09:57:08
2827,200,565400,09:57:08
2828,200,565600,09:57:06
2828,100,282800,09:57:06
2827,200,565400,09:57:06
2827,100,282700,09:57:05
2826,400,1130400,09:57:05
2827,200,565400,09:57:05
2827,300,848100,09:57:04
2827,100,282700,09:57:04
2827,100,282700,09:57:04
2828,200,565600,09:57:03
2828,500,1414000,09:57:03
2827,100,282700,09:57:02
2827,400,1130800,09:57:02
2827,100,282700,09:57:01
2827,100,282700,09:57:01
2826,100,282600,09:57:01
2826,500,1413000,09:57:01
2826,200,565200,09:57:01
2827,100,282700,09:56:59
2827,100,282700,09:56:59
2826,200,565200,09:56:59
2827,300,848100,09:56:59
2826,100,282600,09:56:59
2826,100,282600,09:56:59
2826,100,282600,09:56:59
2826,100,282600,09:56:59
2827,100,282700,09:56:59
2826,200,565200,09:56:59
2825,100,282500,09:56:59
2825,200,565000,09:56:58
2825,100,282500,09:56:58
2825,100,282500,09:56:58
2824,1100,3106400,09:56:58
2824,500,1412000,09:56:58
2824,400,1129600,09:56:58
2823,100,282300,09:56:57
2824,100,282400,09:56:54
2824,200,564800,09:56:52
2823,300,846900,09:56:52
2821,100,282100,09:56:52
2822,100,282200,09:56:52
2822,100,282200,09:56:51
2822,100,282200,09:56:50
2822,100,282200,09:56:50
2822,100,282200,09:56:50
2821,200,564200,09:56:49
2820,100,282000,09:56:49
2821,200,564200,09:56:48
2821,100,282100,09:56:47
2822,100,282200,09:56:47
2820,100,282000,09:56:46
2821,100,282100,09:56:44
2821,100,282100,09:56:43
2821,100,282100,09:56:42
2821,200,564200,09:56:42
2820,300,846000,09:56:41
2820,100,282000,09:56:41
2819,200,563800,09:56:41
2818,500,1409000,09:56:41
2818,100,281800,09:56:41
2817,200,563400,09:56:41
2817,500,1408500,09:56:41
2816,200,563200,09:56:40
2816,100,281600,09:56:40
2816,700,1971200,09:56:40
2816,100,281600,09:56:38
2814,100,281400,09:56:37
2815,100,281500,09:56:36
2815,200,563000,09:56:36
2815,500,1407500,09:56:36
2814,700,1969800,09:56:36
2813,300,843900,09:56:36
2812,200,562400,09:56:36
2813,200,562600,09:56:35
2812,100,281200,09:56:35
2812,100,281200,09:56:35
2812,100,281200,09:56:33
2812,400,1124800,09:56:33
2813,100,281300,09:56:32
2813,100,281300,09:56:31
2813,100,281300,09:56:28
2813,100,281300,09:56:26
2812,100,281200,09:56:25
2812,100,281200,09:56:25
2812,700,1968400,09:56:25
2813,200,562600,09:56:22
2813,400,1125200,09:56:22
2812,100,281200,09:56:20
2812,100,281200,09:56:19
2812,200,562400,09:56:18
2813,100,281300,09:56:16
2812,100,281200,09:56:15
2811,600,1686600,09:56:15
2812,500,1406000,09:56:15
2812,300,843600,09:56:15
2812,100,281200,09:56:14
2811,100,281100,09:56:11
2811,100,281100,09:56:10
2811,100,281100,09:56:10
2811,200,562200,09:56:06
2810,800,2248000,09:56:06
2808,500,1404000,09:56:05
2809,100,280900,09:56:04
2809,100,280900,09:56:03
2806,200,561200,09:56:03
2807,400,1122800,09:56:03
2807,300,842100,09:56:01
2808,200,561600,09:56:01
2808,200,561600,09:55:59
2808,100,280800,09:55:59
2806,100,280600,09:55:58
2806,100,280600,09:55:58
2805,100,280500,09:55:57
2806,900,2525400,09:55:57
2806,200,561200,09:55:57
2807,100,280700,09:55:57
2807,200,561400,09:55:55
2807,400,1122800,09:55:55
2807,400,1122800,09:55:55
2807,400,1122800,09:55:55
2807,100,280700,09:55:55
2807,200,561400,09:55:53
2807,100,280700,09:55:51
2807,100,280700,09:55:51
2808,100,280800,09:55:51
2809,500,1404500,09:55:51
2809,600,1685400,09:55:51
2810,100,281000,09:55:48
2811,300,843300,09:55:46
2811,400,1124400,09:55:45
2810,600,1686000,09:55:45
2809,100,280900,09:55:45
2809,400,1123600,09:55:44
2809,500,1404500,09:55:44
2809,700,1966300,09:55:44
2808,100,280800,09:55:42
2809,100,280900,09:55:36
2808,200,561600,09:55:34
2807,100,280700,09:55:32
2808,100,280800,09:55:32
2808,300,842400,09:55:31
2808,1000,2808000,09:55:31
2809,1200,3370800,09:55:31
2812,100,281200,09:55:30
2812,300,843600,09:55:30
2813,100,281300,09:55:30
2814,100,281400,09:55:30
2813,100,281300,09:55:27
2814,100,281400,09:55:25
2813,100,281300,09:55:25
2812,100,281200,09:55:23
2812,100,281200,09:55:23
2812,300,843600,09:55:22
2811,200,562200,09:55:22
2810,200,562000,09:55:22
2808,100,280800,09:55:19
2808,500,1404000,09:55:19
2809,100,280900,09:55:19
2810,100,281000,09:55:18
2810,100,281000,09:55:17
2810,100,281000,09:55:14
2810,100,281000,09:55:12
2810,200,562000,09:55:12
2809,100,280900,09:55:11
2809,100,280900,09:55:09
2810,100,281000,09:55:08
2810,100,281000,09:55:05
2808,100,280800,09:55:05
2810,300,843000,09:55:02
2809,200,561800,09:55:02
2809,300,842700,09:55:01
2809,100,280900,09:55:01
2808,100,280800,09:55:01
2808,100,280800,09:55:01
2808,100,280800,09:55:01
2808,100,280800,09:55:01
2808,100,280800,09:55:01
2808,100,280800,09:54:57
2809,100,280900,09:54:57
2809,100,280900,09:54:57
2810,1200,3372000,09:54:57
2810,900,2529000,09:54:57
2811,100,281100,09:54:55
2811,200,562200,09:54:55
2812,400,1124800,09:54:54
2812,400,1124800,09:54:54
2812,100,281200,09:54:52
2812,100,281200,09:54:52
2813,1400,3938200,09:54:52
2814,300,844200,09:54:51
2815,100,281500,09:54:50
2815,400,1126000,09:54:50
2815,500,1407500,09:54:50
2815,500,1407500,09:54:50
2815,100,281500,09:54:48
2816,100,281600,09:54:46
2816,100,281600,09:54:46
2815,100,281500,09:54:45
2815,100,281500,09:54:45
2815,200,563000,09:54:43
2816,100,281600,09:54:42
2816,100,281600,09:54:42
2814,100,281400,09:54:35
2816,1000,2816000,09:54:33
2815,1300,3659500,09:54:33
2814,400,1125600,09:54:33
2813,300,843900,09:54:33
2812,100,281200,09:54:33
2813,200,562600,09:54:32
2813,100,281300,09:54:32
2812,300,843600,09:54:31
2813,200,562600,09:54:30
2815,200,563000,09:54:26
2815,500,1407500,09:54:26
2814,100,281400,09:54:26
2817,500,1408500,09:54:25
2816,1400,3942400,09:54:25
2815,100,281500,09:54:25
2815,100,281500,09:54:25
2816,100,281600,09:54:23
2816,100,281600,09:54:23
2816,100,281600,09:54:19
2816,100,281600,09:54:19
2816,100,281600,09:54:19
2816,300,844800,09:54:17
2816,200,563200,09:54:17
2816,200,563200,09:54:17
2816,100,281600,09:54:17
2816,200,563200,09:54:17
2814,100,281400,09:54:16
2815,100,281500,09:54:16
2815,500,1407500,09:54:15
2813,100,281300,09:54:14
2812,300,843600,09:54:12
2813,100,281300,09:54:12
2813,600,1687800,09:54:12
2813,200,562600,09:54:12
2813,400,1125200,09:54:12
2810,500,1405000,09:54:08
2811,900,2529900,09:54:08
2812,200,562400,09:54:08
2813,100,281300,09:54:07
2812,100,281200,09:54:06
2812,100,281200,09:54:02
2815,100,281500,09:54:02
2814,100,281400,09:54:02
2814,100,281400,09:54:01
2813,100,281300,09:54:01
2813,600,1687800,09:54:00
2812,100,281200,09:53:59
2813,100,281300,09:53:58
2813,100,281300,09:53:56
2813,100,281300,09:53:56
2811,300,843300,09:53:56
2810,1100,3091000,09:53:54
2811,200,562200,09:53:54
2812,300,843600,09:53:54
2813,100,281300,09:53:50
2813,200,562600,09:53:50
2813,100,281300,09:53:43
2813,100,281300,09:53:43
2813,800,2250400,09:53:43
2814,200,562800,09:53:43
2814,100,281400,09:53:43
2815,100,281500,09:53:42
2815,100,281500,09:53:39
2814,100,281400,09:53:38
2816,100,281600,09:53:38
2815,1300,3659500,09:53:38
2814,100,281400,09:53:38
2815,300,844500,09:53:38
2815,100,281500,09:53:38
2814,100,281400,09:53:35
2814,300,844200,09:53:33
2814,300,844200,09:53:33
2814,100,281400,09:53:32
2814,200,562800,09:53:29
2812,200,562400,09:53:28
2813,100,281300,09:53:27
2812,100,281200,09:53:26
2812,200,562400,09:53:26
2813,200,562600,09:53:25
2812,700,1968400,09:53:23
2814,200,562800,09:53:23
2811,500,1405500,09:53:20
2810,700,1967000,09:53:20
2808,100,280800,09:53:18
2809,100,280900,09:53:18
2810,100,281000,09:53:17
2809,300,842700,09:53:17
2809,100,280900,09:53:17
2810,500,1405000,09:53:16
2811,200,562200,09:53:14
2813,600,1687800,09:53:14
2812,300,843600,09:53:14
2812,400,1124800,09:53:14
2813,600,1687800,09:53:13
2813,100,281300,09:53:13
2815,100,281500,09:53:11
2814,100,281400,09:53:10
2814,300,844200,09:53:09
2815,100,281500,09:53:09
2813,100,281300,09:53:07
2814,100,281400,09:53:07
2816,100,281600,09:53:04
2815,100,281500,09:53:04
2814,200,562800,09:53:04
2814,200,562800,09:53:04
2814,100,281400,09:53:02
2815,300,844500,09:53:01
2814,200,562800,09:53:01
2814,100,281400,09:53:01
2815,100,281500,09:52:58
2816,200,563200,09:52:58
2815,200,563000,09:52:58
2814,100,281400,09:52:58
2814,100,281400,09:52:55
2814,100,281400,09:52:54
2812,400,1124800,09:52:54
2813,100,281300,09:52:54
2813,100,281300,09:52:53
2814,500,1407000,09:52:52
2814,400,1125600,09:52:49
2814,300,844200,09:52:48
2813,100,281300,09:52:45
2812,100,281200,09:52:44
2811,400,1124400,09:52:44
2810,100,281000,09:52:42
2810,400,1124000,09:52:41
2809,100,280900,09:52:40
2808,100,280800,09:52:38
2809,100,280900,09:52:38
2808,400,1123200,09:52:38
2808,200,561600,09:52:37
2807,100,280700,09:52:35
2808,100,280800,09:52:35
2808,200,561600,09:52:32
2809,300,842700,09:52:31
2808,500,1404000,09:52:31
2807,100,280700,09:52:30
2807,300,842100,09:52:30
2808,100,280800,09:52:29
2808,100,280800,09:52:29
2808,100,280800,09:52:29
2807,100,280700,09:52:28
2807,100,280700,09:52:28
2807,100,280700,09:52:28
2807,100,280700,09:52:28
2806,100,280600,09:52:27
2807,100,280700,09:52:27
2807,200,561400,09:52:27
2808,200,561600,09:52:26
2806,100,280600,09:52:26
2805,100,280500,09:52:26
2806,500,1403000,09:52:26
2807,100,280700,09:52:26
2807,100,280700,09:52:26
2806,400,1122400,09:52:25
2806,400,1122400,09:52:25
2806,1600,4489600,09:52:25
2807,200,561400,09:52:25
2804,100,280400,09:52:23
2804,100,280400,09:52:23
2805,100,280500,09:52:23
2806,600,1683600,09:52:22
2805,200,561000,09:52:22
2804,100,280400,09:52:22
2803,100,280300,09:52:21
2803,300,840900,09:52:20
2803,300,840900,09:52:20
2803,500,1401500,09:52:20
2804,300,841200,09:52:20
2805,100,280500,09:52:20
2803,100,280300,09:52:20
2803,100,280300,09:52:20
2803,100,280300,09:52:20
2804,100,280400,09:52:19
2804,100,280400,09:52:19
2804,100,280400,09:52:19
2805,100,280500,09:52:19
2805,400,1122000,09:52:19
2805,100,280500,09:52:19
2805,100,280500,09:52:19
2804,100,280400,09:52:19
2805,200,561000,09:52:19
2804,500,1402000,09:52:19
2804,100,280400,09:52:19
2806,100,280600,09:52:19
2805,200,561000,09:52:19
2805,100,280500,09:52:19
2805,100,280500,09:52:19
2806,200,561200,09:52:19
2805,200,561000,09:52:19
2804,100,280400,09:52:19
2805,500,1402500,09:52:19
2805,800,2244000,09:52:19
2805,400,1122000,09:52:19
2805,400,1122000,09:52:19
2805,400,1122000,09:52:19
2805,100,280500,09:52:19
2805,900,2524500,09:52:19
2805,100,280500,09:52:19
2805,100,280500,09:52:19
2806,100,280600,09:52:19
2805,100,280500,09:52:19
2805,100,280500,09:52:19
2806,900,2525400,09:52:19
2806,300,841800,09:52:19
2806,100,280600,09:52:19
2806,300,841800,09:52:19
2809,100,280900,09:52:19
2807,500,1403500,09:52:19
2808,1000,2808000,09:52:19
2808,100,280800,09:52:19
2809,200,561800,09:52:19
2809,100,280900,09:52:19
2809,100,280900,09:52:19
2809,400,1123600,09:52:19
2810,4300,12083000,09:52:19
2810,1100,3091000,09:52:19
2810,600,1686000,09:52:19
2810,100,281000,09:52:19
2810,1200,3372000,09:52:19
2810,200,562000,09:52:19
2810,200,562000,09:52:19
2811,8700,24455700,09:52:19
2812,600,1687200,09:52:19
2813,200,562600,09:52:18
2813,400,1125200,09:52:18
2814,100,281400,09:52:16
2816,300,844800,09:52:11
2814,100,281400,09:52:10
2817,100,281700,09:52:09
2813,100,281300,09:52:07
2814,400,1125600,09:52:07
2816,100,281600,09:52:07
2815,100,281500,09:52:07
2815,200,563000,09:52:04
2817,200,563400,09:52:04
2815,100,281500,09:52:02
2814,100,281400,09:52:00
2815,700,1970500,09:51:59
2813,200,562600,09:51:58
2813,100,281300,09:51:57
2813,100,281300,09:51:56
2813,500,1406500,09:51:55
2812,400,1124800,09:51:55
2812,600,1687200,09:51:55
2812,100,281200,09:51:55
2813,200,562600,09:51:55
2813,200,562600,09:51:55
2815,500,1407500,09:51:55
2813,100,281300,09:51:54
2813,100,281300,09:51:54
2814,400,1125600,09:51:54
2814,300,844200,09:51:54
2815,600,1689000,09:51:54
2815,1000,2815000,09:51:54
2815,100,281500,09:51:54
2816,1400,3942400,09:51:54
2816,100,281600,09:51:54
2816,100,281600,09:51:53
2819,100,281900,09:51:50
2817,100,281700,09:51:48
2817,100,281700,09:51:47
2817,100,281700,09:51:46
2819,300,845700,09:51:46
2819,100,281900,09:51:45
2818,300,845400,09:51:45
2818,400,1127200,09:51:45
2818,100,281800,09:51:45
2819,1900,5356100,09:51:45
2819,100,281900,09:51:38
2820,200,564000,09:51:35
2820,200,564000,09:51:34
2820,100,282000,09:51:34
2819,100,281900,09:51:33
2819,200,563800,09:51:30
2818,200,563600,09:51:28
2817,300,845100,09:51:28
2817,100,281700,09:51:28
2817,100,281700,09:51:26
2817,100,281700,09:51:26
2818,1000,2818000,09:51:26
2817,300,845100,09:51:25
2817,200,563400,09:51:25
2818,400,1127200,09:51:25
2818,100,281800,09:51:25
2818,100,281800,09:51:21
2818,300,845400,09:51:19
2819,100,281900,09:51:18
2820,100,282000,09:51:18
2820,100,282000,09:51:17
2821,100,282100,09:51:16
2820,100,282000,09:51:16
2819,200,563800,09:51:15
2819,100,281900,09:51:15
2819,200,563800,09:51:15
2819,100,281900,09:51:15
2820,2000,5640000,09:51:15
2822,400,1128800,09:51:14
2823,200,564600,09:51:14
2822,400,1128800,09:51:14
2821,100,282100,09:51:10
2820,500,1410000,09:51:10
2819,100,281900,09:51:10
2819,100,281900,09:51:10
2819,300,845700,09:51:09
2818,100,281800,09:51:09
2819,100,281900,09:51:08
2819,200,563800,09:51:08
2819,100,281900,09:51:08
2819,200,563800,09:51:08
2817,300,845100,09:51:06
2818,300,845400,09:51:06
2817,100,281700,09:51:06
2817,300,845100,09:51:06
2816,200,563200,09:51:06
2817,200,563400,09:51:05
2818,200,563600,09:51:05
2818,100,281800,09:51:03
2818,100,281800,09:51:01
2817,100,281700,09:51:01
2818,100,281800,09:51:00
2817,300,845100,09:50:58
2818,100,281800,09:50:58
2819,100,281900,09:50:56
2818,100,281800,09:50:54
2818,900,2536200,09:50:54
2818,800,2254400,09:50:54
2818,300,845400,09:50:54
2818,100,281800,09:50:53
2817,100,281700,09:50:53
2817,100,281700,09:50:53
2818,800,2254400,09:50:53
2819,100,281900,09:50:51
2819,200,563800,09:50:51
2820,300,846000,09:50:51
2820,300,846000,09:50:50
2821,300,846300,09:50:50
2822,200,564400,09:50:50
2821,100,282100,09:50:49
2821,100,282100,09:50:49
2822,100,282200,09:50:48
2823,100,282300,09:50:47
2824,200,564800,09:50:47
2825,100,282500,09:50:45
2823,100,282300,09:50:45
2824,300,847200,09:50:45
2822,300,846600,09:50:44
2823,100,282300,09:50:44
2824,100,282400,09:50:43
2823,100,282300,09:50:41
2823,200,564600,09:50:40
2824,300,847200,09:50:40
2823,200,564600,09:50:40
2824,100,282400,09:50:40
2823,800,2258400,09:50:40
2822,100,282200,09:50:40
2820,100,282000,09:50:38
2822,100,282200,09:50:37
2821,300,846300,09:50:37
2820,500,1410000,09:50:37
2819,200,563800,09:50:37
2820,100,282000,09:50:37
2820,200,564000,09:50:35
2820,100,282000,09:50:35
2820,100,282000,09:50:35
2820,200,564000,09:50:35
2822,2300,6490600,09:50:35
2822,800,2257600,09:50:35
2821,100,282100,09:50:35
2822,100,282200,09:50:31
2821,100,282100,09:50:29
2821,100,282100,09:50:29
2822,100,282200,09:50:28
2821,800,2256800,09:50:28
2820,100,282000,09:50:28
2819,100,281900,09:50:28
2820,100,282000,09:50:25
2819,100,281900,09:50:24
2820,100,282000,09:50:24
2820,100,282000,09:50:24
2821,100,282100,09:50:22
2820,600,1692000,09:50:22
2820,300,846000,09:50:22
2818,100,281800,09:50:20
2819,300,845700,09:50:20
2818,100,281800,09:50:19
2819,100,281900,09:50:17
2819,300,845700,09:50:15
2819,300,845700,09:50:15
2817,500,1408500,09:50:12
2817,100,281700,09:50:12
2817,100,281700,09:50:11
2817,400,1126800,09:50:11
2818,100,281800,09:50:10
2819,100,281900,09:50:10
2819,100,281900,09:50:10
2819,100,281900,09:50:10
2818,400,1127200,09:50:10
2817,400,1126800,09:50:10
2815,100,281500,09:50:08
2815,300,844500,09:50:08
2817,100,281700,09:50:07
2816,100,281600,09:50:07
2816,100,281600,09:50:07
2817,100,281700,09:50:07
2816,300,844800,09:50:07
2815,100,281500,09:50:07
2815,400,1126000,09:50:07
2815,100,281500,09:50:07
2815,400,1126000,09:50:07
2815,500,1407500,09:50:07
2816,400,1126400,09:50:05
2817,100,281700,09:50:05
2817,100,281700,09:50:04
2817,100,281700,09:50:04
2816,100,281600,09:50:04
2816,400,1126400,09:50:04
2816,400,1126400,09:50:03
2817,100,281700,09:50:03
2817,100,281700,09:50:03
2817,300,845100,09:50:03
2819,100,281900,09:50:02
2821,400,1128400,09:50:01
2820,200,564000,09:50:01
2818,100,281800,09:50:01
2819,200,563800,09:50:01
2818,100,281800,09:49:59
2819,100,281900,09:49:59
2819,200,563800,09:49:59
2817,100,281700,09:49:58
2817,100,281700,09:49:58
2817,100,281700,09:49:58
2817,200,563400,09:49:57
2818,100,281800,09:49:57
2818,200,563600,09:49:56
2819,300,845700,09:49:56
2818,100,281800,09:49:55
2819,100,281900,09:49:55
2818,900,2536200,09:49:55
2818,100,281800,09:49:55
2819,100,281900,09:49:54
2817,100,281700,09:49:54
2816,100,281600,09:49:53
2817,100,281700,09:49:53
2817,400,1126800,09:49:53
2817,100,281700,09:49:53
2817,100,281700,09:49:52
2819,300,845700,09:49:52
2817,100,281700,09:49:52
2818,200,563600,09:49:51
2817,100,281700,09:49:51
2818,100,281800,09:49:51
2819,200,563800,09:49:51
2818,100,281800,09:49:51
2818,500,1409000,09:49:51
2818,100,281800,09:49:51
2819,700,1973300,09:49:51
2819,100,281900,09:49:51
2820,1100,3102000,09:49:50
2820,1500,4230000,09:49:50
2820,1500,4230000,09:49:50
2822,500,1411000,09:49:50
2821,400,1128400,09:49:49
2822,100,282200,09:49:48
2823,500,1411500,09:49:47
2824,1100,3106400,09:49:47
2826,100,282600,09:49:46
2825,500,1412500,09:49:46
2825,500,1412500,09:49:46
2825,600,1695000,09:49:46
2825,100,282500,09:49:46
2824,100,282400,09:49:44
2824,100,282400,09:49:44
2824,500,1412000,09:49:44
2822,100,282200,09:49:43
2823,100,282300,09:49:43
2823,100,282300,09:49:43
2823,100,282300,09:49:43
2824,100,282400,09:49:43
2824,100,282400,09:49:43
2824,100,282400,09:49:43
2824,100,282400,09:49:43
2823,100,282300,09:49:40
2822,200,564400,09:49:40
2822,300,846600,09:49:38
2822,100,282200,09:49:37
2822,200,564400,09:49:36
2820,2000,5640000,09:49:34
2820,100,282000,09:49:33
2821,500,1410500,09:49:32
2822,700,1975400,09:49:32
2823,800,2258400,09:49:32
2824,100,282400,09:49:31
2823,100,282300,09:49:31
2823,100,282300,09:49:31
2823,300,846900,09:49:31
2822,100,282200,09:49:30
2823,300,846900,09:49:30
2823,100,282300,09:49:29
2824,200,564800,09:49:29
2823,200,564600,09:49:29
2822,500,1411000,09:49:29
2821,100,282100,09:49:29
2820,100,282000,09:49:27
2821,1700,4795700,09:49:27
2821,100,282100,09:49:27
2821,100,282100,09:49:27
2821,200,564200,09:49:27
2821,100,282100,09:49:27
2821,600,1692600,09:49:27
2822,100,282200,09:49:27
2822,100,282200,09:49:27
2822,200,564400,09:49:26
2822,100,282200,09:49:23
2823,100,282300,09:49:19
2825,500,1412500,09:49:15
2824,500,1412000,09:49:15
2822,200,564400,09:49:15
2823,400,1129200,09:49:14
2824,200,564800,09:49:14
2825,100,282500,09:49:14
2827,100,282700,09:49:10
2827,200,565400,09:49:09
2826,300,847800,09:49:09
2825,100,282500,09:49:08
2825,300,847500,09:49:08
2824,200,564800,09:49:08
2824,400,1129600,09:49:08
2823,500,1411500,09:49:07
2821,100,282100,09:49:07
2822,1000,2822000,09:49:07
2822,300,846600,09:49:07
2822,200,564400,09:49:07
2824,200,564800,09:49:06
2824,100,282400,09:49:05
2823,100,282300,09:49:05
2823,100,282300,09:49:05
2823,200,564600,09:49:05
2823,1300,3669900,09:49:05
2823,1300,3669900,09:49:05
2823,600,1693800,09:49:03
2824,100,282400,09:49:03
2825,200,565000,09:49:03
2825,100,282500,09:49:03
2823,100,282300,09:49:01
2823,100,282300,09:49:01
2824,1000,2824000,09:49:01
2824,100,282400,09:49:01
2825,200,565000,09:49:00
2825,100,282500,09:49:00
2825,300,847500,09:49:00
2826,200,565200,09:48:57
2826,300,847800,09:48:56
2827,100,282700,09:48:54
2825,100,282500,09:48:53
2826,500,1413000,09:48:52
2825,200,565000,09:48:52
2825,100,282500,09:48:52
2825,500,1412500,09:48:52
2826,300,847800,09:48:52
2827,100,282700,09:48:51
2828,100,282800,09:48:51
2829,500,1414500,09:48:48
2828,400,1131200,09:48:48
2829,200,565800,09:48:47
2829,500,1414500,09:48:47
2828,800,2262400,09:48:47
2827,300,848100,09:48:47
2827,200,565400,09:48:47
2828,100,282800,09:48:41
2828,100,282800,09:48:41
2829,100,282900,09:48:41
2829,200,565800,09:48:39
2828,100,282800,09:48:39
2828,400,1131200,09:48:39
2828,600,1696800,09:48:39
2830,100,283000,09:48:39
2830,500,1415000,09:48:39
2830,100,283000,09:48:37
2830,400,1132000,09:48:37
2829,200,565800,09:48:37
2828,100,282800,09:48:35
2827,100,282700,09:48:35
2827,200,565400,09:48:34
2826,100,282600,09:48:34
2824,100,282400,09:48:33
2825,2300,6497500,09:48:33
2826,700,1978200,09:48:33
2827,300,848100,09:48:33
2827,300,848100,09:48:31
2828,200,565600,09:48:31
2829,200,565800,09:48:31
2830,100,283000,09:48:31
2829,400,1131600,09:48:31
2828,100,282800,09:48:31
2828,100,282800,09:48:31
2827,2500,7067500,09:48:31
2826,100,282600,09:48:28
2827,200,565400,09:48:27
2826,100,282600,09:48:27
2828,300,848400,09:48:24
2827,200,565400,09:48:24
2827,200,565400,09:48:23
2827,200,565400,09:48:23
2826,300,847800,09:48:23
2827,200,565400,09:48:21
2827,100,282700,09:48:19
2828,200,565600,09:48:19
2828,100,282800,09:48:18
2827,100,282700,09:48:18
2828,100,282800,09:48:18
2829,500,1414500,09:48:15
2825,100,282500,09:48:14
2826,100,282600,09:48:13
2826,100,282600,09:48:13
2827,100,282700,09:48:13
2826,600,1695600,09:48:13
2827,100,282700,09:48:12
2828,200,565600,09:48:12
2828,500,1414000,09:48:11
2829,100,282900,09:48:10
2830,100,283000,09:48:10
2829,100,282900,09:48:10
2829,300,848700,09:48:10
2830,1500,4245000,09:48:10
2831,300,849300,09:48:10
2832,100,283200,09:48:09
2832,100,283200,09:48:09
2831,800,2264800,09:48:09
2830,2100,5943000,09:48:09
2830,100,283000,09:48:07
2830,100,283000,09:48:06
2829,200,565800,09:48:06
2830,200,566000,09:48:06
2830,400,1132000,09:48:05
2829,300,848700,09:48:04
2830,200,566000,09:48:03
2828,300,848400,09:48:01
2828,100,282800,09:48:00
2830,1500,4245000,09:48:00
2829,800,2263200,09:48:00
2828,200,565600,09:48:00
2827,400,1130800,09:48:00
2826,200,565200,09:48:00
2826,500,1413000,09:48:00
2827,300,848100,09:48:00
2827,900,2544300,09:48:00
2829,500,1414500,09:47:57
2829,200,565800,09:47:57
2828,100,282800,09:47:57
2826,100,282600,09:47:56
2827,200,565400,09:47:56
2827,100,282700,09:47:56
2827,300,848100,09:47:56
2828,1000,2828000,09:47:56
2829,100,282900,09:47:56
2831,200,566200,09:47:55
2830,200,566000,09:47:55
2830,100,283000,09:47:55
2830,100,283000,09:47:54
2830,100,283000,09:47:54
2830,200,566000,09:47:53
2831,100,283100,09:47:52
2830,700,1981000,09:47:52
2830,200,566000,09:47:52
2830,200,566000,09:47:52
2830,100,283000,09:47:52
2830,100,283000,09:47:51
2828,100,282800,09:47:51
2828,100,282800,09:47:49
2829,500,1414500,09:47:49
2830,100,283000,09:47:46
2830,100,283000,09:47:45
2830,100,283000,09:47:43
2831,100,283100,09:47:43
2832,200,566400,09:47:42
2832,200,566400,09:47:42
2832,400,1132800,09:47:41
2831,100,283100,09:47:41
2832,100,283200,09:47:41
2831,700,1981700,09:47:40
2830,200,566000,09:47:40
2831,300,849300,09:47:40
2831,100,283100,09:47:38
2829,100,282900,09:47:38
2829,100,282900,09:47:38
2829,400,1131600,09:47:38
2829,100,282900,09:47:38
2828,100,282800,09:47:36
2828,100,282800,09:47:36
2828,100,282800,09:47:36
2828,100,282800,09:47:35
2827,300,848100,09:47:34
2827,100,282700,09:47:34
2827,400,1130800,09:47:33
2827,100,282700,09:47:32
2828,100,282800,09:47:32
2828,100,282800,09:47:32
2826,600,1695600,09:47:31
2827,100,282700,09:47:31
2828,500,1414000,09:47:31
2827,100,282700,09:47:28
2826,200,565200,09:47:27
2826,200,565200,09:47:27
2827,300,848100,09:47:26
2828,200,565600,09:47:24
2829,300,848700,09:47:24
2830,300,849000,09:47:24
2830,300,849000,09:47:24
2830,300,849000,09:47:24
2829,200,565800,09:47:24
2829,100,282900,09:47:24
2828,200,565600,09:47:22
2829,100,282900,09:47:21
2827,200,565400,09:47:20
2828,300,848400,09:47:20
2829,100,282900,09:47:20
2828,200,565600,09:47:18
2829,100,282900,09:47:18
2827,100,282700,09:47:18
2829,100,282900,09:47:18
2828,100,282800,09:47:16
2827,200,565400,09:47:16
2828,200,565600,09:47:16
2828,100,282800,09:47:16
2827,300,848100,09:47:16
2825,100,282500,09:47:16
2825,100,282500,09:47:16
2823,200,564600,09:47:15
2823,400,1129200,09:47:15
2824,900,2541600,09:47:15
2827,600,1696200,09:47:15
2826,400,1130400,09:47:15
2826,800,2260800,09:47:14
2825,800,2260000,09:47:14
2824,200,564800,09:47:13
2825,200,565000,09:47:13
2827,500,1413500,09:47:13
2825,200,565000,09:47:13
2826,100,282600,09:47:13
2827,100,282700,09:47:12
2827,100,282700,09:47:11
2825,100,282500,09:47:11
2825,100,282500,09:47:11
2825,100,282500,09:47:11
2826,400,1130400,09:47:11
2827,600,1696200,09:47:11
2828,200,565600,09:47:11
2828,100,282800,09:47:11
2830,200,566000,09:47:11
2829,100,282900,09:47:11
2829,100,282900,09:47:10
2828,100,282800,09:47:09
2829,100,282900,09:47:08
2828,100,282800,09:47:08
2829,800,2263200,09:47:08
2830,100,283000,09:47:07
2830,500,1415000,09:47:07
2831,100,283100,09:47:06
2831,100,283100,09:47:06
2831,300,849300,09:47:06
2831,100,283100,09:47:06
2830,1000,2830000,09:47:06
2831,700,1981700,09:47:06
2830,100,283000,09:47:06
2830,200,566000,09:47:05
2830,100,283000,09:47:05
2830,300,849000,09:47:05
2830,300,849000,09:47:05
2830,300,849000,09:47:04
2829,200,565800,09:47:04
2829,100,282900,09:47:03
2829,100,282900,09:47:03
2829,100,282900,09:47:03
2829,300,848700,09:47:02
2829,100,282900,09:47:02
2829,100,282900,09:47:02
2829,200,565800,09:47:01
2829,100,282900,09:47:01
2829,100,282900,09:47:01
2828,200,565600,09:47:01
2829,100,282900,09:47:00
2829,100,282900,09:47:00
2828,500,1414000,09:47:00
2827,500,1413500,09:47:00
2827,200,565400,09:47:00
2829,100,282900,09:46:56
2829,400,1131600,09:46:54
2827,100,282700,09:46:53
2827,100,282700,09:46:52
2827,100,282700,09:46:51
2827,100,282700,09:46:51
2827,500,1413500,09:46:51
2825,100,282500,09:46:50
2826,400,1130400,09:46:50
2827,100,282700,09:46:50
2828,1400,3959200,09:46:50
2829,1000,2829000,09:46:50
2831,100,283100,09:46:50
2830,500,1415000,09:46:49
2830,100,283000,09:46:49
2829,100,282900,09:46:49
2829,500,1414500,09:46:48
2830,100,283000,09:46:48
2831,100,283100,09:46:48
2829,100,282900,09:46:47
2830,100,283000,09:46:47
2830,100,283000,09:46:46
2830,100,283000,09:46:46
2832,100,283200,09:46:46
2831,100,283100,09:46:46
2830,100,283000,09:46:46
2830,100,283000,09:46:45
2829,100,282900,09:46:45
2831,100,283100,09:46:45
2830,400,1132000,09:46:44
2831,100,283100,09:46:44
2831,100,283100,09:46:44
2833,200,566600,09:46:44
2832,500,1416000,09:46:44
2832,100,283200,09:46:44
2832,100,283200,09:46:43
2831,400,1132400,09:46:43
2832,100,283200,09:46:43
2831,200,566200,09:46:42
2829,100,282900,09:46:42
2830,100,283000,09:46:42
2831,100,283100,09:46:42
2832,100,283200,09:46:42
2832,100,283200,09:46:42
2831,700,1981700,09:46:42
2833,600,1699800,09:46:42
2835,300,850500,09:46:41
2834,100,283400,09:46:41
2834,200,566800,09:46:41
2830,100,283000,09:46:41
2832,100,283200,09:46:40
2832,100,283200,09:46:40
2831,400,1132400,09:46:40
2832,100,283200,09:46:40
2833,100,283300,09:46:40
2831,100,283100,09:46:40
2833,200,566600,09:46:40
2833,100,283300,09:46:40
2831,200,566200,09:46:40
2832,600,1699200,09:46:40
2831,200,566200,09:46:40
2831,100,283100,09:46:40
2830,200,566000,09:46:40
2830,100,283000,09:46:40
2829,500,1414500,09:46:40
2829,100,282900,09:46:40
2828,600,1696800,09:46:40
2827,100,282700,09:46:40
2827,100,282700,09:46:40
2826,200,565200,09:46:39
2823,100,282300,09:46:39
2825,100,282500,09:46:39
2821,100,282100,09:46:38
2821,500,1410500,09:46:37
2823,500,1411500,09:46:37
2824,100,282400,09:46:37
2824,200,564800,09:46:37
2824,200,564800,09:46:37
2825,500,1412500,09:46:37
2824,500,1412000,09:46:37
2823,800,2258400,09:46:37
2822,1100,3104200,09:46:36
2821,700,1974700,09:46:36
2820,300,846000,09:46:36
2818,1100,3099800,09:46:36
2817,400,1126800,09:46:36
2816,100,281600,09:46:36
2817,300,845100,09:46:36
2818,100,281800,09:46:35
2817,200,563400,09:46:34
2818,100,281800,09:46:34
2818,400,1127200,09:46:33
2819,600,1691400,09:46:33
2820,500,1410000,09:46:33
2822,200,564400,09:46:32
2821,100,282100,09:46:32
2821,100,282100,09:46:32
2821,100,282100,09:46:31
2820,1200,3384000,09:46:31
2819,200,563800,09:46:31
2819,200,563800,09:46:30
2818,300,845400,09:46:30
2818,200,563600,09:46:29
2817,100,281700,09:46:28
2817,100,281700,09:46:28
2817,100,281700,09:46:28
2816,200,563200,09:46:28
2816,100,281600,09:46:27
2815,500,1407500,09:46:27
2813,200,562600,09:46:25
2813,900,2531700,09:46:25
2812,500,1406000,09:46:25
2813,100,281300,09:46:24
2813,400,1125200,09:46:24
2813,200,562600,09:46:23
2813,400,1125200,09:46:21
2811,100,281100,09:46:21
2811,100,281100,09:46:21
2812,900,2530800,09:46:21
2813,100,281300,09:46:21
2813,700,1969100,09:46:21
2813,700,1969100,09:46:21
2813,100,281300,09:46:21
2813,100,281300,09:46:20
2814,100,281400,09:46:18
2814,400,1125600,09:46:18
2815,300,844500,09:46:18
2816,100,281600,09:46:14
2816,100,281600,09:46:14
2816,100,281600,09:46:14
2816,100,281600,09:46:14
2816,100,281600,09:46:14
2816,200,563200,09:46:14
2815,200,563000,09:46:13
2815,100,281500,09:46:13
2815,100,281500,09:46:11
2815,100,281500,09:46:11
2816,100,281600,09:46:11
2815,100,281500,09:46:11
2815,100,281500,09:46:10
2815,100,281500,09:46:09
2814,100,281400,09:46:09
2814,500,1407000,09:46:08
2815,300,844500,09:46:07
2816,200,563200,09:46:07
2815,200,563000,09:46:06
2815,200,563000,09:46:06
2818,200,563600,09:46:06
2817,100,281700,09:46:06
2816,500,1408000,09:46:05
2814,300,844200,09:46:05
2815,200,563000,09:46:05
2815,200,563000,09:46:05
2817,100,281700,09:46:03
2815,100,281500,09:46:03
2816,100,281600,09:46:03
2817,200,563400,09:46:03
2815,100,281500,09:46:03
2815,100,281500,09:46:03
2816,900,2534400,09:46:03
2816,100,281600,09:46:03
2817,1000,2817000,09:46:03
2817,1200,3380400,09:46:03
2818,100,281800,09:46:02
2818,300,845400,09:46:02
2820,200,564000,09:46:02
2821,100,282100,09:46:01
2822,200,564400,09:46:01
2821,400,1128400,09:46:00
2823,100,282300,09:46:00
2822,300,846600,09:46:00
2824,200,564800,09:46:00
2823,300,846900,09:45:59
2824,100,282400,09:45:59
2824,100,282400,09:45:59
2826,100,282600,09:45:59
2825,400,1130000,09:45:59
2824,200,564800,09:45:58
2825,100,282500,09:45:58
2824,200,564800,09:45:58
2824,100,282400,09:45:56
2822,100,282200,09:45:56
2824,100,282400,09:45:55
2823,200,564600,09:45:55
2823,300,846900,09:45:55
2821,100,282100,09:45:51
2821,100,282100,09:45:51
2821,300,846300,09:45:51
2823,100,282300,09:45:51
2822,100,282200,09:45:51
2822,800,2257600,09:45:51
2820,100,282000,09:45:51
2820,100,282000,09:45:51
2820,100,282000,09:45:51
2820,900,2538000,09:45:51
2819,700,1973300,09:45:51
2817,100,281700,09:45:50
2817,300,845100,09:45:50
2817,100,281700,09:45:50
2818,200,563600,09:45:50
2818,100,281800,09:45:50
2818,1100,3099800,09:45:50
2820,100,282000,09:45:50
2819,100,281900,09:45:50
2819,600,1691400,09:45:50
2820,200,564000,09:45:50
2819,200,563800,09:45:50
2820,100,282000,09:45:50
2820,3400,9588000,09:45:50
2820,1100,3102000,09:45:50
2820,1300,3666000,09:45:50
2820,100,282000,09:45:49
2820,200,564000,09:45:49
2820,100,282000,09:45:48
2821,1500,4231500,09:45:48
2821,100,282100,09:45:48
2822,2700,7619400,09:45:48
2822,100,282200,09:45:48
2824,100,282400,09:45:48
2823,100,282300,09:45:47
2824,100,282400,09:45:47
2824,300,847200,09:45:47
2824,400,1129600,09:45:47
2823,300,846900,09:45:45
2824,400,1129600,09:45:44
2823,100,282300,09:45:44
2824,100,282400,09:45:43
2824,100,282400,09:45:43
2824,100,282400,09:45:43
2825,100,282500,09:45:43
2823,100,282300,09:45:43
2825,100,282500,09:45:42
2825,100,282500,09:45:42
2823,100,282300,09:45:41
2822,1800,5079600,09:45:41
2823,1200,3387600,09:45:41
2824,1900,5365600,09:45:41
2825,100,282500,09:45:41
2826,100,282600,09:45:41
2825,100,282500,09:45:40
2827,800,2261600,09:45:40
2826,200,565200,09:45:40
2826,500,1413000,09:45:40
2825,100,282500,09:45:40
2825,200,565000,09:45:40
2825,100,282500,09:45:39
2827,100,282700,09:45:39
2826,100,282600,09:45:39
2826,100,282600,09:45:39
2825,300,847500,09:45:38
2825,1000,2825000,09:45:38
2826,300,847800,09:45:37
2827,100,282700,09:45:37
2827,100,282700,09:45:36
2826,100,282600,09:45:36
2826,100,282600,09:45:35
2828,100,282800,09:45:35
2827,300,848100,09:45:35
2825,100,282500,09:45:35
2826,500,1413000,09:45:34
2827,500,1413500,09:45:34
2827,100,282700,09:45:34
2827,100,282700,09:45:34
2826,200,565200,09:45:34
2824,300,847200,09:45:34
2826,100,282600,09:45:33
2825,100,282500,09:45:33
2825,100,282500,09:45:33
2824,100,282400,09:45:33
2825,200,565000,09:45:32
2825,200,565000,09:45:31
2824,100,282400,09:45:31
2826,100,282600,09:45:30
2826,100,282600,09:45:30
2826,200,565200,09:45:28
2824,200,564800,09:45:27
2827,100,282700,09:45:27
2826,500,1413000,09:45:27
2826,500,1413000,09:45:27
2825,200,565000,09:45:27
2825,100,282500,09:45:27
2824,100,282400,09:45:27
2823,200,564600,09:45:26
2824,400,1129600,09:45:25
2825,600,1695000,09:45:25
2825,100,282500,09:45:25
2827,500,1413500,09:45:24
2826,300,847800,09:45:24
2825,100,282500,09:45:24
2825,300,847500,09:45:22
2824,200,564800,09:45:22
2825,100,282500,09:45:20
2826,100,282600,09:45:20
2826,400,1130400,09:45:20
2825,100,282500,09:45:20
2825,100,282500,09:45:20
2825,100,282500,09:45:20
2823,700,1976100,09:45:19
2823,200,564600,09:45:19
2824,100,282400,09:45:19
2826,100,282600,09:45:18
2825,1100,3107500,09:45:18
2824,100,282400,09:45:18
2824,100,282400,09:45:18
2823,100,282300,09:45:16
2822,200,564400,09:45:16
2825,200,565000,09:45:16
2824,300,847200,09:45:16
2823,200,564600,09:45:15
2824,300,847200,09:45:14
2824,200,564800,09:45:12
2823,100,282300,09:45:12
2822,200,564400,09:45:12
2822,100,282200,09:45:12
2822,100,282200,09:45:12
2820,100,282000,09:45:11
2821,200,564200,09:45:11
2821,500,1410500,09:45:10
2821,800,2256800,09:45:10
2822,200,564400,09:45:10
2822,100,282200,09:45:10
2825,100,282500,09:45:07
2823,200,564600,09:45:07
2824,100,282400,09:45:07
2824,700,1976800,09:45:07
2825,300,847500,09:45:07
2825,100,282500,09:45:06
2823,100,282300,09:45:06
2822,100,282200,09:45:05
2822,100,282200,09:45:05
2823,100,282300,09:45:05
2823,100,282300,09:45:05
2822,600,1693200,09:45:05
2819,300,845700,09:45:04
2819,100,281900,09:45:03
2818,100,281800,09:45:02
2819,400,1127600,09:45:02
2819,200,563800,09:45:02
2820,100,282000,09:45:02
2821,300,846300,09:45:01
2821,300,846300,09:45:01
2820,300,846000,09:45:01
2819,200,563800,09:45:00
2818,100,281800,09:45:00
2818,200,563600,09:45:00
2818,100,281800,09:45:00
2819,100,281900,09:45:00
2818,100,281800,09:45:00
2819,100,281900,09:45:00
2819,200,563800,09:45:00
2819,100,281900,09:45:00
2819,500,1409500,09:45:00
2820,1900,5358000,09:45:00
2820,400,1128000,09:45:00
2821,100,282100,09:44:59
2822,100,282200,09:44:57
2822,500,1411000,09:44:57
2822,100,282200,09:44:57
2823,1000,2823000,09:44:57
2824,400,1129600,09:44:57
2824,300,847200,09:44:57
2826,100,282600,09:44:56
2825,300,847500,09:44:56
2825,300,847500,09:44:55
2826,100,282600,09:44:55
2826,100,282600,09:44:54
2826,200,565200,09:44:54
2826,100,282600,09:44:53
2828,100,282800,09:44:52
2827,400,1130800,09:44:52
2827,100,282700,09:44:52
2827,100,282700,09:44:52
2826,500,1413000,09:44:52
2827,100,282700,09:44:52
2829,300,848700,09:44:52
2828,1100,3110800,09:44:52
2827,300,848100,09:44:52
2826,300,847800,09:44:51
2826,100,282600,09:44:51
2826,100,282600,09:44:51
2825,100,282500,09:44:49
2825,100,282500,09:44:48
2827,100,282700,09:44:48
2826,100,282600,09:44:48
2826,100,282600,09:44:48
2825,200,565000,09:44:48
2825,100,282500,09:44:47
2825,100,282500,09:44:47
2826,100,282600,09:44:47
2827,200,565400,09:44:47
2827,400,1130800,09:44:47
2826,100,282600,09:44:47
2828,200,565600,09:44:46
2827,200,565400,09:44:45
2827,200,565400,09:44:45
2828,100,282800,09:44:44
2828,100,282800,09:44:44
2828,100,282800,09:44:42
2828,200,565600,09:44:42
2828,200,565600,09:44:42
2828,100,282800,09:44:42
2830,100,283000,09:44:41
2830,300,849000,09:44:40
2830,300,849000,09:44:40
2830,100,283000,09:44:40
2830,100,283000,09:44:40
2830,100,283000,09:44:40
2829,100,282900,09:44:40
2831,100,283100,09:44:40
2831,100,283100,09:44:40
2831,300,849300,09:44:40
2830,100,283000,09:44:40
2829,100,282900,09:44:40
2831,100,283100,09:44:40
2828,100,282800,09:44:39
2830,600,1698000,09:44:39
2832,100,283200,09:44:38
2830,100,283000,09:44:38
2832,800,2265600,09:44:38
2831,700,1981700,09:44:38
2830,100,283000,09:44:38
2830,200,566000,09:44:38
2829,500,1414500,09:44:38
2828,300,848400,09:44:38
2828,100,282800,09:44:38
2827,100,282700,09:44:38
2828,200,565600,09:44:38
2827,200,565400,09:44:38
2827,100,282700,09:44:38
2827,100,282700,09:44:38
2827,200,565400,09:44:38
2825,300,847500,09:44:37
2827,100,282700,09:44:36
2827,100,282700,09:44:36
2826,200,565200,09:44:36
2826,400,1130400,09:44:36
2827,500,1413500,09:44:36
2826,600,1695600,09:44:36
2825,400,1130000,09:44:36
2825,100,282500,09:44:36
2824,100,282400,09:44:36
2823,200,564600,09:44:36
2824,2200,6212800,09:44:36
2825,3200,9040000,09:44:36
2827,100,282700,09:44:36
2826,200,565200,09:44:35
2825,100,282500,09:44:35
2827,100,282700,09:44:34
2827,100,282700,09:44:34
2827,100,282700,09:44:34
2827,100,282700,09:44:34
2826,100,282600,09:44:34
2825,100,282500,09:44:33
2825,100,282500,09:44:33
2826,400,1130400,09:44:32
2827,500,1413500,09:44:32
2827,100,282700,09:44:32
2827,100,282700,09:44:31
2826,400,1130400,09:44:31
2825,100,282500,09:44:29
2826,200,565200,09:44:29
2824,100,282400,09:44:29
2825,100,282500,09:44:28
2826,100,282600,09:44:28
2826,100,282600,09:44:28
2829,300,848700,09:44:28
2828,1800,5090400,09:44:28
2827,500,1413500,09:44:28
2825,300,847500,09:44:28
2824,900,2541600,09:44:28
2826,100,282600,09:44:27
2826,100,282600,09:44:27
2825,100,282500,09:44:27
2825,500,1412500,09:44:27
2824,300,847200,09:44:27
2823,200,564600,09:44:26
2825,500,1412500,09:44:26
2824,300,847200,09:44:26
2824,300,847200,09:44:26
2823,200,564600,09:44:26
2823,100,282300,09:44:25
2822,200,564400,09:44:25
2823,100,282300,09:44:25
2824,300,847200,09:44:25
2825,100,282500,09:44:25
2825,300,847500,09:44:25
2823,300,846900,09:44:24
2822,300,846600,09:44:24
2824,100,282400,09:44:24
2823,100,282300,09:44:24
2827,800,2261600,09:44:24
2826,2800,7912800,09:44:24
2825,2200,6215000,09:44:24
2824,1900,5365600,09:44:24
2823,1000,2823000,09:44:24
2822,700,1975400,09:44:24
2821,100,282100,09:44:24
2821,100,282100,09:44:24
2821,100,282100,09:44:24
2820,300,846000,09:44:23
2822,100,282200,09:44:23
2822,100,282200,09:44:23
2821,200,564200,09:44:23
2818,300,845400,09:44:23
2820,1100,3102000,09:44:23
2819,100,281900,09:44:23
2819,300,845700,09:44:23
2818,200,563600,09:44:23
2816,200,563200,09:44:19
2817,300,845100,09:44:18
2816,600,1689600,09:44:18
2815,400,1126000,09:44:18
2813,100,281300,09:44:17
2813,100,281300,09:44:17
2813,100,281300,09:44:17
2813,100,281300,09:44:17
2811,100,281100,09:44:17
2813,100,281300,09:44:17
2813,100,281300,09:44:17
2812,800,2249600,09:44:17
2813,100,281300,09:44:17
2812,100,281200,09:44:17
2811,200,562200,09:44:17
2813,200,562600,09:44:17
2812,500,1406000,09:44:17
2811,100,281100,09:44:16
2812,100,281200,09:44:15
2812,200,562400,09:44:14
2811,100,281100,09:44:14
2811,800,2248800,09:44:14
2811,100,281100,09:44:14
2813,100,281300,09:44:14
2811,100,281100,09:44:13
2812,900,2530800,09:44:13
2812,100,281200,09:44:13
2814,400,1125600,09:44:11
2812,200,562400,09:44:11
2813,100,281300,09:44:10
2813,100,281300,09:44:10
2815,100,281500,09:44:10
2815,100,281500,09:44:10
2815,200,563000,09:44:09
2814,300,844200,09:44:09
2814,100,281400,09:44:09
2813,200,562600,09:44:09
2814,100,281400,09:44:08
2814,100,281400,09:44:07
2812,100,281200,09:44:07
2813,100,281300,09:44:07
2814,100,281400,09:44:07
2815,600,1689000,09:44:07
2816,2700,7603200,09:44:06
2816,1000,2816000,09:44:06
2815,1000,2815000,09:44:06
2814,100,281400,09:44:06
2813,200,562600,09:44:06
2813,100,281300,09:44:06
2814,100,281400,09:44:04
2812,300,843600,09:44:03
2814,100,281400,09:44:03
2813,100,281300,09:44:02
2814,500,1407000,09:44:01
2815,400,1126000,09:44:01
2815,700,1970500,09:44:01
2816,300,844800,09:44:01
2817,100,281700,09:44:01
2817,100,281700,09:44:00
2817,100,281700,09:43:59
2818,100,281800,09:43:59
2816,100,281600,09:43:58
2817,100,281700,09:43:57
2818,100,281800,09:43:57
2818,100,281800,09:43:57
2816,100,281600,09:43:56
2816,100,281600,09:43:56
2817,500,1408500,09:43:56
2816,200,563200,09:43:56
2814,100,281400,09:43:56
2815,100,281500,09:43:55
2814,100,281400,09:43:54
2816,100,281600,09:43:54
2815,200,563000,09:43:54
2816,100,281600,09:43:54
2817,100,281700,09:43:54
2817,100,281700,09:43:53
2816,300,844800,09:43:53
2815,100,281500,09:43:52
2815,100,281500,09:43:52
2817,100,281700,09:43:52
2816,200,563200,09:43:52
2816,100,281600,09:43:52
2815,200,563000,09:43:52
2816,100,281600,09:43:52
2815,100,281500,09:43:52
2815,300,844500,09:43:52
2815,200,563000,09:43:52
2814,300,844200,09:43:51
2814,300,844200,09:43:50
2812,100,281200,09:43:50
2813,100,281300,09:43:50
2812,100,281200,09:43:49
2812,100,281200,09:43:49
2813,500,1406500,09:43:49
2812,100,281200,09:43:49
2812,100,281200,09:43:49
2812,300,843600,09:43:48
2811,400,1124400,09:43:48
2811,200,562200,09:43:47
2810,400,1124000,09:43:47
2810,100,281000,09:43:43
2808,100,280800,09:43:42
2811,200,562200,09:43:41
2810,100,281000,09:43:41
2811,200,562200,09:43:41
2807,100,280700,09:43:40
2810,200,562000,09:43:40
2807,100,280700,09:43:40
2809,500,1404500,09:43:40
2805,600,1683000,09:43:40
2806,1200,3367200,09:43:40
2807,800,2245600,09:43:40
2808,200,561600,09:43:40
2809,200,561800,09:43:40
2809,100,280900,09:43:40
2810,400,1124000,09:43:40
2811,100,281100,09:43:40
2811,200,562200,09:43:40
2811,800,2248800,09:43:40
2810,100,281000,09:43:39
2809,3200,8988800,09:43:39
2808,300,842400,09:43:39
2807,100,280700,09:43:39
2807,900,2526300,09:43:39
2805,100,280500,09:43:38
2807,100,280700,09:43:38
2805,700,1963500,09:43:37
2805,100,280500,09:43:37
2807,100,280700,09:43:36
2808,100,280800,09:43:36
2807,500,1403500,09:43:36
2805,100,280500,09:43:36
2806,100,280600,09:43:36
2806,100,280600,09:43:36
2806,100,280600,09:43:36
2807,100,280700,09:43:36
2807,200,561400,09:43:35
2805,200,561000,09:43:35
2806,100,280600,09:43:34
2807,100,280700,09:43:33
2809,100,280900,09:43:33
2808,300,842400,09:43:33
2807,100,280700,09:43:33
2808,100,280800,09:43:33
2808,100,280800,09:43:33
2808,500,1404000,09:43:33
2809,100,280900,09:43:33
2809,100,280900,09:43:33
2810,500,1405000,09:43:33
2811,900,2529900,09:43:33
2812,500,1406000,09:43:33
2812,100,281200,09:43:33
2812,1600,4499200,09:43:33
2811,400,1124400,09:43:33
2810,100,281000,09:43:32
2810,100,281000,09:43:32
2810,100,281000,09:43:32
2809,300,842700,09:43:32
2809,100,280900,09:43:32
2811,100,281100,09:43:31
2810,100,281000,09:43:31
2809,100,280900,09:43:30
2810,300,843000,09:43:30
2810,200,562000,09:43:30
2810,100,281000,09:43:30
2811,100,281100,09:43:30
2811,400,1124400,09:43:29
2810,100,281000,09:43:29
2810,100,281000,09:43:29
2810,400,1124000,09:43:29
2810,100,281000,09:43:29
2809,100,280900,09:43:29
2810,100,281000,09:43:29
2810,200,562000,09:43:29
2808,100,280800,09:43:29
2808,100,280800,09:43:29
2809,100,280900,09:43:29
2807,100,280700,09:43:29
2807,100,280700,09:43:29
2806,4500,12627000,09:43:29
2806,100,280600,09:43:29
2806,100,280600,09:43:29
2806,300,841800,09:43:29
2806,1600,4489600,09:43:29
2807,2500,7017500,09:43:29
2808,500,1404000,09:43:29
2809,100,280900,09:43:28
2810,100,281000,09:43:28
2810,100,281000,09:43:27
2810,200,562000,09:43:26
2809,100,280900,09:43:26
2809,200,561800,09:43:26
2809,100,280900,09:43:26
2808,300,842400,09:43:25
2810,100,281000,09:43:24
2812,100,281200,09:43:24
2811,300,843300,09:43:24
2810,400,1124000,09:43:24
2809,3700,10393300,09:43:24
2808,100,280800,09:43:23
2807,200,561400,09:43:22
2807,200,561400,09:43:22
2808,100,280800,09:43:22
2809,100,280900,09:43:21
2807,100,280700,09:43:21
2808,100,280800,09:43:21
2806,500,1403000,09:43:21
2806,100,280600,09:43:21
2806,500,1403000,09:43:21
2806,100,280600,09:43:21
2806,100,280600,09:43:20
2807,400,1122800,09:43:20
2807,100,280700,09:43:19
2809,400,1123600,09:43:19
2810,100,281000,09:43:19
2811,200,562200,09:43:19
2810,200,562000,09:43:19
2808,100,280800,09:43:18
2810,100,281000,09:43:17
2809,600,1685400,09:43:17
2808,100,280800,09:43:17
2807,100,280700,09:43:17
2807,200,561400,09:43:17
2808,600,1684800,09:43:17
2809,500,1404500,09:43:17
2810,1000,2810000,09:43:17
2811,100,281100,09:43:16
2810,100,281000,09:43:16
2810,100,281000,09:43:16
2810,100,281000,09:43:16
2810,100,281000,09:43:16
2810,100,281000,09:43:16
2810,100,281000,09:43:16
2811,200,562200,09:43:16
2812,300,843600,09:43:16
2812,100,281200,09:43:15
2813,100,281300,09:43:15
2813,100,281300,09:43:15
2812,400,1124800,09:43:15
2811,400,1124400,09:43:15
2812,100,281200,09:43:14
2813,500,1406500,09:43:14
2811,200,562200,09:43:14
2813,200,562600,09:43:14
2814,100,281400,09:43:14
2814,200,562800,09:43:14
2814,100,281400,09:43:14
2814,200,562800,09:43:14
2812,400,1124800,09:43:13
2812,500,1406000,09:43:13
2811,1200,3373200,09:43:13
2810,300,843000,09:43:13
2810,100,281000,09:43:13
2811,100,281100,09:43:13
2812,100,281200,09:43:12
2812,100,281200,09:43:12
2810,200,562000,09:43:12
2811,300,843300,09:43:12
2813,100,281300,09:43:12
2812,200,562400,09:43:12
2812,100,281200,09:43:11
2812,200,562400,09:43:11
2812,100,281200,09:43:11
2810,300,843000,09:43:11
2809,600,1685400,09:43:11
2810,100,281000,09:43:11
2811,100,281100,09:43:11
2811,500,1405500,09:43:11
2810,500,1405000,09:43:11
2811,100,281100,09:43:11
2812,200,562400,09:43:11
2813,200,562600,09:43:11
2815,300,844500,09:43:11
2814,100,281400,09:43:11
2814,100,281400,09:43:11
2815,1400,3941000,09:43:11
2814,1100,3095400,09:43:11
2813,1300,3656900,09:43:11
2812,200,562400,09:43:11
2812,100,281200,09:43:11
2811,300,843300,09:43:11
2810,600,1686000,09:43:11
2807,100,280700,09:43:11
2807,100,280700,09:43:11
2808,100,280800,09:43:11
2809,300,842700,09:43:11
2809,1000,2809000,09:43:11
2808,100,280800,09:43:11
2808,100,280800,09:43:11
2808,100,280800,09:43:11
2807,700,1964900,09:43:11
2809,200,561800,09:43:11
2807,700,1964900,09:43:11
2807,500,1403500,09:43:11
2807,100,280700,09:43:11
2808,3300,9266400,09:43:11
2809,900,2528100,09:43:11
2809,400,1123600,09:43:11
2810,4800,13488000,09:43:11
2811,600,1686600,09:43:11
2812,600,1687200,09:43:11
2813,100,281300,09:43:11
2813,300,843900,09:43:10
2813,100,281300,09:43:10
2814,200,562800,09:43:09
2813,100,281300,09:43:09
2813,100,281300,09:43:09
2814,100,281400,09:43:08
2814,100,281400,09:43:08
2814,100,281400,09:43:08
2814,500,1407000,09:43:08
2815,300,844500,09:43:08
2816,100,281600,09:43:08
2815,300,844500,09:43:08
2816,100,281600,09:43:08
2815,100,281500,09:43:08
2816,300,844800,09:43:08
2816,100,281600,09:43:08
2816,100,281600,09:43:08
2816,100,281600,09:43:08
2817,500,1408500,09:43:07
2818,500,1409000,09:43:07
2819,200,563800,09:43:07
2819,100,281900,09:43:07
2820,100,282000,09:43:06
2820,100,282000,09:43:06
2819,100,281900,09:43:05
2821,100,282100,09:43:05
2823,200,564600,09:43:05
2823,100,282300,09:43:05
2822,100,282200,09:43:04
2821,700,1974700,09:43:04
2822,300,846600,09:43:04
2823,200,564600,09:43:03
2822,1000,2822000,09:43:03
2821,100,282100,09:43:03
2821,200,564200,09:43:03
2822,100,282200,09:43:03
2821,100,282100,09:43:03
2820,200,564000,09:43:03
2820,100,282000,09:43:03
2819,100,281900,09:43:03
2819,100,281900,09:43:03
2819,100,281900,09:43:02
2819,100,281900,09:43:02
2821,200,564200,09:43:02
2821,500,1410500,09:43:02
2820,500,1410000,09:43:02
2819,300,845700,09:43:02
2819,200,563800,09:43:02
2819,100,281900,09:43:02
2818,200,563600,09:43:01
2817,100,281700,09:43:01
2817,100,281700,09:43:01
2818,200,563600,09:43:01
2820,300,846000,09:43:00
2819,200,563800,09:43:00
2818,100,281800,09:43:00
2817,400,1126800,09:42:59
2817,700,1971900,09:42:59
2818,100,281800,09:42:59
2819,200,563800,09:42:59
2819,300,845700,09:42:58
2818,100,281800,09:42:58
2819,200,563800,09:42:58
2820,2200,6204000,09:42:58
2820,200,564000,09:42:58
2820,600,1692000,09:42:58
2819,100,281900,09:42:58
2819,100,281900,09:42:58
2818,100,281800,09:42:58
2819,100,281900,09:42:57
2819,100,281900,09:42:56
2818,200,563600,09:42:56
2820,100,282000,09:42:56
2820,200,564000,09:42:55
2820,200,564000,09:42:55
2818,100,281800,09:42:55
2819,100,281900,09:42:55
2820,100,282000,09:42:54
2817,100,281700,09:42:54
2817,200,563400,09:42:54
2820,300,846000,09:42:54
2823,100,282300,09:42:53
2822,500,1411000,09:42:53
2821,400,1128400,09:42:53
2821,100,282100,09:42:53
2820,600,1692000,09:42:53
2819,300,845700,09:42:53
2818,200,563600,09:42:53
2816,100,281600,09:42:53
2817,100,281700,09:42:53
2818,100,281800,09:42:53
2817,1500,4225500,09:42:53
2816,100,281600,09:42:53
2815,1000,2815000,09:42:53
2813,100,281300,09:42:53
2813,100,281300,09:42:52
2813,300,843900,09:42:52
2814,200,562800,09:42:52
2815,100,281500,09:42:52
2815,200,563000,09:42:52
2816,300,844800,09:42:52
2815,600,1689000,09:42:52
2812,100,281200,09:42:51
2812,100,281200,09:42:51
2813,200,562600,09:42:51
2814,200,562800,09:42:51
2811,200,562200,09:42:51
2812,100,281200,09:42:51
2813,100,281300,09:42:51
2812,100,281200,09:42:51
2814,300,844200,09:42:51
2814,800,2251200,09:42:51
2813,700,1969100,09:42:51
2810,100,281000,09:42:51
2811,100,281100,09:42:51
2810,100,281000,09:42:50
2810,100,281000,09:42:50
2811,200,562200,09:42:50
2812,300,843600,09:42:50
2810,100,281000,09:42:50
2810,100,281000,09:42:50
2810,100,281000,09:42:50
2812,300,843600,09:42:50
2812,100,281200,09:42:50
2813,2600,7313800,09:42:50
2813,400,1125200,09:42:50
2812,100,281200,09:42:49
2813,300,843900,09:42:49
2811,1000,2811000,09:42:49
2811,300,843300,09:42:49
2813,200,562600,09:42:49
2813,100,281300,09:42:49
2812,100,281200,09:42:48
2812,200,562400,09:42:48
2813,100,281300,09:42:48
2812,100,281200,09:42:47
2812,900,2530800,09:42:47
2813,300,843900,09:42:47
2815,100,281500,09:42:47
2815,200,563000,09:42:47
2813,100,281300,09:42:46
2814,100,281400,09:42:46
2815,200,563000,09:42:46
2815,100,281500,09:42:46
2814,100,281400,09:42:46
2813,800,2250400,09:42:46
2814,200,562800,09:42:46
2816,200,563200,09:42:46
2813,100,281300,09:42:46
2815,200,563000,09:42:45
2813,800,2250400,09:42:45
2814,200,562800,09:42:45
2815,100,281500,09:42:45
2815,100,281500,09:42:45
2813,100,281300,09:42:45
2815,100,281500,09:42:45
2814,200,562800,09:42:45
2812,300,843600,09:42:45
2813,300,843900,09:42:45
2813,100,281300,09:42:45
2814,100,281400,09:42:44
2814,100,281400,09:42:44
2814,200,562800,09:42:44
2813,100,281300,09:42:44
2814,100,281400,09:42:44
2813,100,281300,09:42:44
2813,500,1406500,09:42:44
2812,200,562400,09:42:44
2815,100,281500,09:42:43
2814,300,844200,09:42:43
2813,600,1687800,09:42:43
2813,300,843900,09:42:42
2814,200,562800,09:42:42
2814,200,562800,09:42:42
2816,200,563200,09:42:42
2815,200,563000,09:42:42
2815,1200,3378000,09:42:42
2815,600,1689000,09:42:42
2816,100,281600,09:42:41
2817,100,281700,09:42:41
2816,100,281600,09:42:41
2815,200,563000,09:42:41
2817,100,281700,09:42:41
2815,300,844500,09:42:41
2816,300,844800,09:42:41
2817,100,281700,09:42:40
2817,100,281700,09:42:40
2816,200,563200,09:42:40
2817,100,281700,09:42:39
2818,100,281800,09:42:39
2815,300,844500,09:42:39
2816,1300,3660800,09:42:39
2817,400,1126800,09:42:39
2820,100,282000,09:42:39
2820,100,282000,09:42:39
2819,100,281900,09:42:39
2819,100,281900,09:42:39
2817,400,1126800,09:42:39
2818,200,563600,09:42:39
2820,300,846000,09:42:39
2821,100,282100,09:42:38
2821,200,564200,09:42:37
2818,400,1127200,09:42:37
2819,700,1973300,09:42:37
2820,300,846000,09:42:37
2820,100,282000,09:42:37
2821,100,282100,09:42:37
2821,100,282100,09:42:37
2817,400,1126800,09:42:37
2818,100,281800,09:42:37
2817,400,1126800,09:42:37
2818,1100,3099800,09:42:37
2819,200,563800,09:42:37
2820,2200,6204000,09:42:37
2821,100,282100,09:42:37
2821,200,564200,09:42:37
2820,100,282000,09:42:36
2820,100,282000,09:42:36
2821,700,1974700,09:42:36
2821,400,1128400,09:42:36
2822,100,282200,09:42:36
2822,300,846600,09:42:36
2822,300,846600,09:42:35
2822,100,282200,09:42:35
2822,200,564400,09:42:35
2822,200,564400,09:42:35
2822,100,282200,09:42:35
2823,600,1693800,09:42:34
2821,100,282100,09:42:34
2821,700,1974700,09:42:34
2823,100,282300,09:42:34
2822,100,282200,09:42:34
2822,100,282200,09:42:34
2822,100,282200,09:42:34
2822,100,282200,09:42:33
2822,100,282200,09:42:33
2822,100,282200,09:42:33
2822,100,282200,09:42:33
2822,100,282200,09:42:33
2822,100,282200,09:42:33
2822,200,564400,09:42:33
2822,100,282200,09:42:33
2824,300,847200,09:42:33
2824,300,847200,09:42:33
2823,500,1411500,09:42:32
2825,500,1412500,09:42:32
2825,200,565000,09:42:32
2825,700,1977500,09:42:32
2826,200,565200,09:42:31
2826,1000,2826000,09:42:31
2827,200,565400,09:42:31
2828,200,565600,09:42:31
2828,200,565600,09:42:31
2828,100,282800,09:42:31
2828,100,282800,09:42:31
2828,200,565600,09:42:31
2828,300,848400,09:42:31
2828,300,848400,09:42:31
2828,100,282800,09:42:31
2828,300,848400,09:42:31
2830,100,283000,09:42:30
2829,100,282900,09:42:30
2829,100,282900,09:42:30
2831,100,283100,09:42:30
2830,400,1132000,09:42:30
2832,300,849600,09:42:29
2830,100,283000,09:42:29
2830,300,849000,09:42:29
2831,400,1132400,09:42:29
2832,500,1416000,09:42:29
2831,200,566200,09:42:29
2831,100,283100,09:42:28
2832,200,566400,09:42:27
2832,100,283200,09:42:27
2829,100,282900,09:42:27
2829,100,282900,09:42:27
2831,100,283100,09:42:26
2830,300,849000,09:42:26
2829,300,848700,09:42:26
2829,100,282900,09:42:26
2830,200,566000,09:42:26
2828,300,848400,09:42:26
2829,500,1414500,09:42:26
2830,100,283000,09:42:26
2830,100,283000,09:42:26
2830,100,283000,09:42:26
2830,100,283000,09:42:26
2831,100,283100,09:42:26
2832,100,283200,09:42:26
2831,700,1981700,09:42:26
2830,100,283000,09:42:26
2830,200,566000,09:42:26
2830,400,1132000,09:42:26
2830,100,283000,09:42:26
2828,100,282800,09:42:25
2827,100,282700,09:42:24
2827,500,1413500,09:42:24
2828,400,1131200,09:42:24
2830,400,1132000,09:42:24
2830,100,283000,09:42:24
2830,300,849000,09:42:24
2829,100,282900,09:42:24
2828,100,282800,09:42:24
2829,100,282900,09:42:24
2828,100,282800,09:42:24
2828,100,282800,09:42:24
2829,100,282900,09:42:24
2829,100,282900,09:42:24
2829,100,282900,09:42:24
2825,300,847500,09:42:24
2826,500,1413000,09:42:24
2827,700,1978900,09:42:24
2828,500,1414000,09:42:24
2829,100,282900,09:42:24
2829,100,282900,09:42:24
2829,200,565800,09:42:23
2830,200,566000,09:42:23
2829,300,848700,09:42:22
2830,100,283000,09:42:22
2830,200,566000,09:42:22
2829,100,282900,09:42:22
2829,100,282900,09:42:22
2829,100,282900,09:42:22
2828,100,282800,09:42:22
2828,600,1696800,09:42:22
2830,100,283000,09:42:22
2829,200,565800,09:42:22
2830,1600,4528000,09:42:22
2830,1600,4528000,09:42:22
2831,1300,3680300,09:42:22
2832,400,1132800,09:42:22
2833,200,566600,09:42:22
2833,100,283300,09:42:22
2835,300,850500,09:42:21
2833,100,283300,09:42:21
2834,300,850200,09:42:21
2836,100,283600,09:42:20
2833,100,283300,09:42:20
2834,100,283400,09:42:20
2833,400,1133200,09:42:19
2834,200,566800,09:42:19
2834,200,566800,09:42:19
2834,100,283400,09:42:19
2833,100,283300,09:42:19
2832,100,283200,09:42:19
2834,100,283400,09:42:18
2832,200,566400,09:42:18
2834,300,850200,09:42:18
2831,200,566200,09:42:18
2831,200,566200,09:42:18
2832,400,1132800,09:42:18
2834,100,283400,09:42:18
2833,100,283300,09:42:18
2834,100,283400,09:42:18
2834,100,283400,09:42:18
2834,200,566800,09:42:18
2833,100,283300,09:42:17
2831,100,283100,09:42:17
2834,300,850200,09:42:17
2832,400,1132800,09:42:17
2832,100,283200,09:42:17
2834,200,566800,09:42:17
2832,100,283200,09:42:16
2833,100,283300,09:42:16
2834,100,283400,09:42:16
2835,100,283500,09:42:16
2834,100,283400,09:42:16
2835,300,850500,09:42:16
2835,100,283500,09:42:16
2831,500,1415500,09:42:16
2832,500,1416000,09:42:16
2833,400,1133200,09:42:16
2834,200,566800,09:42:16
2835,100,283500,09:42:15
2834,100,283400,09:42:15
2834,200,566800,09:42:15
2835,400,1134000,09:42:15
2835,200,567000,09:42:15
2836,200,567200,09:42:15
2837,600,1702200,09:42:14
2836,600,1701600,09:42:14
2834,100,283400,09:42:14
2836,100,283600,09:42:14
2833,100,283300,09:42:14
2834,100,283400,09:42:14
2834,100,283400,09:42:14
2834,100,283400,09:42:14
2836,100,283600,09:42:14
2835,200,567000,09:42:13
2834,300,850200,09:42:13
2834,100,283400,09:42:13
2830,400,1132000,09:42:13
2831,1200,3397200,09:42:13
2832,200,566400,09:42:13
2833,100,283300,09:42:13
2832,300,849600,09:42:13
2833,300,849900,09:42:13
2834,200,566800,09:42:13
2833,200,566600,09:42:13
2834,400,1133600,09:42:13
2834,200,566800,09:42:13
2832,700,1982400,09:42:13
2833,600,1699800,09:42:13
2834,200,566800,09:42:13
2835,300,850500,09:42:13
2834,100,283400,09:42:13
2835,1300,3685500,09:42:13
2836,300,850800,09:42:13
2838,100,283800,09:42:13
2837,100,283700,09:42:12
2837,100,283700,09:42:12
2839,100,283900,09:42:12
2838,100,283800,09:42:12
2837,100,283700,09:42:12
2837,100,283700,09:42:11
2839,100,283900,09:42:11
2839,100,283900,09:42:11
2836,1500,4254000,09:42:11
2837,800,2269600,09:42:11
2838,700,1986600,09:42:11
2839,200,567800,09:42:11
2840,200,568000,09:42:11
2839,600,1703400,09:42:11
2841,100,284100,09:42:10
2841,100,284100,09:42:10
2841,200,568200,09:42:10
2838,300,851400,09:42:10
2839,200,567800,09:42:10
2840,300,852000,09:42:09
2838,100,283800,09:42:09
2840,300,852000,09:42:09
2839,300,851700,09:42:09
2838,100,283800,09:42:09
2838,100,283800,09:42:09
2838,100,283800,09:42:09
2836,100,283600,09:42:09
2836,100,283600,09:42:09
2838,100,283800,09:42:09
2836,100,283600,09:42:09
2838,100,283800,09:42:09
2836,500,1418000,09:42:09
2837,100,283700,09:42:09
2837,300,851100,09:42:09
2837,100,283700,09:42:08
2838,100,283800,09:42:08
2836,100,283600,09:42:08
2837,200,567400,09:42:08
2838,100,283800,09:42:08
2836,400,1134400,09:42:08
2837,300,851100,09:42:08
2838,100,283800,09:42:08
2838,100,283800,09:42:08
2838,100,283800,09:42:08
2836,600,1701600,09:42:08
2837,400,1134800,09:42:08
2838,100,283800,09:42:08
2838,100,283800,09:42:08
2838,100,283800,09:42:08
2838,100,283800,09:42:08
2836,300,850800,09:42:08
2838,100,283800,09:42:08
2838,100,283800,09:42:08
2837,100,283700,09:42:08
2837,100,283700,09:42:08
2837,100,283700,09:42:08
2838,100,283800,09:42:08
2838,100,283800,09:42:08
2838,100,283800,09:42:08
2837,100,283700,09:42:08
2839,100,283900,09:42:08
2839,100,283900,09:42:08
2839,200,567800,09:42:08
2838,100,283800,09:42:08
2838,200,567600,09:42:08
2839,100,283900,09:42:08
2839,200,567800,09:42:08
2840,100,284000,09:42:08
2839,200,567800,09:42:08
2840,100,284000,09:42:08
2839,100,283900,09:42:08
2840,100,284000,09:42:08
2838,800,2270400,09:42:08
2839,1400,3974600,09:42:08
2840,800,2272000,09:42:08
2840,2300,6532000,09:42:08
2841,200,568200,09:42:08
2842,100,284200,09:42:08
2842,100,284200,09:42:08
2841,1000,2841000,09:42:08
2841,100,284100,09:42:08
2841,100,284100,09:42:08
2842,100,284200,09:42:08
2841,700,1988700,09:42:08
2842,100,284200,09:42:08
2842,900,2557800,09:42:08
2843,100,284300,09:42:08
2844,100,284400,09:42:08
2844,200,568800,09:42:08
2845,100,284500,09:42:08
2845,100,284500,09:42:08
2842,100,284200,09:42:08
2843,1100,3127300,09:42:08
2844,400,1137600,09:42:08
2844,100,284400,09:42:07
2842,200,568400,09:42:07
2843,1500,4264500,09:42:07
2844,1600,4550400,09:42:07
2845,1300,3698500,09:42:07
2846,400,1138400,09:42:07
2846,100,284600,09:42:07
2846,200,569200,09:42:07
2846,100,284600,09:42:07
2846,100,284600,09:42:07
2847,200,569400,09:42:07
2847,200,569400,09:42:07
2847,100,284700,09:42:07
2847,100,284700,09:42:07
2849,100,284900,09:42:07
2847,100,284700,09:42:07
2847,400,1138800,09:42:07
2848,100,284800,09:42:07
2848,100,284800,09:42:07
2849,300,854700,09:42:07
2850,5900,16815000,09:42:07
2850,1000,2850000,09:42:07
2851,100,285100,09:42:07
2850,200,570000,09:42:07
2851,1500,4276500,09:42:07
2852,300,855600,09:42:07
2852,100,285200,09:42:07
2853,100,285300,09:42:07
2852,500,1426000,09:42:07
2852,200,570400,09:42:07
2852,100,285200,09:42:06
2852,100,285200,09:42:06
2853,600,1711800,09:42:06
2853,100,285300,09:42:06
2853,300,855900,09:42:06
2854,100,285400,09:42:06
2856,100,285600,09:42:06
2855,100,285500,09:42:06
2855,100,285500,09:42:06
2854,100,285400,09:42:06
2855,100,285500,09:42:06
2855,100,285500,09:42:06
2854,100,285400,09:42:06
2854,100,285400,09:42:06
2855,100,285500,09:42:06
2855,100,285500,09:42:06
2854,200,570800,09:42:06
2854,100,285400,09:42:06
2855,100,285500,09:42:06
2855,200,571000,09:42:06
2856,200,571200,09:42:06
2855,100,285500,09:42:06
2854,100,285400,09:42:06
2855,100,285500,09:42:06
2854,100,285400,09:42:06
2854,100,285400,09:42:06
2856,100,285600,09:42:06
2855,2000,5710000,09:42:06
2855,600,1713000,09:42:06
2856,400,1142400,09:42:05
2856,300,856800,09:42:05
2857,900,2571300,09:42:04
2857,100,285700,09:42:04
2858,500,1429000,09:42:03
2858,100,285800,09:42:03
2858,100,285800,09:42:03
2859,700,2001300,09:42:03
2860,300,858000,09:42:02
2860,100,286000,09:42:02
2860,100,286000,09:42:02
2860,400,1144000,09:42:02
2860,100,286000,09:42:02
2859,500,1429500,09:42:01
2860,1100,3146000,09:42:01
2861,200,572200,09:42:01
2861,100,286100,09:42:01
2862,100,286200,09:42:01
2861,100,286100,09:42:01
2863,100,286300,09:42:01
2860,1200,3432000,09:42:01
2861,600,1716600,09:42:01
2862,200,572400,09:42:01
2862,100,286200,09:42:00
2863,100,286300,09:42:00
2861,300,858300,09:42:00
2861,100,286100,09:42:00
2860,500,1430000,09:42:00
2861,1400,4005400,09:42:00
2862,1300,3720600,09:42:00
2863,1000,2863000,09:42:00
2864,400,1145600,09:41:59
2863,400,1145200,09:41:59
2862,100,286200,09:41:59
2862,100,286200,09:41:59
2861,300,858300,09:41:59
2863,100,286300,09:41:59
2862,100,286200,09:41:59
2860,400,1144000,09:41:58
2861,100,286100,09:41:58
2861,400,1144400,09:41:58
2861,100,286100,09:41:58
2862,100,286200,09:41:58
2861,100,286100,09:41:58
2861,700,2002700,09:41:58
2861,100,286100,09:41:58
2861,100,286100,09:41:58
2861,100,286100,09:41:58
2862,300,858600,09:41:58
2862,200,572400,09:41:58
2864,600,1718400,09:41:58
2861,400,1144400,09:41:58
2862,100,286200,09:41:58
2862,100,286200,09:41:58
2862,200,572400,09:41:58
2864,100,286400,09:41:58
2862,300,858600,09:41:58
2865,100,286500,09:41:58
2860,1400,4004000,09:41:58
2861,2000,5722000,09:41:58
2862,2800,8013600,09:41:58
2863,1800,5153400,09:41:58
2864,1300,3723200,09:41:58
2865,400,1146000,09:41:58
2865,100,286500,09:41:57
2865,200,573000,09:41:57
2866,400,1146400,09:41:57
2867,300,860100,09:41:57
2865,100,286500,09:41:56
2865,200,573000,09:41:55
2866,100,286600,09:41:55
2865,900,2578500,09:41:55
2866,600,1719600,09:41:55
2867,300,860100,09:41:55
2867,100,286700,09:41:55
2867,100,286700,09:41:54
2867,200,573400,09:41:53
2868,100,286800,09:41:50
2869,100,286900,09:41:49
2867,400,1146800,09:41:47
2869,200,573800,09:41:44
2869,200,573800,09:41:43
2867,500,1433500,09:41:42
2868,300,860400,09:41:42
2869,200,573800,09:41:42
2869,100,286900,09:41:42
2869,100,286900,09:41:42
2870,100,287000,09:41:40
2870,100,287000,09:41:40
2871,100,287100,09:41:40
2871,600,1722600,09:41:40
2871,400,1148400,09:41:40
2870,1700,4879000,09:41:40
2869,400,1147600,09:41:40
2867,100,286700,09:41:40
2869,800,2295200,09:41:35
2870,100,287000,09:41:35
2873,400,1149200,09:41:35
2872,1600,4595200,09:41:35
2871,100,287100,09:41:35
2870,200,574000,09:41:35
2869,100,286900,09:41:33
2871,100,287100,09:41:33
2873,100,287300,09:41:31
2873,400,1149200,09:41:31
2872,100,287200,09:41:31
2873,100,287300,09:41:31
2872,1000,2872000,09:41:31
2872,400,1148800,09:41:31
2871,100,287100,09:41:31
2870,100,287000,09:41:31
2869,100,286900,09:41:31
2869,100,286900,09:41:31
2867,100,286700,09:41:31
2867,100,286700,09:41:31
2868,200,573600,09:41:31
2869,300,860700,09:41:30
2870,100,287000,09:41:29
2870,200,574000,09:41:29
2872,100,287200,09:41:29
2872,100,287200,09:41:29
2872,100,287200,09:41:28
2871,100,287100,09:41:28
2870,100,287000,09:41:26
2870,200,574000,09:41:26
2871,100,287100,09:41:26
2872,100,287200,09:41:26
2872,100,287200,09:41:25
2871,100,287100,09:41:25
2874,100,287400,09:41:24
2874,600,1724400,09:41:24
2875,100,287500,09:41:24
2876,100,287600,09:41:24
2875,1800,5175000,09:41:24
2874,100,287400,09:41:24
2874,300,862200,09:41:24
2873,200,574600,09:41:24
2872,100,287200,09:41:23
2870,300,861000,09:41:21
2871,600,1722600,09:41:21
2872,300,861600,09:41:21
2872,200,574400,09:41:20
2871,400,1148400,09:41:20
2870,800,2296000,09:41:20
2868,200,573600,09:41:19
2869,200,573800,09:41:18
2869,100,286900,09:41:18
2870,100,287000,09:41:17
2871,200,574200,09:41:14
2869,300,860700,09:41:13
2869,100,286900,09:41:13
2869,700,2008300,09:41:13
2868,100,286800,09:41:13
2868,100,286800,09:41:13
2868,100,286800,09:41:11
2868,100,286800,09:41:10
2869,200,573800,09:41:10
2869,100,286900,09:41:10
2870,1200,3444000,09:41:10
2872,500,1436000,09:41:09
2871,300,861300,09:41:09
2871,100,287100,09:41:09
2871,300,861300,09:41:08
2872,100,287200,09:41:08
2871,100,287100,09:41:07
2871,200,574200,09:41:06
2872,100,287200,09:41:06
2874,100,287400,09:41:05
2874,500,1437000,09:41:04
2873,300,861900,09:41:04
2872,200,574400,09:41:03
2874,400,1149600,09:41:02
2874,200,574800,09:41:02
2875,100,287500,09:41:02
2874,200,574800,09:41:02
2876,100,287600,09:41:01
2875,1100,3162500,09:41:01
2874,200,574800,09:41:01
2872,400,1148800,09:40:57
2873,500,1436500,09:40:57
2875,200,575000,09:40:56
2874,100,287400,09:40:56
2874,500,1437000,09:40:54
2873,200,574600,09:40:54
2873,100,287300,09:40:54
2870,100,287000,09:40:53
2871,200,574200,09:40:53
2872,100,287200,09:40:52
2872,300,861600,09:40:52
2871,100,287100,09:40:52
2871,1300,3732300,09:40:52
2872,500,1436000,09:40:52
2872,100,287200,09:40:51
2874,300,862200,09:40:50
2872,100,287200,09:40:48
2874,300,862200,09:40:48
2873,200,574600,09:40:48
2872,300,861600,09:40:46
2872,1700,4882400,09:40:44
2872,100,287200,09:40:44
2873,100,287300,09:40:44
2872,300,861600,09:40:44
2874,100,287400,09:40:43
2872,100,287200,09:40:41
2872,100,287200,09:40:41
2872,100,287200,09:40:41
2872,100,287200,09:40:40
2873,100,287300,09:40:38
2872,300,861600,09:40:38
2871,500,1435500,09:40:38
2870,100,287000,09:40:38
2870,100,287000,09:40:38
2868,200,573600,09:40:38
2870,500,1435000,09:40:38
2870,100,287000,09:40:35
2870,1000,2870000,09:40:34
2871,200,574200,09:40:33
2871,200,574200,09:40:33
2869,100,286900,09:40:33
2871,200,574200,09:40:33
2872,200,574400,09:40:33
2873,100,287300,09:40:32
2873,100,287300,09:40:32
2874,800,2299200,09:40:32
2875,700,2012500,09:40:32
2874,1700,4885800,09:40:32
2873,1800,5171400,09:40:32
2872,1700,4882400,09:40:32
2871,900,2583900,09:40:32
2870,600,1722000,09:40:32
2869,100,286900,09:40:31
2869,200,573800,09:40:31
2870,200,574000,09:40:30
2869,100,286900,09:40:29
2868,500,1434000,09:40:29
2869,300,860700,09:40:28
2867,100,286700,09:40:27
2869,100,286900,09:40:26
2868,200,573600,09:40:26
2869,100,286900,09:40:26
2869,800,2295200,09:40:26
2868,300,860400,09:40:26
2868,300,860400,09:40:26
2865,1600,4584000,09:40:26
2866,400,1146400,09:40:26
2867,300,860100,09:40:26
2868,200,573600,09:40:26
2870,100,287000,09:40:25
2868,100,286800,09:40:24
2867,200,573400,09:40:24
2868,100,286800,09:40:24
2868,100,286800,09:40:24
2866,1800,5158800,09:40:24
2867,1400,4013800,09:40:24
2868,600,1720800,09:40:24
2869,200,573800,09:40:24
2870,100,287000,09:40:21
2870,200,574000,09:40:21
2871,600,1722600,09:40:21
2872,200,574400,09:40:21
2871,500,1435500,09:40:20
2871,100,287100,09:40:20
2870,1500,4305000,09:40:20
2868,300,860400,09:40:19
2868,100,286800,09:40:19
2868,100,286800,09:40:18
2868,100,286800,09:40:18
2867,300,860100,09:40:17
2868,100,286800,09:40:17
2869,400,1147600,09:40:17
2868,200,573600,09:40:17
2869,100,286900,09:40:16
2867,200,573400,09:40:16
2868,100,286800,09:40:15
2870,400,1148000,09:40:14
2869,100,286900,09:40:14
2869,1100,3155900,09:40:14
2867,500,1433500,09:40:14
2867,100,286700,09:40:13
2867,200,573400,09:40:13
2867,100,286700,09:40:13
2869,100,286900,09:40:12
2869,200,573800,09:40:12
2868,200,573600,09:40:11
2868,200,573600,09:40:11
2868,100,286800,09:40:11
2870,200,574000,09:40:11
2871,100,287100,09:40:10
2871,100,287100,09:40:10
2870,100,287000,09:40:10
2869,100,286900,09:40:09
2868,100,286800,09:40:08
2868,100,286800,09:40:08
2870,100,287000,09:40:08
2870,100,287000,09:40:08
2869,100,286900,09:40:07
2868,100,286800,09:40:07
2868,500,1434000,09:40:07
2868,100,286800,09:40:07
2869,200,573800,09:40:07
2869,400,1147600,09:40:07
2867,400,1146800,09:40:07
2868,600,1720800,09:40:07
2869,100,286900,09:40:07
2868,300,860400,09:40:07
2869,200,573800,09:40:07
2869,300,860700,09:40:07
2869,100,286900,09:40:07
2869,100,286900,09:40:07
2870,100,287000,09:40:07
2870,100,287000,09:40:07
2870,100,287000,09:40:07
2870,100,287000,09:40:07
2870,100,287000,09:40:06
2869,100,286900,09:40:06
2869,100,286900,09:40:06
2869,200,573800,09:40:06
2870,100,287000,09:40:06
2870,300,861000,09:40:06
2870,200,574000,09:40:06
2870,800,2296000,09:40:06
2870,100,287000,09:40:06
2870,100,287000,09:40:06
2870,200,574000,09:40:06
2870,500,1435000,09:40:06
2870,700,2009000,09:40:06
2870,700,2009000,09:40:06
2870,400,1148000,09:40:06
2870,700,2009000,09:40:06
2871,600,1722600,09:40:06
2872,200,574400,09:40:06
2872,100,287200,09:40:06
2870,100,287000,09:40:06
2871,1600,4593600,09:40:05
2871,100,287100,09:40:05
2871,200,574200,09:40:05
2872,100,287200,09:40:05
2872,200,574400,09:40:05
2873,600,1723800,09:40:05
2873,800,2298400,09:40:05
2873,100,287300,09:40:04
2873,200,574600,09:40:04
2877,100,287700,09:40:03
2876,200,575200,09:40:03
2875,300,862500,09:40:03
2874,400,1149600,09:40:03
2874,100,287400,09:40:03
2875,1000,2875000,09:40:03
2877,700,2013900,09:40:03
2878,400,1151200,09:40:03
2880,100,288000,09:40:03
2879,100,287900,09:40:03
2879,100,287900,09:40:03
2878,300,863400,09:40:02
2878,100,287800,09:40:02
2876,100,287600,09:40:01
2876,100,287600,09:40:01
2878,200,575600,09:40:01
2878,200,575600,09:40:00
2877,100,287700,09:40:00
2876,200,575200,09:39:56
2877,100,287700,09:39:56
2877,100,287700,09:39:56
2876,200,575200,09:39:54
2876,100,287600,09:39:53
2874,100,287400,09:39:53
2874,100,287400,09:39:52
2874,100,287400,09:39:52
2873,100,287300,09:39:52
2875,200,575000,09:39:50
2874,100,287400,09:39:49
2876,200,575200,09:39:48
2875,100,287500,09:39:47
2874,100,287400,09:39:47
2874,300,862200,09:39:47
2874,100,287400,09:39:47
2875,200,575000,09:39:46
2875,100,287500,09:39:45
2876,100,287600,09:39:45
2876,300,862800,09:39:45
2877,400,1150800,09:39:45
2877,100,287700,09:39:45
2877,100,287700,09:39:45
2877,100,287700,09:39:45
2878,700,2014600,09:39:45
2880,200,576000,09:39:45
2881,100,288100,09:39:45
2880,100,288000,09:39:45
2881,500,1440500,09:39:44
2878,100,287800,09:39:43
2880,100,288000,09:39:42
2877,100,287700,09:39:41
2878,200,575600,09:39:41
2880,100,288000,09:39:41
2880,100,288000,09:39:41
2880,200,576000,09:39:41
2880,600,1728000,09:39:38
2881,100,288100,09:39:37
2882,100,288200,09:39:37
2882,100,288200,09:39:37
2881,200,576200,09:39:36
2880,400,1152000,09:39:36
2878,100,287800,09:39:35
2879,200,575800,09:39:35
2877,300,863100,09:39:35
2878,200,575600,09:39:35
2880,200,576000,09:39:34
2881,100,288100,09:39:34
2880,100,288000,09:39:33
2878,100,287800,09:39:33
2879,200,575800,09:39:33
2878,100,287800,09:39:32
2879,100,287900,09:39:31
2880,100,288000,09:39:30
2880,100,288000,09:39:29
2881,100,288100,09:39:29
2879,100,287900,09:39:28
2879,200,575800,09:39:27
2881,400,1152400,09:39:27
2880,100,288000,09:39:27
2880,100,288000,09:39:27
2880,300,864000,09:39:27
2881,100,288100,09:39:27
2882,300,864600,09:39:27
2881,100,288100,09:39:27
2880,500,1440000,09:39:27
2878,100,287800,09:39:26
2880,200,576000,09:39:26
2879,500,1439500,09:39:26
2878,100,287800,09:39:26
2876,200,575200,09:39:26
2877,500,1438500,09:39:26
2878,100,287800,09:39:26
2877,200,575400,09:39:26
2879,200,575800,09:39:25
2879,300,863700,09:39:25
2877,100,287700,09:39:24
2877,200,575400,09:39:24
2879,100,287900,09:39:24
2878,100,287800,09:39:24
2878,100,287800,09:39:23
2877,100,287700,09:39:23
2877,100,287700,09:39:23
2875,100,287500,09:39:22
2877,100,287700,09:39:22
2876,100,287600,09:39:21
2874,100,287400,09:39:20
2876,100,287600,09:39:20
2875,200,575000,09:39:20
2875,100,287500,09:39:20
2877,700,2013900,09:39:20
2874,100,287400,09:39:19
2876,100,287600,09:39:19
2874,300,862200,09:39:19
2874,100,287400,09:39:19
2875,1800,5175000,09:39:19
2876,1400,4026400,09:39:19
2877,1200,3452400,09:39:19
2878,500,1439000,09:39:19
2878,500,1439000,09:39:19
2879,200,575800,09:39:19
2880,100,288000,09:39:18
2882,100,288200,09:39:18
2881,900,2592900,09:39:18
2879,100,287900,09:39:18
2881,400,1152400,09:39:16
2880,500,1440000,09:39:16
2881,100,288100,09:39:16
2882,100,288200,09:39:16
2884,200,576800,09:39:14
2884,200,576800,09:39:14
2885,1400,4039000,09:39:14
2884,600,1730400,09:39:14
2882,400,1152800,09:39:14
2880,200,576000,09:39:14
2881,100,288100,09:39:14
2880,800,2304000,09:39:14
2879,100,287900,09:39:14
2878,100,287800,09:39:13
2879,100,287900,09:39:13
2879,700,2015300,09:39:13
2880,1200,3456000,09:39:13
2880,1900,5472000,09:39:13
2881,1900,5473900,09:39:13
2882,500,1441000,09:39:13
2884,100,288400,09:39:12
2883,200,576600,09:39:12
2881,100,288100,09:39:12
2881,100,288100,09:39:12
2882,700,2017400,09:39:12
2883,300,864900,09:39:11
2883,100,288300,09:39:11
2884,600,1730400,09:39:11
2884,200,576800,09:39:09
2886,200,577200,09:39:08
2887,300,866100,09:39:08
2887,100,288700,09:39:08
2888,100,288800,09:39:07
2888,100,288800,09:39:07
2887,100,288700,09:39:05
2888,100,288800,09:39:05
2888,100,288800,09:39:04
2886,1500,4329000,09:39:04
2885,600,1731000,09:39:04
2885,100,288500,09:39:03
2884,100,288400,09:39:03
2885,700,2019500,09:39:03
2886,100,288600,09:39:03
2886,100,288600,09:39:02
2888,400,1155200,09:39:02
2888,100,288800,09:39:02
2885,100,288500,09:39:02
2888,100,288800,09:38:59
2887,600,1732200,09:38:59
2887,200,577400,09:38:59
2886,1000,2886000,09:38:59
2884,100,288400,09:38:58
2885,200,577000,09:38:58
2886,100,288600,09:38:55
2887,100,288700,09:38:54
2885,100,288500,09:38:52
2884,100,288400,09:38:51
2883,100,288300,09:38:51
2881,100,288100,09:38:51
2882,200,576400,09:38:51
2883,100,288300,09:38:50
2883,200,576600,09:38:49
2883,100,288300,09:38:47
2881,100,288100,09:38:47
2884,100,288400,09:38:47
2883,400,1153200,09:38:47
2882,100,288200,09:38:46
2883,300,864900,09:38:46
2884,100,288400,09:38:46
2885,200,577000,09:38:46
2884,700,2018800,09:38:45
2884,100,288400,09:38:44
2885,700,2019500,09:38:44
2886,300,865800,09:38:44
2886,100,288600,09:38:44
2885,1500,4327500,09:38:44
2885,100,288500,09:38:44
2885,100,288500,09:38:44
2885,100,288500,09:38:44
2885,1200,3462000,09:38:44
2884,100,288400,09:38:44
2884,100,288400,09:38:44
2884,100,288400,09:38:44
2883,100,288300,09:38:44
2884,300,865200,09:38:43
2884,500,1442000,09:38:43
2884,500,1442000,09:38:39
2883,100,288300,09:38:39
2882,100,288200,09:38:38
2883,400,1153200,09:38:38
2883,500,1441500,09:38:38
2882,1000,2882000,09:38:38
2880,100,288000,09:38:38
2880,100,288000,09:38:38
2881,100,288100,09:38:38
2881,200,576200,09:38:38
2881,200,576200,09:38:35
2882,1600,4611200,09:38:35
2882,1600,4611200,09:38:35
2883,800,2306400,09:38:35
2884,200,576800,09:38:33
2884,100,288400,09:38:33
2884,200,576800,09:38:33
2883,200,576600,09:38:33
2883,100,288300,09:38:32
2884,200,576800,09:38:31
2884,200,576800,09:38:29
2883,200,576600,09:38:29
2885,200,577000,09:38:28
2884,200,576800,09:38:28
2885,100,288500,09:38:27
2884,100,288400,09:38:26
2883,100,288300,09:38:25
2884,100,288400,09:38:25
2884,100,288400,09:38:25
2884,200,576800,09:38:25
2884,200,576800,09:38:24
2881,200,576200,09:38:23
2883,100,288300,09:38:23
2883,100,288300,09:38:23
2883,100,288300,09:38:23
2883,500,1441500,09:38:22
2884,300,865200,09:38:21
2882,100,288200,09:38:21
2883,200,576600,09:38:21
2881,400,1152400,09:38:20
2882,100,288200,09:38:19
2881,500,1440500,09:38:18
2881,100,288100,09:38:15
2882,100,288200,09:38:14
2881,100,288100,09:38:14
2882,200,576400,09:38:14
2882,100,288200,09:38:14
2881,300,864300,09:38:14
2879,900,2591100,09:38:13
2878,200,575600,09:38:13
2879,400,1151600,09:38:13
2879,100,287900,09:38:11
2881,100,288100,09:38:11
2880,100,288000,09:38:10
2878,300,863400,09:38:09
2880,100,288000,09:38:08
2879,200,575800,09:38:08
2878,600,1726800,09:38:08
2878,100,287800,09:38:08
2877,100,287700,09:38:08
2877,200,575400,09:38:08
2877,100,287700,09:38:08
2878,200,575600,09:38:07
2877,100,287700,09:38:07
2877,200,575400,09:38:07
2878,500,1439000,09:38:07
2879,200,575800,09:38:07
2880,900,2592000,09:38:07
2881,1100,3169100,09:38:07
2883,100,288300,09:38:06
2883,100,288300,09:38:06
2883,400,1153200,09:38:05
2882,100,288200,09:38:05
2883,100,288300,09:38:05
2883,500,1441500,09:38:05
2884,200,576800,09:38:04
2885,400,1154000,09:38:04
2884,100,288400,09:38:04
2884,200,576800,09:38:03
2883,200,576600,09:38:03
2884,100,288400,09:38:02
2884,200,576800,09:38:02
2886,200,577200,09:38:01
2885,100,288500,09:38:01
2886,400,1154400,09:38:00
2885,100,288500,09:38:00
2884,100,288400,09:38:00
2885,200,577000,09:38:00
2884,100,288400,09:38:00
2886,200,577200,09:38:00
2885,300,865500,09:38:00
2883,200,576600,09:37:59
2886,100,288600,09:37:57
2885,200,577000,09:37:57
2883,100,288300,09:37:57
2885,100,288500,09:37:56
2885,100,288500,09:37:56
2884,400,1153600,09:37:56
2882,200,576400,09:37:56
2881,300,864300,09:37:55
2882,200,576400,09:37:55
2883,300,864900,09:37:55
2883,100,288300,09:37:55
2884,100,288400,09:37:55
2882,100,288200,09:37:55
2884,100,288400,09:37:55
2883,500,1441500,09:37:54
2883,100,288300,09:37:53
2883,100,288300,09:37:53
2884,200,576800,09:37:53
2884,100,288400,09:37:51
2885,400,1154000,09:37:50
2884,400,1153600,09:37:50
2881,900,2592900,09:37:50
2882,1000,2882000,09:37:50
2883,700,2018100,09:37:50
2883,100,288300,09:37:49
2883,100,288300,09:37:48
2884,100,288400,09:37:48
2882,100,288200,09:37:48
2883,100,288300,09:37:48
2883,200,576600,09:37:48
2881,200,576200,09:37:48
2882,100,288200,09:37:47
2882,600,1729200,09:37:46
2879,200,575800,09:37:46
2881,100,288100,09:37:46
2881,100,288100,09:37:46
2881,100,288100,09:37:46
2880,400,1152000,09:37:46
2880,1000,2880000,09:37:46
2879,200,575800,09:37:46
2878,100,287800,09:37:46
2876,300,862800,09:37:46
2877,100,287700,09:37:45
2876,100,287600,09:37:45
2876,100,287600,09:37:45
2875,200,575000,09:37:45
2876,400,1150400,09:37:45
2877,500,1438500,09:37:45
2877,100,287700,09:37:45
2878,200,575600,09:37:45
2879,100,287900,09:37:45
2878,100,287800,09:37:45
2878,300,863400,09:37:44
2879,100,287900,09:37:43
2878,100,287800,09:37:43
2878,200,575600,09:37:42
2879,600,1727400,09:37:41
2877,100,287700,09:37:41
2878,100,287800,09:37:41
2877,100,287700,09:37:41
2876,200,575200,09:37:41
2876,300,862800,09:37:41
2876,300,862800,09:37:41
2876,100,287600,09:37:41
2874,200,574800,09:37:41
2875,300,862500,09:37:41
2876,400,1150400,09:37:41
2876,200,575200,09:37:41
2876,100,287600,09:37:41
2878,500,1439000,09:37:40
2878,100,287800,09:37:40
2877,500,1438500,09:37:40
2877,100,287700,09:37:40
2878,200,575600,09:37:40
2878,200,575600,09:37:40
2877,200,575400,09:37:40
2875,300,862500,09:37:40
2876,200,575200,09:37:40
2876,100,287600,09:37:40
2875,1000,2875000,09:37:40
2876,100,287600,09:37:39
2876,100,287600,09:37:39
2876,100,287600,09:37:39
2878,300,863400,09:37:39
2877,1700,4890900,09:37:39
2876,100,287600,09:37:39
2876,100,287600,09:37:39
2876,100,287600,09:37:39
2876,100,287600,09:37:38
2876,200,575200,09:37:38
2877,100,287700,09:37:38
2877,100,287700,09:37:38
2877,200,575400,09:37:37
2876,100,287600,09:37:37
2877,100,287700,09:37:36
2878,100,287800,09:37:36
2877,100,287700,09:37:36
2877,100,287700,09:37:35
2878,200,575600,09:37:35
2878,100,287800,09:37:35
2878,100,287800,09:37:34
2879,600,1727400,09:37:34
2878,800,2302400,09:37:34
2877,400,1150800,09:37:34
2877,100,287700,09:37:33
2876,100,287600,09:37:33
2876,100,287600,09:37:33
2876,200,575200,09:37:32
2875,700,2012500,09:37:32
2875,700,2012500,09:37:32
2876,200,575200,09:37:32
2875,500,1437500,09:37:31
2876,200,575200,09:37:30
2876,100,287600,09:37:30
2877,100,287700,09:37:30
2877,100,287700,09:37:30
2878,200,575600,09:37:30
2878,100,287800,09:37:28
2879,700,2015300,09:37:28
2878,300,863400,09:37:28
2877,100,287700,09:37:28
2874,300,862200,09:37:28
2875,900,2587500,09:37:28
2877,200,575400,09:37:28
2876,700,2013200,09:37:28
2877,100,287700,09:37:28
2878,100,287800,09:37:28
2876,100,287600,09:37:27
2877,200,575400,09:37:27
2877,300,863100,09:37:27
2878,100,287800,09:37:27
2878,200,575600,09:37:26
2877,100,287700,09:37:26
2877,100,287700,09:37:26
2878,600,1726800,09:37:26
2878,300,863400,09:37:26
2879,100,287900,09:37:26
2878,200,575600,09:37:26
2878,100,287800,09:37:26
2880,100,288000,09:37:25
2880,100,288000,09:37:25
2879,300,863700,09:37:25
2878,100,287800,09:37:25
2877,800,2301600,09:37:25
2876,100,287600,09:37:25
2873,300,861900,09:37:25
2874,400,1149600,09:37:25
2875,600,1725000,09:37:25
2876,600,1725600,09:37:25
2876,300,862800,09:37:25
2876,100,287600,09:37:25
2876,100,287600,09:37:25
2876,500,1438000,09:37:25
2877,100,287700,09:37:25
2878,600,1726800,09:37:25
2876,100,287600,09:37:24
2877,100,287700,09:37:24
2879,100,287900,09:37:24
2879,100,287900,09:37:24
2879,300,863700,09:37:23
2878,500,1439000,09:37:23
2876,200,575200,09:37:23
2877,100,287700,09:37:23
2878,100,287800,09:37:23
2879,200,575800,09:37:22
2881,200,576200,09:37:22
2881,100,288100,09:37:22
2880,100,288000,09:37:22
2880,200,576000,09:37:22
2876,100,287600,09:37:22
2877,600,1726200,09:37:22
2878,500,1439000,09:37:22
2879,400,1151600,09:37:22
2879,100,287900,09:37:22
2880,200,576000,09:37:22
2881,400,1152400,09:37:22
2882,500,1441000,09:37:22
2881,300,864300,09:37:21
2881,100,288100,09:37:21
2881,1100,3169100,09:37:21
2882,900,2593800,09:37:21
2884,400,1153600,09:37:21
2884,300,865200,09:37:19
2882,100,288200,09:37:19
2882,100,288200,09:37:19
2883,100,288300,09:37:19
2882,500,1441000,09:37:19
2883,400,1153200,09:37:18
2882,700,2017400,09:37:18
2880,100,288000,09:37:18
2880,100,288000,09:37:18
2880,100,288000,09:37:18
2877,300,863100,09:37:18
2878,500,1439000,09:37:18
2879,500,1439500,09:37:18
2879,300,863700,09:37:18
2880,100,288000,09:37:18
2880,100,288000,09:37:18
2880,200,576000,09:37:18
2881,100,288100,09:37:18
2880,200,576000,09:37:18
2880,300,864000,09:37:18
2879,300,863700,09:37:18
2879,100,287900,09:37:18
2878,100,287800,09:37:18
2879,100,287900,09:37:18
2879,100,287900,09:37:18
2879,500,1439500,09:37:18
2880,100,288000,09:37:18
2880,200,576000,09:37:18
2880,100,288000,09:37:17
2881,200,576200,09:37:17
2883,100,288300,09:37:17
2880,800,2304000,09:37:17
2881,1200,3457200,09:37:17
2882,800,2305600,09:37:17
2883,100,288300,09:37:17
2883,300,864900,09:37:16
2882,100,288200,09:37:16
2884,200,576800,09:37:16
2883,100,288300,09:37:16
2883,100,288300,09:37:16
2884,1100,3172400,09:37:16
2885,600,1731000,09:37:16
2886,100,288600,09:37:15
2887,100,288700,09:37:15
2886,800,2308800,09:37:15
2887,500,1443500,09:37:15
2888,100,288800,09:37:15
2890,100,289000,09:37:15
2889,100,288900,09:37:15
2889,100,288900,09:37:14
2889,200,577800,09:37:14
2887,100,288700,09:37:14
2887,300,866100,09:37:14
2888,400,1155200,09:37:14
2885,1300,3750500,09:37:14
2886,1500,4329000,09:37:14
2887,1900,5485300,09:37:14
2888,300,866400,09:37:14
2889,300,866700,09:37:14
2889,100,288900,09:37:14
2888,400,1155200,09:37:14
2888,100,288800,09:37:14
2890,100,289000,09:37:14
2889,200,577800,09:37:14
2890,1200,3468000,09:37:14
2891,1500,4336500,09:37:14
2892,800,2313600,09:37:14
2893,200,578600,09:37:14
2894,100,289400,09:37:14
2895,200,579000,09:37:14
2893,300,867900,09:37:13
2894,300,868200,09:37:12
2894,100,289400,09:37:12
2893,100,289300,09:37:12
2893,300,867900,09:37:11
2895,100,289500,09:37:11
2894,600,1736400,09:37:11
2893,200,578600,09:37:11
2892,100,289200,09:37:10
2891,200,578200,09:37:10
2891,100,289100,09:37:10
2893,100,289300,09:37:09
2892,400,1156800,09:37:09
2892,200,578400,09:37:09
2893,100,289300,09:37:09
2892,100,289200,09:37:08
2892,100,289200,09:37:08
2891,200,578200,09:37:08
2892,100,289200,09:37:08
2892,100,289200,09:37:08
2895,600,1737000,09:37:07
2894,200,578800,09:37:07
2894,200,578800,09:37:06
2895,200,579000,09:37:06
2894,200,578800,09:37:06
2893,100,289300,09:37:06
2893,200,578600,09:37:06
2893,100,289300,09:37:06
2894,100,289400,09:37:05
2895,200,579000,09:37:05
2893,100,289300,09:37:05
2892,100,289200,09:37:05
2893,100,289300,09:37:04
2893,100,289300,09:37:04
2893,100,289300,09:37:04
2892,100,289200,09:37:04
2891,100,289100,09:37:04
2891,100,289100,09:37:04
2889,300,866700,09:37:04
2891,200,578200,09:37:04
2893,200,578600,09:37:03
2892,100,289200,09:37:03
2889,300,866700,09:37:03
2890,1900,5491000,09:37:03
2891,800,2312800,09:37:03
2891,100,289100,09:37:03
2892,300,867600,09:37:03
2892,100,289200,09:37:03
2893,100,289300,09:37:03
2893,200,578600,09:37:03
2893,100,289300,09:37:02
2892,200,578400,09:37:02
2891,200,578200,09:37:02
2892,200,578400,09:37:01
2892,100,289200,09:37:01
2892,200,578400,09:37:01
2892,100,289200,09:37:01
2891,300,867300,09:37:00
2891,400,1156400,09:37:00
2892,500,1446000,09:37:00
2892,700,2024400,09:37:00
2891,100,289100,09:37:00
2890,400,1156000,09:37:00
2892,100,289200,09:36:59
2891,100,289100,09:36:58
2893,100,289300,09:36:58
2891,200,578200,09:36:58
2892,1500,4338000,09:36:58
2892,300,867600,09:36:58
2893,200,578600,09:36:58
2894,100,289400,09:36:58
2894,300,868200,09:36:58
2895,400,1158000,09:36:58
2896,100,289600,09:36:58
2896,200,579200,09:36:57
2896,100,289600,09:36:56
2897,100,289700,09:36:56
2897,200,579400,09:36:56
2897,200,579400,09:36:56
2898,100,289800,09:36:55
2898,100,289800,09:36:55
2898,200,579600,09:36:55
2899,100,289900,09:36:55
2899,900,2609100,09:36:55
2899,100,289900,09:36:55
2897,100,289700,09:36:54
2895,400,1158000,09:36:54
2896,1900,5502400,09:36:54
2897,700,2027900,09:36:54
2897,500,1448500,09:36:53
2897,200,579400,09:36:53
2898,100,289800,09:36:52
2899,100,289900,09:36:52
2898,700,2028600,09:36:52
2897,200,579400,09:36:52
2896,200,579200,09:36:52
2895,100,289500,09:36:51
2896,1000,2896000,09:36:51
2894,200,578800,09:36:50
2895,100,289500,09:36:50
2893,100,289300,09:36:50
2894,300,868200,09:36:50
2895,1100,3184500,09:36:50
2897,100,289700,09:36:50
2896,200,579200,09:36:50
2894,100,289400,09:36:49
2893,100,289300,09:36:48
2892,300,867600,09:36:48
2893,200,578600,09:36:48
2894,200,578800,09:36:48
2892,900,2602800,09:36:48
2891,100,289100,09:36:48
2890,100,289000,09:36:48
2890,100,289000,09:36:47
2890,100,289000,09:36:47
2890,100,289000,09:36:47
2890,100,289000,09:36:47
2890,400,1156000,09:36:47
2891,100,289100,09:36:47
2890,200,578000,09:36:47
2890,100,289000,09:36:47
2890,100,289000,09:36:47
2890,100,289000,09:36:47
2890,100,289000,09:36:47
2892,100,289200,09:36:47
2891,100,289100,09:36:47
2890,100,289000,09:36:46
2890,300,867000,09:36:46
2890,100,289000,09:36:46
2890,800,2312000,09:36:46
2891,200,578200,09:36:46
2892,200,578400,09:36:46
2892,500,1446000,09:36:46
2893,100,289300,09:36:45
2894,100,289400,09:36:45
2894,100,289400,09:36:45
2893,100,289300,09:36:45
2893,300,867900,09:36:45
2894,100,289400,09:36:45
2894,500,1447000,09:36:44
2893,100,289300,09:36:44
2894,100,289400,09:36:44
2893,100,289300,09:36:43
2895,100,289500,09:36:43
2895,100,289500,09:36:43
2895,100,289500,09:36:43
2895,100,289500,09:36:43
2893,100,289300,09:36:42
2894,500,1447000,09:36:42
2893,100,289300,09:36:42
2893,100,289300,09:36:42
2893,200,578600,09:36:42
2893,100,289300,09:36:42
2894,400,1157600,09:36:42
2895,400,1158000,09:36:42
2896,100,289600,09:36:41
2896,300,868800,09:36:41
2896,100,289600,09:36:41
2896,100,289600,09:36:41
2895,500,1447500,09:36:41
2895,100,289500,09:36:41
2895,500,1447500,09:36:41
2894,500,1447000,09:36:41
2893,600,1735800,09:36:41
2894,300,868200,09:36:41
2894,100,289400,09:36:41
2895,700,2026500,09:36:41
2895,200,579000,09:36:41
2895,100,289500,09:36:41
2896,200,579200,09:36:41
2896,100,289600,09:36:41
2896,600,1737600,09:36:41
2896,100,289600,09:36:41
2897,600,1738200,09:36:41
2897,100,289700,09:36:41
2898,800,2318400,09:36:41
2898,100,289800,09:36:41
2898,100,289800,09:36:41
2899,200,579800,09:36:41
2899,200,579800,09:36:41
2899,500,1449500,09:36:41
2900,600,1740000,09:36:41
2900,3200,9280000,09:36:41
2900,2400,6960000,09:36:41
2900,100,290000,09:36:41
2900,100,290000,09:36:40
2901,200,580200,09:36:40
2900,700,2030000,09:36:40
2901,2700,7832700,09:36:40
2902,100,290200,09:36:40
2902,100,290200,09:36:40
2902,300,870600,09:36:40
2902,100,290200,09:36:40
2902,400,1160800,09:36:40
2902,500,1451000,09:36:40
2902,200,580400,09:36:40
2902,100,290200,09:36:40
2903,500,1451500,09:36:40
2903,100,290300,09:36:40
2904,100,290400,09:36:40
2903,400,1161200,09:36:40
2904,100,290400,09:36:40
2904,100,290400,09:36:40
2905,100,290500,09:36:40
2905,100,290500,09:36:40
2906,100,290600,09:36:40
2903,100,290300,09:36:40
2904,900,2613600,09:36:40
2904,200,580800,09:36:40
2904,300,871200,09:36:40
2905,100,290500,09:36:40
2905,700,2033500,09:36:40
2906,500,1453000,09:36:40
2908,100,290800,09:36:40
2909,100,290900,09:36:40
2908,100,290800,09:36:40
2907,100,290700,09:36:40
2904,100,290400,09:36:40
2905,400,1162000,09:36:40
2905,200,581000,09:36:40
2905,100,290500,09:36:40
2908,200,581600,09:36:40
2908,300,872400,09:36:40
2908,100,290800,09:36:40
2908,100,290800,09:36:40
2905,500,1452500,09:36:40
2906,1000,2906000,09:36:40
2906,900,2615400,09:36:40
2907,500,1453500,09:36:40
2907,800,2325600,09:36:40
2910,400,1164000,09:36:40
2910,100,291000,09:36:40
2908,1400,4071200,09:36:40
2908,200,581600,09:36:40
2908,100,290800,09:36:40
2909,100,290900,09:36:40
2910,400,1164000,09:36:40
2910,200,582000,09:36:40
2910,100,291000,09:36:40
2909,300,872700,09:36:40
2910,5900,17169000,09:36:40
2910,6200,18042000,09:36:40
2910,900,2619000,09:36:40
2910,4000,11640000,09:36:40
2910,400,1164000,09:36:40
2910,800,2328000,09:36:40
2910,1200,3492000,09:36:40
2910,200,582000,09:36:40
2910,200,582000,09:36:40
2910,600,1746000,09:36:40
2910,4800,13968000,09:36:40
2910,5300,15423000,09:36:40
2910,700,2037000,09:36:40
2910,100,291000,09:36:40
2910,300,873000,09:36:40
2911,8700,25325700,09:36:40
2911,300,873300,09:36:40
2911,300,873300,09:36:40
2911,300,873300,09:36:40
2911,200,582200,09:36:40
2912,100,291200,09:36:39
2912,400,1164800,09:36:39
2912,100,291200,09:36:38
2912,100,291200,09:36:37
2913,100,291300,09:36:37
2913,500,1456500,09:36:37
2913,100,291300,09:36:37
2914,100,291400,09:36:34
2913,100,291300,09:36:33
2915,100,291500,09:36:33
2913,400,1165200,09:36:32
2915,100,291500,09:36:30
2915,100,291500,09:36:30
2914,100,291400,09:36:28
2914,200,582800,09:36:28
2913,600,1747800,09:36:28
2912,600,1747200,09:36:26
2912,1000,2912000,09:36:26
2912,100,291200,09:36:26
2913,100,291300,09:36:26
2913,400,1165200,09:36:25
2913,100,291300,09:36:25
2913,100,291300,09:36:25
2914,800,2331200,09:36:25
2914,100,291400,09:36:25
2915,1200,3498000,09:36:25
2915,100,291500,09:36:24
2916,200,583200,09:36:24
2916,200,583200,09:36:23
2917,100,291700,09:36:21
2919,100,291900,09:36:20
2919,100,291900,09:36:20
2919,200,583800,09:36:19
2919,100,291900,09:36:19
2918,200,583600,09:36:19
2917,100,291700,09:36:19
2917,200,583400,09:36:18
2916,100,291600,09:36:18
2917,300,875100,09:36:15
2915,300,874500,09:36:15
2916,100,291600,09:36:15
2916,700,2041200,09:36:15
2917,100,291700,09:36:15
2915,300,874500,09:36:14
2915,200,583000,09:36:14
2915,200,583000,09:36:13
2915,100,291500,09:36:13
2916,200,583200,09:36:12
2916,200,583200,09:36:12
2917,100,291700,09:36:11
2917,100,291700,09:36:11
2916,400,1166400,09:36:11
2915,200,583000,09:36:10
2916,200,583200,09:36:09
2916,100,291600,09:36:07
2916,200,583200,09:36:07
2917,100,291700,09:36:04
2916,200,583200,09:36:04
2914,100,291400,09:36:03
2915,200,583000,09:36:03
2915,100,291500,09:36:03
2913,100,291300,09:36:03
2913,100,291300,09:36:03
2915,500,1457500,09:36:03
2912,300,873600,09:36:02
2913,400,1165200,09:36:02
2913,200,582600,09:36:02
2913,200,582600,09:36:02
2913,100,291300,09:36:02
2914,500,1457000,09:36:01
2914,100,291400,09:36:01
2914,1600,4662400,09:36:01
2915,900,2623500,09:36:01
2916,200,583200,09:36:01
2916,400,1166400,09:36:01
2918,100,291800,09:36:01
2919,1000,2919000,09:36:01
2920,200,584000,09:36:01
2918,300,875400,09:36:00
2918,600,1750800,09:36:00
2918,300,875400,09:36:00
2918,1100,3209800,09:36:00
2919,200,583800,09:35:59
2918,100,291800,09:35:59
2917,100,291700,09:35:58
2918,100,291800,09:35:57
2918,100,291800,09:35:57
2914,600,1748400,09:35:57
2915,1100,3206500,09:35:57
2916,700,2041200,09:35:57
2917,500,1458500,09:35:57
2918,500,1459000,09:35:57
2919,400,1167600,09:35:57
2920,500,1460000,09:35:55
2921,100,292100,09:35:55
2922,100,292200,09:35:54
2922,100,292200,09:35:54
2921,100,292100,09:35:54
2921,100,292100,09:35:54
2920,400,1168000,09:35:53
2919,100,291900,09:35:53
2919,100,291900,09:35:53
2918,400,1167200,09:35:53
2920,100,292000,09:35:53
2918,400,1167200,09:35:53
2917,100,291700,09:35:53
2918,100,291800,09:35:53
2915,100,291500,09:35:52
2916,100,291600,09:35:52
2918,200,583600,09:35:52
2915,200,583000,09:35:51
2917,200,583400,09:35:51
2915,400,1166000,09:35:51
2916,300,874800,09:35:51
2916,100,291600,09:35:51
2916,100,291600,09:35:51
2919,100,291900,09:35:49
2918,100,291800,09:35:49
2920,100,292000,09:35:48
2916,100,291600,09:35:48
2916,100,291600,09:35:48
2916,100,291600,09:35:48
2916,200,583200,09:35:48
2917,100,291700,09:35:48
2917,100,291700,09:35:48
2917,100,291700,09:35:48
2918,1400,4085200,09:35:48
2919,800,2335200,09:35:48
2920,300,876000,09:35:48
2920,100,292000,09:35:47
2920,100,292000,09:35:47
2920,300,876000,09:35:47
2920,100,292000,09:35:47
2922,300,876600,09:35:47
2920,200,584000,09:35:46
2919,100,291900,09:35:46
2919,100,291900,09:35:46
2919,300,875700,09:35:46
2920,400,1168000,09:35:46
2920,400,1168000,09:35:46
2920,100,292000,09:35:46
2921,100,292100,09:35:46
2921,100,292100,09:35:46
2923,100,292300,09:35:45
2922,100,292200,09:35:45
2923,100,292300,09:35:45
2923,100,292300,09:35:44
2922,200,584400,09:35:43
2923,100,292300,09:35:43
2924,100,292400,09:35:43
2924,100,292400,09:35:42
2924,200,584800,09:35:42
2924,100,292400,09:35:42
2923,900,2630700,09:35:42
2923,200,584600,09:35:42
2922,100,292200,09:35:42
2920,100,292000,09:35:41
2921,100,292100,09:35:41
2920,300,876000,09:35:41
2921,100,292100,09:35:40
2921,100,292100,09:35:38
2921,100,292100,09:35:38
2918,100,291800,09:35:37
2919,600,1751400,09:35:37
2920,100,292000,09:35:37
2921,100,292100,09:35:37
2921,200,584200,09:35:36
2920,100,292000,09:35:35
2921,100,292100,09:35:35
2922,100,292200,09:35:35
2921,200,584200,09:35:34
2922,200,584400,09:35:33
2921,300,876300,09:35:32
2921,100,292100,09:35:32
2920,300,876000,09:35:32
2919,900,2627100,09:35:32
2916,200,583200,09:35:32
2917,300,875100,09:35:32
2920,500,1460000,09:35:32
2919,1400,4086600,09:35:32
2918,1100,3209800,09:35:32
2917,600,1750200,09:35:32
2916,1200,3499200,09:35:32
2915,200,583000,09:35:32
2914,100,291400,09:35:32
2915,100,291500,09:35:32
2913,100,291300,09:35:32
2915,100,291500,09:35:31
2913,100,291300,09:35:31
2913,100,291300,09:35:31
2914,100,291400,09:35:30
2916,100,291600,09:35:30
2915,100,291500,09:35:30
2914,400,1165600,09:35:29
2914,100,291400,09:35:29
2913,500,1456500,09:35:28
2914,400,1165600,09:35:28
2914,200,582800,09:35:28
2917,200,583400,09:35:28
2916,600,1749600,09:35:28
2915,500,1457500,09:35:28
2915,100,291500,09:35:28
2913,100,291300,09:35:28
2915,100,291500,09:35:28
2915,300,874500,09:35:27
2916,100,291600,09:35:27
2914,300,874200,09:35:27
2915,400,1166000,09:35:27
2916,100,291600,09:35:27
2916,200,583200,09:35:27
2917,400,1166800,09:35:27
2917,100,291700,09:35:27
2918,4100,11963800,09:35:27
2918,100,291800,09:35:27
2919,2500,7297500,09:35:27
2920,800,2336000,09:35:27
2921,200,584200,09:35:27
2922,300,876600,09:35:26
2922,100,292200,09:35:26
2924,100,292400,09:35:24
2923,700,2046100,09:35:23
2922,100,292200,09:35:23
2924,200,584800,09:35:23
2923,400,1169200,09:35:23
2923,100,292300,09:35:23
2922,100,292200,09:35:23
2921,400,1168400,09:35:22
2921,100,292100,09:35:22
2920,100,292000,09:35:22
2920,100,292000,09:35:22
2921,800,2336800,09:35:22
2921,200,584200,09:35:22
2922,100,292200,09:35:22
2922,600,1753200,09:35:22
2922,100,292200,09:35:21
2923,400,1169200,09:35:21
2924,100,292400,09:35:21
2927,500,1463500,09:35:20
2926,600,1755600,09:35:20
2925,700,2047500,09:35:20
2924,200,584800,09:35:19
2924,100,292400,09:35:19
2925,100,292500,09:35:19
2925,100,292500,09:35:18
2926,100,292600,09:35:17
2926,500,1463000,09:35:17
2925,500,1462500,09:35:17
2925,100,292500,09:35:17
2924,1200,3508800,09:35:17
2924,600,1754400,09:35:17
2924,300,877200,09:35:17
2923,200,584600,09:35:17
2922,300,876600,09:35:16
2922,100,292200,09:35:15
2924,100,292400,09:35:14
2922,100,292200,09:35:14
2923,100,292300,09:35:14
2924,100,292400,09:35:13
2923,600,1753800,09:35:13
2923,1300,3799900,09:35:13
2923,100,292300,09:35:13
2923,100,292300,09:35:13
2922,1100,3214200,09:35:13
2921,100,292100,09:35:13
2921,500,1460500,09:35:13
2919,300,875700,09:35:12
2921,100,292100,09:35:10
2921,100,292100,09:35:10
2920,200,584000,09:35:10
2920,100,292000,09:35:10
2919,100,291900,09:35:10
2919,600,1751400,09:35:10
2920,100,292000,09:35:09
2919,200,583800,09:35:08
2919,700,2043300,09:35:08
2919,100,291900,09:35:08
2920,800,2336000,09:35:08
2921,300,876300,09:35:08
2923,500,1461500,09:35:08
2923,100,292300,09:35:06
2922,400,1168800,09:35:06
2922,300,876600,09:35:06
2922,100,292200,09:35:06
2922,200,584400,09:35:05
2921,500,1460500,09:35:05
2923,800,2338400,09:35:04
2921,200,584200,09:35:04
2920,300,876000,09:35:03
2920,700,2044000,09:35:03
2921,300,876300,09:35:03
2923,200,584600,09:35:03
2922,400,1168800,09:35:03
2921,100,292100,09:35:03
2921,100,292100,09:35:03
2921,100,292100,09:35:03
2920,100,292000,09:35:02
2921,300,876300,09:35:02
2920,400,1168000,09:35:02
2920,100,292000,09:35:02
2921,300,876300,09:35:01
2921,100,292100,09:35:01
2921,100,292100,09:35:00
2921,100,292100,09:35:00
2921,300,876300,09:35:00
2922,300,876600,09:35:00
2921,100,292100,09:35:00
2921,100,292100,09:35:00
2922,300,876600,09:35:00
2921,200,584200,09:35:00
2921,300,876300,09:35:00
2925,300,877500,09:35:00
2924,400,1169600,09:35:00
2923,400,1169200,09:35:00
2921,100,292100,09:35:00
2922,500,1461000,09:35:00
2922,100,292200,09:34:59
2919,100,291900,09:34:58
2918,300,875400,09:34:58
2918,100,291800,09:34:57
2921,400,1168400,09:34:57
2920,300,876000,09:34:57
2919,300,875700,09:34:57
2919,700,2043300,09:34:56
2920,300,876000,09:34:56
2922,100,292200,09:34:56
2921,300,876300,09:34:56
2922,300,876600,09:34:56
2921,200,584200,09:34:56
2920,1100,3212000,09:34:56
2922,900,2629800,09:34:56
2920,200,584000,09:34:55
2921,500,1460500,09:34:55
2922,600,1753200,09:34:55
2921,100,292100,09:34:55
2921,300,876300,09:34:55
2921,300,876300,09:34:55
2922,100,292200,09:34:55
2922,400,1168800,09:34:55
2923,500,1461500,09:34:55
2924,100,292400,09:34:55
2924,400,1169600,09:34:55
2924,500,1462000,09:34:55
2925,100,292500,09:34:54
2925,100,292500,09:34:54
2927,100,292700,09:34:53
2925,100,292500,09:34:53
2925,100,292500,09:34:53
2926,100,292600,09:34:53
2927,100,292700,09:34:53
2927,100,292700,09:34:52
2926,400,1170400,09:34:52
2927,300,878100,09:34:52
2929,100,292900,09:34:52
2928,100,292800,09:34:52
2928,100,292800,09:34:51
2927,100,292700,09:34:51
2929,1400,4100600,09:34:51
2928,200,585600,09:34:51
2928,100,292800,09:34:50
2927,100,292700,09:34:50
2927,100,292700,09:34:50
2928,100,292800,09:34:50
2928,300,878400,09:34:50
2928,100,292800,09:34:50
2928,100,292800,09:34:50
2928,200,585600,09:34:50
2928,300,878400,09:34:50
2928,300,878400,09:34:49
2927,100,292700,09:34:49
2928,200,585600,09:34:49
2926,100,292600,09:34:48
2925,100,292500,09:34:48
2926,300,877800,09:34:48
2928,100,292800,09:34:48
2926,300,877800,09:34:48
2926,100,292600,09:34:47
2927,200,585400,09:34:47
2927,400,1170800,09:34:47
2927,200,585400,09:34:47
2927,200,585400,09:34:47
2926,300,877800,09:34:47
2925,100,292500,09:34:46
2925,300,877500,09:34:46
2925,100,292500,09:34:46
2924,300,877200,09:34:46
2923,300,876900,09:34:46
2925,1500,4387500,09:34:45
2924,1700,4970800,09:34:45
2923,800,2338400,09:34:45
2922,200,584400,09:34:45
2923,700,2046100,09:34:45
2925,200,585000,09:34:44
2925,300,877500,09:34:44
2925,100,292500,09:34:44
2923,100,292300,09:34:44
2922,100,292200,09:34:44
2923,600,1753800,09:34:44
2923,900,2630700,09:34:44
2923,100,292300,09:34:44
2923,300,876900,09:34:44
2925,100,292500,09:34:43
2924,100,292400,09:34:42
2925,300,877500,09:34:40
2924,400,1169600,09:34:40
2924,100,292400,09:34:39
2924,100,292400,09:34:39
2925,400,1170000,09:34:39
2926,100,292600,09:34:38
2925,100,292500,09:34:38
2926,900,2633400,09:34:38
2929,100,292900,09:34:38
2928,200,585600,09:34:38
2927,200,585400,09:34:38
2926,100,292600,09:34:38
2927,100,292700,09:34:38
2928,400,1171200,09:34:38
2927,200,585400,09:34:37
2927,100,292700,09:34:37
2927,200,585400,09:34:37
2927,200,585400,09:34:37
2927,200,585400,09:34:37
2926,100,292600,09:34:37
2925,100,292500,09:34:36
2925,100,292500,09:34:36
2925,200,585000,09:34:36
2924,100,292400,09:34:36
2923,100,292300,09:34:35
2923,300,876900,09:34:35
2924,300,877200,09:34:35
2925,100,292500,09:34:35
2926,500,1463000,09:34:35
2926,100,292600,09:34:35
2926,200,585200,09:34:35
2925,100,292500,09:34:34
2926,100,292600,09:34:34
2926,500,1463000,09:34:34
2926,100,292600,09:34:34
2923,100,292300,09:34:33
2923,500,1461500,09:34:32
2923,100,292300,09:34:32
2923,600,1753800,09:34:32
2924,100,292400,09:34:32
2925,200,585000,09:34:32
2924,200,584800,09:34:32
2924,100,292400,09:34:31
2924,500,1462000,09:34:31
2925,400,1170000,09:34:30
2925,300,877500,09:34:30
2927,400,1170800,09:34:30
2927,100,292700,09:34:30
2927,100,292700,09:34:29
2927,100,292700,09:34:29
2927,100,292700,09:34:29
2927,100,292700,09:34:29
2926,200,585200,09:34:29
2927,400,1170800,09:34:28
2926,700,2048200,09:34:28
2928,100,292800,09:34:27
2928,1000,2928000,09:34:27
2927,300,878100,09:34:27
2926,500,1463000,09:34:27
2928,100,292800,09:34:27
2928,300,878400,09:34:27
2927,100,292700,09:34:26
2926,100,292600,09:34:26
2926,100,292600,09:34:26
2926,100,292600,09:34:26
2926,100,292600,09:34:26
2926,100,292600,09:34:26
2925,300,877500,09:34:25
2926,200,585200,09:34:25
2926,300,877800,09:34:25
2926,300,877800,09:34:25
2925,100,292500,09:34:24
2925,100,292500,09:34:24
2924,100,292400,09:34:24
2924,100,292400,09:34:23
2924,400,1169600,09:34:23
2924,100,292400,09:34:23
2925,100,292500,09:34:23
2926,2400,7022400,09:34:23
2926,400,1170400,09:34:23
2926,200,585200,09:34:23
2925,100,292500,09:34:23
2925,300,877500,09:34:23
2926,100,292600,09:34:22
2926,400,1170400,09:34:22
2927,100,292700,09:34:22
2926,100,292600,09:34:22
2926,400,1170400,09:34:22
2925,300,877500,09:34:21
2925,100,292500,09:34:21
2925,100,292500,09:34:21
2925,100,292500,09:34:21
2924,1200,3508800,09:34:21
2924,100,292400,09:34:20
2925,100,292500,09:34:20
2925,100,292500,09:34:20
2924,600,1754400,09:34:20
2923,200,584600,09:34:19
2922,100,292200,09:34:19
2922,100,292200,09:34:19
2923,100,292300,09:34:18
2924,400,1169600,09:34:18
2924,100,292400,09:34:18
2923,200,584600,09:34:18
2924,100,292400,09:34:18
2923,100,292300,09:34:18
2924,900,2631600,09:34:18
2925,300,877500,09:34:17
2925,300,877500,09:34:17
2924,100,292400,09:34:16
2925,700,2047500,09:34:16
2925,100,292500,09:34:16
2926,100,292600,09:34:16
2926,600,1755600,09:34:16
2928,100,292800,09:34:16
2927,200,585400,09:34:16
2927,200,585400,09:34:15
2927,100,292700,09:34:15
2928,100,292800,09:34:15
2926,400,1170400,09:34:15
2927,100,292700,09:34:15
2927,100,292700,09:34:14
2928,100,292800,09:34:14
2928,100,292800,09:34:14
2929,100,292900,09:34:14
2930,100,293000,09:34:14
2928,300,878400,09:34:14
2929,1200,3514800,09:34:14
2929,200,585800,09:34:14
2929,300,878700,09:34:14
2929,500,1464500,09:34:14
2929,500,1464500,09:34:14
2929,500,1464500,09:34:14
2929,300,878700,09:34:14
2929,100,292900,09:34:14
2928,900,2635200,09:34:14
2928,100,292800,09:34:14
2928,300,878400,09:34:14
2928,100,292800,09:34:14
2928,100,292800,09:34:14
2927,600,1756200,09:34:14
2925,100,292500,09:34:13
2927,300,878100,09:34:13
2925,200,585000,09:34:12
2925,200,585000,09:34:12
2926,100,292600,09:34:12
2927,100,292700,09:34:12
2926,900,2633400,09:34:12
2926,100,292600,09:34:12
2926,100,292600,09:34:12
2925,4600,13455000,09:34:12
2924,100,292400,09:34:12
2924,100,292400,09:34:12
2923,1000,2923000,09:34:12
2923,300,876900,09:34:12
2923,100,292300,09:34:12
2922,500,1461000,09:34:12
2922,1300,3798600,09:34:12
2922,100,292200,09:34:11
2921,500,1460500,09:34:11
2921,200,584200,09:34:11
2921,2000,5842000,09:34:11
2919,100,291900,09:34:11
2918,600,1750800,09:34:11
2919,400,1167600,09:34:11
2919,100,291900,09:34:11
2919,100,291900,09:34:11
2921,100,292100,09:34:11
2921,100,292100,09:34:11
2920,600,1752000,09:34:11
2920,1400,4088000,09:34:11
2917,100,291700,09:34:10
2917,400,1166800,09:34:10
2918,100,291800,09:34:10
2917,300,875100,09:34:10
2919,200,583800,09:34:10
2918,600,1750800,09:34:10
2919,100,291900,09:34:10
2918,100,291800,09:34:10
2919,100,291900,09:34:09
2917,100,291700,09:34:09
2919,100,291900,09:34:09
2917,1500,4375500,09:34:08
2918,200,583600,09:34:08
2918,100,291800,09:34:08
2917,300,875100,09:34:08
2917,100,291700,09:34:08
2918,200,583600,09:34:08
2919,100,291900,09:34:08
2918,100,291800,09:34:08
2917,100,291700,09:34:08
2917,300,875100,09:34:08
2920,4300,12556000,09:34:08
2919,200,583800,09:34:08
2918,100,291800,09:34:08
2917,200,583400,09:34:08
2919,100,291900,09:34:08
2915,200,583000,09:34:08
2916,100,291600,09:34:08
2916,300,874800,09:34:08
2919,500,1459500,09:34:08
2918,300,875400,09:34:08
2918,1100,3209800,09:34:08
2917,700,2041900,09:34:08
2917,200,583400,09:34:08
2916,2000,5832000,09:34:08
2915,1100,3206500,09:34:08
2914,500,1457000,09:34:08
2913,1500,4369500,09:34:08
2912,900,2620800,09:34:08
2911,700,2037700,09:34:08
2910,600,1746000,09:34:08
2910,100,291000,09:34:08
2909,400,1163600,09:34:08
2908,100,290800,09:34:08
2907,100,290700,09:34:08
2907,500,1453500,09:34:07
2906,800,2324800,09:34:07
2907,500,1453500,09:34:06
2906,100,290600,09:34:06
2906,200,581200,09:34:06
2906,200,581200,09:34:06
2905,200,581000,09:34:06
2905,300,871500,09:34:06
2905,100,290500,09:34:06
2905,200,581000,09:34:06
2905,100,290500,09:34:06
2907,100,290700,09:34:06
2906,300,871800,09:34:06
2907,100,290700,09:34:06
2906,100,290600,09:34:05
2906,500,1453000,09:34:05
2906,300,871800,09:34:05
2905,100,290500,09:34:05
2906,300,871800,09:34:05
2906,100,290600,09:34:05
2906,100,290600,09:34:05
2907,100,290700,09:34:04
2910,300,873000,09:34:02
2909,200,581800,09:34:02
2908,100,290800,09:34:02
2908,100,290800,09:34:01
2910,100,291000,09:34:01
2909,200,581800,09:34:01
2907,800,2325600,09:34:01
2908,100,290800,09:34:01
2907,300,872100,09:34:01
2908,2200,6397600,09:34:01
2909,900,2618100,09:34:01
2910,700,2037000,09:34:01
2911,400,1164400,09:34:01
2912,400,1164800,09:34:00
2914,200,582800,09:34:00
2913,300,873900,09:34:00
2913,300,873900,09:34:00
2914,100,291400,09:33:59
2914,100,291400,09:33:59
2915,200,583000,09:33:57
2915,300,874500,09:33:57
2912,300,873600,09:33:56
2912,300,873600,09:33:56
2913,700,2039100,09:33:56
2911,100,291100,09:33:55
2912,300,873600,09:33:54
2913,200,582600,09:33:54
2914,300,874200,09:33:54
2917,200,583400,09:33:54
2915,100,291500,09:33:54
2917,300,875100,09:33:53
2916,400,1166400,09:33:53
2918,1100,3209800,09:33:52
2917,900,2625300,09:33:52
2916,400,1166400,09:33:52
2915,100,291500,09:33:52
2915,300,874500,09:33:51
2915,200,583000,09:33:51
2915,200,583000,09:33:51
2915,200,583000,09:33:51
2915,100,291500,09:33:51
2914,200,582800,09:33:51
2913,200,582600,09:33:51
2911,100,291100,09:33:51
2913,400,1165200,09:33:50
2912,600,1747200,09:33:50
2913,200,582600,09:33:50
2912,100,291200,09:33:50
2912,400,1164800,09:33:50
2911,100,291100,09:33:50
2910,100,291000,09:33:50
2910,100,291000,09:33:50
2911,100,291100,09:33:50
2911,1100,3202100,09:33:50
2911,100,291100,09:33:49
2912,100,291200,09:33:49
2913,100,291300,09:33:48
2912,800,2329600,09:33:48
2912,100,291200,09:33:48
2911,500,1455500,09:33:48
2910,200,582000,09:33:48
2910,200,582000,09:33:48
2909,300,872700,09:33:48
2908,200,581600,09:33:48
2908,100,290800,09:33:46
2908,100,290800,09:33:46
2908,100,290800,09:33:46
2909,100,290900,09:33:46
2909,100,290900,09:33:45
2908,100,290800,09:33:44
2910,100,291000,09:33:44
2909,300,872700,09:33:44
2909,300,872700,09:33:44
2911,600,1746600,09:33:44
2909,100,290900,09:33:44
2911,200,582200,09:33:44
2910,200,582000,09:33:44
2910,100,291000,09:33:43
2909,200,581800,09:33:43
2907,200,581400,09:33:43
2910,700,2037000,09:33:42
2908,100,290800,09:33:42
2908,100,290800,09:33:42
2907,1000,2907000,09:33:42
2907,200,581400,09:33:42
2906,200,581200,09:33:42
2907,200,581400,09:33:40
2906,100,290600,09:33:38
2908,100,290800,09:33:38
2907,300,872100,09:33:38
2906,400,1162400,09:33:38
2907,100,290700,09:33:38
2908,100,290800,09:33:38
2908,100,290800,09:33:38
2908,100,290800,09:33:38
2907,2400,6976800,09:33:38
2907,100,290700,09:33:38
2906,100,290600,09:33:38
2905,100,290500,09:33:37
2901,1000,2901000,09:33:37
2902,1200,3482400,09:33:37
2903,1200,3483600,09:33:37
2904,400,1161600,09:33:37
2904,100,290400,09:33:36
2903,100,290300,09:33:36
2903,200,580600,09:33:35
2903,500,1451500,09:33:34
2903,200,580600,09:33:34
2902,300,870600,09:33:34
2901,100,290100,09:33:34
2900,500,1450000,09:33:34
2900,100,290000,09:33:32
2900,100,290000,09:33:32
2901,900,2610900,09:33:32
2902,2200,6384400,09:33:32
2903,200,580600,09:33:31
2905,100,290500,09:33:31
2904,100,290400,09:33:30
2904,100,290400,09:33:30
2904,100,290400,09:33:30
2905,200,581000,09:33:30
2907,200,581400,09:33:29
2908,200,581600,09:33:29
2910,100,291000,09:33:28
2908,200,581600,09:33:28
2908,200,581600,09:33:28
2906,200,581200,09:33:28
2905,200,581000,09:33:28
2905,400,1162000,09:33:28
2905,100,290500,09:33:28
2904,100,290400,09:33:28
2905,3300,9586500,09:33:28
2906,100,290600,09:33:28
2906,200,581200,09:33:28
2907,700,2034900,09:33:28
2908,1100,3198800,09:33:28
2909,800,2327200,09:33:28
2911,100,291100,09:33:27
2910,900,2619000,09:33:27
2910,100,291000,09:33:27
2909,300,872700,09:33:27
2907,100,290700,09:33:25
2909,100,290900,09:33:24
2908,300,872400,09:33:24
2908,100,290800,09:33:24
2907,100,290700,09:33:24
2905,400,1162000,09:33:24
2905,100,290500,09:33:24
2906,100,290600,09:33:23
2905,400,1162000,09:33:23
2905,100,290500,09:33:23
2903,100,290300,09:33:22
2903,100,290300,09:33:21
2904,300,871200,09:33:20
2907,200,581400,09:33:16
2905,100,290500,09:33:16
2905,100,290500,09:33:15
2907,200,581400,09:33:15
2906,100,290600,09:33:15
2905,300,871500,09:33:15
2904,100,290400,09:33:15
2904,100,290400,09:33:15
2904,100,290400,09:33:14
2904,100,290400,09:33:14
2907,200,581400,09:33:13
2908,100,290800,09:33:13
2907,100,290700,09:33:12
2909,200,581800,09:33:12
2909,400,1163600,09:33:12
2908,700,2035600,09:33:12
2907,300,872100,09:33:12
2907,100,290700,09:33:11
2906,500,1453000,09:33:11
2908,500,1454000,09:33:11
2904,100,290400,09:33:11
2906,500,1453000,09:33:11
2903,100,290300,09:33:11
2905,100,290500,09:33:11
2905,300,871500,09:33:11
2905,100,290500,09:33:10
2905,400,1162000,09:33:10
2903,100,290300,09:33:10
2904,400,1161600,09:33:10
2903,100,290300,09:33:09
2904,500,1452000,09:33:09
2906,100,290600,09:33:09
2906,100,290600,09:33:09
2905,600,1743000,09:33:09
2903,200,580600,09:33:09
2905,100,290500,09:33:08
2903,100,290300,09:33:08
2904,100,290400,09:33:08
2904,100,290400,09:33:08
2904,100,290400,09:33:08
2905,2400,6972000,09:33:08
2907,100,290700,09:33:07
2906,200,581200,09:33:06
2906,200,581200,09:33:06
2907,100,290700,09:33:06
2908,100,290800,09:33:06
2909,100,290900,09:33:06
2911,100,291100,09:33:05
2911,300,873300,09:33:05
2910,800,2328000,09:33:05
2908,100,290800,09:33:04
2908,100,290800,09:33:04
2909,100,290900,09:33:01
2910,100,291000,09:33:00
2909,100,290900,09:33:00
2906,500,1453000,09:33:00
2907,400,1162800,09:33:00
2906,600,1743600,09:33:00
2908,100,290800,09:32:59
2907,100,290700,09:32:59
2907,600,1744200,09:32:59
2910,100,291000,09:32:58
2909,200,581800,09:32:58
2908,600,1744800,09:32:58
2905,100,290500,09:32:57
2906,100,290600,09:32:57
2906,300,871800,09:32:56
2906,100,290600,09:32:56
2907,100,290700,09:32:56
2909,300,872700,09:32:55
2908,200,581600,09:32:55
2906,100,290600,09:32:54
2906,100,290600,09:32:54
2906,100,290600,09:32:54
2907,100,290700,09:32:53
2907,300,872100,09:32:53
2906,200,581200,09:32:52
2907,100,290700,09:32:52
2907,300,872100,09:32:52
2910,100,291000,09:32:50
2909,100,290900,09:32:49
2910,600,1746000,09:32:49
2910,1100,3201000,09:32:49
2910,600,1746000,09:32:49
2909,400,1163600,09:32:49
2908,200,581600,09:32:48
2908,500,1454000,09:32:48
2908,100,290800,09:32:48
2906,100,290600,09:32:47
2907,100,290700,09:32:47
2907,200,581400,09:32:47
2907,100,290700,09:32:47
2908,100,290800,09:32:47
2909,800,2327200,09:32:47
2910,300,873000,09:32:47
2911,100,291100,09:32:47
2912,100,291200,09:32:47
2911,100,291100,09:32:46
2912,400,1164800,09:32:46
2913,100,291300,09:32:46
2914,100,291400,09:32:46
2914,100,291400,09:32:46
2915,300,874500,09:32:46
2916,300,874800,09:32:45
2917,600,1750200,09:32:45
2918,400,1167200,09:32:44
2918,100,291800,09:32:44
2919,100,291900,09:32:44
2920,100,292000,09:32:44
2920,200,584000,09:32:44
2919,400,1167600,09:32:44
2920,200,584000,09:32:43
2918,200,583600,09:32:42
2919,100,291900,09:32:42
2919,100,291900,09:32:42
2918,100,291800,09:32:41
2919,100,291900,09:32:41
2919,100,291900,09:32:40
2919,100,291900,09:32:40
2921,600,1752600,09:32:39
2921,100,292100,09:32:39
2922,200,584400,09:32:38
2920,200,584000,09:32:38
2919,200,583800,09:32:37
2919,200,583800,09:32:37
2920,100,292000,09:32:37
2920,100,292000,09:32:37
2921,400,1168400,09:32:37
2920,100,292000,09:32:37
2921,200,584200,09:32:37
2924,200,584800,09:32:37
2923,500,1461500,09:32:37
2922,600,1753200,09:32:37
2919,200,583800,09:32:37
2918,500,1459000,09:32:37
2918,100,291800,09:32:36
2918,100,291800,09:32:36
2917,100,291700,09:32:36
2917,300,875100,09:32:36
2918,500,1459000,09:32:35
2919,100,291900,09:32:35
2918,600,1750800,09:32:35
2919,400,1167600,09:32:35
2919,100,291900,09:32:35
2921,900,2628900,09:32:34
2922,100,292200,09:32:34
2924,600,1754400,09:32:34
2923,200,584600,09:32:34
2923,100,292300,09:32:34
2923,600,1753800,09:32:34
2922,100,292200,09:32:34
2922,1600,4675200,09:32:34
2921,400,1168400,09:32:34
2919,100,291900,09:32:34
2919,100,291900,09:32:34
2920,100,292000,09:32:34
2921,200,584200,09:32:34
2921,100,292100,09:32:34
2920,1000,2920000,09:32:34
2919,200,583800,09:32:34
2919,100,291900,09:32:34
2919,100,291900,09:32:34
2916,100,291600,09:32:34
2918,1400,4085200,09:32:34
2917,400,1166800,09:32:34
2916,300,874800,09:32:33
2916,200,583200,09:32:33
2917,100,291700,09:32:33
2917,100,291700,09:32:33
2914,600,1748400,09:32:33
2915,1000,2915000,09:32:33
2918,100,291800,09:32:32
2917,200,583400,09:32:32
2915,100,291500,09:32:32
2915,100,291500,09:32:32
2917,100,291700,09:32:32
2916,200,583200,09:32:32
2916,300,874800,09:32:32
2916,100,291600,09:32:32
2916,100,291600,09:32:32
2916,500,1458000,09:32:32
2916,100,291600,09:32:32
2918,200,583600,09:32:32
2917,600,1750200,09:32:32
2916,100,291600,09:32:32
2916,700,2041200,09:32:32
2915,400,1166000,09:32:32
2914,1100,3205400,09:32:32
2913,500,1456500,09:32:32
2912,2400,6988800,09:32:32
2911,900,2619900,09:32:32
2910,2100,6111000,09:32:32
2909,300,872700,09:32:32
2909,100,290900,09:32:32
2908,200,581600,09:32:32
2908,200,581600,09:32:32
2907,100,290700,09:32:32
2906,200,581200,09:32:32
2905,100,290500,09:32:32
2906,100,290600,09:32:31
2906,200,581200,09:32:31
2906,100,290600,09:32:31
2905,200,581000,09:32:31
2904,100,290400,09:32:31
2903,100,290300,09:32:30
2903,500,1451500,09:32:30
2903,100,290300,09:32:30
2901,400,1160400,09:32:30
2902,100,290200,09:32:29
2901,200,580200,09:32:29
2901,400,1160400,09:32:27
2902,300,870600,09:32:27
2902,300,870600,09:32:26
2900,100,290000,09:32:26
2900,200,580000,09:32:26
2901,100,290100,09:32:26
2900,200,580000,09:32:26
2901,100,290100,09:32:26
2900,100,290000,09:32:26
2900,200,580000,09:32:26
2900,200,580000,09:32:25
2900,100,290000,09:32:25
2901,200,580200,09:32:25
2901,200,580200,09:32:25
2900,500,1450000,09:32:24
2900,300,870000,09:32:23
2901,100,290100,09:32:22
2901,100,290100,09:32:21
2902,100,290200,09:32:21
2900,300,870000,09:32:21
2901,100,290100,09:32:20
2901,200,580200,09:32:19
2902,300,870600,09:32:19
2902,200,580400,09:32:19
2902,1200,3482400,09:32:19
2903,100,290300,09:32:18
2902,1100,3192200,09:32:18
2900,100,290000,09:32:17
2900,100,290000,09:32:17
2900,500,1450000,09:32:17
2901,600,1740600,09:32:17
2902,200,580400,09:32:16
2901,300,870300,09:32:16
2903,400,1161200,09:32:16
2903,100,290300,09:32:16
2901,100,290100,09:32:16
2901,200,580200,09:32:16
2900,200,580000,09:32:16
2900,100,290000,09:32:16
2900,1900,5510000,09:32:16
2900,100,290000,09:32:16
2901,1100,3191100,09:32:16
2901,100,290100,09:32:16
2901,100,290100,09:32:16
2902,1100,3192200,09:32:16
2903,100,290300,09:32:16
2904,200,580800,09:32:16
2902,200,580400,09:32:15
2902,100,290200,09:32:15
2902,100,290200,09:32:15
2903,100,290300,09:32:15
2903,100,290300,09:32:15
2904,100,290400,09:32:15
2906,100,290600,09:32:13
2905,100,290500,09:32:13
2906,100,290600,09:32:13
2905,800,2324000,09:32:13
2906,100,290600,09:32:13
2905,400,1162000,09:32:13
2905,100,290500,09:32:13
2905,700,2033500,09:32:12
2906,100,290600,09:32:11
2906,100,290600,09:32:11
2906,100,290600,09:32:11
2907,2500,7267500,09:32:11
2908,100,290800,09:32:10
2909,100,290900,09:32:10
2910,300,873000,09:32:09
2908,200,581600,09:32:08
2908,200,581600,09:32:08
2911,1300,3784300,09:32:06
2912,300,873600,09:32:06
2912,100,291200,09:32:06
2913,100,291300,09:32:06
2911,200,582200,09:32:05
2910,200,582000,09:32:05
2909,300,872700,09:32:05
2908,400,1163200,09:32:04
2908,500,1454000,09:32:04
2909,100,290900,09:32:04
2909,200,581800,09:32:03
2909,100,290900,09:32:03
2909,100,290900,09:32:03
2910,100,291000,09:32:03
2911,100,291100,09:32:02
2911,100,291100,09:32:02
2911,100,291100,09:32:02
2911,100,291100,09:32:02
2911,100,291100,09:32:02
2912,100,291200,09:32:02
2911,1400,4075400,09:32:02
2910,1000,2910000,09:32:02
2909,700,2036300,09:32:02
2908,600,1744800,09:32:02
2910,100,291000,09:32:01
2910,100,291000,09:32:01
2908,300,872400,09:32:01
2909,100,290900,09:32:00
2910,500,1455000,09:32:00
2910,200,582000,09:31:59
2909,100,290900,09:31:59
2909,300,872700,09:31:58
2910,400,1164000,09:31:58
2910,100,291000,09:31:57
2908,300,872400,09:31:57
2909,100,290900,09:31:57
2910,200,582000,09:31:56
2909,100,290900,09:31:56
2911,100,291100,09:31:54
2910,400,1164000,09:31:54
2908,100,290800,09:31:54
2909,200,581800,09:31:54
2909,200,581800,09:31:53
2910,100,291000,09:31:53
2909,800,2327200,09:31:53
2909,300,872700,09:31:53
2908,200,581600,09:31:52
2907,100,290700,09:31:51
2908,400,1163200,09:31:50
2909,100,290900,09:31:50
2910,100,291000,09:31:50
2909,600,1745400,09:31:50
2907,300,872100,09:31:49
2908,100,290800,09:31:48
2909,300,872700,09:31:48
2913,100,291300,09:31:45
2914,500,1457000,09:31:45
2916,100,291600,09:31:45
2916,100,291600,09:31:44
2917,100,291700,09:31:44
2917,100,291700,09:31:44
2917,200,583400,09:31:44
2918,100,291800,09:31:42
2919,200,583800,09:31:42
2919,300,875700,09:31:42
2919,700,2043300,09:31:42
2918,100,291800,09:31:42
2920,100,292000,09:31:42
2919,400,1167600,09:31:41
2921,100,292100,09:31:41
2920,300,876000,09:31:41
2921,600,1752600,09:31:41
2921,600,1752600,09:31:41
2920,200,584000,09:31:40
2921,600,1752600,09:31:40
2922,100,292200,09:31:40
2922,100,292200,09:31:39
2922,300,876600,09:31:39
2919,100,291900,09:31:39
2920,100,292000,09:31:39
2920,200,584000,09:31:39
2922,800,2337600,09:31:38
2924,100,292400,09:31:38
2923,200,584600,09:31:38
2922,2700,7889400,09:31:38
2922,400,1168800,09:31:38
2921,100,292100,09:31:38
2921,100,292100,09:31:38
2921,100,292100,09:31:38
2920,1400,4088000,09:31:38
2919,1400,4086600,09:31:38
2918,600,1750800,09:31:38
2917,100,291700,09:31:38
2917,200,583400,09:31:37
2918,200,583600,09:31:37
2919,700,2043300,09:31:37
2920,200,584000,09:31:37
2920,800,2336000,09:31:37
2919,700,2043300,09:31:37
2917,100,291700,09:31:37
2919,300,875700,09:31:36
2920,400,1168000,09:31:36
2919,100,291900,09:31:36
2919,500,1459500,09:31:36
2920,300,876000,09:31:36
2920,100,292000,09:31:36
2922,100,292200,09:31:36
2921,100,292100,09:31:35
2921,200,584200,09:31:35
2921,100,292100,09:31:35
2920,900,2628000,09:31:35
2919,200,583800,09:31:35
2919,900,2627100,09:31:35
2916,100,291600,09:31:35
2917,200,583400,09:31:34
2919,100,291900,09:31:34
2917,100,291700,09:31:34
2918,600,1750800,09:31:34
2918,100,291800,09:31:34
2917,100,291700,09:31:34
2917,600,1750200,09:31:34
2916,100,291600,09:31:34
2916,2900,8456400,09:31:34
2916,600,1749600,09:31:34
2915,900,2623500,09:31:34
2915,200,583000,09:31:34
2915,900,2623500,09:31:34
2915,200,583000,09:31:34
2915,100,291500,09:31:34
2915,700,2040500,09:31:34
2914,1800,5245200,09:31:34
2914,100,291400,09:31:34
2911,400,1164400,09:31:33
2912,600,1747200,09:31:33
2911,400,1164400,09:31:33
2912,800,2329600,09:31:33
2913,100,291300,09:31:33
2912,100,291200,09:31:33
2911,400,1164400,09:31:32
2913,800,2330400,09:31:32
2912,700,2038400,09:31:32
2911,100,291100,09:31:32
2911,100,291100,09:31:32
2910,500,1455000,09:31:32
2910,900,2619000,09:31:32
2909,1100,3199900,09:31:32
2908,200,581600,09:31:32
2907,200,581400,09:31:32
2907,300,872100,09:31:31
2905,200,581000,09:31:30
2907,100,290700,09:31:30
2908,600,1744800,09:31:30
2910,600,1746000,09:31:30
2907,100,290700,09:31:30
2907,100,290700,09:31:30
2909,700,2036300,09:31:29
2908,100,290800,09:31:29
2907,700,2034900,09:31:29
2908,100,290800,09:31:29
2906,100,290600,09:31:28
2907,200,581400,09:31:28
2905,100,290500,09:31:28
2906,400,1162400,09:31:28
2908,100,290800,09:31:27
2908,100,290800,09:31:26
2907,100,290700,09:31:22
2905,600,1743000,09:31:22
2904,100,290400,09:31:22
2901,2000,5802000,09:31:22
2902,1200,3482400,09:31:22
2903,700,2032100,09:31:22
2905,500,1452500,09:31:21
2907,200,581400,09:31:21
2904,100,290400,09:31:21
2903,100,290300,09:31:20
2905,100,290500,09:31:19
2902,100,290200,09:31:16
2902,100,290200,09:31:15
2902,100,290200,09:31:15
2903,1500,4354500,09:31:15
2903,400,1161200,09:31:14
2905,200,581000,09:31:14
2905,200,581000,09:31:14
2905,200,581000,09:31:14
2905,100,290500,09:31:14
2906,800,2324800,09:31:14
2905,100,290500,09:31:14
2905,200,581000,09:31:14
2905,100,290500,09:31:14
2906,200,581200,09:31:14
2907,100,290700,09:31:14
2908,300,872400,09:31:13
2909,100,290900,09:31:12
2909,100,290900,09:31:11
2910,100,291000,09:31:11
2913,1000,2913000,09:31:11
2912,1000,2912000,09:31:11
2911,1000,2911000,09:31:11
2910,200,582000,09:31:10
2910,200,582000,09:31:10
2910,100,291000,09:31:10
2912,200,582400,09:31:10
2913,100,291300,09:31:10
2913,100,291300,09:31:09
2911,100,291100,09:31:09
2912,100,291200,09:31:07
2910,100,291000,09:31:07
2911,500,1455500,09:31:07
2910,100,291000,09:31:07
2908,100,290800,09:31:07
2909,400,1163600,09:31:07
2910,100,291000,09:31:07
2911,500,1455500,09:31:06
2912,2000,5824000,09:31:06
2913,600,1747800,09:31:06
2915,300,874500,09:31:06
2914,100,291400,09:31:06
2913,400,1165200,09:31:06
2912,100,291200,09:31:06
2912,200,582400,09:31:05
2910,100,291000,09:31:05
2911,100,291100,09:31:05
2912,100,291200,09:31:04
2913,100,291300,09:31:04
2913,100,291300,09:31:04
2913,100,291300,09:31:04
2912,200,582400,09:31:04
2911,700,2037700,09:31:04
2910,500,1455000,09:31:04
2909,100,290900,09:31:04
2908,300,872400,09:31:04
2907,200,581400,09:31:04
2907,100,290700,09:31:03
2906,1200,3487200,09:31:03
2906,100,290600,09:31:03
2905,100,290500,09:31:02
2906,200,581200,09:31:01
2906,400,1162400,09:31:00
2907,300,872100,09:31:00
2909,200,581800,09:30:58
2908,100,290800,09:30:58
2909,300,872700,09:30:58
2908,100,290800,09:30:58
2909,400,1163600,09:30:58
2910,100,291000,09:30:58
2911,100,291100,09:30:58
2910,2300,6693000,09:30:58
2910,300,873000,09:30:58
2909,1200,3490800,09:30:58
2908,300,872400,09:30:58
2907,900,2616300,09:30:58
2907,100,290700,09:30:58
2906,600,1743600,09:30:58
2905,100,290500,09:30:58
2904,200,580800,09:30:58
2904,100,290400,09:30:56
2904,200,580800,09:30:56
2903,200,580600,09:30:55
2903,100,290300,09:30:55
2901,100,290100,09:30:55
2902,200,580400,09:30:54
2905,600,1743000,09:30:53
2906,100,290600,09:30:53
2906,100,290600,09:30:53
2906,100,290600,09:30:53
2906,100,290600,09:30:53
2907,600,1744200,09:30:53
2904,400,1161600,09:30:53
2905,200,581000,09:30:53
2906,300,871800,09:30:53
2904,700,2032800,09:30:53
2906,200,581200,09:30:51
2906,400,1162400,09:30:51
2908,200,581600,09:30:51
2906,400,1162400,09:30:50
2904,100,290400,09:30:49
2904,100,290400,09:30:49
2905,200,581000,09:30:49
2907,100,290700,09:30:49
2906,300,871800,09:30:49
2906,100,290600,09:30:49
2906,100,290600,09:30:48
2905,100,290500,09:30:48
2904,100,290400,09:30:47
2902,100,290200,09:30:47
2903,100,290300,09:30:47
2902,300,870600,09:30:47
2903,200,580600,09:30:47
2902,100,290200,09:30:47
2901,100,290100,09:30:47
2904,400,1161600,09:30:47
2903,600,1741800,09:30:47
2901,100,290100,09:30:46
2902,100,290200,09:30:46
2902,500,1451000,09:30:46
2903,600,1741800,09:30:46
2901,100,290100,09:30:46
2902,200,580400,09:30:46
2902,400,1160800,09:30:46
2902,100,290200,09:30:46
2903,1000,2903000,09:30:46
2903,400,1161200,09:30:46
2904,100,290400,09:30:46
2904,200,580800,09:30:46
2906,100,290600,09:30:45
2907,100,290700,09:30:44
2908,200,581600,09:30:44
2907,200,581400,09:30:44
2906,100,290600,09:30:44
2906,100,290600,09:30:44
2905,100,290500,09:30:43
2905,100,290500,09:30:43
2905,400,1162000,09:30:43
2905,100,290500,09:30:43
2903,100,290300,09:30:43
2904,100,290400,09:30:43
2904,200,580800,09:30:43
2904,100,290400,09:30:43
2904,300,871200,09:30:43
2904,1500,4356000,09:30:43
2904,100,290400,09:30:43
2904,1000,2904000,09:30:43
2905,1500,4357500,09:30:43
2907,100,290700,09:30:42
2907,100,290700,09:30:41
2905,100,290500,09:30:41
2906,700,2034200,09:30:41
2906,100,290600,09:30:41
2909,100,290900,09:30:41
2906,300,871800,09:30:40
2907,200,581400,09:30:39
2907,300,872100,09:30:38
2908,900,2617200,09:30:38
2906,100,290600,09:30:38
2907,500,1453500,09:30:38
2908,100,290800,09:30:38
2909,100,290900,09:30:38
2908,100,290800,09:30:38
2910,500,1455000,09:30:37
2908,100,290800,09:30:37
2909,600,1745400,09:30:37
2910,1600,4656000,09:30:37
2912,100,291200,09:30:37
2911,100,291100,09:30:36
2911,100,291100,09:30:36
2911,400,1164400,09:30:36
2913,100,291300,09:30:36
2913,100,291300,09:30:34
2912,100,291200,09:30:34
2913,500,1456500,09:30:34
2914,200,582800,09:30:34
2915,100,291500,09:30:34
2916,100,291600,09:30:32
2917,300,875100,09:30:32
2917,100,291700,09:30:32
2917,100,291700,09:30:32
2918,100,291800,09:30:32
2919,200,583800,09:30:32
2920,100,292000,09:30:31
2920,2300,6716000,09:30:31
2919,1400,4086600,09:30:31
2918,1000,2918000,09:30:31
2917,300,875100,09:30:31
2916,100,291600,09:30:31
2915,100,291500,09:30:31
2916,200,583200,09:30:31
2916,400,1166400,09:30:31
2916,100,291600,09:30:31
2914,100,291400,09:30:31
2915,400,1166000,09:30:31
2915,400,1166000,09:30:31
2915,200,583000,09:30:31
2914,100,291400,09:30:30
2913,100,291300,09:30:29
2913,200,582600,09:30:29
2914,200,582800,09:30:28
2913,100,291300,09:30:27
2911,100,291100,09:30:27
2912,200,582400,09:30:27
2911,100,291100,09:30:27
2910,100,291000,09:30:26
2910,100,291000,09:30:26
2909,100,290900,09:30:26
2910,500,1455000,09:30:26
2909,500,1454500,09:30:26
2908,100,290800,09:30:26
2907,100,290700,09:30:26
2909,100,290900,09:30:26
2908,300,872400,09:30:26
2910,300,873000,09:30:25
2911,100,291100,09:30:25
2911,100,291100,09:30:25
2910,400,1164000,09:30:25
2910,500,1455000,09:30:25
2911,100,291100,09:30:23
2911,400,1164400,09:30:23
2912,100,291200,09:30:23
2912,300,873600,09:30:23
2911,100,291100,09:30:23
2911,300,873300,09:30:22
2911,100,291100,09:30:22
2911,500,1455500,09:30:22
2908,100,290800,09:30:22
2908,100,290800,09:30:20
2908,100,290800,09:30:20
2908,500,1454000,09:30:20
2908,500,1454000,09:30:20
2908,200,581600,09:30:20
2908,200,581600,09:30:20
2908,200,581600,09:30:20
2908,200,581600,09:30:20
2908,200,581600,09:30:19
2909,700,2036300,09:30:19
2910,800,2328000,09:30:18
2909,200,581800,09:30:18
2909,600,1745400,09:30:18
2910,100,291000,09:30:18
2911,200,582200,09:30:17
2911,100,291100,09:30:17
2913,100,291300,09:30:17
2911,100,291100,09:30:16
2911,100,291100,09:30:16
2911,500,1455500,09:30:16
2910,400,1164000,09:30:16
2909,100,290900,09:30:16
2910,900,2619000,09:30:16
2910,200,582000,09:30:16
2910,700,2037000,09:30:16
2911,200,582200,09:30:16
2910,100,291000,09:30:15
2910,100,291000,09:30:14
2911,200,582200,09:30:14
2913,200,582600,09:30:14
2911,100,291100,09:30:14
2912,200,582400,09:30:13
2914,800,2331200,09:30:13
2913,400,1165200,09:30:13
2912,500,1456000,09:30:13
2910,100,291000,09:30:13
2910,100,291000,09:30:13
2910,100,291000,09:30:13
2911,100,291100,09:30:12
2911,100,291100,09:30:12
2911,300,873300,09:30:12
2912,100,291200,09:30:12
2911,100,291100,09:30:12
2912,200,582400,09:30:12
2912,100,291200,09:30:11
2914,900,2622600,09:30:11
2914,700,2039800,09:30:11
2913,800,2330400,09:30:11
2911,100,291100,09:30:11
2912,100,291200,09:30:11
2912,100,291200,09:30:11
2913,300,873900,09:30:11
2913,100,291300,09:30:11
2913,100,291300,09:30:11
2913,100,291300,09:30:09
2914,300,874200,09:30:09
2913,500,1456500,09:30:09
2912,100,291200,09:30:09
2912,100,291200,09:30:09
2913,100,291300,09:30:09
2914,300,874200,09:30:08
2915,300,874500,09:30:08
2917,400,1166800,09:30:08
2917,200,583400,09:30:07
2918,200,583600,09:30:07
2918,100,291800,09:30:07
2916,100,291600,09:30:07
2919,100,291900,09:30:07
2921,100,292100,09:30:06
2918,1500,4377000,09:30:06
2919,2000,5838000,09:30:06
2920,900,2628000,09:30:06
2921,300,876300,09:30:06
2923,100,292300,09:30:06
2922,700,2045400,09:30:06
2921,600,1752600,09:30:06
2920,1100,3212000,09:30:06
2919,100,291900,09:30:06
2919,100,291900,09:30:06
2919,200,583800,09:30:06
2916,400,1166400,09:30:05
2917,500,1458500,09:30:05
2916,400,1166400,09:30:04
2917,100,291700,09:30:04
2916,200,583200,09:30:03
2917,800,2333600,09:30:03
2918,100,291800,09:30:03
2919,100,291900,09:30:03
2918,300,875400,09:30:02
2916,100,291600,09:30:02
2918,100,291800,09:30:02
2918,700,2042600,09:30:02
2919,1100,3210900,09:30:02
2921,300,876300,09:30:01
2921,100,292100,09:30:01
2920,500,1460000,09:30:01
2916,400,1166400,09:30:01
2917,1000,2917000,09:30:01
2919,500,1459500,09:30:01
2919,600,1751400,09:30:00
2916,100,291600,09:30:00
2917,600,1750200,09:30:00
2920,100,292000,09:30:00
2919,100,291900,09:30:00
2920,100,292000,09:30:00
2919,500,1459500,09:30:00
2920,100,292000,09:30:00
2920,100,292000,09:30:00
2920,100,292000,09:30:00
2919,900,2627100,09:30:00
2918,700,2042600,09:30:00
2917,700,2041900,09:30:00
2916,200,583200,09:30:00
2916,200,583200,09:30:00
2914,200,582800,09:30:00
2915,100,291500,09:30:00
2915,100,291500,09:30:00
2916,100,291600,09:30:00
2916,300,874800,09:30:00
2916,100,291600,09:30:00
2917,100,291700,09:29:59
2918,300,875400,09:29:59
2917,100,291700,09:29:59
2917,100,291700,09:29:59
2916,500,1458000,09:29:59
2917,100,291700,09:29:59
2918,400,1167200,09:29:59
2919,100,291900,09:29:59
2919,100,291900,09:29:58
2920,900,2628000,09:29:58
2921,100,292100,09:29:58
2923,100,292300,09:29:58
2922,700,2045400,09:29:58
2921,200,584200,09:29:58
2923,100,292300,09:29:58
2920,1200,3504000,09:29:58
2921,900,2628900,09:29:58
2922,200,584400,09:29:58
2924,100,292400,09:29:58
2920,100,292000,09:29:57
2924,200,584800,09:29:57
2923,400,1169200,09:29:57
2922,200,584400,09:29:57
2922,200,584400,09:29:57
2922,100,292200,09:29:57
2920,1900,5548000,09:29:57
2919,300,875700,09:29:57
2919,400,1167600,09:29:57
2916,400,1166400,09:29:57
2917,400,1166800,09:29:57
2917,100,291700,09:29:56
2917,200,583400,09:29:56
2918,800,2334400,09:29:56
2918,100,291800,09:29:56
2920,400,1168000,09:29:55
2919,200,583800,09:29:55
2918,300,875400,09:29:55
2917,400,1166800,09:29:55
2918,100,291800,09:29:55
2918,300,875400,09:29:55
2917,100,291700,09:29:55
2917,100,291700,09:29:55
2913,100,291300,09:29:55
2916,100,291600,09:29:55
2916,600,1749600,09:29:55
2915,1500,4372500,09:29:55
2914,1700,4953800,09:29:55
2913,1500,4369500,09:29:55
2912,400,1164800,09:29:55
2910,100,291000,09:29:55
2911,700,2037700,09:29:55
2910,100,291000,09:29:55
2910,100,291000,09:29:55
2910,200,582000,09:29:55
2911,400,1164400,09:29:55
2912,300,873600,09:29:55
2912,200,582400,09:29:55
2911,200,582200,09:29:54
2910,400,1164000,09:29:53
2908,700,2035600,09:29:53
2911,100,291100,09:29:53
2911,300,873300,09:29:53
2911,400,1164400,09:29:53
2910,500,1455000,09:29:53
2909,100,290900,09:29:53
2908,600,1744800,09:29:53
2908,400,1163200,09:29:53
2909,100,290900,09:29:53
2910,100,291000,09:29:53
2910,300,873000,09:29:53
2911,100,291100,09:29:52
2910,100,291000,09:29:52
2910,100,291000,09:29:52
2910,100,291000,09:29:52
2912,1400,4076800,09:29:51
2911,300,873300,09:29:51
2910,100,291000,09:29:50
2910,600,1746000,09:29:49
2910,200,582000,09:29:49
2909,300,872700,09:29:49
2908,100,290800,09:29:48
2907,400,1162800,09:29:47
2908,500,1454000,09:29:46
2909,400,1163600,09:29:46
2910,100,291000,09:29:46
2908,100,290800,09:29:45
2909,100,290900,09:29:45
2911,100,291100,09:29:44
2910,100,291000,09:29:44
2911,100,291100,09:29:44
2910,100,291000,09:29:44
2910,100,291000,09:29:43
2913,400,1165200,09:29:43
2912,200,582400,09:29:43
2911,200,582200,09:29:42
2910,200,582000,09:29:42
2911,200,582200,09:29:42
2911,500,1455500,09:29:42
2910,800,2328000,09:29:42
2909,200,581800,09:29:42
2909,200,581800,09:29:41
2907,100,290700,09:29:41
2907,100,290700,09:29:41
2908,100,290800,09:29:40
2906,500,1453000,09:29:39
2907,400,1162800,09:29:38
2909,300,872700,09:29:37
2909,100,290900,09:29:37
2908,300,872400,09:29:37
2907,300,872100,09:29:37
2908,300,872400,09:29:37
2908,100,290800,09:29:37
2908,100,290800,09:29:37
2908,100,290800,09:29:37
2907,400,1162800,09:29:36
2909,100,290900,09:29:36
2909,100,290900,09:29:36
2910,400,1164000,09:29:36
2909,100,290900,09:29:35
2910,900,2619000,09:29:35
2913,100,291300,09:29:35
2913,100,291300,09:29:35
2912,700,2038400,09:29:35
2912,100,291200,09:29:35
2912,100,291200,09:29:35
2911,800,2328800,09:29:35
2911,100,291100,09:29:35
2911,700,2037700,09:29:35
2910,1500,4365000,09:29:35
2909,1500,4363500,09:29:35
2908,100,290800,09:29:35
2908,200,581600,09:29:34
2908,100,290800,09:29:34
2908,200,581600,09:29:29
2909,100,290900,09:29:28
2909,100,290900,09:29:28
2909,100,290900,09:29:26
2906,600,1743600,09:29:26
2907,300,872100,09:29:26
2908,100,290800,09:29:26
2909,300,872700,09:29:26
2910,800,2328000,09:29:26
2911,100,291100,09:29:25
2912,100,291200,09:29:24
2912,900,2620800,09:29:24
2910,100,291000,09:29:24
2911,500,1455500,09:29:24
2909,200,581800,09:29:24
2910,100,291000,09:29:24
2911,200,582200,09:29:24
2909,200,581800,09:29:24
2910,100,291000,09:29:23
2910,200,582000,09:29:23
2911,200,582200,09:29:21
2911,100,291100,09:29:21
2909,200,581800,09:29:21
2909,600,1745400,09:29:21
2911,100,291100,09:29:21
2911,100,291100,09:29:21
2913,300,873900,09:29:21
2912,100,291200,09:29:21
2911,200,582200,09:29:20
2911,300,873300,09:29:20
2910,100,291000,09:29:20
2912,100,291200,09:29:20
2912,100,291200,09:29:19
2911,100,291100,09:29:19
2910,700,2037000,09:29:19
2909,400,1163600,09:29:18
2907,300,872100,09:29:18
2908,700,2035600,09:29:18
2908,400,1163200,09:29:17
2909,300,872700,09:29:17
2909,100,290900,09:29:16
2909,100,290900,09:29:16
2909,400,1163600,09:29:15
2909,100,290900,09:29:15
2910,600,1746000,09:29:15
2909,200,581800,09:29:15
2908,100,290800,09:29:15
2909,300,872700,09:29:15
2908,400,1163200,09:29:15
2909,100,290900,09:29:15
2910,200,582000,09:29:15
2911,100,291100,09:29:15
2911,100,291100,09:29:14
2911,100,291100,09:29:14
2910,900,2619000,09:29:14
2909,500,1454500,09:29:14
2906,100,290600,09:29:14
2906,200,581200,09:29:14
2907,200,581400,09:29:14
2906,100,290600,09:29:13
2905,700,2033500,09:29:13
2904,200,580800,09:29:13
2902,100,290200,09:29:13
2901,100,290100,09:29:13
2902,100,290200,09:29:12
2904,200,580800,09:29:12
2904,200,580800,09:29:12
2902,200,580400,09:29:12
2902,100,290200,09:29:12
2902,100,290200,09:29:11
2902,200,580400,09:29:11
2901,100,290100,09:29:11
2901,200,580200,09:29:11
2902,500,1451000,09:29:11
2903,100,290300,09:29:11
2903,200,580600,09:29:11
2903,100,290300,09:29:11
2904,600,1742400,09:29:11
2903,200,580600,09:29:11
2904,100,290400,09:29:11
2902,1100,3192200,09:29:11
2903,200,580600,09:29:11
2902,100,290200,09:29:11
2902,600,1741200,09:29:11
2901,300,870300,09:29:11
2900,300,870000,09:29:11
2898,100,289800,09:29:11
2899,100,289900,09:29:11
2900,100,290000,09:29:11
2900,100,290000,09:29:11
2899,100,289900,09:29:11
2898,100,289800,09:29:11
2899,100,289900,09:29:11
2898,200,579600,09:29:11
2896,400,1158400,09:29:11
2896,100,289600,09:29:11
2899,100,289900,09:29:11
2897,100,289700,09:29:11
2897,100,289700,09:29:11
2898,300,869400,09:29:11
2898,200,579600,09:29:11
2898,300,869400,09:29:11
2898,100,289800,09:29:11
2899,700,2029300,09:29:11
2900,1800,5220000,09:29:11
2900,5000,14500000,09:29:11
2901,200,580200,09:29:10
2901,200,580200,09:29:10
2901,200,580200,09:29:10
2902,300,870600,09:29:10
2903,100,290300,09:29:10
2905,300,871500,09:29:09
2905,300,871500,09:29:09
2907,500,1453500,09:29:09
2905,100,290500,09:29:08
2905,100,290500,09:29:08
2905,500,1452500,09:29:08
2907,100,290700,09:29:08
2904,100,290400,09:29:07
2905,100,290500,09:29:07
2905,800,2324000,09:29:07
2905,300,871500,09:29:07
2905,300,871500,09:29:07
2905,100,290500,09:29:07
2906,1800,5230800,09:29:07
2907,200,581400,09:29:07
2909,100,290900,09:29:06
2909,100,290900,09:29:06
2909,200,581800,09:29:06
2910,200,582000,09:29:06
2910,100,291000,09:29:06
2912,100,291200,09:29:05
2912,600,1747200,09:29:04
2910,300,873000,09:29:04
2910,200,582000,09:29:04
2910,300,873000,09:29:04
2913,200,582600,09:29:04
2912,300,873600,09:29:04
2910,100,291000,09:29:04
2910,400,1164000,09:29:04
2909,100,290900,09:29:04
2907,100,290700,09:29:03
2907,100,290700,09:29:03
2909,400,1163600,09:29:03
2908,200,581600,09:29:03
2908,500,1454000,09:29:03
2909,100,290900,09:29:03
2910,100,291000,09:29:02
2911,100,291100,09:29:02
2909,700,2036300,09:29:02
2910,1000,2910000,09:29:02
2909,100,290900,09:29:02
2909,100,290900,09:29:02
2910,600,1746000,09:29:02
2910,500,1455000,09:29:02
2912,100,291200,09:29:01
2912,100,291200,09:29:01
2911,200,582200,09:29:00
2912,200,582400,09:29:00
2914,100,291400,09:29:00
2913,500,1456500,09:29:00
2913,100,291300,09:29:00
2912,100,291200,09:28:59
2913,100,291300,09:28:59
2911,800,2328800,09:28:58
2912,200,582400,09:28:58
2911,100,291100,09:28:58
2910,100,291000,09:28:56
2911,100,291100,09:28:56
2910,200,582000,09:28:56
2912,100,291200,09:28:55
2911,100,291100,09:28:55
2911,100,291100,09:28:54
2913,100,291300,09:28:54
2913,100,291300,09:28:53
2910,100,291000,09:28:51
2912,200,582400,09:28:51
2911,200,582200,09:28:51
2910,700,2037000,09:28:51
2908,900,2617200,09:28:51
2912,200,582400,09:28:51
2911,500,1455500,09:28:51
2910,100,291000,09:28:51
2909,500,1454500,09:28:50
2909,100,290900,09:28:50
2908,400,1163200,09:28:50
2909,400,1163600,09:28:50
2910,100,291000,09:28:50
2911,1000,2911000,09:28:50
2914,200,582800,09:28:50
2913,700,2039100,09:28:50
2910,100,291000,09:28:50
2910,100,291000,09:28:50
2912,100,291200,09:28:49
2911,1400,4075400,09:28:49
2910,500,1455000,09:28:49
2910,100,291000,09:28:49
2909,100,290900,09:28:49
2910,400,1164000,09:28:49
2911,400,1164400,09:28:49
2911,300,873300,09:28:49
2911,100,291100,09:28:49
2911,400,1164400,09:28:49
2908,400,1163200,09:28:48
2910,100,291000,09:28:48
2910,300,873000,09:28:48
2910,300,873000,09:28:48
2909,100,290900,09:28:47
2908,100,290800,09:28:46
2910,100,291000,09:28:46
2909,700,2036300,09:28:46
2908,100,290800,09:28:45
2908,400,1163200,09:28:44
2907,100,290700,09:28:44
2908,100,290800,09:28:44
2907,300,872100,09:28:44
2907,100,290700,09:28:44
2908,100,290800,09:28:44
2907,200,581400,09:28:44
2909,100,290900,09:28:44
2908,200,581600,09:28:44
2906,100,290600,09:28:44
2908,2500,7270000,09:28:44
2907,600,1744200,09:28:44
2906,100,290600,09:28:44
2906,800,2324800,09:28:43
2904,100,290400,09:28:43
2904,100,290400,09:28:43
2905,300,871500,09:28:42
2905,100,290500,09:28:42
2905,100,290500,09:28:42
2903,300,870900,09:28:42
2904,100,290400,09:28:42
2905,100,290500,09:28:42
2903,100,290300,09:28:42
2902,300,870600,09:28:41
2903,200,580600,09:28:41
2904,100,290400,09:28:41
2904,100,290400,09:28:41
2904,100,290400,09:28:41
2905,200,581000,09:28:41
2902,500,1451000,09:28:41
2903,400,1161200,09:28:41
2904,300,871200,09:28:41
2905,200,581000,09:28:41
2906,100,290600,09:28:40
2906,100,290600,09:28:40
2906,200,581200,09:28:40
2904,100,290400,09:28:40
2905,100,290500,09:28:40
2904,100,290400,09:28:40
2907,100,290700,09:28:40
2906,100,290600,09:28:40
2907,100,290700,09:28:40
2908,900,2617200,09:28:40
2907,600,1744200,09:28:40
2906,200,581200,09:28:40
2905,200,581000,09:28:40
2904,100,290400,09:28:39
2906,100,290600,09:28:38
2907,200,581400,09:28:38
2901,100,290100,09:28:38
2902,1500,4353000,09:28:38
2903,1100,3193300,09:28:38
2905,600,1743000,09:28:38
2906,200,581200,09:28:38
2907,300,872100,09:28:38
2906,100,290600,09:28:38
2907,100,290700,09:28:38
2907,200,581400,09:28:38
2907,100,290700,09:28:38
2908,100,290800,09:28:38
2907,400,1162800,09:28:38
2907,100,290700,09:28:38
2908,100,290800,09:28:37
2907,100,290700,09:28:37
2906,200,581200,09:28:37
2908,700,2035600,09:28:37
2904,400,1161600,09:28:37
2905,800,2324000,09:28:37
2906,500,1453000,09:28:37
2907,100,290700,09:28:37
2908,500,1454000,09:28:37
2907,200,581400,09:28:37
2908,200,581600,09:28:37
2907,300,872100,09:28:37
2907,100,290700,09:28:36
2906,100,290600,09:28:36
2907,100,290700,09:28:36
2907,600,1744200,09:28:36
2905,100,290500,09:28:36
2906,100,290600,09:28:36
2905,600,1743000,09:28:36
2902,100,290200,09:28:36
2903,400,1161200,09:28:36
2903,300,870900,09:28:36
2906,100,290600,09:28:36
2904,100,290400,09:28:35
2905,300,871500,09:28:35
2904,100,290400,09:28:35
2906,100,290600,09:28:35
2905,100,290500,09:28:35
2904,500,1452000,09:28:35
2905,600,1743000,09:28:35
2909,100,290900,09:28:35
2909,400,1163600,09:28:35
2906,100,290600,09:28:34
2906,300,871800,09:28:34
2907,100,290700,09:28:34
2908,300,872400,09:28:34
2906,100,290600,09:28:34
2908,300,872400,09:28:34
2907,400,1162800,09:28:33
2906,100,290600,09:28:33
2906,100,290600,09:28:33
2906,100,290600,09:28:33
2907,100,290700,09:28:33
2908,100,290800,09:28:33
2909,100,290900,09:28:33
2909,100,290900,09:28:32
2910,100,291000,09:28:32
2908,700,2035600,09:28:32
2909,300,872700,09:28:32
2913,300,873900,09:28:32
2912,1100,3203200,09:28:32
2911,500,1455500,09:28:32
2911,100,291100,09:28:32
2910,600,1746000,09:28:32
2910,100,291000,09:28:32
2911,100,291100,09:28:32
2911,100,291100,09:28:32
2911,100,291100,09:28:31
2912,500,1456000,09:28:31
2911,100,291100,09:28:31
2910,100,291000,09:28:31
2910,100,291000,09:28:31
2910,100,291000,09:28:31
2912,100,291200,09:28:30
2911,200,582200,09:28:30
2911,300,873300,09:28:30
2914,100,291400,09:28:29
2911,400,1164400,09:28:29
2912,300,873600,09:28:29
2912,100,291200,09:28:28
2913,900,2621700,09:28:28
2911,100,291100,09:28:28
2912,500,1456000,09:28:28
2911,200,582200,09:28:28
2912,300,873600,09:28:28
2913,100,291300,09:28:28
2913,200,582600,09:28:28
2912,100,291200,09:28:28
2911,200,582200,09:28:28
2912,100,291200,09:28:28
2912,100,291200,09:28:28
2911,100,291100,09:28:27
2911,400,1164400,09:28:27
2910,100,291000,09:28:27
2910,100,291000,09:28:27
2910,100,291000,09:28:27
2911,600,1746600,09:28:27
2911,100,291100,09:28:27
2911,200,582200,09:28:27
2910,300,873000,09:28:27
2907,400,1162800,09:28:27
2908,300,872400,09:28:27
2909,2100,6108900,09:28:27
2910,500,1455000,09:28:27
2914,100,291400,09:28:27
2912,600,1747200,09:28:27
2913,200,582600,09:28:27
2913,500,1456500,09:28:27
2914,100,291400,09:28:27
2915,8300,24194500,09:28:27
2915,100,291500,09:28:27
2915,100,291500,09:28:27
2915,400,1166000,09:28:27
2915,100,291500,09:28:27
2915,200,583000,09:28:27
2915,200,583000,09:28:27
2915,200,583000,09:28:27
2915,400,1166000,09:28:27
2915,200,583000,09:28:26
2916,100,291600,09:28:26
2915,300,874500,09:28:26
2915,100,291500,09:28:26
2915,100,291500,09:28:26
2916,100,291600,09:28:26
2916,100,291600,09:28:26
2916,100,291600,09:28:26
2917,100,291700,09:28:26
2918,600,1750800,09:28:25
2917,100,291700,09:28:25
2917,500,1458500,09:28:25
2917,100,291700,09:28:25
2917,100,291700,09:28:25
2917,200,583400,09:28:25
2918,100,291800,09:28:25
2916,100,291600,09:28:25
2916,300,874800,09:28:25
2917,400,1166800,09:28:25
2917,100,291700,09:28:25
2918,100,291800,09:28:25
2917,100,291700,09:28:25
2917,100,291700,09:28:25
2917,100,291700,09:28:25
2917,200,583400,09:28:24
2918,200,583600,09:28:24
2919,100,291900,09:28:24
2919,100,291900,09:28:24
2920,600,1752000,09:28:24
2918,100,291800,09:28:24
2919,300,875700,09:28:24
2919,100,291900,09:28:24
2920,500,1460000,09:28:24
2920,300,876000,09:28:24
2920,100,292000,09:28:24
2920,100,292000,09:28:24
2921,300,876300,09:28:24
2922,300,876600,09:28:24
2923,300,876900,09:28:24
2924,300,877200,09:28:24
2925,1800,5265000,09:28:24
2927,100,292700,09:28:23
2925,200,585000,09:28:23
2925,300,877500,09:28:23
2925,300,877500,09:28:22
2926,400,1170400,09:28:22
2927,100,292700,09:28:22
2927,100,292700,09:28:22
2926,100,292600,09:28:22
2927,100,292700,09:28:22
2926,100,292600,09:28:22
2926,600,1755600,09:28:22
2927,100,292700,09:28:22
2927,100,292700,09:28:22
2926,100,292600,09:28:22
2926,100,292600,09:28:21
2926,100,292600,09:28:21
2928,500,1464000,09:28:21
2928,100,292800,09:28:21
2926,100,292600,09:28:21
2928,200,585600,09:28:21
2926,300,877800,09:28:21
2926,100,292600,09:28:21
2928,100,292800,09:28:21
2926,100,292600,09:28:21
2927,100,292700,09:28:20
2927,100,292700,09:28:20
2927,100,292700,09:28:20
2928,100,292800,09:28:20
2927,100,292700,09:28:20
2928,100,292800,09:28:20
2928,100,292800,09:28:20
2927,100,292700,09:28:20
2926,700,2048200,09:28:20
2927,300,878100,09:28:20
2927,200,585400,09:28:20
2928,100,292800,09:28:20
2928,100,292800,09:28:20
2928,200,585600,09:28:20
2928,100,292800,09:28:20
2930,300,879000,09:28:20
2929,100,292900,09:28:20
2928,100,292800,09:28:20
2927,100,292700,09:28:20
2927,200,585400,09:28:20
2927,300,878100,09:28:19
2928,100,292800,09:28:19
2928,100,292800,09:28:19
2927,100,292700,09:28:19
2927,100,292700,09:28:19
2927,100,292700,09:28:19
2928,200,585600,09:28:19
2928,100,292800,09:28:19
2929,100,292900,09:28:19
2927,100,292700,09:28:19
2927,100,292700,09:28:19
2926,100,292600,09:28:19
2927,100,292700,09:28:19
2929,100,292900,09:28:19
2929,100,292900,09:28:19
2930,100,293000,09:28:19
2925,200,585000,09:28:19
2926,2400,7022400,09:28:19
2927,800,2341600,09:28:19
2928,800,2342400,09:28:19
2929,800,2343200,09:28:19
2930,300,879000,09:28:19
2931,100,293100,09:28:19
2930,600,1758000,09:28:19
2931,300,879300,09:28:19
2931,100,293100,09:28:19
2931,100,293100,09:28:19
2931,200,586200,09:28:19
2931,100,293100,09:28:19
2931,100,293100,09:28:19
2929,300,878700,09:28:19
2930,900,2637000,09:28:19
2930,600,1758000,09:28:19
2931,600,1758600,09:28:19
2933,200,586600,09:28:18
2931,100,293100,09:28:18
2932,300,879600,09:28:18
2932,100,293200,09:28:18
2932,100,293200,09:28:18
2933,200,586600,09:28:18
2933,100,293300,09:28:18
2933,100,293300,09:28:18
2933,600,1759800,09:28:17
2933,1300,3812900,09:28:17
2934,1200,3520800,09:28:17
2935,100,293500,09:28:17
2935,500,1467500,09:28:17
2936,200,587200,09:28:17
2937,100,293700,09:28:16
2939,500,1469500,09:28:16
2935,100,293500,09:28:16
2936,600,1761600,09:28:16
2936,200,587200,09:28:15
2935,300,880500,09:28:15
2936,300,880800,09:28:15
2937,200,587400,09:28:15
2937,100,293700,09:28:15
2939,100,293900,09:28:15
2939,300,881700,09:28:15
2939,100,293900,09:28:15
2938,100,293800,09:28:15
2937,100,293700,09:28:15
2935,300,880500,09:28:15
2936,200,587200,09:28:15
2936,200,587200,09:28:14
2936,100,293600,09:28:14
2936,600,1761600,09:28:14
2936,200,587200,09:28:14
2937,100,293700,09:28:14
2938,100,293800,09:28:14
2938,200,587600,09:28:14
2937,900,2643300,09:28:14
2935,1100,3228500,09:28:13
2936,700,2055200,09:28:13
2938,100,293800,09:28:13
2938,100,293800,09:28:13
2941,100,294100,09:28:13
2940,200,588000,09:28:12
2939,100,293900,09:28:12
2939,100,293900,09:28:12
2940,100,294000,09:28:12
2940,200,588000,09:28:11
2939,100,293900,09:28:11
2939,100,293900,09:28:11
2938,300,881400,09:28:11
2938,300,881400,09:28:11
2939,200,587800,09:28:11
2938,600,1762800,09:28:11
2937,100,293700,09:28:11
2937,100,293700,09:28:11
2937,100,293700,09:28:11
2937,100,293700,09:28:11
2937,100,293700,09:28:11
2937,100,293700,09:28:11
2937,100,293700,09:28:11
2938,100,293800,09:28:11
2937,100,293700,09:28:11
2940,600,1764000,09:28:11
2939,300,881700,09:28:11
2938,100,293800,09:28:11
2938,200,587600,09:28:11
2937,100,293700,09:28:11
2936,600,1761600,09:28:11
2937,100,293700,09:28:11
2938,200,587600,09:28:11
2937,100,293700,09:28:11
2937,100,293700,09:28:11
2937,100,293700,09:28:11
2938,100,293800,09:28:10
2938,100,293800,09:28:10
2939,100,293900,09:28:10
2940,100,294000,09:28:09
2939,100,293900,09:28:09
2940,300,882000,09:28:09
2940,300,882000,09:28:09
2941,100,294100,09:28:08
2940,400,1176000,09:28:08
2941,100,294100,09:28:08
2940,100,294000,09:28:08
2941,200,588200,09:28:08
2940,200,588000,09:28:08
2939,100,293900,09:28:08
2939,200,587800,09:28:08
2940,100,294000,09:28:07
2940,100,294000,09:28:07
2940,300,882000,09:28:07
2939,400,1175600,09:28:07
2938,200,587600,09:28:07
2937,100,293700,09:28:07
2936,300,880800,09:28:07
2937,200,587400,09:28:07
2936,500,1468000,09:28:07
2936,100,293600,09:28:07
2935,100,293500,09:28:07
2936,100,293600,09:28:07
2936,100,293600,09:28:07
2936,100,293600,09:28:07
2936,100,293600,09:28:07
2936,100,293600,09:28:07
2938,100,293800,09:28:07
2937,100,293700,09:28:07
2935,500,1467500,09:28:07
2936,200,587200,09:28:07
2935,200,587000,09:28:06
2936,200,587200,09:28:06
2937,200,587400,09:28:06
2936,100,293600,09:28:06
2937,300,881100,09:28:06
2936,500,1468000,09:28:06
2937,1000,2937000,09:28:06
2938,100,293800,09:28:06
2941,1600,4705600,09:28:06
2940,900,2646000,09:28:06
2939,300,881700,09:28:06
2941,400,1176400,09:28:05
2940,100,294000,09:28:05
2941,100,294100,09:28:05
2940,400,1176000,09:28:05
2939,400,1175600,09:28:05
2937,100,293700,09:28:05
2936,400,1174400,09:28:05
2937,600,1762200,09:28:05
2939,100,293900,09:28:05
2939,100,293900,09:28:05
2938,100,293800,09:28:05
2939,100,293900,09:28:05
2940,200,588000,09:28:05
2938,100,293800,09:28:04
2939,100,293900,09:28:04
2938,100,293800,09:28:04
2939,400,1175600,09:28:04
2941,1500,4411500,09:28:04
2941,300,882300,09:28:04
2941,100,294100,09:28:04
2941,100,294100,09:28:04
2939,200,587800,09:28:03
2940,200,588000,09:28:03
2938,400,1175200,09:28:03
2939,1300,3820700,09:28:03
2940,600,1764000,09:28:03
2941,200,588200,09:28:03
2940,100,294000,09:28:03
2940,100,294000,09:28:02
2940,100,294000,09:28:02
2939,100,293900,09:28:02
2940,100,294000,09:28:02
2939,700,2057300,09:28:02
2936,100,293600,09:28:02
2935,100,293500,09:28:02
2934,100,293400,09:28:02
2938,100,293800,09:28:01
2937,200,587400,09:28:01
2937,400,1174800,09:28:01
2936,100,293600,09:28:01
2934,700,2053800,09:28:01
2935,1900,5576500,09:28:01
2936,3300,9688800,09:28:01
2937,1400,4111800,09:28:01
2938,1400,4113200,09:28:01
2939,800,2351200,09:28:01
2940,500,1470000,09:28:01
2939,100,293900,09:28:00
2941,1900,5587900,09:28:00
2941,800,2352800,09:28:00
2941,800,2352800,09:28:00
2941,800,2352800,09:28:00
2941,800,2352800,09:28:00
2940,200,588000,09:27:59
2944,400,1177600,09:27:58
2943,200,588600,09:27:58
2942,300,882600,09:27:58
2941,100,294100,09:27:58
2941,100,294100,09:27:58
2940,100,294000,09:27:58
2940,100,294000,09:27:58
2941,100,294100,09:27:57
2940,200,588000,09:27:57
2942,100,294200,09:27:57
2942,100,294200,09:27:57
2940,800,2352000,09:27:57
2941,200,588200,09:27:56
2941,100,294100,09:27:56
2944,100,294400,09:27:56
2943,400,1177200,09:27:56
2940,100,294000,09:27:56
2942,100,294200,09:27:56
2940,100,294000,09:27:56
2942,100,294200,09:27:55
2942,100,294200,09:27:55
2941,400,1176400,09:27:55
2941,100,294100,09:27:55
2944,100,294400,09:27:55
2943,400,1177200,09:27:55
2943,500,1471500,09:27:55
2944,200,588800,09:27:54
2943,300,882900,09:27:54
2943,100,294300,09:27:54
2942,100,294200,09:27:54
2942,300,882600,09:27:54
2941,100,294100,09:27:54
2941,200,588200,09:27:54
2938,200,587600,09:27:54
2939,700,2057300,09:27:54
2940,100,294000,09:27:54
2941,100,294100,09:27:54
2942,200,588400,09:27:54
2942,300,882600,09:27:54
2944,200,588800,09:27:54
2941,300,882300,09:27:53
2944,200,588800,09:27:53
2943,600,1765800,09:27:53
2942,100,294200,09:27:53
2942,100,294200,09:27:53
2943,400,1177200,09:27:53
2941,100,294100,09:27:53
2942,200,588400,09:27:53
2943,100,294300,09:27:53
2944,100,294400,09:27:53
2943,100,294300,09:27:53
2943,100,294300,09:27:53
2944,100,294400,09:27:52
2943,100,294300,09:27:52
2942,300,882600,09:27:52
2943,100,294300,09:27:52
2942,100,294200,09:27:52
2941,200,588200,09:27:52
2942,200,588400,09:27:52
2940,100,294000,09:27:52
2941,300,882300,09:27:52
2940,400,1176000,09:27:52
2941,100,294100,09:27:52
2941,100,294100,09:27:52
2941,100,294100,09:27:52
2941,100,294100,09:27:52
2941,100,294100,09:27:52
2943,500,1471500,09:27:52
2943,100,294300,09:27:52
2942,400,1176800,09:27:52
2941,700,2058700,09:27:52
2940,3400,9996000,09:27:52
2939,2000,5878000,09:27:52
2939,300,881700,09:27:52
2938,500,1469000,09:27:52
2937,5200,15272400,09:27:52
2936,400,1174400,09:27:52
2935,100,293500,09:27:52
2935,500,1467500,09:27:52
2933,100,293300,09:27:52
2935,100,293500,09:27:52
2935,100,293500,09:27:52
2935,100,293500,09:27:52
2935,100,293500,09:27:52
2935,400,1174000,09:27:52
2934,100,293400,09:27:52
2934,100,293400,09:27:52
2934,100,293400,09:27:52
2934,100,293400,09:27:51
2933,400,1173200,09:27:51
2933,500,1466500,09:27:51
2933,500,1466500,09:27:51
2933,100,293300,09:27:51
2932,400,1172800,09:27:51
2932,100,293200,09:27:51
2931,400,1172400,09:27:51
2930,600,1758000,09:27:51
2930,500,1465000,09:27:51
2930,5000,14650000,09:27:51
2930,1800,5274000,09:27:51
2929,1400,4100600,09:27:51
2928,1100,3220800,09:27:51
2927,1200,3512400,09:27:51
2926,300,877800,09:27:51
2925,100,292500,09:27:51
2924,100,292400,09:27:50
2925,100,292500,09:27:50
2925,600,1755000,09:27:50
2925,100,292500,09:27:50
2925,100,292500,09:27:50
2923,100,292300,09:27:49
2924,1000,2924000,09:27:49
2925,300,877500,09:27:49
2925,200,585000,09:27:49
2925,100,292500,09:27:48
2928,100,292800,09:27:47
2928,100,292800,09:27:47
2927,300,878100,09:27:47
2927,200,585400,09:27:47
2925,100,292500,09:27:47
2928,200,585600,09:27:47
2930,100,293000,09:27:47
2929,600,1757400,09:27:47
2928,300,878400,09:27:47
2927,100,292700,09:27:47
2927,100,292700,09:27:46
2926,300,877800,09:27:46
2925,100,292500,09:27:46
2924,100,292400,09:27:46
2924,100,292400,09:27:46
2925,700,2047500,09:27:46
2925,100,292500,09:27:46
2927,100,292700,09:27:46
2926,200,585200,09:27:46
2926,300,877800,09:27:45
2927,100,292700,09:27:45
2929,100,292900,09:27:45
2928,100,292800,09:27:45
2926,700,2048200,09:27:45
2927,300,878100,09:27:45
2930,300,879000,09:27:44
2929,200,585800,09:27:44
2929,600,1757400,09:27:44
2928,300,878400,09:27:44
2927,200,585400,09:27:44
2927,100,292700,09:27:44
2926,300,877800,09:27:43
2925,700,2047500,09:27:43
2924,300,877200,09:27:43
2922,200,584400,09:27:42
2924,100,292400,09:27:42
2925,100,292500,09:27:42
2923,100,292300,09:27:42
2922,200,584400,09:27:42
2921,500,1460500,09:27:42
2921,100,292100,09:27:42
2922,200,584400,09:27:42
2922,100,292200,09:27:42
2922,100,292200,09:27:42
2922,300,876600,09:27:42
2922,200,584400,09:27:42
2922,100,292200,09:27:42
2922,100,292200,09:27:41
2924,100,292400,09:27:41
2923,200,584600,09:27:41
2922,100,292200,09:27:41
2923,700,2046100,09:27:41
2923,200,584600,09:27:41
2924,400,1169600,09:27:41
2924,100,292400,09:27:41
2925,900,2632500,09:27:41
2927,100,292700,09:27:41
2926,100,292600,09:27:41
2927,100,292700,09:27:41
2926,100,292600,09:27:41
2926,100,292600,09:27:41
2926,100,292600,09:27:41
2926,100,292600,09:27:41
2926,900,2633400,09:27:41
2928,200,585600,09:27:40
2926,100,292600,09:27:40
2927,100,292700,09:27:40
2928,100,292800,09:27:40
2927,100,292700,09:27:39
2929,400,1171600,09:27:39
2928,400,1171200,09:27:39
2928,200,585600,09:27:39
2927,200,585400,09:27:39
2926,100,292600,09:27:39
2928,100,292800,09:27:39
2928,100,292800,09:27:39
2929,100,292900,09:27:38
2927,100,292700,09:27:38
2928,100,292800,09:27:38
2928,200,585600,09:27:38
2929,300,878700,09:27:38
2928,100,292800,09:27:38
2928,300,878400,09:27:37
2930,100,293000,09:27:37
2928,100,292800,09:27:37
2930,200,586000,09:27:37
2929,200,585800,09:27:37
2930,100,293000,09:27:37
2929,400,1171600,09:27:37
2929,100,292900,09:27:37
2929,100,292900,09:27:37
2928,100,292800,09:27:37
2928,200,585600,09:27:37
2929,100,292900,09:27:37
2929,300,878700,09:27:37
2927,100,292700,09:27:37
2927,100,292700,09:27:36
2928,100,292800,09:27:36
2930,800,2344000,09:27:36
2929,1000,2929000,09:27:36
2929,1300,3807700,09:27:36
2928,500,1464000,09:27:36
2928,400,1171200,09:27:36
2927,100,292700,09:27:36
2925,100,292500,09:27:36
2926,200,585200,09:27:36
2927,100,292700,09:27:36
2927,100,292700,09:27:36
2927,100,292700,09:27:36
2926,100,292600,09:27:36
2927,300,878100,09:27:36
2927,100,292700,09:27:35
2925,200,585000,09:27:35
2925,600,1755000,09:27:35
2926,300,877800,09:27:35
2927,100,292700,09:27:35
2927,400,1170800,09:27:35
2927,500,1463500,09:27:35
2927,500,1463500,09:27:35
2926,1100,3218600,09:27:35
2927,400,1170800,09:27:34
2926,100,292600,09:27:34
2926,100,292600,09:27:34
2926,200,585200,09:27:34
2925,100,292500,09:27:34
2924,100,292400,09:27:34
2923,200,584600,09:27:34
2924,200,584800,09:27:34
2926,100,292600,09:27:34
2926,100,292600,09:27:34
2925,100,292500,09:27:34
2926,200,585200,09:27:34
2926,200,585200,09:27:33
2925,300,877500,09:27:33
2926,400,1170400,09:27:33
2926,100,292600,09:27:33
2925,1400,4095000,09:27:33
2924,100,292400,09:27:33
2925,100,292500,09:27:33
2924,200,584800,09:27:33
2925,100,292500,09:27:33
2924,400,1169600,09:27:33
2922,100,292200,09:27:32
2924,100,292400,09:27:32
2922,100,292200,09:27:32
2923,400,1169200,09:27:32
2925,200,585000,09:27:32
2925,100,292500,09:27:32
2924,1100,3216400,09:27:32
2921,100,292100,09:27:31
2922,200,584400,09:27:31
2921,600,1752600,09:27:31
2922,100,292200,09:27:31
2922,100,292200,09:27:31
2924,300,877200,09:27:31
2922,100,292200,09:27:30
2923,100,292300,09:27:30
2923,1300,3799900,09:27:30
2922,200,584400,09:27:30
2922,300,876600,09:27:30
2922,500,1461000,09:27:30
2921,500,1460500,09:27:30
2920,12600,36792000,09:27:30
2920,2800,8176000,09:27:30
2919,1800,5254200,09:27:30
2918,100,291800,09:27:30
2918,100,291800,09:27:30
2915,100,291500,09:27:28
2916,100,291600,09:27:28
2919,400,1167600,09:27:28
2917,700,2041900,09:27:28
2918,300,875400,09:27:27
2916,300,874800,09:27:27
2917,200,583400,09:27:27
2916,100,291600,09:27:27
2915,100,291500,09:27:27
2918,100,291800,09:27:27
2917,200,583400,09:27:27
2917,100,291700,09:27:26
2916,700,2041200,09:27:26
2915,200,583000,09:27:26
2915,100,291500,09:27:26
2914,100,291400,09:27:26
2915,100,291500,09:27:26
2914,300,874200,09:27:26
2915,300,874500,09:27:26
2915,100,291500,09:27:26
2915,100,291500,09:27:26
2915,2400,6996000,09:27:26
2914,800,2331200,09:27:26
2913,100,291300,09:27:26
2912,1800,5241600,09:27:26
2911,1000,2911000,09:27:26
2910,600,1746000,09:27:26
2909,100,290900,09:27:26
2909,100,290900,09:27:26
2911,400,1164400,09:27:26
2910,600,1746000,09:27:26
2909,100,290900,09:27:25
2909,100,290900,09:27:25
2908,100,290800,09:27:25
2908,400,1163200,09:27:25
2908,1900,5525200,09:27:25
2909,1300,3781700,09:27:25
2910,3000,8730000,09:27:25
2912,400,1164800,09:27:25
2911,300,873300,09:27:25
2911,300,873300,09:27:25
2911,200,582200,09:27:25
2911,100,291100,09:27:25
2911,100,291100,09:27:24
2911,100,291100,09:27:24
2911,200,582200,09:27:24
2910,900,2619000,09:27:23
2911,900,2619900,09:27:23
2913,100,291300,09:27:23
2913,200,582600,09:27:23
2912,300,873600,09:27:23
2911,100,291100,09:27:22
2911,400,1164400,09:27:22
2911,100,291100,09:27:22
2910,100,291000,09:27:21
2911,100,291100,09:27:20
2910,100,291000,09:27:20
2910,300,873000,09:27:20
2910,200,582000,09:27:19
2911,100,291100,09:27:19
2911,200,582200,09:27:19
2911,100,291100,09:27:18
2912,100,291200,09:27:18
2911,100,291100,09:27:18
2912,100,291200,09:27:18
2910,100,291000,09:27:18
2911,100,291100,09:27:18
2910,100,291000,09:27:18
2912,100,291200,09:27:18
2911,500,1455500,09:27:18
2912,300,873600,09:27:18
2913,100,291300,09:27:18
2913,100,291300,09:27:18
2912,100,291200,09:27:18
2911,1300,3784300,09:27:18
2909,200,581800,09:27:18
2910,300,873000,09:27:18
2912,100,291200,09:27:17
2911,100,291100,09:27:17
2910,200,582000,09:27:17
2910,300,873000,09:27:17
2913,100,291300,09:27:17
2912,500,1456000,09:27:17
2911,100,291100,09:27:17
2911,200,582200,09:27:17
2909,100,290900,09:27:17
2910,300,873000,09:27:16
2910,100,291000,09:27:16
2912,200,582400,09:27:16
2909,200,581800,09:27:16
2910,100,291000,09:27:15
2910,300,873000,09:27:15
2911,100,291100,09:27:15
2912,100,291200,09:27:15
2912,200,582400,09:27:14
2913,300,873900,09:27:14
2913,200,582600,09:27:14
2911,200,582200,09:27:14
2909,500,1454500,09:27:14
2911,100,291100,09:27:14
2911,100,291100,09:27:14
2911,100,291100,09:27:14
2911,100,291100,09:27:14
2913,100,291300,09:27:14
2913,300,873900,09:27:14
2915,1600,4664000,09:27:14
2914,1200,3496800,09:27:14
2913,100,291300,09:27:14
2912,500,1456000,09:27:14
2912,100,291200,09:27:14
2911,100,291100,09:27:13
2912,100,291200,09:27:12
2910,1600,4656000,09:27:12
2910,200,582000,09:27:12
2910,200,582000,09:27:12
2910,100,291000,09:27:12
2911,100,291100,09:27:12
2911,400,1164400,09:27:12
2913,900,2621700,09:27:12
2912,200,582400,09:27:12
2911,100,291100,09:27:12
2910,1300,3783000,09:27:12
2909,100,290900,09:27:12
2908,700,2035600,09:27:12
2906,400,1162400,09:27:12
2908,200,581600,09:27:12
2907,100,290700,09:27:12
2907,100,290700,09:27:12
2908,300,872400,09:27:12
2908,400,1163200,09:27:12
2908,100,290800,09:27:11
2908,100,290800,09:27:11
2909,200,581800,09:27:11
2910,200,582000,09:27:11
2911,100,291100,09:27:10
2910,100,291000,09:27:10
2911,100,291100,09:27:10
2911,300,873300,09:27:10
2910,100,291000,09:27:10
2912,200,582400,09:27:09
2911,300,873300,09:27:09
2912,100,291200,09:27:09
2911,300,873300,09:27:09
2911,100,291100,09:27:09
2911,100,291100,09:27:09
2911,100,291100,09:27:09
2911,100,291100,09:27:09
2910,100,291000,09:27:09
2911,100,291100,09:27:09
2911,100,291100,09:27:09
2911,300,873300,09:27:09
2911,100,291100,09:27:08
2912,400,1164800,09:27:08
2911,200,582200,09:27:08
2911,200,582200,09:27:08
2910,300,873000,09:27:08
2912,100,291200,09:27:08
2912,200,582400,09:27:08
2909,100,290900,09:27:07
2911,700,2037700,09:27:07
2909,100,290900,09:27:07
2910,300,873000,09:27:07
2909,100,290900,09:27:07
2909,200,581800,09:27:07
2910,200,582000,09:27:07
2909,100,290900,09:27:07
2911,800,2328800,09:27:07
2911,100,291100,09:27:07
2911,200,582200,09:27:07
2910,5000,14550000,09:27:07
2909,100,290900,09:27:07
2909,1500,4363500,09:27:07
2908,500,1454000,09:27:07
2907,600,1744200,09:27:07
2906,1500,4359000,09:27:07
2905,900,2614500,09:27:07
2904,100,290400,09:27:07
2903,100,290300,09:27:07
2906,300,871800,09:27:07
2905,1200,3486000,09:27:07
2904,300,871200,09:27:07
2902,100,290200,09:27:07
2903,100,290300,09:27:07
2902,200,580400,09:27:07
2902,200,580400,09:27:07
2901,100,290100,09:27:07
2901,100,290100,09:27:07
2903,100,290300,09:27:06
2901,300,870300,09:27:06
2901,100,290100,09:27:06
2901,100,290100,09:27:06
2902,300,870600,09:27:06
2905,700,2033500,09:27:06
2904,700,2032800,09:27:06
2903,400,1161200,09:27:06
2901,100,290100,09:27:06
2901,100,290100,09:27:06
2901,100,290100,09:27:06
2901,100,290100,09:27:06
2902,100,290200,09:27:06
2902,100,290200,09:27:06
2902,100,290200,09:27:06
2903,300,870900,09:27:05
2904,200,580800,09:27:05
2906,200,581200,09:27:05
2905,300,871500,09:27:05
2904,400,1161600,09:27:05
2903,1600,4644800,09:27:05
2902,500,1451000,09:27:05
2900,200,580000,09:27:05
2901,100,290100,09:27:05
2902,100,290200,09:27:05
2902,300,870600,09:27:05
2903,400,1161200,09:27:05
2904,800,2323200,09:27:05
2905,5700,16558500,09:27:05
2907,100,290700,09:27:05
2907,200,581400,09:27:05
2905,200,581000,09:27:04
2906,300,871800,09:27:04
2906,500,1453000,09:27:04
2906,100,290600,09:27:04
2906,500,1453000,09:27:04
2906,500,1453000,09:27:04
2906,500,1453000,09:27:04
2906,100,290600,09:27:04
2907,100,290700,09:27:04
2906,300,871800,09:27:03
2907,200,581400,09:27:02
2906,200,581200,09:27:02
2908,100,290800,09:27:02
2906,900,2615400,09:27:02
2908,100,290800,09:27:01
2909,100,290900,09:27:01
2908,100,290800,09:27:01
2906,100,290600,09:27:01
2906,100,290600,09:27:01
2907,100,290700,09:27:01
2908,300,872400,09:27:01
2909,300,872700,09:27:01
2908,100,290800,09:27:00
2908,500,1454000,09:27:00
2907,100,290700,09:27:00
2905,200,581000,09:27:00
2907,200,581400,09:27:00
2907,300,872100,09:27:00
2906,200,581200,09:27:00
2907,100,290700,09:27:00
2907,400,1162800,09:27:00
2906,200,581200,09:27:00
2905,300,871500,09:27:00
2905,100,290500,09:27:00
2904,100,290400,09:27:00
2903,200,580600,09:26:59
2904,300,871200,09:26:59
2906,100,290600,09:26:59
2905,100,290500,09:26:59
2905,400,1162000,09:26:59
2907,200,581400,09:26:59
2905,100,290500,09:26:59
2906,100,290600,09:26:59
2906,200,581200,09:26:59
2906,200,581200,09:26:59
2906,100,290600,09:26:59
2907,800,2325600,09:26:59
2908,700,2035600,09:26:59
2909,100,290900,09:26:59
2909,500,1454500,09:26:59
2908,100,290800,09:26:59
2907,400,1162800,09:26:59
2907,100,290700,09:26:58
2906,100,290600,09:26:58
2905,100,290500,09:26:58
2906,100,290600,09:26:58
2906,100,290600,09:26:58
2906,100,290600,09:26:57
2905,200,581000,09:26:57
2905,200,581000,09:26:57
2905,100,290500,09:26:57
2905,300,871500,09:26:57
2905,100,290500,09:26:57
2904,100,290400,09:26:56
2906,200,581200,09:26:56
2905,200,581000,09:26:56
2905,100,290500,09:26:56
2905,100,290500,09:26:56
2905,400,1162000,09:26:55
2905,100,290500,09:26:55
2907,200,581400,09:26:55
2906,100,290600,09:26:55
2905,600,1743000,09:26:55
2907,100,290700,09:26:55
2906,900,2615400,09:26:55
2905,700,2033500,09:26:55
2904,400,1161600,09:26:55
2904,100,290400,09:26:55
2905,100,290500,09:26:54
2905,800,2324000,09:26:54
2904,100,290400,09:26:54
2903,100,290300,09:26:54
2905,200,581000,09:26:54
2904,200,580800,09:26:54
2904,100,290400,09:26:54
2903,300,870900,09:26:53
2905,400,1162000,09:26:53
2905,200,581000,09:26:53
2903,100,290300,09:26:53
2903,100,290300,09:26:53
2902,100,290200,09:26:53
2901,900,2610900,09:26:53
2902,300,870600,09:26:53
2903,100,290300,09:26:53
2904,100,290400,09:26:53
2903,100,290300,09:26:53
2904,900,2613600,09:26:53
2905,100,290500,09:26:53
2905,300,871500,09:26:53
2904,200,580800,09:26:53
2904,200,580800,09:26:53
2902,500,1451000,09:26:53
2905,100,290500,09:26:52
2903,100,290300,09:26:52
2904,100,290400,09:26:52
2904,200,580800,09:26:52
2905,100,290500,09:26:52
2905,200,581000,09:26:52
2903,200,580600,09:26:52
2903,100,290300,09:26:52
2903,100,290300,09:26:52
2903,100,290300,09:26:52
2903,100,290300,09:26:52
2902,100,290200,09:26:52
2902,100,290200,09:26:52
2903,100,290300,09:26:52
2903,100,290300,09:26:52
2903,100,290300,09:26:52
2903,100,290300,09:26:51
2905,100,290500,09:26:51
2903,100,290300,09:26:51
2905,200,581000,09:26:51
2906,100,290600,09:26:51
2906,100,290600,09:26:51
2906,100,290600,09:26:51
2905,400,1162000,09:26:51
2905,100,290500,09:26:51
2905,200,581000,09:26:51
2905,100,290500,09:26:51
2903,300,870900,09:26:51
2905,100,290500,09:26:51
2904,100,290400,09:26:51
2904,100,290400,09:26:51
2904,400,1161600,09:26:51
2905,100,290500,09:26:51
2904,200,580800,09:26:51
2902,1800,5223600,09:26:51
2903,1000,2903000,09:26:51
2904,700,2032800,09:26:51
2905,900,2614500,09:26:51
2906,600,1743600,09:26:51
2906,100,290600,09:26:50
2908,100,290800,09:26:50
2906,400,1162400,09:26:50
2909,1200,3490800,09:26:50
2909,1400,4072600,09:26:50
2908,500,1454000,09:26:50
2907,100,290700,09:26:50
2907,200,581400,09:26:50
2906,100,290600,09:26:49
2907,100,290700,09:26:49
2906,100,290600,09:26:49
2906,400,1162400,09:26:49
2906,100,290600,09:26:49
2904,100,290400,09:26:49
2906,100,290600,09:26:49
2904,100,290400,09:26:48
2904,100,290400,09:26:48
2903,100,290300,09:26:48
2906,300,871800,09:26:48
2905,200,581000,09:26:48
2903,100,290300,09:26:48
2904,100,290400,09:26:48
2904,100,290400,09:26:48
2906,100,290600,09:26:48
2905,100,290500,09:26:48
2905,200,581000,09:26:48
2904,200,580800,09:26:48
2902,300,870600,09:26:48
2903,100,290300,09:26:47
2903,200,580600,09:26:47
2903,100,290300,09:26:47
2902,100,290200,09:26:47
2903,100,290300,09:26:47
2903,100,290300,09:26:47
2903,100,290300,09:26:47
2903,100,290300,09:26:47
2904,100,290400,09:26:47
2903,100,290300,09:26:47
2903,100,290300,09:26:47
2903,100,290300,09:26:47
2903,100,290300,09:26:47
2903,100,290300,09:26:47
2903,100,290300,09:26:47
2906,200,581200,09:26:47
2905,800,2324000,09:26:47
2904,100,290400,09:26:47
2903,500,1451500,09:26:47
2902,100,290200,09:26:47
2902,100,290200,09:26:47
2901,300,870300,09:26:47
2900,14300,41470000,09:26:47
2899,700,2029300,09:26:47
2898,600,1738800,09:26:47
2897,100,289700,09:26:47
2896,100,289600,09:26:47
2896,100,289600,09:26:47
2896,200,579200,09:26:47
2897,200,579400,09:26:47
2896,200,579200,09:26:46
2896,100,289600,09:26:46
2894,100,289400,09:26:46
2894,100,289400,09:26:46
2894,200,578800,09:26:46
2896,100,289600,09:26:46
2895,400,1158000,09:26:46
2896,200,579200,09:26:46
2895,100,289500,09:26:46
2894,100,289400,09:26:45
2896,300,868800,09:26:45
2895,500,1447500,09:26:45
2893,400,1157200,09:26:45
2894,600,1736400,09:26:45
2894,100,289400,09:26:44
2895,100,289500,09:26:44
2893,100,289300,09:26:44
2895,300,868500,09:26:44
2895,400,1158000,09:26:44
2894,100,289400,09:26:44
2893,300,867900,09:26:44
2894,400,1157600,09:26:44
2892,300,867600,09:26:44
2892,200,578400,09:26:44
2893,100,289300,09:26:44
2894,500,1447000,09:26:44
2893,300,867900,09:26:44
2892,100,289200,09:26:43
2892,100,289200,09:26:43
2894,100,289400,09:26:43
2894,400,1157600,09:26:43
2892,100,289200,09:26:43
2892,100,289200,09:26:43
2892,400,1156800,09:26:43
2893,4300,12439900,09:26:43
2895,100,289500,09:26:43
2894,600,1736400,09:26:42
2896,100,289600,09:26:42
2895,100,289500,09:26:42
2895,200,579000,09:26:42
2896,100,289600,09:26:42
2898,200,579600,09:26:42
2897,100,289700,09:26:42
2895,100,289500,09:26:42
2895,200,579000,09:26:42
2896,100,289600,09:26:42
2896,100,289600,09:26:42
2897,100,289700,09:26:42
2899,500,1449500,09:26:41
2898,600,1738800,09:26:41
2897,400,1158800,09:26:41
2896,100,289600,09:26:41
2895,100,289500,09:26:41
2895,100,289500,09:26:41
2893,200,578600,09:26:41
2896,100,289600,09:26:41
2895,100,289500,09:26:41
2895,200,579000,09:26:40
2895,200,579000,09:26:40
2894,100,289400,09:26:40
2896,100,289600,09:26:40
2893,100,289300,09:26:40
2895,500,1447500,09:26:40
2895,100,289500,09:26:40
2895,600,1737000,09:26:39
2892,100,289200,09:26:39
2894,300,868200,09:26:39
2893,700,2025100,09:26:39
2893,300,867900,09:26:39
2892,200,578400,09:26:39
2892,500,1446000,09:26:39
2891,400,1156400,09:26:39
2890,100,289000,09:26:39
2890,100,289000,09:26:39
2892,100,289200,09:26:39
2890,100,289000,09:26:39
2891,200,578200,09:26:39
2890,100,289000,09:26:38
2889,300,866700,09:26:38
2888,400,1155200,09:26:38
2890,100,289000,09:26:38
2890,100,289000,09:26:38
2890,100,289000,09:26:38
2890,100,289000,09:26:38
2890,100,289000,09:26:38
2890,100,289000,09:26:38
2892,100,289200,09:26:38
2892,100,289200,09:26:38
2892,100,289200,09:26:38
2892,100,289200,09:26:38
2890,3000,8670000,09:26:38
2889,300,866700,09:26:38
2889,400,1155600,09:26:38
2889,400,1155600,09:26:38
2888,200,577600,09:26:38
2888,600,1732800,09:26:38
2887,500,1443500,09:26:38
2886,200,577200,09:26:38
2883,300,864900,09:26:38
2883,700,2018100,09:26:38
2884,400,1153600,09:26:38
2885,300,865500,09:26:37
2883,800,2306400,09:26:37
2885,200,577000,09:26:37
2884,100,288400,09:26:37
2886,100,288600,09:26:37
2885,100,288500,09:26:37
2885,100,288500,09:26:37
2886,200,577200,09:26:37
2885,300,865500,09:26:37
2883,100,288300,09:26:36
2886,100,288600,09:26:36
2884,100,288400,09:26:35
2884,100,288400,09:26:35
2887,200,577400,09:26:35
2886,700,2020200,09:26:35
2885,100,288500,09:26:35
2884,200,576800,09:26:35
2884,100,288400,09:26:35
2884,100,288400,09:26:35
2886,200,577200,09:26:35
2884,100,288400,09:26:35
2884,100,288400,09:26:34
2883,100,288300,09:26:34
2883,100,288300,09:26:34
2883,100,288300,09:26:34
2885,200,577000,09:26:34
2884,300,865200,09:26:34
2884,100,288400,09:26:34
2884,300,865200,09:26:33
2884,400,1153600,09:26:33
2883,100,288300,09:26:33
2884,500,1442000,09:26:33
2885,100,288500,09:26:33
2886,100,288600,09:26:33
2885,1200,3462000,09:26:33
2884,100,288400,09:26:33
2884,200,576800,09:26:33
2884,100,288400,09:26:33
2883,2100,6054300,09:26:33
2883,300,864900,09:26:33
2881,100,288100,09:26:33
2883,300,864900,09:26:32
2882,800,2305600,09:26:32
2881,300,864300,09:26:32
2880,9200,26496000,09:26:32
2880,200,576000,09:26:32
2879,300,863700,09:26:32
2878,100,287800,09:26:32
2880,400,1152000,09:26:32
2879,300,863700,09:26:32
2878,100,287800,09:26:31
2879,300,863700,09:26:31
2878,200,575600,09:26:31
2877,100,287700,09:26:31
2875,100,287500,09:26:31
2876,300,862800,09:26:31
2878,100,287800,09:26:31
2878,100,287800,09:26:31
2877,300,863100,09:26:31
2877,100,287700,09:26:31
2877,100,287700,09:26:31
2880,100,288000,09:26:31
2879,600,1727400,09:26:31
2878,300,863400,09:26:30
2878,200,575600,09:26:30
2877,700,2013900,09:26:30
2876,100,287600,09:26:30
2876,100,287600,09:26:30
2877,1100,3164700,09:26:30
2877,300,863100,09:26:30
2877,200,575400,09:26:30
2878,200,575600,09:26:30
2878,100,287800,09:26:30
2879,100,287900,09:26:28
2879,300,863700,09:26:28
2879,100,287900,09:26:28
2878,400,1151200,09:26:28
2876,100,287600,09:26:27
2878,300,863400,09:26:27
2877,100,287700,09:26:27
2877,100,287700,09:26:27
2875,100,287500,09:26:27
2877,100,287700,09:26:27
2876,100,287600,09:26:27
2876,100,287600,09:26:27
2876,100,287600,09:26:27
2878,500,1439000,09:26:27
2877,600,1726200,09:26:27
2879,300,863700,09:26:27
2879,200,575800,09:26:26
2879,500,1439500,09:26:26
2878,500,1439000,09:26:26
2878,500,1439000,09:26:26
2878,100,287800,09:26:26
2878,100,287800,09:26:26
2877,100,287700,09:26:26
2877,100,287700,09:26:26
2877,100,287700,09:26:26
2875,1400,4025000,09:26:26
2875,100,287500,09:26:25
2875,400,1150000,09:26:25
2875,100,287500,09:26:25
2874,100,287400,09:26:25
2875,100,287500,09:26:25
2874,200,574800,09:26:24
2873,100,287300,09:26:23
2871,100,287100,09:26:23
2872,100,287200,09:26:23
2871,100,287100,09:26:22
2870,100,287000,09:26:22
2871,300,861300,09:26:22
2870,100,287000,09:26:22
2870,100,287000,09:26:22
2870,100,287000,09:26:22
2870,100,287000,09:26:22
2870,100,287000,09:26:22
2871,100,287100,09:26:22
2870,100,287000,09:26:22
2872,1400,4020800,09:26:22
2871,100,287100,09:26:22
2872,700,2010400,09:26:22
2871,100,287100,09:26:22
2871,400,1148400,09:26:22
2871,100,287100,09:26:22
2871,600,1722600,09:26:22
2870,5200,14924000,09:26:22
2869,100,286900,09:26:22
2869,100,286900,09:26:22
2868,300,860400,09:26:21
2866,100,286600,09:26:21
2867,300,860100,09:26:21
2866,400,1146400,09:26:21
2865,100,286500,09:26:21
2866,200,573200,09:26:21
2866,500,1433000,09:26:21
2867,100,286700,09:26:21
2867,100,286700,09:26:21
2869,100,286900,09:26:21
2868,300,860400,09:26:20
2865,200,573000,09:26:20
2865,100,286500,09:26:19
2864,300,859200,09:26:19
2864,100,286400,09:26:18
2863,100,286300,09:26:18
2863,100,286300,09:26:18
2863,100,286300,09:26:18
2861,200,572200,09:26:18
2860,200,572000,09:26:18
2857,700,1999900,09:26:18
2858,1000,2858000,09:26:18
2859,600,1715400,09:26:18
2860,200,572000,09:26:18
2861,300,858300,09:26:18
2862,200,572400,09:26:17
2863,600,1717800,09:26:16
2865,100,286500,09:26:16
2864,200,572800,09:26:16
2863,200,572600,09:26:16
2863,100,286300,09:26:16
2864,100,286400,09:26:16
2867,200,573400,09:26:15
2866,200,573200,09:26:15
2867,100,286700,09:26:15
2865,200,573000,09:26:15
2867,300,860100,09:26:15
2866,400,1146400,09:26:15
2870,600,1722000,09:26:15
2869,700,2008300,09:26:15
2868,500,1434000,09:26:15
2867,200,573400,09:26:15
2866,100,286600,09:26:15
2867,1700,4873900,09:26:15
2868,100,286800,09:26:15
2869,700,2008300,09:26:15
2868,100,286800,09:26:15
2869,300,860700,09:26:15
2868,100,286800,09:26:15
2868,400,1147200,09:26:15
2868,100,286800,09:26:15
2867,400,1146800,09:26:15
2866,300,859800,09:26:15
2865,2200,6303000,09:26:14
2863,100,286300,09:26:14
2864,300,859200,09:26:14
2863,300,858900,09:26:14
2863,200,572600,09:26:14
2862,2500,7155000,09:26:14
2861,1900,5435900,09:26:14
2860,7600,21736000,09:26:14
2859,4500,12865500,09:26:14
2858,1800,5144400,09:26:14
2857,300,857100,09:26:14
2857,1300,3714100,09:26:14
2856,200,571200,09:26:14
2856,100,285600,09:26:14
2855,1000,2855000,09:26:14
2852,100,285200,09:26:13
2853,200,570600,09:26:13
2853,1700,4850100,09:26:11
2853,300,855900,09:26:11
2855,300,856500,09:26:11
2855,300,856500,09:26:10
2854,100,285400,09:26:10
2851,500,1425500,09:26:10
2852,500,1426000,09:26:10
2853,100,285300,09:26:10
2852,200,570400,09:26:10
2852,300,855600,09:26:09
2854,400,1141600,09:26:09
2853,200,570600,09:26:09
2852,600,1711200,09:26:09
2850,100,285000,09:26:07
2851,500,1425500,09:26:05
2850,700,1995000,09:26:05
2850,100,285000,09:26:05
2850,100,285000,09:26:05
2851,400,1140400,09:26:05
2850,1700,4845000,09:26:05
2849,700,1994300,09:26:05
2849,100,284900,09:26:05
2848,100,284800,09:26:05
2848,100,284800,09:26:05
2848,200,569600,09:26:05
2849,100,284900,09:26:05
2850,200,570000,09:26:03
2850,100,285000,09:26:03
2850,100,285000,09:26:03
2849,100,284900,09:26:01
2849,100,284900,09:26:01
2849,200,569800,09:26:01
2849,400,1139600,09:26:00
2847,500,1423500,09:26:00
2847,100,284700,09:25:59
2847,100,284700,09:25:59
2847,100,284700,09:25:59
2848,100,284800,09:25:59
2849,200,569800,09:25:59
2849,100,284900,09:25:59
2850,100,285000,09:25:58
2850,100,285000,09:25:58
2851,100,285100,09:25:58
2850,200,570000,09:25:57
2851,100,285100,09:25:57
2852,100,285200,09:25:56
2852,200,570400,09:25:56
2854,100,285400,09:25:56
2850,1100,3135000,09:25:56
2851,1200,3421200,09:25:56
2852,1100,3137200,09:25:56
2855,200,571000,09:25:54
2857,100,285700,09:25:54
2856,300,856800,09:25:54
2856,2100,5997600,09:25:54
2856,100,285600,09:25:54
2855,1400,3997000,09:25:54
2853,100,285300,09:25:53
2854,300,856200,09:25:53
2853,200,570600,09:25:53
2851,100,285100,09:25:52
2853,200,570600,09:25:52
2851,100,285100,09:25:51
2852,200,570400,09:25:50
2852,200,570400,09:25:50
2850,100,285000,09:25:50
2850,200,570000,09:25:50
2850,400,1140000,09:25:50
2851,100,285100,09:25:49
2850,500,1425000,09:25:48
2850,100,285000,09:25:48
2851,100,285100,09:25:46
2852,100,285200,09:25:45
2853,100,285300,09:25:45
2851,100,285100,09:25:45
2852,100,285200,09:25:45
2853,100,285300,09:25:45
2853,100,285300,09:25:45
2851,400,1140400,09:25:44
2852,600,1711200,09:25:44
2852,100,285200,09:25:44
2853,100,285300,09:25:42
2854,100,285400,09:25:41
2853,100,285300,09:25:41
2855,200,571000,09:25:41
2854,100,285400,09:25:41
2853,300,855900,09:25:41
2850,100,285000,09:25:41
2853,800,2282400,09:25:41
2852,300,855600,09:25:41
2848,300,854400,09:25:41
2854,200,570800,09:25:41
2853,2000,5706000,09:25:41
2852,1800,5133600,09:25:41
2851,600,1710600,09:25:41
2848,100,284800,09:25:41
2850,100,285000,09:25:41
2848,200,569600,09:25:41
2848,100,284800,09:25:41
2849,100,284900,09:25:41
2849,500,1424500,09:25:41
2848,100,284800,09:25:41
2845,100,284500,09:25:41
2846,1300,3699800,09:25:41
2847,800,2277600,09:25:41
2848,100,284800,09:25:41
2848,100,284800,09:25:41
2848,100,284800,09:25:40
2848,100,284800,09:25:40
2846,200,569200,09:25:40
2847,400,1138800,09:25:40
2847,100,284700,09:25:40
2848,200,569600,09:25:40
2849,100,284900,09:25:40
2849,100,284900,09:25:40
2850,1200,3420000,09:25:40
2850,100,285000,09:25:40
2851,100,285100,09:25:39
2850,100,285000,09:25:39
2850,100,285000,09:25:39
2852,100,285200,09:25:39
2851,100,285100,09:25:38
2851,100,285100,09:25:37
2851,300,855300,09:25:37
2852,100,285200,09:25:37
2851,100,285100,09:25:36
2851,100,285100,09:25:36
2852,100,285200,09:25:36
2852,600,1711200,09:25:36
2853,100,285300,09:25:35
2853,100,285300,09:25:34
2854,300,856200,09:25:34
2855,100,285500,09:25:32
2854,300,856200,09:25:32
2853,200,570600,09:25:31
2853,100,285300,09:25:31
2854,100,285400,09:25:30
2855,400,1142000,09:25:30
2855,100,285500,09:25:30
2855,100,285500,09:25:29
2853,100,285300,09:25:29
2854,500,1427000,09:25:29
2853,300,855900,09:25:29
2853,400,1141200,09:25:29
2853,100,285300,09:25:29
2853,100,285300,09:25:29
2854,200,570800,09:25:27
2855,100,285500,09:25:27
2855,300,856500,09:25:27
2855,100,285500,09:25:27
2855,400,1142000,09:25:27
2853,200,570600,09:25:26
2854,100,285400,09:25:26
2854,200,570800,09:25:26
2855,100,285500,09:25:25
2854,200,570800,09:25:25
2854,200,570800,09:25:25
2855,100,285500,09:25:23
2856,200,571200,09:25:23
2856,100,285600,09:25:23
2857,100,285700,09:25:23
2856,400,1142400,09:25:23
2855,300,856500,09:25:23
2854,300,856200,09:25:23
2854,100,285400,09:25:23
2852,100,285200,09:25:22
2855,100,285500,09:25:22
2854,100,285400,09:25:22
2854,300,856200,09:25:22
2851,300,855300,09:25:22
2852,300,855600,09:25:22
2853,500,1426500,09:25:21
2853,400,1141200,09:25:21
2855,200,571000,09:25:21
2854,100,285400,09:25:21
2853,500,1426500,09:25:20
2855,100,285500,09:25:20
2852,400,1140800,09:25:19
2853,600,1711800,09:25:19
2850,800,2280000,09:25:19
2851,1100,3136100,09:25:19
2852,1100,3137200,09:25:19
2853,500,1426500,09:25:19
2854,1600,4566400,09:25:19
2856,100,285600,09:25:19
2854,100,285400,09:25:19
2855,100,285500,09:25:18
2856,800,2284800,09:25:18
2856,100,285600,09:25:18
2856,100,285600,09:25:18
2857,300,857100,09:25:17
2857,300,857100,09:25:15
2855,200,571000,09:25:15
2855,100,285500,09:25:15
2855,600,1713000,09:25:15
2855,100,285500,09:25:15
2855,200,571000,09:25:15
2856,100,285600,09:25:15
2856,100,285600,09:25:15
2856,1700,4855200,09:25:15
2856,200,571200,09:25:15
2857,100,285700,09:25:15
2856,100,285600,09:25:15
2858,100,285800,09:25:13
2858,500,1429000,09:25:13
2857,100,285700,09:25:13
2858,100,285800,09:25:11
2857,100,285700,09:25:11
2856,100,285600,09:25:11
2857,300,857100,09:25:11
2857,100,285700,09:25:11
2856,100,285600,09:25:09
2856,200,571200,09:25:09
2856,200,571200,09:25:09
2856,100,285600,09:25:09
2856,200,571200,09:25:09
2856,100,285600,09:25:09
2856,400,1142400,09:25:09
2858,100,285800,09:25:08
2858,100,285800,09:25:08
2856,200,571200,09:25:07
2858,200,571600,09:25:07
2857,100,285700,09:25:06
2857,100,285700,09:25:06
2857,300,857100,09:25:05
2857,100,285700,09:25:04
2858,300,857400,09:25:04
2859,400,1143600,09:25:04
2859,100,285900,09:25:03
2856,200,571200,09:25:03
2857,100,285700,09:25:02
2859,100,285900,09:25:02
2859,100,285900,09:25:02
2858,400,1143200,09:25:01
2858,100,285800,09:25:01
2857,100,285700,09:25:01
2856,100,285600,09:25:00
2856,100,285600,09:25:00
2857,200,571400,09:25:00
2855,100,285500,09:24:59
2856,100,285600,09:24:58
2856,100,285600,09:24:58
2856,300,856800,09:24:57
2857,100,285700,09:24:57
2857,100,285700,09:24:57
2857,100,285700,09:24:57
2858,100,285800,09:24:57
2857,100,285700,09:24:57
2859,100,285900,09:24:56
2857,300,857100,09:24:56
2858,300,857400,09:24:55
2859,100,285900,09:24:55
2859,300,857700,09:24:55
2859,300,857700,09:24:55
2859,400,1143600,09:24:55
2858,500,1429000,09:24:55
2857,6100,17427700,09:24:55
2857,2200,6285400,09:24:55
2856,100,285600,09:24:55
2856,400,1142400,09:24:55
2855,600,1713000,09:24:55
2854,100,285400,09:24:55
2855,300,856500,09:24:54
2854,300,856200,09:24:54
2854,400,1141600,09:24:54
2851,500,1425500,09:24:53
2851,100,285100,09:24:53
2852,500,1426000,09:24:53
2851,200,570200,09:24:53
2851,100,285100,09:24:53
2851,100,285100,09:24:53
2851,100,285100,09:24:53
2850,300,855000,09:24:53
2850,300,855000,09:24:52
2850,100,285000,09:24:52
2851,100,285100,09:24:52
2853,100,285300,09:24:52
2851,100,285100,09:24:52
2851,100,285100,09:24:52
2851,100,285100,09:24:52
2852,300,855600,09:24:52
2850,100,285000,09:24:52
2850,100,285000,09:24:52
2852,700,1996400,09:24:52
2851,100,285100,09:24:51
2851,100,285100,09:24:51
2851,100,285100,09:24:51
2851,100,285100,09:24:51
2852,300,855600,09:24:51
2851,100,285100,09:24:51
2851,500,1425500,09:24:51
2852,200,570400,09:24:51
2852,100,285200,09:24:51
2854,100,285400,09:24:50
2853,200,570600,09:24:50
2853,100,285300,09:24:50
2853,100,285300,09:24:50
2853,100,285300,09:24:50
2853,400,1141200,09:24:50
2855,100,285500,09:24:49
2855,500,1427500,09:24:49
2854,200,570800,09:24:49
2854,400,1141600,09:24:49
2854,300,856200,09:24:49
2854,100,285400,09:24:49
2855,800,2284000,09:24:49
2857,100,285700,09:24:49
2857,100,285700,09:24:49
2855,200,571000,09:24:49
2857,100,285700,09:24:48
2856,100,285600,09:24:48
2856,100,285600,09:24:48
2856,300,856800,09:24:48
2857,100,285700,09:24:48
2857,300,857100,09:24:48
2858,100,285800,09:24:47
2859,100,285900,09:24:47
2856,300,856800,09:24:46
2857,600,1714200,09:24:46
2858,200,571600,09:24:46
2859,300,857700,09:24:46
2858,100,285800,09:24:46
2856,100,285600,09:24:46
2859,100,285900,09:24:46
2856,100,285600,09:24:45
2858,400,1143200,09:24:45
2857,200,571400,09:24:45
2857,100,285700,09:24:45
2858,100,285800,09:24:45
2857,300,857100,09:24:45
2857,100,285700,09:24:45
2854,1300,3710200,09:24:44
2855,800,2284000,09:24:44
2856,600,1713600,09:24:44
2857,200,571400,09:24:44
2858,100,285800,09:24:44
2857,700,1999900,09:24:44
2857,100,285700,09:24:44
2859,100,285900,09:24:43
2858,100,285800,09:24:43
2856,100,285600,09:24:43
2856,100,285600,09:24:43
2857,200,571400,09:24:43
2857,100,285700,09:24:43
2858,800,2286400,09:24:43
2857,500,1428500,09:24:43
2855,400,1142000,09:24:43
2855,200,571000,09:24:43
2856,200,571200,09:24:43
2858,100,285800,09:24:43
2857,100,285700,09:24:42
2856,500,1428000,09:24:42
2856,200,571200,09:24:42
2857,100,285700,09:24:42
2857,300,857100,09:24:42
2857,300,857100,09:24:42
2857,100,285700,09:24:41
2859,1400,4002600,09:24:40
2858,500,1429000,09:24:40
2858,100,285800,09:24:40
2858,100,285800,09:24:40
2858,100,285800,09:24:40
2858,800,2286400,09:24:40
2857,600,1714200,09:24:40
2856,100,285600,09:24:40
2856,400,1142400,09:24:40
2855,100,285500,09:24:38
2857,200,571400,09:24:38
2856,200,571200,09:24:38
2855,100,285500,09:24:37
2857,100,285700,09:24:37
2856,100,285600,09:24:37
2856,100,285600,09:24:37
2855,200,571000,09:24:37
2854,100,285400,09:24:36
2854,100,285400,09:24:36
2854,100,285400,09:24:35
2854,100,285400,09:24:35
2852,100,285200,09:24:35
2852,400,1140800,09:24:35
2854,100,285400,09:24:35
2852,100,285200,09:24:35
2850,100,285000,09:24:35
2852,100,285200,09:24:35
2852,100,285200,09:24:35
2852,100,285200,09:24:35
2853,100,285300,09:24:35
2852,100,285200,09:24:35
2852,100,285200,09:24:35
2853,700,1997100,09:24:35
2852,400,1140800,09:24:35
2852,100,285200,09:24:35
2851,100,285100,09:24:34
2852,100,285200,09:24:34
2852,800,2281600,09:24:34
2853,200,570600,09:24:34
2853,200,570600,09:24:34
2854,200,570800,09:24:34
2853,200,570600,09:24:34
2853,300,855900,09:24:34
2854,100,285400,09:24:34
2854,100,285400,09:24:34
2854,100,285400,09:24:34
2854,100,285400,09:24:34
2855,200,571000,09:24:34
2855,300,856500,09:24:34
2856,400,1142400,09:24:34
2854,200,570800,09:24:34
2856,100,285600,09:24:34
2855,100,285500,09:24:34
2855,100,285500,09:24:34
2855,100,285500,09:24:33
2855,100,285500,09:24:33
2856,900,2570400,09:24:33
2857,500,1428500,09:24:33
2858,400,1143200,09:24:33
2860,100,286000,09:24:33
2859,100,285900,09:24:33
2859,100,285900,09:24:33
2859,100,285900,09:24:33
2859,100,285900,09:24:33
2858,100,285800,09:24:32
2859,200,571800,09:24:32
2858,100,285800,09:24:32
2859,100,285900,09:24:32
2858,100,285800,09:24:32
2858,300,857400,09:24:32
2858,100,285800,09:24:32
2857,100,285700,09:24:32
2859,100,285900,09:24:31
2858,100,285800,09:24:31
2857,100,285700,09:24:30
2856,100,285600,09:24:30
2856,200,571200,09:24:30
2855,100,285500,09:24:30
2854,300,856200,09:24:29
2854,100,285400,09:24:29
2856,300,856800,09:24:29
2855,100,285500,09:24:28
2855,100,285500,09:24:28
2853,100,285300,09:24:28
2854,400,1141600,09:24:28
2856,600,1713600,09:24:28
2857,100,285700,09:24:28
2857,100,285700,09:24:28
2858,100,285800,09:24:28
2858,400,1143200,09:24:28
2856,100,285600,09:24:28
2858,100,285800,09:24:27
2857,100,285700,09:24:27
2858,800,2286400,09:24:27
2857,100,285700,09:24:27
2855,100,285500,09:24:27
2856,400,1142400,09:24:27
2855,2200,6281000,09:24:27
2853,600,1711800,09:24:27
2852,200,570400,09:24:27
2852,100,285200,09:24:27
2851,200,570200,09:24:27
2850,7400,21090000,09:24:27
2849,100,284900,09:24:27
2849,500,1424500,09:24:27
2849,100,284900,09:24:27
2848,900,2563200,09:24:27
2848,100,284800,09:24:26
2848,100,284800,09:24:25
2845,1000,2845000,09:24:25
2846,200,569200,09:24:25
2848,400,1139200,09:24:25
2846,100,284600,09:24:24
2847,100,284700,09:24:24
2847,100,284700,09:24:24
2845,100,284500,09:24:23
2847,200,569400,09:24:23
2846,200,569200,09:24:23
2845,100,284500,09:24:23
2846,500,1423000,09:24:22
2845,100,284500,09:24:22
2844,100,284400,09:24:22
2843,100,284300,09:24:21
2845,100,284500,09:24:21
2845,300,853500,09:24:21
2846,100,284600,09:24:21
2845,800,2276000,09:24:21
2845,200,569000,09:24:21
2843,400,1137200,09:24:21
2844,100,284400,09:24:21
2845,100,284500,09:24:20
2847,300,854100,09:24:20
2846,600,1707600,09:24:20
2846,100,284600,09:24:20
2845,400,1138000,09:24:20
2843,100,284300,09:24:20
2845,400,1138000,09:24:20
2844,100,284400,09:24:19
2844,600,1706400,09:24:19
2845,300,853500,09:24:19
2844,900,2559600,09:24:19
2846,100,284600,09:24:19
2844,100,284400,09:24:19
2846,100,284600,09:24:18
2845,200,569000,09:24:18
2847,100,284700,09:24:18
2847,100,284700,09:24:18
2846,100,284600,09:24:17
2844,100,284400,09:24:17
2845,100,284500,09:24:17
2845,600,1707000,09:24:17
2844,100,284400,09:24:15
2845,100,284500,09:24:15
2845,100,284500,09:24:15
2846,400,1138400,09:24:15
2845,100,284500,09:24:15
2846,200,569200,09:24:15
2846,200,569200,09:24:15
2845,3000,8535000,09:24:15
2844,100,284400,09:24:15
2844,100,284400,09:24:15
2844,200,568800,09:24:15
2844,200,568800,09:24:15
2843,100,284300,09:24:15
2844,100,284400,09:24:15
2843,100,284300,09:24:15
2843,400,1137200,09:24:15
2843,200,568600,09:24:15
2841,400,1136400,09:24:14
2842,500,1421000,09:24:14
2842,300,852600,09:24:14
2841,400,1136400,09:24:13
2840,300,852000,09:24:13
2841,100,284100,09:24:13
2840,100,284000,09:24:13
2839,100,283900,09:24:12
2839,100,283900,09:24:12
2840,200,568000,09:24:12
2840,200,568000,09:24:12
2838,300,851400,09:24:12
2839,500,1419500,09:24:12
2840,100,284000,09:24:11
2840,800,2272000,09:24:11
2841,100,284100,09:24:11
2841,100,284100,09:24:10
2841,100,284100,09:24:10
2841,100,284100,09:24:10
2840,100,284000,09:24:09
2841,100,284100,09:24:09
2841,100,284100,09:24:08
2839,200,567800,09:24:08
2839,400,1135600,09:24:08
2838,700,1986600,09:24:08
2839,500,1419500,09:24:08
2840,100,284000,09:24:07
2839,100,283900,09:24:06
2839,100,283900,09:24:06
2841,300,852300,09:24:06
2840,200,568000,09:24:06
2837,200,567400,09:24:05
2839,100,283900,09:24:05
2839,100,283900,09:24:05
2839,100,283900,09:24:05
2838,800,2270400,09:24:05
2839,300,851700,09:24:05
2839,100,283900,09:24:05
2839,100,283900,09:24:05
2839,100,283900,09:24:05
2842,300,852600,09:24:05
2841,1000,2841000,09:24:05
2840,400,1136000,09:24:05
2840,400,1136000,09:24:04
2840,100,284000,09:24:04
2840,100,284000,09:24:04
2841,100,284100,09:24:04
2840,300,852000,09:24:04
2840,200,568000,09:24:04
2840,500,1420000,09:24:04
2841,300,852300,09:24:03
2841,100,284100,09:24:03
2841,400,1136400,09:24:03
2840,600,1704000,09:24:03
2839,100,283900,09:24:03
2840,300,852000,09:24:03
2839,200,567800,09:24:03
2837,500,1418500,09:24:02
2839,100,283900,09:24:02
2840,100,284000,09:24:02
2838,300,851400,09:24:02
2838,100,283800,09:24:02
2841,500,1420500,09:24:02
2840,500,1420000,09:24:02
2840,100,284000,09:24:02
2840,100,284000,09:24:02
2840,100,284000,09:24:02
2841,300,852300,09:24:02
2840,100,284000,09:24:02
2841,100,284100,09:24:02
2841,100,284100,09:24:02
2841,100,284100,09:24:02
2841,100,284100,09:24:02
2840,100,284000,09:24:02
2841,100,284100,09:24:02
2840,1800,5112000,09:24:02
2840,400,1136000,09:24:02
2839,2000,5678000,09:24:02
2838,900,2554200,09:24:02
2837,100,283700,09:24:01
2837,100,283700,09:24:01
2837,200,567400,09:24:01
2837,100,283700,09:24:01
2836,200,567200,09:24:01
2836,100,283600,09:24:00
2836,100,283600,09:23:59
2837,200,567400,09:23:59
2838,700,1986600,09:23:59
2837,300,851100,09:23:59
2837,100,283700,09:23:59
2836,1800,5104800,09:23:59
2835,100,283500,09:23:58
2834,100,283400,09:23:58
2833,100,283300,09:23:58
2834,200,566800,09:23:58
2835,200,567000,09:23:57
2835,1300,3685500,09:23:57
2834,200,566800,09:23:57
2832,100,283200,09:23:56
2834,300,850200,09:23:56
2834,100,283400,09:23:55
2833,100,283300,09:23:55
2833,200,566600,09:23:55
2835,500,1417500,09:23:55
2835,300,850500,09:23:54
2834,100,283400,09:23:54
2833,100,283300,09:23:54
2834,500,1417000,09:23:54
2834,300,850200,09:23:54
2835,200,567000,09:23:54
2834,100,283400,09:23:54
2833,400,1133200,09:23:53
2834,100,283400,09:23:53
2834,300,850200,09:23:53
2834,100,283400,09:23:53
2833,100,283300,09:23:53
2833,100,283300,09:23:53
2833,300,849900,09:23:53
2833,300,849900,09:23:53
2832,300,849600,09:23:53
2831,100,283100,09:23:53
2831,100,283100,09:23:53
2830,2800,7924000,09:23:53
2829,300,848700,09:23:51
2828,100,282800,09:23:50
2828,300,848400,09:23:50
2828,300,848400,09:23:50
2828,200,565600,09:23:49
2828,100,282800,09:23:49
2827,200,565400,09:23:49
2828,100,282800,09:23:48
2828,100,282800,09:23:48
2828,200,565600,09:23:48
2828,300,848400,09:23:48
2827,100,282700,09:23:48
2827,200,565400,09:23:48
2827,300,848100,09:23:47
2826,100,282600,09:23:47
2826,100,282600,09:23:47
2825,100,282500,09:23:46
2827,100,282700,09:23:46
2826,100,282600,09:23:46
2827,100,282700,09:23:45
2825,600,1695000,09:23:44
2824,300,847200,09:23:44
2824,400,1129600,09:23:43
2823,100,282300,09:23:42
2823,100,282300,09:23:42
2822,100,282200,09:23:41
2822,200,564400,09:23:41
2821,400,1128400,09:23:41
2821,100,282100,09:23:41
2821,100,282100,09:23:40
2820,200,564000,09:23:40
2822,100,282200,09:23:39
2821,100,282100,09:23:39
2820,200,564000,09:23:38
2821,100,282100,09:23:38
2822,200,564400,09:23:38
2822,300,846600,09:23:37
2821,100,282100,09:23:37
2822,100,282200,09:23:36
2822,100,282200,09:23:36
2821,100,282100,09:23:36
2821,300,846300,09:23:36
2822,100,282200,09:23:34
2822,200,564400,09:23:34
2821,100,282100,09:23:34
2821,100,282100,09:23:33
2823,200,564600,09:23:33
2823,200,564600,09:23:33
2823,300,846900,09:23:33
2824,200,564800,09:23:32
2823,500,1411500,09:23:32
2822,200,564400,09:23:32
2822,100,282200,09:23:32
2823,100,282300,09:23:32
2823,200,564600,09:23:32
2824,100,282400,09:23:31
2823,400,1129200,09:23:31
2823,100,282300,09:23:31
2823,200,564600,09:23:31
2823,500,1411500,09:23:30
2822,500,1411000,09:23:30
2822,300,846600,09:23:29
2822,100,282200,09:23:29
2822,300,846600,09:23:28
2821,400,1128400,09:23:28
2821,600,1692600,09:23:28
2820,1200,3384000,09:23:28
2820,400,1128000,09:23:28
2819,100,281900,09:23:28
2819,100,281900,09:23:28
2819,100,281900,09:23:28
2819,100,281900,09:23:27
2818,100,281800,09:23:26
2817,100,281700,09:23:25
2817,400,1126800,09:23:25
2817,100,281700,09:23:25
2818,500,1409000,09:23:24
2817,100,281700,09:23:24
2818,200,563600,09:23:24
2817,100,281700,09:23:23
2818,200,563600,09:23:23
2818,400,1127200,09:23:23
2817,100,281700,09:23:23
2818,700,1972600,09:23:23
2817,100,281700,09:23:23
2816,200,563200,09:23:21
2817,100,281700,09:23:21
2815,100,281500,09:23:20
2816,600,1689600,09:23:20
2817,100,281700,09:23:20
2818,300,845400,09:23:20
2816,400,1126400,09:23:19
2815,100,281500,09:23:19
2814,600,1688400,09:23:19
2817,200,563400,09:23:19
2817,100,281700,09:23:18
2816,100,281600,09:23:18
2815,100,281500,09:23:18
2815,100,281500,09:23:18
2815,100,281500,09:23:18
2815,400,1126000,09:23:18
2815,100,281500,09:23:17
2814,200,562800,09:23:17
2814,100,281400,09:23:17
2814,100,281400,09:23:17
2813,400,1125200,09:23:15
2812,300,843600,09:23:15
2814,100,281400,09:23:14
2813,200,562600,09:23:13
2814,100,281400,09:23:11
2814,100,281400,09:23:10
2813,100,281300,09:23:10
2815,100,281500,09:23:09
2815,100,281500,09:23:09
2815,400,1126000,09:23:09
2813,100,281300,09:23:08
2813,100,281300,09:23:08
2814,100,281400,09:23:08
2816,500,1408000,09:23:08
2816,300,844800,09:23:08
2815,300,844500,09:23:08
2814,100,281400,09:23:08
2814,100,281400,09:23:08
2814,100,281400,09:23:08
2814,2100,5909400,09:23:07
2813,400,1125200,09:23:07
2812,200,562400,09:23:07
2811,100,281100,09:23:06
2811,100,281100,09:23:06
2808,600,1684800,09:23:05
2809,200,561800,09:23:05
2808,200,561600,09:23:05
2808,100,280800,09:23:05
2808,700,1965600,09:23:05
2809,100,280900,09:23:04
2811,200,562200,09:23:04
2811,300,843300,09:23:04
2811,200,562200,09:23:03
2807,100,280700,09:23:03
2808,500,1404000,09:23:03
2810,100,281000,09:23:03
2810,100,281000,09:23:03
2808,100,280800,09:23:02
2807,300,842100,09:23:02
2808,300,842400,09:23:02
2809,800,2247200,09:23:02
2811,100,281100,09:23:01
2810,500,1405000,09:23:01
2809,300,842700,09:23:00
2808,100,280800,09:23:00
2807,100,280700,09:22:59
2807,300,842100,09:22:59
2809,100,280900,09:22:58
2809,100,280900,09:22:58
2807,100,280700,09:22:57
2807,100,280700,09:22:56
2807,200,561400,09:22:56
2807,100,280700,09:22:55
2809,100,280900,09:22:54
2809,700,1966300,09:22:54
2811,100,281100,09:22:54
2811,100,281100,09:22:53
2810,200,562000,09:22:53
2813,100,281300,09:22:52
2812,200,562400,09:22:52
2811,100,281100,09:22:50
2810,600,1686000,09:22:50
2810,1600,4496000,09:22:50
2809,300,842700,09:22:50
2808,100,280800,09:22:50
2807,100,280700,09:22:49
2806,700,1964200,09:22:49
2805,100,280500,09:22:49
2805,500,1402500,09:22:49
2806,100,280600,09:22:49
2807,500,1403500,09:22:49
2806,100,280600,09:22:49
2805,2400,6732000,09:22:49
2804,200,560800,09:22:49
2803,100,280300,09:22:49
2802,100,280200,09:22:49
2802,100,280200,09:22:48
2802,300,840600,09:22:47
2802,400,1120800,09:22:47
2802,100,280200,09:22:47
2800,100,280000,09:22:45
2801,100,280100,09:22:45
2799,100,279900,09:22:41
2797,100,279700,09:22:41
2800,100,280000,09:22:40
2800,200,560000,09:22:40
2800,400,1120000,09:22:40
2799,100,279900,09:22:40
2799,200,559800,09:22:39
2800,400,1120000,09:22:39
2800,300,840000,09:22:39
2800,100,280000,09:22:38
2802,100,280200,09:22:37
2802,800,2241600,09:22:37
2800,200,560000,09:22:37
2800,700,1960000,09:22:37
2800,200,560000,09:22:37
2800,500,1400000,09:22:37
2803,600,1681800,09:22:36
2803,100,280300,09:22:36
2803,100,280300,09:22:35
2802,200,560400,09:22:35
2802,100,280200,09:22:35
2800,100,280000,09:22:35
2800,100,280000,09:22:34
2800,100,280000,09:22:33
2799,200,559800,09:22:33
2799,100,279900,09:22:32
2800,100,280000,09:22:32
2799,200,559800,09:22:32
2798,200,559600,09:22:32
2798,100,279800,09:22:31
2798,100,279800,09:22:31
2798,100,279800,09:22:28
2799,100,279900,09:22:28
2798,200,559600,09:22:26
2799,100,279900,09:22:26
2800,300,840000,09:22:26
2802,100,280200,09:22:26
2803,100,280300,09:22:26
2803,100,280300,09:22:26
2802,100,280200,09:22:25
2803,100,280300,09:22:25
2802,200,560400,09:22:25
2801,100,280100,09:22:25
2800,1700,4760000,09:22:25
2799,100,279900,09:22:25
2799,100,279900,09:22:24
2799,200,559800,09:22:23
2799,100,279900,09:22:23
2797,100,279700,09:22:23
2797,400,1118800,09:22:23
2797,100,279700,09:22:22
2797,300,839100,09:22:22
2796,100,279600,09:22:22
2796,100,279600,09:22:22
2796,1600,4473600,09:22:22
2795,1200,3354000,09:22:22
2792,100,279200,09:22:21
2791,100,279100,09:22:20
2791,200,558200,09:22:20
2792,100,279200,09:22:19
2792,100,279200,09:22:19
2793,900,2513700,09:22:19
2792,400,1116800,09:22:19
2791,300,837300,09:22:19
2787,300,836100,09:22:18
2788,500,1394000,09:22:18
2790,200,558000,09:22:18
2794,300,838200,09:22:17
2793,800,2234400,09:22:17
2791,100,279100,09:22:17
2791,100,279100,09:22:17
2791,100,279100,09:22:17
2791,100,279100,09:22:17
2790,200,558000,09:22:17
2788,300,836400,09:22:16
2790,100,279000,09:22:15
2790,400,1116000,09:22:15
2790,600,1674000,09:22:15
2790,200,558000,09:22:14
2790,300,837000,09:22:13
2791,200,558200,09:22:13
2789,200,557800,09:22:11
2790,100,279000,09:22:11
2793,100,279300,09:22:10
2792,700,1954400,09:22:10
2790,200,558000,09:22:10
2791,100,279100,09:22:10
2791,100,279100,09:22:10
2793,100,279300,09:22:10
2792,700,1954400,09:22:09
2791,500,1395500,09:22:09
2790,600,1674000,09:22:09
2789,100,278900,09:22:08
2790,300,837000,09:22:08
2789,300,836700,09:22:08
2788,100,278800,09:22:08
2788,100,278800,09:22:08
2788,100,278800,09:22:06
2789,300,836700,09:22:05
2788,200,557600,09:22:05
2788,200,557600,09:22:05
2787,200,557400,09:22:05
2787,100,278700,09:22:04
2786,300,835800,09:22:03
2787,100,278700,09:22:02
2787,200,557400,09:22:02
2786,400,1114400,09:22:02
2785,500,1392500,09:22:02
2785,300,835500,09:22:00
2784,200,556800,09:22:00
2784,100,278400,09:22:00
2782,100,278200,09:22:00
2784,100,278400,09:21:58
2785,300,835500,09:21:57
2785,500,1392500,09:21:57
2785,200,557000,09:21:57
2785,100,278500,09:21:56
2785,200,557000,09:21:56
2785,100,278500,09:21:56
2786,200,557200,09:21:54
2785,700,1949500,09:21:54
2785,100,278500,09:21:53
2786,100,278600,09:21:52
2787,100,278700,09:21:50
2787,100,278700,09:21:50
2785,200,557000,09:21:50
2783,400,1113200,09:21:49
2784,800,2227200,09:21:49
2785,400,1114000,09:21:49
2786,400,1114400,09:21:49
2783,200,556600,09:21:48
2784,700,1948800,09:21:48
2785,1300,3620500,09:21:48
2786,600,1671600,09:21:48
2787,300,836100,09:21:48
2788,400,1115200,09:21:48
2790,100,279000,09:21:48
2790,600,1674000,09:21:48
2788,100,278800,09:21:47
2788,400,1115200,09:21:47
2786,500,1393000,09:21:46
2787,200,557400,09:21:46
2789,100,278900,09:21:46
2788,100,278800,09:21:44
2788,100,278800,09:21:44
2785,100,278500,09:21:43
2786,700,1950200,09:21:43
2787,1300,3623100,09:21:43
2788,600,1672800,09:21:43
2789,600,1673400,09:21:43
2790,400,1116000,09:21:43
2792,100,279200,09:21:42
2791,700,1953700,09:21:42
2791,100,279100,09:21:42
2791,100,279100,09:21:42
2790,100,279000,09:21:41
2790,200,558000,09:21:41
2790,100,279000,09:21:39
2789,1000,2789000,09:21:38
2790,300,837000,09:21:38
2788,100,278800,09:21:37
2789,200,557800,09:21:37
2791,100,279100,09:21:36
2790,200,558000,09:21:36
2790,200,558000,09:21:36
2790,400,1116000,09:21:35
2788,100,278800,09:21:33
2789,200,557800,09:21:33
2790,300,837000,09:21:33
2790,100,279000,09:21:33
2791,100,279100,09:21:31
2791,500,1395500,09:21:31
2791,100,279100,09:21:31
2790,1600,4464000,09:21:31
2789,300,836700,09:21:31
2785,1500,4177500,09:21:31
2786,400,1114400,09:21:31
2787,400,1114800,09:21:31
2788,200,557600,09:21:31
2789,600,1673400,09:21:30
2789,100,278900,09:21:30
2787,100,278700,09:21:29
2788,100,278800,09:21:29
2787,100,278700,09:21:28
2786,400,1114400,09:21:28
2787,800,2229600,09:21:28
2788,400,1115200,09:21:28
2789,100,278900,09:21:27
2789,100,278900,09:21:27
2789,200,557800,09:21:27
2789,500,1394500,09:21:26
2788,300,836400,09:21:26
2787,900,2508300,09:21:26
2786,200,557200,09:21:26
2786,200,557200,09:21:26
2785,300,835500,09:21:25
2785,100,278500,09:21:25
2785,200,557000,09:21:24
2786,100,278600,09:21:23
2787,100,278700,09:21:23
2788,500,1394000,09:21:23
2787,100,278700,09:21:22
2786,100,278600,09:21:22
2785,100,278500,09:21:21
2788,500,1394000,09:21:20
2787,500,1393500,09:21:20
2787,100,278700,09:21:19
2787,400,1114800,09:21:18
2788,400,1115200,09:21:18
2789,100,278900,09:21:17
2789,100,278900,09:21:17
2789,200,557800,09:21:17
2788,100,278800,09:21:16
2789,100,278900,09:21:16
2788,200,557600,09:21:16
2790,100,279000,09:21:16
2790,100,279000,09:21:16
2791,100,279100,09:21:15
2789,200,557800,09:21:14
2790,300,837000,09:21:14
2790,200,558000,09:21:14
2789,100,278900,09:21:14
2789,300,836700,09:21:12
2785,400,1114000,09:21:12
2786,600,1671600,09:21:12
2788,300,836400,09:21:11
2787,100,278700,09:21:11
2788,100,278800,09:21:11
2788,100,278800,09:21:11
2788,100,278800,09:21:11
2788,100,278800,09:21:11
2786,200,557200,09:21:11
2787,300,836100,09:21:11
2787,100,278700,09:21:11
2788,100,278800,09:21:11
2789,100,278900,09:21:11
2787,100,278700,09:21:10
2788,100,278800,09:21:10
2788,300,836400,09:21:09
2788,100,278800,09:21:09
2790,200,558000,09:21:08
2789,100,278900,09:21:08
2789,100,278900,09:21:08
2788,100,278800,09:21:08
2790,100,279000,09:21:06
2791,200,558200,09:21:06
2791,100,279100,09:21:05
2791,100,279100,09:21:05
2790,200,558000,09:21:05
2788,300,836400,09:21:04
2789,100,278900,09:21:04
2790,100,279000,09:21:04
2790,1100,3069000,09:21:04
2791,200,558200,09:21:04
2792,100,279200,09:21:04
2792,300,837600,09:21:04
2791,800,2232800,09:21:04
2791,200,558200,09:21:04
2790,100,279000,09:21:04
2792,200,558400,09:21:03
2792,100,279200,09:21:03
2786,700,1950200,09:21:03
2787,1200,3344400,09:21:03
2788,1800,5018400,09:21:03
2789,1400,3904600,09:21:03
2790,800,2232000,09:21:03
2791,500,1395500,09:21:03
2792,200,558400,09:21:03
2792,100,279200,09:20:59
2794,100,279400,09:20:58
2795,100,279500,09:20:58
2794,100,279400,09:20:58
2794,400,1117600,09:20:58
2793,400,1117200,09:20:58
2792,200,558400,09:20:58
2787,100,278700,09:20:58
2788,500,1394000,09:20:58
2789,600,1673400,09:20:58
2790,300,837000,09:20:58
2792,300,837600,09:20:57
2793,300,837900,09:20:57
2792,200,558400,09:20:57
2792,100,279200,09:20:57
2791,100,279100,09:20:57
2793,100,279300,09:20:57
2790,100,279000,09:20:57
2788,1800,5018400,09:20:57
2789,600,1673400,09:20:57
2790,500,1395000,09:20:57
2791,1300,3628300,09:20:57
2792,400,1116800,09:20:57
2794,100,279400,09:20:57
2793,200,558600,09:20:57
2792,100,279200,09:20:57
2794,600,1676400,09:20:56
2795,1900,5310500,09:20:56
2795,100,279500,09:20:55
2796,100,279600,09:20:55
2797,100,279700,09:20:55
2798,200,559600,09:20:52
2797,100,279700,09:20:50
2797,100,279700,09:20:50
2797,100,279700,09:20:50
2797,100,279700,09:20:50
2796,700,1957200,09:20:50
2795,100,279500,09:20:50
2794,100,279400,09:20:50
2794,100,279400,09:20:50
2793,100,279300,09:20:50
2797,400,1118800,09:20:49
2799,200,559800,09:20:49
2797,200,559400,09:20:48
2799,200,559800,09:20:48
2798,100,279800,09:20:48
2799,200,559800,09:20:48
2799,100,279900,09:20:48
2801,100,280100,09:20:48
2801,100,280100,09:20:48
2800,100,280000,09:20:48
2800,300,840000,09:20:48
2799,1000,2799000,09:20:48
2800,100,280000,09:20:48
2801,100,280100,09:20:48
2800,300,840000,09:20:48
2801,500,1400500,09:20:48
2800,300,840000,09:20:48
2797,200,559400,09:20:47
2798,100,279800,09:20:47
2799,100,279900,09:20:47
2799,100,279900,09:20:47
2796,300,838800,09:20:46
2797,100,279700,09:20:46
2797,100,279700,09:20:46
2799,800,2239200,09:20:46
2798,600,1678800,09:20:46
2798,300,839400,09:20:45
2797,100,279700,09:20:45
2794,400,1117600,09:20:45
2795,400,1118000,09:20:45
2796,400,1118400,09:20:45
2798,100,279800,09:20:45
2797,100,279700,09:20:44
2798,100,279800,09:20:43
2798,100,279800,09:20:43
2799,100,279900,09:20:43
2798,600,1678800,09:20:43
2799,300,839700,09:20:43
2800,1100,3080000,09:20:43
2799,400,1119600,09:20:43
2795,900,2515500,09:20:43
2796,1400,3914400,09:20:43
2797,1300,3636100,09:20:43
2798,700,1958600,09:20:43
2799,300,839700,09:20:43
2799,100,279900,09:20:42
2800,100,280000,09:20:42
2800,100,280000,09:20:42
2801,100,280100,09:20:42
2801,100,280100,09:20:42
2802,100,280200,09:20:42
2802,100,280200,09:20:40
2802,100,280200,09:20:40
2800,100,280000,09:20:40
2800,300,840000,09:20:40
2801,100,280100,09:20:40
2799,200,559800,09:20:40
2800,100,280000,09:20:40
2800,600,1680000,09:20:40
2800,600,1680000,09:20:40
2800,100,280000,09:20:39
2802,100,280200,09:20:39
2802,200,560400,09:20:39
2802,300,840600,09:20:39
2802,400,1120800,09:20:38
2801,500,1400500,09:20:38
2799,100,279900,09:20:38
2800,100,280000,09:20:38
2800,200,560000,09:20:38
2802,100,280200,09:20:38
2800,100,280000,09:20:38
2801,600,1680600,09:20:38
2799,100,279900,09:20:38
2800,100,280000,09:20:38
2799,100,279900,09:20:38
2800,500,1400000,09:20:38
2800,1700,4760000,09:20:38
2799,500,1399500,09:20:38
2798,700,1958600,09:20:38
2797,200,559400,09:20:38
2796,100,279600,09:20:38
2796,1800,5032800,09:20:38
2795,700,1956500,09:20:38
2794,600,1676400,09:20:38
2791,100,279100,09:20:37
2791,100,279100,09:20:36
2792,100,279200,09:20:36
2792,100,279200,09:20:35
2792,100,279200,09:20:35
2792,100,279200,09:20:35
2793,100,279300,09:20:35
2793,100,279300,09:20:34
2792,200,558400,09:20:34
2792,200,558400,09:20:34
2790,100,279000,09:20:34
2791,500,1395500,09:20:34
2792,200,558400,09:20:34
2793,100,279300,09:20:33
2792,100,279200,09:20:33
2792,100,279200,09:20:33
2792,100,279200,09:20:33
2794,100,279400,09:20:33
2795,100,279500,09:20:33
2794,400,1117600,09:20:33
2790,2600,7254000,09:20:33
2791,1300,3628300,09:20:33
2792,100,279200,09:20:33
2793,600,1675800,09:20:33
2794,400,1117600,09:20:33
2795,100,279500,09:20:32
2795,200,559000,09:20:32
2796,100,279600,09:20:31
2796,400,1118400,09:20:31
2797,300,839100,09:20:31
2798,100,279800,09:20:31
2798,100,279800,09:20:29
2800,100,280000,09:20:28
2797,100,279700,09:20:27
2796,100,279600,09:20:27
2797,300,839100,09:20:27
2799,400,1119600,09:20:26
2799,100,279900,09:20:26
2800,600,1680000,09:20:26
2801,200,560200,09:20:26
2801,200,560200,09:20:24
2802,200,560400,09:20:24
2801,100,280100,09:20:22
2801,500,1400500,09:20:22
2804,300,841200,09:20:21
2803,200,560600,09:20:21
2802,100,280200,09:20:20
2802,300,840600,09:20:20
2800,100,280000,09:20:18
2801,100,280100,09:20:18
2802,100,280200,09:20:17
2802,200,560400,09:20:17
2801,100,280100,09:20:16
2803,100,280300,09:20:15
2802,100,280200,09:20:15
2800,100,280000,09:20:15
2802,100,280200,09:20:15
2800,100,280000,09:20:15
2797,200,559400,09:20:15
2798,2400,6715200,09:20:15
2799,1400,3918600,09:20:15
2800,3700,10360000,09:20:15
2801,1300,3641300,09:20:15
2802,600,1681200,09:20:15
2802,1200,3362400,09:20:13
2803,500,1401500,09:20:13
2804,300,841200,09:20:13
2803,700,1962100,09:20:13
2801,600,1680600,09:20:13
2801,300,840300,09:20:11
2801,100,280100,09:20:11
2801,300,840300,09:20:10
2801,200,560200,09:20:10
2801,500,1400500,09:20:08
2803,100,280300,09:20:08
2804,1000,2804000,09:20:08
2804,100,280400,09:20:08
2802,200,560400,09:20:07
2804,100,280400,09:20:07
2803,200,560600,09:20:07
2805,300,841500,09:20:06
2804,100,280400,09:20:06
2803,200,560600,09:20:06
2803,100,280300,09:20:06
2802,300,840600,09:20:06
2802,100,280200,09:20:04
2803,200,560600,09:20:04
2802,200,560400,09:20:04
2802,100,280200,09:20:04
2803,100,280300,09:20:03
2802,100,280200,09:20:02
2803,300,840900,09:20:02
2805,100,280500,09:20:00
2805,300,841500,09:20:00
2805,100,280500,09:20:00
2804,500,1402000,09:19:59
2802,200,560400,09:19:59
2802,300,840600,09:19:59
2804,100,280400,09:19:59
2804,100,280400,09:19:59
2805,1600,4488000,09:19:59
2805,200,561000,09:19:59
2805,200,561000,09:19:58
2806,100,280600,09:19:57
2807,1400,3929800,09:19:57
2807,100,280700,09:19:57
2809,100,280900,09:19:56
2808,100,280800,09:19:56
2808,300,842400,09:19:56
2807,1000,2807000,09:19:56
2806,300,841800,09:19:56
2807,1200,3368400,09:19:56
2808,200,561600,09:19:56
2810,200,562000,09:19:53
2807,100,280700,09:19:52
2808,200,561600,09:19:52
2807,100,280700,09:19:50
2808,100,280800,09:19:49
2808,300,842400,09:19:49
2807,500,1403500,09:19:49
2808,700,1965600,09:19:49
2809,100,280900,09:19:49
2809,800,2247200,09:19:48
2808,100,280800,09:19:48
2808,100,280800,09:19:48
2808,100,280800,09:19:48
2808,100,280800,09:19:48
2809,100,280900,09:19:48
2810,100,281000,09:19:46
2811,500,1405500,09:19:46
2813,100,281300,09:19:46
2814,100,281400,09:19:46
2813,500,1406500,09:19:46
2813,100,281300,09:19:46
2812,200,562400,09:19:45
2811,100,281100,09:19:43
2811,200,562200,09:19:43
2809,100,280900,09:19:43
2808,100,280800,09:19:42
2810,400,1124000,09:19:41
2810,500,1405000,09:19:41
2807,400,1122800,09:19:41
2808,100,280800,09:19:41
2809,100,280900,09:19:41
2810,100,281000,09:19:41
2808,1000,2808000,09:19:41
2807,100,280700,09:19:40
2808,100,280800,09:19:39
2809,200,561800,09:19:39
2807,400,1122800,09:19:39
2808,300,842400,09:19:39
2808,500,1404000,09:19:38
2809,200,561800,09:19:38
2808,100,280800,09:19:38
2808,100,280800,09:19:38
2809,300,842700,09:19:38
2808,400,1123200,09:19:38
2807,200,561400,09:19:38
2807,100,280700,09:19:38
2805,300,841500,09:19:38
2806,200,561200,09:19:38
2806,200,561200,09:19:38
2806,100,280600,09:19:38
2806,200,561200,09:19:38
2807,100,280700,09:19:38
2808,200,561600,09:19:38
2808,400,1123200,09:19:38
2808,500,1404000,09:19:38
2809,200,561800,09:19:38
2809,100,280900,09:19:38
2809,100,280900,09:19:38
2809,100,280900,09:19:38
2812,100,281200,09:19:37
2812,400,1124800,09:19:37
2811,100,281100,09:19:37
2809,100,280900,09:19:37
2809,100,280900,09:19:37
2810,100,281000,09:19:37
2810,100,281000,09:19:37
2810,100,281000,09:19:37
2810,600,1686000,09:19:37
2810,700,1967000,09:19:36
2811,700,1967700,09:19:36
2812,200,562400,09:19:36
2813,100,281300,09:19:36
2813,400,1125200,09:19:36
2813,100,281300,09:19:35
2813,100,281300,09:19:34
2813,200,562600,09:19:34
2814,500,1407000,09:19:33
2814,100,281400,09:19:33
2815,400,1126000,09:19:33
2817,100,281700,09:19:33
2817,500,1408500,09:19:33
2817,100,281700,09:19:33
2816,400,1126400,09:19:33
2815,300,844500,09:19:32
2814,500,1407000,09:19:32
2813,900,2531700,09:19:32
2812,900,2530800,09:19:32
2811,100,281100,09:19:32
2811,100,281100,09:19:32
2812,700,1968400,09:19:32
2812,200,562400,09:19:32
2812,100,281200,09:19:32
2813,100,281300,09:19:31
2812,100,281200,09:19:30
2813,100,281300,09:19:30
2813,100,281300,09:19:29
2814,200,562800,09:19:27
2813,100,281300,09:19:27
2812,100,281200,09:19:27
2812,300,843600,09:19:25
2811,100,281100,09:19:25
2812,100,281200,09:19:25
2812,300,843600,09:19:25
2812,100,281200,09:19:25
2813,300,843900,09:19:25
2816,100,281600,09:19:24
2814,200,562800,09:19:24
2815,1100,3096500,09:19:24
2816,400,1126400,09:19:23
2815,200,563000,09:19:23
2816,200,563200,09:19:22
2816,300,844800,09:19:22
2815,200,563000,09:19:22
2816,100,281600,09:19:20
2815,100,281500,09:19:20
2815,100,281500,09:19:20
2817,200,563400,09:19:18
2813,800,2250400,09:19:17
2814,2000,5628000,09:19:17
2815,1200,3378000,09:19:17
2816,200,563200,09:19:17
2813,100,281300,09:19:17
2813,500,1406500,09:19:16
2815,200,563000,09:19:15
2813,1200,3375600,09:19:15
2814,300,844200,09:19:15
2815,300,844500,09:19:14
2815,200,563000,09:19:14
2814,300,844200,09:19:14
2812,200,562400,09:19:14
2812,100,281200,09:19:14
2812,100,281200,09:19:13
2813,100,281300,09:19:13
2813,100,281300,09:19:13
2811,100,281100,09:19:13
2811,100,281100,09:19:13
2812,100,281200,09:19:13
2812,200,562400,09:19:12
2812,100,281200,09:19:12
2814,100,281400,09:19:12
2814,300,844200,09:19:12
2815,1700,4785500,09:19:12
2816,200,563200,09:19:12
2817,500,1408500,09:19:12
2817,100,281700,09:19:12
2818,2300,6481400,09:19:12
2819,100,281900,09:19:12
2820,300,846000,09:19:12
2820,100,282000,09:19:12
2820,700,1974000,09:19:11
2819,500,1409500,09:19:11
2820,500,1410000,09:19:11
2820,2300,6486000,09:19:11
2820,100,282000,09:19:11
2820,400,1128000,09:19:11
2821,1600,4513600,09:19:11
2821,100,282100,09:19:11
2822,100,282200,09:19:10
2822,100,282200,09:19:10
2822,100,282200,09:19:10
2821,100,282100,09:19:09
2822,100,282200,09:19:09
2822,700,1975400,09:19:08
2823,300,846900,09:19:08
2822,600,1693200,09:19:07
2823,200,564600,09:19:07
2824,700,1976800,09:19:07
2825,900,2542500,09:19:07
2827,300,848100,09:19:06
2825,400,1130000,09:19:05
2826,100,282600,09:19:05
2826,400,1130400,09:19:05
2828,400,1131200,09:19:05
2827,200,565400,09:19:03
2829,100,282900,09:19:01
2830,100,283000,09:19:00
2829,300,848700,09:19:00
2829,100,282900,09:19:00
2828,100,282800,09:19:00
2828,100,282800,09:18:58
2826,100,282600,09:18:58
2826,600,1695600,09:18:58
2827,100,282700,09:18:58
2828,200,565600,09:18:58
2828,300,848400,09:18:56
2829,200,565800,09:18:56
2830,400,1132000,09:18:54
2830,300,849000,09:18:53
2831,100,283100,09:18:53
2831,500,1415500,09:18:53
2831,300,849300,09:18:53
2831,100,283100,09:18:53
2830,400,1132000,09:18:53
2829,500,1414500,09:18:53
2827,100,282700,09:18:53
2828,100,282800,09:18:52
2827,200,565400,09:18:52
2826,100,282600,09:18:52
2825,100,282500,09:18:51
2826,100,282600,09:18:50
2826,300,847800,09:18:47
2825,100,282500,09:18:47
2824,200,564800,09:18:47
2825,200,565000,09:18:47
2825,100,282500,09:18:45
2827,200,565400,09:18:44
2828,100,282800,09:18:43
2828,100,282800,09:18:43
2827,1100,3109700,09:18:43
2825,900,2542500,09:18:43
2824,100,282400,09:18:43
2823,500,1411500,09:18:43
2824,100,282400,09:18:43
2825,200,565000,09:18:43
2826,100,282600,09:18:43
2826,100,282600,09:18:41
2828,500,1414000,09:18:40
2827,100,282700,09:18:40
2828,100,282800,09:18:40
2827,100,282700,09:18:40
2827,200,565400,09:18:37
2826,600,1695600,09:18:37
2825,300,847500,09:18:37
2825,200,565000,09:18:37
2825,1100,3107500,09:18:37
2825,100,282500,09:18:37
2825,400,1130000,09:18:37
2825,200,565000,09:18:37
2825,200,565000,09:18:37
2827,100,282700,09:18:36
2825,300,847500,09:18:36
2829,100,282900,09:18:34
2829,200,565800,09:18:33
2828,100,282800,09:18:33
2828,200,565600,09:18:33
2830,300,849000,09:18:31
2831,100,283100,09:18:31
2831,100,283100,09:18:31
2831,1300,3680300,09:18:31
2828,300,848400,09:18:31
2829,200,565800,09:18:31
2830,400,1132000,09:18:30
2829,200,565800,09:18:30
2828,200,565600,09:18:30
2827,200,565400,09:18:29
2828,100,282800,09:18:29
2829,100,282900,09:18:29
2829,200,565800,09:18:29
2831,300,849300,09:18:29
2830,400,1132000,09:18:29
2829,500,1414500,09:18:29
2829,100,282900,09:18:28
2828,100,282800,09:18:27
2827,100,282700,09:18:27
2827,100,282700,09:18:27
2827,100,282700,09:18:27
2828,300,848400,09:18:26
2828,100,282800,09:18:26
2829,300,848700,09:18:25
2830,100,283000,09:18:25
2830,200,566000,09:18:25
2830,200,566000,09:18:25
2830,100,283000,09:18:25
2830,200,566000,09:18:25
2831,400,1132400,09:18:22
2832,100,283200,09:18:22
2832,100,283200,09:18:22
2833,1500,4249500,09:18:22
2834,200,566800,09:18:22
2833,200,566600,09:18:20
2834,200,566800,09:18:20
2836,100,283600,09:18:19
2835,100,283500,09:18:19
2836,200,567200,09:18:19
2835,100,283500,09:18:19
2834,100,283400,09:18:19
2836,300,850800,09:18:19
2835,200,567000,09:18:19
2836,100,283600,09:18:17
2834,400,1133600,09:18:17
2837,800,2269600,09:18:17
2836,500,1418000,09:18:17
2835,200,567000,09:18:17
2833,300,849900,09:18:17
2834,100,283400,09:18:16
2834,600,1700400,09:18:16
2831,400,1132400,09:18:16
2832,1200,3398400,09:18:16
2833,200,566600,09:18:16
2834,200,566800,09:18:16
2835,100,283500,09:18:16
2836,100,283600,09:18:15
2836,100,283600,09:18:14
2836,100,283600,09:18:14
2836,400,1134400,09:18:14
2835,400,1134000,09:18:14
2834,300,850200,09:18:14
2834,300,850200,09:18:14
2837,100,283700,09:18:14
2836,100,283600,09:18:14
2836,100,283600,09:18:12
2835,100,283500,09:18:12
2835,100,283500,09:18:12
2835,100,283500,09:18:12
2835,100,283500,09:18:12
2835,100,283500,09:18:12
2836,100,283600,09:18:10
2838,300,851400,09:18:09
2837,100,283700,09:18:09
2837,100,283700,09:18:08
2836,300,850800,09:18:07
2835,100,283500,09:18:06
2836,600,1701600,09:18:06
2835,600,1701000,09:18:06
2833,100,283300,09:18:06
2833,100,283300,09:18:06
2833,100,283300,09:18:06
2833,100,283300,09:18:06
2834,1100,3117400,09:18:06
2834,200,566800,09:18:06
2834,200,566800,09:18:06
2835,400,1134000,09:18:06
2835,200,567000,09:18:06
2836,100,283600,09:18:06
2836,100,283600,09:18:06
2836,100,283600,09:18:06
2837,200,567400,09:18:06
2837,100,283700,09:18:06
2837,500,1418500,09:18:06
2839,100,283900,09:18:06
2836,100,283600,09:18:05
2839,300,851700,09:18:05
2836,100,283600,09:18:05
2838,400,1135200,09:18:05
2836,100,283600,09:18:05
2838,100,283800,09:18:05
2835,100,283500,09:18:04
2837,100,283700,09:18:04
2837,200,567400,09:18:04
2838,600,1702800,09:18:04
2837,100,283700,09:18:04
2836,100,283600,09:18:04
2837,200,567400,09:18:04
2839,100,283900,09:18:04
2839,100,283900,09:18:04
2840,200,568000,09:18:03
2836,200,567200,09:18:03
2837,100,283700,09:18:03
2841,300,852300,09:18:01
2840,700,1988000,09:18:01
2839,300,851700,09:18:01
2838,100,283800,09:18:01
2838,100,283800,09:18:01
2840,100,284000,09:18:01
2838,200,567600,09:18:01
2836,100,283600,09:18:01
2835,100,283500,09:18:00
2836,200,567200,09:18:00
2837,100,283700,09:18:00
2837,100,283700,09:18:00
2840,100,284000,09:18:00
2839,300,851700,09:18:00
2838,400,1135200,09:18:00
2836,300,850800,09:18:00
2838,200,567600,09:17:59
2837,100,283700,09:17:59
2837,200,567400,09:17:58
2835,400,1134000,09:17:58
2834,1100,3117400,09:17:58
2833,500,1416500,09:17:58
2833,400,1133200,09:17:58
2835,100,283500,09:17:57
2834,400,1133600,09:17:57
2835,200,567000,09:17:57
2836,200,567200,09:17:57
2837,200,567400,09:17:57
2839,300,851700,09:17:56
2838,100,283800,09:17:56
2838,100,283800,09:17:56
2840,100,284000,09:17:56
2839,100,283900,09:17:55
2839,100,283900,09:17:55
2840,100,284000,09:17:55
2840,300,852000,09:17:55
2840,100,284000,09:17:55
2841,100,284100,09:17:54
2841,400,1136400,09:17:54
2841,300,852300,09:17:54
2841,100,284100,09:17:54
2841,100,284100,09:17:54
2840,300,852000,09:17:54
2840,100,284000,09:17:54
2841,400,1136400,09:17:54
2840,1000,2840000,09:17:54
2839,6000,17034000,09:17:54
2838,3200,9081600,09:17:54
2838,200,567600,09:17:54
2838,100,283800,09:17:54
2836,1000,2836000,09:17:54
2835,200,567000,09:17:54
2834,100,283400,09:17:54
2834,100,283400,09:17:54
2835,200,567000,09:17:53
2837,100,283700,09:17:53
2836,100,283600,09:17:53
2836,100,283600,09:17:53
2834,200,566800,09:17:53
2835,100,283500,09:17:53
2837,100,283700,09:17:53
2835,100,283500,09:17:52
2836,100,283600,09:17:52
2836,100,283600,09:17:52
2838,200,567600,09:17:51
2837,800,2269600,09:17:51
2836,1200,3403200,09:17:51
2835,400,1134000,09:17:51
2834,100,283400,09:17:50
2834,100,283400,09:17:50
2834,100,283400,09:17:50
2837,400,1134800,09:17:50
2836,100,283600,09:17:50
2835,500,1417500,09:17:50
2836,400,1134400,09:17:50
2838,100,283800,09:17:49
2838,2400,6811200,09:17:49
2837,800,2269600,09:17:49
2836,500,1418000,09:17:49
2836,100,283600,09:17:49
2835,200,567000,09:17:49
2835,200,567000,09:17:49
2835,100,283500,09:17:49
2835,100,283500,09:17:49
2834,2300,6518200,09:17:49
2834,100,283400,09:17:49
2833,1100,3116300,09:17:49
2833,100,283300,09:17:49
2830,100,283000,09:17:48
2831,100,283100,09:17:48
2830,500,1415000,09:17:48
2830,100,283000,09:17:47
2828,100,282800,09:17:46
2829,100,282900,09:17:46
2829,600,1697400,09:17:46
2830,100,283000,09:17:46
2830,400,1132000,09:17:45
2831,600,1698600,09:17:45
2833,100,283300,09:17:45
2832,1100,3115200,09:17:45
2832,100,283200,09:17:45
2831,400,1132400,09:17:43
2831,100,283100,09:17:43
2830,200,566000,09:17:43
2830,500,1415000,09:17:43
2830,300,849000,09:17:43
2830,200,566000,09:17:42
2830,600,1698000,09:17:42
2830,100,283000,09:17:42
2831,100,283100,09:17:41
2830,100,283000,09:17:40
2829,100,282900,09:17:40
2828,200,565600,09:17:40
2829,200,565800,09:17:39
2828,400,1131200,09:17:39
2830,800,2264000,09:17:38
2829,600,1697400,09:17:38
2828,300,848400,09:17:38
2828,100,282800,09:17:38
2826,200,565200,09:17:38
2828,100,282800,09:17:37
2828,200,565600,09:17:37
2828,200,565600,09:17:37
2827,300,848100,09:17:37
2825,200,565000,09:17:37
2825,100,282500,09:17:37
2824,100,282400,09:17:37
2825,100,282500,09:17:37
2824,900,2541600,09:17:37
2825,300,847500,09:17:37
2824,200,564800,09:17:35
2823,100,282300,09:17:35
2822,300,846600,09:17:35
2822,100,282200,09:17:35
2823,100,282300,09:17:34
2825,600,1695000,09:17:34
2826,300,847800,09:17:33
2826,100,282600,09:17:33
2827,200,565400,09:17:32
2826,100,282600,09:17:32
2826,200,565200,09:17:32
2825,1000,2825000,09:17:32
2824,400,1129600,09:17:32
2824,200,564800,09:17:32
2823,100,282300,09:17:32
2824,400,1129600,09:17:31
2823,100,282300,09:17:31
2824,100,282400,09:17:31
2823,100,282300,09:17:31
2825,300,847500,09:17:31
2823,100,282300,09:17:31
2823,100,282300,09:17:30
2823,1000,2823000,09:17:30
2824,300,847200,09:17:30
2825,200,565000,09:17:30
2824,100,282400,09:17:29
2822,100,282200,09:17:29
2823,100,282300,09:17:28
2822,100,282200,09:17:28
2823,200,564600,09:17:28
2824,400,1129600,09:17:28
2825,100,282500,09:17:28
2825,200,565000,09:17:27
2825,100,282500,09:17:27
2825,100,282500,09:17:27
2823,200,564600,09:17:25
2823,200,564600,09:17:25
2824,100,282400,09:17:25
2823,400,1129200,09:17:24
2822,300,846600,09:17:24
2821,100,282100,09:17:24
2821,100,282100,09:17:24
2822,100,282200,09:17:24
2823,100,282300,09:17:24
2824,100,282400,09:17:23
2824,100,282400,09:17:22
2824,100,282400,09:17:22
2826,200,565200,09:17:22
2826,200,565200,09:17:22
2823,100,282300,09:17:22
2825,100,282500,09:17:22
2824,700,1976800,09:17:21
2825,500,1412500,09:17:20
2824,200,564800,09:17:20
2824,100,282400,09:17:20
2828,200,565600,09:17:18
2828,400,1131200,09:17:18
2827,100,282700,09:17:18
2826,100,282600,09:17:18
2829,200,565800,09:17:17
2828,200,565600,09:17:17
2827,200,565400,09:17:17
2826,1300,3673800,09:17:17
2825,100,282500,09:17:17
2824,500,1412000,09:17:17
2825,500,1412500,09:17:17
2823,100,282300,09:17:17
2825,200,565000,09:17:16
2823,500,1411500,09:17:16
2821,200,564200,09:17:16
2821,400,1128400,09:17:16
2822,200,564400,09:17:16
2823,100,282300,09:17:16
2822,100,282200,09:17:16
2821,100,282100,09:17:16
2819,100,281900,09:17:16
2820,100,282000,09:17:16
2822,100,282200,09:17:15
2821,100,282100,09:17:15
2820,100,282000,09:17:15
2820,100,282000,09:17:15
2821,100,282100,09:17:15
2821,100,282100,09:17:15
2817,300,845100,09:17:15
2820,1500,4230000,09:17:15
2817,200,563400,09:17:15
2818,300,845400,09:17:15
2817,200,563400,09:17:15
2817,100,281700,09:17:15
2817,100,281700,09:17:15
2817,100,281700,09:17:15
2817,200,563400,09:17:15
2817,300,845100,09:17:15
2817,100,281700,09:17:15
2817,100,281700,09:17:15
2817,100,281700,09:17:15
2815,600,1689000,09:17:15
2816,100,281600,09:17:15
2816,300,844800,09:17:15
2816,100,281600,09:17:15
2817,300,845100,09:17:14
2818,100,281800,09:17:13
2818,100,281800,09:17:12
2817,300,845100,09:17:12
2816,200,563200,09:17:11
2816,200,563200,09:17:11
2818,900,2536200,09:17:11
2819,100,281900,09:17:11
2820,100,282000,09:17:11
2820,100,282000,09:17:11
2820,100,282000,09:17:11
2821,100,282100,09:17:10
2818,100,281800,09:17:10
2819,200,563800,09:17:10
2820,300,846000,09:17:10
2819,400,1127600,09:17:10
2820,100,282000,09:17:10
2821,100,282100,09:17:08
2820,200,564000,09:17:08
2819,100,281900,09:17:08
2819,100,281900,09:17:08
2820,200,564000,09:17:08
2820,500,1410000,09:17:08
2819,200,563800,09:17:08
2819,100,281900,09:17:08
2820,800,2256000,09:17:08
2820,100,282000,09:17:08
2820,200,564000,09:17:08
2821,400,1128400,09:17:07
2822,200,564400,09:17:07
2824,100,282400,09:17:06
2823,100,282300,09:17:06
2822,100,282200,09:17:06
2823,200,564600,09:17:06
2824,100,282400,09:17:06
2824,100,282400,09:17:06
2824,100,282400,09:17:06
2824,100,282400,09:17:06
2826,100,282600,09:17:06
2827,100,282700,09:17:06
2827,100,282700,09:17:06
2825,300,847500,09:17:06
2825,200,565000,09:17:06
2826,100,282600,09:17:06
2826,300,847800,09:17:06
2830,200,566000,09:17:06
2828,100,282800,09:17:06
2827,100,282700,09:17:06
2827,100,282700,09:17:06
2824,300,847200,09:17:06
2825,100,282500,09:17:06
2825,200,565000,09:17:06
2826,300,847800,09:17:06
2831,600,1698600,09:17:06
2830,500,1415000,09:17:06
2830,1400,3962000,09:17:06
2830,800,2264000,09:17:06
2830,100,283000,09:17:06
2830,500,1415000,09:17:06
2830,1500,4245000,09:17:06
2830,1200,3396000,09:17:06
2830,200,566000,09:17:06
2829,200,565800,09:17:06
2828,200,565600,09:17:06
2826,100,282600,09:17:06
2825,100,282500,09:17:06
2825,100,282500,09:17:06
2825,100,282500,09:17:06
2826,100,282600,09:17:06
2824,100,282400,09:17:06
2824,500,1412000,09:17:06
2825,200,565000,09:17:06
2825,100,282500,09:17:06
2825,100,282500,09:17:06
2825,100,282500,09:17:06
2825,100,282500,09:17:06
2825,200,565000,09:17:06
2829,5900,16691100,09:17:06
2828,900,2545200,09:17:06
2827,300,848100,09:17:06
2826,600,1695600,09:17:06
2825,700,1977500,09:17:06
2824,900,2541600,09:17:06
2823,400,1129200,09:17:06
2823,100,282300,09:17:06
2821,500,1410500,09:17:06
2821,200,564200,09:17:06
2821,100,282100,09:17:05
2822,100,282200,09:17:05
2824,100,282400,09:17:04
2824,100,282400,09:17:03
2823,100,282300,09:17:03
2823,300,846900,09:17:03
2824,100,282400,09:17:03
2824,100,282400,09:17:03
2823,100,282300,09:17:03
2822,100,282200,09:17:03
2820,300,846000,09:17:03
2821,200,564200,09:17:03
2820,300,846000,09:17:02
2821,100,282100,09:17:02
2820,100,282000,09:17:02
2822,100,282200,09:17:02
2820,100,282000,09:17:02
2820,100,282000,09:17:02
2818,100,281800,09:17:01
2820,200,564000,09:17:00
2818,100,281800,09:17:00
2817,200,563400,09:16:58
2819,100,281900,09:16:58
2816,100,281600,09:16:57
2817,600,1690200,09:16:57
2817,100,281700,09:16:57
2816,500,1408000,09:16:57
2814,100,281400,09:16:56
2814,100,281400,09:16:56
2815,600,1689000,09:16:56
2815,100,281500,09:16:56
2815,100,281500,09:16:56
2815,100,281500,09:16:56
2815,100,281500,09:16:56
2816,300,844800,09:16:56
2819,100,281900,09:16:55
2818,700,1972600,09:16:55
2817,200,563400,09:16:55
2816,100,281600,09:16:55
2816,100,281600,09:16:55
2815,100,281500,09:16:53
2817,100,281700,09:16:52
2815,100,281500,09:16:52
2815,200,563000,09:16:52
2815,200,563000,09:16:52
2815,300,844500,09:16:52
2816,100,281600,09:16:52
2818,100,281800,09:16:51
2818,100,281800,09:16:50
2818,100,281800,09:16:50
2818,100,281800,09:16:50
2820,100,282000,09:16:50
2820,200,564000,09:16:50
2820,100,282000,09:16:48
2824,700,1976800,09:16:48
2823,500,1411500,09:16:48
2822,600,1693200,09:16:48
2821,200,564200,09:16:48
2820,100,282000,09:16:47
2820,100,282000,09:16:47
2819,100,281900,09:16:47
2821,100,282100,09:16:47
2821,100,282100,09:16:47
2823,100,282300,09:16:47
2823,100,282300,09:16:47
2823,100,282300,09:16:47
2823,100,282300,09:16:46
2823,800,2258400,09:16:46
2822,200,564400,09:16:46
2823,300,846900,09:16:46
2824,600,1694400,09:16:46
2827,100,282700,09:16:46
2826,400,1130400,09:16:46
2824,100,282400,09:16:45
2825,400,1130000,09:16:45
2826,400,1130400,09:16:44
2825,300,847500,09:16:44
2824,400,1129600,09:16:43
2824,1400,3953600,09:16:42
2824,100,282400,09:16:42
2825,500,1412500,09:16:42
2825,100,282500,09:16:41
2826,300,847800,09:16:41
2825,200,565000,09:16:40
2826,100,282600,09:16:40
2826,100,282600,09:16:40
2826,100,282600,09:16:40
2826,200,565200,09:16:40
2826,300,847800,09:16:40
2826,100,282600,09:16:40
2826,500,1413000,09:16:40
2828,100,282800,09:16:40
2827,2300,6502100,09:16:40
2827,100,282700,09:16:40
2826,1900,5369400,09:16:40
2826,100,282600,09:16:40
2826,200,565200,09:16:40
2825,400,1130000,09:16:40
2824,100,282400,09:16:40
2822,100,282200,09:16:40
2824,100,282400,09:16:40
2825,100,282500,09:16:40
2824,100,282400,09:16:40
2824,100,282400,09:16:40
2824,100,282400,09:16:40
2825,100,282500,09:16:40
2822,1000,2822000,09:16:40
2823,200,564600,09:16:40
2825,2300,6497500,09:16:40
2824,100,282400,09:16:40
2822,200,564400,09:16:40
2824,1300,3671200,09:16:40
2824,300,847200,09:16:40
2824,200,564800,09:16:40
2824,200,564800,09:16:40
2824,200,564800,09:16:40
2824,100,282400,09:16:40
2823,1600,4516800,09:16:40
2823,2600,7339800,09:16:40
2822,600,1693200,09:16:40
2821,100,282100,09:16:40
2818,100,281800,09:16:37
2821,100,282100,09:16:37
2820,100,282000,09:16:37
2820,100,282000,09:16:37
2818,100,281800,09:16:36
2817,100,281700,09:16:36
2818,100,281800,09:16:36
2817,100,281700,09:16:36
2819,100,281900,09:16:36
2819,100,281900,09:16:36
2819,100,281900,09:16:36
2821,700,1974700,09:16:36
2817,600,1690200,09:16:36
2818,200,563600,09:16:36
2818,100,281800,09:16:36
2819,200,563800,09:16:36
2821,100,282100,09:16:36
2821,100,282100,09:16:36
2819,100,281900,09:16:36
2818,300,845400,09:16:36
2818,100,281800,09:16:36
2818,100,281800,09:16:36
2818,300,845400,09:16:36
2818,100,281800,09:16:36
2820,2700,7614000,09:16:36
2818,100,281800,09:16:36
2818,100,281800,09:16:36
2819,800,2255200,09:16:36
2818,2100,5917800,09:16:36
2817,400,1126800,09:16:36
2814,1400,3939600,09:16:36
2814,200,562800,09:16:36
2814,400,1125600,09:16:36
2814,100,281400,09:16:36
2812,100,281200,09:16:35
2814,300,844200,09:16:34
2813,500,1406500,09:16:33
2814,700,1969800,09:16:33
2815,600,1689000,09:16:33
2814,100,281400,09:16:33
2814,100,281400,09:16:32
2815,100,281500,09:16:31
2814,600,1688400,09:16:31
2816,200,563200,09:16:31
2815,100,281500,09:16:31
2815,100,281500,09:16:31
2816,100,281600,09:16:31
2815,1900,5348500,09:16:31
2814,100,281400,09:16:31
2814,100,281400,09:16:31
2814,100,281400,09:16:31
2813,100,281300,09:16:31
2811,100,281100,09:16:30
2812,100,281200,09:16:29
2813,100,281300,09:16:27
2814,100,281400,09:16:25
2813,100,281300,09:16:25
2814,100,281400,09:16:25
2813,300,843900,09:16:25
2812,200,562400,09:16:25
2812,100,281200,09:16:25
2812,200,562400,09:16:25
2812,300,843600,09:16:24
2810,100,281000,09:16:24
2809,100,280900,09:16:23
2808,100,280800,09:16:23
2809,100,280900,09:16:23
2809,100,280900,09:16:23
2809,100,280900,09:16:23
2810,400,1124000,09:16:23
2809,1500,4213500,09:16:23
2809,100,280900,09:16:23
2809,100,280900,09:16:23
2811,500,1405500,09:16:23
2809,700,1966300,09:16:22
2810,100,281000,09:16:22
2810,100,281000,09:16:21
2810,100,281000,09:16:20
2812,100,281200,09:16:19
2809,600,1685400,09:16:19
2810,700,1967000,09:16:19
2811,100,281100,09:16:19
2812,200,562400,09:16:19
2812,200,562400,09:16:19
2812,200,562400,09:16:19
2815,100,281500,09:16:18
2814,200,562800,09:16:18
2812,100,281200,09:16:18
2813,400,1125200,09:16:17
2814,100,281400,09:16:17
2813,200,562600,09:16:16
2813,300,843900,09:16:16
2813,300,843900,09:16:16
2811,1100,3092100,09:16:15
2810,500,1405000,09:16:15
2810,300,843000,09:16:15
2809,100,280900,09:16:14
2811,100,281100,09:16:14
2811,100,281100,09:16:13
2811,300,843300,09:16:13
2812,100,281200,09:16:12
2811,400,1124400,09:16:12
2810,200,562000,09:16:12
2809,500,1404500,09:16:12
2809,300,842700,09:16:11
2807,100,280700,09:16:09
2807,100,280700,09:16:09
2811,600,1686600,09:16:09
2810,1100,3091000,09:16:09
2809,600,1685400,09:16:09
2808,300,842400,09:16:09
2807,200,561400,09:16:08
2806,400,1122400,09:16:08
2807,600,1684200,09:16:08
2809,200,561800,09:16:07
2810,400,1124000,09:16:07
2811,500,1405500,09:16:06
2810,1400,3934000,09:16:06
2807,100,280700,09:16:05
2806,100,280600,09:16:03
2809,300,842700,09:16:03
2808,400,1123200,09:16:03
2807,200,561400,09:16:01
2807,200,561400,09:16:00
2806,300,841800,09:16:00
2806,100,280600,09:15:59
2808,500,1404000,09:15:58
2807,200,561400,09:15:56
2809,100,280900,09:15:55
2811,100,281100,09:15:55
2810,300,843000,09:15:53
2809,100,280900,09:15:53
2810,100,281000,09:15:53
2811,200,562200,09:15:53
2811,1600,4497600,09:15:53
2810,100,281000,09:15:53
2811,100,281100,09:15:53
2809,200,561800,09:15:53
2810,100,281000,09:15:53
2810,700,1967000,09:15:53
2809,400,1123600,09:15:53
2809,1600,4494400,09:15:53
2808,100,280800,09:15:53
2805,200,561000,09:15:53
2805,500,1402500,09:15:52
2802,100,280200,09:15:52
2803,300,840900,09:15:52
2802,100,280200,09:15:52
2803,100,280300,09:15:52
2803,500,1401500,09:15:52
2807,1000,2807000,09:15:52
2806,400,1122400,09:15:52
2805,400,1122000,09:15:52
2804,100,280400,09:15:52
2803,100,280300,09:15:52
2804,200,560800,09:15:48
2805,100,280500,09:15:48
2803,100,280300,09:15:48
2803,300,840900,09:15:46
2805,200,561000,09:15:46
2806,300,841800,09:15:46
2809,100,280900,09:15:44
2810,300,843000,09:15:43
2808,200,561600,09:15:43
2809,100,280900,09:15:43
2811,200,562200,09:15:43
2811,200,562200,09:15:41
2810,100,281000,09:15:41
2807,100,280700,09:15:41
2809,100,280900,09:15:40
2808,600,1684800,09:15:40
2807,800,2245600,09:15:38
2808,700,1965600,09:15:37
2809,100,280900,09:15:37
2811,100,281100,09:15:37
2809,500,1404500,09:15:37
2808,200,561600,09:15:37
2809,1300,3651700,09:15:37
2810,700,1967000,09:15:36
2811,100,281100,09:15:36
2813,300,843900,09:15:36
2812,200,562400,09:15:36
2811,100,281100,09:15:36
2813,500,1406500,09:15:35
2812,400,1124800,09:15:35
2815,200,563000,09:15:34
2813,700,1969100,09:15:34
2812,700,1968400,09:15:34
2811,100,281100,09:15:34
2810,100,281000,09:15:34
2810,100,281000,09:15:34
2810,100,281000,09:15:34
2811,200,562200,09:15:33
2813,100,281300,09:15:32
2814,500,1407000,09:15:32
2812,300,843600,09:15:31
2814,200,562800,09:15:30
2814,300,844200,09:15:29
2818,200,563600,09:15:29
2817,100,281700,09:15:29
2817,700,1971900,09:15:29
2815,100,281500,09:15:29
2816,700,1971200,09:15:28
2813,100,281300,09:15:28
2813,200,562600,09:15:28
2812,700,1968400,09:15:28
2813,200,562600,09:15:28
2813,200,562600,09:15:28
2814,400,1125600,09:15:28
2814,100,281400,09:15:28
2814,100,281400,09:15:28
2815,600,1689000,09:15:28
2813,200,562600,09:15:28
2813,100,281300,09:15:28
2812,600,1687200,09:15:28
2813,200,562600,09:15:28
2813,100,281300,09:15:27
2814,100,281400,09:15:27
2816,600,1689600,09:15:27
2815,200,563000,09:15:27
2816,200,563200,09:15:27
2815,1400,3941000,09:15:27
2814,400,1125600,09:15:27
2813,300,843900,09:15:27
2812,100,281200,09:15:27
2812,100,281200,09:15:26
2812,400,1124800,09:15:26
2811,100,281100,09:15:26
2809,100,280900,09:15:25
2809,100,280900,09:15:25
2810,600,1686000,09:15:25
2809,100,280900,09:15:25
2806,100,280600,09:15:22
2805,100,280500,09:15:21
2805,200,561000,09:15:20
2807,200,561400,09:15:20
2807,100,280700,09:15:20
2810,900,2529000,09:15:20
2808,300,842400,09:15:20
2807,100,280700,09:15:20
2805,900,2524500,09:15:20
2806,200,561200,09:15:20
2806,100,280600,09:15:20
2806,100,280600,09:15:20
2809,900,2528100,09:15:20
2808,500,1404000,09:15:20
2806,300,841800,09:15:20
2806,100,280600,09:15:20
2806,100,280600,09:15:20
2807,300,842100,09:15:20
2806,900,2525400,09:15:20
2805,100,280500,09:15:20
2806,100,280600,09:15:20
2805,500,1402500,09:15:20
2804,100,280400,09:15:20
2804,100,280400,09:15:20
2804,100,280400,09:15:20
2803,200,560600,09:15:20
2803,1500,4204500,09:15:20
2803,100,280300,09:15:20
2802,1300,3642600,09:15:20
2801,200,560200,09:15:20
2800,1800,5040000,09:15:20
2799,600,1679400,09:15:20
2798,100,279800,09:15:20
2797,100,279700,09:15:19
2797,200,559400,09:15:17
2794,600,1676400,09:15:13
2798,200,559600,09:15:12
2797,300,839100,09:15:12
2795,600,1677000,09:15:10
2793,100,279300,09:15:10
2794,400,1117600,09:15:09
2794,100,279400,09:15:08
2795,100,279500,09:15:08
2795,100,279500,09:15:08
2796,200,559200,09:15:08
2796,100,279600,09:15:08
2796,100,279600,09:15:08
2796,100,279600,09:15:08
2797,100,279700,09:15:08
2796,100,279600,09:15:08
2796,100,279600,09:15:08
2796,300,838800,09:15:08
2798,600,1678800,09:15:08
2797,100,279700,09:15:08
2796,100,279600,09:15:08
2795,200,559000,09:15:08
2797,3500,9789500,09:15:08
2795,100,279500,09:15:08
2795,100,279500,09:15:08
2796,300,838800,09:15:08
2795,100,279500,09:15:08
2795,400,1118000,09:15:07
2795,100,279500,09:15:07
2795,100,279500,09:15:06
2795,100,279500,09:15:03
2795,600,1677000,09:15:03
2796,100,279600,09:15:03
2796,300,838800,09:15:03
2794,200,558800,09:15:02
2797,100,279700,09:15:02
2797,100,279700,09:15:00
2797,2000,5594000,09:15:00
2795,100,279500,09:15:00
2794,300,838200,09:15:00
2795,200,559000,09:15:00
2797,100,279700,09:15:00
2795,100,279500,09:15:00
2794,100,279400,09:15:00
2795,400,1118000,09:14:59
2795,100,279500,09:14:59
2795,100,279500,09:14:59
2795,100,279500,09:14:59
2798,700,1958600,09:14:59
2797,100,279700,09:14:59
2795,700,1956500,09:14:59
2797,100,279700,09:14:58
2796,100,279600,09:14:57
2795,700,1956500,09:14:57
2797,200,559400,09:14:55
2797,200,559400,09:14:54
2796,100,279600,09:14:54
2796,100,279600,09:14:53
2796,100,279600,09:14:53
2796,100,279600,09:14:53
2797,100,279700,09:14:53
2797,200,559400,09:14:52
2798,100,279800,09:14:51
2800,300,840000,09:14:51
2800,500,1400000,09:14:51
2799,100,279900,09:14:50
2801,100,280100,09:14:49
2800,400,1120000,09:14:49
2799,200,559800,09:14:49
2797,100,279700,09:14:48
2797,200,559400,09:14:48
2797,100,279700,09:14:48
2798,100,279800,09:14:46
2801,300,840300,09:14:45
2798,200,559600,09:14:45
2800,100,280000,09:14:45
2797,200,559400,09:14:43
2798,100,279800,09:14:43
2799,200,559800,09:14:43
2800,200,560000,09:14:43
2800,1100,3080000,09:14:43
2799,400,1119600,09:14:43
2796,100,279600,09:14:43
2798,100,279800,09:14:41
2798,100,279800,09:14:41
2797,100,279700,09:14:40
2798,100,279800,09:14:40
2798,100,279800,09:14:40
2797,100,279700,09:14:40
2797,700,1957900,09:14:40
2796,100,279600,09:14:40
2796,100,279600,09:14:40
2796,100,279600,09:14:40
2794,100,279400,09:14:40
2796,200,559200,09:14:38
2796,200,559200,09:14:38
2796,100,279600,09:14:38
2798,300,839400,09:14:37
2797,100,279700,09:14:36
2795,100,279500,09:14:36
2796,300,838800,09:14:35
2797,400,1118800,09:14:35
2796,700,1957200,09:14:35
2795,100,279500,09:14:35
2795,100,279500,09:14:35
2795,100,279500,09:14:35
2795,100,279500,09:14:35
2794,100,279400,09:14:35
2797,200,559400,09:14:34
2795,100,279500,09:14:34
2795,300,838500,09:14:33
2799,100,279900,09:14:33
2798,100,279800,09:14:33
2798,100,279800,09:14:33
2799,100,279900,09:14:33
2800,100,280000,09:14:31
2801,100,280100,09:14:31
2800,100,280000,09:14:31
2803,100,280300,09:14:31
2801,300,840300,09:14:31
2802,800,2241600,09:14:31
2803,700,1962100,09:14:31
2805,100,280500,09:14:30
2804,100,280400,09:14:30
2804,500,1402000,09:14:30
2803,200,560600,09:14:30
2801,100,280100,09:14:30
2802,300,840600,09:14:30
2803,300,840900,09:14:30
2804,300,841200,09:14:30
2804,100,280400,09:14:30
2802,100,280200,09:14:29
2801,200,560200,09:14:29
2801,300,840300,09:14:29
2802,100,280200,09:14:29
2804,100,280400,09:14:28
2804,100,280400,09:14:28
2803,200,560600,09:14:28
2802,100,280200,09:14:28
2802,300,840600,09:14:28
2804,100,280400,09:14:28
2803,100,280300,09:14:27
2803,100,280300,09:14:27
2804,100,280400,09:14:27
2804,100,280400,09:14:27
2804,500,1402000,09:14:27
2806,1600,4489600,09:14:27
2805,400,1122000,09:14:27
2804,300,841200,09:14:27
2801,100,280100,09:14:27
2803,1500,4204500,09:14:27
2802,400,1120800,09:14:27
2801,100,280100,09:14:27
2801,200,560200,09:14:27
2800,100,280000,09:14:27
2803,100,280300,09:14:27
2802,100,280200,09:14:27
2801,100,280100,09:14:27
2801,100,280100,09:14:27
2800,100,280000,09:14:27
2800,1400,3920000,09:14:27
2799,400,1119600,09:14:27
2798,100,279800,09:14:27
2798,300,839400,09:14:27
2796,100,279600,09:14:27
2797,400,1118800,09:14:27
2796,300,838800,09:14:27
2795,100,279500,09:14:27
2795,100,279500,09:14:27
2794,1600,4470400,09:14:27
2793,500,1396500,09:14:27
2792,100,279200,09:14:27
2793,100,279300,09:14:27
2794,100,279400,09:14:27
2792,100,279200,09:14:27
2794,100,279400,09:14:27
2793,100,279300,09:14:27
2794,300,838200,09:14:27
2793,100,279300,09:14:27
2794,100,279400,09:14:27
2793,100,279300,09:14:27
2794,100,279400,09:14:27
2794,100,279400,09:14:27
2793,400,1117200,09:14:27
2793,200,558600,09:14:27
2792,200,558400,09:14:27
2791,1300,3628300,09:14:27
2790,500,1395000,09:14:27
2788,600,1672800,09:14:27
2787,200,557400,09:14:27
2786,400,1114400,09:14:27
2785,200,557000,09:14:27
2784,100,278400,09:14:27
2784,200,556800,09:14:27
2784,400,1113600,09:14:27
2783,100,278300,09:14:27
2783,300,834900,09:14:27
2782,800,2225600,09:14:27
2781,100,278100,09:14:27
2780,100,278000,09:14:27
2781,200,556200,09:14:27
2779,100,277900,09:14:27
2780,300,834000,09:14:27
2779,100,277900,09:14:27
2779,100,277900,09:14:27
2778,5000,13890000,09:14:27
2775,100,277500,09:14:27
2775,100,277500,09:14:27
2777,800,2221600,09:14:27
2775,100,277500,09:14:27
2774,500,1387000,09:14:27
2775,100,277500,09:14:26
2774,100,277400,09:14:26
2774,200,554800,09:14:25
2774,100,277400,09:14:24
2775,300,832500,09:14:24
2778,200,555600,09:14:24
2779,200,555800,09:14:24
2778,100,277800,09:14:23
2778,400,1111200,09:14:23
2775,1200,3330000,09:14:23
2776,1800,4996800,09:14:23
2777,500,1388500,09:14:23
2778,100,277800,09:14:23
2778,400,1111200,09:14:23
2780,300,834000,09:14:23
2778,1200,3333600,09:14:23
2778,400,1111200,09:14:23
2779,100,277900,09:14:23
2778,100,277800,09:14:23
2778,300,833400,09:14:22
2779,100,277900,09:14:22
2780,100,278000,09:14:22
2779,200,555800,09:14:21
2778,200,555600,09:14:21
2777,300,833100,09:14:21
2777,100,277700,09:14:21
2777,100,277700,09:14:21
2776,400,1110400,09:14:21
2777,100,277700,09:14:21
2776,300,832800,09:14:21
2777,800,2221600,09:14:21
2778,100,277800,09:14:21
2780,100,278000,09:14:21
2778,100,277800,09:14:21
2779,300,833700,09:14:20
2779,100,277900,09:14:20
2779,100,277900,09:14:20
2779,100,277900,09:14:20
2778,200,555600,09:14:19
2780,100,278000,09:14:19
2781,200,556200,09:14:19
2780,500,1390000,09:14:19
2778,700,1944600,09:14:19
2779,200,555800,09:14:18
2780,600,1668000,09:14:18
2781,300,834300,09:14:18
2781,100,278100,09:14:18
2782,100,278200,09:14:17
2785,300,835500,09:14:16
2782,100,278200,09:14:16
2782,200,556400,09:14:15
2781,200,556200,09:14:14
2781,100,278100,09:14:14
2779,400,1111600,09:14:14
2780,100,278000,09:14:14
2783,100,278300,09:14:13
2781,300,834300,09:14:13
2779,100,277900,09:14:13
2779,400,1111600,09:14:13
2778,100,277800,09:14:13
2779,100,277900,09:14:13
2779,100,277900,09:14:13
2779,100,277900,09:14:13
2776,400,1110400,09:14:13
2776,400,1110400,09:14:13
2777,100,277700,09:14:13
2779,100,277900,09:14:13
2777,100,277700,09:14:13
2777,200,555400,09:14:13
2777,200,555400,09:14:13
2778,100,277800,09:14:13
2778,100,277800,09:14:13
2779,100,277900,09:14:13
2779,100,277900,09:14:13
2780,1700,4726000,09:14:13
2780,1400,3892000,09:14:13
2781,100,278100,09:14:13
2782,100,278200,09:14:13
2783,400,1113200,09:14:13
2783,100,278300,09:14:13
2783,2300,6400900,09:14:13
2784,200,556800,09:14:13
2787,100,278700,09:14:12
2787,200,557400,09:14:11
2790,100,279000,09:14:10
2790,900,2511000,09:14:10
2788,100,278800,09:14:10
2788,400,1115200,09:14:10
2789,100,278900,09:14:10
2788,400,1115200,09:14:10
2789,200,557800,09:14:10
2791,100,279100,09:14:09
2788,300,836400,09:14:08
2791,900,2511900,09:14:08
2790,100,279000,09:14:08
2784,100,278400,09:14:08
2790,1800,5022000,09:14:08
2789,1500,4183500,09:14:08
2788,2400,6691200,09:14:08
2787,1200,3344400,09:14:08
2786,1600,4457600,09:14:08
2785,1200,3342000,09:14:08
2784,300,835200,09:14:08
2782,100,278200,09:14:08
2784,200,556800,09:14:08
2783,300,834900,09:14:08
2781,100,278100,09:14:07
2783,200,556600,09:14:07
2782,100,278200,09:14:07
2782,100,278200,09:14:07
2783,300,834900,09:14:06
2783,100,278300,09:14:06
2783,100,278300,09:14:06
2785,100,278500,09:14:06
2786,300,835800,09:14:05
2785,100,278500,09:14:04
2786,200,557200,09:14:04
2786,200,557200,09:14:03
2787,100,278700,09:14:03
2787,100,278700,09:14:03
2787,100,278700,09:14:03
2787,100,278700,09:14:03
2788,200,557600,09:14:03
2788,700,1951600,09:14:03
2787,200,557400,09:14:03
2786,200,557200,09:14:03
2786,100,278600,09:14:03
2787,100,278700,09:14:02
2788,1100,3066800,09:14:02
2788,100,278800,09:14:02
2789,200,557800,09:14:02
2789,100,278900,09:14:02
2790,600,1674000,09:14:02
2790,4400,12276000,09:14:02
2790,100,279000,09:14:02
2791,100,279100,09:14:02
2792,100,279200,09:14:02
2795,100,279500,09:14:01
2793,900,2513700,09:14:00
2793,900,2513700,09:14:00
2794,900,2514600,09:14:00
2795,300,838500,09:14:00
2796,300,838800,09:14:00
2795,100,279500,09:14:00
2797,100,279700,09:14:00
2796,900,2516400,09:14:00
2795,100,279500,09:14:00
2793,100,279300,09:13:58
2794,100,279400,09:13:58
2795,100,279500,09:13:58
2796,200,559200,09:13:58
2794,500,1397000,09:13:57
2793,200,558600,09:13:57
2791,200,558200,09:13:57
2792,400,1116800,09:13:57
2793,700,1955100,09:13:57
2795,100,279500,09:13:57
2795,100,279500,09:13:56
2797,100,279700,09:13:56
2793,400,1117200,09:13:55
2794,300,838200,09:13:55
2794,700,1955800,09:13:55
2795,300,838500,09:13:55
2796,100,279600,09:13:55
2795,400,1118000,09:13:55
2796,500,1398000,09:13:55
2797,200,559400,09:13:54
2795,800,2236000,09:13:54
2796,100,279600,09:13:54
2796,300,838800,09:13:54
2796,100,279600,09:13:54
2794,700,1955800,09:13:54
2794,100,279400,09:13:54
2795,100,279500,09:13:54
2796,200,559200,09:13:53
2796,1000,2796000,09:13:53
2795,100,279500,09:13:53
2794,200,558800,09:13:53
2795,700,1956500,09:13:53
2794,300,838200,09:13:53
2790,100,279000,09:13:53
2791,700,1953700,09:13:53
2792,800,2233600,09:13:53
2793,300,837900,09:13:53
2794,100,279400,09:13:53
2794,200,558800,09:13:53
2794,100,279400,09:13:53
2794,100,279400,09:13:53
2794,100,279400,09:13:53
2792,100,279200,09:13:53
2793,200,558600,09:13:53
2794,100,279400,09:13:53
2794,100,279400,09:13:53
2794,100,279400,09:13:52
2795,1000,2795000,09:13:52
2795,100,279500,09:13:52
2799,100,279900,09:13:52
2799,2000,5598000,09:13:52
2800,700,1960000,09:13:52
2801,100,280100,09:13:52
2801,300,840300,09:13:52
2802,300,840600,09:13:51
2801,100,280100,09:13:51
2800,100,280000,09:13:51
2801,400,1120400,09:13:50
2800,400,1120000,09:13:50
2801,600,1680600,09:13:50
2802,200,560400,09:13:50
2800,100,280000,09:13:48
2801,600,1680600,09:13:48
2802,400,1120800,09:13:46
2802,100,280200,09:13:46
2802,200,560400,09:13:45
2803,200,560600,09:13:45
2802,100,280200,09:13:45
2801,100,280100,09:13:45
2801,200,560200,09:13:45
2801,300,840300,09:13:45
2800,300,840000,09:13:45
2799,100,279900,09:13:43
2800,300,840000,09:13:43
2800,100,280000,09:13:43
2798,100,279800,09:13:42
2798,100,279800,09:13:42
2798,200,559600,09:13:42
2799,200,559800,09:13:42
2799,700,1959300,09:13:42
2798,200,559600,09:13:42
2798,100,279800,09:13:42
2798,100,279800,09:13:42
2799,100,279900,09:13:42
2800,500,1400000,09:13:41
2801,100,280100,09:13:41
2800,100,280000,09:13:41
2801,200,560200,09:13:41
2801,100,280100,09:13:41
2800,1200,3360000,09:13:41
2802,100,280200,09:13:41
2801,100,280100,09:13:41
2802,400,1120800,09:13:41
2801,100,280100,09:13:41
2800,300,840000,09:13:41
2799,100,279900,09:13:41
2800,100,280000,09:13:41
2800,100,280000,09:13:41
2800,100,280000,09:13:41
2800,200,560000,09:13:41
2800,200,560000,09:13:41
2800,100,280000,09:13:41
2800,100,280000,09:13:41
2798,100,279800,09:13:41
2799,600,1679400,09:13:41
2800,3000,8400000,09:13:41
2802,100,280200,09:13:41
2803,100,280300,09:13:40
2803,100,280300,09:13:40
2802,100,280200,09:13:39
2802,100,280200,09:13:39
2802,100,280200,09:13:39
2801,800,2240800,09:13:39
2802,1300,3642600,09:13:39
2803,100,280300,09:13:39
2803,100,280300,09:13:39
2804,200,560800,09:13:39
2804,100,280400,09:13:39
2802,200,560400,09:13:39
2803,100,280300,09:13:39
2804,200,560800,09:13:38
2805,300,841500,09:13:38
2806,300,841800,09:13:38
2807,100,280700,09:13:36
2807,100,280700,09:13:36
2807,200,561400,09:13:36
2809,200,561800,09:13:36
2810,200,562000,09:13:36
2812,500,1406000,09:13:35
2812,100,281200,09:13:35
2812,100,281200,09:13:34
2810,200,562000,09:13:34
2812,100,281200,09:13:34
2811,100,281100,09:13:34
2815,200,563000,09:13:33
2814,500,1407000,09:13:33
2813,300,843900,09:13:33
2813,300,843900,09:13:33
2812,100,281200,09:13:33
2810,200,562000,09:13:33
2813,500,1406500,09:13:32
2811,100,281100,09:13:32
2812,100,281200,09:13:31
2811,200,562200,09:13:31
2810,100,281000,09:13:31
2809,500,1404500,09:13:31
2809,500,1404500,09:13:28
2809,1000,2809000,09:13:28
2809,100,280900,09:13:28
2809,100,280900,09:13:28
2808,200,561600,09:13:28
2806,400,1122400,09:13:28
2807,600,1684200,09:13:28
2808,800,2246400,09:13:28
2809,100,280900,09:13:28
2810,100,281000,09:13:27
2810,100,281000,09:13:27
2811,1600,4497600,09:13:26
2810,200,562000,09:13:26
2807,100,280700,09:13:26
2807,100,280700,09:13:25
2809,200,561800,09:13:25
2808,300,842400,09:13:25
2809,600,1685400,09:13:24
2810,200,562000,09:13:24
2810,100,281000,09:13:24
2809,400,1123600,09:13:24
2810,100,281000,09:13:23
2809,100,280900,09:13:22
2809,100,280900,09:13:22
2811,200,562200,09:13:22
2810,100,281000,09:13:22
2810,200,562000,09:13:21
2810,100,281000,09:13:20
2808,100,280800,09:13:19
2810,200,562000,09:13:18
2808,300,842400,09:13:18
2808,100,280800,09:13:18
2808,900,2527200,09:13:18
2807,800,2245600,09:13:18
2805,400,1122000,09:13:17
2807,100,280700,09:13:17
2806,100,280600,09:13:17
2806,100,280600,09:13:16
2807,100,280700,09:13:16
2806,400,1122400,09:13:16
2806,100,280600,09:13:16
2804,100,280400,09:13:15
2805,100,280500,09:13:15
2805,100,280500,09:13:14
2806,200,561200,09:13:14
2806,100,280600,09:13:14
2807,100,280700,09:13:14
2808,1400,3931200,09:13:14
2809,700,1966300,09:13:14
2809,100,280900,09:13:14
2811,100,281100,09:13:14
2809,100,280900,09:13:13
2810,200,562000,09:13:13
2811,400,1124400,09:13:13
2812,100,281200,09:13:13
2813,100,281300,09:13:13
2814,300,844200,09:13:13
2815,200,563000,09:13:13
2817,200,563400,09:13:12
2819,100,281900,09:13:12
2818,100,281800,09:13:11
2818,100,281800,09:13:11
2820,100,282000,09:13:09
2817,100,281700,09:13:09
2818,100,281800,09:13:09
2820,400,1128000,09:13:09
2821,200,564200,09:13:09
2821,200,564200,09:13:09
2821,100,282100,09:13:09
2821,200,564200,09:13:09
2821,100,282100,09:13:09
2820,2600,7332000,09:13:09
2820,100,282000,09:13:09
2819,100,281900,09:13:08
2819,100,281900,09:13:07
2819,100,281900,09:13:07
2819,200,563800,09:13:07
2818,100,281800,09:13:07
2818,300,845400,09:13:07
2816,100,281600,09:13:07
2818,400,1127200,09:13:07
2817,100,281700,09:13:07
2817,200,563400,09:13:07
2816,500,1408000,09:13:07
2815,100,281500,09:13:07
2814,100,281400,09:13:07
2815,1100,3096500,09:13:07
2814,100,281400,09:13:07
2812,100,281200,09:13:07
2812,600,1687200,09:13:07
2813,200,562600,09:13:07
2814,100,281400,09:13:06
2814,200,562800,09:13:06
2816,100,281600,09:13:05
2815,100,281500,09:13:05
2814,500,1407000,09:13:05
2814,300,844200,09:13:04
2815,100,281500,09:13:04
2815,100,281500,09:13:03
2814,200,562800,09:13:03
2813,400,1125200,09:13:01
2814,200,562800,09:13:01
2814,100,281400,09:13:01
2815,1200,3378000,09:13:01
2816,1000,2816000,09:13:01
2815,100,281500,09:13:01
2815,100,281500,09:13:01
2816,100,281600,09:13:00
2816,100,281600,09:13:00
2815,500,1407500,09:13:00
2814,100,281400,09:13:00
2813,100,281300,09:13:00
2812,1400,3936800,09:13:00
2812,100,281200,09:13:00
2812,600,1687200,09:13:00
2812,800,2249600,09:13:00
2812,500,1406000,09:13:00
2815,100,281500,09:13:00
2814,100,281400,09:12:59
2814,200,562800,09:12:59
2816,400,1126400,09:12:59
2813,300,843900,09:12:59
2813,400,1125200,09:12:58
2812,1500,4218000,09:12:58
2811,1000,2811000,09:12:58
2810,200,562000,09:12:58
2810,1300,3653000,09:12:58
2812,400,1124800,09:12:58
2811,100,281100,09:12:58
2811,200,562200,09:12:58
2811,300,843300,09:12:58
2812,1400,3936800,09:12:58
2813,1300,3656900,09:12:58
2814,300,844200,09:12:58
2813,100,281300,09:12:58
2818,1300,3663400,09:12:58
2817,400,1126800,09:12:58
2816,600,1689600,09:12:58
2815,300,844500,09:12:58
2814,300,844200,09:12:57
2814,100,281400,09:12:57
2813,200,562600,09:12:57
2812,100,281200,09:12:57
2812,100,281200,09:12:57
2812,100,281200,09:12:57
2812,100,281200,09:12:57
2811,100,281100,09:12:57
2812,300,843600,09:12:56
2812,100,281200,09:12:56
2813,100,281300,09:12:56
2815,500,1407500,09:12:56
2813,100,281300,09:12:55
2814,400,1125600,09:12:55
2813,100,281300,09:12:55
2813,100,281300,09:12:55
2812,100,281200,09:12:54
2811,100,281100,09:12:54
2811,100,281100,09:12:53
2811,200,562200,09:12:53
2812,100,281200,09:12:53
2813,100,281300,09:12:53
2812,200,562400,09:12:53
2811,100,281100,09:12:52
2809,300,842700,09:12:51
2805,100,280500,09:12:49
2805,400,1122000,09:12:49
2806,600,1683600,09:12:49
2806,200,561200,09:12:48
2807,100,280700,09:12:48
2808,100,280800,09:12:48
2808,100,280800,09:12:48
2810,100,281000,09:12:47
2812,100,281200,09:12:47
2810,100,281000,09:12:44
2811,100,281100,09:12:43
2811,200,562200,09:12:43
2811,100,281100,09:12:43
2811,100,281100,09:12:43
2811,100,281100,09:12:43
2811,100,281100,09:12:43
2810,800,2248000,09:12:43
2810,500,1405000,09:12:43
2808,100,280800,09:12:42
2810,200,562000,09:12:42
2807,100,280700,09:12:42
2809,1200,3370800,09:12:42
2808,100,280800,09:12:40
2808,300,842400,09:12:40
2807,100,280700,09:12:40
2807,200,561400,09:12:40
2805,800,2244000,09:12:39
2803,200,560600,09:12:39
2804,100,280400,09:12:38
2805,100,280500,09:12:38
2806,300,841800,09:12:37
2806,300,841800,09:12:37
2805,300,841500,09:12:37
2803,300,840900,09:12:37
2804,300,841200,09:12:37
2803,100,280300,09:12:37
2802,500,1401000,09:12:37
2801,900,2520900,09:12:37
2800,200,560000,09:12:37
2800,100,280000,09:12:37
2797,100,279700,09:12:36
2799,300,839700,09:12:35
2798,500,1399000,09:12:35
2795,300,838500,09:12:34
2796,200,559200,09:12:34
2796,1200,3355200,09:12:33
2795,100,279500,09:12:33
2794,100,279400,09:12:33
2795,400,1118000,09:12:33
2794,300,838200,09:12:33
2795,100,279500,09:12:33
2795,600,1677000,09:12:33
2795,100,279500,09:12:33
2796,7400,20690400,09:12:33
2796,1000,2796000,09:12:33
2796,2000,5592000,09:12:33
2796,800,2236800,09:12:33
2797,200,559400,09:12:33
2797,100,279700,09:12:32
2798,100,279800,09:12:31
2797,100,279700,09:12:31
2797,700,1957900,09:12:31
2797,100,279700,09:12:31
2798,1600,4476800,09:12:31
2798,200,559600,09:12:30
2799,100,279900,09:12:30
2800,100,280000,09:12:30
2799,100,279900,09:12:30
2800,400,1120000,09:12:30
2801,100,280100,09:12:30
2801,100,280100,09:12:30
2802,100,280200,09:12:29
2798,100,279800,09:12:27
2803,100,280300,09:12:27
2802,100,280200,09:12:27
2802,100,280200,09:12:27
2803,100,280300,09:12:27
2803,100,280300,09:12:27
2803,100,280300,09:12:27
2802,900,2521800,09:12:27
2801,600,1680600,09:12:27
2800,200,560000,09:12:27
2799,400,1119600,09:12:26
2800,500,1400000,09:12:25
2800,100,280000,09:12:25
2800,100,280000,09:12:25
2801,100,280100,09:12:23
2802,300,840600,09:12:21
2800,100,280000,09:12:18
2800,1000,2800000,09:12:18
2800,100,280000,09:12:17
2800,100,280000,09:12:17
2799,100,279900,09:12:17
2803,100,280300,09:12:16
2798,200,559600,09:12:16
2799,200,559800,09:12:16
2800,100,280000,09:12:16
2801,300,840300,09:12:16
2802,100,280200,09:12:16
2801,100,280100,09:12:16
2801,100,280100,09:12:16
2803,100,280300,09:12:15
2802,1300,3642600,09:12:15
2799,100,279900,09:12:15
2800,900,2520000,09:12:15
2799,900,2519100,09:12:15
2797,200,559400,09:12:15
2798,1000,2798000,09:12:15
2796,100,279600,09:12:14
2797,500,1398500,09:12:14
2797,200,559400,09:12:14
2797,100,279700,09:12:14
2797,600,1678200,09:12:13
2798,300,839400,09:12:12
2799,100,279900,09:12:12
2800,100,280000,09:12:12
2800,100,280000,09:12:12
2800,100,280000,09:12:12
2802,500,1401000,09:12:12
2801,400,1120400,09:12:12
2800,300,840000,09:12:12
2799,100,279900,09:12:11
2800,500,1400000,09:12:10
2802,100,280200,09:12:10
2801,200,560200,09:12:10
2800,100,280000,09:12:10
2800,100,280000,09:12:10
2799,100,279900,09:12:10
2800,100,280000,09:12:09
2799,100,279900,09:12:08
2802,600,1681200,09:12:08
2801,400,1120400,09:12:08
2800,500,1400000,09:12:08
2800,200,560000,09:12:08
2800,200,560000,09:12:06
2798,100,279800,09:12:06
2799,100,279900,09:12:06
2800,200,560000,09:12:05
2799,1100,3078900,09:12:05
2797,500,1398500,09:12:05
2798,100,279800,09:12:05
2800,100,280000,09:12:04
2799,300,839700,09:12:04
2798,100,279800,09:12:04
2798,200,559600,09:12:03
2797,200,559400,09:12:03
2798,100,279800,09:12:03
2797,1200,3356400,09:12:03
2796,300,838800,09:12:03
2794,100,279400,09:12:03
2794,200,558800,09:12:02
2795,100,279500,09:12:02
2796,100,279600,09:12:02
2797,1500,4195500,09:12:02
2796,100,279600,09:12:02
2796,100,279600,09:12:02
2796,100,279600,09:12:02
2796,200,559200,09:12:02
2798,500,1399000,09:12:01
2797,500,1398500,09:12:01
2797,100,279700,09:12:01
2798,200,559600,09:12:01
2800,100,280000,09:12:01
2799,200,559800,09:12:01
2798,500,1399000,09:12:01
2797,400,1118800,09:12:01
2797,100,279700,09:12:01
2797,800,2237600,09:12:01
2798,200,559600,09:12:01
2800,500,1400000,09:12:01
2799,700,1959300,09:12:01
2798,300,839400,09:12:01
2796,100,279600,09:12:00
2795,100,279500,09:12:00
2795,100,279500,09:12:00
2795,200,559000,09:12:00
2797,100,279700,09:12:00
2798,900,2518200,09:12:00
2799,700,1959300,09:12:00
2800,200,560000,09:12:00
2800,300,840000,09:12:00
2800,600,1680000,09:12:00
2800,100,280000,09:12:00
2801,400,1120400,09:12:00
2803,300,840900,09:11:59
2801,200,560200,09:11:59
2803,1600,4484800,09:11:59
2804,1000,2804000,09:11:59
2805,200,561000,09:11:59
2804,200,560800,09:11:59
2800,300,840000,09:11:59
2801,1100,3081100,09:11:59
2802,600,1681200,09:11:59
2803,100,280300,09:11:59
2804,300,841200,09:11:59
2805,200,561000,09:11:58
2804,100,280400,09:11:58
2805,300,841500,09:11:58
2805,100,280500,09:11:58
2805,700,1963500,09:11:58
2805,100,280500,09:11:58
2806,700,1964200,09:11:58
2807,1600,4491200,09:11:58
2809,500,1404500,09:11:58
2811,200,562200,09:11:58
2809,100,280900,09:11:57
2809,100,280900,09:11:57
2807,600,1684200,09:11:57
2810,400,1124000,09:11:57
2808,100,280800,09:11:56
2807,200,561400,09:11:56
2808,400,1123200,09:11:56
2809,200,561800,09:11:56
2809,200,561800,09:11:56
2808,300,842400,09:11:56
2808,100,280800,09:11:56
2809,300,842700,09:11:56
2810,100,281000,09:11:56
2810,700,1967000,09:11:56
2811,200,562200,09:11:56
2811,200,562200,09:11:56
2811,100,281100,09:11:55
2813,100,281300,09:11:55
2812,100,281200,09:11:55
2812,100,281200,09:11:55
2810,100,281000,09:11:55
2810,100,281000,09:11:54
2809,200,561800,09:11:54
2808,100,280800,09:11:54
2809,200,561800,09:11:54
2811,200,562200,09:11:54
2809,100,280900,09:11:53
2808,100,280800,09:11:53
2809,200,561800,09:11:52
2810,100,281000,09:11:52
2809,200,561800,09:11:52
2810,100,281000,09:11:52
2811,300,843300,09:11:52
2810,500,1405000,09:11:52
2811,100,281100,09:11:52
2810,100,281000,09:11:52
2809,100,280900,09:11:52
2811,200,562200,09:11:52
2810,100,281000,09:11:52
2809,100,280900,09:11:51
2809,200,561800,09:11:51
2809,400,1123600,09:11:51
2809,200,561800,09:11:51
2809,200,561800,09:11:51
2810,300,843000,09:11:51
2810,400,1124000,09:11:51
2811,700,1967700,09:11:51
2811,100,281100,09:11:51
2811,100,281100,09:11:51
2813,200,562600,09:11:51
2812,100,281200,09:11:51
2810,100,281000,09:11:50
2812,400,1124800,09:11:50
2813,200,562600,09:11:50
2813,100,281300,09:11:50
2813,100,281300,09:11:50
2813,200,562600,09:11:50
2813,100,281300,09:11:50
2813,100,281300,09:11:50
2813,100,281300,09:11:50
2813,100,281300,09:11:50
2814,100,281400,09:11:50
2813,200,562600,09:11:50
2815,500,1407500,09:11:50
2814,700,1969800,09:11:50
2814,100,281400,09:11:50
2813,400,1125200,09:11:49
2811,300,843300,09:11:49
2810,100,281000,09:11:49
2808,100,280800,09:11:49
2809,200,561800,09:11:49
2807,100,280700,09:11:48
2806,1000,2806000,09:11:48
2806,900,2525400,09:11:48
2806,100,280600,09:11:48
2808,200,561600,09:11:48
2806,600,1683600,09:11:48
2808,300,842400,09:11:48
2808,100,280800,09:11:48
2809,200,561800,09:11:48
2809,200,561800,09:11:48
2809,100,280900,09:11:48
2808,900,2527200,09:11:48
2808,400,1123200,09:11:48
2806,100,280600,09:11:47
2807,100,280700,09:11:47
2807,300,842100,09:11:47
2806,200,561200,09:11:46
2806,100,280600,09:11:46
2805,100,280500,09:11:45
2806,600,1683600,09:11:45
2807,1400,3929800,09:11:45
2809,100,280900,09:11:45
2807,100,280700,09:11:44
2806,300,841800,09:11:44
2807,200,561400,09:11:44
2808,200,561600,09:11:44
2808,200,561600,09:11:44
2808,100,280800,09:11:44
2808,100,280800,09:11:44
2808,100,280800,09:11:44
2808,100,280800,09:11:44
2808,300,842400,09:11:44
2808,200,561600,09:11:44
2810,100,281000,09:11:44
2806,100,280600,09:11:44
2807,1400,3929800,09:11:43
2806,400,1122400,09:11:43
2805,400,1122000,09:11:43
2805,100,280500,09:11:43
2805,300,841500,09:11:43
2807,300,842100,09:11:43
2804,200,560800,09:11:43
2805,300,841500,09:11:43
2803,100,280300,09:11:43
2805,100,280500,09:11:43
2806,100,280600,09:11:43
2806,100,280600,09:11:43
2807,100,280700,09:11:43
2810,100,281000,09:11:43
2808,1000,2808000,09:11:43
2809,100,280900,09:11:43
2809,100,280900,09:11:43
2809,200,561800,09:11:43
2809,100,280900,09:11:43
2810,100,281000,09:11:43
2812,100,281200,09:11:43
2809,100,280900,09:11:43
2809,100,280900,09:11:43
2812,300,843600,09:11:43
2810,900,2529000,09:11:43
2809,400,1123600,09:11:43
2809,500,1404500,09:11:43
2808,200,561600,09:11:43
2807,300,842100,09:11:43
2805,100,280500,09:11:43
2805,300,841500,09:11:43
2804,200,560800,09:11:43
2803,1100,3083300,09:11:43
2802,100,280200,09:11:43
2801,400,1120400,09:11:43
2801,100,280100,09:11:42
2800,8400,23520000,09:11:42
2799,2300,6437700,09:11:42
2798,600,1678800,09:11:42
2797,700,1957900,09:11:42
2797,100,279700,09:11:42
2795,100,279500,09:11:41
2795,200,559000,09:11:41
2797,100,279700,09:11:41
2796,200,559200,09:11:40
2796,100,279600,09:11:40
2795,200,559000,09:11:40
2794,200,558800,09:11:40
2794,200,558800,09:11:40
2794,200,558800,09:11:40
2794,100,279400,09:11:40
2791,300,837300,09:11:40
2792,100,279200,09:11:40
2793,200,558600,09:11:40
2792,300,837600,09:11:40
2791,900,2511900,09:11:40
2790,100,279000,09:11:40
2791,100,279100,09:11:39
2790,100,279000,09:11:38
2790,200,558000,09:11:38
2791,100,279100,09:11:37
2791,100,279100,09:11:37
2791,200,558200,09:11:37
2793,100,279300,09:11:36
2792,100,279200,09:11:36
2792,500,1396000,09:11:36
2792,500,1396000,09:11:36
2792,100,279200,09:11:35
2791,100,279100,09:11:35
2792,100,279200,09:11:35
2791,100,279100,09:11:35
2789,300,836700,09:11:35
2788,100,278800,09:11:35
2789,400,1115600,09:11:35
2788,100,278800,09:11:35
2789,100,278900,09:11:35
2787,1200,3344400,09:11:35
2788,1500,4182000,09:11:35
2789,800,2231200,09:11:35
2790,900,2511000,09:11:35
2791,500,1395500,09:11:35
2793,100,279300,09:11:34
2793,200,558600,09:11:34
2793,700,1955100,09:11:34
2792,200,558400,09:11:34
2792,100,279200,09:11:33
2793,100,279300,09:11:33
2790,100,279000,09:11:32
2791,100,279100,09:11:32
2793,100,279300,09:11:32
2792,500,1396000,09:11:32
2789,1200,3346800,09:11:31
2790,700,1953000,09:11:31
2791,100,279100,09:11:31
2791,100,279100,09:11:31
2793,400,1117200,09:11:31
2790,1000,2790000,09:11:31
2792,100,279200,09:11:31
2791,600,1674600,09:11:31
2792,100,279200,09:11:31
2791,100,279100,09:11:31
2792,200,558400,09:11:31
2792,200,558400,09:11:31
2791,300,837300,09:11:31
2790,100,279000,09:11:31
2789,200,557800,09:11:31
2790,200,558000,09:11:31
2790,100,279000,09:11:31
2792,100,279200,09:11:30
2793,400,1117200,09:11:30
2795,100,279500,09:11:30
2795,100,279500,09:11:30
2795,100,279500,09:11:28
2794,300,838200,09:11:28
2793,400,1117200,09:11:28
2792,100,279200,09:11:28
2791,200,558200,09:11:28
2793,200,558600,09:11:28
2790,100,279000,09:11:27
2792,100,279200,09:11:26
2789,300,836700,09:11:26
2790,100,279000,09:11:26
2791,400,1116400,09:11:26
2790,400,1116000,09:11:26
2791,100,279100,09:11:26
2792,200,558400,09:11:25
2791,100,279100,09:11:25
2791,100,279100,09:11:25
2792,100,279200,09:11:25
2791,200,558200,09:11:25
2792,100,279200,09:11:25
2792,100,279200,09:11:25
2790,200,558000,09:11:25
2791,100,279100,09:11:25
2791,100,279100,09:11:24
2791,100,279100,09:11:24
2790,100,279000,09:11:24
2792,200,558400,09:11:24
2790,500,1395000,09:11:24
2791,300,837300,09:11:24
2792,200,558400,09:11:24
2791,300,837300,09:11:24
2790,100,279000,09:11:23
2790,200,558000,09:11:23
2791,100,279100,09:11:23
2789,100,278900,09:11:22
2790,200,558000,09:11:22
2788,100,278800,09:11:22
2789,400,1115600,09:11:22
2790,400,1116000,09:11:22
2793,500,1396500,09:11:22
2792,400,1116800,09:11:22
2791,100,279100,09:11:22
2790,200,558000,09:11:22
2789,400,1115600,09:11:22
2787,200,557400,09:11:22
2788,100,278800,09:11:21
2788,300,836400,09:11:21
2788,100,278800,09:11:21
2788,100,278800,09:11:21
2789,300,836700,09:11:21
2791,100,279100,09:11:21
2790,100,279000,09:11:20
2790,300,837000,09:11:20
2791,100,279100,09:11:20
2791,100,279100,09:11:20
2791,100,279100,09:11:20
2791,200,558200,09:11:20
2792,100,279200,09:11:20
2793,300,837900,09:11:20
2791,100,279100,09:11:20
2792,100,279200,09:11:19
2792,100,279200,09:11:19
2792,1000,2792000,09:11:18
2792,300,837600,09:11:18
2791,200,558200,09:11:18
2790,300,837000,09:11:18
2790,100,279000,09:11:17
2788,100,278800,09:11:17
2786,100,278600,09:11:17
2789,100,278900,09:11:16
2787,100,278700,09:11:16
2789,100,278900,09:11:15
2790,200,558000,09:11:15
2789,200,557800,09:11:15
2788,100,278800,09:11:15
2787,100,278700,09:11:15
2788,100,278800,09:11:15
2787,200,557400,09:11:15
2788,100,278800,09:11:15
2788,200,557600,09:11:15
2788,500,1394000,09:11:15
2787,300,836100,09:11:15
2787,200,557400,09:11:15
2787,200,557400,09:11:15
2788,200,557600,09:11:15
2788,300,836400,09:11:15
2790,100,279000,09:11:14
2789,100,278900,09:11:14
2790,100,279000,09:11:14
2788,100,278800,09:11:14
2789,100,278900,09:11:13
2789,200,557800,09:11:12
2790,100,279000,09:11:12
2791,100,279100,09:11:12
2791,100,279100,09:11:12
2791,200,558200,09:11:12
2791,200,558200,09:11:12
2792,100,279200,09:11:12
2792,100,279200,09:11:12
2791,100,279100,09:11:11
2791,100,279100,09:11:11
2790,200,558000,09:11:11
2791,100,279100,09:11:11
2791,500,1395500,09:11:11
2790,600,1674000,09:11:11
2789,1400,3904600,09:11:11
2788,900,2509200,09:11:11
2788,200,557600,09:11:11
2788,100,278800,09:11:11
2789,200,557800,09:11:11
2788,100,278800,09:11:11
2788,100,278800,09:11:10
2786,500,1393000,09:11:10
2786,300,835800,09:11:10
2785,700,1949500,09:11:10
2785,100,278500,09:11:10
2783,100,278300,09:11:10
2785,300,835500,09:11:09
2784,100,278400,09:11:09
2784,100,278400,09:11:09
2783,200,556600,09:11:09
2782,200,556400,09:11:08
2781,100,278100,09:11:08
2780,100,278000,09:11:08
2781,200,556200,09:11:08
2779,300,833700,09:11:08
2782,100,278200,09:11:08
2780,3600,10008000,09:11:08
2779,700,1945300,09:11:08
2777,900,2499300,09:11:08
2776,200,555200,09:11:08
2776,200,555200,09:11:08
2776,700,1943200,09:11:08
2775,800,2220000,09:11:08
2774,100,277400,09:11:08
2774,200,554800,09:11:08
2772,100,277200,09:11:08
2774,100,277400,09:11:08
2772,100,277200,09:11:08
2773,100,277300,09:11:07
2773,200,554600,09:11:07
2776,100,277600,09:11:07
2774,600,1664400,09:11:06
2775,400,1110000,09:11:06
2775,100,277500,09:11:06
2775,100,277500,09:11:06
2773,700,1941100,09:11:05
2775,100,277500,09:11:05
2775,1600,4440000,09:11:05
2775,200,555000,09:11:05
2774,100,277400,09:11:04
2774,400,1109600,09:11:04
2775,400,1110000,09:11:04
2775,400,1110000,09:11:04
2777,100,277700,09:11:04
2778,500,1389000,09:11:03
2778,500,1389000,09:11:03
2775,100,277500,09:11:03
2776,100,277600,09:11:03
2778,200,555600,09:11:02
2776,600,1665600,09:11:02
2777,100,277700,09:11:02
2777,100,277700,09:11:02
2779,100,277900,09:11:02
2779,100,277900,09:11:02
2778,100,277800,09:11:01
2777,1000,2777000,09:11:01
2777,100,277700,09:11:01
2776,500,1388000,09:11:01
2776,1000,2776000,09:11:01
2775,200,555000,09:11:01
2774,700,1941800,09:11:01
2772,100,277200,09:11:01
2772,100,277200,09:11:01
2773,600,1663800,09:11:01
2774,400,1109600,09:11:01
2775,800,2220000,09:11:01
2777,300,833100,09:11:01
2775,100,277500,09:11:01
2775,100,277500,09:11:01
2777,100,277700,09:11:00
2775,100,277500,09:11:00
2776,100,277600,09:10:59
2776,100,277600,09:10:57
2777,200,555400,09:10:57
2776,100,277600,09:10:57
2776,200,555200,09:10:57
2774,100,277400,09:10:56
2774,200,554800,09:10:56
2775,100,277500,09:10:56
2775,500,1387500,09:10:56
2772,100,277200,09:10:55
2770,200,554000,09:10:55
2772,100,277200,09:10:54
2770,100,277000,09:10:54
2770,200,554000,09:10:53
2771,500,1385500,09:10:53
2774,1000,2774000,09:10:53
2773,300,831900,09:10:53
2772,100,277200,09:10:53
2772,200,554400,09:10:53
2769,400,1107600,09:10:53
2768,900,2491200,09:10:53
2767,100,276700,09:10:53
2767,200,553400,09:10:53
2767,100,276700,09:10:53
2768,300,830400,09:10:53
2770,300,831000,09:10:53
2770,100,277000,09:10:52
2770,100,277000,09:10:52
2771,100,277100,09:10:52
2769,400,1107600,09:10:52
2770,600,1662000,09:10:52
2771,100,277100,09:10:52
2771,100,277100,09:10:52
2774,100,277400,09:10:52
2773,700,1941100,09:10:52
2772,500,1386000,09:10:52
2770,400,1108000,09:10:51
2769,300,830700,09:10:51
2768,100,276800,09:10:51
2770,100,277000,09:10:51
2770,200,554000,09:10:50
2769,200,553800,09:10:50
2767,100,276700,09:10:50
2767,200,553400,09:10:50
2770,100,277000,09:10:50
2770,100,277000,09:10:49
2770,100,277000,09:10:49
2768,200,553600,09:10:49
2767,100,276700,09:10:49
2767,200,553400,09:10:49
2768,100,276800,09:10:49
2767,500,1383500,09:10:49
2767,300,830100,09:10:49
2768,100,276800,09:10:49
2768,400,1107200,09:10:49
2769,200,553800,09:10:49
2769,300,830700,09:10:49
2770,500,1385000,09:10:49
2772,200,554400,09:10:49
2769,100,276900,09:10:49
2771,300,831300,09:10:49
2769,100,276900,09:10:48
2770,100,277000,09:10:48
2770,100,277000,09:10:47
2772,100,277200,09:10:46
2772,300,831600,09:10:46
2771,500,1385500,09:10:46
2769,100,276900,09:10:46
2771,100,277100,09:10:46
2770,100,277000,09:10:46
2768,100,276800,09:10:45
2769,100,276900,09:10:45
2771,200,554200,09:10:45
2769,100,276900,09:10:45
2771,100,277100,09:10:45
2770,100,277000,09:10:45
2770,300,831000,09:10:45
2769,200,553800,09:10:45
2768,100,276800,09:10:45
2770,100,277000,09:10:44
2770,100,277000,09:10:43
2770,100,277000,09:10:43
2769,100,276900,09:10:43
2768,100,276800,09:10:43
2768,100,276800,09:10:43
2769,200,553800,09:10:43
2770,200,554000,09:10:43
2774,1400,3883600,09:10:43
2773,400,1109200,09:10:43
2772,500,1386000,09:10:43
2771,100,277100,09:10:43
2770,500,1385000,09:10:43
2768,100,276800,09:10:43
2770,100,277000,09:10:42
2770,100,277000,09:10:42
2768,100,276800,09:10:42
2770,200,554000,09:10:42
2770,100,277000,09:10:42
2767,100,276700,09:10:42
2768,200,553600,09:10:42
2768,200,553600,09:10:42
2770,300,831000,09:10:41
2769,100,276900,09:10:41
2769,200,553800,09:10:41
2766,200,553200,09:10:41
2768,100,276800,09:10:41
2768,100,276800,09:10:40
2768,300,830400,09:10:40
2768,100,276800,09:10:40
2770,100,277000,09:10:39
2769,100,276900,09:10:39
2768,100,276800,09:10:39
2769,500,1384500,09:10:39
2768,300,830400,09:10:39
2767,100,276700,09:10:38
2766,200,553200,09:10:38
2768,700,1937600,09:10:37
2770,300,831000,09:10:37
2769,200,553800,09:10:37
2767,100,276700,09:10:37
2769,100,276900,09:10:37
2768,100,276800,09:10:37
2766,100,276600,09:10:37
2766,100,276600,09:10:36
2767,100,276700,09:10:36
2766,100,276600,09:10:36
2766,100,276600,09:10:36
2764,300,829200,09:10:35
2764,100,276400,09:10:35
2764,100,276400,09:10:35
2765,300,829500,09:10:34
2765,100,276500,09:10:34
2767,200,553400,09:10:34
2766,100,276600,09:10:34
2766,100,276600,09:10:34
2767,100,276700,09:10:33
2764,200,552800,09:10:33
2765,400,1106000,09:10:33
2765,100,276500,09:10:32
2766,200,553200,09:10:32
2763,100,276300,09:10:32
2764,300,829200,09:10:31
2765,100,276500,09:10:31
2765,200,553000,09:10:31
2766,100,276600,09:10:31
2764,200,552800,09:10:31
2765,100,276500,09:10:31
2765,400,1106000,09:10:31
2765,800,2212000,09:10:31
2764,100,276400,09:10:31
2763,200,552600,09:10:31
2764,100,276400,09:10:30
2764,100,276400,09:10:30
2763,200,552600,09:10:30
2762,100,276200,09:10:30
2760,700,1932000,09:10:30
2760,200,552000,09:10:29
2760,100,276000,09:10:29
2760,300,828000,09:10:28
2757,300,827100,09:10:28
2758,200,551600,09:10:28
2760,100,276000,09:10:27
2760,100,276000,09:10:27
2759,200,551800,09:10:27
2757,100,275700,09:10:27
2758,600,1654800,09:10:26
2760,100,276000,09:10:26
2761,200,552200,09:10:26
2760,100,276000,09:10:26
2759,100,275900,09:10:26
2760,100,276000,09:10:25
2760,100,276000,09:10:25
2761,100,276100,09:10:25
2761,600,1656600,09:10:25
2761,300,828300,09:10:25
2761,100,276100,09:10:25
2760,1800,4968000,09:10:25
2760,200,552000,09:10:25
2760,200,552000,09:10:25
2760,200,552000,09:10:25
2760,200,552000,09:10:25
2759,100,275900,09:10:25
2759,400,1103600,09:10:25
2757,100,275700,09:10:24
2758,200,551600,09:10:24
2756,100,275600,09:10:24
2757,600,1654200,09:10:23
2758,500,1379000,09:10:23
2759,300,827700,09:10:22
2758,100,275800,09:10:21
2757,200,551400,09:10:21
2755,400,1102000,09:10:21
2757,100,275700,09:10:21
2757,100,275700,09:10:20
2756,800,2204800,09:10:19
2758,100,275800,09:10:19
2759,200,551800,09:10:18
2758,300,827400,09:10:18
2758,200,551600,09:10:17
2757,300,827100,09:10:17
2757,300,827100,09:10:17
2755,100,275500,09:10:16
2753,900,2477700,09:10:16
2751,300,825300,09:10:15
2753,200,550600,09:10:15
2754,600,1652400,09:10:15
2754,400,1101600,09:10:14
2753,500,1376500,09:10:14
2752,100,275200,09:10:14
2750,100,275000,09:10:14
2752,100,275200,09:10:14
2752,700,1926400,09:10:14
2750,200,550000,09:10:14
2750,100,275000,09:10:14
2749,300,824700,09:10:14
2749,400,1099600,09:10:14
2750,300,825000,09:10:14
2750,100,275000,09:10:13
2750,100,275000,09:10:13
2750,400,1100000,09:10:13
2750,200,550000,09:10:13
2750,200,550000,09:10:13
2750,200,550000,09:10:13
2750,100,275000,09:10:13
2751,200,550200,09:10:12
2751,800,2200800,09:10:12
2751,100,275100,09:10:12
2752,100,275200,09:10:11
2754,100,275400,09:10:11
2753,100,275300,09:10:11
2752,100,275200,09:10:11
2753,100,275300,09:10:10
2754,200,550800,09:10:10
2753,100,275300,09:10:10
2753,100,275300,09:10:10
2752,100,275200,09:10:10
2753,100,275300,09:10:09
2751,200,550200,09:10:09
2752,300,825600,09:10:09
2752,200,550400,09:10:09
2752,200,550400,09:10:09
2753,100,275300,09:10:09
2754,200,550800,09:10:09
2758,300,827400,09:10:09
2757,900,2481300,09:10:09
2756,1400,3858400,09:10:09
2755,1100,3030500,09:10:09
2753,300,825900,09:10:09
2754,200,550800,09:10:09
2753,100,275300,09:10:09
2754,200,550800,09:10:09
2754,100,275400,09:10:09
2754,100,275400,09:10:08
2757,100,275700,09:10:07
2755,300,826500,09:10:07
2756,300,826800,09:10:07
2756,200,551200,09:10:07
2756,1000,2756000,09:10:07
2755,2600,7163000,09:10:07
2754,200,550800,09:10:07
2754,100,275400,09:10:07
2752,100,275200,09:10:06
2751,100,275100,09:10:06
2751,100,275100,09:10:06
2752,300,825600,09:10:05
2752,100,275200,09:10:05
2753,100,275300,09:10:05
2750,1300,3575000,09:10:05
2751,1000,2751000,09:10:05
2752,300,825600,09:10:05
2753,100,275300,09:10:04
2754,100,275400,09:10:04
2754,100,275400,09:10:04
2754,100,275400,09:10:04
2753,500,1376500,09:10:04
2750,100,275000,09:10:03
2750,100,275000,09:10:02
2749,100,274900,09:10:02
2750,600,1650000,09:10:02
2751,1000,2751000,09:10:02
2752,1500,4128000,09:10:02
2753,200,550600,09:10:02
2752,100,275200,09:10:01
2751,100,275100,09:10:01
2751,100,275100,09:10:01
2749,100,274900,09:10:01
2750,100,275000,09:10:00
2751,200,550200,09:10:00
2749,300,824700,09:09:59
2750,100,275000,09:09:59
2749,200,549800,09:09:59
2750,600,1650000,09:09:59
2753,100,275300,09:09:58
2752,400,1100800,09:09:57
2753,100,275300,09:09:57
2752,1100,3027200,09:09:57
2752,100,275200,09:09:57
2751,100,275100,09:09:56
2750,400,1100000,09:09:56
2751,300,825300,09:09:56
2755,1400,3857000,09:09:56
2754,1500,4131000,09:09:56
2753,400,1101200,09:09:56
2752,500,1376000,09:09:56
2750,200,550000,09:09:56
2748,200,549600,09:09:56
2749,200,549800,09:09:56
2750,100,275000,09:09:56
2751,100,275100,09:09:56
2752,100,275200,09:09:56
2752,100,275200,09:09:56
2754,200,550800,09:09:56
2754,300,826200,09:09:55
2753,200,550600,09:09:55
2752,200,550400,09:09:55
2752,600,1651200,09:09:55
2751,700,1925700,09:09:55
2752,100,275200,09:09:55
2753,100,275300,09:09:55
2753,100,275300,09:09:55
2753,500,1376500,09:09:55
2752,200,550400,09:09:55
2751,100,275100,09:09:54
2751,100,275100,09:09:54
2750,100,275000,09:09:54
2750,300,825000,09:09:54
2749,100,274900,09:09:54
2748,100,274800,09:09:54
2748,200,549600,09:09:54
2748,200,549600,09:09:54
2748,400,1099200,09:09:53
2747,300,824100,09:09:53
2746,100,274600,09:09:53
2745,100,274500,09:09:52
2746,100,274600,09:09:51
2745,300,823500,09:09:50
2744,1800,4939200,09:09:50
2743,500,1371500,09:09:50
2741,100,274100,09:09:50
2742,100,274200,09:09:49
2742,100,274200,09:09:49
2741,100,274100,09:09:49
2741,100,274100,09:09:49
2741,800,2192800,09:09:49
2742,700,1919400,09:09:49
2743,1500,4114500,09:09:49
2743,600,1645800,09:09:47
2745,300,823500,09:09:47
2744,700,1920800,09:09:46
2742,100,274200,09:09:46
2742,300,822600,09:09:46
2743,1200,3291600,09:09:46
2745,100,274500,09:09:46
2745,100,274500,09:09:45
2744,100,274400,09:09:45
2746,200,549200,09:09:45
2746,100,274600,09:09:45
2744,800,2195200,09:09:45
2745,500,1372500,09:09:45
2746,100,274600,09:09:45
2745,400,1098000,09:09:45
2747,500,1373500,09:09:45
2748,100,274800,09:09:45
2750,100,275000,09:09:44
2750,300,825000,09:09:43
2751,100,275100,09:09:43
2753,300,825900,09:09:43
2752,600,1651200,09:09:43
2751,400,1100400,09:09:43
2750,600,1650000,09:09:43
2750,100,275000,09:09:43
2749,100,274900,09:09:43
2748,100,274800,09:09:43
2747,100,274700,09:09:43
2748,100,274800,09:09:42
2748,100,274800,09:09:41
2748,100,274800,09:09:41
2748,100,274800,09:09:41
2748,200,549600,09:09:41
2749,500,1374500,09:09:41
2750,1100,3025000,09:09:41
2751,500,1375500,09:09:41
2755,200,551000,09:09:40
2753,400,1101200,09:09:40
2752,900,2476800,09:09:39
2752,200,550400,09:09:39
2751,200,550200,09:09:39
2751,300,825300,09:09:39
2751,100,275100,09:09:39
2751,200,550200,09:09:39
2751,100,275100,09:09:38
2751,100,275100,09:09:38
2751,100,275100,09:09:38
2753,300,825900,09:09:38
2753,100,275300,09:09:38
2753,100,275300,09:09:38
2752,100,275200,09:09:37
2750,100,275000,09:09:37
2750,100,275000,09:09:37
2750,100,275000,09:09:37
2750,200,550000,09:09:37
2751,100,275100,09:09:37
2750,100,275000,09:09:37
2751,100,275100,09:09:36
2749,100,274900,09:09:36
2749,400,1099600,09:09:36
2751,100,275100,09:09:35
2750,100,275000,09:09:34
2748,100,274800,09:09:33
2747,100,274700,09:09:32
2749,100,274900,09:09:32
2749,300,824700,09:09:32
2750,100,275000,09:09:32
2749,100,274900,09:09:32
2751,100,275100,09:09:32
2750,300,825000,09:09:32
2750,1900,5225000,09:09:32
2750,400,1100000,09:09:32
2749,600,1649400,09:09:32
2748,1600,4396800,09:09:32
2747,200,549400,09:09:32
2746,100,274600,09:09:32
2745,1800,4941000,09:09:32
2745,100,274500,09:09:32
2744,100,274400,09:09:32
2744,100,274400,09:09:31
2743,200,548600,09:09:31
2743,100,274300,09:09:31
2744,100,274400,09:09:31
2744,200,548800,09:09:30
2743,300,822900,09:09:30
2742,100,274200,09:09:28
2740,100,274000,09:09:27
2741,200,548200,09:09:27
2740,500,1370000,09:09:27
2738,100,273800,09:09:27
2737,100,273700,09:09:26
2739,200,547800,09:09:26
2739,100,273900,09:09:26
2740,100,274000,09:09:26
2741,100,274100,09:09:26
2740,100,274000,09:09:26
2740,500,1370000,09:09:25
2740,100,274000,09:09:24
2739,200,547800,09:09:24
2739,100,273900,09:09:23
2738,100,273800,09:09:23
2737,300,821100,09:09:23
2738,100,273800,09:09:23
2738,200,547600,09:09:23
2738,100,273800,09:09:23
2740,300,822000,09:09:22
2738,100,273800,09:09:22
2740,100,274000,09:09:21
2739,300,821700,09:09:20
2740,100,274000,09:09:20
2740,300,822000,09:09:20
2741,200,548200,09:09:20
2741,100,274100,09:09:20
2739,100,273900,09:09:20
2740,200,548000,09:09:20
2742,100,274200,09:09:19
2740,200,548000,09:09:18
2741,100,274100,09:09:18
2742,100,274200,09:09:18
2740,100,274000,09:09:18
2740,100,274000,09:09:18
2739,100,273900,09:09:16
2739,300,821700,09:09:15
2738,100,273800,09:09:15
2737,1100,3010700,09:09:15
2737,100,273700,09:09:15
2736,100,273600,09:09:15
2736,100,273600,09:09:15
2736,100,273600,09:09:15
2738,100,273800,09:09:15
2737,100,273700,09:09:14
2735,100,273500,09:09:14
2735,200,547000,09:09:14
2736,600,1641600,09:09:14
2737,500,1368500,09:09:14
2739,300,821700,09:09:14
2738,100,273800,09:09:14
2736,100,273600,09:09:14
2737,100,273700,09:09:14
2742,600,1645200,09:09:14
2741,600,1644600,09:09:14
2740,2900,7946000,09:09:14
2739,600,1643400,09:09:14
2737,100,273700,09:09:13
2738,500,1369000,09:09:13
2737,200,547400,09:09:13
2735,100,273500,09:09:13
2735,400,1094000,09:09:13
2736,200,547200,09:09:12
2737,100,273700,09:09:12
2735,200,547000,09:09:11
2735,100,273500,09:09:11
2737,300,821100,09:09:10
2737,200,547400,09:09:10
2738,200,547600,09:09:10
2738,100,273800,09:09:10
2739,300,821700,09:09:10
2739,200,547800,09:09:10
2738,100,273800,09:09:09
2737,100,273700,09:09:09
2739,100,273900,09:09:08
2738,100,273800,09:09:08
2737,1100,3010700,09:09:08
2737,200,547400,09:09:08
2735,100,273500,09:09:08
2733,300,819900,09:09:08
2735,100,273500,09:09:07
2735,100,273500,09:09:07
2735,200,547000,09:09:07
2734,500,1367000,09:09:07
2732,100,273200,09:09:07
2732,100,273200,09:09:07
2733,100,273300,09:09:07
2734,100,273400,09:09:05
2735,100,273500,09:09:05
2735,100,273500,09:09:05
2733,600,1639800,09:09:05
2735,500,1367500,09:09:05
2736,100,273600,09:09:05
2736,200,547200,09:09:05
2735,600,1641000,09:09:05
2734,400,1093600,09:09:05
2734,100,273400,09:09:04
2733,100,273300,09:09:04
2734,200,546800,09:09:04
2735,100,273500,09:09:04
2733,100,273300,09:09:04
2734,100,273400,09:09:04
2734,300,820200,09:09:04
2734,100,273400,09:09:04
2734,100,273400,09:09:04
2733,200,546600,09:09:03
2732,200,546400,09:09:03
2731,100,273100,09:09:02
2727,100,272700,09:09:01
2729,100,272900,09:09:01
2728,200,545600,09:09:00
2731,100,273100,09:09:00
2730,200,546000,09:09:00
2728,100,272800,09:08:59
2728,400,1091200,09:08:59
2728,100,272800,09:08:59
2729,200,545800,09:08:59
2730,1000,2730000,09:08:59
2731,100,273100,09:08:58
2731,100,273100,09:08:58
2732,600,1639200,09:08:58
2731,100,273100,09:08:58
2730,200,546000,09:08:58
2730,400,1092000,09:08:57
2732,200,546400,09:08:57
2731,100,273100,09:08:57
2729,100,272900,09:08:54
2730,200,546000,09:08:54
2730,400,1092000,09:08:54
2728,100,272800,09:08:54
2731,200,546200,09:08:53
2730,100,273000,09:08:53
2729,100,272900,09:08:53
2730,100,273000,09:08:53
2730,300,819000,09:08:53
2729,100,272900,09:08:52
2729,200,545800,09:08:52
2729,100,272900,09:08:52
2730,100,273000,09:08:52
2730,100,273000,09:08:51
2731,100,273100,09:08:51
2731,100,273100,09:08:50
2729,100,272900,09:08:50
2729,200,545800,09:08:49
2729,600,1637400,09:08:48
2730,600,1638000,09:08:48
2729,200,545800,09:08:48
2729,100,272900,09:08:48
2729,300,818700,09:08:48
2729,200,545800,09:08:48
2729,200,545800,09:08:48
2729,200,545800,09:08:48
2730,100,273000,09:08:47
2729,100,272900,09:08:47
2730,200,546000,09:08:46
2732,100,273200,09:08:45
2730,800,2184000,09:08:45
2731,100,273100,09:08:45
2731,100,273100,09:08:45
2731,500,1365500,09:08:44
2732,200,546400,09:08:44
2734,100,273400,09:08:44
2732,200,546400,09:08:44
2732,200,546400,09:08:44
2731,100,273100,09:08:44
2731,100,273100,09:08:42
2734,100,273400,09:08:41
2732,500,1366000,09:08:41
2731,200,546200,09:08:41
2729,300,818700,09:08:40
2729,100,272900,09:08:40
2729,100,272900,09:08:40
2730,100,273000,09:08:39
2730,100,273000,09:08:39
2730,100,273000,09:08:39
2730,100,273000,09:08:39
2732,100,273200,09:08:39
2731,100,273100,09:08:39
2729,400,1091600,09:08:39
2730,100,273000,09:08:39
2729,100,272900,09:08:38
2729,400,1091600,09:08:38
2730,100,273000,09:08:38
2731,100,273100,09:08:38
2731,100,273100,09:08:37
2731,100,273100,09:08:37
2731,100,273100,09:08:37
2730,100,273000,09:08:36
2730,300,819000,09:08:36
2731,700,1911700,09:08:36
2732,100,273200,09:08:36
2732,100,273200,09:08:36
2732,200,546400,09:08:35
2733,1700,4646100,09:08:35
2732,100,273200,09:08:35
2732,100,273200,09:08:35
2732,100,273200,09:08:35
2732,200,546400,09:08:35
2732,300,819600,09:08:35
2732,100,273200,09:08:35
2732,100,273200,09:08:35
2732,100,273200,09:08:35
2732,400,1092800,09:08:35
2728,100,272800,09:08:34
2729,100,272900,09:08:33
2729,100,272900,09:08:33
2728,200,545600,09:08:33
2729,100,272900,09:08:33
2729,100,272900,09:08:33
2729,100,272900,09:08:33
2728,100,272800,09:08:33
2730,100,273000,09:08:33
2730,400,1092000,09:08:33
2730,200,546000,09:08:33
2730,400,1092000,09:08:33
2729,500,1364500,09:08:33
2728,3500,9548000,09:08:33
2728,100,272800,09:08:33
2725,100,272500,09:08:33
2725,100,272500,09:08:32
2727,100,272700,09:08:32
2726,200,545200,09:08:32
2727,100,272700,09:08:32
2727,100,272700,09:08:32
2725,100,272500,09:08:32
2726,400,1090400,09:08:31
2724,100,272400,09:08:31
2725,200,545000,09:08:31
2725,100,272500,09:08:31
2724,100,272400,09:08:30
2723,100,272300,09:08:30
2723,200,544600,09:08:30
2723,300,816900,09:08:30
2720,100,272000,09:08:30
2722,1900,5171800,09:08:30
2721,100,272100,09:08:30
2722,200,544400,09:08:30
2720,200,544000,09:08:30
2717,100,271700,09:08:28
2719,100,271900,09:08:28
2717,400,1086800,09:08:28
2716,1000,2716000,09:08:28
2712,300,813600,09:08:28
2713,100,271300,09:08:28
2716,100,271600,09:08:28
2714,100,271400,09:08:28
2715,100,271500,09:08:28
2716,100,271600,09:08:28
2716,200,543200,09:08:27
2717,600,1630200,09:08:27
2719,200,543800,09:08:26
2718,500,1359000,09:08:26
2714,200,542800,09:08:26
2716,400,1086400,09:08:26
2715,1400,3801000,09:08:26
2714,200,542800,09:08:26
2713,100,271300,09:08:26
2712,900,2440800,09:08:26
2711,100,271100,09:08:26
2710,300,813000,09:08:26
2710,100,271000,09:08:25
2710,100,271000,09:08:25
2710,100,271000,09:08:25
2709,500,1354500,09:08:25
2707,200,541400,09:08:25
2708,400,1083200,09:08:25
2709,100,270900,09:08:25
2710,300,813000,09:08:25
2709,300,812700,09:08:24
2708,100,270800,09:08:24
2709,100,270900,09:08:24
2708,200,541600,09:08:24
2705,400,1082000,09:08:24
2706,600,1623600,09:08:24
2708,400,1083200,09:08:24
2706,500,1353000,09:08:24
2710,300,813000,09:08:24
2709,200,541800,09:08:24
2707,200,541400,09:08:24
2708,800,2166400,09:08:24
2709,1100,2979900,09:08:24
2709,500,1354500,09:08:24
2708,1000,2708000,09:08:24
2707,100,270700,09:08:24
2706,100,270600,09:08:24
2706,100,270600,09:08:24
2707,200,541400,09:08:24
2707,100,270700,09:08:23
2706,200,541200,09:08:23
2706,100,270600,09:08:23
2707,900,2436300,09:08:23
2708,200,541600,09:08:22
2708,100,270800,09:08:22
2708,300,812400,09:08:22
2710,100,271000,09:08:22
2709,100,270900,09:08:22
2705,100,270500,09:08:20
2706,100,270600,09:08:19
2706,100,270600,09:08:19
2705,100,270500,09:08:19
2704,100,270400,09:08:19
2705,100,270500,09:08:18
2704,100,270400,09:08:18
2705,100,270500,09:08:18
2705,100,270500,09:08:17
2704,100,270400,09:08:17
2703,100,270300,09:08:17
2704,400,1081600,09:08:17
2704,100,270400,09:08:17
2705,500,1352500,09:08:17
2706,1000,2706000,09:08:17
2708,200,541600,09:08:17
2709,200,541800,09:08:16
2709,100,270900,09:08:15
2710,200,542000,09:08:14
2709,100,270900,09:08:13
2709,300,812700,09:08:13
2710,200,542000,09:08:13
2711,500,1355500,09:08:13
2710,1500,4065000,09:08:13
2709,100,270900,09:08:12
2709,100,270900,09:08:12
2707,200,541400,09:08:11
2707,200,541400,09:08:11
2708,100,270800,09:08:11
2706,100,270600,09:08:10
2707,100,270700,09:08:09
2708,100,270800,09:08:09
2710,400,1084000,09:08:09
2709,200,541800,09:08:09
2708,200,541600,09:08:09
2707,200,541400,09:08:09
2705,100,270500,09:08:09
2706,200,541200,09:08:09
2706,100,270600,09:08:09
2705,100,270500,09:08:08
2705,100,270500,09:08:08
2703,100,270300,09:08:08
2703,600,1621800,09:08:08
2703,200,540600,09:08:08
2706,200,541200,09:08:06
2705,400,1082000,09:08:06
2704,100,270400,09:08:06
2704,100,270400,09:08:06
2704,300,811200,09:08:06
2705,200,541000,09:08:06
2706,200,541200,09:08:06
2706,100,270600,09:08:05
2706,100,270600,09:08:05
2708,100,270800,09:08:03
2709,100,270900,09:08:03
2710,100,271000,09:08:02
2710,100,271000,09:08:02
2709,100,270900,09:08:01
2710,100,271000,09:08:00
2711,800,2168800,09:07:59
2710,200,542000,09:07:59
2710,300,813000,09:07:59
2711,400,1084400,09:07:59
2711,100,271100,09:07:59
2706,600,1623600,09:07:59
2707,1200,3248400,09:07:59
2708,1000,2708000,09:07:59
2709,600,1625400,09:07:59
2710,200,542000,09:07:59
2713,100,271300,09:07:58
2713,100,271300,09:07:57
2715,200,543000,09:07:57
2716,100,271600,09:07:57
2714,200,542800,09:07:56
2715,400,1086000,09:07:56
2715,200,543000,09:07:56
2715,200,543000,09:07:56
2714,1200,3256800,09:07:56
2713,1800,4883400,09:07:56
2712,300,813600,09:07:56
2712,100,271200,09:07:56
2712,200,542400,09:07:56
2711,200,542200,09:07:56
2710,300,813000,09:07:56
2708,100,270800,09:07:56
2708,200,541600,09:07:56
2707,1300,3519100,09:07:56
2706,500,1353000,09:07:56
2704,100,270400,09:07:54
2703,200,540600,09:07:53
2703,100,270300,09:07:53
2705,100,270500,09:07:53
2705,100,270500,09:07:53
2705,100,270500,09:07:52
2705,100,270500,09:07:51
2707,100,270700,09:07:51
2706,200,541200,09:07:51
2706,100,270600,09:07:51
2706,100,270600,09:07:51
2707,100,270700,09:07:51
2706,100,270600,09:07:50
2704,100,270400,09:07:50
2705,300,811500,09:07:50
2705,200,541000,09:07:49
2703,200,540600,09:07:49
2702,100,270200,09:07:49
2702,100,270200,09:07:49
2702,100,270200,09:07:49
2701,200,540200,09:07:49
2702,100,270200,09:07:49
2702,1200,3242400,09:07:49
2701,100,270100,09:07:49
2700,200,540000,09:07:48
2700,300,810000,09:07:48
2701,100,270100,09:07:48
2702,400,1080800,09:07:47
2704,600,1622400,09:07:47
2703,100,270300,09:07:47
2701,200,540200,09:07:47
2702,200,540400,09:07:46
2700,700,1890000,09:07:46
2701,200,540200,09:07:46
2701,300,810300,09:07:46
2700,100,270000,09:07:46
2700,100,270000,09:07:46
2702,100,270200,09:07:45
2702,100,270200,09:07:45
2701,200,540200,09:07:45
2702,100,270200,09:07:45
2702,300,810600,09:07:45
2702,300,810600,09:07:45
2701,100,270100,09:07:45
2701,100,270100,09:07:45
2701,100,270100,09:07:45
2701,100,270100,09:07:45
2703,100,270300,09:07:44
2702,100,270200,09:07:44
2702,200,540400,09:07:44
2703,100,270300,09:07:44
2704,4300,11627200,09:07:44
2705,500,1352500,09:07:44
2706,100,270600,09:07:44
2708,300,812400,09:07:44
2709,100,270900,09:07:43
2709,100,270900,09:07:43
2705,200,541000,09:07:43
2706,2000,5412000,09:07:43
2707,1200,3248400,09:07:43
2708,1600,4332800,09:07:43
2709,700,1896300,09:07:43
2710,700,1897000,09:07:43
2711,200,542200,09:07:43
2711,100,271100,09:07:43
2708,100,270800,09:07:43
2710,100,271000,09:07:41
2709,100,270900,09:07:41
2708,1100,2978800,09:07:41
2706,100,270600,09:07:41
2707,100,270700,09:07:41
2707,300,812100,09:07:41
2707,100,270700,09:07:41
2706,400,1082400,09:07:40
2706,100,270600,09:07:39
2704,100,270400,09:07:39
2707,100,270700,09:07:39
2706,200,541200,09:07:39
2707,100,270700,09:07:39
2706,100,270600,09:07:39
2706,200,541200,09:07:39
2706,300,811800,09:07:38
2706,100,270600,09:07:38
2706,100,270600,09:07:38
2706,100,270600,09:07:37
2705,100,270500,09:07:37
2707,100,270700,09:07:37
2705,100,270500,09:07:36
2705,100,270500,09:07:36
2706,200,541200,09:07:34
2705,100,270500,09:07:34
2705,100,270500,09:07:34
2706,100,270600,09:07:34
2706,100,270600,09:07:34
2709,200,541800,09:07:33
2712,100,271200,09:07:33
2707,800,2165600,09:07:33
2708,900,2437200,09:07:33
2709,500,1354500,09:07:33
2710,100,271000,09:07:33
2709,200,541800,09:07:32
2710,500,1355000,09:07:32
2711,200,542200,09:07:32
2711,100,271100,09:07:32
2710,500,1355000,09:07:32
2709,300,812700,09:07:32
2708,100,270800,09:07:32
2707,900,2436300,09:07:32
2708,100,270800,09:07:32
2709,300,812700,09:07:32
2710,200,542000,09:07:30
2711,100,271100,09:07:30
2711,100,271100,09:07:30
2711,100,271100,09:07:29
2710,100,271000,09:07:29
2711,100,271100,09:07:29
2710,200,542000,09:07:29
2711,100,271100,09:07:29
2712,100,271200,09:07:29
2712,100,271200,09:07:29
2713,100,271300,09:07:29
2711,300,813300,09:07:28
2713,100,271300,09:07:28
2712,100,271200,09:07:28
2712,300,813600,09:07:28
2710,1400,3794000,09:07:28
2709,1200,3250800,09:07:28
2707,100,270700,09:07:27
2707,100,270700,09:07:27
2707,1100,2977700,09:07:27
2705,100,270500,09:07:27
2706,100,270600,09:07:27
2705,300,811500,09:07:27
2705,200,541000,09:07:27
2704,200,540800,09:07:26
2703,1600,4324800,09:07:26
2700,100,270000,09:07:26
2700,100,270000,09:07:26
2701,200,540200,09:07:26
2701,400,1080400,09:07:26
2700,100,270000,09:07:26
2700,300,810000,09:07:26
2700,100,270000,09:07:26
2701,100,270100,09:07:26
2701,100,270100,09:07:26
2703,300,810900,09:07:26
2701,100,270100,09:07:26
2699,100,269900,09:07:26
2700,3100,8370000,09:07:26
2701,700,1890700,09:07:26
2702,800,2161600,09:07:26
2701,100,270100,09:07:26
2699,900,2429100,09:07:26
2699,100,269900,09:07:26
2700,200,540000,09:07:26
2700,100,270000,09:07:26
2700,900,2430000,09:07:26
2700,100,270000,09:07:26
2700,800,2160000,09:07:26
2700,100,270000,09:07:26
2700,7100,19170000,09:07:26
2701,1600,4321600,09:07:26
2701,100,270100,09:07:26
2702,100,270200,09:07:26
2704,100,270400,09:07:25
2705,200,541000,09:07:25
2706,500,1353000,09:07:25
2704,400,1081600,09:07:25
2704,400,1081600,09:07:25
2703,500,1351500,09:07:25
2702,1000,2702000,09:07:25
2701,400,1080400,09:07:25
2701,400,1080400,09:07:25
2702,100,270200,09:07:24
2703,100,270300,09:07:24
2704,100,270400,09:07:24
2703,100,270300,09:07:24
2702,200,540400,09:07:24
2702,100,270200,09:07:23
2702,200,540400,09:07:23
2703,100,270300,09:07:23
2703,100,270300,09:07:23
2704,100,270400,09:07:23
2705,100,270500,09:07:23
2704,100,270400,09:07:23
2704,100,270400,09:07:23
2702,300,810600,09:07:23
2703,100,270300,09:07:23
2704,100,270400,09:07:22
2703,400,1081200,09:07:22
2704,100,270400,09:07:22
2704,200,540800,09:07:22
2705,100,270500,09:07:22
2705,900,2434500,09:07:22
2706,100,270600,09:07:22
2705,200,541000,09:07:21
2706,100,270600,09:07:21
2706,400,1082400,09:07:21
2708,100,270800,09:07:21
2706,100,270600,09:07:21
2706,200,541200,09:07:21
2706,300,811800,09:07:21
2707,100,270700,09:07:20
2707,100,270700,09:07:20
2707,100,270700,09:07:19
2708,100,270800,09:07:19
2708,100,270800,09:07:19
2710,100,271000,09:07:18
2710,100,271000,09:07:18
2710,100,271000,09:07:18
2712,100,271200,09:07:17
2712,1100,2983200,09:07:17
2715,200,543000,09:07:17
2714,100,271400,09:07:17
2712,100,271200,09:07:17
2711,100,271100,09:07:17
2710,100,271000,09:07:17
2711,200,542200,09:07:17
2712,100,271200,09:07:16
2712,100,271200,09:07:16
2712,100,271200,09:07:16
2714,300,814200,09:07:16
2714,100,271400,09:07:16
2714,700,1899800,09:07:16
2714,200,542800,09:07:16
2713,200,542600,09:07:15
2712,100,271200,09:07:15
2711,1900,5150900,09:07:15
2710,400,1084000,09:07:15
2709,500,1354500,09:07:15
2707,300,812100,09:07:15
2708,200,541600,09:07:15
2709,400,1083600,09:07:15
2710,1300,3523000,09:07:15
2710,300,813000,09:07:15
2711,1000,2711000,09:07:15
2714,100,271400,09:07:14
2714,100,271400,09:07:14
2713,100,271300,09:07:14
2712,200,542400,09:07:14
2714,100,271400,09:07:14
2716,400,1086400,09:07:14
2713,600,1627800,09:07:14
2714,600,1628400,09:07:14
2716,800,2172800,09:07:14
2715,400,1086000,09:07:14
2713,100,271300,09:07:14
2715,100,271500,09:07:14
2712,100,271200,09:07:14
2714,300,814200,09:07:14
2712,100,271200,09:07:13
2711,200,542200,09:07:13
2710,400,1084000,09:07:13
2714,200,542800,09:07:13
2713,300,813900,09:07:13
2711,100,271100,09:07:13
2714,200,542800,09:07:13
2713,100,271300,09:07:13
2711,900,2439900,09:07:12
2712,200,542400,09:07:12
2713,100,271300,09:07:12
2713,100,271300,09:07:12
2711,100,271100,09:07:12
2710,600,1626000,09:07:12
2708,100,270800,09:07:12
2710,100,271000,09:07:12
2709,100,270900,09:07:12
2712,100,271200,09:07:12
2710,200,542000,09:07:12
2710,100,271000,09:07:11
2710,100,271000,09:07:11
2709,400,1083600,09:07:11
2709,100,270900,09:07:11
2708,600,1624800,09:07:11
2710,300,813000,09:07:11
2709,100,270900,09:07:11
2709,100,270900,09:07:11
2707,500,1353500,09:07:11
2708,100,270800,09:07:11
2709,100,270900,09:07:11
2710,100,271000,09:07:10
2712,100,271200,09:07:10
2711,100,271100,09:07:10
2712,100,271200,09:07:10
2713,100,271300,09:07:10
2712,100,271200,09:07:10
2712,100,271200,09:07:10
2713,100,271300,09:07:10
2715,100,271500,09:07:10
2715,100,271500,09:07:09
2714,300,814200,09:07:09
2712,300,813600,09:07:09
2711,100,271100,09:07:09
2712,100,271200,09:07:09
2714,100,271400,09:07:09
2713,100,271300,09:07:09
2713,100,271300,09:07:09
2711,100,271100,09:07:08
2711,100,271100,09:07:08
2711,100,271100,09:07:08
2711,100,271100,09:07:08
2710,300,813000,09:07:08
2710,200,542000,09:07:08
2710,200,542000,09:07:08
2710,100,271000,09:07:08
2711,100,271100,09:07:08
2712,200,542400,09:07:08
2712,100,271200,09:07:08
2712,200,542400,09:07:08
2712,200,542400,09:07:08
2712,100,271200,09:07:08
2714,200,542800,09:07:08
2717,100,271700,09:07:08
2715,100,271500,09:07:08
2715,300,814500,09:07:08
2715,700,1900500,09:07:08
2715,100,271500,09:07:08
2716,1500,4074000,09:07:08
2717,100,271700,09:07:08
2719,100,271900,09:07:07
2719,100,271900,09:07:07
2718,400,1087200,09:07:07
2720,100,272000,09:07:07
2720,100,272000,09:07:07
2721,300,816300,09:07:07
2720,100,272000,09:07:07
2721,400,1088400,09:07:07
2721,400,1088400,09:07:07
2718,200,543600,09:07:07
2719,1200,3262800,09:07:07
2720,500,1360000,09:07:07
2720,400,1088000,09:07:07
2723,100,272300,09:07:07
2722,1100,2994200,09:07:06
2722,100,272200,09:07:06
2720,100,272000,09:07:06
2720,100,272000,09:07:06
2722,100,272200,09:07:05
2721,100,272100,09:07:05
2721,100,272100,09:07:05
2722,100,272200,09:07:05
2722,100,272200,09:07:05
2723,1900,5173700,09:07:05
2722,100,272200,09:07:05
2722,500,1361000,09:07:05
2720,200,544000,09:07:05
2720,200,544000,09:07:05
2720,200,544000,09:07:05
2721,200,544200,09:07:05
2721,200,544200,09:07:05
2722,100,272200,09:07:05
2722,100,272200,09:07:05
2722,100,272200,09:07:05
2722,300,816600,09:07:05
2721,200,544200,09:07:05
2722,400,1088800,09:07:05
2720,200,544000,09:07:05
2719,100,271900,09:07:05
2720,200,544000,09:07:05
2721,100,272100,09:07:05
2721,100,272100,09:07:04
2722,100,272200,09:07:04
2723,500,1361500,09:07:04
2722,700,1905400,09:07:04
2721,100,272100,09:07:04
2721,300,816300,09:07:04
2720,100,272000,09:07:04
2720,100,272000,09:07:04
2722,400,1088800,09:07:04
2721,200,544200,09:07:04
2721,200,544200,09:07:04
2719,100,271900,09:07:04
2719,100,271900,09:07:04
2719,100,271900,09:07:04
2717,100,271700,09:07:04
2717,100,271700,09:07:04
2717,100,271700,09:07:04
2719,100,271900,09:07:04
2719,100,271900,09:07:04
2718,500,1359000,09:07:04
2720,100,272000,09:07:04
2719,700,1903300,09:07:04
2718,100,271800,09:07:04
2718,400,1087200,09:07:04
2717,300,815100,09:07:04
2716,500,1358000,09:07:04
2717,200,543400,09:07:04
2718,2000,5436000,09:07:04
2722,100,272200,09:07:03
2721,600,1632600,09:07:03
2720,300,816000,09:07:03
2720,100,272000,09:07:03
2721,100,272100,09:07:03
2721,100,272100,09:07:02
2719,100,271900,09:07:02
2719,100,271900,09:07:02
2720,500,1360000,09:07:02
2720,300,816000,09:07:02
2721,200,544200,09:07:02
2721,200,544200,09:07:02
2722,1000,2722000,09:07:02
2723,300,816900,09:07:02
2726,100,272600,09:07:02
2727,100,272700,09:07:01
2726,400,1090400,09:07:01
2725,100,272500,09:07:01
2726,100,272600,09:07:01
2726,100,272600,09:07:01
2728,100,272800,09:07:01
2727,200,545400,09:07:00
2728,200,545600,09:07:00
2728,500,1364000,09:07:00
2728,500,1364000,09:07:00
2728,100,272800,09:07:00
2728,300,818400,09:07:00
2728,300,818400,09:07:00
2728,500,1364000,09:07:00
2729,1900,5185100,09:07:00
2730,400,1092000,09:07:00
2731,100,273100,09:07:00
2731,200,546200,09:07:00
2730,100,273000,09:07:00
2728,100,272800,09:07:00
2729,100,272900,09:07:00
2728,100,272800,09:07:00
2727,300,818100,09:06:59
2724,200,544800,09:06:59
2725,100,272500,09:06:59
2725,100,272500,09:06:59
2725,200,545000,09:06:59
2726,200,545200,09:06:59
2728,100,272800,09:06:59
2728,100,272800,09:06:59
2726,100,272600,09:06:58
2726,100,272600,09:06:58
2723,300,816900,09:06:58
2724,300,817200,09:06:58
2725,200,545000,09:06:58
2725,300,817500,09:06:58
2724,100,272400,09:06:58
2725,300,817500,09:06:58
2725,100,272500,09:06:58
2728,100,272800,09:06:58
2726,200,545200,09:06:58
2726,600,1635600,09:06:58
2726,200,545200,09:06:58
2726,100,272600,09:06:58
2726,100,272600,09:06:58
2727,400,1090800,09:06:58
2727,1000,2727000,09:06:57
2725,100,272500,09:06:57
2725,100,272500,09:06:57
2726,100,272600,09:06:57
2726,100,272600,09:06:57
2726,200,545200,09:06:57
2724,100,272400,09:06:57
2725,100,272500,09:06:57
2725,100,272500,09:06:57
2728,100,272800,09:06:56
2728,200,545600,09:06:56
2726,100,272600,09:06:56
2726,100,272600,09:06:56
2728,100,272800,09:06:56
2725,100,272500,09:06:56
2727,100,272700,09:06:56
2727,100,272700,09:06:56
2728,100,272800,09:06:56
2725,100,272500,09:06:56
2726,1100,2998600,09:06:56
2727,300,818100,09:06:56
2729,100,272900,09:06:56
2728,100,272800,09:06:56
2729,600,1637400,09:06:56
2728,100,272800,09:06:56
2727,300,818100,09:06:56
2726,400,1090400,09:06:56
2724,100,272400,09:06:56
2724,100,272400,09:06:56
2723,100,272300,09:06:56
2725,200,545000,09:06:56
2726,100,272600,09:06:55
2726,100,272600,09:06:55
2725,100,272500,09:06:55
2726,100,272600,09:06:55
2726,100,272600,09:06:55
2729,200,545800,09:06:55
2727,100,272700,09:06:55
2727,100,272700,09:06:55
2727,100,272700,09:06:55
2727,100,272700,09:06:55
2727,200,545400,09:06:55
2727,200,545400,09:06:55
2728,100,272800,09:06:55
2728,100,272800,09:06:55
2727,200,545400,09:06:55
2728,100,272800,09:06:55
2728,100,272800,09:06:55
2728,300,818400,09:06:55
2727,1000,2727000,09:06:55
2727,100,272700,09:06:55
2726,1800,4906800,09:06:55
2724,100,272400,09:06:55
2725,100,272500,09:06:55
2725,100,272500,09:06:55
2725,100,272500,09:06:55
2725,100,272500,09:06:55
2723,200,544600,09:06:54
2724,200,544800,09:06:54
2725,100,272500,09:06:54
2725,100,272500,09:06:54
2727,100,272700,09:06:54
2726,100,272600,09:06:54
2727,300,818100,09:06:54
2726,100,272600,09:06:54
2725,300,817500,09:06:54
2725,300,817500,09:06:54
2726,200,545200,09:06:54
2726,200,545200,09:06:54
2727,100,272700,09:06:54
2727,200,545400,09:06:54
2727,300,818100,09:06:54
2728,300,818400,09:06:54
2729,100,272900,09:06:54
2730,800,2184000,09:06:54
2728,100,272800,09:06:54
2728,300,818400,09:06:54
2731,100,273100,09:06:54
2730,300,819000,09:06:54
2731,100,273100,09:06:54
2729,300,818700,09:06:54
2729,300,818700,09:06:54
2730,100,273000,09:06:54
2728,100,272800,09:06:53
2726,300,817800,09:06:53
2726,300,817800,09:06:53
2727,100,272700,09:06:53
2727,100,272700,09:06:53
2729,100,272900,09:06:53
2726,100,272600,09:06:53
2727,100,272700,09:06:53
2727,100,272700,09:06:53
2727,100,272700,09:06:53
2729,300,818700,09:06:53
2727,300,818100,09:06:53
2725,200,545000,09:06:52
2727,300,818100,09:06:52
2730,400,1092000,09:06:52
2730,400,1092000,09:06:52
2729,500,1364500,09:06:52
2728,400,1091200,09:06:52
2727,400,1090800,09:06:52
2726,200,545200,09:06:52
2725,100,272500,09:06:52
2723,700,1906100,09:06:52
2722,400,1088800,09:06:52
2720,800,2176000,09:06:52
2720,800,2176000,09:06:52
2721,100,272100,09:06:52
2721,100,272100,09:06:52
2723,100,272300,09:06:52
2722,100,272200,09:06:52
2722,100,272200,09:06:52
2721,100,272100,09:06:51
2719,100,271900,09:06:51
2719,100,271900,09:06:51
2720,100,272000,09:06:51
2720,100,272000,09:06:51
2719,400,1087600,09:06:51
2720,200,544000,09:06:51
2720,100,272000,09:06:51
2721,100,272100,09:06:51
2721,100,272100,09:06:51
2721,500,1360500,09:06:51
2719,100,271900,09:06:51
2719,100,271900,09:06:51
2720,300,816000,09:06:50
2720,300,816000,09:06:50
2723,100,272300,09:06:50
2722,100,272200,09:06:50
2721,100,272100,09:06:50
2721,200,544200,09:06:50
2721,200,544200,09:06:50
2722,100,272200,09:06:50
2722,100,272200,09:06:50
2722,100,272200,09:06:50
2722,100,272200,09:06:50
2724,100,272400,09:06:50
2724,400,1089600,09:06:50
2723,1200,3267600,09:06:50
2723,500,1361500,09:06:50
2722,200,544400,09:06:50
2720,100,272000,09:06:50
2720,100,272000,09:06:50
2720,100,272000,09:06:50
2720,100,272000,09:06:50
2720,100,272000,09:06:50
2720,300,816000,09:06:50
2722,100,272200,09:06:50
2722,100,272200,09:06:50
2724,300,817200,09:06:50
2722,100,272200,09:06:50
2722,100,272200,09:06:50
2723,100,272300,09:06:50
2721,400,1088400,09:06:50
2721,400,1088400,09:06:50
2723,100,272300,09:06:50
2724,100,272400,09:06:50
2724,500,1362000,09:06:49
2723,100,272300,09:06:49
2723,1000,2723000,09:06:49
2723,100,272300,09:06:49
2722,100,272200,09:06:49
2722,100,272200,09:06:49
2722,200,544400,09:06:49
2724,100,272400,09:06:49
2722,200,544400,09:06:49
2721,100,272100,09:06:49
2722,400,1088800,09:06:49
2721,2300,6258300,09:06:49
2722,400,1088800,09:06:49
2723,200,544600,09:06:49
2722,200,544400,09:06:48
2720,200,544000,09:06:48
2720,200,544000,09:06:48
2722,200,544400,09:06:48
2721,200,544200,09:06:48
2720,100,272000,09:06:48
2721,200,544200,09:06:48
2721,100,272100,09:06:48
2721,100,272100,09:06:48
2721,100,272100,09:06:48
2724,100,272400,09:06:48
2720,600,1632000,09:06:48
2723,300,816900,09:06:48
2722,100,272200,09:06:48
2721,100,272100,09:06:48
2719,100,271900,09:06:48
2719,100,271900,09:06:47
2717,100,271700,09:06:47
2716,100,271600,09:06:47
2716,200,543200,09:06:47
2716,300,814800,09:06:47
2717,300,815100,09:06:47
2716,100,271600,09:06:46
2717,100,271700,09:06:46
2717,100,271700,09:06:46
2718,100,271800,09:06:46
2717,100,271700,09:06:46
2715,700,1900500,09:06:46
2714,600,1628400,09:06:46
2713,100,271300,09:06:46
2713,1200,3255600,09:06:46
2712,100,271200,09:06:46
2711,100,271100,09:06:46
2711,100,271100,09:06:46
2712,100,271200,09:06:45
2712,100,271200,09:06:45
2714,100,271400,09:06:45
2712,200,542400,09:06:45
2716,100,271600,09:06:45
2714,100,271400,09:06:45
2715,100,271500,09:06:45
2716,200,543200,09:06:45
2716,500,1358000,09:06:45
2714,100,271400,09:06:45
2716,200,543200,09:06:44
2713,100,271300,09:06:44
2714,200,542800,09:06:44
2714,200,542800,09:06:44
2714,1000,2714000,09:06:44
2716,100,271600,09:06:44
2716,100,271600,09:06:44
2715,100,271500,09:06:44
2715,100,271500,09:06:44
2712,100,271200,09:06:44
2713,200,542600,09:06:44
2715,100,271500,09:06:44
2716,200,543200,09:06:44
2719,100,271900,09:06:44
2720,100,272000,09:06:44
2720,100,272000,09:06:44
2719,100,271900,09:06:43
2719,100,271900,09:06:43
2718,300,815400,09:06:43
2719,400,1087600,09:06:43
2718,200,543600,09:06:43
2715,700,1900500,09:06:43
2716,500,1358000,09:06:43
2717,200,543400,09:06:43
2718,100,271800,09:06:43
2717,100,271700,09:06:43
2716,100,271600,09:06:43
2720,100,272000,09:06:43
2721,400,1088400,09:06:43
2720,500,1360000,09:06:43
2719,300,815700,09:06:43
2718,600,1630800,09:06:42
2717,100,271700,09:06:42
2716,200,543200,09:06:42
2714,100,271400,09:06:42
2714,100,271400,09:06:42
2715,100,271500,09:06:42
2717,500,1358500,09:06:42
2714,100,271400,09:06:42
2714,100,271400,09:06:42
2715,1300,3529500,09:06:42
2716,200,543200,09:06:42
2717,100,271700,09:06:41
2717,100,271700,09:06:41
2716,300,814800,09:06:41
2714,100,271400,09:06:41
2711,100,271100,09:06:41
2714,200,542800,09:06:41
2713,200,542600,09:06:41
2712,100,271200,09:06:41
2711,100,271100,09:06:41
2711,300,813300,09:06:41
2713,100,271300,09:06:41
2713,400,1085200,09:06:41
2712,100,271200,09:06:41
2711,100,271100,09:06:41
2711,100,271100,09:06:41
2711,100,271100,09:06:41
2711,100,271100,09:06:41
2711,100,271100,09:06:41
2711,100,271100,09:06:41
2712,100,271200,09:06:41
2712,200,542400,09:06:41
2710,700,1897000,09:06:41
2712,100,271200,09:06:41
2713,100,271300,09:06:41
2714,100,271400,09:06:41
2715,100,271500,09:06:41
2717,100,271700,09:06:40
2717,100,271700,09:06:40
2715,100,271500,09:06:40
2716,400,1086400,09:06:40
2717,2400,6520800,09:06:40
2718,100,271800,09:06:40
2719,200,543800,09:06:40
2718,400,1087200,09:06:40
2716,400,1086400,09:06:40
2717,1700,4618900,09:06:40
2716,100,271600,09:06:40
2715,200,543000,09:06:40
2716,100,271600,09:06:40
2716,100,271600,09:06:40
2716,200,543200,09:06:40
2719,100,271900,09:06:40
2719,100,271900,09:06:40
2716,100,271600,09:06:40
2716,100,271600,09:06:40
2719,100,271900,09:06:40
2718,200,543600,09:06:40
2717,400,1086800,09:06:40
2716,100,271600,09:06:40
2715,100,271500,09:06:40
2715,100,271500,09:06:40
2718,100,271800,09:06:39
2722,100,272200,09:06:39
2721,200,544200,09:06:39
2720,200,544000,09:06:39
2720,100,272000,09:06:39
2718,200,543600,09:06:39
2719,100,271900,09:06:39
2720,100,272000,09:06:39
2720,800,2176000,09:06:39
2721,700,1904700,09:06:39
2721,100,272100,09:06:39
2723,400,1089200,09:06:39
2723,200,544600,09:06:39
2722,200,544400,09:06:39
2719,100,271900,09:06:39
2719,100,271900,09:06:39
2720,200,544000,09:06:39
2721,200,544200,09:06:39
2722,200,544400,09:06:39
2722,100,272200,09:06:39
2720,100,272000,09:06:39
2721,300,816300,09:06:39
2721,100,272100,09:06:39
2721,200,544200,09:06:39
2720,100,272000,09:06:39
2720,100,272000,09:06:39
2718,200,543600,09:06:39
2718,100,271800,09:06:39
2718,100,271800,09:06:38
2719,300,815700,09:06:38
2719,200,543800,09:06:38
2720,200,544000,09:06:38
2720,100,272000,09:06:38
2721,100,272100,09:06:38
2722,300,816600,09:06:38
2719,100,271900,09:06:38
2720,100,272000,09:06:38
2720,100,272000,09:06:38
2720,100,272000,09:06:38
2720,100,272000,09:06:38
2720,100,272000,09:06:38
2721,200,544200,09:06:38
2719,100,271900,09:06:38
2721,100,272100,09:06:38
2722,100,272200,09:06:38
2720,100,272000,09:06:38
2721,100,272100,09:06:38
2721,100,272100,09:06:38
2719,100,271900,09:06:38
2716,100,271600,09:06:38
2718,300,815400,09:06:38
2719,400,1087600,09:06:38
2719,500,1359500,09:06:38
2720,200,544000,09:06:38
2723,600,1633800,09:06:38
2722,400,1088800,09:06:38
2721,200,544200,09:06:38
2720,300,816000,09:06:38
2718,200,543600,09:06:38
2718,100,271800,09:06:38
2718,100,271800,09:06:38
2720,200,544000,09:06:38
2720,200,544000,09:06:38
2718,100,271800,09:06:38
2719,100,271900,09:06:38
2715,100,271500,09:06:38
2719,100,271900,09:06:38
2715,100,271500,09:06:38
2713,100,271300,09:06:38
2717,100,271700,09:06:38
2717,100,271700,09:06:38
2716,200,543200,09:06:38
2715,100,271500,09:06:38
2714,100,271400,09:06:38
2714,100,271400,09:06:38
2714,100,271400,09:06:38
2715,100,271500,09:06:38
2707,100,270700,09:06:38
2715,100,271500,09:06:38
2716,200,543200,09:06:38
2716,100,271600,09:06:38
2703,500,1351500,09:06:38
2702,100,270200,09:06:38
2721,800,2176800,09:06:38
2720,900,2448000,09:06:38
2719,700,1903300,09:06:38
2718,200,543600,09:06:38
2702,100,270200,09:06:38
2701,100,270100,09:06:38
2702,100,270200,09:06:38
2701,100,270100,09:06:38
2701,1000,2701000,09:06:38
2719,100,271900,09:06:38
2701,100,270100,09:06:38
2701,600,1620600,09:06:38
2701,100,270100,09:06:38
2701,200,540200,09:06:38
2701,100,270100,09:06:38
2700,200,540000,09:06:38
2700,34000,91800000,09:06:38
2701,4600,12424600,09:06:38
2702,3200,8646400,09:06:38
2703,9200,24867600,09:06:38
2704,500,1352000,09:06:38
2705,800,2164000,09:06:38
2706,700,1894200,09:06:38
2707,1100,2977700,09:06:38
2708,1200,3249600,09:06:38
2709,600,1625400,09:06:38
2710,400,1084000,09:06:38
2711,1400,3795400,09:06:38
2712,800,2169600,09:06:38
2713,400,1085200,09:06:38
2714,500,1357000,09:06:38
2715,1200,3258000,09:06:38
2716,1000,2716000,09:06:38
2717,500,1358500,09:06:38
2718,1400,3805200,09:06:38
2719,1100,2990900,09:06:38
2720,500,1360000,09:06:38
2721,1100,2993100,09:06:38
2722,1000,2722000,09:06:38
2723,800,2178400,09:06:38
2724,700,1906800,09:06:38
2725,600,1635000,09:06:38
2726,800,2180800,09:06:38
2727,300,818100,09:06:38
2728,200,545600,09:06:38
2729,300,818700,09:06:38
2729,100,272900,09:06:37
2730,1500,4095000,09:06:37
2733,100,273300,09:06:37
2733,100,273300,09:06:37
2732,100,273200,09:06:37
2733,200,546600,09:06:37
2733,100,273300,09:06:37
2731,600,1638600,09:06:36
2728,200,545600,09:06:36
2728,200,545600,09:06:36
2729,100,272900,09:06:36
2729,100,272900,09:06:36
2731,500,1365500,09:06:36
2731,300,819300,09:06:36
2730,100,273000,09:06:36
2732,300,819600,09:06:36
2727,300,818100,09:06:36
2728,700,1909600,09:06:36
2729,600,1637400,09:06:36
2730,800,2184000,09:06:36
2731,200,546200,09:06:36
2732,1500,4098000,09:06:36
2733,100,273300,09:06:36
2733,200,546600,09:06:36
2733,200,546600,09:06:36
2734,1100,3007400,09:06:36
2735,200,547000,09:06:36
2736,100,273600,09:06:36
2738,100,273800,09:06:36
2736,600,1641600,09:06:36
2737,400,1094800,09:06:36
2739,100,273900,09:06:36
2739,300,821700,09:06:36
2737,200,547400,09:06:35
2735,300,820500,09:06:35
2736,200,547200,09:06:35
2737,100,273700,09:06:35
2739,100,273900,09:06:35
2740,400,1096000,09:06:35
2741,700,1918700,09:06:35
2743,300,822900,09:06:35
2742,100,274200,09:06:35
2742,2500,6855000,09:06:35
2741,200,548200,09:06:35
2741,200,548200,09:06:35
2740,200,548000,09:06:35
2739,100,273900,09:06:35
2739,300,821700,09:06:35
2739,100,273900,09:06:35
2738,100,273800,09:06:35
2739,200,547800,09:06:34
2739,100,273900,09:06:34
2739,200,547800,09:06:34
2739,100,273900,09:06:34
2738,400,1095200,09:06:34
2741,100,274100,09:06:34
2740,300,822000,09:06:34
2740,100,274000,09:06:34
2739,200,547800,09:06:34
2739,200,547800,09:06:33
2737,400,1094800,09:06:33
2739,300,821700,09:06:33
2738,600,1642800,09:06:33
2738,600,1642800,09:06:33
2737,100,273700,09:06:33
2737,100,273700,09:06:33
2740,600,1644000,09:06:33
2739,4000,10956000,09:06:33
2737,400,1094800,09:06:33
2737,100,273700,09:06:33
2736,200,547200,09:06:33
2735,100,273500,09:06:32
2734,100,273400,09:06:32
2735,200,547000,09:06:32
2733,100,273300,09:06:32
2733,100,273300,09:06:32
2733,100,273300,09:06:32
2734,100,273400,09:06:32
2735,400,1094000,09:06:32
2734,100,273400,09:06:32
2735,100,273500,09:06:32
2732,100,273200,09:06:32
2733,100,273300,09:06:32
2733,100,273300,09:06:32
2732,100,273200,09:06:32
2733,100,273300,09:06:32
2732,100,273200,09:06:32
2732,100,273200,09:06:32
2735,300,820500,09:06:32
2735,200,547000,09:06:32
2734,100,273400,09:06:32
2733,600,1639800,09:06:32
2731,300,819300,09:06:32
2732,400,1092800,09:06:32
2732,200,546400,09:06:32
2733,300,819900,09:06:32
2732,100,273200,09:06:32
2733,400,1093200,09:06:32
2732,100,273200,09:06:32
2732,200,546400,09:06:32
2733,200,546600,09:06:32
2732,100,273200,09:06:31
2731,1000,2731000,09:06:31
2729,500,1364500,09:06:31
2728,200,545600,09:06:31
2731,600,1638600,09:06:31
2731,100,273100,09:06:31
2729,200,545800,09:06:31
2730,100,273000,09:06:31
2730,100,273000,09:06:31
2730,100,273000,09:06:31
2731,100,273100,09:06:31
2729,100,272900,09:06:31
2729,400,1091600,09:06:31
2730,100,273000,09:06:31
2731,400,1092400,09:06:31
2732,100,273200,09:06:31
2734,100,273400,09:06:31
2732,100,273200,09:06:31
2734,400,1093600,09:06:31
2734,100,273400,09:06:31
2734,100,273400,09:06:31
2738,100,273800,09:06:30
2737,400,1094800,09:06:30
2736,700,1915200,09:06:30
2735,300,820500,09:06:30
2734,200,546800,09:06:30
2736,100,273600,09:06:30
2735,100,273500,09:06:30
2735,200,547000,09:06:30
2734,200,546800,09:06:30
2731,100,273100,09:06:30
2732,100,273200,09:06:30
2734,200,546800,09:06:30
2734,100,273400,09:06:30
2732,100,273200,09:06:29
2732,200,546400,09:06:29
2733,100,273300,09:06:29
2734,100,273400,09:06:29
2735,2000,5470000,09:06:29
2734,100,273400,09:06:29
2734,400,1093600,09:06:29
2735,300,820500,09:06:29
2735,400,1094000,09:06:29
2736,400,1094400,09:06:29
2737,100,273700,09:06:29
2736,100,273600,09:06:28
2735,500,1367500,09:06:28
2733,400,1093200,09:06:28
2730,100,273000,09:06:28
2730,100,273000,09:06:28
2732,100,273200,09:06:28
2732,100,273200,09:06:28
2732,100,273200,09:06:28
2732,100,273200,09:06:28
2732,200,546400,09:06:28
2732,100,273200,09:06:28
2730,200,546000,09:06:28
2731,200,546200,09:06:28
2732,200,546400,09:06:28
2734,100,273400,09:06:27
2734,300,820200,09:06:27
2735,100,273500,09:06:27
2736,300,820800,09:06:27
2736,300,820800,09:06:27
2734,100,273400,09:06:27
2735,100,273500,09:06:27
2738,200,547600,09:06:26
2738,100,273800,09:06:26
2737,100,273700,09:06:26
2734,900,2460600,09:06:26
2733,100,273300,09:06:26
2731,500,1365500,09:06:26
2732,500,1366000,09:06:26
2734,100,273400,09:06:26
2732,100,273200,09:06:26
2733,500,1366500,09:06:26
2733,500,1366500,09:06:26
2734,200,546800,09:06:26
2735,100,273500,09:06:26
2735,100,273500,09:06:26
2736,900,2462400,09:06:25
2735,1200,3282000,09:06:25
2731,100,273100,09:06:25
2734,100,273400,09:06:25
2734,200,546800,09:06:25
2734,100,273400,09:06:25
2733,100,273300,09:06:25
2731,100,273100,09:06:25
2731,100,273100,09:06:25
2734,200,546800,09:06:25
2733,700,1913100,09:06:25
2732,200,546400,09:06:25
2732,100,273200,09:06:25
2730,100,273000,09:06:25
2732,100,273200,09:06:25
2730,200,546000,09:06:25
2733,100,273300,09:06:25
2731,100,273100,09:06:25
2731,100,273100,09:06:25
2732,200,546400,09:06:25
2733,300,819900,09:06:25
2732,200,546400,09:06:25
2729,100,272900,09:06:25
2729,100,272900,09:06:25
2730,2400,6552000,09:06:25
2729,100,272900,09:06:25
2728,200,545600,09:06:25
2727,200,545400,09:06:24
2726,1300,3543800,09:06:24
2725,300,817500,09:06:24
2725,200,545000,09:06:24
2723,100,272300,09:06:24
2721,100,272100,09:06:24
2722,600,1633200,09:06:24
2723,1500,4084500,09:06:24
2724,400,1089600,09:06:24
2726,200,545200,09:06:24
2725,100,272500,09:06:24
2726,100,272600,09:06:24
2726,100,272600,09:06:24
2726,100,272600,09:06:24
2725,100,272500,09:06:24
2724,600,1634400,09:06:24
2725,500,1362500,09:06:24
2724,500,1362000,09:06:24
2723,100,272300,09:06:24
2725,200,545000,09:06:24
2723,100,272300,09:06:24
2722,100,272200,09:06:24
2724,100,272400,09:06:23
2724,200,544800,09:06:23
2723,200,544600,09:06:23
2722,100,272200,09:06:23
2722,200,544400,09:06:23
2723,600,1633800,09:06:23
2723,200,544600,09:06:23
2723,500,1361500,09:06:23
2723,300,816900,09:06:23
2724,300,817200,09:06:23
2725,100,272500,09:06:22
2725,100,272500,09:06:22
2726,1400,3816400,09:06:22
2724,100,272400,09:06:22
2725,200,545000,09:06:22
2725,200,545000,09:06:22
2725,200,545000,09:06:22
2727,500,1363500,09:06:22
2726,300,817800,09:06:22
2724,400,1089600,09:06:22
2726,100,272600,09:06:22
2727,200,545400,09:06:22
2727,100,272700,09:06:22
2726,100,272600,09:06:22
2728,100,272800,09:06:21
2727,200,545400,09:06:21
2724,2200,5992800,09:06:21
2723,400,1089200,09:06:21
2723,100,272300,09:06:21
2721,300,816300,09:06:21
2723,100,272300,09:06:21
2721,300,816300,09:06:21
2723,100,272300,09:06:21
2723,100,272300,09:06:21
2723,100,272300,09:06:21
2724,200,544800,09:06:21
2723,100,272300,09:06:21
2721,1100,2993100,09:06:21
2721,200,544200,09:06:21
2723,300,816900,09:06:21
2723,100,272300,09:06:21
2720,100,272000,09:06:21
2723,100,272300,09:06:21
2722,200,544400,09:06:21
2722,400,1088800,09:06:21
2722,400,1088800,09:06:21
2722,100,272200,09:06:21
2722,300,816600,09:06:21
2723,200,544600,09:06:21
2724,100,272400,09:06:20
2722,100,272200,09:06:20
2722,100,272200,09:06:20
2724,1100,2996400,09:06:20
2723,600,1633800,09:06:20
2723,100,272300,09:06:20
2721,400,1088400,09:06:20
2723,300,816900,09:06:20
2722,200,544400,09:06:20
2723,300,816900,09:06:20
2725,100,272500,09:06:20
2724,100,272400,09:06:20
2725,300,817500,09:06:20
2726,300,817800,09:06:20
2724,1600,4358400,09:06:20
2724,100,272400,09:06:20
2726,600,1635600,09:06:20
2724,100,272400,09:06:20
2724,100,272400,09:06:20
2724,300,817200,09:06:20
2723,500,1361500,09:06:20
2724,500,1362000,09:06:20
2726,200,545200,09:06:20
2725,100,272500,09:06:20
2725,100,272500,09:06:20
2728,700,1909600,09:06:20
2728,200,545600,09:06:20
2727,400,1090800,09:06:20
2727,800,2181600,09:06:20
2726,100,272600,09:06:20
2725,100,272500,09:06:20
2724,100,272400,09:06:20
2726,100,272600,09:06:20
2725,100,272500,09:06:20
2726,600,1635600,09:06:20
2725,800,2180000,09:06:20
2722,300,816600,09:06:20
2723,100,272300,09:06:20
2726,100,272600,09:06:20
2722,400,1088800,09:06:20
2725,100,272500,09:06:20
2724,300,817200,09:06:19
2725,100,272500,09:06:19
2725,200,545000,09:06:19
2725,100,272500,09:06:19
2725,200,545000,09:06:19
2724,100,272400,09:06:19
2723,200,544600,09:06:19
2722,100,272200,09:06:19
2721,300,816300,09:06:19
2721,300,816300,09:06:19
2719,100,271900,09:06:19
2720,100,272000,09:06:19
2721,100,272100,09:06:18
2721,100,272100,09:06:18
2720,2500,6800000,09:06:18
2719,200,543800,09:06:18
2719,200,543800,09:06:18
2717,200,543400,09:06:18
2720,200,544000,09:06:18
2718,100,271800,09:06:18
2719,100,271900,09:06:18
2719,400,1087600,09:06:18
2719,400,1087600,09:06:18
2718,100,271800,09:06:18
2718,100,271800,09:06:18
2719,100,271900,09:06:18
2720,700,1904000,09:06:18
2722,100,272200,09:06:18
2720,300,816000,09:06:18
2719,1000,2719000,09:06:18
2719,100,271900,09:06:18
2719,700,1903300,09:06:18
2718,200,543600,09:06:17
2717,100,271700,09:06:17
2717,100,271700,09:06:17
2720,200,544000,09:06:17
2717,400,1086800,09:06:17
2718,900,2446200,09:06:17
2719,200,543800,09:06:17
2719,300,815700,09:06:17
2718,100,271800,09:06:17
2716,100,271600,09:06:17
2717,100,271700,09:06:17
2715,200,543000,09:06:16
2714,200,542800,09:06:16
2713,600,1627800,09:06:16
2711,300,813300,09:06:16
2714,100,271400,09:06:16
2710,100,271000,09:06:16
2710,100,271000,09:06:16
2710,100,271000,09:06:16
2711,100,271100,09:06:16
2713,300,813900,09:06:16
2713,100,271300,09:06:16
2713,100,271300,09:06:16
2710,300,813000,09:06:16
2713,300,813900,09:06:16
2712,100,271200,09:06:16
2713,400,1085200,09:06:16
2710,300,813000,09:06:16
2711,200,542200,09:06:16
2711,300,813300,09:06:16
2711,100,271100,09:06:16
2711,300,813300,09:06:16
2711,100,271100,09:06:16
2711,100,271100,09:06:16
2711,500,1355500,09:06:16
2712,400,1084800,09:06:16
2714,1600,4342400,09:06:16
2713,100,271300,09:06:16
2711,100,271100,09:06:16
2712,100,271200,09:06:16
2712,100,271200,09:06:16
2714,100,271400,09:06:16
2713,100,271300,09:06:16
2712,100,271200,09:06:16
2713,100,271300,09:06:16
2712,300,813600,09:06:16
2711,100,271100,09:06:16
2710,100,271000,09:06:16
2710,400,1084000,09:06:16
2709,100,270900,09:06:16
2709,100,270900,09:06:16
2710,100,271000,09:06:16
2708,1400,3791200,09:06:16
2710,100,271000,09:06:15
2709,100,270900,09:06:15
2707,100,270700,09:06:15
2707,100,270700,09:06:15
2707,100,270700,09:06:15
2707,100,270700,09:06:15
2709,100,270900,09:06:15
2709,400,1083600,09:06:15
2708,500,1354000,09:06:15
2708,200,541600,09:06:14
2710,100,271000,09:06:14
2707,100,270700,09:06:14
2710,200,542000,09:06:14
2707,200,541400,09:06:14
2710,100,271000,09:06:14
2707,100,270700,09:06:14
2708,200,541600,09:06:14
2708,100,270800,09:06:14
2708,100,270800,09:06:14
2710,100,271000,09:06:14
2708,700,1895600,09:06:14
2708,200,541600,09:06:14
2709,700,1896300,09:06:14
2709,200,541800,09:06:14
2710,800,2168000,09:06:14
2709,200,541800,09:06:14
2706,100,270600,09:06:14
2707,100,270700,09:06:14
2709,500,1354500,09:06:14
2707,300,812100,09:06:14
2708,100,270800,09:06:13
2710,300,813000,09:06:13
2710,100,271000,09:06:13
2708,1300,3520400,09:06:13
2709,100,270900,09:06:13
2711,100,271100,09:06:13
2709,200,541800,09:06:13
2709,100,270900,09:06:13
2709,100,270900,09:06:13
2709,100,270900,09:06:13
2709,100,270900,09:06:13
2709,100,270900,09:06:13
2709,400,1083600,09:06:13
2709,400,1083600,09:06:13
2709,100,270900,09:06:13
2709,200,541800,09:06:13
2711,100,271100,09:06:13
2710,200,542000,09:06:13
2712,100,271200,09:06:13
2712,200,542400,09:06:13
2711,100,271100,09:06:13
2710,100,271000,09:06:13
2711,200,542200,09:06:13
2709,100,270900,09:06:13
2709,100,270900,09:06:13
2708,800,2166400,09:06:13
2709,100,270900,09:06:13
2710,100,271000,09:06:13
2711,1300,3524300,09:06:13
2712,200,542400,09:06:13
2713,700,1899100,09:06:13
2712,500,1356000,09:06:13
2713,700,1899100,09:06:13
2715,100,271500,09:06:13
2713,200,542600,09:06:12
2713,400,1085200,09:06:12
2713,400,1085200,09:06:12
2713,200,542600,09:06:12
2713,600,1627800,09:06:12
2712,500,1356000,09:06:12
2713,700,1899100,09:06:12
2714,500,1357000,09:06:12
2715,300,814500,09:06:12
2716,600,1629600,09:06:12
2715,1700,4615500,09:06:12
2713,600,1627800,09:06:12
2713,200,542600,09:06:12
2713,100,271300,09:06:12
2710,100,271000,09:06:12
2714,200,542800,09:06:12
2714,100,271400,09:06:12
2711,200,542200,09:06:12
2712,1100,2983200,09:06:12
2712,200,542400,09:06:12
2713,200,542600,09:06:12
2715,100,271500,09:06:12
2714,200,542800,09:06:12
2713,200,542600,09:06:12
2712,100,271200,09:06:12
2711,1200,3253200,09:06:12
2710,900,2439000,09:06:12
2709,100,270900,09:06:12
2708,100,270800,09:06:12
2707,100,270700,09:06:12
2705,500,1352500,09:06:12
2707,100,270700,09:06:11
2706,100,270600,09:06:11
2705,100,270500,09:06:11
2704,400,1081600,09:06:11
2707,400,1082800,09:06:10
2708,800,2166400,09:06:10
2709,100,270900,09:06:10
2708,200,541600,09:06:10
2709,500,1354500,09:06:10
2712,200,542400,09:06:10
2711,100,271100,09:06:10
2712,400,1084800,09:06:10
2710,200,542000,09:06:10
2710,900,2439000,09:06:10
2712,100,271200,09:06:10
2712,400,1084800,09:06:09
2711,100,271100,09:06:09
2710,100,271000,09:06:09
2711,100,271100,09:06:09
2713,100,271300,09:06:08
2712,200,542400,09:06:08
2711,100,271100,09:06:08
2710,100,271000,09:06:08
2710,300,813000,09:06:08
2711,300,813300,09:06:08
2713,400,1085200,09:06:08
2713,100,271300,09:06:08
2711,300,813300,09:06:08
2713,100,271300,09:06:08
2714,300,814200,09:06:08
2716,200,543200,09:06:08
2720,200,544000,09:06:08
2717,400,1086800,09:06:08
2718,100,271800,09:06:08
2720,200,544000,09:06:08
2720,200,544000,09:06:08
2721,200,544200,09:06:08
2721,100,272100,09:06:08
2722,100,272200,09:06:08
2723,100,272300,09:06:08
2722,100,272200,09:06:08
2722,100,272200,09:06:07
2720,100,272000,09:06:07
2720,100,272000,09:06:07
2720,100,272000,09:06:07
2719,400,1087600,09:06:07
2718,100,271800,09:06:07
2717,200,543400,09:06:07
2716,100,271600,09:06:07
2716,200,543200,09:06:07
2715,100,271500,09:06:07
2715,100,271500,09:06:07
2715,100,271500,09:06:07
2717,100,271700,09:06:05
2716,200,543200,09:06:05
2718,100,271800,09:06:05
2717,100,271700,09:06:05
2717,100,271700,09:06:05
2718,100,271800,09:06:05
2717,100,271700,09:06:05
2716,100,271600,09:06:05
2716,100,271600,09:06:05
2719,100,271900,09:06:04
2717,100,271700,09:06:04
2716,100,271600,09:06:04
2716,200,543200,09:06:03
2715,200,543000,09:06:03
2713,100,271300,09:06:02
2712,100,271200,09:06:02
2713,100,271300,09:06:02
2714,100,271400,09:06:01
2713,100,271300,09:06:01
2714,100,271400,09:06:01
2715,200,543000,09:06:01
2715,1000,2715000,09:06:01
2711,100,271100,09:06:01
2713,400,1085200,09:06:01
2710,300,813000,09:06:01
2711,100,271100,09:06:01
2711,100,271100,09:06:01
2714,200,542800,09:06:01
2713,200,542600,09:06:01
2712,400,1084800,09:06:01
2708,100,270800,09:06:01
2707,100,270700,09:06:01
2709,100,270900,09:06:01
2712,100,271200,09:06:01
2711,300,813300,09:06:01
2710,200,542000,09:06:01
2704,100,270400,09:06:01
2705,100,270500,09:06:01
2704,100,270400,09:06:01
2704,100,270400,09:06:01
2711,100,271100,09:06:01
2710,100,271000,09:06:01
2704,100,270400,09:06:00
2705,200,541000,09:06:00
2703,100,270300,09:06:00
2709,100,270900,09:06:00
2709,100,270900,09:06:00
2703,200,540600,09:06:00
2705,100,270500,09:06:00
2702,300,810600,09:06:00
2703,200,540600,09:06:00
2704,100,270400,09:06:00
2705,100,270500,09:06:00
2706,300,811800,09:06:00
2707,100,270700,09:06:00
2707,100,270700,09:06:00
2712,100,271200,09:06:00
2711,200,542200,09:06:00
2708,100,270800,09:06:00
2709,100,270900,09:06:00
2704,400,1081600,09:06:00
2705,100,270500,09:06:00
2702,100,270200,09:06:00
2703,300,810900,09:06:00
2704,200,540800,09:06:00
2705,100,270500,09:06:00
2705,100,270500,09:06:00
2705,100,270500,09:06:00
2706,100,270600,09:06:00
2709,100,270900,09:06:00
2704,100,270400,09:06:00
2709,200,541800,09:06:00
2708,100,270800,09:06:00
2703,800,2162400,09:06:00
2703,100,270300,09:06:00
2703,300,810900,09:06:00
2704,200,540800,09:06:00
2704,100,270400,09:06:00
2704,100,270400,09:06:00
2705,200,541000,09:06:00
2707,100,270700,09:06:00
2706,200,541200,09:06:00
2707,200,541400,09:06:00
2713,200,542600,09:06:00
2711,200,542200,09:06:00
2710,100,271000,09:06:00
2704,100,270400,09:06:00
2704,100,270400,09:06:00
2705,200,541000,09:06:00
2705,100,270500,09:06:00
2709,200,541800,09:06:00
2704,300,811200,09:06:00
2705,100,270500,09:06:00
2705,100,270500,09:06:00
2707,100,270700,09:06:00
2704,700,1892800,09:06:00
2705,100,270500,09:06:00
2706,200,541200,09:06:00
2707,100,270700,09:06:00
2707,100,270700,09:06:00
2704,200,540800,09:06:00
2704,100,270400,09:06:00
2704,100,270400,09:06:00
2705,300,811500,09:06:00
2706,200,541200,09:06:00
2707,100,270700,09:06:00
2707,100,270700,09:06:00
2711,400,1084400,09:06:00
2705,100,270500,09:06:00
2705,100,270500,09:06:00
2705,100,270500,09:06:00
2705,100,270500,09:06:00
2705,100,270500,09:06:00
2706,100,270600,09:06:00
2705,100,270500,09:06:00
2705,100,270500,09:06:00
2712,100,271200,09:06:00
2711,100,271100,09:06:00
2705,100,270500,09:06:00
2706,300,811800,09:06:00
2707,100,270700,09:06:00
2707,100,270700,09:06:00
2709,100,270900,09:06:00
2710,100,271000,09:06:00
2713,200,542600,09:06:00
2705,100,270500,09:06:00
2706,100,270600,09:06:00
2706,100,270600,09:06:00
2713,100,271300,09:06:00
2706,100,270600,09:06:00
2706,100,270600,09:06:00
2706,100,270600,09:06:00
2713,200,542600,09:06:00
2705,100,270500,09:06:00
2707,100,270700,09:06:00
2706,200,541200,09:06:00
2707,100,270700,09:06:00
2714,200,542800,09:06:00
2707,100,270700,09:06:00
2713,200,542600,09:06:00
2709,200,541800,09:06:00
2710,100,271000,09:06:00
2710,200,542000,09:06:00
2709,100,270900,09:06:00
2709,100,270900,09:06:00
2712,100,271200,09:06:00
2711,100,271100,09:06:00
2710,100,271000,09:06:00
2705,700,1893500,09:06:00
2706,200,541200,09:06:00
2707,100,270700,09:06:00
2710,100,271000,09:06:00
2707,100,270700,09:06:00
2708,100,270800,09:06:00
2708,200,541600,09:06:00
2709,400,1083600,09:06:00
2710,400,1084000,09:06:00
2711,300,813300,09:06:00
2709,300,812700,09:06:00
2705,100,270500,09:06:00
2705,100,270500,09:06:00
2705,300,811500,09:06:00
2705,200,541000,09:06:00
2710,100,271000,09:06:00
2706,200,541200,09:06:00
2707,100,270700,09:06:00
2707,100,270700,09:06:00
2711,100,271100,09:06:00
2707,100,270700,09:06:00
2710,100,271000,09:06:00
2708,300,812400,09:06:00
2708,100,270800,09:06:00
2710,300,813000,09:06:00
2711,100,271100,09:06:00
2711,100,271100,09:06:00
2712,100,271200,09:06:00
2713,100,271300,09:06:00
2713,100,271300,09:06:00
2711,100,271100,09:06:00
2717,2800,7607600,09:06:00
2716,100,271600,09:06:00
2717,1600,4347200,09:06:00
2716,100,271600,09:06:00
2715,100,271500,09:06:00
2710,200,542000,09:06:00
2710,100,271000,09:06:00
2710,100,271000,09:06:00
2711,100,271100,09:06:00
2711,100,271100,09:06:00
2716,100,271600,09:06:00
2710,1500,4065000,09:06:00
2711,200,542200,09:06:00
2714,100,271400,09:06:00
2710,3000,8130000,09:06:00
2711,100,271100,09:06:00
2714,100,271400,09:06:00
2714,100,271400,09:06:00
2709,244000,660996000,09:06:00