値段,株数,金額,時刻
2839,155800,442316200,15:30:00
2832,100,283200,15:24:58
2831,100,283100,15:24:58
2832,300,849600,15:24:57
2832,100,283200,15:24:57
2834,400,1133600,15:24:55
2832,100,283200,15:24:54
2835,100,283500,15:24:53
2832,100,283200,15:24:53
2832,100,283200,15:24:52
2833,600,1699800,15:24:52
2834,200,566800,15:24:52
2835,100,283500,15:24:50
2835,300,850500,15:24:47
2835,800,2268000,15:24:47
2834,100,283400,15:24:47
2834,200,566800,15:24:47
2833,300,849900,15:24:45
2834,200,566800,15:24:45
2836,200,567200,15:24:44
2833,100,283300,15:24:43
2835,100,283500,15:24:43
2834,100,283400,15:24:36
2835,100,283500,15:24:36
2835,100,283500,15:24:33
2836,100,283600,15:24:31
2835,200,567000,15:24:29
2835,100,283500,15:24:26
2836,300,850800,15:24:26
2835,400,1134000,15:24:26
2835,100,283500,15:24:25
2833,1600,4532800,15:24:22
2834,1200,3400800,15:24:22
2835,1000,2835000,15:24:22
2836,300,850800,15:24:22
2837,100,283700,15:24:22
2838,100,283800,15:24:22
2838,200,567600,15:24:21
2836,100,283600,15:24:21
2837,200,567400,15:24:20
2836,100,283600,15:24:15
2835,400,1134000,15:24:14
2836,100,283600,15:24:13
2837,200,567400,15:24:13
2837,300,851100,15:24:12
2837,100,283700,15:24:10
2837,200,567400,15:24:10
2838,800,2270400,15:24:08
2838,400,1135200,15:24:07
2838,200,567600,15:24:06
2838,100,283800,15:24:06
2836,100,283600,15:24:05
2836,100,283600,15:24:05
2836,100,283600,15:24:05
2836,100,283600,15:24:05
2837,800,2269600,15:24:05
2837,100,283700,15:24:05
2836,900,2552400,15:24:05
2834,100,283400,15:24:03
2835,100,283500,15:24:03
2836,100,283600,15:24:03
2834,100,283400,15:23:59
2835,100,283500,15:23:59
2835,100,283500,15:23:59
2835,200,567000,15:23:57
2835,100,283500,15:23:57
2835,100,283500,15:23:57
2835,100,283500,15:23:57
2834,100,283400,15:23:57
2836,100,283600,15:23:56
2835,600,1701000,15:23:56
2836,100,283600,15:23:53
2836,200,567200,15:23:52
2835,100,283500,15:23:52
2836,100,283600,15:23:49
2836,100,283600,15:23:46
2837,100,283700,15:23:46
2837,300,851100,15:23:46
2837,100,283700,15:23:42
2837,200,567400,15:23:40
2835,400,1134000,15:23:40
2836,200,567200,15:23:39
2837,100,283700,15:23:39
2836,300,850800,15:23:35
2834,300,850200,15:23:35
2835,1600,4536000,15:23:35
2836,100,283600,15:23:35
2837,300,851100,15:23:34
2837,100,283700,15:23:32
2838,300,851400,15:23:32
2837,1100,3120700,15:23:32
2837,100,283700,15:23:31
2836,600,1701600,15:23:29
2836,400,1134400,15:23:29
2835,5500,15592500,15:23:29
2835,100,283500,15:23:29
2834,100,283400,15:23:29
2833,100,283300,15:23:25
2833,200,566600,15:23:25
2833,200,566600,15:23:25
2833,100,283300,15:23:25
2834,200,566800,15:23:25
2833,100,283300,15:23:25
2833,100,283300,15:23:25
2833,200,566600,15:23:25
2834,1400,3967600,15:23:25
2833,200,566600,15:23:25
2834,200,566800,15:23:25
2833,2100,5949300,15:23:25
2832,100,283200,15:23:19
2832,300,849600,15:23:17
2832,200,566400,15:23:12
2833,100,283300,15:23:11
2832,400,1132800,15:23:09
2833,100,283300,15:22:59
2832,100,283200,15:22:59
2832,300,849600,15:22:59
2833,100,283300,15:22:54
2832,100,283200,15:22:50
2834,700,1983800,15:22:49
2832,200,566400,15:22:48
2833,700,1983100,15:22:48
2833,300,849900,15:22:48
2834,200,566800,15:22:47
2834,600,1700400,15:22:47
2834,300,850200,15:22:46
2833,600,1699800,15:22:46
2834,200,566800,15:22:44
2834,300,850200,15:22:42
2834,300,850200,15:22:42
2834,100,283400,15:22:40
2834,100,283400,15:22:40
2834,100,283400,15:22:40
2833,100,283300,15:22:29
2834,100,283400,15:22:29
2834,100,283400,15:22:27
2834,1200,3400800,15:22:27
2834,400,1133600,15:22:27
2834,100,283400,15:22:20
2834,100,283400,15:22:20
2834,300,850200,15:22:16
2834,100,283400,15:22:13
2834,100,283400,15:22:13
2834,100,283400,15:22:12
2835,500,1417500,15:22:11
2834,300,850200,15:22:10
2834,100,283400,15:22:09
2834,100,283400,15:22:07
2834,100,283400,15:21:57
2834,100,283400,15:21:55
2834,100,283400,15:21:55
2834,400,1133600,15:21:55
2834,100,283400,15:21:55
2834,100,283400,15:21:55
2834,200,566800,15:21:55
2834,100,283400,15:21:55
2834,700,1983800,15:21:55
2833,400,1133200,15:21:44
2834,400,1133600,15:21:40
2834,100,283400,15:21:40
2832,100,283200,15:21:39
2834,200,566800,15:21:33
2834,700,1983800,15:21:33
2834,900,2550600,15:21:33
2833,100,283300,15:21:28
2834,100,283400,15:21:28
2834,100,283400,15:21:24
2834,600,1700400,15:21:15
2832,100,283200,15:21:07
2834,100,283400,15:21:04
2832,100,283200,15:20:59
2833,100,283300,15:20:56
2834,300,850200,15:20:51
2833,200,566600,15:20:50
2835,300,850500,15:20:50
2832,100,283200,15:20:49
2833,400,1133200,15:20:49
2833,100,283300,15:20:49
2834,100,283400,15:20:49
2833,300,849900,15:20:49
2835,100,283500,15:20:43
2835,700,1984500,15:20:35
2834,200,566800,15:20:35
2834,100,283400,15:20:32
2835,1000,2835000,15:20:31
2834,800,2267200,15:20:31
2833,300,849900,15:20:31
2832,100,283200,15:20:28
2832,200,566400,15:20:28
2832,600,1699200,15:20:28
2832,100,283200,15:20:24
2832,100,283200,15:20:19
2834,100,283400,15:20:18
2832,300,849600,15:20:18
2831,100,283100,15:20:18
2831,200,566200,15:20:18
2831,200,566200,15:20:18
2831,200,566200,15:20:18
2831,200,566200,15:20:18
2832,200,566400,15:20:18
2831,100,283100,15:20:18
2832,100,283200,15:20:18
2835,600,1701000,15:20:18
2834,1100,3117400,15:20:18
2833,1500,4249500,15:20:18
2832,800,2265600,15:20:18
2831,600,1698600,15:20:18
2831,1400,3963400,15:20:12
2832,100,283200,15:20:11
2831,100,283100,15:20:11
2831,100,283100,15:20:10
2831,100,283100,15:20:10
2832,100,283200,15:20:08
2832,100,283200,15:20:08
2832,200,566400,15:20:08
2832,200,566400,15:20:08
2832,200,566400,15:20:08
2832,200,566400,15:20:08
2832,500,1416000,15:20:08
2832,400,1132800,15:20:08
2832,800,2265600,15:20:08
2832,100,283200,15:20:04
2833,300,849900,15:19:55
2831,200,566200,15:19:46
2833,900,2549700,15:19:45
2833,400,1133200,15:19:45
2833,700,1983100,15:19:44
2833,800,2266400,15:19:41
2832,200,566400,15:19:41
2831,100,283100,15:19:41
2832,100,283200,15:19:40
2832,100,283200,15:19:39
2832,100,283200,15:19:38
2831,100,283100,15:19:38
2832,500,1416000,15:19:36
2832,100,283200,15:19:35
2832,400,1132800,15:19:34
2832,700,1982400,15:19:34
2832,100,283200,15:19:34
2832,100,283200,15:19:33
2834,500,1417000,15:19:30
2833,300,849900,15:19:28
2833,400,1133200,15:19:24
2833,800,2266400,15:19:24
2834,100,283400,15:19:24
2835,300,850500,15:19:23
2834,200,566800,15:19:21
2833,100,283300,15:19:11
2834,100,283400,15:19:11
2834,200,566800,15:19:08
2832,400,1132800,15:19:04
2833,300,849900,15:19:04
2833,100,283300,15:19:04
2834,100,283400,15:19:03
2834,100,283400,15:19:01
2834,400,1133600,15:19:01
2834,200,566800,15:19:00
2835,400,1134000,15:18:57
2834,300,850200,15:18:52
2835,100,283500,15:18:49
2834,600,1700400,15:18:43
2834,100,283400,15:18:43
2833,100,283300,15:18:33
2833,500,1416500,15:18:33
2832,100,283200,15:18:20
2832,600,1699200,15:18:19
2833,100,283300,15:18:19
2833,100,283300,15:18:19
2833,100,283300,15:18:18
2833,100,283300,15:18:18
2833,100,283300,15:18:18
2833,100,283300,15:18:18
2833,100,283300,15:18:18
2833,100,283300,15:18:18
2833,100,283300,15:18:18
2833,100,283300,15:18:18
2833,100,283300,15:18:18
2833,100,283300,15:18:18
2833,100,283300,15:18:18
2834,100,283400,15:18:18
2834,100,283400,15:18:18
2834,1500,4251000,15:18:18
2833,300,849900,15:18:18
2832,100,283200,15:18:18
2832,600,1699200,15:18:18
2832,200,566400,15:18:17
2833,200,566600,15:18:17
2833,100,283300,15:18:13
2833,100,283300,15:18:13
2833,200,566600,15:18:12
2832,100,283200,15:18:08
2832,100,283200,15:18:07
2833,200,566600,15:18:05
2833,300,849900,15:18:04
2832,100,283200,15:18:04
2832,200,566400,15:18:02
2833,100,283300,15:18:01
2833,300,849900,15:18:00
2831,600,1698600,15:18:00
2832,400,1132800,15:18:00
2832,100,283200,15:17:59
2833,100,283300,15:17:58
2833,100,283300,15:17:56
2832,100,283200,15:17:56
2834,100,283400,15:17:55
2832,100,283200,15:17:54
2834,600,1700400,15:17:54
2832,100,283200,15:17:53
2832,100,283200,15:17:52
2832,100,283200,15:17:50
2833,100,283300,15:17:50
2832,100,283200,15:17:46
2832,400,1132800,15:17:44
2832,200,566400,15:17:43
2833,200,566600,15:17:42
2833,100,283300,15:17:38
2832,100,283200,15:17:38
2832,400,1132800,15:17:33
2833,100,283300,15:17:33
2833,700,1983100,15:17:33
2833,200,566600,15:17:33
2832,100,283200,15:17:30
2832,100,283200,15:17:29
2832,100,283200,15:17:29
2832,100,283200,15:17:29
2832,100,283200,15:17:29
2832,100,283200,15:17:29
2832,100,283200,15:17:29
2832,100,283200,15:17:29
2832,100,283200,15:17:29
2832,600,1699200,15:17:29
2831,100,283100,15:17:27
2832,100,283200,15:17:26
2832,200,566400,15:17:21
2831,200,566200,15:17:20
2831,100,283100,15:17:17
2832,100,283200,15:17:16
2832,100,283200,15:17:13
2832,100,283200,15:17:13
2832,100,283200,15:17:13
2832,100,283200,15:17:13
2832,100,283200,15:17:13
2832,100,283200,15:17:13
2832,200,566400,15:17:13
2832,300,849600,15:17:12
2831,100,283100,15:17:12
2832,100,283200,15:17:10
2832,100,283200,15:17:10
2832,600,1699200,15:17:06
2831,100,283100,15:17:06
2831,100,283100,15:17:06
2831,100,283100,15:17:04
2831,100,283100,15:17:02
2831,200,566200,15:17:02
2831,200,566200,15:16:59
2832,100,283200,15:16:58
2833,100,283300,15:16:58
2832,100,283200,15:16:55
2831,100,283100,15:16:51
2831,100,283100,15:16:48
2831,100,283100,15:16:46
2832,100,283200,15:16:43
2831,100,283100,15:16:39
2832,300,849600,15:16:38
2832,100,283200,15:16:37
2831,100,283100,15:16:36
2832,100,283200,15:16:34
2831,100,283100,15:16:34
2832,100,283200,15:16:29
2832,100,283200,15:16:29
2832,300,849600,15:16:29
2831,100,283100,15:16:27
2831,100,283100,15:16:25
2831,100,283100,15:16:23
2831,100,283100,15:16:21
2832,100,283200,15:16:18
2833,1000,2833000,15:16:18
2832,900,2548800,15:16:18
2830,100,283000,15:16:17
2830,100,283000,15:16:14
2831,100,283100,15:16:11
2832,200,566400,15:16:11
2832,400,1132800,15:16:08
2830,100,283000,15:16:05
2830,200,566000,15:16:05
2830,100,283000,15:16:03
2831,100,283100,15:16:01
2831,100,283100,15:16:01
2831,100,283100,15:16:01
2830,100,283000,15:16:00
2830,100,283000,15:15:59
2831,100,283100,15:15:58
2831,100,283100,15:15:58
2831,100,283100,15:15:58
2831,100,283100,15:15:58
2829,100,282900,15:15:57
2831,100,283100,15:15:57
2829,100,282900,15:15:57
2830,100,283000,15:15:56
2831,100,283100,15:15:54
2831,100,283100,15:15:54
2831,100,283100,15:15:54
2831,100,283100,15:15:54
2831,500,1415500,15:15:54
2830,100,283000,15:15:53
2830,100,283000,15:15:50
2831,200,566200,15:15:49
2831,100,283100,15:15:48
2829,100,282900,15:15:47
2830,100,283000,15:15:47
2830,200,566000,15:15:47
2830,100,283000,15:15:44
2832,100,283200,15:15:39
2831,100,283100,15:15:38
2830,100,283000,15:15:38
2832,400,1132800,15:15:36
2832,100,283200,15:15:36
2832,100,283200,15:15:36
2832,100,283200,15:15:34
2833,200,566600,15:15:33
2833,200,566600,15:15:28
2832,1800,5097600,15:15:28
2832,100,283200,15:15:28
2829,100,282900,15:15:26
2830,800,2264000,15:15:26
2831,600,1698600,15:15:26
2833,300,849900,15:15:26
2832,200,566400,15:15:26
2833,200,566600,15:15:24
2832,500,1416000,15:15:24
2832,100,283200,15:15:24
2830,100,283000,15:15:20
2832,500,1416000,15:15:18
2831,500,1415500,15:15:16
2830,300,849000,15:15:16
2828,100,282800,15:15:13
2830,200,566000,15:15:13
2830,200,566000,15:15:13
2830,400,1132000,15:15:13
2830,100,283000,15:15:11
2831,100,283100,15:15:09
2832,100,283200,15:15:08
2832,1000,2832000,15:15:08
2831,300,849300,15:15:04
2830,100,283000,15:15:03
2830,100,283000,15:15:01
2830,1600,4528000,15:15:01
2830,100,283000,15:15:01
2830,1100,3113000,15:15:01
2829,100,282900,15:15:00
2830,500,1415000,15:15:00
2829,100,282900,15:15:00
2829,600,1697400,15:15:00
2828,200,565600,15:14:58
2828,100,282800,15:14:53
2828,100,282800,15:14:50
2828,700,1979600,15:14:48
2827,100,282700,15:14:43
2829,300,848700,15:14:42
2830,100,283000,15:14:41
2829,100,282900,15:14:41
2829,100,282900,15:14:39
2830,200,566000,15:14:39
2829,100,282900,15:14:39
2830,100,283000,15:14:36
2829,100,282900,15:14:35
2830,100,283000,15:14:28
2830,100,283000,15:14:28
2831,100,283100,15:14:27
2830,200,566000,15:14:27
2832,100,283200,15:14:25
2831,100,283100,15:14:21
2831,200,566200,15:14:21
2830,500,1415000,15:14:21
2830,500,1415000,15:14:21
2829,100,282900,15:14:20
2829,100,282900,15:14:20
2829,100,282900,15:14:17
2829,100,282900,15:14:15
2829,100,282900,15:14:15
2829,200,565800,15:14:15
2828,100,282800,15:14:15
2828,500,1414000,15:14:15
2828,300,848400,15:14:15
2828,300,848400,15:14:15
2828,300,848400,15:14:15
2827,100,282700,15:14:15
2827,100,282700,15:14:15
2827,100,282700,15:14:15
2827,100,282700,15:14:15
2827,100,282700,15:14:15
2827,200,565400,15:14:15
2827,200,565400,15:14:15
2827,100,282700,15:14:12
2827,100,282700,15:14:01
2827,100,282700,15:14:01
2827,100,282700,15:14:01
2827,100,282700,15:14:01
2827,100,282700,15:14:01
2827,100,282700,15:14:01
2827,100,282700,15:14:01
2828,500,1414000,15:14:01
2827,100,282700,15:14:01
2827,300,848100,15:14:00
2827,100,282700,15:13:56
2827,100,282700,15:13:56
2827,100,282700,15:13:56
2827,200,565400,15:13:55
2827,100,282700,15:13:55
2828,300,848400,15:13:54
2827,200,565400,15:13:54
2826,100,282600,15:13:52
2826,100,282600,15:13:40
2827,100,282700,15:13:37
2827,100,282700,15:13:36
2827,100,282700,15:13:34
2827,100,282700,15:13:33
2828,100,282800,15:13:33
2827,100,282700,15:13:33
2827,100,282700,15:13:33
2827,100,282700,15:13:31
2827,100,282700,15:13:30
2827,100,282700,15:13:30
2827,100,282700,15:13:30
2828,700,1979600,15:13:30
2827,800,2261600,15:13:30
2825,100,282500,15:13:30
2826,100,282600,15:13:28
2826,200,565200,15:13:28
2827,200,565400,15:13:25
2829,200,565800,15:13:25
2826,200,565200,15:13:25
2826,100,282600,15:13:25
2828,100,282800,15:13:24
2828,100,282800,15:13:24
2828,100,282800,15:13:24
2831,100,283100,15:13:24
2828,600,1696800,15:13:24
2828,1500,4242000,15:13:24
2829,1200,3394800,15:13:24
2830,8000,22640000,15:13:24
2831,1700,4812700,15:13:24
2831,100,283100,15:13:24
2832,100,283200,15:13:17
2832,200,566400,15:13:17
2833,100,283300,15:13:17
2835,300,850500,15:13:16
2834,300,850200,15:13:16
2833,100,283300,15:13:16
2834,300,850200,15:13:16
2834,200,566800,15:13:12
2833,100,283300,15:13:10
2835,400,1134000,15:13:08
2834,600,1700400,15:13:08
2832,700,1982400,15:13:08
2833,100,283300,15:13:08
2832,800,2265600,15:13:08
2833,1000,2833000,15:13:08
2834,2100,5951400,15:13:08
2835,300,850500,15:13:06
2835,100,283500,15:13:06
2836,200,567200,15:12:59
2836,100,283600,15:12:59
2835,800,2268000,15:12:57
2835,400,1134000,15:12:57
2835,900,2551500,15:12:57
2836,400,1134400,15:12:55
2836,200,567200,15:12:53
2837,100,283700,15:12:50
2836,300,850800,15:12:50
2837,100,283700,15:12:50
2837,200,567400,15:12:50
2837,1000,2837000,15:12:50
2836,100,283600,15:12:49
2836,300,850800,15:12:36
2837,300,851100,15:12:36
2838,100,283800,15:12:30
2837,300,851100,15:12:26
2838,100,283800,15:12:17
2839,300,851700,15:12:17
2838,100,283800,15:12:17
2839,100,283900,15:12:15
2838,100,283800,15:12:15
2838,100,283800,15:12:15
2840,100,284000,15:12:05
2839,100,283900,15:11:58
2839,100,283900,15:11:53
2839,100,283900,15:11:43
2840,400,1136000,15:11:43
2839,1000,2839000,15:11:43
2838,100,283800,15:11:43
2837,100,283700,15:11:41
2838,100,283800,15:11:41
2838,100,283800,15:11:36
2838,100,283800,15:11:36
2838,100,283800,15:11:36
2838,100,283800,15:11:36
2838,200,567600,15:11:36
2838,100,283800,15:11:36
2838,200,567600,15:11:36
2838,100,283800,15:11:36
2838,200,567600,15:11:36
2838,100,283800,15:11:36
2838,400,1135200,15:11:36
2838,200,567600,15:11:32
2837,600,1702200,15:11:26
2838,400,1135200,15:11:26
2837,300,851100,15:11:22
2835,100,283500,15:11:20
2836,100,283600,15:11:20
2836,200,567200,15:11:19
2836,100,283600,15:11:17
2838,700,1986600,15:11:10
2839,100,283900,15:11:05
2839,100,283900,15:11:05
2840,100,284000,15:10:57
2839,100,283900,15:10:56
2839,100,283900,15:10:56
2838,100,283800,15:10:56
2837,300,851100,15:10:56
2838,600,1702800,15:10:56
2840,100,284000,15:10:42
2840,100,284000,15:10:40
2839,300,851700,15:10:40
2839,100,283900,15:10:40
2837,100,283700,15:10:33
2838,300,851400,15:10:29
2839,100,283900,15:10:25
2839,100,283900,15:10:25
2839,100,283900,15:10:25
2839,100,283900,15:10:22
2840,400,1136000,15:10:21
2841,100,284100,15:10:21
2841,500,1420500,15:10:21
2841,800,2272800,15:10:21
2840,3300,9372000,15:10:21
2839,2000,5678000,15:10:21
2838,300,851400,15:10:21
2836,300,850800,15:10:21
2838,400,1135200,15:10:20
2839,200,567800,15:10:17
2838,100,283800,15:10:17
2838,200,567600,15:10:17
2838,100,283800,15:10:17
2838,300,851400,15:10:17
2837,400,1134800,15:10:15
2836,100,283600,15:10:15
2836,1000,2836000,15:10:15
2835,100,283500,15:10:15
2835,100,283500,15:10:15
2835,200,567000,15:10:15
2835,200,567000,15:10:15
2835,800,2268000,15:10:15
2834,100,283400,15:10:12
2834,100,283400,15:10:12
2834,100,283400,15:10:11
2835,100,283500,15:10:09
2834,400,1133600,15:10:08
2833,400,1133200,15:10:08
2834,100,283400,15:10:08
2833,400,1133200,15:10:08
2834,300,850200,15:10:08
2834,100,283400,15:10:08
2835,100,283500,15:10:05
2835,100,283500,15:10:05
2835,100,283500,15:10:04
2835,100,283500,15:10:02
2836,100,283600,15:10:02
2835,100,283500,15:10:00
2835,400,1134000,15:10:00
2835,100,283500,15:09:58
2835,100,283500,15:09:55
2835,100,283500,15:09:50
2837,100,283700,15:09:50
2835,100,283500,15:09:49
2836,200,567200,15:09:48
2837,600,1702200,15:09:48
2837,300,851100,15:09:48
2837,300,851100,15:09:48
2837,200,567400,15:09:48
2837,300,851100,15:09:48
2838,100,283800,15:09:47
2838,3000,8514000,15:09:47
2838,100,283800,15:09:47
2840,100,284000,15:09:44
2839,400,1135600,15:09:44
2839,400,1135600,15:09:44
2837,100,283700,15:09:43
2838,100,283800,15:09:40
2838,100,283800,15:09:40
2839,100,283900,15:09:40
2839,100,283900,15:09:38
2840,100,284000,15:09:38
2838,100,283800,15:09:36
2838,100,283800,15:09:33
2838,100,283800,15:09:33
2838,100,283800,15:09:33
2839,100,283900,15:09:32
2839,200,567800,15:09:32
2839,100,283900,15:09:31
2839,100,283900,15:09:28
2839,100,283900,15:09:25
2840,300,852000,15:09:20
2840,300,852000,15:09:20
2840,100,284000,15:09:16
2840,100,284000,15:09:16
2840,100,284000,15:09:13
2840,100,284000,15:09:13
2840,300,852000,15:09:12
2841,200,568200,15:09:06
2840,100,284000,15:09:04
2840,300,852000,15:09:04
2840,200,568000,15:09:04
2840,100,284000,15:09:00
2841,100,284100,15:09:00
2840,100,284000,15:08:57
2840,100,284000,15:08:57
2840,100,284000,15:08:55
2840,100,284000,15:08:55
2839,300,851700,15:08:55
2840,200,568000,15:08:54
2840,300,852000,15:08:54
2840,400,1136000,15:08:54
2839,600,1703400,15:08:53
2840,2900,8236000,15:08:53
2841,100,284100,15:08:49
2841,100,284100,15:08:47
2841,300,852300,15:08:47
2841,200,568200,15:08:47
2841,300,852300,15:08:47
2841,200,568200,15:08:47
2841,100,284100,15:08:47
2841,200,568200,15:08:47
2841,200,568200,15:08:47
2841,200,568200,15:08:42
2840,100,284000,15:08:41
2840,100,284000,15:08:39
2839,100,283900,15:08:37
2839,300,851700,15:08:35
2840,100,284000,15:08:34
2840,500,1420000,15:08:34
2841,200,568200,15:08:33
2840,100,284000,15:08:26
2840,300,852000,15:08:25
2840,100,284000,15:08:19
2840,100,284000,15:08:15
2840,200,568000,15:08:15
2840,100,284000,15:08:10
2840,100,284000,15:08:10
2840,1300,3692000,15:08:08
2840,1200,3408000,15:08:08
2840,200,568000,15:08:08
2840,800,2272000,15:08:08
2839,100,283900,15:08:07
2840,400,1136000,15:08:05
2839,1100,3122900,15:08:05
2840,300,852000,15:08:05
2840,300,852000,15:08:05
2841,1000,2841000,15:08:00
2840,500,1420000,15:08:00
2840,500,1420000,15:08:00
2839,100,283900,15:07:54
2839,600,1703400,15:07:51
2839,200,567800,15:07:51
2839,300,851700,15:07:50
2839,100,283900,15:07:48
2839,100,283900,15:07:48
2839,100,283900,15:07:43
2839,300,851700,15:07:43
2839,300,851700,15:07:43
2840,1100,3124000,15:07:43
2840,600,1704000,15:07:43
2841,400,1136400,15:07:38
2841,200,568200,15:07:38
2840,300,852000,15:07:38
2840,100,284000,15:07:33
2841,300,852300,15:07:33
2841,100,284100,15:07:31
2840,100,284000,15:07:30
2840,1600,4544000,15:07:30
2839,1200,3406800,15:07:30
2839,100,283900,15:07:29
2838,100,283800,15:07:29
2838,100,283800,15:07:28
2837,200,567400,15:07:28
2836,100,283600,15:07:28
2836,100,283600,15:07:28
2836,100,283600,15:07:28
2836,100,283600,15:07:28
2836,1200,3403200,15:07:28
2835,3300,9355500,15:07:28
2835,300,850500,15:07:28
2833,300,849900,15:07:25
2834,300,850200,15:07:21
2836,100,283600,15:07:20
2834,100,283400,15:07:20
2835,100,283500,15:07:20
2835,200,567000,15:07:20
2835,200,567000,15:07:20
2835,200,567000,15:07:20
2834,700,1983800,15:07:16
2834,100,283400,15:07:10
2834,200,566800,15:07:08
2834,100,283400,15:07:06
2834,200,566800,15:07:06
2834,200,566800,15:07:06
2834,200,566800,15:07:06
2834,300,850200,15:07:04
2835,100,283500,15:06:59
2834,100,283400,15:06:58
2834,300,850200,15:06:53
2833,400,1133200,15:06:47
2833,100,283300,15:06:42
2833,400,1133200,15:06:42
2833,100,283300,15:06:42
2833,300,849900,15:06:42
2833,100,283300,15:06:35
2833,500,1416500,15:06:33
2833,100,283300,15:06:31
2833,200,566600,15:06:31
2832,100,283200,15:06:29
2833,100,283300,15:06:25
2833,500,1416500,15:06:25
2833,100,283300,15:06:22
2833,200,566600,15:06:15
2833,300,849900,15:06:15
2833,300,849900,15:06:15
2833,300,849900,15:06:15
2833,100,283300,15:06:15
2832,100,283200,15:06:13
2832,100,283200,15:06:10
2831,100,283100,15:06:10
2831,300,849300,15:06:10
2830,300,849000,15:06:08
2830,100,283000,15:06:07
2831,200,566200,15:06:04
2831,300,849300,15:06:02
2830,100,283000,15:06:02
2830,1000,2830000,15:06:02
2830,1200,3396000,15:06:02
2830,200,566000,15:06:02
2830,200,566000,15:06:02
2830,200,566000,15:06:02
2830,200,566000,15:05:58
2831,100,283100,15:05:58
2831,100,283100,15:05:58
2831,100,283100,15:05:58
2831,100,283100,15:05:58
2831,100,283100,15:05:58
2830,200,566000,15:05:56
2830,300,849000,15:05:52
2830,100,283000,15:05:51
2830,100,283000,15:05:51
2829,100,282900,15:05:49
2828,100,282800,15:05:45
2829,100,282900,15:05:45
2828,100,282800,15:05:44
2827,600,1696200,15:05:44
2828,1900,5373200,15:05:44
2829,900,2546100,15:05:44
2830,5300,14999000,15:05:44
2831,300,849300,15:05:39
2832,800,2265600,15:05:39
2832,100,283200,15:05:37
2833,100,283300,15:05:35
2832,100,283200,15:05:34
2832,300,849600,15:05:33
2833,200,566600,15:05:33
2832,100,283200,15:05:30
2833,100,283300,15:05:30
2834,400,1133600,15:05:30
2833,200,566600,15:05:30
2832,100,283200,15:05:30
2832,200,566400,15:05:28
2833,100,283300,15:05:26
2833,200,566600,15:05:25
2833,100,283300,15:05:25
2832,3000,8496000,15:05:25
2832,100,283200,15:05:25
2831,100,283100,15:05:24
2831,100,283100,15:05:23
2831,200,566200,15:05:23
2832,400,1132800,15:05:23
2833,100,283300,15:05:22
2833,100,283300,15:05:22
2833,100,283300,15:05:20
2834,100,283400,15:05:20
2836,100,283600,15:05:19
2835,200,567000,15:05:19
2836,1400,3970400,15:05:19
2838,200,567600,15:05:18
2837,100,283700,15:05:18
2838,500,1419000,15:05:17
2838,100,283800,15:05:17
2836,100,283600,15:05:15
2836,100,283600,15:05:15
2838,300,851400,15:05:14
2836,300,850800,15:05:14
2837,100,283700,15:05:12
2838,200,567600,15:05:08
2839,200,567800,15:05:05
2838,100,283800,15:05:05
2838,100,283800,15:05:04
2839,200,567800,15:05:04
2838,100,283800,15:05:04
2838,3200,9081600,15:04:56
2838,1700,4824600,15:04:56
2839,100,283900,15:04:56
2839,100,283900,15:04:55
2839,100,283900,15:04:53
2840,100,284000,15:04:53
2838,400,1135200,15:04:53
2839,200,567800,15:04:53
2838,300,851400,15:04:52
2839,500,1419500,15:04:52
2840,100,284000,15:04:52
2840,100,284000,15:04:48
2840,100,284000,15:04:46
2840,100,284000,15:04:46
2840,100,284000,15:04:46
2840,100,284000,15:04:40
2841,200,568200,15:04:38
2841,100,284100,15:04:38
2840,2500,7100000,15:04:38
2841,300,852300,15:04:38
2840,200,568000,15:04:33
2840,300,852000,15:04:33
2840,300,852000,15:04:33
2840,300,852000,15:04:33
2841,100,284100,15:04:32
2841,400,1136400,15:04:32
2841,100,284100,15:04:30
2840,300,852000,15:04:26
2840,100,284000,15:04:26
2840,100,284000,15:04:23
2840,200,568000,15:04:23
2840,100,284000,15:04:23
2840,200,568000,15:04:22
2840,800,2272000,15:04:22
2840,100,284000,15:04:17
2840,100,284000,15:04:17
2840,100,284000,15:04:16
2840,100,284000,15:04:15
2840,100,284000,15:04:11
2840,100,284000,15:04:11
2840,100,284000,15:04:11
2841,100,284100,15:04:11
2840,400,1136000,15:04:07
2840,100,284000,15:04:07
2841,100,284100,15:04:07
2841,100,284100,15:04:05
2841,300,852300,15:04:04
2840,200,568000,15:04:04
2840,200,568000,15:04:03
2839,200,567800,15:04:02
2840,100,284000,15:04:02
2840,100,284000,15:04:02
2840,200,568000,15:04:02
2840,200,568000,15:04:00
2840,100,284000,15:03:59
2840,200,568000,15:03:58
2841,100,284100,15:03:57
2841,300,852300,15:03:57
2840,200,568000,15:03:57
2840,100,284000,15:03:57
2840,200,568000,15:03:56
2842,1300,3694600,15:03:56
2841,700,1988700,15:03:56
2840,100,284000,15:03:56
2838,100,283800,15:03:56
2840,100,284000,15:03:56
2838,200,567600,15:03:56
2840,500,1420000,15:03:56
2839,100,283900,15:03:56
2840,200,568000,15:03:56
2840,200,568000,15:03:56
2840,100,284000,15:03:56
2838,200,567600,15:03:56
2839,200,567800,15:03:56
2839,100,283900,15:03:56
2840,100,284000,15:03:56
2840,700,1988000,15:03:56
2840,900,2556000,15:03:56
2839,100,283900,15:03:56
2840,400,1136000,15:03:56
2840,300,852000,15:03:56
2839,100,283900,15:03:56
2839,600,1703400,15:03:56
2839,300,851700,15:03:56
2839,200,567800,15:03:56
2839,1500,4258500,15:03:56
2838,3100,8797800,15:03:56
2836,100,283600,15:03:55
2837,100,283700,15:03:55
2837,500,1418500,15:03:50
2837,100,283700,15:03:47
2836,100,283600,15:03:37
2836,100,283600,15:03:35
2836,300,850800,15:03:35
2836,200,567200,15:03:35
2837,100,283700,15:03:33
2837,200,567400,15:03:30
2835,100,283500,15:03:30
2835,600,1701000,15:03:30
2836,200,567200,15:03:30
2836,200,567200,15:03:30
2836,300,850800,15:03:27
2837,1700,4822900,15:03:27
2836,1100,3119600,15:03:27
2835,500,1417500,15:03:27
2835,100,283500,15:03:26
2834,100,283400,15:03:26
2834,100,283400,15:03:26
2835,1000,2835000,15:03:26
2836,300,850800,15:03:26
2836,100,283600,15:03:26
2836,200,567200,15:03:26
2836,100,283600,15:03:24
2836,700,1985200,15:03:24
2835,200,567000,15:03:24
2834,200,566800,15:03:24
2835,100,283500,15:03:22
2835,200,567000,15:03:21
2833,100,283300,15:03:21
2834,100,283400,15:03:21
2834,100,283400,15:03:21
2834,300,850200,15:03:21
2834,100,283400,15:03:21
2834,100,283400,15:03:21
2835,500,1417500,15:03:21
2835,500,1417500,15:03:21
2835,700,1984500,15:03:21
2835,700,1984500,15:03:21
2834,1500,4251000,15:03:21
2833,1900,5382700,15:03:21
2833,100,283300,15:03:21
2832,2700,7646400,15:03:21
2832,500,1416000,15:03:21
2831,100,283100,15:03:11
2831,100,283100,15:03:11
2830,100,283000,15:03:11
2831,2300,6511300,15:03:11
2831,100,283100,15:03:11
2831,100,283100,15:03:10
2831,200,566200,15:03:09
2830,300,849000,15:03:06
2831,200,566200,15:03:05
2831,600,1698600,15:03:05
2830,400,1132000,15:03:05
2829,200,565800,15:03:02
2830,100,283000,15:03:01
2830,100,283000,15:03:01
2830,100,283000,15:03:01
2830,400,1132000,15:03:00
2830,100,283000,15:03:00
2830,1000,2830000,15:02:57
2829,400,1131600,15:02:47
2829,100,282900,15:02:44
2829,100,282900,15:02:44
2830,500,1415000,15:02:41
2829,100,282900,15:02:37
2829,100,282900,15:02:36
2829,100,282900,15:02:36
2830,100,283000,15:02:34
2830,100,283000,15:02:33
2830,200,566000,15:02:32
2831,200,566200,15:02:30
2830,100,283000,15:02:27
2830,100,283000,15:02:26
2830,600,1698000,15:02:26
2830,100,283000,15:02:26
2829,300,848700,15:02:22
2829,100,282900,15:02:15
2828,300,848400,15:02:13
2828,100,282800,15:02:12
2829,200,565800,15:02:08
2829,100,282900,15:02:08
2830,200,566000,15:02:04
2829,200,565800,15:02:04
2829,100,282900,15:02:02
2830,100,283000,15:02:02
2828,100,282800,15:02:00
2829,100,282900,15:02:00
2829,300,848700,15:01:58
2830,100,283000,15:01:58
2831,200,566200,15:01:58
2829,100,282900,15:01:58
2830,100,283000,15:01:58
2830,100,283000,15:01:58
2831,1300,3680300,15:01:58
2831,100,283100,15:01:58
2831,200,566200,15:01:58
2829,200,565800,15:01:58
2831,300,849300,15:01:58
2830,2900,8207000,15:01:58
2830,100,283000,15:01:58
2830,100,283000,15:01:58
2830,400,1132000,15:01:58
2830,100,283000,15:01:58
2830,100,283000,15:01:58
2829,2900,8204100,15:01:58
2828,100,282800,15:01:56
2827,200,565400,15:01:56
2828,100,282800,15:01:56
2828,500,1414000,15:01:49
2828,200,565600,15:01:49
2828,100,282800,15:01:49
2827,1300,3675100,15:01:49
2827,200,565400,15:01:49
2827,200,565400,15:01:49
2827,200,565400,15:01:49
2826,100,282600,15:01:48
2826,100,282600,15:01:48
2826,100,282600,15:01:47
2826,100,282600,15:01:47
2826,100,282600,15:01:47
2826,100,282600,15:01:45
2826,100,282600,15:01:43
2827,100,282700,15:01:42
2826,900,2543400,15:01:41
2826,100,282600,15:01:41
2825,1800,5085000,15:01:41
2824,1900,5365600,15:01:41
2822,100,282200,15:01:41
2822,100,282200,15:01:41
2822,100,282200,15:01:41
2822,100,282200,15:01:41
2822,100,282200,15:01:41
2822,100,282200,15:01:41
2823,100,282300,15:01:41
2823,200,564600,15:01:41
2822,100,282200,15:01:41
2822,100,282200,15:01:41
2822,100,282200,15:01:41
2822,3000,8466000,15:01:41
2821,300,846300,15:01:36
2821,100,282100,15:01:30
2821,100,282100,15:01:29
2821,100,282100,15:01:28
2821,700,1974700,15:01:28
2822,100,282200,15:01:21
2821,300,846300,15:01:18
2821,200,564200,15:01:09
2822,100,282200,15:01:08
2821,100,282100,15:01:08
2821,100,282100,15:01:08
2821,100,282100,15:01:00
2822,700,1975400,15:00:56
2821,600,1692600,15:00:56
2820,300,846000,15:00:55
2821,100,282100,15:00:55
2822,100,282200,15:00:47
2822,100,282200,15:00:44
2823,300,846900,15:00:44
2822,100,282200,15:00:44
2822,200,564400,15:00:43
2822,100,282200,15:00:42
2822,100,282200,15:00:41
2822,300,846600,15:00:41
2823,400,1129200,15:00:41
2824,200,564800,15:00:33
2824,100,282400,15:00:32
2824,100,282400,15:00:30
2824,100,282400,15:00:28
2824,100,282400,15:00:27
2825,200,565000,15:00:27
2824,100,282400,15:00:27
2825,200,565000,15:00:27
2825,100,282500,15:00:27
2824,500,1412000,15:00:27
2824,100,282400,15:00:24
2824,100,282400,15:00:24
2825,1100,3107500,15:00:24
2824,1900,5365600,15:00:24
2823,1400,3952200,15:00:24
2822,100,282200,15:00:16
2822,100,282200,15:00:10
2822,100,282200,15:00:06
2821,100,282100,15:00:03
2820,100,282000,15:00:02
2822,200,564400,14:59:58
2823,100,282300,14:59:51
2823,200,564600,14:59:49
2823,400,1129200,14:59:49
2823,100,282300,14:59:49
2822,400,1128800,14:59:48
2821,100,282100,14:59:41
2820,100,282000,14:59:40
2820,200,564000,14:59:35
2821,600,1692600,14:59:35
2819,200,563800,14:59:35
2820,200,564000,14:59:35
2820,1900,5358000,14:59:35
2819,1100,3100900,14:59:35
2818,100,281800,14:59:35
2818,100,281800,14:59:35
2818,100,281800,14:59:35
2818,700,1972600,14:59:35
2818,200,563600,14:59:34
2818,100,281800,14:59:28
2817,700,1971900,14:59:26
2818,100,281800,14:59:25
2818,100,281800,14:59:25
2818,100,281800,14:59:25
2818,100,281800,14:59:25
2818,100,281800,14:59:25
2818,100,281800,14:59:25
2817,200,563400,14:59:25
2817,100,281700,14:59:18
2818,100,281800,14:59:15
2817,100,281700,14:59:03
2818,400,1127200,14:59:03
2817,100,281700,14:58:54
2818,300,845400,14:58:41
2818,200,563600,14:58:41
2818,100,281800,14:58:40
2818,100,281800,14:58:36
2819,100,281900,14:58:36
2818,300,845400,14:58:36
2818,300,845400,14:58:36
2818,100,281800,14:58:31
2817,100,281700,14:58:31
2816,100,281600,14:58:30
2816,100,281600,14:58:30
2816,1100,3097600,14:58:30
2817,100,281700,14:58:30
2816,100,281600,14:58:28
2817,100,281700,14:58:28
2818,100,281800,14:58:23
2818,100,281800,14:58:18
2818,100,281800,14:58:09
2818,200,563600,14:58:06
2818,100,281800,14:58:05
2817,100,281700,14:58:05
2817,1000,2817000,14:58:04
2818,1000,2818000,14:58:04
2819,200,563800,14:58:02
2819,100,281900,14:58:00
2819,200,563800,14:57:44
2818,100,281800,14:57:40
2819,200,563800,14:57:38
2818,100,281800,14:57:37
2817,100,281700,14:57:36
2819,200,563800,14:57:34
2819,100,281900,14:57:32
2818,2000,5636000,14:57:32
2818,100,281800,14:57:28
2818,100,281800,14:57:28
2819,100,281900,14:57:27
2818,100,281800,14:57:27
2818,100,281800,14:57:27
2818,100,281800,14:57:27
2818,200,563600,14:57:27
2817,100,281700,14:57:21
2817,100,281700,14:57:21
2817,100,281700,14:57:21
2817,100,281700,14:57:21
2817,200,563400,14:57:21
2817,100,281700,14:57:11
2817,100,281700,14:57:11
2817,100,281700,14:57:11
2817,100,281700,14:57:11
2817,100,281700,14:57:11
2817,100,281700,14:57:11
2817,100,281700,14:57:11
2817,100,281700,14:57:11
2817,100,281700,14:57:11
2817,100,281700,14:57:11
2817,100,281700,14:57:11
2817,100,281700,14:57:11
2817,100,281700,14:57:11
2817,100,281700,14:57:11
2818,300,845400,14:57:11
2817,100,281700,14:57:11
2817,100,281700,14:57:09
2818,100,281800,14:57:01
2818,200,563600,14:57:01
2818,100,281800,14:57:00
2818,100,281800,14:57:00
2818,100,281800,14:57:00
2818,100,281800,14:57:00
2818,100,281800,14:57:00
2819,600,1691400,14:57:00
2818,200,563600,14:57:00
2818,700,1972600,14:57:00
2817,100,281700,14:57:00
2817,100,281700,14:56:57
2816,400,1126400,14:56:57
2816,200,563200,14:56:54
2817,100,281700,14:56:48
2817,100,281700,14:56:48
2816,2200,6195200,14:56:47
2817,600,1690200,14:56:47
2818,100,281800,14:56:47
2818,100,281800,14:56:43
2818,200,563600,14:56:38
2818,100,281800,14:56:34
2818,400,1127200,14:56:34
2819,100,281900,14:56:30
2819,900,2537100,14:56:30
2819,100,281900,14:56:30
2819,100,281900,14:56:27
2819,100,281900,14:56:25
2819,200,563800,14:56:25
2820,100,282000,14:56:22
2820,500,1410000,14:56:22
2821,500,1410500,14:56:21
2821,100,282100,14:56:15
2821,100,282100,14:56:11
2821,100,282100,14:56:11
2821,100,282100,14:56:08
2821,400,1128400,14:56:08
2821,100,282100,14:56:05
2821,100,282100,14:56:05
2821,100,282100,14:56:03
2821,100,282100,14:55:51
2821,200,564200,14:55:51
2821,200,564200,14:55:51
2821,200,564200,14:55:51
2821,100,282100,14:55:48
2821,100,282100,14:55:47
2821,100,282100,14:55:45
2820,200,564000,14:55:44
2821,200,564200,14:55:38
2821,100,282100,14:55:23
2822,100,282200,14:55:19
2823,200,564600,14:55:19
2822,100,282200,14:55:15
2821,500,1410500,14:55:15
2820,1400,3948000,14:55:15
2819,100,281900,14:55:14
2819,100,281900,14:55:14
2819,100,281900,14:55:14
2819,100,281900,14:55:14
2819,100,281900,14:55:14
2819,100,281900,14:55:14
2819,100,281900,14:55:14
2819,100,281900,14:55:14
2819,100,281900,14:55:14
2819,100,281900,14:55:14
2819,900,2537100,14:55:14
2818,300,845400,14:55:14
2818,100,281800,14:55:07
2818,100,281800,14:55:04
2817,100,281700,14:55:03
2818,100,281800,14:54:52
2817,100,281700,14:54:52
2818,700,1972600,14:54:52
2819,100,281900,14:54:38
2819,100,281900,14:54:35
2819,700,1973300,14:54:35
2819,100,281900,14:54:23
2818,200,563600,14:54:11
2819,100,281900,14:54:08
2818,100,281800,14:54:08
2818,100,281800,14:54:08
2818,100,281800,14:53:58
2818,100,281800,14:53:56
2818,400,1127200,14:53:51
2819,100,281900,14:53:47
2819,100,281900,14:53:47
2819,200,563800,14:53:47
2819,200,563800,14:53:47
2818,200,563600,14:53:42
2819,100,281900,14:53:33
2819,100,281900,14:53:33
2819,100,281900,14:53:33
2818,1700,4790600,14:53:33
2818,100,281800,14:53:33
2818,1100,3099800,14:53:33
2819,100,281900,14:53:33
2819,100,281900,14:53:33
2819,100,281900,14:53:33
2819,100,281900,14:53:32
2819,100,281900,14:53:32
2819,300,845700,14:53:31
2819,100,281900,14:53:31
2818,1000,2818000,14:53:16
2818,100,281800,14:53:10
2818,100,281800,14:53:02
2820,100,282000,14:53:02
2819,500,1409500,14:52:56
2819,100,281900,14:52:56
2819,100,281900,14:52:55
2817,100,281700,14:52:53
2818,100,281800,14:52:50
2819,200,563800,14:52:49
2818,1200,3381600,14:52:49
2820,100,282000,14:52:48
2820,100,282000,14:52:47
2819,400,1127600,14:52:45
2819,300,845700,14:52:44
2820,500,1410000,14:52:44
2820,100,282000,14:52:43
2820,100,282000,14:52:43
2820,100,282000,14:52:43
2820,100,282000,14:52:43
2820,100,282000,14:52:43
2821,800,2256800,14:52:42
2821,1000,2821000,14:52:42
2821,100,282100,14:52:42
2822,100,282200,14:52:39
2822,100,282200,14:52:32
2822,100,282200,14:52:31
2824,100,282400,14:52:28
2822,200,564400,14:52:26
2823,100,282300,14:52:26
2824,100,282400,14:52:21
2824,100,282400,14:52:21
2824,100,282400,14:52:20
2824,100,282400,14:52:08
2824,100,282400,14:52:08
2824,100,282400,14:52:08
2824,100,282400,14:52:08
2824,100,282400,14:52:08
2824,100,282400,14:52:08
2824,100,282400,14:52:08
2825,100,282500,14:52:08
2824,100,282400,14:52:08
2826,1500,4239000,14:52:08
2825,1300,3672500,14:52:08
2824,600,1694400,14:52:08
2823,100,282300,14:52:07
2823,300,846900,14:52:05
2823,100,282300,14:52:03
2824,100,282400,14:51:59
2825,100,282500,14:51:54
2823,100,282300,14:51:54
2823,200,564600,14:51:54
2824,100,282400,14:51:54
2825,100,282500,14:51:53
2825,100,282500,14:51:50
2825,100,282500,14:51:49
2824,700,1976800,14:51:49
2825,200,565000,14:51:49
2825,100,282500,14:51:45
2826,100,282600,14:51:41
2826,100,282600,14:51:39
2825,500,1412500,14:51:35
2826,100,282600,14:51:33
2826,100,282600,14:51:31
2825,100,282500,14:51:28
2825,200,565000,14:51:25
2826,100,282600,14:51:15
2825,100,282500,14:51:14
2825,100,282500,14:51:14
2825,100,282500,14:51:14
2826,100,282600,14:51:14
2826,100,282600,14:51:14
2827,200,565400,14:51:14
2827,500,1413500,14:51:14
2825,100,282500,14:51:14
2825,100,282500,14:51:14
2826,200,565200,14:51:14
2825,1600,4520000,14:51:14
2824,200,564800,14:51:13
2824,100,282400,14:51:08
2824,100,282400,14:51:08
2824,200,564800,14:51:08
2824,200,564800,14:50:58
2825,100,282500,14:50:58
2824,100,282400,14:50:58
2826,100,282600,14:50:55
2825,100,282500,14:50:50
2825,200,565000,14:50:49
2825,200,565000,14:50:49
2825,800,2260000,14:50:43
2825,100,282500,14:50:43
2825,100,282500,14:50:43
2825,100,282500,14:50:43
2827,700,1978900,14:50:32
2826,100,282600,14:50:32
2825,400,1130000,14:50:31
2825,200,565000,14:50:24
2825,100,282500,14:50:24
2825,200,565000,14:50:20
2825,100,282500,14:50:18
2826,100,282600,14:50:16
2825,100,282500,14:50:11
2824,200,564800,14:50:11
2824,200,564800,14:50:09
2827,100,282700,14:50:06
2825,300,847500,14:50:02
2827,300,848100,14:50:02
2826,100,282600,14:50:01
2828,100,282800,14:49:57
2827,200,565400,14:49:57
2827,100,282700,14:49:57
2827,100,282700,14:49:57
2826,200,565200,14:49:57
2825,200,565000,14:49:49
2825,700,1977500,14:49:38
2825,200,565000,14:49:38
2825,200,565000,14:49:38
2825,200,565000,14:49:38
2824,200,564800,14:49:38
2823,200,564600,14:49:38
2823,100,282300,14:49:38
2824,100,282400,14:49:21
2823,400,1129200,14:49:21
2823,200,564600,14:49:21
2823,200,564600,14:49:21
2823,200,564600,14:49:21
2822,100,282200,14:49:20
2822,100,282200,14:49:20
2822,100,282200,14:49:20
2822,100,282200,14:49:20
2822,100,282200,14:49:20
2822,100,282200,14:49:20
2822,100,282200,14:49:20
2822,100,282200,14:49:20
2822,200,564400,14:49:20
2822,800,2257600,14:49:20
2820,200,564000,14:49:12
2821,300,846300,14:49:12
2821,200,564200,14:49:12
2821,200,564200,14:49:09
2822,100,282200,14:49:07
2821,600,1692600,14:48:50
2822,200,564400,14:48:47
2823,400,1129200,14:48:42
2822,600,1693200,14:48:42
2822,100,282200,14:48:41
2822,100,282200,14:48:37
2822,100,282200,14:48:27
2820,100,282000,14:48:25
2821,400,1128400,14:48:23
2821,2100,5924100,14:48:23
2822,300,846600,14:48:19
2823,100,282300,14:48:16
2823,500,1411500,14:48:16
2822,100,282200,14:48:14
2823,100,282300,14:48:09
2823,200,564600,14:48:09
2823,100,282300,14:48:01
2823,200,564600,14:47:59
2823,100,282300,14:47:59
2824,100,282400,14:47:59
2823,200,564600,14:47:59
2823,300,846900,14:47:59
2824,200,564800,14:47:59
2825,100,282500,14:47:59
2825,200,565000,14:47:59
2825,200,565000,14:47:59
2824,400,1129600,14:47:59
2824,300,847200,14:47:59
2823,700,1976100,14:47:59
2822,200,564400,14:47:51
2822,100,282200,14:47:50
2822,100,282200,14:47:49
2822,100,282200,14:47:48
2822,100,282200,14:47:48
2822,100,282200,14:47:46
2823,500,1411500,14:47:46
2823,100,282300,14:47:38
2824,100,282400,14:47:38
2823,1200,3387600,14:47:37
2822,600,1693200,14:47:37
2821,200,564200,14:47:37
2819,400,1127600,14:47:37
2820,200,564000,14:47:37
2820,100,282000,14:47:36
2819,100,281900,14:47:33
2820,100,282000,14:47:28
2818,100,281800,14:47:26
2819,100,281900,14:47:25
2819,200,563800,14:47:25
2819,300,845700,14:47:25
2818,100,281800,14:47:25
2817,200,563400,14:47:25
2817,100,281700,14:47:25
2818,1100,3099800,14:47:25
2819,600,1691400,14:47:25
2820,3500,9870000,14:47:25
2820,100,282000,14:47:25
2821,600,1692600,14:47:25
2822,100,282200,14:47:25
2822,300,846600,14:47:25
2823,100,282300,14:47:25
2824,100,282400,14:47:23
2822,100,282200,14:47:21
2822,100,282200,14:47:19
2822,100,282200,14:47:17
2821,100,282100,14:47:17
2822,600,1693200,14:47:17
2822,100,282200,14:47:16
2823,100,282300,14:47:14
2823,100,282300,14:47:13
2823,100,282300,14:47:12
2823,100,282300,14:47:11
2823,100,282300,14:47:11
2823,100,282300,14:47:11
2823,100,282300,14:47:10
2823,100,282300,14:47:06
2823,500,1411500,14:47:05
2823,100,282300,14:47:02
2822,100,282200,14:47:01
2824,100,282400,14:47:01
2822,100,282200,14:47:00
2822,300,846600,14:47:00
2822,500,1411000,14:47:00
2824,400,1129600,14:47:00
2822,100,282200,14:46:59
2823,200,564600,14:46:57
2823,700,1976100,14:46:56
2823,100,282300,14:46:56
2823,100,282300,14:46:55
2824,100,282400,14:46:51
2824,400,1129600,14:46:51
2825,200,565000,14:46:51
2825,100,282500,14:46:51
2825,100,282500,14:46:46
2825,100,282500,14:46:42
2826,100,282600,14:46:40
2826,100,282600,14:46:38
2825,100,282500,14:46:34
2827,100,282700,14:46:30
2826,100,282600,14:46:30
2826,100,282600,14:46:25
2827,100,282700,14:46:21
2827,100,282700,14:46:21
2829,100,282900,14:46:20
2828,200,565600,14:46:20
2828,100,282800,14:46:18
2827,500,1413500,14:46:18
2826,500,1413000,14:46:18
2825,100,282500,14:46:16
2825,300,847500,14:46:15
2824,400,1129600,14:46:14
2824,100,282400,14:46:14
2824,100,282400,14:46:13
2824,200,564800,14:46:04
2824,100,282400,14:46:04
2826,300,847800,14:46:01
2824,100,282400,14:45:59
2824,100,282400,14:45:55
2825,400,1130000,14:45:52
2825,100,282500,14:45:50
2825,100,282500,14:45:47
2827,100,282700,14:45:43
2826,200,565200,14:45:43
2826,100,282600,14:45:41
2825,100,282500,14:45:38
2825,100,282500,14:45:34
2825,100,282500,14:45:30
2825,100,282500,14:45:26
2825,100,282500,14:45:21
2825,200,565000,14:45:21
2825,500,1412500,14:45:19
2826,200,565200,14:45:18
2827,100,282700,14:45:13
2826,100,282600,14:45:11
2827,100,282700,14:45:11
2827,600,1696200,14:45:03
2825,100,282500,14:45:00
2826,400,1130400,14:44:59
2826,100,282600,14:44:58
2826,100,282600,14:44:58
2826,300,847800,14:44:58
2825,600,1695000,14:44:58
2825,100,282500,14:44:54
2824,700,1976800,14:44:54
2823,500,1411500,14:44:54
2823,200,564600,14:44:54
2823,500,1411500,14:44:54
2824,900,2541600,14:44:54
2825,100,282500,14:44:51
2825,2100,5932500,14:44:49
2825,100,282500,14:44:49
2825,100,282500,14:44:43
2825,200,565000,14:44:43
2825,200,565000,14:44:43
2825,200,565000,14:44:43
2825,500,1412500,14:44:43
2825,500,1412500,14:44:33
2824,100,282400,14:44:29
2825,100,282500,14:44:29
2825,300,847500,14:44:24
2825,100,282500,14:44:24
2825,200,565000,14:44:24
2825,400,1130000,14:44:24
2826,400,1130400,14:44:21
2826,200,565200,14:44:13
2826,100,282600,14:44:05
2826,800,2260800,14:44:01
2827,500,1413500,14:44:01
2828,200,565600,14:44:00
2828,300,848400,14:43:50
2827,100,282700,14:43:46
2827,100,282700,14:43:43
2828,100,282800,14:43:36
2827,100,282700,14:43:35
2828,200,565600,14:43:34
2829,100,282900,14:43:29
2829,100,282900,14:43:25
2828,100,282800,14:43:22
2828,100,282800,14:43:10
2828,100,282800,14:43:10
2827,1300,3675100,14:43:09
2828,100,282800,14:43:09
2828,100,282800,14:42:57
2829,400,1131600,14:42:57
2828,100,282800,14:42:57
2827,100,282700,14:42:54
2828,100,282800,14:42:54
2828,400,1131200,14:42:54
2828,300,848400,14:42:54
2827,300,848100,14:42:54
2826,100,282600,14:42:50
2826,100,282600,14:42:48
2826,100,282600,14:42:46
2827,200,565400,14:42:45
2827,100,282700,14:42:41
2827,100,282700,14:42:41
2826,300,847800,14:42:40
2827,1000,2827000,14:42:40
2827,100,282700,14:42:40
2827,1200,3392400,14:42:40
2827,200,565400,14:42:40
2827,300,848100,14:42:40
2827,1300,3675100,14:42:40
2828,1000,2828000,14:42:32
2828,200,565600,14:42:32
2828,200,565600,14:42:32
2828,200,565600,14:42:32
2829,100,282900,14:42:24
2829,100,282900,14:42:16
2829,400,1131600,14:42:10
2829,1400,3960600,14:42:10
2829,300,848700,14:42:09
2830,100,283000,14:42:02
2829,200,565800,14:41:55
2829,200,565800,14:41:38
2829,100,282900,14:41:37
2829,100,282900,14:41:37
2829,100,282900,14:41:37
2829,100,282900,14:41:37
2829,100,282900,14:41:37
2829,100,282900,14:41:37
2829,600,1697400,14:41:37
2829,100,282900,14:41:27
2829,100,282900,14:41:23
2829,200,565800,14:41:15
2829,100,282900,14:41:14
2829,100,282900,14:41:12
2829,300,848700,14:41:12
2829,100,282900,14:40:58
2829,100,282900,14:40:56
2829,100,282900,14:40:43
2829,200,565800,14:40:38
2829,100,282900,14:40:32
2829,100,282900,14:40:31
2829,100,282900,14:40:28
2829,100,282900,14:40:21
2829,800,2263200,14:40:21
2829,300,848700,14:40:06
2828,100,282800,14:40:06
2829,100,282900,14:40:06
2830,100,283000,14:40:02
2829,400,1131600,14:39:56
2828,200,565600,14:39:55
2828,100,282800,14:39:52
2828,100,282800,14:39:52
2828,100,282800,14:39:44
2829,700,1980300,14:39:42
2828,100,282800,14:39:42
2828,300,848400,14:39:42
2828,300,848400,14:39:42
2828,100,282800,14:39:42
2828,100,282800,14:39:42
2829,1600,4526400,14:39:42
2830,100,283000,14:39:26
2829,100,282900,14:39:07
2829,100,282900,14:39:06
2829,100,282900,14:38:53
2829,200,565800,14:38:42
2829,200,565800,14:38:42
2829,100,282900,14:38:42
2829,200,565800,14:38:42
2829,100,282900,14:38:42
2829,200,565800,14:38:42
2829,200,565800,14:38:42
2828,200,565600,14:38:41
2828,200,565600,14:38:40
2828,200,565600,14:38:37
2828,100,282800,14:38:32
2828,300,848400,14:38:28
2828,100,282800,14:38:26
2828,100,282800,14:38:23
2828,300,848400,14:38:23
2828,300,848400,14:38:23
2829,100,282900,14:38:22
2829,200,565800,14:38:17
2829,300,848700,14:38:17
2829,100,282900,14:38:07
2830,100,283000,14:38:03
2830,400,1132000,14:37:57
2830,100,283000,14:37:48
2829,100,282900,14:37:45
2830,200,566000,14:37:45
2829,100,282900,14:37:43
2830,100,283000,14:37:40
2829,100,282900,14:37:37
2828,300,848400,14:37:31
2829,100,282900,14:37:27
2829,200,565800,14:37:26
2829,100,282900,14:37:20
2829,100,282900,14:37:20
2829,100,282900,14:37:20
2828,900,2545200,14:37:20
2829,300,848700,14:37:20
2830,100,283000,14:37:16
2830,200,566000,14:37:14
2830,100,283000,14:37:10
2829,100,282900,14:37:07
2830,100,283000,14:37:07
2829,200,565800,14:37:04
2829,200,565800,14:37:03
2830,200,566000,14:37:02
2831,100,283100,14:37:01
2831,700,1981700,14:36:57
2832,300,849600,14:36:55
2832,100,283200,14:36:55
2832,200,566400,14:36:55
2831,200,566200,14:36:55
2831,300,849300,14:36:55
2832,100,283200,14:36:54
2832,100,283200,14:36:54
2832,100,283200,14:36:54
2832,100,283200,14:36:54
2832,300,849600,14:36:54
2832,100,283200,14:36:54
2832,300,849600,14:36:54
2832,100,283200,14:36:54
2830,300,849000,14:36:54
2831,3000,8493000,14:36:54
2830,1300,3679000,14:36:54
2830,1300,3679000,14:36:54
2830,700,1981000,14:36:54
2829,1800,5092200,14:36:54
2828,1400,3959200,14:36:54
2828,200,565600,14:36:54
2828,200,565600,14:36:54
2828,200,565600,14:36:54
2827,100,282700,14:36:54
2827,2500,7067500,14:36:54
2827,900,2544300,14:36:54
2827,300,848100,14:36:54
2827,100,282700,14:36:44
2827,100,282700,14:36:44
2827,200,565400,14:36:44
2827,200,565400,14:36:44
2827,200,565400,14:36:44
2827,200,565400,14:36:44
2827,300,848100,14:36:36
2828,300,848400,14:36:36
2827,100,282700,14:36:28
2827,100,282700,14:36:27
2828,100,282800,14:36:27
2828,100,282800,14:36:27
2828,200,565600,14:36:27
2828,700,1979600,14:36:27
2827,300,848100,14:36:24
2825,600,1695000,14:36:24
2826,800,2260800,14:36:24
2826,100,282600,14:36:15
2827,100,282700,14:36:15
2827,400,1130800,14:36:15
2828,200,565600,14:36:08
2826,800,2260800,14:36:05
2828,100,282800,14:35:58
2827,100,282700,14:35:54
2827,400,1130800,14:35:44
2827,300,848100,14:35:44
2827,200,565400,14:35:44
2827,200,565400,14:35:44
2827,200,565400,14:35:44
2826,900,2543400,14:35:43
2826,300,847800,14:35:43
2825,400,1130000,14:35:42
2825,100,282500,14:35:42
2825,200,565000,14:35:42
2825,200,565000,14:35:42
2825,200,565000,14:35:42
2825,200,565000,14:35:42
2824,100,282400,14:35:40
2824,100,282400,14:35:23
2824,100,282400,14:35:20
2824,100,282400,14:35:05
2823,100,282300,14:35:04
2824,100,282400,14:34:49
2823,200,564600,14:34:47
2825,100,282500,14:34:45
2824,100,282400,14:34:45
2824,100,282400,14:34:41
2824,100,282400,14:34:36
2825,800,2260000,14:34:36
2824,200,564800,14:34:36
2824,300,847200,14:34:29
2825,100,282500,14:34:28
2825,100,282500,14:34:26
2825,300,847500,14:34:26
2825,100,282500,14:34:25
2825,100,282500,14:34:23
2825,100,282500,14:34:22
2825,200,565000,14:34:22
2825,600,1695000,14:34:22
2825,200,565000,14:34:22
2825,200,565000,14:34:22
2825,200,565000,14:34:22
2825,100,282500,14:34:17
2825,800,2260000,14:34:09
2825,1000,2825000,14:34:09
2824,100,282400,14:34:07
2825,200,565000,14:34:04
2824,200,564800,14:33:57
2824,300,847200,14:33:57
2823,100,282300,14:33:46
2822,200,564400,14:33:29
2823,100,282300,14:33:23
2823,100,282300,14:33:22
2823,300,846900,14:33:20
2822,300,846600,14:33:20
2821,100,282100,14:33:15
2822,200,564400,14:33:11
2822,100,282200,14:33:10
2822,100,282200,14:32:59
2822,400,1128800,14:32:59
2821,300,846300,14:32:58
2822,600,1693200,14:32:58
2823,100,282300,14:32:52
2823,100,282300,14:32:49
2823,100,282300,14:32:48
2823,100,282300,14:32:42
2823,100,282300,14:32:42
2824,100,282400,14:32:34
2824,100,282400,14:32:30
2825,100,282500,14:32:28
2824,100,282400,14:32:28
2823,100,282300,14:32:23
2823,200,564600,14:32:23
2822,100,282200,14:32:19
2822,200,564400,14:32:18
2823,100,282300,14:32:16
2823,200,564600,14:32:14
2823,200,564600,14:32:11
2823,100,282300,14:32:11
2823,100,282300,14:32:11
2823,100,282300,14:32:11
2824,200,564800,14:32:09
2824,100,282400,14:32:09
2824,100,282400,14:32:09
2824,100,282400,14:32:08
2824,100,282400,14:32:07
2825,100,282500,14:32:06
2825,100,282500,14:32:05
2826,100,282600,14:32:03
2826,1900,5369400,14:32:03
2826,100,282600,14:32:01
2826,100,282600,14:32:01
2825,100,282500,14:32:01
2825,500,1412500,14:31:58
2826,300,847800,14:31:58
2826,100,282600,14:31:58
2826,100,282600,14:31:51
2825,100,282500,14:31:49
2825,400,1130000,14:31:48
2826,100,282600,14:31:47
2826,100,282600,14:31:47
2826,700,1978200,14:31:47
2825,200,565000,14:31:42
2825,100,282500,14:31:35
2825,100,282500,14:31:27
2825,100,282500,14:31:23
2825,100,282500,14:31:23
2825,100,282500,14:31:23
2825,100,282500,14:31:23
2825,100,282500,14:31:23
2826,200,565200,14:31:17
2825,800,2260000,14:31:17
2826,100,282600,14:31:13
2826,100,282600,14:31:11
2826,100,282600,14:31:10
2826,200,565200,14:31:01
2826,200,565200,14:31:01
2826,300,847800,14:30:50
2826,100,282600,14:30:43
2826,100,282600,14:30:38
2826,400,1130400,14:30:37
2825,100,282500,14:30:37
2825,600,1695000,14:30:37
2824,200,564800,14:30:33
2824,100,282400,14:30:33
2824,100,282400,14:30:25
2823,100,282300,14:30:24
2823,200,564600,14:30:24
2823,200,564600,14:30:24
2823,100,282300,14:30:20
2824,200,564800,14:30:20
2824,100,282400,14:30:18
2824,200,564800,14:30:18
2825,300,847500,14:30:14
2824,400,1129600,14:30:14
2823,100,282300,14:30:11
2824,100,282400,14:30:09
2824,100,282400,14:30:09
2825,100,282500,14:30:07
2825,300,847500,14:30:07
2826,100,282600,14:30:06
2826,200,565200,14:30:06
2826,100,282600,14:29:50
2826,100,282600,14:29:50
2826,100,282600,14:29:50
2826,100,282600,14:29:50
2826,100,282600,14:29:50
2826,200,565200,14:29:38
2826,200,565200,14:29:38
2826,100,282600,14:29:37
2826,400,1130400,14:29:34
2826,100,282600,14:29:34
2826,200,565200,14:29:34
2826,500,1413000,14:29:34
2826,100,282600,14:29:34
2825,200,565000,14:29:25
2825,200,565000,14:29:25
2825,200,565000,14:29:25
2825,300,847500,14:29:25
2825,500,1412500,14:29:25
2825,100,282500,14:29:25
2825,100,282500,14:29:25
2825,200,565000,14:29:25
2825,100,282500,14:29:25
2824,2800,7907200,14:29:25
2824,200,564800,14:29:25
2823,600,1693800,14:29:16
2823,100,282300,14:29:16
2823,100,282300,14:29:11
2824,100,282400,14:29:08
2823,100,282300,14:29:07
2823,500,1411500,14:29:07
2823,100,282300,14:29:07
2823,100,282300,14:29:07
2823,100,282300,14:29:07
2823,100,282300,14:28:48
2824,100,282400,14:28:46
2824,100,282400,14:28:44
2823,1700,4799100,14:28:44
2821,200,564200,14:28:29
2822,300,846600,14:28:26
2821,200,564200,14:28:18
2822,100,282200,14:28:18
2822,200,564400,14:28:18
2821,100,282100,14:28:13
2821,400,1128400,14:28:13
2821,200,564200,14:28:09
2821,200,564200,14:28:06
2822,300,846600,14:28:05
2821,100,282100,14:28:04
2822,300,846600,14:27:53
2821,500,1410500,14:27:52
2820,1800,5076000,14:27:52
2819,100,281900,14:27:40
2819,300,845700,14:27:34
2819,100,281900,14:27:34
2819,200,563800,14:27:32
2819,100,281900,14:27:32
2819,300,845700,14:27:29
2818,100,281800,14:27:21
2818,200,563600,14:27:06
2818,100,281800,14:27:06
2818,100,281800,14:27:06
2818,700,1972600,14:26:51
2817,100,281700,14:26:50
2817,100,281700,14:26:49
2817,200,563400,14:26:45
2817,300,845100,14:26:45
2817,300,845100,14:26:45
2816,1000,2816000,14:26:45
2814,200,562800,14:26:45
2815,500,1407500,14:26:45
2815,200,563000,14:26:45
2815,100,281500,14:26:43
2815,100,281500,14:26:43
2815,100,281500,14:26:43
2815,100,281500,14:26:42
2815,100,281500,14:26:39
2815,600,1689000,14:26:39
2815,1000,2815000,14:26:39
2815,200,563000,14:26:37
2815,500,1407500,14:26:37
2815,100,281500,14:26:37
2816,100,281600,14:26:18
2816,100,281600,14:26:07
2815,300,844500,14:25:56
2815,200,563000,14:25:55
2816,200,563200,14:25:55
2817,100,281700,14:25:51
2816,200,563200,14:25:51
2816,100,281600,14:25:49
2816,100,281600,14:25:44
2816,100,281600,14:25:44
2816,100,281600,14:25:41
2816,100,281600,14:25:41
2816,1200,3379200,14:25:41
2816,100,281600,14:25:41
2816,300,844800,14:25:41
2816,200,563200,14:25:41
2816,300,844800,14:25:41
2816,300,844800,14:25:41
2816,300,844800,14:25:41
2816,300,844800,14:25:41
2816,300,844800,14:25:41
2816,100,281600,14:25:38
2816,1300,3660800,14:25:38
2815,100,281500,14:25:38
2815,500,1407500,14:25:32
2815,100,281500,14:25:32
2815,400,1126000,14:25:32
2814,1600,4502400,14:25:29
2815,400,1126000,14:25:29
2816,100,281600,14:25:23
2816,100,281600,14:25:22
2815,100,281500,14:25:22
2816,200,563200,14:25:21
2815,500,1407500,14:25:19
2815,300,844500,14:25:19
2815,300,844500,14:25:19
2815,300,844500,14:25:19
2814,100,281400,14:25:12
2814,200,562800,14:25:12
2814,2500,7035000,14:25:12
2811,2900,8151900,14:25:11
2812,1700,4780400,14:25:11
2813,400,1125200,14:25:11
2814,300,844200,14:25:11
2813,100,281300,14:25:09
2813,100,281300,14:25:00
2813,100,281300,14:24:57
2812,100,281200,14:24:55
2814,100,281400,14:24:44
2814,100,281400,14:24:43
2815,200,563000,14:24:39
2814,1100,3095400,14:24:39
2813,200,562600,14:24:39
2812,100,281200,14:24:38
2812,100,281200,14:24:37
2810,600,1686000,14:24:37
2811,1500,4216500,14:24:37
2812,200,562400,14:24:37
2813,200,562600,14:24:37
2813,100,281300,14:24:37
2813,100,281300,14:24:33
2813,100,281300,14:24:33
2814,200,562800,14:24:31
2814,100,281400,14:24:27
2814,200,562800,14:24:19
2815,100,281500,14:24:18
2815,100,281500,14:24:14
2814,200,562800,14:24:11
2815,100,281500,14:24:10
2814,200,562800,14:24:08
2815,200,563000,14:24:08
2815,200,563000,14:24:07
2815,100,281500,14:24:06
2814,100,281400,14:24:04
2813,300,843900,14:24:03
2814,300,844200,14:24:03
2814,100,281400,14:24:02
2816,400,1126400,14:24:02
2815,200,563000,14:24:01
2815,1200,3378000,14:24:01
2814,600,1688400,14:24:01
2813,100,281300,14:24:00
2813,200,562600,14:24:00
2813,100,281300,14:23:59
2814,300,844200,14:23:57
2813,100,281300,14:23:56
2813,100,281300,14:23:56
2813,100,281300,14:23:56
2813,500,1406500,14:23:56
2813,100,281300,14:23:51
2812,100,281200,14:23:49
2813,100,281300,14:23:48
2810,100,281000,14:23:45
2810,300,843000,14:23:45
2810,100,281000,14:23:45
2810,700,1967000,14:23:45
2810,800,2248000,14:23:45
2810,100,281000,14:23:45
2810,100,281000,14:23:44
2810,100,281000,14:23:44
2810,1800,5058000,14:23:44
2811,2100,5903100,14:23:44
2815,100,281500,14:23:44
2812,1600,4499200,14:23:44
2813,500,1406500,14:23:44
2814,1700,4783800,14:23:44
2815,7900,22238500,14:23:44
2815,100,281500,14:23:42
2815,200,563000,14:23:41
2815,200,563000,14:23:39
2816,100,281600,14:23:39
2816,100,281600,14:23:39
2815,600,1689000,14:23:39
2816,1100,3097600,14:23:39
2817,100,281700,14:23:39
2818,100,281800,14:23:36
2816,200,563200,14:23:35
2816,1600,4505600,14:23:28
2817,100,281700,14:23:23
2817,100,281700,14:23:23
2816,300,844800,14:23:22
2816,100,281600,14:23:21
2816,800,2252800,14:23:21
2817,200,563400,14:23:21
2817,100,281700,14:23:13
2817,100,281700,14:23:13
2817,100,281700,14:23:12
2817,100,281700,14:23:12
2817,100,281700,14:23:09
2817,100,281700,14:23:09
2817,700,1971900,14:23:08
2817,100,281700,14:23:08
2818,100,281800,14:23:06
2818,100,281800,14:23:06
2820,300,846000,14:23:01
2820,100,282000,14:23:01
2818,800,2254400,14:23:01
2819,100,281900,14:23:01
2819,100,281900,14:23:00
2820,100,282000,14:23:00
2820,2200,6204000,14:23:00
2820,100,282000,14:23:00
2820,100,282000,14:23:00
2820,100,282000,14:23:00
2820,100,282000,14:23:00
2820,100,282000,14:22:55
2820,100,282000,14:22:55
2820,300,846000,14:22:55
2821,2300,6488300,14:22:55
2822,200,564400,14:22:54
2823,100,282300,14:22:54
2823,100,282300,14:22:38
2822,300,846600,14:22:36
2822,200,564400,14:22:36
2824,100,282400,14:22:36
2823,100,282300,14:22:36
2823,700,1976100,14:22:36
2824,100,282400,14:22:25
2823,100,282300,14:22:20
2824,400,1129600,14:22:14
2824,100,282400,14:22:13
2823,300,846900,14:22:02
2822,200,564400,14:21:50
2823,200,564600,14:21:40
2823,400,1129200,14:21:33
2824,2400,6777600,14:21:33
2825,700,1977500,14:21:33
2826,200,565200,14:21:31
2825,200,565000,14:21:28
2825,100,282500,14:21:13
2825,100,282500,14:21:12
2825,300,847500,14:21:12
2827,1300,3675100,14:20:54
2827,200,565400,14:20:49
2825,100,282500,14:20:45
2825,100,282500,14:20:44
2825,900,2542500,14:20:44
2825,300,847500,14:20:44
2825,300,847500,14:20:44
2825,300,847500,14:20:44
2825,300,847500,14:20:44
2826,200,565200,14:20:44
2827,200,565400,14:20:37
2826,400,1130400,14:20:37
2827,100,282700,14:20:36
2826,100,282600,14:20:25
2826,100,282600,14:20:23
2825,100,282500,14:20:21
2825,500,1412500,14:20:18
2825,300,847500,14:20:18
2825,300,847500,14:20:18
2825,300,847500,14:20:18
2825,300,847500,14:20:18
2824,100,282400,14:20:12
2823,100,282300,14:20:10
2823,200,564600,14:20:10
2823,100,282300,14:20:07
2822,300,846600,14:20:07
2822,200,564400,14:20:07
2822,100,282200,14:20:07
2822,200,564400,14:20:06
2822,300,846600,14:20:06
2822,300,846600,14:20:06
2822,300,846600,14:20:06
2822,900,2539800,14:20:06
2823,100,282300,14:19:57
2823,800,2258400,14:19:56
2824,100,282400,14:19:55
2824,100,282400,14:19:55
2824,100,282400,14:19:55
2823,300,846900,14:19:55
2823,100,282300,14:19:52
2823,100,282300,14:19:51
2823,100,282300,14:19:40
2823,100,282300,14:19:39
2823,100,282300,14:19:34
2823,200,564600,14:19:34
2824,100,282400,14:19:27
2825,400,1130000,14:19:18
2826,100,282600,14:19:18
2826,300,847800,14:19:15
2826,300,847800,14:19:15
2826,100,282600,14:19:13
2825,100,282500,14:19:04
2825,100,282500,14:18:54
2824,300,847200,14:18:54
2825,100,282500,14:18:52
2825,800,2260000,14:18:45
2824,900,2541600,14:18:45
2824,300,847200,14:18:45
2824,100,282400,14:18:45
2824,100,282400,14:18:45
2824,100,282400,14:18:45
2824,100,282400,14:18:45
2823,200,564600,14:18:41
2823,100,282300,14:18:41
2822,100,282200,14:18:13
2823,100,282300,14:18:13
2824,100,282400,14:18:08
2823,100,282300,14:18:05
2823,200,564600,14:18:00
2822,100,282200,14:17:58
2823,100,282300,14:17:56
2823,600,1693800,14:17:56
2824,400,1129600,14:17:56
2825,100,282500,14:17:56
2824,300,847200,14:17:53
2825,300,847500,14:17:52
2825,100,282500,14:17:48
2825,200,565000,14:17:48
2825,100,282500,14:17:48
2825,100,282500,14:17:48
2824,1000,2824000,14:17:48
2823,1000,2823000,14:17:48
2822,100,282200,14:17:36
2821,100,282100,14:17:27
2821,100,282100,14:17:21
2822,300,846600,14:17:10
2822,100,282200,14:17:10
2822,100,282200,14:17:06
2823,100,282300,14:17:06
2823,300,846900,14:17:05
2823,300,846900,14:17:04
2822,600,1693200,14:17:04
2822,1100,3104200,14:17:02
2820,100,282000,14:16:59
2820,100,282000,14:16:57
2822,100,282200,14:16:57
2820,100,282000,14:16:56
2821,300,846300,14:16:54
2820,100,282000,14:16:54
2820,100,282000,14:16:53
2819,100,281900,14:16:52
2819,600,1691400,14:16:51
2820,200,564000,14:16:51
2820,100,282000,14:16:45
2821,200,564200,14:16:44
2822,100,282200,14:16:41
2820,100,282000,14:16:39
2820,100,282000,14:16:39
2821,100,282100,14:16:39
2821,300,846300,14:16:39
2821,100,282100,14:16:39
2823,100,282300,14:16:30
2824,200,564800,14:16:18
2823,300,846900,14:16:16
2822,200,564400,14:16:16
2823,300,846900,14:16:15
2824,700,1976800,14:16:15
2824,600,1694400,14:16:15
2824,100,282400,14:16:14
2825,200,565000,14:16:09
2826,100,282600,14:16:04
2826,100,282600,14:16:02
2826,100,282600,14:15:57
2826,200,565200,14:15:57
2827,100,282700,14:15:50
2825,100,282500,14:15:49
2826,300,847800,14:15:47
2828,100,282800,14:15:44
2827,400,1130800,14:15:44
2827,300,848100,14:15:44
2826,100,282600,14:15:29
2825,200,565000,14:15:23
2826,200,565200,14:15:23
2826,400,1130400,14:15:23
2826,100,282600,14:15:16
2828,200,565600,14:15:16
2827,200,565400,14:15:16
2826,100,282600,14:15:16
2826,400,1130400,14:15:11
2827,100,282700,14:15:11
2827,200,565400,14:15:08
2829,200,565800,14:15:08
2828,800,2262400,14:15:08
2827,700,1978900,14:15:08
2826,100,282600,14:15:06
2826,100,282600,14:15:06
2827,200,565400,14:15:04
2827,100,282700,14:15:04
2827,100,282700,14:15:04
2825,100,282500,14:14:58
2826,100,282600,14:14:54
2826,300,847800,14:14:54
2826,100,282600,14:14:54
2826,100,282600,14:14:54
2825,200,565000,14:14:52
2825,1200,3390000,14:14:52
2825,300,847500,14:14:52
2825,300,847500,14:14:52
2825,300,847500,14:14:52
2825,300,847500,14:14:52
2825,100,282500,14:14:48
2824,100,282400,14:14:47
2824,300,847200,14:14:46
2824,100,282400,14:14:46
2822,100,282200,14:14:41
2823,100,282300,14:14:40
2823,100,282300,14:14:37
2823,1000,2823000,14:14:37
2822,100,282200,14:14:26
2822,400,1128800,14:14:20
2821,200,564200,14:14:20
2820,300,846000,14:14:19
2821,100,282100,14:14:19
2821,100,282100,14:14:18
2820,100,282000,14:14:18
2820,200,564000,14:14:18
2820,100,282000,14:14:18
2820,100,282000,14:14:18
2820,300,846000,14:14:18
2821,3600,10155600,14:14:18
2821,100,282100,14:14:18
2822,500,1411000,14:14:12
2822,100,282200,14:14:09
2823,1300,3669900,14:14:09
2823,500,1411500,14:14:09
2823,100,282300,14:14:07
2824,300,847200,14:14:05
2824,300,847200,14:14:05
2824,100,282400,14:14:02
2824,200,564800,14:14:02
2824,200,564800,14:14:02
2824,100,282400,14:14:00
2824,100,282400,14:13:59
2824,100,282400,14:13:54
2825,100,282500,14:13:50
2824,500,1412000,14:13:43
2824,400,1129600,14:13:43
2824,100,282400,14:13:25
2823,100,282300,14:13:19
2823,200,564600,14:13:19
2823,300,846900,14:13:19
2823,100,282300,14:13:16
2824,300,847200,14:13:16
2824,200,564800,14:13:16
2823,100,282300,14:13:14
2822,100,282200,14:13:14
2822,100,282200,14:13:13
2824,100,282400,14:13:12
2823,200,564600,14:13:10
2824,100,282400,14:13:09
2824,100,282400,14:13:05
2822,100,282200,14:13:02
2823,400,1129200,14:13:02
2824,400,1129600,14:13:01
2825,200,565000,14:12:59
2825,100,282500,14:12:59
2825,100,282500,14:12:56
2825,100,282500,14:12:52
2825,100,282500,14:12:52
2825,200,565000,14:12:52
2823,100,282300,14:12:48
2824,400,1129600,14:12:47
2824,300,847200,14:12:45
2823,100,282300,14:12:44
2824,100,282400,14:12:43
2824,100,282400,14:12:40
2823,100,282300,14:12:39
2822,300,846600,14:12:38
2822,100,282200,14:12:26
2822,100,282200,14:12:26
2822,100,282200,14:12:26
2822,100,282200,14:12:26
2822,100,282200,14:12:26
2823,600,1693800,14:12:24
2823,100,282300,14:12:22
2824,200,564800,14:12:19
2824,100,282400,14:12:14
2824,100,282400,14:12:14
2825,100,282500,14:12:13
2824,100,282400,14:12:13
2823,100,282300,14:12:11
2824,300,847200,14:12:11
2824,300,847200,14:12:11
2824,300,847200,14:12:11
2823,500,1411500,14:12:11
2822,200,564400,14:12:10
2822,100,282200,14:12:10
2821,100,282100,14:12:06
2821,100,282100,14:12:05
2821,200,564200,14:12:05
2821,100,282100,14:12:03
2822,200,564400,14:11:59
2821,200,564200,14:11:58
2821,100,282100,14:11:58
2821,100,282100,14:11:58
2821,300,846300,14:11:58
2821,1000,2821000,14:11:58
2821,100,282100,14:11:57
2821,100,282100,14:11:55
2821,100,282100,14:11:55
2820,300,846000,14:11:54
2820,100,282000,14:11:54
2819,100,281900,14:11:54
2818,400,1127200,14:11:53
2819,100,281900,14:11:52
2819,100,281900,14:11:52
2818,1700,4790600,14:11:52
2819,600,1691400,14:11:52
2820,100,282000,14:11:52
2820,200,564000,14:11:52
2820,600,1692000,14:11:52
2821,100,282100,14:11:48
2821,200,564200,14:11:48
2821,100,282100,14:11:47
2821,100,282100,14:11:47
2821,100,282100,14:11:44
2821,100,282100,14:11:43
2821,400,1128400,14:11:43
2821,100,282100,14:11:40
2821,200,564200,14:11:39
2821,300,846300,14:11:39
2821,100,282100,14:11:39
2821,100,282100,14:11:39
2822,100,282200,14:11:35
2822,100,282200,14:11:34
2822,100,282200,14:11:34
2823,200,564600,14:11:34
2823,300,846900,14:11:34
2823,1800,5081400,14:11:33
2824,200,564800,14:11:33
2824,500,1412000,14:11:31
2824,100,282400,14:11:31
2823,100,282300,14:11:29
2824,100,282400,14:11:27
2824,100,282400,14:11:27
2824,400,1129600,14:11:26
2824,100,282400,14:11:25
2825,300,847500,14:11:21
2825,100,282500,14:11:20
2825,700,1977500,14:11:20
2827,100,282700,14:11:14
2825,400,1130000,14:11:13
2825,800,2260000,14:11:13
2826,900,2543400,14:11:13
2827,100,282700,14:11:09
2827,100,282700,14:11:08
2827,200,565400,14:11:08
2827,100,282700,14:11:08
2827,100,282700,14:11:08
2827,100,282700,14:11:08
2828,900,2545200,14:11:08
2828,100,282800,14:11:08
2829,200,565800,14:11:08
2830,3100,8773000,14:11:08
2831,100,283100,14:11:07
2831,100,283100,14:11:06
2831,200,566200,14:11:05
2831,200,566200,14:11:01
2831,200,566200,14:11:01
2831,100,283100,14:11:01
2831,200,566200,14:10:54
2830,100,283000,14:10:46
2830,100,283000,14:10:45
2830,200,566000,14:10:44
2830,200,566000,14:10:44
2830,200,566000,14:10:44
2830,200,566000,14:10:44
2831,200,566200,14:10:41
2831,200,566200,14:10:41
2832,100,283200,14:10:41
2833,1100,3116300,14:10:41
2833,600,1699800,14:10:41
2833,200,566600,14:10:35
2833,300,849900,14:10:35
2833,100,283300,14:10:30
2833,900,2549700,14:10:29
2833,100,283300,14:10:28
2833,100,283300,14:10:28
2833,100,283300,14:10:28
2832,100,283200,14:10:26
2832,100,283200,14:10:26
2832,500,1416000,14:10:26
2832,200,566400,14:10:26
2832,200,566400,14:10:20
2833,100,283300,14:10:17
2832,200,566400,14:10:08
2832,100,283200,14:10:01
2832,600,1699200,14:09:55
2832,100,283200,14:09:50
2832,200,566400,14:09:47
2831,100,283100,14:09:43
2832,100,283200,14:09:43
2832,400,1132800,14:09:43
2831,300,849300,14:09:41
2831,100,283100,14:09:38
2832,100,283200,14:09:32
2832,1000,2832000,14:09:31
2832,200,566400,14:09:31
2833,100,283300,14:09:14
2832,900,2548800,14:09:10
2832,200,566400,14:09:10
2832,200,566400,14:09:10
2832,300,849600,14:09:05
2830,500,1415000,14:09:04
2831,200,566200,14:09:03
2831,100,283100,14:09:03
2831,200,566200,14:09:03
2830,300,849000,14:08:59
2830,200,566000,14:08:49
2830,200,566000,14:08:48
2829,500,1414500,14:08:47
2830,100,283000,14:08:46
2830,200,566000,14:08:46
2830,300,849000,14:08:41
2830,200,566000,14:08:40
2830,100,283000,14:08:38
2830,300,849000,14:08:34
2830,300,849000,14:08:32
2831,200,566200,14:08:32
2831,100,283100,14:08:26
2832,800,2265600,14:08:25
2832,200,566400,14:08:25
2832,200,566400,14:08:25
2832,200,566400,14:08:25
2831,100,283100,14:08:25
2831,600,1698600,14:08:21
2831,1400,3963400,14:08:21
2831,100,283100,14:08:18
2829,200,565800,14:08:18
2830,200,566000,14:08:18
2830,200,566000,14:08:17
2829,200,565800,14:08:17
2828,100,282800,14:08:17
2828,300,848400,14:08:16
2829,100,282900,14:08:15
2829,100,282900,14:08:15
2829,100,282900,14:08:15
2827,100,282700,14:08:14
2828,400,1131200,14:08:14
2828,2000,5656000,14:08:14
2828,100,282800,14:08:12
2828,100,282800,14:08:11
2828,1800,5090400,14:08:11
2829,100,282900,14:08:11
2830,100,283000,14:08:09
2830,2500,7075000,14:08:09
2830,400,1132000,14:08:09
2830,100,283000,14:08:09
2830,200,566000,14:08:09
2831,200,566200,14:07:48
2830,200,566000,14:07:44
2830,200,566000,14:07:44
2830,200,566000,14:07:44
2831,100,283100,14:07:43
2831,100,283100,14:07:42
2831,200,566200,14:07:40
2831,100,283100,14:07:37
2831,100,283100,14:07:32
2832,100,283200,14:07:30
2831,100,283100,14:07:29
2831,800,2264800,14:07:28
2832,300,849600,14:07:24
2832,100,283200,14:07:20
2832,100,283200,14:07:19
2832,100,283200,14:07:17
2832,200,566400,14:07:11
2833,200,566600,14:07:08
2833,300,849900,14:07:08
2832,100,283200,14:07:08
2832,200,566400,14:07:07
2832,100,283200,14:07:07
2833,1000,2833000,14:07:07
2833,100,283300,14:07:02
2833,100,283300,14:07:02
2832,100,283200,14:06:55
2833,200,566600,14:06:53
2833,100,283300,14:06:49
2833,100,283300,14:06:48
2833,200,566600,14:06:47
2833,100,283300,14:06:44
2832,100,283200,14:06:44
2832,100,283200,14:06:44
2833,100,283300,14:06:42
2833,200,566600,14:06:40
2833,200,566600,14:06:39
2833,200,566600,14:06:33
2833,100,283300,14:06:30
2832,100,283200,14:06:30
2833,100,283300,14:06:28
2832,100,283200,14:06:28
2832,200,566400,14:06:28
2832,200,566400,14:06:28
2830,100,283000,14:06:28
2831,300,849300,14:06:22
2831,100,283100,14:06:22
2832,200,566400,14:06:18
2831,300,849300,14:06:18
2832,100,283200,14:06:15
2832,100,283200,14:06:15
2831,100,283100,14:06:14
2831,700,1981700,14:06:14
2830,100,283000,14:06:14
2830,200,566000,14:06:14
2830,100,283000,14:06:13
2830,400,1132000,14:06:10
2830,200,566000,14:06:01
2831,200,566200,14:05:53
2832,100,283200,14:05:51
2831,200,566200,14:05:51
2830,100,283000,14:05:51
2831,100,283100,14:05:51
2831,400,1132400,14:05:48
2831,100,283100,14:05:48
2830,100,283000,14:05:48
2829,100,282900,14:05:47
2829,400,1131600,14:05:47
2829,100,282900,14:05:47
2829,100,282900,14:05:47
2828,300,848400,14:05:46
2829,500,1414500,14:05:46
2829,300,848700,14:05:44
2829,200,565800,14:05:44
2831,400,1132400,14:05:40
2831,100,283100,14:05:40
2830,200,566000,14:05:39
2830,2300,6509000,14:05:39
2831,1000,2831000,14:05:39
2831,100,283100,14:05:39
2833,100,283300,14:05:39
2832,400,1132800,14:05:38
2833,300,849900,14:05:35
2831,100,283100,14:05:34
2831,1200,3397200,14:05:34
2833,400,1133200,14:05:31
2832,100,283200,14:05:30
2832,300,849600,14:05:30
2832,100,283200,14:05:29
2833,300,849900,14:05:28
2834,200,566800,14:05:26
2834,100,283400,14:05:25
2834,100,283400,14:05:22
2833,300,849900,14:05:22
2832,300,849600,14:05:18
2833,100,283300,14:05:17
2833,800,2266400,14:05:17
2833,100,283300,14:05:17
2832,200,566400,14:05:17
2831,100,283100,14:05:16
2832,100,283200,14:05:12
2832,100,283200,14:05:06
2832,100,283200,14:05:03
2832,400,1132800,14:05:02
2832,100,283200,14:05:02
2832,400,1132800,14:05:02
2833,100,283300,14:05:00
2832,100,283200,14:05:00
2832,100,283200,14:05:00
2833,300,849900,14:05:00
2833,100,283300,14:05:00
2833,100,283300,14:05:00
2833,100,283300,14:05:00
2833,100,283300,14:05:00
2833,100,283300,14:05:00
2832,100,283200,14:04:58
2832,200,566400,14:04:57
2832,100,283200,14:04:54
2832,200,566400,14:04:53
2832,200,566400,14:04:52
2832,100,283200,14:04:52
2832,200,566400,14:04:52
2831,100,283100,14:04:51
2832,300,849600,14:04:51
2835,200,567000,14:04:51
2834,100,283400,14:04:51
2834,100,283400,14:04:51
2833,100,283300,14:04:51
2833,300,849900,14:04:51
2834,100,283400,14:04:50
2834,100,283400,14:04:50
2834,200,566800,14:04:49
2834,100,283400,14:04:49
2835,1000,2835000,14:04:49
2835,500,1417500,14:04:49
2834,100,283400,14:04:49
2834,800,2267200,14:04:49
2834,300,850200,14:04:49
2834,100,283400,14:04:49
2835,100,283500,14:04:48
2834,100,283400,14:04:47
2834,1500,4251000,14:04:46
2833,200,566600,14:04:46
2833,200,566600,14:04:45
2832,100,283200,14:04:42
2832,200,566400,14:04:42
2832,300,849600,14:04:39
2833,100,283300,14:04:37
2832,200,566400,14:04:36
2832,100,283200,14:04:36
2832,100,283200,14:04:36
2832,100,283200,14:04:36
2832,100,283200,14:04:36
2832,100,283200,14:04:36
2831,1900,5378900,14:04:36
2830,800,2264000,14:04:36
2830,100,283000,14:04:35
2828,100,282800,14:04:21
2828,100,282800,14:04:14
2828,200,565600,14:04:14
2829,200,565800,14:04:14
2830,100,283000,14:04:13
2829,100,282900,14:04:13
2830,300,849000,14:04:05
2829,200,565800,14:04:00
2829,100,282900,14:04:00
2830,100,283000,14:03:58
2829,300,848700,14:03:58
2830,100,283000,14:03:57
2830,100,283000,14:03:56
2830,100,283000,14:03:52
2831,100,283100,14:03:48
2831,200,566200,14:03:48
2830,100,283000,14:03:47
2830,100,283000,14:03:45
2829,200,565800,14:03:45
2829,100,282900,14:03:44
2829,100,282900,14:03:42
2831,100,283100,14:03:39
2830,100,283000,14:03:38
2830,200,566000,14:03:33
2830,300,849000,14:03:33
2829,100,282900,14:03:26
2830,700,1981000,14:03:26
2828,100,282800,14:03:24
2830,100,283000,14:03:23
2829,100,282900,14:03:23
2829,100,282900,14:03:23
2829,300,848700,14:03:23
2830,1000,2830000,14:03:21
2830,500,1415000,14:03:20
2830,100,283000,14:03:17
2829,300,848700,14:03:11
2829,100,282900,14:03:11
2829,100,282900,14:03:08
2828,200,565600,14:02:58
2828,100,282800,14:02:58
2828,100,282800,14:02:58
2828,100,282800,14:02:58
2829,500,1414500,14:02:56
2830,200,566000,14:02:56
2830,100,283000,14:02:52
2831,100,283100,14:02:48
2831,100,283100,14:02:48
2830,200,566000,14:02:48
2830,700,1981000,14:02:48
2832,100,283200,14:02:47
2832,100,283200,14:02:46
2831,100,283100,14:02:46
2831,200,566200,14:02:46
2832,100,283200,14:02:41
2832,100,283200,14:02:41
2832,700,1982400,14:02:41
2833,100,283300,14:02:41
2833,100,283300,14:02:41
2831,100,283100,14:02:40
2832,100,283200,14:02:39
2831,100,283100,14:02:39
2833,800,2266400,14:02:39
2832,100,283200,14:02:39
2833,100,283300,14:02:39
2832,3200,9062400,14:02:39
2831,1400,3963400,14:02:39
2830,2300,6509000,14:02:39
2830,100,283000,14:02:39
2829,100,282900,14:02:39
2830,3400,9622000,14:02:39
2829,1600,4526400,14:02:39
2828,100,282800,14:02:35
2828,100,282800,14:02:35
2829,100,282900,14:02:35
2828,100,282800,14:02:34
2828,200,565600,14:02:32
2828,100,282800,14:02:29
2829,200,565800,14:02:27
2828,200,565600,14:02:27
2828,100,282800,14:02:27
2828,300,848400,14:02:27
2828,300,848400,14:02:27
2828,300,848400,14:02:27
2828,300,848400,14:02:27
2827,100,282700,14:02:26
2827,100,282700,14:02:26
2827,200,565400,14:02:26
2826,1800,5086800,14:02:26
2826,400,1130400,14:02:26
2825,600,1695000,14:02:23
2824,100,282400,14:02:14
2824,100,282400,14:02:12
2824,100,282400,14:02:12
2824,100,282400,14:02:03
2825,200,565000,14:02:03
2825,1500,4237500,14:01:44
2825,300,847500,14:01:44
2825,300,847500,14:01:44
2825,300,847500,14:01:44
2825,100,282500,14:01:33
2825,100,282500,14:01:31
2825,100,282500,14:01:29
2823,100,282300,14:01:20
2824,200,564800,14:01:19
2826,100,282600,14:01:19
2825,300,847500,14:01:19
2824,200,564800,14:01:19
2823,200,564600,14:01:16
2825,200,565000,14:01:11
2824,300,847200,14:01:11
2823,200,564600,14:01:10
2823,100,282300,14:01:10
2823,500,1411500,14:01:10
2823,500,1411500,14:01:10
2823,100,282300,14:01:10
2824,200,564800,14:01:09
2825,900,2542500,14:01:06
2825,500,1412500,14:01:00
2827,300,848100,14:00:50
2825,100,282500,14:00:44
2826,100,282600,14:00:44
2825,200,565000,14:00:44
2824,200,564800,14:00:31
2823,400,1129200,14:00:25
2823,700,1976100,14:00:25
2824,100,282400,14:00:23
2825,100,282500,14:00:22
2824,300,847200,14:00:22
2823,200,564600,14:00:16
2821,100,282100,14:00:13
2822,100,282200,14:00:07
2822,100,282200,14:00:06
2823,100,282300,14:00:06
2823,100,282300,14:00:06
2825,200,565000,14:00:06
2824,200,564800,14:00:06
2825,100,282500,14:00:06
2825,9100,25707500,14:00:06
2826,200,565200,14:00:06
2826,300,847800,14:00:06
2827,200,565400,14:00:04
2827,100,282700,14:00:04
2827,300,848100,14:00:04
2827,500,1413500,14:00:04
2827,200,565400,14:00:04
2826,300,847800,14:00:02
2826,100,282600,13:59:58
2825,200,565000,13:59:58
2825,500,1412500,13:59:58
2824,200,564800,13:59:57
2824,300,847200,13:59:57
2824,100,282400,13:59:55
2823,100,282300,13:59:51
2823,100,282300,13:59:48
2823,200,564600,13:59:48
2822,100,282200,13:59:42
2822,100,282200,13:59:39
2822,100,282200,13:59:39
2822,700,1975400,13:59:38
2823,400,1129200,13:59:38
2824,700,1976800,13:59:29
2825,200,565000,13:59:26
2825,800,2260000,13:59:26
2826,100,282600,13:59:24
2825,2000,5650000,13:59:24
2825,300,847500,13:59:24
2825,300,847500,13:59:24
2825,300,847500,13:59:24
2825,300,847500,13:59:24
2824,500,1412000,13:59:24
2824,100,282400,13:59:24
2824,100,282400,13:59:24
2823,1600,4516800,13:59:24
2822,1300,3668600,13:59:24
2822,100,282200,13:59:24
2822,200,564400,13:59:20
2822,100,282200,13:59:16
2821,200,564200,13:59:03
2821,200,564200,13:59:01
2821,300,846300,13:58:50
2821,300,846300,13:58:50
2821,100,282100,13:58:50
2821,300,846300,13:58:50
2821,300,846300,13:58:50
2821,200,564200,13:58:46
2821,1900,5359900,13:58:46
2823,800,2258400,13:58:44
2822,400,1128800,13:58:41
2822,200,564400,13:58:41
2822,100,282200,13:58:38
2822,100,282200,13:58:35
2822,100,282200,13:58:29
2822,100,282200,13:58:29
2822,200,564400,13:58:22
2822,100,282200,13:58:16
2822,100,282200,13:58:13
2822,100,282200,13:58:09
2822,100,282200,13:58:07
2823,300,846900,13:58:07
2822,100,282200,13:58:06
2822,100,282200,13:58:00
2822,100,282200,13:58:00
2821,300,846300,13:57:52
2822,100,282200,13:57:52
2822,100,282200,13:57:51
2822,200,564400,13:57:46
2822,200,564400,13:57:37
2822,100,282200,13:57:37
2821,100,282100,13:57:29
2821,300,846300,13:57:28
2821,400,1128400,13:57:24
2822,100,282200,13:57:06
2822,100,282200,13:57:05
2821,100,282100,13:57:05
2822,100,282200,13:57:05
2823,500,1411500,13:57:04
2822,100,282200,13:57:04
2822,200,564400,13:57:04
2820,300,846000,13:57:03
2821,300,846300,13:57:03
2821,300,846300,13:57:03
2822,100,282200,13:57:02
2820,100,282000,13:56:58
2821,200,564200,13:56:54
2820,100,282000,13:56:54
2820,100,282000,13:56:54
2820,100,282000,13:56:54
2820,100,282000,13:56:54
2820,500,1410000,13:56:54
2818,100,281800,13:56:33
2818,200,563600,13:56:33
2819,200,563800,13:56:32
2819,100,281900,13:56:32
2820,800,2256000,13:56:32
2819,300,845700,13:56:32
2819,800,2255200,13:56:32
2818,1400,3945200,13:56:32
2817,900,2535300,13:56:32
2815,300,844500,13:56:32
2816,100,281600,13:56:32
2815,100,281500,13:56:32
2816,1700,4787200,13:56:32
2817,800,2253600,13:56:32
2818,100,281800,13:56:32
2817,100,281700,13:56:32
2817,100,281700,13:56:32
2817,100,281700,13:56:32
2817,100,281700,13:56:32
2817,100,281700,13:56:29
2819,100,281900,13:56:29
2818,2200,6199600,13:56:29
2819,100,281900,13:56:29
2819,900,2537100,13:56:29
2820,1000,2820000,13:56:29
2820,100,282000,13:56:24
2821,100,282100,13:56:14
2821,100,282100,13:56:14
2821,100,282100,13:56:14
2821,100,282100,13:56:14
2821,100,282100,13:56:13
2821,200,564200,13:56:13
2821,100,282100,13:56:06
2822,100,282200,13:56:05
2821,200,564200,13:56:05
2821,100,282100,13:56:03
2821,100,282100,13:56:00
2821,100,282100,13:55:57
2821,100,282100,13:55:57
2821,100,282100,13:55:56
2821,100,282100,13:55:54
2822,100,282200,13:55:42
2821,100,282100,13:55:39
2822,100,282200,13:55:31
2821,100,282100,13:55:30
2821,200,564200,13:55:30
2821,200,564200,13:55:30
2821,100,282100,13:55:29
2821,600,1692600,13:55:29
2823,100,282300,13:55:24
2822,100,282200,13:55:23
2821,400,1128400,13:55:22
2821,100,282100,13:55:22
2820,1000,2820000,13:55:21
2820,600,1692000,13:55:21
2819,100,281900,13:55:16
2820,100,282000,13:55:08
2820,100,282000,13:54:58
2819,100,281900,13:54:57
2818,100,281800,13:54:56
2818,100,281800,13:54:52
2819,100,281900,13:54:52
2819,100,281900,13:54:51
2819,200,563800,13:54:51
2818,100,281800,13:54:45
2819,300,845700,13:54:36
2819,100,281900,13:54:35
2820,200,564000,13:54:28
2820,100,282000,13:54:17
2820,100,282000,13:54:13
2819,200,563800,13:54:05
2819,100,281900,13:54:05
2820,100,282000,13:54:02
2819,100,281900,13:53:53
2819,100,281900,13:53:53
2819,1000,2819000,13:53:53
2818,100,281800,13:53:51
2818,100,281800,13:53:50
2817,100,281700,13:53:49
2818,100,281800,13:53:38
2818,100,281800,13:53:38
2817,100,281700,13:53:36
2818,300,845400,13:53:32
2819,300,845700,13:53:32
2819,200,563800,13:53:25
2819,100,281900,13:53:25
2820,400,1128000,13:53:21
2819,600,1691400,13:53:21
2819,100,281900,13:53:20
2818,100,281800,13:53:18
2819,100,281900,13:53:14
2819,100,281900,13:53:13
2819,100,281900,13:53:13
2819,400,1127600,13:53:12
2818,100,281800,13:53:11
2817,100,281700,13:53:07
2818,300,845400,13:53:06
2818,300,845400,13:53:06
2818,300,845400,13:53:06
2818,300,845400,13:53:06
2818,300,845400,13:53:06
2818,1500,4227000,13:53:06
2816,200,563200,13:53:06
2817,200,563400,13:53:06
2818,600,1690800,13:53:05
2819,100,281900,13:53:04
2819,100,281900,13:53:04
2819,500,1409500,13:53:04
2819,100,281900,13:53:02
2820,200,564000,13:53:02
2818,100,281800,13:53:00
2819,600,1691400,13:53:00
2818,200,563600,13:53:00
2817,300,845100,13:53:00
2818,100,281800,13:53:00
2817,100,281700,13:53:00
2817,100,281700,13:52:59
2819,100,281900,13:52:59
2818,1600,4508800,13:52:59
2819,200,563800,13:52:59
2818,100,281800,13:52:59
2818,200,563600,13:52:59
2818,100,281800,13:52:59
2819,2800,7893200,13:52:59
2819,100,281900,13:52:59
2820,2600,7332000,13:52:58
2820,100,282000,13:52:58
2821,4200,11848200,13:52:58
2822,400,1128800,13:52:58
2823,200,564600,13:52:58
2823,200,564600,13:52:58
2825,100,282500,13:52:58
2824,900,2541600,13:52:55
2825,100,282500,13:52:55
2825,100,282500,13:52:55
2825,2000,5650000,13:52:55
2825,100,282500,13:52:52
2825,100,282500,13:52:52
2826,1000,2826000,13:52:52
2825,200,565000,13:52:52
2824,100,282400,13:52:39
2825,100,282500,13:52:31
2824,200,564800,13:52:29
2824,100,282400,13:52:29
2823,200,564600,13:52:27
2823,100,282300,13:52:22
2823,100,282300,13:52:18
2822,100,282200,13:52:16
2822,200,564400,13:52:11
2822,300,846600,13:52:11
2822,300,846600,13:52:11
2822,300,846600,13:52:11
2822,300,846600,13:52:11
2823,100,282300,13:52:08
2824,300,847200,13:51:58
2824,100,282400,13:51:58
2825,100,282500,13:51:58
2824,200,564800,13:51:58
2826,300,847800,13:51:58
2826,100,282600,13:51:58
2825,100,282500,13:51:58
2825,200,565000,13:51:58
2825,800,2260000,13:51:58
2825,600,1695000,13:51:58
2824,100,282400,13:51:58
2824,300,847200,13:51:58
2825,100,282500,13:51:57
2825,100,282500,13:51:55
2824,200,564800,13:51:54
2822,200,564400,13:51:51
2822,100,282200,13:51:51
2822,1000,2822000,13:51:49
2822,300,846600,13:51:49
2821,100,282100,13:51:49
2822,300,846600,13:51:47
2822,300,846600,13:51:47
2822,300,846600,13:51:47
2822,600,1693200,13:51:47
2822,100,282200,13:51:45
2822,100,282200,13:51:41
2822,800,2257600,13:51:22
2823,500,1411500,13:51:21
2823,200,564600,13:51:17
2823,1100,3105300,13:51:17
2821,200,564200,13:51:14
2823,100,282300,13:51:07
2821,500,1410500,13:50:59
2822,500,1411000,13:50:59
2823,200,564600,13:50:53
2822,400,1128800,13:50:45
2821,200,564200,13:50:45
2821,100,282100,13:50:42
2821,300,846300,13:50:41
2820,800,2256000,13:50:38
2821,100,282100,13:50:38
2820,300,846000,13:50:33
2821,300,846300,13:50:33
2821,600,1692600,13:50:33
2821,100,282100,13:50:32
2822,100,282200,13:50:32
2821,300,846300,13:50:30
2822,100,282200,13:50:30
2822,200,564400,13:50:29
2822,200,564400,13:50:29
2822,2500,7055000,13:50:29
2822,300,846600,13:50:24
2823,200,564600,13:50:24
2823,100,282300,13:50:22
2822,100,282200,13:50:20
2822,200,564400,13:50:20
2822,200,564400,13:50:20
2822,100,282200,13:50:20
2822,100,282200,13:50:15
2823,100,282300,13:50:11
2821,100,282100,13:50:08
2823,100,282300,13:50:08
2822,200,564400,13:50:08
2821,100,282100,13:50:07
2820,100,282000,13:50:06
2821,100,282100,13:50:05
2820,400,1128000,13:50:05
2820,100,282000,13:50:00
2820,100,282000,13:50:00
2820,200,564000,13:50:00
2821,300,846300,13:50:00
2821,300,846300,13:50:00
2821,300,846300,13:50:00
2822,100,282200,13:50:00
2822,1300,3668600,13:50:00
2822,100,282200,13:50:00
2824,100,282400,13:49:56
2823,1000,2823000,13:49:51
2824,100,282400,13:49:50
2824,100,282400,13:49:33
2825,100,282500,13:49:31
2825,300,847500,13:49:29
2824,100,282400,13:49:28
2824,200,564800,13:49:26
2823,100,282300,13:49:25
2824,100,282400,13:49:25
2824,600,1694400,13:49:25
2825,100,282500,13:49:21
2825,200,565000,13:49:21
2826,100,282600,13:49:20
2826,100,282600,13:49:20
2826,200,565200,13:49:11
2826,100,282600,13:49:11
2826,400,1130400,13:49:11
2826,700,1978200,13:49:10
2824,800,2259200,13:49:01
2825,100,282500,13:49:00
2826,100,282600,13:48:58
2824,300,847200,13:48:55
2824,100,282400,13:48:50
2825,100,282500,13:48:47
2824,200,564800,13:48:44
2825,100,282500,13:48:42
2826,100,282600,13:48:42
2825,300,847500,13:48:42
2824,200,564800,13:48:42
2825,100,282500,13:48:34
2825,600,1695000,13:48:33
2826,1000,2826000,13:48:32
2826,100,282600,13:48:32
2826,100,282600,13:48:32
2826,200,565200,13:48:32
2826,600,1695600,13:48:32
2826,100,282600,13:48:32
2827,100,282700,13:48:31
2827,100,282700,13:48:30
2828,100,282800,13:48:28
2827,300,848100,13:48:28
2827,200,565400,13:48:24
2827,800,2261600,13:48:24
2828,100,282800,13:48:23
2829,1800,5092200,13:48:21
2828,200,565600,13:48:21
2828,200,565600,13:48:19
2828,100,282800,13:48:19
2828,100,282800,13:48:19
2828,100,282800,13:48:19
2828,500,1414000,13:48:19
2827,1600,4523200,13:48:15
2828,300,848400,13:48:15
2828,400,1131200,13:48:14
2828,100,282800,13:48:13
2829,100,282900,13:48:12
2829,100,282900,13:48:11
2829,100,282900,13:48:11
2829,400,1131600,13:48:11
2829,100,282900,13:48:11
2829,300,848700,13:48:11
2828,200,565600,13:48:09
2827,400,1130800,13:48:06
2828,400,1131200,13:48:06
2829,100,282900,13:47:59
2829,200,565800,13:47:58
2829,200,565800,13:47:58
2829,200,565800,13:47:58
2829,200,565800,13:47:54
2829,100,282900,13:47:53
2828,100,282800,13:47:52
2828,200,565600,13:47:50
2828,200,565600,13:47:50
2828,200,565600,13:47:50
2828,100,282800,13:47:46
2828,100,282800,13:47:40
2827,200,565400,13:47:40
2828,100,282800,13:47:39
2828,100,282800,13:47:39
2828,300,848400,13:47:38
2828,100,282800,13:47:38
2828,100,282800,13:47:31
2828,100,282800,13:47:30
2828,100,282800,13:47:28
2828,200,565600,13:47:27
2828,100,282800,13:47:27
2828,100,282800,13:47:27
2828,100,282800,13:47:27
2828,400,1131200,13:47:27
2828,100,282800,13:47:25
2828,100,282800,13:47:25
2828,100,282800,13:47:20
2828,100,282800,13:47:20
2828,100,282800,13:47:20
2828,100,282800,13:47:15
2827,400,1130800,13:47:15
2827,100,282700,13:47:15
2827,100,282700,13:47:14
2827,500,1413500,13:47:14
2826,600,1695600,13:47:04
2825,500,1412500,13:47:00
2826,300,847800,13:47:00
2826,300,847800,13:47:00
2826,1100,3108600,13:47:00
2827,100,282700,13:46:54
2826,200,565200,13:46:52
2827,100,282700,13:46:52
2827,300,848100,13:46:52
2827,100,282700,13:46:51
2827,100,282700,13:46:50
2827,100,282700,13:46:50
2826,500,1413000,13:46:50
2826,400,1130400,13:46:50
2826,400,1130400,13:46:50
2827,500,1413500,13:46:50
2828,200,565600,13:46:48
2827,200,565400,13:46:48
2827,100,282700,13:46:46
2827,100,282700,13:46:45
2827,300,848100,13:46:44
2827,100,282700,13:46:44
2827,100,282700,13:46:42
2827,100,282700,13:46:41
2827,500,1413500,13:46:37
2827,100,282700,13:46:35
2826,300,847800,13:46:35
2826,100,282600,13:46:35
2826,100,282600,13:46:29
2826,300,847800,13:46:28
2825,100,282500,13:46:27
2825,400,1130000,13:46:27
2825,100,282500,13:46:27
2825,100,282500,13:46:24
2824,100,282400,13:46:22
2824,200,564800,13:46:18
2824,100,282400,13:46:11
2824,100,282400,13:46:10
2824,100,282400,13:46:09
2824,100,282400,13:46:09
2823,100,282300,13:46:09
2824,100,282400,13:46:05
2824,600,1694400,13:46:05
2825,1800,5085000,13:46:04
2826,100,282600,13:46:02
2826,200,565200,13:45:59
2826,100,282600,13:45:59
2826,100,282600,13:45:57
2826,900,2543400,13:45:55
2826,1100,3108600,13:45:55
2827,100,282700,13:45:54
2827,100,282700,13:45:54
2827,600,1696200,13:45:52
2827,200,565400,13:45:52
2827,100,282700,13:45:52
2827,100,282700,13:45:52
2827,100,282700,13:45:46
2826,200,565200,13:45:40
2826,100,282600,13:45:40
2826,100,282600,13:45:40
2826,100,282600,13:45:40
2826,400,1130400,13:45:40
2826,400,1130400,13:45:40
2826,400,1130400,13:45:40
2826,200,565200,13:45:40
2826,100,282600,13:45:40
2825,100,282500,13:45:38
2825,100,282500,13:45:36
2825,1200,3390000,13:45:33
2825,100,282500,13:45:31
2825,100,282500,13:45:31
2825,500,1412500,13:45:31
2824,700,1976800,13:45:28
2824,400,1129600,13:45:28
2824,200,564800,13:45:15
2823,100,282300,13:45:10
2823,400,1129200,13:45:09
2823,300,846900,13:45:09
2823,300,846900,13:45:09
2823,300,846900,13:45:09
2823,300,846900,13:45:09
2822,500,1411000,13:45:05
2820,1900,5358000,13:45:04
2821,1700,4795700,13:45:04
2822,100,282200,13:44:59
2822,200,564400,13:44:53
2821,300,846300,13:44:50
2822,100,282200,13:44:50
2823,200,564600,13:44:44
2822,100,282200,13:44:44
2821,100,282100,13:44:41
2821,100,282100,13:44:40
2822,200,564400,13:44:38
2821,100,282100,13:44:38
2821,200,564200,13:44:27
2822,700,1975400,13:44:27
2822,100,282200,13:44:17
2823,100,282300,13:44:15
2823,300,846900,13:44:15
2824,800,2259200,13:44:14
2823,600,1693800,13:44:14
2822,100,282200,13:44:03
2822,100,282200,13:44:03
2822,200,564400,13:43:59
2822,400,1128800,13:43:46
2822,100,282200,13:43:46
2823,100,282300,13:43:46
2823,100,282300,13:43:45
2823,100,282300,13:43:45
2823,1000,2823000,13:43:43
2823,100,282300,13:43:34
2822,800,2257600,13:43:31
2822,100,282200,13:43:28
2822,100,282200,13:43:21
2823,100,282300,13:43:16
2823,600,1693800,13:43:16
2822,100,282200,13:43:14
2822,200,564400,13:43:10
2821,300,846300,13:43:02
2821,100,282100,13:43:02
2820,1500,4230000,13:42:58
2819,100,281900,13:42:52
2819,100,281900,13:42:45
2819,500,1409500,13:42:45
2819,200,563800,13:42:38
2820,100,282000,13:42:32
2820,300,846000,13:42:32
2821,100,282100,13:42:30
2821,100,282100,13:42:15
2821,200,564200,13:42:12
2819,500,1409500,13:42:10
2819,100,281900,13:42:10
2819,800,2255200,13:42:10
2820,100,282000,13:42:09
2821,100,282100,13:42:07
2819,100,281900,13:42:05
2819,100,281900,13:42:05
2820,100,282000,13:42:05
2821,100,282100,13:41:58
2820,100,282000,13:41:49
2819,100,281900,13:41:49
2820,800,2256000,13:41:49
2820,1100,3102000,13:41:49
2821,100,282100,13:41:49
2822,400,1128800,13:41:48
2822,100,282200,13:41:48
2822,500,1411000,13:41:48
2823,100,282300,13:41:45
2822,100,282200,13:41:41
2822,200,564400,13:41:41
2821,600,1692600,13:41:41
2821,1000,2821000,13:41:22
2820,100,282000,13:41:20
2820,100,282000,13:41:19
2820,1700,4794000,13:41:19
2820,100,282000,13:41:19
2821,100,282100,13:41:19
2821,100,282100,13:41:17
2821,100,282100,13:41:13
2821,100,282100,13:41:07
2821,100,282100,13:41:05
2821,100,282100,13:40:58
2821,100,282100,13:40:58
2820,100,282000,13:40:56
2821,100,282100,13:40:54
2820,500,1410000,13:40:54
2821,200,564200,13:40:54
2821,400,1128400,13:40:54
2822,300,846600,13:40:49
2822,100,282200,13:40:45
2824,200,564800,13:40:41
2823,100,282300,13:40:39
2823,100,282300,13:40:39
2822,400,1128800,13:40:39
2824,200,564800,13:40:38
2824,100,282400,13:40:36
2824,200,564800,13:40:36
2822,400,1128800,13:40:36
2823,600,1693800,13:40:36
2824,100,282400,13:40:34
2824,300,847200,13:40:34
2823,100,282300,13:40:34
2822,100,282200,13:40:27
2822,100,282200,13:40:27
2823,100,282300,13:40:22
2823,100,282300,13:40:22
2823,100,282300,13:40:22
2823,100,282300,13:40:22
2823,100,282300,13:40:22
2823,200,564600,13:40:20
2823,100,282300,13:40:18
2823,300,846900,13:40:15
2823,100,282300,13:40:09
2823,100,282300,13:40:08
2824,100,282400,13:40:05
2824,500,1412000,13:40:04
2824,200,564800,13:40:04
2824,500,1412000,13:40:04
2824,200,564800,13:40:04
2824,100,282400,13:40:02
2824,100,282400,13:40:00
2824,100,282400,13:40:00
2825,2600,7345000,13:40:00
2825,100,282500,13:40:00
2825,100,282500,13:40:00
2825,100,282500,13:40:00
2825,100,282500,13:40:00
2825,100,282500,13:40:00
2825,100,282500,13:39:57
2825,100,282500,13:39:57
2826,300,847800,13:39:56
2825,300,847500,13:39:56
2825,100,282500,13:39:56
2825,100,282500,13:39:54
2825,100,282500,13:39:54
2824,200,564800,13:39:54
2824,200,564800,13:39:54
2823,100,282300,13:39:52
2823,400,1129200,13:39:52
2822,100,282200,13:39:52
2822,100,282200,13:39:48
2823,100,282300,13:39:47
2823,100,282300,13:39:46
2822,100,282200,13:39:46
2822,800,2257600,13:39:43
2824,200,564800,13:39:41
2823,300,846900,13:39:41
2822,100,282200,13:39:41
2823,200,564600,13:39:41
2823,100,282300,13:39:41
2823,100,282300,13:39:39
2823,100,282300,13:39:39
2823,300,846900,13:39:36
2824,300,847200,13:39:35
2824,200,564800,13:39:31
2824,100,282400,13:39:30
2823,100,282300,13:39:29
2824,200,564800,13:39:26
2825,100,282500,13:39:26
2824,1300,3671200,13:39:25
2824,100,282400,13:39:25
2824,100,282400,13:39:25
2824,200,564800,13:39:25
2824,200,564800,13:39:25
2824,200,564800,13:39:25
2824,300,847200,13:39:25
2824,500,1412000,13:39:25
2824,400,1129600,13:39:25
2824,500,1412000,13:39:25
2824,400,1129600,13:39:25
2825,100,282500,13:39:22
2825,700,1977500,13:39:22
2827,200,565400,13:39:19
2826,300,847800,13:39:16
2826,100,282600,13:39:16
2826,200,565200,13:39:16
2826,100,282600,13:39:16
2826,200,565200,13:39:16
2826,200,565200,13:39:16
2826,200,565200,13:39:16
2826,200,565200,13:39:16
2826,100,282600,13:39:14
2826,100,282600,13:39:13
2826,100,282600,13:39:13
2826,100,282600,13:39:13
2825,100,282500,13:39:12
2825,1300,3672500,13:39:12
2825,300,847500,13:39:12
2825,600,1695000,13:39:12
2824,200,564800,13:39:10
2824,100,282400,13:39:02
2824,200,564800,13:38:59
2824,200,564800,13:38:59
2824,800,2259200,13:38:59
2824,100,282400,13:38:59
2823,300,846900,13:38:58
2823,100,282300,13:38:58
2823,100,282300,13:38:58
2823,600,1693800,13:38:58
2823,100,282300,13:38:58
2823,100,282300,13:38:58
2823,200,564600,13:38:58
2822,200,564400,13:38:53
2822,200,564400,13:38:52
2821,200,564200,13:38:50
2821,100,282100,13:38:50
2821,100,282100,13:38:50
2821,300,846300,13:38:50
2821,400,1128400,13:38:50
2820,100,282000,13:38:50
2820,1300,3666000,13:38:50
2820,1600,4512000,13:38:50
2820,200,564000,13:38:50
2820,200,564000,13:38:50
2820,100,282000,13:38:50
2820,200,564000,13:38:50
2820,200,564000,13:38:50
2820,200,564000,13:38:50
2820,400,1128000,13:38:50
2820,800,2256000,13:38:50
2820,200,564000,13:38:50
2820,100,282000,13:38:50
2820,500,1410000,13:38:50
2820,300,846000,13:38:50
2820,600,1692000,13:38:50
2820,200,564000,13:38:50
2820,1200,3384000,13:38:50
2820,1800,5076000,13:38:50
2820,100,282000,13:38:49
2821,100,282100,13:38:48
2820,100,282000,13:38:48
2820,100,282000,13:38:48
2820,100,282000,13:38:48
2820,200,564000,13:38:48
2820,100,282000,13:38:48
2820,100,282000,13:38:48
2820,100,282000,13:38:48
2820,100,282000,13:38:48
2820,100,282000,13:38:46
2821,100,282100,13:38:46
2820,100,282000,13:38:45
2820,300,846000,13:38:43
2821,900,2538900,13:38:43
2821,300,846300,13:38:43
2822,100,282200,13:38:36
2822,300,846600,13:38:35
2822,300,846600,13:38:35
2822,300,846600,13:38:35
2822,1000,2822000,13:38:35
2823,100,282300,13:38:33
2823,100,282300,13:38:28
2822,300,846600,13:38:23
2822,800,2257600,13:38:23
2822,100,282200,13:38:21
2822,100,282200,13:38:20
2822,100,282200,13:38:16
2821,200,564200,13:38:09
2822,100,282200,13:38:08
2822,1400,3950800,13:38:08
2821,700,1974700,13:38:06
2821,100,282100,13:38:03
2821,100,282100,13:38:02
2821,700,1974700,13:38:01
2821,100,282100,13:37:59
2821,100,282100,13:37:56
2821,100,282100,13:37:51
2821,200,564200,13:37:51
2821,100,282100,13:37:51
2820,300,846000,13:37:49
2820,100,282000,13:37:44
2820,100,282000,13:37:42
2820,200,564000,13:37:42
2820,100,282000,13:37:31
2820,200,564000,13:37:28
2820,300,846000,13:37:26
2819,300,845700,13:37:26
2820,200,564000,13:37:26
2821,100,282100,13:37:26
2820,100,282000,13:37:25
2821,100,282100,13:37:24
2820,2400,6768000,13:37:24
2820,100,282000,13:37:24
2820,100,282000,13:37:24
2820,300,846000,13:37:24
2820,100,282000,13:37:24
2820,2000,5640000,13:37:24
2820,700,1974000,13:37:24
2820,300,846000,13:37:20
2820,100,282000,13:37:20
2820,100,282000,13:37:19
2820,100,282000,13:37:19
2819,600,1691400,13:37:18
2819,200,563800,13:37:17
2819,200,563800,13:37:17
2819,100,281900,13:37:17
2819,100,281900,13:37:16
2819,100,281900,13:37:16
2819,100,281900,13:37:16
2819,100,281900,13:37:16
2819,300,845700,13:37:16
2819,1200,3382800,13:37:16
2819,500,1409500,13:37:16
2819,100,281900,13:37:16
2818,100,281800,13:37:14
2818,400,1127200,13:37:06
2818,300,845400,13:37:02
2818,200,563600,13:37:00
2818,100,281800,13:37:00
2818,200,563600,13:36:58
2818,100,281800,13:36:58
2818,100,281800,13:36:56
2818,100,281800,13:36:54
2818,200,563600,13:36:52
2818,300,845400,13:36:52
2818,400,1127200,13:36:52
2818,100,281800,13:36:42
2818,100,281800,13:36:40
2818,700,1972600,13:36:40
2818,800,2254400,13:36:40
2818,100,281800,13:36:40
2818,300,845400,13:36:40
2818,100,281800,13:36:40
2818,300,845400,13:36:40
2818,300,845400,13:36:40
2818,600,1690800,13:36:40
2817,100,281700,13:36:39
2817,100,281700,13:36:39
2817,200,563400,13:36:38
2817,200,563400,13:36:34
2817,200,563400,13:36:34
2817,100,281700,13:36:33
2817,100,281700,13:36:33
2817,100,281700,13:36:33
2818,100,281800,13:36:31
2818,600,1690800,13:36:30
2817,100,281700,13:36:29
2817,100,281700,13:36:26
2817,2200,6197400,13:36:26
2816,300,844800,13:36:24
2816,100,281600,13:36:24
2815,100,281500,13:36:07
2816,100,281600,13:36:07
2816,100,281600,13:36:01
2817,100,281700,13:36:01
2816,100,281600,13:36:00
2816,100,281600,13:35:59
2816,100,281600,13:35:55
2816,100,281600,13:35:51
2816,100,281600,13:35:51
2816,100,281600,13:35:50
2816,500,1408000,13:35:50
2816,200,563200,13:35:49
2815,100,281500,13:35:43
2815,700,1970500,13:35:39
2815,100,281500,13:35:37
2815,100,281500,13:35:35
2814,200,562800,13:35:34
2813,500,1406500,13:35:30
2812,200,562400,13:35:24
2812,200,562400,13:35:24
2811,1300,3654300,13:35:22
2809,100,280900,13:35:17
2810,600,1686000,13:35:16
2810,200,562000,13:35:16
2810,100,281000,13:35:16
2810,100,281000,13:35:16
2810,300,843000,13:35:16
2810,500,1405000,13:35:14
2811,100,281100,13:35:11
2811,100,281100,13:35:11
2809,100,280900,13:35:05
2809,100,280900,13:35:05
2810,100,281000,13:35:04
2811,100,281100,13:35:01
2811,300,843300,13:34:56
2811,100,281100,13:34:53
2810,100,281000,13:34:51
2811,400,1124400,13:34:49
2809,100,280900,13:34:49
2810,100,281000,13:34:45
2811,1200,3373200,13:34:38
2810,1700,4777000,13:34:38
2808,100,280800,13:34:38
2810,100,281000,13:34:37
2808,200,561600,13:34:32
2809,200,561800,13:34:32
2809,100,280900,13:34:30
2810,100,281000,13:34:28
2809,100,280900,13:34:25
2810,100,281000,13:34:24
2809,200,561800,13:34:21
2809,100,280900,13:34:21
2809,100,280900,13:34:20
2809,100,280900,13:34:18
2808,400,1123200,13:34:13
2808,100,280800,13:34:13
2808,100,280800,13:34:13
2807,100,280700,13:34:11
2808,100,280800,13:34:09
2808,100,280800,13:34:09
2807,400,1122800,13:34:08
2807,100,280700,13:34:08
2807,600,1684200,13:34:08
2808,100,280800,13:34:07
2808,100,280800,13:34:03
2809,200,561800,13:34:01
2809,100,280900,13:33:59
2808,200,561600,13:33:58
2808,100,280800,13:33:58
2809,100,280900,13:33:57
2809,300,842700,13:33:56
2809,200,561800,13:33:55
2809,100,280900,13:33:53
2809,200,561800,13:33:52
2809,200,561800,13:33:48
2808,1000,2808000,13:33:48
2806,100,280600,13:33:47
2807,100,280700,13:33:47
2806,3200,8979200,13:33:46
2807,600,1684200,13:33:46
2807,100,280700,13:33:45
2807,100,280700,13:33:45
2807,100,280700,13:33:42
2808,400,1123200,13:33:42
2808,100,280800,13:33:39
2808,600,1684800,13:33:37
2806,100,280600,13:33:36
2806,100,280600,13:33:36
2806,200,561200,13:33:36
2807,300,842100,13:33:36
2807,100,280700,13:33:36
2808,2700,7581600,13:33:36
2809,300,842700,13:33:36
2809,100,280900,13:33:36
2809,100,280900,13:33:36
2810,4200,11802000,13:33:36
2811,1600,4497600,13:33:36
2812,100,281200,13:33:36
2812,100,281200,13:33:35
2812,200,562400,13:33:35
2811,100,281100,13:33:33
2812,200,562400,13:33:33
2812,100,281200,13:33:24
2812,500,1406000,13:33:24
2812,200,562400,13:33:21
2812,100,281200,13:33:17
2813,200,562600,13:33:12
2813,100,281300,13:33:10
2814,1300,3658200,13:33:10
2816,100,281600,13:33:08
2815,200,563000,13:33:07
2815,100,281500,13:33:00
2814,300,844200,13:32:58
2814,100,281400,13:32:53
2814,100,281400,13:32:50
2815,100,281500,13:32:45
2813,100,281300,13:32:42
2813,800,2250400,13:32:42
2814,200,562800,13:32:42
2814,200,562800,13:32:42
2814,1100,3095400,13:32:42
2815,1500,4222500,13:32:42
2815,300,844500,13:32:42
2816,100,281600,13:32:38
2816,100,281600,13:32:28
2816,100,281600,13:32:28
2816,800,2252800,13:32:28
2817,100,281700,13:32:27
2816,100,281600,13:32:18
2816,100,281600,13:32:11
2816,100,281600,13:32:04
2816,100,281600,13:32:04
2816,100,281600,13:32:04
2816,100,281600,13:32:04
2816,100,281600,13:32:04
2816,100,281600,13:31:58
2818,100,281800,13:31:48
2818,300,845400,13:31:43
2817,400,1126800,13:31:42
2817,100,281700,13:31:42
2818,300,845400,13:31:41
2818,100,281800,13:31:41
2817,100,281700,13:31:34
2817,200,563400,13:31:34
2818,1500,4227000,13:31:16
2817,2700,7605900,13:31:16
2816,1500,4224000,13:31:16
2815,300,844500,13:31:16
2814,100,281400,13:31:07
2816,100,281600,13:30:58
2815,200,563000,13:30:53
2814,600,1688400,13:30:50
2814,100,281400,13:30:34
2814,100,281400,13:30:34
2814,100,281400,13:30:34
2814,100,281400,13:30:34
2816,100,281600,13:30:34
2815,2800,7882000,13:30:34
2815,1000,2815000,13:30:34
2815,300,844500,13:30:34
2816,100,281600,13:30:34
2816,100,281600,13:30:34
2816,100,281600,13:30:34
2815,9800,27587000,13:30:34
2815,300,844500,13:30:34
2815,100,281500,13:30:34
2816,1900,5350400,13:30:34
2815,2000,5630000,13:30:34
2814,1400,3939600,13:30:34
2813,400,1125200,13:30:34
2811,100,281100,13:30:27
2811,100,281100,13:30:26
2811,100,281100,13:30:22
2812,100,281200,13:30:22
2813,1100,3094300,13:30:21
2814,100,281400,13:30:21
2814,100,281400,13:30:21
2814,200,562800,13:30:21
2814,200,562800,13:30:21
2814,200,562800,13:30:21
2814,100,281400,13:30:21
2814,100,281400,13:30:21
2815,2500,7037500,13:30:21
2817,100,281700,13:30:15
2816,800,2252800,13:30:10
2815,300,844500,13:30:05
2815,100,281500,13:30:03
2815,100,281500,13:30:03
2815,300,844500,13:30:03
2815,400,1126000,13:30:03
2815,100,281500,13:29:52
2815,100,281500,13:29:52
2814,100,281400,13:29:47
2814,400,1125600,13:29:47
2815,300,844500,13:29:45
2816,100,281600,13:29:36
2815,100,281500,13:29:34
2816,200,563200,13:29:28
2815,100,281500,13:29:27
2815,100,281500,13:29:26
2815,200,563000,13:29:25
2815,100,281500,13:29:22
2815,100,281500,13:29:19
2815,2400,6756000,13:29:19
2815,100,281500,13:29:19
2816,100,281600,13:29:19
2816,500,1408000,13:29:19
2816,100,281600,13:28:58
2815,500,1407500,13:28:56
2815,100,281500,13:28:56
2815,200,563000,13:28:56
2815,200,563000,13:28:56
2815,100,281500,13:28:56
2814,100,281400,13:28:55
2814,100,281400,13:28:48
2814,300,844200,13:28:48
2814,300,844200,13:28:48
2813,300,843900,13:28:46
2813,100,281300,13:28:46
2813,100,281300,13:28:43
2813,200,562600,13:28:36
2813,100,281300,13:28:35
2813,400,1125200,13:28:35
2812,100,281200,13:28:25
2813,100,281300,13:28:06
2813,400,1125200,13:28:06
2814,100,281400,13:28:01
2814,100,281400,13:27:59
2814,100,281400,13:27:59
2813,200,562600,13:27:58
2813,200,562600,13:27:58
2812,100,281200,13:27:58
2813,100,281300,13:27:55
2812,100,281200,13:27:54
2811,100,281100,13:27:48
2812,100,281200,13:27:48
2814,300,844200,13:27:47
2815,100,281500,13:27:46
2815,1700,4785500,13:27:46
2814,3000,8442000,13:27:46
2813,900,2531700,13:27:46
2812,700,1968400,13:27:46
2811,500,1405500,13:27:44
2810,500,1405000,13:27:44
2809,100,280900,13:27:44
2809,1400,3932600,13:27:44
2810,100,281000,13:27:43
2810,100,281000,13:27:43
2810,400,1124000,13:27:43
2810,100,281000,13:27:42
2810,100,281000,13:27:33
2810,200,562000,13:27:33
2811,100,281100,13:27:28
2809,100,280900,13:27:22
2810,800,2248000,13:27:12
2811,100,281100,13:27:12
2812,100,281200,13:27:10
2811,800,2248800,13:27:10
2813,200,562600,13:27:00
2812,100,281200,13:26:52
2811,500,1405500,13:26:45
2812,200,562400,13:26:45
2813,400,1125200,13:26:44
2813,800,2250400,13:26:44
2811,100,281100,13:26:43
2811,200,562200,13:26:34
2812,100,281200,13:26:34
2812,200,562400,13:26:28
2812,100,281200,13:26:28
2812,200,562400,13:26:28
2812,100,281200,13:26:17
2812,100,281200,13:26:14
2812,100,281200,13:26:09
2812,1000,2812000,13:26:09
2811,1000,2811000,13:26:09
2810,100,281000,13:26:08
2810,100,281000,13:26:00
2811,100,281100,13:25:56
2811,400,1124400,13:25:37
2811,300,843300,13:25:37
2812,100,281200,13:25:36
2811,100,281100,13:25:35
2810,300,843000,13:25:35
2810,100,281000,13:25:35
2810,100,281000,13:25:35
2810,600,1686000,13:25:31
2810,200,562000,13:25:31
2810,200,562000,13:25:31
2810,200,562000,13:25:31
2810,200,562000,13:25:31
2811,1000,2811000,13:25:31
2812,200,562400,13:25:30
2813,500,1406500,13:25:28
2812,100,281200,13:25:26
2813,100,281300,13:25:25
2812,500,1406000,13:25:22
2810,200,562000,13:25:20
2811,100,281100,13:25:20
2811,100,281100,13:25:14
2810,300,843000,13:25:13
2810,400,1124000,13:25:05
2809,200,561800,13:25:04
2808,400,1123200,13:25:03
2808,200,561600,13:25:03
2808,100,280800,13:25:03
2808,200,561600,13:25:03
2808,100,280800,13:25:03
2807,2000,5614000,13:25:03
2807,100,280700,13:25:03
2807,200,561400,13:25:03
2807,100,280700,13:25:03
2807,100,280700,13:25:03
2807,200,561400,13:25:03
2807,100,280700,13:25:01
2807,100,280700,13:25:01
2807,100,280700,13:25:01
2807,1100,3087700,13:24:58
2808,400,1123200,13:24:52
2808,100,280800,13:24:52
2809,100,280900,13:24:49
2809,100,280900,13:24:48
2809,600,1685400,13:24:47
2810,300,843000,13:24:46
2810,800,2248000,13:24:46
2811,1100,3092100,13:24:41
2811,100,281100,13:24:36
2811,300,843300,13:24:33
2811,100,281100,13:24:30
2812,1000,2812000,13:24:30
2811,200,562200,13:24:30
2811,100,281100,13:24:27
2811,600,1686600,13:24:23
2810,200,562000,13:24:21
2812,600,1687200,13:24:20
2811,100,281100,13:24:20
2810,100,281000,13:24:18
2811,100,281100,13:24:18
2811,100,281100,13:24:16
2811,100,281100,13:24:16
2811,100,281100,13:24:16
2809,100,280900,13:24:09
2810,100,281000,13:24:09
2810,1600,4496000,13:24:09
2809,200,561800,13:24:09
2808,100,280800,13:24:09
2808,100,280800,13:24:09
2807,100,280700,13:24:09
2807,1200,3368400,13:24:09
2808,500,1404000,13:24:09
2808,100,280800,13:24:09
2809,200,561800,13:24:06
2809,100,280900,13:24:06
2810,100,281000,13:23:56
2809,100,280900,13:23:55
2809,200,561800,13:23:55
2809,500,1404500,13:23:55
2808,100,280800,13:23:54
2808,100,280800,13:23:54
2808,300,842400,13:23:54
2809,200,561800,13:23:54
2809,100,280900,13:23:54
2809,200,561800,13:23:53
2810,200,562000,13:23:52
2810,400,1124000,13:23:52
2810,200,562000,13:23:52
2811,100,281100,13:23:45
2811,100,281100,13:23:44
2811,100,281100,13:23:44
2811,200,562200,13:23:43
2811,200,562200,13:23:39
2811,300,843300,13:23:39
2811,700,1967700,13:23:39
2812,700,1968400,13:23:36
2813,600,1687800,13:23:36
2814,100,281400,13:23:27
2814,100,281400,13:23:22
2816,300,844800,13:23:21
2815,100,281500,13:23:21
2815,100,281500,13:23:20
2814,100,281400,13:23:18
2815,300,844500,13:23:14
2815,200,563000,13:23:14
2815,200,563000,13:23:14
2815,200,563000,13:23:14
2817,100,281700,13:23:13
2816,100,281600,13:23:12
2816,100,281600,13:23:10
2816,100,281600,13:23:08
2816,100,281600,13:23:04
2815,100,281500,13:23:02
2815,100,281500,13:23:02
2815,300,844500,13:22:54
2814,500,1407000,13:22:54
2814,1200,3376800,13:22:51
2815,300,844500,13:22:51
2815,300,844500,13:22:51
2815,100,281500,13:22:50
2814,200,562800,13:22:47
2814,100,281400,13:22:47
2813,100,281300,13:22:43
2813,200,562600,13:22:40
2812,200,562400,13:22:35
2813,100,281300,13:22:35
2813,100,281300,13:22:35
2813,100,281300,13:22:32
2813,100,281300,13:22:28
2813,300,843900,13:22:28
2812,200,562400,13:22:21
2811,100,281100,13:22:20
2811,100,281100,13:22:19
2811,100,281100,13:22:16
2812,100,281200,13:22:13
2813,300,843900,13:22:12
2812,100,281200,13:22:11
2811,200,562200,13:22:11
2812,100,281200,13:22:10
2812,200,562400,13:22:10
2811,100,281100,13:22:01
2812,100,281200,13:21:56
2812,200,562400,13:21:56
2810,200,562000,13:21:56
2810,100,281000,13:21:56
2811,300,843300,13:21:56
2811,100,281100,13:21:55
2811,100,281100,13:21:52
2812,100,281200,13:21:47
2813,100,281300,13:21:45
2813,100,281300,13:21:42
2813,200,562600,13:21:40
2814,200,562800,13:21:39
2815,1500,4222500,13:21:39
2815,100,281500,13:21:39
2815,100,281500,13:21:33
2815,300,844500,13:21:31
2816,200,563200,13:21:31
2818,600,1690800,13:21:31
2817,500,1408500,13:21:31
2817,200,563400,13:21:31
2817,100,281700,13:21:31
2816,100,281600,13:21:31
2815,100,281500,13:21:30
2815,100,281500,13:21:28
2815,200,563000,13:21:28
2815,300,844500,13:21:28
2816,100,281600,13:21:22
2815,300,844500,13:21:22
2814,300,844200,13:21:22
2813,200,562600,13:21:22
2811,100,281100,13:21:17
2812,100,281200,13:21:17
2814,200,562800,13:21:16
2812,500,1406000,13:21:15
2811,100,281100,13:21:12
2810,400,1124000,13:21:08
2810,100,281000,13:21:00
2810,200,562000,13:20:59
2811,100,281100,13:20:59
2810,100,281000,13:20:57
2810,100,281000,13:20:57
2811,100,281100,13:20:56
2811,100,281100,13:20:56
2811,100,281100,13:20:56
2811,100,281100,13:20:56
2812,100,281200,13:20:56
2810,500,1405000,13:20:56
2811,800,2248800,13:20:56
2812,1000,2812000,13:20:56
2813,900,2531700,13:20:56
2814,400,1125600,13:20:55
2815,200,563000,13:20:55
2815,1100,3096500,13:20:54
2816,500,1408000,13:20:54
2816,100,281600,13:20:51
2817,200,563400,13:20:50
2817,100,281700,13:20:48
2817,200,563400,13:20:48
2818,700,1972600,13:20:48
2819,400,1127600,13:20:47
2819,200,563800,13:20:47
2818,200,563600,13:20:46
2818,100,281800,13:20:44
2818,100,281800,13:20:43
2817,100,281700,13:20:41
2817,100,281700,13:20:40
2818,200,563600,13:20:34
2817,100,281700,13:20:34
2817,100,281700,13:20:33
2818,300,845400,13:20:31
2818,400,1127200,13:20:31
2817,100,281700,13:20:31
2817,200,563400,13:20:30
2817,200,563400,13:20:20
2817,400,1126800,13:20:19
2817,700,1971900,13:20:19
2817,100,281700,13:20:10
2816,100,281600,13:20:09
2815,300,844500,13:20:06
2814,100,281400,13:20:03
2815,200,563000,13:20:01
2815,200,563000,13:20:00
2814,100,281400,13:19:59
2814,100,281400,13:19:57
2814,400,1125600,13:19:53
2814,100,281400,13:19:53
2815,100,281500,13:19:53
2815,1100,3096500,13:19:53
2815,100,281500,13:19:50
2816,100,281600,13:19:48
2816,200,563200,13:19:48
2815,100,281500,13:19:39
2816,100,281600,13:19:33
2816,300,844800,13:19:27
2817,100,281700,13:19:23
2817,700,1971900,13:19:21
2816,100,281600,13:19:21
2815,500,1407500,13:19:21
2815,100,281500,13:19:19
2816,700,1971200,13:19:19
2816,400,1126400,13:19:19
2814,200,562800,13:19:18
2815,100,281500,13:19:15
2815,100,281500,13:19:13
2815,500,1407500,13:19:12
2815,1400,3941000,13:19:12
2816,700,1971200,13:19:04
2816,500,1408000,13:19:04
2816,300,844800,13:19:00
2816,200,563200,13:19:00
2818,100,281800,13:18:59
2817,100,281700,13:18:59
2818,100,281800,13:18:57
2819,200,563800,13:18:50
2817,100,281700,13:18:49
2818,200,563600,13:18:49
2819,100,281900,13:18:46
2818,100,281800,13:18:40
2817,400,1126800,13:18:40
2818,100,281800,13:18:40
2819,100,281900,13:18:39
2819,200,563800,13:18:39
2818,600,1690800,13:18:39
2817,100,281700,13:18:37
2818,100,281800,13:18:36
2818,100,281800,13:18:36
2819,200,563800,13:18:33
2817,100,281700,13:18:32
2818,100,281800,13:18:32
2818,100,281800,13:18:32
2818,100,281800,13:18:32
2818,200,563600,13:18:32
2817,700,1971900,13:18:32
2818,100,281800,13:18:32
2818,200,563600,13:18:29
2818,200,563600,13:18:29
2818,100,281800,13:18:29
2818,200,563600,13:18:29
2819,400,1127600,13:18:26
2821,100,282100,13:18:26
2820,200,564000,13:18:26
2820,100,282000,13:18:26
2821,100,282100,13:18:24
2820,600,1692000,13:18:24
2822,900,2539800,13:18:24
2822,400,1128800,13:18:24
2821,300,846300,13:18:24
2821,100,282100,13:18:24
2820,400,1128000,13:18:24
2821,100,282100,13:18:23
2821,200,564200,13:18:22
2821,100,282100,13:18:22
2820,100,282000,13:18:18
2820,300,846000,13:18:18
2820,300,846000,13:18:18
2820,300,846000,13:18:18
2820,200,564000,13:18:18
2820,1000,2820000,13:18:18
2821,1500,4231500,13:18:17
2821,100,282100,13:18:10
2822,100,282200,13:18:08
2823,100,282300,13:18:07
2822,300,846600,13:18:05
2821,100,282100,13:18:04
2821,200,564200,13:18:04
2821,100,282100,13:18:04
2821,300,846300,13:18:04
2821,100,282100,13:18:04
2821,3000,8463000,13:18:04
2821,100,282100,13:18:03
2821,100,282100,13:17:59
2820,200,564000,13:17:58
2820,1200,3384000,13:17:52
2821,100,282100,13:17:52
2821,100,282100,13:17:51
2821,100,282100,13:17:49
2821,100,282100,13:17:49
2822,100,282200,13:17:48
2821,100,282100,13:17:45
2823,500,1411500,13:17:44
2822,1300,3668600,13:17:44
2821,200,564200,13:17:44
2820,300,846000,13:17:42
2820,100,282000,13:17:42
2821,200,564200,13:17:41
2822,200,564400,13:17:41
2822,200,564400,13:17:41
2822,200,564400,13:17:41
2821,600,1692600,13:17:41
2821,100,282100,13:17:41
2821,100,282100,13:17:41
2820,5000,14100000,13:17:41
2819,1600,4510400,13:17:41
2819,2300,6483700,13:17:41
2818,100,281800,13:17:40
2818,1100,3099800,13:17:40
2818,100,281800,13:17:37
2818,100,281800,13:17:34
2818,100,281800,13:17:27
2818,200,563600,13:17:26
2818,100,281800,13:17:25
2818,100,281800,13:17:22
2818,100,281800,13:17:19
2818,100,281800,13:17:19
2818,100,281800,13:17:19
2818,200,563600,13:17:18
2817,200,563400,13:17:15
2817,100,281700,13:17:12
2817,100,281700,13:17:12
2817,200,563400,13:17:12
2817,800,2253600,13:17:12
2816,100,281600,13:17:05
2816,300,844800,13:17:01
2817,100,281700,13:16:57
2816,100,281600,13:16:56
2817,700,1971900,13:16:53
2817,100,281700,13:16:53
2815,100,281500,13:16:49
2816,200,563200,13:16:49
2816,100,281600,13:16:46
2816,100,281600,13:16:45
2816,100,281600,13:16:42
2816,100,281600,13:16:40
2815,100,281500,13:16:37
2816,100,281600,13:16:37
2816,900,2534400,13:16:37
2817,100,281700,13:16:32
2817,100,281700,13:16:27
2817,300,845100,13:16:27
2817,400,1126800,13:16:27
2817,100,281700,13:16:27
2817,200,563400,13:16:21
2816,100,281600,13:16:21
2816,100,281600,13:16:19
2817,100,281700,13:16:19
2817,200,563400,13:16:19
2817,200,563400,13:16:19
2816,500,1408000,13:16:17
2815,600,1689000,13:16:17
2815,200,563000,13:16:17
2815,100,281500,13:16:16
2815,100,281500,13:16:15
2815,100,281500,13:16:15
2815,600,1689000,13:16:14
2816,300,844800,13:16:13
2815,500,1407500,13:16:08
2816,100,281600,13:16:05
2815,300,844500,13:16:05
2814,100,281400,13:16:03
2814,100,281400,13:16:00
2815,500,1407500,13:15:59
2815,300,844500,13:15:59
2815,200,563000,13:15:59
2815,300,844500,13:15:59
2815,300,844500,13:15:59
2816,100,281600,13:15:57
2817,700,1971900,13:15:57
2816,100,281600,13:15:57
2817,100,281700,13:15:56
2817,400,1126800,13:15:53
2816,100,281600,13:15:53
2816,100,281600,13:15:53
2816,100,281600,13:15:51
2817,100,281700,13:15:49
2817,100,281700,13:15:49
2818,1900,5354200,13:15:49
2818,500,1409000,13:15:49
2818,300,845400,13:15:49
2818,300,845400,13:15:49
2818,300,845400,13:15:49
2818,300,845400,13:15:49
2817,300,845100,13:15:48
2818,500,1409000,13:15:46
2817,100,281700,13:15:45
2817,100,281700,13:15:45
2817,100,281700,13:15:45
2817,100,281700,13:15:44
2817,1000,2817000,13:15:44
2816,1200,3379200,13:15:44
2816,100,281600,13:15:41
2815,200,563000,13:15:41
2816,100,281600,13:15:39
2815,2300,6474500,13:15:39
2815,800,2252000,13:15:39
2815,100,281500,13:15:37
2814,100,281400,13:15:37
2815,300,844500,13:15:36
2814,200,562800,13:15:36
2814,500,1407000,13:15:36
2814,100,281400,13:15:36
2814,300,844200,13:15:36
2814,100,281400,13:15:33
2815,100,281500,13:15:31
2814,400,1125600,13:15:26
2812,500,1406000,13:15:20
2812,300,843600,13:15:20
2813,100,281300,13:15:20
2813,700,1969100,13:15:15
2813,100,281300,13:15:10
2814,400,1125600,13:15:10
2813,100,281300,13:15:10
2813,300,843900,13:15:09
2814,300,844200,13:15:09
2814,200,562800,13:15:09
2815,100,281500,13:15:09
2814,300,844200,13:15:07
2813,100,281300,13:15:07
2814,100,281400,13:15:05
2813,200,562600,13:15:05
2813,800,2250400,13:15:05
2812,5300,14903600,13:15:05
2812,2000,5624000,13:15:05
2811,3300,9276300,13:15:05
2810,700,1967000,13:15:05
2808,200,561600,13:15:03
2807,100,280700,13:15:00
2806,500,1403000,13:14:56
2807,200,561400,13:14:50
2807,400,1122800,13:14:49
2806,300,841800,13:14:49
2806,100,280600,13:14:49
2805,800,2244000,13:14:49
2805,100,280500,13:14:31
2805,100,280500,13:14:24
2805,100,280500,13:14:23
2805,200,561000,13:14:20
2805,100,280500,13:14:14
2805,800,2244000,13:14:08
2804,300,841200,13:14:06
2805,200,561000,13:14:06
2804,100,280400,13:14:05
2805,100,280500,13:14:05
2806,100,280600,13:14:03
2806,800,2244800,13:14:02
2807,100,280700,13:13:59
2807,100,280700,13:13:59
2807,100,280700,13:13:56
2808,100,280800,13:13:51
2807,100,280700,13:13:47
2807,400,1122800,13:13:40
2808,100,280800,13:13:39
2808,100,280800,13:13:34
2808,100,280800,13:13:34
2808,100,280800,13:13:33
2808,100,280800,13:13:30
2808,200,561600,13:13:27
2808,100,280800,13:13:27
2809,100,280900,13:13:23
2808,100,280800,13:13:23
2808,300,842400,13:13:23
2809,100,280900,13:13:21
2810,100,281000,13:13:19
2810,400,1124000,13:13:18
2809,100,280900,13:13:18
2809,100,280900,13:13:18
2809,400,1123600,13:13:18
2810,1600,4496000,13:13:18
2811,100,281100,13:13:18
2810,400,1124000,13:13:12
2810,300,843000,13:13:12
2809,400,1123600,13:13:12
2808,200,561600,13:13:12
2808,100,280800,13:13:05
2808,100,280800,13:13:01
2808,300,842400,13:13:01
2809,300,842700,13:13:01
2809,400,1123600,13:12:58
2808,300,842400,13:12:57
2809,600,1685400,13:12:57
2810,200,562000,13:12:57
2809,100,280900,13:12:53
2808,100,280800,13:12:49
2808,100,280800,13:12:49
2809,100,280900,13:12:49
2809,100,280900,13:12:49
2810,900,2529000,13:12:49
2812,100,281200,13:12:46
2812,100,281200,13:12:42
2812,100,281200,13:12:42
2812,100,281200,13:12:42
2812,100,281200,13:12:42
2812,100,281200,13:12:42
2812,100,281200,13:12:40
2812,100,281200,13:12:36
2812,100,281200,13:12:36
2813,100,281300,13:12:33
2813,100,281300,13:12:31
2813,100,281300,13:12:30
2814,300,844200,13:12:30
2814,200,562800,13:12:30
2814,200,562800,13:12:30
2814,500,1407000,13:12:30
2813,100,281300,13:12:30
2812,100,281200,13:12:28
2813,300,843900,13:12:28
2813,100,281300,13:12:25
2813,100,281300,13:12:24
2812,400,1124800,13:12:15
2813,900,2531700,13:12:13
2812,200,562400,13:12:13
2811,400,1124400,13:12:13
2810,100,281000,13:12:08
2811,100,281100,13:12:07
2810,100,281000,13:12:07
2810,100,281000,13:12:07
2811,100,281100,13:12:04
2811,900,2529900,13:12:02
2810,1900,5339000,13:12:02
2809,700,1966300,13:12:02
2808,100,280800,13:12:00
2808,100,280800,13:11:58
2807,200,561400,13:11:58
2807,100,280700,13:11:58
2807,100,280700,13:11:58
2807,100,280700,13:11:58
2807,100,280700,13:11:58
2808,1300,3650400,13:11:58
2808,100,280800,13:11:58
2808,200,561600,13:11:56
2809,100,280900,13:11:55
2809,100,280900,13:11:53
2808,200,561600,13:11:41
2809,300,842700,13:11:38
2809,200,561800,13:11:38
2809,100,280900,13:11:35
2808,100,280800,13:11:31
2807,200,561400,13:11:31
2807,200,561400,13:11:31
2808,100,280800,13:11:30
2808,100,280800,13:11:29
2808,100,280800,13:11:27
2808,600,1684800,13:11:25
2808,100,280800,13:11:21
2809,100,280900,13:11:18
2808,300,842400,13:11:15
2809,100,280900,13:11:15
2808,1100,3088800,13:11:14
2809,600,1685400,13:11:14
2810,200,562000,13:11:14
2811,800,2248800,13:11:11
2811,200,562200,13:11:11
2810,300,843000,13:11:11
2809,100,280900,13:11:10
2810,200,562000,13:11:10
2810,100,281000,13:11:08
2808,100,280800,13:11:07
2809,100,280900,13:11:07
2808,400,1123200,13:11:07
2808,200,561600,13:11:07
2810,100,281000,13:11:06
2808,100,280800,13:11:03
2808,1200,3369600,13:11:02
2809,800,2247200,13:11:02
2810,200,562000,13:11:00
2810,100,281000,13:11:00
2810,200,562000,13:11:00
2811,100,281100,13:11:00
2813,300,843900,13:10:59
2812,700,1968400,13:10:59
2812,300,843600,13:10:57
2813,200,562600,13:10:54
2813,100,281300,13:10:54
2813,200,562600,13:10:54
2810,600,1686000,13:10:53
2811,500,1405500,13:10:53
2812,300,843600,13:10:53
2814,100,281400,13:10:50
2813,100,281300,13:10:50
2813,100,281300,13:10:49
2813,200,562600,13:10:42
2815,100,281500,13:10:40
2814,100,281400,13:10:40
2814,100,281400,13:10:39
2813,1300,3656900,13:10:39
2814,300,844200,13:10:39
2815,100,281500,13:10:37
2814,100,281400,13:10:37
2814,100,281400,13:10:36
2814,100,281400,13:10:36
2815,100,281500,13:10:35
2814,200,562800,13:10:34
2813,100,281300,13:10:33
2813,100,281300,13:10:33
2813,100,281300,13:10:33
2812,100,281200,13:10:32
2812,400,1124800,13:10:30
2813,100,281300,13:10:29
2813,500,1406500,13:10:29
2813,100,281300,13:10:26
2814,100,281400,13:10:25
2814,200,562800,13:10:25
2814,100,281400,13:10:23
2814,600,1688400,13:10:23
2814,200,562800,13:10:23
2814,200,562800,13:10:23
2814,200,562800,13:10:23
2814,100,281400,13:10:22
2813,700,1969100,13:10:22
2812,100,281200,13:10:22
2812,100,281200,13:10:22
2812,100,281200,13:10:22
2812,500,1406000,13:10:22
2812,1500,4218000,13:10:22
2813,300,843900,13:10:22
2813,100,281300,13:10:22
2814,100,281400,13:10:22
2814,100,281400,13:10:22
2813,1400,3938200,13:10:22
2813,200,562600,13:10:22
2812,500,1406000,13:10:22
2812,400,1124800,13:10:22
2811,1300,3654300,13:10:22
2811,100,281100,13:10:22
2810,3700,10397000,13:10:22
2809,1100,3089900,13:10:22
2808,900,2527200,13:10:22
2807,500,1403500,13:10:22
2806,200,561200,13:10:20
2805,200,561000,13:10:13
2805,100,280500,13:10:08
2805,100,280500,13:09:55
2804,100,280400,13:09:55
2804,500,1402000,13:09:54
2803,100,280300,13:09:54
2803,200,560600,13:09:43
2802,500,1401000,13:09:35
2801,200,560200,13:09:35
2800,400,1120000,13:09:25
2800,200,560000,13:09:25
2800,200,560000,13:09:25
2800,200,560000,13:09:25
2800,100,280000,13:09:24
2800,100,280000,13:09:24
2800,100,280000,13:09:24
2800,100,280000,13:09:24
2801,400,1120400,13:09:24
2801,500,1400500,13:09:24
2801,100,280100,13:09:18
2802,100,280200,13:09:18
2802,100,280200,13:09:18
2803,100,280300,13:09:17
2803,100,280300,13:09:14
2803,400,1121200,13:09:14
2803,100,280300,13:09:01
2803,200,560600,13:09:01
2804,1000,2804000,13:09:01
2805,1300,3646500,13:09:01
2806,100,280600,13:08:58
2806,200,561200,13:08:58
2807,100,280700,13:08:57
2806,1800,5050800,13:08:55
2806,1000,2806000,13:08:55
2806,200,561200,13:08:55
2805,100,280500,13:08:49
2805,100,280500,13:08:47
2805,100,280500,13:08:35
2806,100,280600,13:08:31
2805,100,280500,13:08:30
2805,400,1122000,13:08:29
2805,1000,2805000,13:08:29
2804,900,2523600,13:08:23
2803,100,280300,13:08:18
2804,100,280400,13:08:13
2803,300,840900,13:08:13
2803,100,280300,13:08:13
2803,500,1401500,13:08:12
2803,2300,6446900,13:08:12
2803,200,560600,13:08:12
2803,200,560600,13:08:12
2803,200,560600,13:08:12
2803,100,280300,13:08:11
2803,100,280300,13:08:08
2803,200,560600,13:08:07
2803,100,280300,13:08:04
2803,100,280300,13:08:03
2804,100,280400,13:07:57
2804,100,280400,13:07:57
2804,100,280400,13:07:50
2804,300,841200,13:07:46
2804,200,560800,13:07:45
2805,100,280500,13:07:41
2805,100,280500,13:07:40
2805,100,280500,13:07:37
2805,100,280500,13:07:29
2805,400,1122000,13:07:26
2806,200,561200,13:07:18
2806,100,280600,13:07:18
2806,200,561200,13:07:17
2806,200,561200,13:07:15
2807,700,1964900,13:07:12
2807,100,280700,13:07:12
2806,100,280600,13:07:12
2806,300,841800,13:07:12
2806,200,561200,13:07:12
2806,300,841800,13:07:12
2805,100,280500,13:07:11
2805,100,280500,13:07:11
2805,100,280500,13:07:07
2804,100,280400,13:07:07
2806,100,280600,13:07:02
2807,100,280700,13:07:01
2806,100,280600,13:07:00
2806,200,561200,13:06:58
2805,100,280500,13:06:57
2805,100,280500,13:06:56
2805,100,280500,13:06:56
2805,700,1963500,13:06:52
2806,200,561200,13:06:52
2806,1000,2806000,13:06:46
2804,100,280400,13:06:45
2804,600,1682400,13:06:45
2805,300,841500,13:06:45
2805,100,280500,13:06:43
2805,100,280500,13:06:39
2806,800,2244800,13:06:35
2807,800,2245600,13:06:34
2807,100,280700,13:06:31
2807,200,561400,13:06:31
2808,100,280800,13:06:27
2808,500,1404000,13:06:26
2808,200,561600,13:06:26
2808,200,561600,13:06:26
2808,200,561600,13:06:26
2808,100,280800,13:06:26
2809,100,280900,13:06:25
2809,300,842700,13:06:24
2809,100,280900,13:06:23
2809,100,280900,13:06:22
2809,100,280900,13:06:21
2808,700,1965600,13:06:21
2807,900,2526300,13:06:17
2807,100,280700,13:06:17
2807,400,1122800,13:06:17
2807,500,1403500,13:06:16
2806,200,561200,13:06:16
2806,300,841800,13:06:16
2807,100,280700,13:06:12
2806,200,561200,13:06:08
2807,400,1122800,13:06:05
2807,800,2245600,13:06:05
2806,200,561200,13:06:02
2807,100,280700,13:06:01
2807,100,280700,13:05:59
2806,600,1683600,13:05:58
2805,2000,5610000,13:05:58
2803,100,280300,13:05:47
2804,400,1121600,13:05:47
2804,200,560800,13:05:47
2805,700,1963500,13:05:47
2806,500,1403000,13:05:45
2806,100,280600,13:05:45
2805,100,280500,13:05:45
2805,100,280500,13:05:45
2805,1500,4207500,13:05:45
2805,200,561000,13:05:45
2805,200,561000,13:05:45
2805,200,561000,13:05:45
2805,200,561000,13:05:45
2804,400,1121600,13:05:44
2804,1500,4206000,13:05:44
2804,100,280400,13:05:44
2804,200,560800,13:05:44
2803,2500,7007500,13:05:44
2802,100,280200,13:05:44
2802,2900,8125800,13:05:44
2801,1300,3641300,13:05:44
2800,100,280000,13:05:44
2800,300,840000,13:05:44
2800,100,280000,13:05:44
2800,200,560000,13:05:44
2801,1300,3641300,13:05:44
2801,300,840300,13:05:44
2801,300,840300,13:05:44
2801,2800,7842800,13:05:44
2801,300,840300,13:05:34
2801,100,280100,13:05:34
2801,100,280100,13:05:34
2801,100,280100,13:05:33
2801,100,280100,13:05:32
2801,100,280100,13:05:32
2801,100,280100,13:05:31
2801,200,560200,13:05:30
2801,100,280100,13:05:30
2800,400,1120000,13:05:24
2800,200,560000,13:05:20
2800,1300,3640000,13:05:17
2800,100,280000,13:05:17
2800,600,1680000,13:05:17
2799,100,279900,13:05:12
2799,200,559800,13:05:11
2799,300,839700,13:05:11
2799,100,279900,13:05:11
2799,100,279900,13:05:08
2799,100,279900,13:05:06
2799,400,1119600,13:05:06
2799,1800,5038200,13:05:01
2798,100,279800,13:04:52
2798,400,1119200,13:04:49
2797,1000,2797000,13:04:46
2796,100,279600,13:04:42
2796,300,838800,13:04:33
2795,100,279500,13:04:33
2795,100,279500,13:04:33
2795,100,279500,13:04:33
2795,500,1397500,13:04:33
2795,400,1118000,13:04:22
2795,100,279500,13:04:18
2796,100,279600,13:04:13
2796,100,279600,13:04:05
2795,100,279500,13:04:03
2795,100,279500,13:04:03
2796,400,1118400,13:03:54
2795,100,279500,13:03:52
2795,100,279500,13:03:52
2796,100,279600,13:03:48
2797,200,559400,13:03:45
2796,800,2236800,13:03:45
2795,100,279500,13:03:32
2795,100,279500,13:03:31
2795,300,838500,13:03:17
2795,100,279500,13:03:14
2796,100,279600,13:03:02
2795,100,279500,13:03:02
2795,200,559000,13:03:00
2797,800,2237600,13:02:51
2796,1000,2796000,13:02:51
2795,200,559000,13:02:51
2794,100,279400,13:02:44
2794,300,838200,13:02:42
2794,100,279400,13:02:42
2794,500,1397000,13:02:29
2795,100,279500,13:02:24
2795,100,279500,13:02:15
2795,100,279500,13:02:14
2795,100,279500,13:02:14
2795,400,1118000,13:02:07
2795,100,279500,13:02:07
2795,100,279500,13:02:07
2795,100,279500,13:02:07
2794,100,279400,13:01:55
2793,100,279300,13:01:55
2793,300,837900,13:01:47
2792,400,1116800,13:01:47
2791,100,279100,13:01:44
2791,100,279100,13:01:42
2792,100,279200,13:01:35
2792,100,279200,13:01:35
2792,600,1675200,13:01:35
2794,100,279400,13:01:27
2794,200,558800,13:01:27
2793,500,1396500,13:01:27
2792,300,837600,13:01:22
2792,100,279200,13:01:16
2792,100,279200,13:01:16
2792,600,1675200,13:01:06
2792,100,279200,13:00:58
2792,100,279200,13:00:57
2790,600,1674000,13:00:53
2791,100,279100,13:00:53
2791,300,837300,13:00:53
2792,300,837600,13:00:53
2793,100,279300,13:00:53
2795,100,279500,13:00:44
2795,100,279500,13:00:44
2793,100,279300,13:00:42
2794,100,279400,13:00:42
2794,100,279400,13:00:42
2794,200,558800,13:00:42
2794,100,279400,13:00:34
2794,600,1676400,13:00:34
2794,100,279400,13:00:29
2792,100,279200,13:00:24
2793,100,279300,13:00:24
2794,100,279400,13:00:24
2794,100,279400,13:00:22
2793,1100,3072300,13:00:22
2792,1100,3071200,13:00:22
2791,100,279100,13:00:15
2791,100,279100,13:00:14
2791,100,279100,13:00:13
2791,100,279100,13:00:12
2792,100,279200,13:00:09
2791,100,279100,12:59:56
2790,100,279000,12:59:46
2790,100,279000,12:59:37
2790,100,279000,12:59:29
2790,100,279000,12:59:27
2791,600,1674600,12:59:27
2790,100,279000,12:59:27
2789,100,278900,12:59:27
2790,200,558000,12:59:27
2790,300,837000,12:59:20
2790,200,558000,12:59:20
2789,200,557800,12:59:19
2789,200,557800,12:59:16
2789,100,278900,12:59:12
2789,100,278900,12:59:03
2789,100,278900,12:59:03
2790,200,558000,12:58:58
2791,100,279100,12:58:57
2791,100,279100,12:58:57
2791,100,279100,12:58:57
2791,100,279100,12:58:57
2789,100,278900,12:58:53
2789,200,557800,12:58:51
2790,100,279000,12:58:51
2790,300,837000,12:58:51
2790,200,558000,12:58:45
2791,200,558200,12:58:37
2792,100,279200,12:58:27
2792,100,279200,12:58:27
2793,100,279300,12:58:25
2793,100,279300,12:58:25
2793,100,279300,12:58:23
2793,100,279300,12:58:23
2793,100,279300,12:58:11
2794,100,279400,12:58:10
2793,100,279300,12:58:09
2793,100,279300,12:58:09
2792,100,279200,12:58:09
2792,200,558400,12:58:09
2791,100,279100,12:58:09
2791,100,279100,12:58:09
2791,100,279100,12:58:09
2789,100,278900,12:58:02
2791,300,837300,12:58:00
2790,100,279000,12:58:00
2790,100,279000,12:57:54
2790,300,837000,12:57:53
2790,1400,3906000,12:57:53
2788,100,278800,12:57:47
2788,100,278800,12:57:41
2788,100,278800,12:57:41
2788,100,278800,12:57:39
2788,400,1115200,12:57:39
2789,400,1115600,12:57:39
2789,100,278900,12:57:38
2790,100,279000,12:57:38
2790,100,279000,12:57:38
2790,100,279000,12:57:38
2789,100,278900,12:57:36
2790,300,837000,12:57:32
2790,100,279000,12:57:32
2790,100,279000,12:57:31
2791,100,279100,12:57:23
2791,100,279100,12:57:23
2792,200,558400,12:57:22
2792,100,279200,12:57:16
2790,100,279000,12:57:14
2790,100,279000,12:57:14
2790,300,837000,12:57:10
2789,400,1115600,12:57:10
2790,1200,3348000,12:57:10
2791,400,1116400,12:57:10
2791,100,279100,12:57:08
2792,600,1675200,12:57:05
2793,500,1396500,12:56:57
2793,200,558600,12:56:56
2793,200,558600,12:56:54
2794,200,558800,12:56:54
2794,300,838200,12:56:52
2795,300,838500,12:56:52
2795,100,279500,12:56:52
2795,100,279500,12:56:52
2797,600,1678200,12:56:52
2796,700,1957200,12:56:52
2795,100,279500,12:56:52
2795,300,838500,12:56:52
2795,200,559000,12:56:46
2795,200,559000,12:56:46
2795,100,279500,12:56:46
2796,100,279600,12:56:44
2796,200,559200,12:56:40
2796,300,838800,12:56:38
2796,300,838800,12:56:20
2797,100,279700,12:56:20
2797,100,279700,12:56:20
2797,100,279700,12:56:20
2798,200,559600,12:56:12
2799,1100,3078900,12:56:08
2799,100,279900,12:56:08
2800,100,280000,12:56:01
2800,700,1960000,12:56:00
2800,200,560000,12:55:58
2800,100,280000,12:55:58
2799,100,279900,12:55:52
2800,100,280000,12:55:52
2801,100,280100,12:55:52
2801,1300,3641300,12:55:52
2800,300,840000,12:55:52
2798,100,279800,12:55:47
2797,500,1398500,12:55:47
2798,200,559600,12:55:47
2799,100,279900,12:55:47
2799,200,559800,12:55:47
2799,200,559800,12:55:47
2799,100,279900,12:55:45
2800,200,560000,12:55:41
2800,100,280000,12:55:41
2800,100,280000,12:55:41
2800,100,280000,12:55:41
2800,800,2240000,12:55:41
2799,500,1399500,12:55:41
2797,100,279700,12:55:40
2798,100,279800,12:55:38
2798,100,279800,12:55:38
2797,1000,2797000,12:55:38
2797,100,279700,12:55:38
2797,100,279700,12:55:38
2797,100,279700,12:55:38
2797,100,279700,12:55:38
2796,100,279600,12:55:38
2796,100,279600,12:55:30
2795,300,838500,12:55:27
2796,100,279600,12:55:26
2796,100,279600,12:55:24
2796,100,279600,12:55:21
2797,100,279700,12:55:19
2797,200,559400,12:55:19
2797,200,559400,12:55:19
2797,100,279700,12:55:17
2797,100,279700,12:55:17
2797,100,279700,12:55:17
2797,100,279700,12:55:17
2798,100,279800,12:55:17
2798,1100,3077800,12:55:17
2797,100,279700,12:55:17
2797,800,2237600,12:55:17
2796,100,279600,12:55:17
2796,100,279600,12:55:17
2796,100,279600,12:55:17
2796,100,279600,12:55:04
2796,100,279600,12:55:01
2796,200,559200,12:55:01
2797,100,279700,12:54:57
2796,100,279600,12:54:56
2795,100,279500,12:54:49
2796,100,279600,12:54:48
2796,200,559200,12:54:48
2797,400,1118800,12:54:46
2797,100,279700,12:54:46
2796,700,1957200,12:54:39
2796,300,838800,12:54:39
2796,200,559200,12:54:39
2796,100,279600,12:54:39
2796,100,279600,12:54:37
2796,100,279600,12:54:37
2796,100,279600,12:54:37
2796,100,279600,12:54:37
2795,1300,3633500,12:54:37
2794,300,838200,12:54:37
2793,100,279300,12:54:36
2794,100,279400,12:54:35
2794,100,279400,12:54:30
2794,100,279400,12:54:30
2794,100,279400,12:54:28
2794,100,279400,12:54:23
2794,300,838200,12:54:22
2794,1200,3352800,12:54:22
2792,100,279200,12:54:18
2792,100,279200,12:54:15
2793,200,558600,12:54:15
2793,100,279300,12:54:13
2793,100,279300,12:54:11
2793,200,558600,12:54:11
2792,200,558400,12:54:00
2793,300,837900,12:54:00
2793,100,279300,12:53:55
2795,100,279500,12:53:52
2793,100,279300,12:53:47
2793,300,837900,12:53:47
2793,300,837900,12:53:47
2793,100,279300,12:53:43
2794,100,279400,12:53:38
2793,100,279300,12:53:38
2794,300,838200,12:53:36
2793,100,279300,12:53:36
2793,100,279300,12:53:32
2793,100,279300,12:53:29
2794,100,279400,12:53:29
2793,500,1396500,12:53:29
2792,100,279200,12:53:29
2793,100,279300,12:53:28
2792,200,558400,12:53:24
2791,100,279100,12:53:24
2790,1800,5022000,12:53:16
2791,100,279100,12:53:16
2791,200,558200,12:53:12
2791,500,1395500,12:53:12
2790,100,279000,12:53:10
2790,1400,3906000,12:53:10
2791,100,279100,12:53:10
2791,100,279100,12:53:10
2791,100,279100,12:53:03
2791,100,279100,12:53:02
2791,100,279100,12:53:02
2792,200,558400,12:53:02
2792,200,558400,12:52:57
2791,400,1116400,12:52:57
2792,100,279200,12:52:56
2793,100,279300,12:52:47
2792,400,1116800,12:52:46
2791,400,1116400,12:52:46
2790,200,558000,12:52:45
2790,300,837000,12:52:44
2790,100,279000,12:52:37
2790,100,279000,12:52:37
2790,100,279000,12:52:37
2790,100,279000,12:52:36
2790,200,558000,12:52:36
2791,100,279100,12:52:33
2791,100,279100,12:52:30
2791,100,279100,12:52:24
2791,600,1674600,12:52:23
2791,200,558200,12:52:23
2791,200,558200,12:52:22
2792,100,279200,12:52:22
2792,100,279200,12:52:22
2792,200,558400,12:52:22
2792,200,558400,12:52:22
2794,100,279400,12:52:20
2793,100,279300,12:52:19
2793,200,558600,12:52:19
2794,200,558800,12:52:19
2794,200,558800,12:52:19
2795,300,838500,12:52:14
2796,100,279600,12:52:06
2795,100,279500,12:52:01
2794,100,279400,12:52:00
2794,300,838200,12:51:51
2794,300,838200,12:51:51
2794,300,838200,12:51:51
2794,100,279400,12:51:47
2795,300,838500,12:51:47
2795,100,279500,12:51:43
2795,100,279500,12:51:32
2794,300,838200,12:51:31
2795,100,279500,12:51:30
2795,100,279500,12:51:30
2795,100,279500,12:51:30
2795,100,279500,12:51:30
2796,100,279600,12:51:27
2797,200,559400,12:51:12
2797,100,279700,12:51:12
2797,300,839100,12:51:10
2796,200,559200,12:51:09
2795,100,279500,12:51:04
2795,200,559000,12:51:04
2795,100,279500,12:50:59
2798,300,839400,12:50:59
2796,500,1398000,12:50:59
2794,400,1117600,12:50:55
2794,200,558800,12:50:49
2795,300,838500,12:50:49
2795,100,279500,12:50:49
2794,100,279400,12:50:48
2794,200,558800,12:50:46
2795,200,559000,12:50:45
2795,100,279500,12:50:44
2794,100,279400,12:50:43
2794,100,279400,12:50:43
2793,100,279300,12:50:43
2793,500,1396500,12:50:43
2794,100,279400,12:50:42
2794,900,2514600,12:50:42
2793,100,279300,12:50:41
2793,100,279300,12:50:41
2793,300,837900,12:50:41
2793,200,558600,12:50:40
2793,100,279300,12:50:33
2794,100,279400,12:50:32
2794,100,279400,12:50:32
2794,200,558800,12:50:32
2794,200,558800,12:50:27
2794,200,558800,12:50:27
2792,100,279200,12:50:25
2793,100,279300,12:50:24
2795,100,279500,12:50:23
2794,300,838200,12:50:22
2794,100,279400,12:50:22
2792,500,1396000,12:50:21
2793,600,1675800,12:50:21
2794,100,279400,12:50:21
2794,800,2235200,12:50:21
2794,100,279400,12:50:21
2795,200,559000,12:50:18
2795,300,838500,12:50:18
2795,300,838500,12:50:18
2795,300,838500,12:50:18
2795,100,279500,12:50:18
2795,200,559000,12:50:17
2795,100,279500,12:50:15
2795,100,279500,12:50:14
2797,200,559400,12:50:14
2796,100,279600,12:50:13
2796,100,279600,12:50:13
2797,100,279700,12:50:13
2797,1500,4195500,12:50:12
2800,400,1120000,12:50:08
2799,100,279900,12:50:08
2797,100,279700,12:50:07
2798,1900,5316200,12:50:07
2799,100,279900,12:50:05
2799,100,279900,12:50:04
2798,100,279800,12:50:02
2799,200,559800,12:50:02
2801,100,280100,12:50:01
2800,200,560000,12:50:01
2800,100,280000,12:50:01
2799,100,279900,12:49:59
2799,400,1119600,12:49:59
2800,100,280000,12:49:59
2800,400,1120000,12:49:59
2800,2300,6440000,12:49:59
2799,200,559800,12:49:59
2799,100,279900,12:49:58
2798,100,279800,12:49:58
2797,100,279700,12:49:53
2799,100,279900,12:49:52
2799,300,839700,12:49:52
2799,100,279900,12:49:52
2799,600,1679400,12:49:52
2799,1500,4198500,12:49:51
2798,100,279800,12:49:50
2798,600,1678800,12:49:50
2796,300,838800,12:49:50
2797,200,559400,12:49:50
2798,100,279800,12:49:50
2798,100,279800,12:49:50
2798,100,279800,12:49:49
2798,100,279800,12:49:49
2798,100,279800,12:49:49
2798,100,279800,12:49:49
2797,100,279700,12:49:48
2797,200,559400,12:49:48
2797,100,279700,12:49:47
2797,100,279700,12:49:47
2798,100,279800,12:49:46
2798,100,279800,12:49:45
2797,1600,4475200,12:49:45
2796,100,279600,12:49:45
2796,100,279600,12:49:45
2795,200,559000,12:49:45
2795,200,559000,12:49:44
2795,100,279500,12:49:42
2795,200,559000,12:49:40
2795,200,559000,12:49:40
2794,100,279400,12:49:38
2795,100,279500,12:49:36
2795,100,279500,12:49:35
2795,100,279500,12:49:34
2796,200,559200,12:49:33
2796,300,838800,12:49:33
2796,300,838800,12:49:33
2795,400,1118000,12:49:33
2794,100,279400,12:49:32
2795,200,559000,12:49:22
2793,200,558600,12:49:22
2793,200,558600,12:49:21
2794,200,558800,12:49:21
2795,100,279500,12:49:21
2794,100,279400,12:49:20
2795,300,838500,12:49:15
2795,300,838500,12:49:15
2795,300,838500,12:49:15
2795,300,838500,12:49:15
2796,300,838800,12:49:14
2796,100,279600,12:49:13
2797,200,559400,12:49:10
2796,200,559200,12:49:10
2797,100,279700,12:49:10
2797,100,279700,12:49:09
2796,100,279600,12:49:08
2796,300,838800,12:49:03
2796,100,279600,12:49:03
2796,100,279600,12:49:03
2796,100,279600,12:49:03
2794,200,558800,12:49:03
2793,600,1675800,12:49:01
2794,600,1676400,12:49:01
2795,200,559000,12:49:01
2795,900,2515500,12:49:00
2794,100,279400,12:48:58
2795,600,1677000,12:48:58
2793,100,279300,12:48:58
2794,100,279400,12:48:58
2794,300,838200,12:48:58
2795,200,559000,12:48:56
2794,500,1397000,12:48:56
2793,100,279300,12:48:52
2792,100,279200,12:48:48
2792,100,279200,12:48:48
2793,300,837900,12:48:48
2793,200,558600,12:48:46
2795,100,279500,12:48:46
2794,500,1397000,12:48:46
2794,200,558800,12:48:46
2794,100,279400,12:48:46
2792,100,279200,12:48:45
2792,100,279200,12:48:45
2793,300,837900,12:48:44
2795,100,279500,12:48:41
2795,500,1397500,12:48:41
2794,200,558800,12:48:41
2793,100,279300,12:48:41
2793,100,279300,12:48:41
2794,100,279400,12:48:41
2793,100,279300,12:48:40
2793,100,279300,12:48:40
2793,200,558600,12:48:40
2794,100,279400,12:48:37
2793,100,279300,12:48:36
2793,200,558600,12:48:33
2792,400,1116800,12:48:28
2793,300,837900,12:48:28
2793,300,837900,12:48:28
2795,100,279500,12:48:28
2794,1000,2794000,12:48:28
2794,300,838200,12:48:28
2793,200,558600,12:48:28
2792,300,837600,12:48:28
2792,400,1116800,12:48:27
2791,100,279100,12:48:25
2792,200,558400,12:48:23
2792,100,279200,12:48:23
2792,100,279200,12:48:23
2790,100,279000,12:48:21
2789,600,1673400,12:48:20
2790,700,1953000,12:48:20
2791,100,279100,12:48:19
2791,100,279100,12:48:18
2791,100,279100,12:48:17
2791,100,279100,12:48:17
2791,100,279100,12:48:17
2791,100,279100,12:48:15
2791,200,558200,12:48:11
2791,100,279100,12:48:09
2790,100,279000,12:48:09
2790,200,558000,12:48:09
2790,100,279000,12:48:08
2790,100,279000,12:48:07
2790,700,1953000,12:48:07
2789,200,557800,12:48:07
2789,200,557800,12:48:07
2788,100,278800,12:48:07
2789,100,278900,12:48:06
2789,200,557800,12:48:06
2790,100,279000,12:48:05
2790,400,1116000,12:48:04
2791,100,279100,12:48:04
2791,100,279100,12:48:04
2791,200,558200,12:48:03
2790,100,279000,12:48:02
2790,100,279000,12:48:02
2789,300,836700,12:47:56
2788,100,278800,12:47:55
2789,200,557800,12:47:53
2788,300,836400,12:47:53
2788,100,278800,12:47:53
2788,100,278800,12:47:51
2788,100,278800,12:47:51
2789,100,278900,12:47:49
2788,100,278800,12:47:48
2789,100,278900,12:47:48
2790,400,1116000,12:47:46
2790,600,1674000,12:47:46
2790,100,279000,12:47:46
2790,200,558000,12:47:45
2790,100,279000,12:47:45
2790,300,837000,12:47:45
2790,100,279000,12:47:44
2789,300,836700,12:47:43
2790,900,2511000,12:47:43
2791,100,279100,12:47:43
2791,400,1116400,12:47:41
2791,600,1674600,12:47:41
2791,300,837300,12:47:39
2790,600,1674000,12:47:38
2790,100,279000,12:47:35
2789,300,836700,12:47:35
2789,100,278900,12:47:34
2789,900,2510100,12:47:34
2789,100,278900,12:47:34
2790,400,1116000,12:47:34
2790,1400,3906000,12:47:34
2788,100,278800,12:47:33
2789,800,2231200,12:47:33
2788,1100,3066800,12:47:33
2787,200,557400,12:47:31
2787,100,278700,12:47:30
2787,100,278700,12:47:30
2788,100,278800,12:47:26
2788,100,278800,12:47:19
2788,100,278800,12:47:15
2788,100,278800,12:47:15
2788,100,278800,12:47:15
2787,100,278700,12:47:12
2786,100,278600,12:47:09
2787,200,557400,12:47:08
2787,500,1393500,12:47:08
2786,300,835800,12:47:04
2787,800,2229600,12:47:04
2786,100,278600,12:47:01
2786,400,1114400,12:46:57
2787,700,1950900,12:46:57
2787,100,278700,12:46:51
2788,300,836400,12:46:51
2790,100,279000,12:46:46
2790,200,558000,12:46:46
2790,200,558000,12:46:46
2790,100,279000,12:46:43
2790,100,279000,12:46:43
2788,500,1394000,12:46:42
2787,100,278700,12:46:42
2787,100,278700,12:46:42
2787,100,278700,12:46:42
2788,100,278800,12:46:42
2788,300,836400,12:46:42
2788,100,278800,12:46:42
2789,100,278900,12:46:42
2788,700,1951600,12:46:42
2789,200,557800,12:46:42
2788,100,278800,12:46:42
2789,500,1394500,12:46:42
2787,200,557400,12:46:42
2786,200,557200,12:46:42
2785,1000,2785000,12:46:42
2785,200,557000,12:46:42
2784,5600,15590400,12:46:42
2783,1900,5287700,12:46:42
2783,1300,3617900,12:46:42
2782,500,1391000,12:46:42
2781,100,278100,12:46:39
2782,700,1947400,12:46:39
2781,300,834300,12:46:39
2781,100,278100,12:46:38
2781,200,556200,12:46:37
2781,300,834300,12:46:36
2782,200,556400,12:46:33
2782,200,556400,12:46:29
2782,100,278200,12:46:29
2780,100,278000,12:46:25
2780,100,278000,12:46:20
2780,900,2502000,12:46:20
2781,600,1668600,12:46:18
2782,600,1669200,12:46:13
2781,400,1112400,12:46:13
2781,200,556200,12:46:11
2780,100,278000,12:46:11
2780,400,1112000,12:46:11
2781,100,278100,12:46:09
2781,100,278100,12:46:06
2781,400,1112400,12:46:06
2781,200,556200,12:46:06
2781,100,278100,12:46:06
2782,200,556400,12:46:04
2782,400,1112800,12:46:04
2782,400,1112800,12:46:03
2781,800,2224800,12:46:03
2782,100,278200,12:46:03
2782,100,278200,12:46:02
2782,100,278200,12:46:02
2782,100,278200,12:46:00
2782,100,278200,12:46:00
2782,200,556400,12:46:00
2781,200,556200,12:45:58
2781,100,278100,12:45:58
2781,100,278100,12:45:58
2781,200,556200,12:45:55
2781,400,1112400,12:45:54
2781,100,278100,12:45:54
2782,800,2225600,12:45:54
2782,100,278200,12:45:47
2782,200,556400,12:45:47
2782,200,556400,12:45:47
2782,100,278200,12:45:45
2782,100,278200,12:45:44
2781,200,556200,12:45:44
2780,100,278000,12:45:38
2780,100,278000,12:45:38
2781,200,556200,12:45:37
2780,100,278000,12:45:37
2780,100,278000,12:45:33
2780,100,278000,12:45:33
2780,100,278000,12:45:31
2781,100,278100,12:45:30
2781,100,278100,12:45:30
2780,100,278000,12:45:30
2781,100,278100,12:45:30
2781,600,1668600,12:45:30
2781,100,278100,12:45:29
2782,100,278200,12:45:29
2781,100,278100,12:45:29
2782,100,278200,12:45:29
2782,300,834600,12:45:29
2781,100,278100,12:45:28
2781,100,278100,12:45:27
2782,200,556400,12:45:27
2781,300,834300,12:45:27
2781,100,278100,12:45:27
2781,100,278100,12:45:27
2781,100,278100,12:45:27
2782,100,278200,12:45:27
2780,200,556000,12:45:26
2780,100,278000,12:45:26
2782,100,278200,12:45:26
2783,100,278300,12:45:26
2783,100,278300,12:45:26
2782,100,278200,12:45:26
2782,100,278200,12:45:26
2783,100,278300,12:45:26
2782,100,278200,12:45:26
2781,100,278100,12:45:26
2781,100,278100,12:45:26
2782,100,278200,12:45:26
2783,100,278300,12:45:26
2782,100,278200,12:45:26
2781,100,278100,12:45:26
2781,200,556200,12:45:26
2780,200,556000,12:45:26
2781,100,278100,12:45:26
2783,100,278300,12:45:25
2782,100,278200,12:45:25
2782,100,278200,12:45:25
2782,100,278200,12:45:25
2782,100,278200,12:45:25
2782,100,278200,12:45:25
2779,400,1111600,12:45:25
2780,200,556000,12:45:25
2779,600,1667400,12:45:25
2780,100,278000,12:45:25
2784,200,556800,12:45:25
2783,200,556600,12:45:25
2781,100,278100,12:45:25
2781,100,278100,12:45:25
2779,100,277900,12:45:25
2779,100,277900,12:45:25
2779,100,277900,12:45:25
2779,100,277900,12:45:25
2779,100,277900,12:45:25
2783,600,1669800,12:45:25
2779,100,277900,12:45:25
2779,500,1389500,12:45:25
2778,800,2222400,12:45:25
2782,2100,5842200,12:45:25
2779,100,277900,12:45:25
2781,6800,18910800,12:45:25
2779,100,277900,12:45:25
2780,100,278000,12:45:25
2780,900,2502000,12:45:25
2779,400,1111600,12:45:25
2779,100,277900,12:45:25
2778,900,2500200,12:45:25
2778,100,277800,12:45:25
2779,100,277900,12:45:25
2779,100,277900,12:45:25
2779,300,833700,12:45:25
2779,100,277900,12:45:25
2778,100,277800,12:45:25
2778,100,277800,12:45:25
2777,100,277700,12:45:25
2779,700,1945300,12:45:25
2778,200,555600,12:45:25
2778,100,277800,12:45:25
2778,100,277800,12:45:25
2778,1500,4167000,12:45:25
2779,900,2501100,12:45:25
2779,200,555800,12:45:25
2779,200,555800,12:45:25
2779,200,555800,12:45:25
2779,100,277900,12:45:25
2780,300,834000,12:45:25
2780,1900,5282000,12:45:25
2780,4500,12510000,12:45:25
2780,100,278000,12:45:25
2780,500,1390000,12:45:25
2780,100,278000,12:45:25
2780,200,556000,12:45:25
2780,700,1946000,12:45:25
2780,200,556000,12:45:25
2780,200,556000,12:45:25
2780,100,278000,12:45:25
2780,100,278000,12:45:25
2780,200,556000,12:45:25
2780,100,278000,12:45:25
2780,3900,10842000,12:45:25
2780,700,1946000,12:45:25
2780,900,2502000,12:45:25
2780,700,1946000,12:45:23
2780,100,278000,12:45:20
2780,1000,2780000,12:45:19
2780,300,834000,12:45:19
2781,100,278100,12:45:11
2781,300,834300,12:45:10
2782,100,278200,12:45:10
2782,100,278200,12:45:10
2782,100,278200,12:45:10
2782,100,278200,12:45:10
2782,500,1391000,12:45:10
2781,400,1112400,12:45:10
2780,400,1112000,12:45:10
2780,2000,5560000,12:45:10
2781,3100,8621100,12:45:10
2782,300,834600,12:44:57
2782,200,556400,12:44:56
2782,100,278200,12:44:48
2782,100,278200,12:44:47
2782,100,278200,12:44:43
2781,300,834300,12:44:42
2782,100,278200,12:44:42
2782,100,278200,12:44:42
2782,200,556400,12:44:41
2782,500,1391000,12:44:37
2782,500,1391000,12:44:31
2782,200,556400,12:44:29
2782,700,1947400,12:44:24
2783,200,556600,12:44:22
2783,200,556600,12:44:22
2783,100,278300,12:44:07
2783,1000,2783000,12:44:07
2783,100,278300,12:44:06
2783,100,278300,12:44:05
2782,100,278200,12:44:05
2782,100,278200,12:44:02
2782,100,278200,12:44:02
2782,100,278200,12:44:02
2781,400,1112400,12:44:02
2781,100,278100,12:44:02
2782,100,278200,12:44:02
2781,1900,5283900,12:44:02
2781,700,1946700,12:44:02
2782,100,278200,12:44:00
2782,100,278200,12:44:00
2782,500,1391000,12:44:00
2783,200,556600,12:43:57
2785,100,278500,12:43:57
2784,300,835200,12:43:57
2784,100,278400,12:43:55
2783,700,1948100,12:43:54
2783,300,834900,12:43:54
2783,100,278300,12:43:54
2781,400,1112400,12:43:53
2782,400,1112800,12:43:53
2781,100,278100,12:43:51
2781,100,278100,12:43:51
2781,100,278100,12:43:51
2781,300,834300,12:43:51
2781,200,556200,12:43:51
2781,300,834300,12:43:51
2781,300,834300,12:43:51
2781,200,556200,12:43:46
2781,300,834300,12:43:41
2782,300,834600,12:43:41
2782,400,1112800,12:43:41
2780,100,278000,12:43:38
2781,400,1112400,12:43:38
2780,1000,2780000,12:43:38
2781,300,834300,12:43:38
2780,100,278000,12:43:35
2780,100,278000,12:43:35
2780,400,1112000,12:43:35
2780,100,278000,12:43:35
2781,100,278100,12:43:34
2781,100,278100,12:43:34
2781,100,278100,12:43:32
2781,100,278100,12:43:32
2781,700,1946700,12:43:32
2781,900,2502900,12:43:32
2781,1600,4449600,12:43:32
2781,100,278100,12:43:32
2781,1600,4449600,12:43:31
2783,300,834900,12:43:30
2782,200,556400,12:43:30
2782,1400,3894800,12:43:26
2784,200,556800,12:43:25
2784,100,278400,12:43:25
2783,100,278300,12:43:25
2784,700,1948800,12:43:25
2783,100,278300,12:43:23
2783,100,278300,12:43:22
2784,100,278400,12:43:22
2784,100,278400,12:43:22
2784,200,556800,12:43:22
2783,300,834900,12:43:22
2784,200,556800,12:43:22
2783,900,2504700,12:43:22
2784,100,278400,12:43:22
2784,100,278400,12:43:22
2783,3100,8627300,12:43:22
2783,100,278300,12:43:22
2783,200,556600,12:43:20
2783,100,278300,12:43:20
2783,300,834900,12:43:20
2783,200,556600,12:43:20
2784,100,278400,12:43:20
2783,1500,4174500,12:43:20
2784,500,1392000,12:43:20
2784,100,278400,12:43:18
2784,100,278400,12:43:09
2783,200,556600,12:43:03
2785,800,2228000,12:43:03
2784,100,278400,12:43:03
2783,100,278300,12:43:03
2784,100,278400,12:43:02
2783,700,1948100,12:43:02
2783,600,1669800,12:43:02
2783,100,278300,12:42:58
2785,100,278500,12:42:58
2784,200,556800,12:42:58
2784,100,278400,12:42:57
2784,100,278400,12:42:54
2784,100,278400,12:42:54
2784,400,1113600,12:42:53
2783,1500,4174500,12:42:53
2784,300,835200,12:42:53
2784,100,278400,12:42:52
2785,200,557000,12:42:50
2786,400,1114400,12:42:50
2785,1400,3899000,12:42:48
2786,200,557200,12:42:48
2786,100,278600,12:42:48
2786,100,278600,12:42:45
2786,100,278600,12:42:44
2786,100,278600,12:42:44
2786,100,278600,12:42:43
2788,200,557600,12:42:43
2787,300,836100,12:42:43
2787,100,278700,12:42:43
2787,100,278700,12:42:41
2786,400,1114400,12:42:40
2787,100,278700,12:42:40
2787,300,836100,12:42:40
2789,400,1115600,12:42:40
2788,900,2509200,12:42:40
2787,100,278700,12:42:40
2787,100,278700,12:42:40
2787,500,1393500,12:42:40
2789,200,557800,12:42:40
2788,200,557600,12:42:40
2787,200,557400,12:42:36
2787,100,278700,12:42:36
2787,100,278700,12:42:30
2787,300,836100,12:42:30
2786,100,278600,12:42:30
2786,600,1671600,12:42:30
2784,100,278400,12:42:30
2785,1000,2785000,12:42:30
2784,100,278400,12:42:30
2784,300,835200,12:42:28
2784,800,2227200,12:42:28
2785,200,557000,12:42:24
2785,100,278500,12:42:19
2784,100,278400,12:42:15
2785,200,557000,12:42:15
2785,100,278500,12:42:15
2784,300,835200,12:42:13
2785,100,278500,12:42:10
2785,400,1114000,12:42:10
2785,500,1392500,12:41:59
2785,300,835500,12:41:59
2784,100,278400,12:41:57
2784,100,278400,12:41:57
2784,100,278400,12:41:57
2783,300,834900,12:41:57
2784,700,1948800,12:41:57
2783,100,278300,12:41:57
2783,100,278300,12:41:56
2783,100,278300,12:41:54
2783,200,556600,12:41:54
2783,100,278300,12:41:51
2784,100,278400,12:41:50
2784,100,278400,12:41:46
2784,200,556800,12:41:46
2784,100,278400,12:41:45
2784,100,278400,12:41:44
2784,100,278400,12:41:41
2782,300,834600,12:41:41
2783,400,1113200,12:41:41
2783,100,278300,12:41:41
2783,300,834900,12:41:41
2784,100,278400,12:41:39
2785,500,1392500,12:41:39
2784,100,278400,12:41:39
2783,500,1391500,12:41:39
2784,100,278400,12:41:39
2784,300,835200,12:41:39
2783,400,1113200,12:41:38
2784,300,835200,12:41:38
2784,200,556800,12:41:38
2784,100,278400,12:41:38
2783,400,1113200,12:41:38
2784,500,1392000,12:41:38
2784,100,278400,12:41:37
2785,2800,7798000,12:41:37
2786,100,278600,12:41:36
2786,100,278600,12:41:36
2786,100,278600,12:41:36
2786,100,278600,12:41:36
2785,100,278500,12:41:36
2786,100,278600,12:41:32
2786,100,278600,12:41:32
2786,100,278600,12:41:32
2789,200,557800,12:41:30
2789,100,278900,12:41:30
2791,500,1395500,12:41:30
2790,200,558000,12:41:30
2789,500,1394500,12:41:30
2790,300,837000,12:41:26
2788,100,278800,12:41:26
2788,100,278800,12:41:26
2789,200,557800,12:41:26
2789,100,278900,12:41:26
2789,200,557800,12:41:25
2789,100,278900,12:41:25
2789,100,278900,12:41:25
2790,200,558000,12:41:25
2789,500,1394500,12:41:25
2787,300,836100,12:41:24
2788,200,557600,12:41:24
2787,1700,4737900,12:41:24
2788,100,278800,12:41:24
2788,100,278800,12:41:24
2788,100,278800,12:41:24
2788,100,278800,12:41:24
2788,400,1115200,12:41:24
2788,100,278800,12:41:23
2788,100,278800,12:41:23
2788,100,278800,12:41:23
2788,100,278800,12:41:23
2788,300,836400,12:41:23
2788,300,836400,12:41:23
2788,100,278800,12:41:23
2788,400,1115200,12:41:23
2788,1900,5297200,12:41:23
2788,500,1394000,12:41:23
2788,100,278800,12:41:22
2789,900,2510100,12:41:22
2789,100,278900,12:41:22
2789,100,278900,12:41:22
2790,300,837000,12:41:21
2790,100,279000,12:41:21
2790,600,1674000,12:41:21
2790,5000,13950000,12:41:21
2791,700,1953700,12:41:21
2792,100,279200,12:41:21
2792,300,837600,12:41:21
2792,200,558400,12:41:21
2792,100,279200,12:41:21
2791,100,279100,12:41:21
2791,100,279100,12:41:21
2791,100,279100,12:41:21
2790,1300,3627000,12:41:21
2791,200,558200,12:41:21
2792,300,837600,12:41:21
2791,400,1116400,12:41:21
2790,200,558000,12:41:21
2790,700,1953000,12:41:21
2790,100,279000,12:41:21
2790,100,279000,12:41:21
2791,900,2511900,12:41:21
2791,200,558200,12:41:21
2791,100,279100,12:41:21
2792,1000,2792000,12:41:21
2792,100,279200,12:41:21
2793,1100,3072300,12:41:21
2794,300,838200,12:41:21
2795,1500,4192500,12:41:21
2795,4100,11459500,12:41:21
2796,400,1118400,12:41:20
2796,700,1957200,12:41:19
2798,300,839400,12:41:19
2797,700,1957900,12:41:19
2797,300,839100,12:41:15
2797,200,559400,12:41:15
2798,400,1119200,12:41:15
2800,600,1680000,12:41:10
2800,100,280000,12:41:07
2799,200,559800,12:41:04
2799,200,559800,12:41:04
2800,2300,6440000,12:41:00
2801,100,280100,12:41:00
2801,100,280100,12:40:57
2801,100,280100,12:40:55
2801,200,560200,12:40:53
2802,200,560400,12:40:47
2801,100,280100,12:40:39
2800,100,280000,12:40:38
2800,200,560000,12:40:37
2801,300,840300,12:40:35
2801,800,2240800,12:40:35
2801,100,280100,12:40:35
2802,300,840600,12:40:35
2803,200,560600,12:40:33
2805,200,561000,12:40:30
2805,100,280500,12:40:26
2806,100,280600,12:40:26
2807,100,280700,12:40:24
2808,700,1965600,12:40:23
2807,1000,2807000,12:40:23
2805,100,280500,12:40:22
2805,500,1402500,12:40:20
2806,100,280600,12:40:20
2806,100,280600,12:40:16
2806,200,561200,12:40:15
2806,600,1683600,12:40:15
2806,100,280600,12:40:15
2805,100,280500,12:40:13
2805,200,561000,12:40:13
2804,200,560800,12:40:12
2804,100,280400,12:40:12
2802,200,560400,12:40:10
2803,200,560600,12:40:10
2804,100,280400,12:40:07
2803,100,280300,12:40:03
2803,700,1962100,12:39:59
2804,600,1682400,12:39:59
2803,200,560600,12:39:56
2803,100,280300,12:39:55
2803,100,280300,12:39:55
2803,400,1121200,12:39:55
2803,500,1401500,12:39:44
2802,200,560400,12:39:44
2800,200,560000,12:39:44
2801,100,280100,12:39:44
2802,900,2521800,12:39:44
2804,200,560800,12:39:43
2804,500,1402000,12:39:43
2803,300,840900,12:39:42
2803,100,280300,12:39:42
2802,500,1401000,12:39:36
2802,300,840600,12:39:36
2802,100,280200,12:39:36
2801,100,280100,12:39:35
2800,100,280000,12:39:33
2800,800,2240000,12:39:22
2799,200,559800,12:39:20
2798,100,279800,12:39:18
2798,200,559600,12:39:18
2799,800,2239200,12:39:18
2799,400,1119600,12:39:18
2799,400,1119600,12:39:18
2798,100,279800,12:39:17
2799,500,1399500,12:39:17
2798,300,839400,12:39:17
2799,100,279900,12:39:12
2798,100,279800,12:39:10
2797,400,1118800,12:39:10
2794,100,279400,12:39:07
2795,100,279500,12:39:07
2795,300,838500,12:39:07
2794,100,279400,12:39:07
2793,100,279300,12:39:07
2792,100,279200,12:39:04
2793,1200,3351600,12:39:04
2794,500,1397000,12:39:02
2796,100,279600,12:39:02
2795,300,838500,12:39:02
2796,200,559200,12:39:02
2798,400,1119200,12:39:01
2797,500,1398500,12:39:01
2796,100,279600,12:39:01
2795,100,279500,12:39:01
2795,200,559000,12:39:01
2795,100,279500,12:39:01
2795,1300,3633500,12:39:01
2797,400,1118800,12:39:01
2797,100,279700,12:39:00
2797,200,559400,12:39:00
2798,100,279800,12:39:00
2799,100,279900,12:38:48
2799,800,2239200,12:38:48
2798,100,279800,12:38:48
2798,1400,3917200,12:38:48
2797,300,839100,12:38:48
2795,800,2236000,12:38:48
2796,1000,2796000,12:38:48
2797,100,279700,12:38:48
2795,300,838500,12:38:46
2798,1100,3077800,12:38:45
2797,900,2517300,12:38:45
2796,100,279600,12:38:45
2797,100,279700,12:38:43
2796,100,279600,12:38:42
2798,100,279800,12:38:41
2796,1400,3914400,12:38:41
2795,1500,4192500,12:38:40
2795,100,279500,12:38:40
2795,100,279500,12:38:39
2796,1000,2796000,12:38:38
2797,300,839100,12:38:38
2798,700,1958600,12:38:38
2799,600,1679400,12:38:38
2800,900,2520000,12:38:38
2800,200,560000,12:38:38
2800,2500,7000000,12:38:38
2801,700,1960700,12:38:38
2802,300,840600,12:38:38
2802,200,560400,12:38:37
2802,100,280200,12:38:37
2802,300,840600,12:38:37
2803,400,1121200,12:38:37
2803,400,1121200,12:38:37
2804,1900,5327600,12:38:37
2805,1700,4768500,12:38:37
2806,600,1683600,12:38:37
2806,100,280600,12:38:30
2806,200,561200,12:38:30
2807,200,561400,12:38:30
2807,100,280700,12:38:30
2808,100,280800,12:38:24
2807,100,280700,12:38:19
2807,100,280700,12:38:19
2806,200,561200,12:38:16
2807,100,280700,12:38:15
2808,300,842400,12:38:13
2808,400,1123200,12:38:10
2810,400,1124000,12:38:07
2810,100,281000,12:38:06
2810,200,562000,12:38:05
2810,200,562000,12:38:01
2810,500,1405000,12:38:01
2809,500,1404500,12:38:01
2808,200,561600,12:38:01
2809,100,280900,12:38:00
2809,100,280900,12:38:00
2809,100,280900,12:38:00
2810,100,281000,12:38:00
2810,200,562000,12:38:00
2810,1100,3091000,12:38:00
2809,800,2247200,12:38:00
2809,1100,3089900,12:38:00
2808,600,1684800,12:38:00
2807,100,280700,12:37:53
2806,100,280600,12:37:48
2807,100,280700,12:37:44
2807,100,280700,12:37:44
2807,100,280700,12:37:42
2807,100,280700,12:37:42
2807,100,280700,12:37:39
2807,300,842100,12:37:39
2807,100,280700,12:37:34
2807,300,842100,12:37:34
2806,200,561200,12:37:31
2806,700,1964200,12:37:31
2805,400,1122000,12:37:30
2805,100,280500,12:37:27
2805,100,280500,12:37:26
2805,100,280500,12:37:25
2805,300,841500,12:37:20
2804,100,280400,12:37:18
2806,300,841800,12:37:12
2805,300,841500,12:37:12
2804,100,280400,12:37:09
2805,800,2244000,12:37:00
2806,100,280600,12:36:52
2804,800,2243200,12:36:51
2805,800,2244000,12:36:50
2804,100,280400,12:36:48
2804,100,280400,12:36:48
2804,100,280400,12:36:48
2804,700,1962800,12:36:42
2804,100,280400,12:36:42
2803,200,560600,12:36:41
2802,100,280200,12:36:37
2803,400,1121200,12:36:35
2802,100,280200,12:36:35
2801,300,840300,12:36:35
2802,200,560400,12:36:35
2802,200,560400,12:36:34
2802,200,560400,12:36:34
2802,200,560400,12:36:32
2803,100,280300,12:36:31
2803,300,840900,12:36:27
2803,100,280300,12:36:21
2803,100,280300,12:36:21
2803,100,280300,12:36:19
2803,300,840900,12:36:18
2804,500,1402000,12:36:18
2804,200,560800,12:36:18
2804,200,560800,12:36:18
2803,300,840900,12:36:17
2803,100,280300,12:36:15
2803,700,1962100,12:36:12
2801,200,560200,12:36:12
2802,500,1401000,12:36:12
2802,100,280200,12:36:10
2802,800,2241600,12:36:10
2803,300,840900,12:36:10
2805,400,1122000,12:36:07
2805,700,1963500,12:36:07
2806,100,280600,12:36:07
2806,500,1403000,12:36:06
2806,100,280600,12:36:04
2806,100,280600,12:36:04
2805,100,280500,12:35:59
2805,100,280500,12:35:59
2805,200,561000,12:35:54
2807,100,280700,12:35:54
2806,100,280600,12:35:53
2808,100,280800,12:35:53
2807,400,1122800,12:35:52
2807,200,561400,12:35:52
2807,100,280700,12:35:52
2808,600,1684800,12:35:50
2809,100,280900,12:35:48
2809,100,280900,12:35:45
2809,1100,3089900,12:35:41
2809,100,280900,12:35:39
2808,100,280800,12:35:37
2808,100,280800,12:35:35
2808,200,561600,12:35:35
2808,100,280800,12:35:25
2808,100,280800,12:35:25
2808,100,280800,12:35:25
2808,100,280800,12:35:25
2809,300,842700,12:35:25
2807,100,280700,12:35:25
2808,1200,3369600,12:35:25
2807,500,1403500,12:35:25
2807,100,280700,12:35:23
2807,200,561400,12:35:16
2807,100,280700,12:35:11
2806,100,280600,12:35:09
2806,200,561200,12:35:09
2806,200,561200,12:35:08
2806,300,841800,12:35:08
2806,100,280600,12:35:07
2806,200,561200,12:35:06
2807,600,1684200,12:35:05
2808,500,1404000,12:35:05
2809,200,561800,12:35:02
2808,100,280800,12:35:02
2810,100,281000,12:35:00
2809,100,280900,12:35:00
2809,100,280900,12:34:57
2810,100,281000,12:34:55
2809,100,280900,12:34:53
2808,100,280800,12:34:53
2809,200,561800,12:34:52
2809,400,1123600,12:34:52
2810,200,562000,12:34:51
2810,100,281000,12:34:50
2810,200,562000,12:34:50
2809,100,280900,12:34:47
2809,100,280900,12:34:47
2809,200,561800,12:34:47
2809,100,280900,12:34:47
2809,100,280900,12:34:47
2809,100,280900,12:34:47
2809,200,561800,12:34:42
2809,100,280900,12:34:42
2809,100,280900,12:34:41
2809,100,280900,12:34:40
2808,200,561600,12:34:40
2808,100,280800,12:34:37
2809,200,561800,12:34:37
2809,100,280900,12:34:36
2808,1300,3650400,12:34:35
2807,100,280700,12:34:35
2807,100,280700,12:34:30
2806,200,561200,12:34:29
2806,200,561200,12:34:29
2805,500,1402500,12:34:29
2806,600,1683600,12:34:29
2807,200,561400,12:34:29
2806,100,280600,12:34:29
2805,100,280500,12:34:28
2804,500,1402000,12:34:28
2804,100,280400,12:34:28
2805,100,280500,12:34:22
2806,200,561200,12:34:21
2805,1100,3085500,12:34:21
2806,500,1403000,12:34:21
2806,300,841800,12:34:21
2807,300,842100,12:34:21
2806,300,841800,12:34:21
2807,300,842100,12:34:21
2808,300,842400,12:34:21
2808,100,280800,12:34:18
2808,100,280800,12:34:14
2809,300,842700,12:34:14
2810,700,1967000,12:34:12
2811,100,281100,12:34:11
2811,100,281100,12:34:10
2811,100,281100,12:34:08
2811,100,281100,12:34:08
2811,100,281100,12:34:08
2811,200,562200,12:34:08
2811,600,1686600,12:34:06
2812,400,1124800,12:34:06
2813,100,281300,12:34:06
2813,100,281300,12:34:06
2813,500,1406500,12:34:05
2814,300,844200,12:34:05
2813,100,281300,12:34:05
2814,300,844200,12:34:05
2816,200,563200,12:34:03
2815,100,281500,12:34:02
2814,100,281400,12:34:02
2816,100,281600,12:34:01
2813,400,1125200,12:33:58
2814,100,281400,12:33:57
2812,300,843600,12:33:57
2814,500,1407000,12:33:56
2815,200,563000,12:33:56
2816,100,281600,12:33:56
2815,1400,3941000,12:33:56
2813,200,562600,12:33:56
2811,400,1124400,12:33:56
2812,300,843600,12:33:56
2811,200,562200,12:33:52
2811,100,281100,12:33:51
2811,500,1405500,12:33:50
2811,100,281100,12:33:50
2812,100,281200,12:33:50
2812,100,281200,12:33:49
2812,200,562400,12:33:45
2812,100,281200,12:33:45
2812,400,1124800,12:33:45
2812,200,562400,12:33:45
2813,100,281300,12:33:43
2814,700,1969800,12:33:43
2813,200,562600,12:33:43
2814,100,281400,12:33:41
2814,100,281400,12:33:41
2813,100,281300,12:33:40
2813,100,281300,12:33:40
2813,500,1406500,12:33:40
2814,500,1407000,12:33:40
2813,500,1406500,12:33:40
2813,100,281300,12:33:40
2811,500,1405500,12:33:40
2812,100,281200,12:33:40
2812,100,281200,12:33:40
2811,200,562200,12:33:38
2811,200,562200,12:33:38
2809,100,280900,12:33:37
2809,100,280900,12:33:37
2810,1600,4496000,12:33:37
2810,100,281000,12:33:37
2810,500,1405000,12:33:37
2811,300,843300,12:33:37
2810,600,1686000,12:33:37
2809,500,1404500,12:33:37
2808,800,2246400,12:33:37
2807,500,1403500,12:33:37
2806,2500,7015000,12:33:37
2805,600,1683000,12:33:37
2803,100,280300,12:33:36
2804,100,280400,12:33:34
2804,100,280400,12:33:34
2803,100,280300,12:33:34
2803,200,560600,12:33:34
2803,100,280300,12:33:33
2805,100,280500,12:33:32
2804,200,560800,12:33:32
2804,100,280400,12:33:31
2804,100,280400,12:33:31
2802,100,280200,12:33:30
2803,100,280300,12:33:30
2804,100,280400,12:33:30
2803,200,560600,12:33:30
2803,200,560600,12:33:30
2805,100,280500,12:33:29
2805,200,561000,12:33:29
2805,400,1122000,12:33:29
2804,100,280400,12:33:28
2805,300,841500,12:33:28
2804,400,1121600,12:33:28
2803,100,280300,12:33:28
2803,500,1401500,12:33:28
2805,100,280500,12:33:27
2804,300,841200,12:33:27
2805,100,280500,12:33:26
2805,100,280500,12:33:24
2805,200,561000,12:33:24
2804,300,841200,12:33:23
2803,300,840900,12:33:22
2805,100,280500,12:33:22
2805,100,280500,12:33:22
2804,400,1121600,12:33:22
2804,100,280400,12:33:21
2803,100,280300,12:33:19
2804,1000,2804000,12:33:19
2803,200,560600,12:33:18
2804,300,841200,12:33:18
2804,100,280400,12:33:16
2803,100,280300,12:33:16
2802,100,280200,12:33:16
2803,100,280300,12:33:14
2802,100,280200,12:33:12
2801,100,280100,12:33:10
2801,400,1120400,12:33:10
2802,100,280200,12:33:10
2803,100,280300,12:33:09
2803,100,280300,12:33:09
2802,300,840600,12:33:09
2802,200,560400,12:33:08
2801,100,280100,12:33:08
2800,500,1400000,12:33:06
2802,100,280200,12:33:06
2801,300,840300,12:33:05
2800,500,1400000,12:33:05
2801,200,560200,12:33:05
2801,100,280100,12:33:05
2801,100,280100,12:33:05
2800,300,840000,12:33:05
2801,200,560200,12:33:05
2800,100,280000,12:33:05
2801,100,280100,12:33:05
2800,1100,3080000,12:33:05
2800,4900,13720000,12:33:05
2799,100,279900,12:33:05
2799,1000,2799000,12:33:05
2798,900,2518200,12:33:05
2797,100,279700,12:33:05
2796,800,2236800,12:33:05
2796,100,279600,12:33:05
2796,300,838800,12:33:05
2797,100,279700,12:33:04
2796,100,279600,12:33:04
2795,100,279500,12:33:01
2795,100,279500,12:33:00
2795,100,279500,12:32:59
2795,200,559000,12:32:59
2796,100,279600,12:32:51
2797,100,279700,12:32:51
2795,100,279500,12:32:49
2795,200,559000,12:32:49
2795,100,279500,12:32:48
2796,800,2236800,12:32:48
2797,100,279700,12:32:47
2797,700,1957900,12:32:44
2796,200,559200,12:32:44
2796,500,1398000,12:32:44
2796,100,279600,12:32:39
2795,100,279500,12:32:37
2795,100,279500,12:32:37
2795,200,559000,12:32:37
2794,100,279400,12:32:37
2794,100,279400,12:32:37
2793,200,558600,12:32:36
2792,600,1675200,12:32:31
2792,200,558400,12:32:31
2792,100,279200,12:32:30
2793,1600,4468800,12:32:30
2793,500,1396500,12:32:30
2794,200,558800,12:32:29
2795,100,279500,12:32:28
2795,100,279500,12:32:28
2795,100,279500,12:32:27
2796,100,279600,12:32:26
2795,100,279500,12:32:26
2795,100,279500,12:32:23
2796,100,279600,12:32:21
2795,1000,2795000,12:32:20
2796,100,279600,12:32:19
2796,200,559200,12:32:18
2796,400,1118400,12:32:17
2797,100,279700,12:32:17
2797,200,559400,12:32:15
2797,200,559400,12:32:15
2797,400,1118800,12:32:15
2798,100,279800,12:32:13
2798,200,559600,12:32:13
2798,400,1119200,12:32:11
2800,100,280000,12:32:11
2799,300,839700,12:32:11
2798,100,279800,12:32:11
2797,800,2237600,12:32:10
2796,100,279600,12:32:08
2797,100,279700,12:32:08
2797,100,279700,12:32:08
2797,200,559400,12:32:07
2798,100,279800,12:32:06
2797,100,279700,12:32:06
2797,100,279700,12:32:05
2797,100,279700,12:32:05
2797,500,1398500,12:32:04
2798,100,279800,12:32:04
2798,100,279800,12:32:04
2798,100,279800,12:32:04
2798,1200,3357600,12:32:04
2800,100,280000,12:32:03
2799,200,559800,12:32:02
2799,100,279900,12:32:02
2798,400,1119200,12:32:00
2798,100,279800,12:31:59
2798,200,559600,12:31:57
2796,100,279600,12:31:55
2798,4000,11192000,12:31:53
2798,1100,3077800,12:31:53
2796,800,2236800,12:31:51
2795,100,279500,12:31:51
2794,100,279400,12:31:51
2795,100,279500,12:31:47
2795,400,1118000,12:31:47
2795,100,279500,12:31:47
2794,800,2235200,12:31:46
2796,100,279600,12:31:43
2796,100,279600,12:31:43
2795,100,279500,12:31:43
2794,700,1955800,12:31:43
2795,1000,2795000,12:31:43
2796,200,559200,12:31:43
2797,100,279700,12:31:43
2797,100,279700,12:31:42
2798,400,1119200,12:31:40
2796,100,279600,12:31:39
2796,200,559200,12:31:39
2798,100,279800,12:31:38
2799,200,559800,12:31:37
2800,400,1120000,12:31:37
2800,100,280000,12:31:36
2802,400,1120800,12:31:36
2801,400,1120400,12:31:36
2800,100,280000,12:31:36
2799,200,559800,12:31:35
2798,200,559600,12:31:35
2799,300,839700,12:31:35
2800,100,280000,12:31:35
2801,300,840300,12:31:34
2802,1400,3922800,12:31:34
2802,100,280200,12:31:34
2802,100,280200,12:31:34
2802,100,280200,12:31:34
2802,100,280200,12:31:34
2802,200,560400,12:31:34
2802,300,840600,12:31:34
2802,100,280200,12:31:34
2804,500,1402000,12:31:34
2803,200,560600,12:31:34
2802,900,2521800,12:31:34
2800,100,280000,12:31:33
2800,100,280000,12:31:31
2798,100,279800,12:31:29
2798,100,279800,12:31:29
2797,100,279700,12:31:28
2796,400,1118400,12:31:28
2795,100,279500,12:31:28
2794,300,838200,12:31:28
2794,100,279400,12:31:26
2795,300,838500,12:31:26
2795,100,279500,12:31:26
2795,100,279500,12:31:26
2795,100,279500,12:31:26
2797,300,839100,12:31:26
2795,100,279500,12:31:25
2795,100,279500,12:31:25
2795,300,838500,12:31:24
2798,400,1119200,12:31:24
2797,600,1678200,12:31:24
2796,100,279600,12:31:24
2796,100,279600,12:31:24
2796,100,279600,12:31:23
2798,200,559600,12:31:22
2797,200,559400,12:31:22
2798,200,559600,12:31:22
2798,100,279800,12:31:22
2799,200,559800,12:31:22
2798,100,279800,12:31:22
2798,100,279800,12:31:22
2798,200,559600,12:31:22
2799,200,559800,12:31:22
2799,100,279900,12:31:22
2798,100,279800,12:31:22
2800,100,280000,12:31:22
2800,100,280000,12:31:22
2798,1200,3357600,12:31:22
2800,100,280000,12:31:22
2798,1100,3077800,12:31:22
2798,100,279800,12:31:22
2799,400,1119600,12:31:22
2799,100,279900,12:31:22
2799,100,279900,12:31:22
2799,300,839700,12:31:22
2799,900,2519100,12:31:22
2800,4000,11200000,12:31:22
2800,700,1960000,12:31:22
2800,1400,3920000,12:31:22
2800,3200,8960000,12:31:22
2801,2300,6442300,12:31:22
2802,100,280200,12:31:22
2803,100,280300,12:31:22
2804,100,280400,12:31:22
2804,100,280400,12:31:21
2804,100,280400,12:31:20
2802,200,560400,12:31:19
2804,100,280400,12:31:19
2803,100,280300,12:31:19
2803,200,560600,12:31:18
2803,100,280300,12:31:18
2804,800,2243200,12:31:18
2804,200,560800,12:31:18
2805,100,280500,12:31:18
2805,100,280500,12:31:17
2804,200,560800,12:31:17
2802,100,280200,12:31:17
2804,100,280400,12:31:17
2803,200,560600,12:31:17
2805,300,841500,12:31:17
2805,500,1402500,12:31:17
2806,500,1403000,12:31:17
2808,100,280800,12:31:16
2805,700,1963500,12:31:16
2804,400,1121600,12:31:16
2803,100,280300,12:31:16
2803,600,1681800,12:31:16
2804,2400,6729600,12:31:16
2804,200,560800,12:31:15
2806,100,280600,12:31:15
2807,100,280700,12:31:15
2805,300,841500,12:31:15
2806,100,280600,12:31:15
2806,100,280600,12:31:15
2806,100,280600,12:31:14
2806,100,280600,12:31:14
2805,200,561000,12:31:14
2805,100,280500,12:31:14
2804,100,280400,12:31:14
2805,100,280500,12:31:14
2805,700,1963500,12:31:14
2805,100,280500,12:31:14
2805,100,280500,12:31:14
2806,900,2525400,12:31:14
2807,300,842100,12:31:14
2807,100,280700,12:31:14
2808,400,1123200,12:31:14
2809,100,280900,12:31:14
2809,100,280900,12:31:14
2810,1100,3091000,12:31:14
2811,100,281100,12:31:14
2811,100,281100,12:31:14
2812,1000,2812000,12:31:14
2814,1000,2814000,12:31:12
2814,100,281400,12:31:11
2815,100,281500,12:31:10
2814,300,844200,12:31:10
2816,100,281600,12:31:09
2816,100,281600,12:31:07
2815,300,844500,12:31:07
2816,600,1689600,12:31:07
2816,600,1689600,12:31:07
2817,100,281700,12:31:07
2818,100,281800,12:31:07
2817,300,845100,12:31:07
2817,100,281700,12:31:07
2816,700,1971200,12:31:07
2815,1100,3096500,12:31:07
2814,200,562800,12:31:06
2811,100,281100,12:31:05
2812,100,281200,12:31:03
2812,1000,2812000,12:31:02
2814,300,844200,12:31:02
2813,1000,2813000,12:31:02
2815,300,844500,12:31:01
2814,100,281400,12:31:01
2814,100,281400,12:31:01
2814,100,281400,12:31:01
2814,100,281400,12:31:00
2814,100,281400,12:30:52
2814,300,844200,12:30:52
2814,100,281400,12:30:52
2814,100,281400,12:30:50
2814,100,281400,12:30:46
2813,100,281300,12:30:46
2812,100,281200,12:30:46
2814,100,281400,12:30:44
2815,100,281500,12:30:44
2813,100,281300,12:30:43
2813,1200,3375600,12:30:43
2815,700,1970500,12:30:43
2815,500,1407500,12:30:43
2814,100,281400,12:30:43
2815,100,281500,12:30:40
2815,100,281500,12:30:40
2814,300,844200,12:30:38
2814,100,281400,12:30:38
2815,100,281500,12:30:35
2816,100,281600,12:30:35
2817,100,281700,12:30:32
2817,100,281700,12:30:30
2816,500,1408000,12:30:30
2817,100,281700,12:30:29
2817,600,1690200,12:30:29
2815,200,563000,12:30:28
2816,100,281600,12:30:28
2816,100,281600,12:30:28
2820,800,2256000,12:30:28
2819,1000,2819000,12:30:28
2818,1500,4227000,12:30:28
2817,300,845100,12:30:28
2816,1400,3942400,12:30:28
2815,1100,3096500,12:30:28
2814,1300,3658200,12:30:28
2813,1300,3656900,12:30:28
2813,100,281300,12:30:28
2813,400,1125200,12:30:28
2814,100,281400,12:30:28
2814,400,1125600,12:30:28
2813,1200,3375600,12:30:28
2812,200,562400,12:30:27
2811,1300,3654300,12:30:27
2812,100,281200,12:30:27
2811,400,1124400,12:30:26
2810,400,1124000,12:30:25
2809,200,561800,12:30:24
2809,400,1123600,12:30:24
2808,100,280800,12:30:22
2808,500,1404000,12:30:20
2808,100,280800,12:30:20
2809,100,280900,12:30:20
2809,200,561800,12:30:20
2810,100,281000,12:30:18
2810,1100,3091000,12:30:17
2811,400,1124400,12:30:17
2809,1000,2809000,12:30:15
2808,200,561600,12:30:15
2806,100,280600,12:30:11
2806,300,841800,12:30:10
2808,200,561600,12:30:09
2808,300,842400,12:30:09
2810,100,281000,12:30:09
2809,200,561800,12:30:08
2809,100,280900,12:30:08
2811,500,1405500,12:30:07
2810,500,1405000,12:30:07
2809,600,1685400,12:30:07
2808,500,1404000,12:30:07
2808,100,280800,12:30:07
2806,100,280600,12:30:07
2806,800,2244800,12:30:07
2805,100,280500,12:30:06
2806,500,1403000,12:30:06
2807,100,280700,12:30:06
2808,100,280800,12:30:06
2809,1000,2809000,12:30:06
2810,400,1124000,12:30:06
2811,300,843300,12:30:06
2810,200,562000,12:30:06
2810,100,281000,12:30:06
2809,100,280900,12:30:06
2808,100,280800,12:30:06
2808,200,561600,12:30:06
2807,1000,2807000,12:30:06
2805,2600,7293000,12:30:05
2806,100,280600,12:30:05
2806,200,561200,12:30:05
2807,700,1964900,12:30:05
2808,800,2246400,12:30:05
2810,100,281000,12:30:05
2810,600,1686000,12:30:05
2806,1000,2806000,12:30:04
2807,1200,3368400,12:30:04
2808,1000,2808000,12:30:04
2809,500,1404500,12:30:04
2810,700,1967000,12:30:04
2811,100,281100,12:30:04
2812,300,843600,12:30:04
2814,700,1969800,12:30:04
2813,500,1406500,12:30:04
2813,500,1406500,12:30:04
2812,300,843600,12:30:04
2811,700,1967700,12:30:04
2809,100,280900,12:30:04
2809,100,280900,12:30:02
2809,100,280900,12:30:02
2809,100,280900,12:30:02
2809,100,280900,12:30:02
2809,100,280900,12:30:02
2812,100,281200,12:30:02
2810,1900,5339000,12:30:02
2810,2000,5620000,12:30:02
2811,500,1405500,12:30:02
2812,200,562400,12:30:02
2812,400,1124800,12:30:02
2812,100,281200,12:30:02
2813,300,843900,12:30:01
2814,600,1688400,12:30:01
2814,100,281400,12:30:01
2817,100,281700,12:30:01
2817,100,281700,12:30:01
2817,100,281700,12:30:00
2816,300,844800,12:30:00
2816,100,281600,12:30:00
2812,100,281200,12:30:00
2815,100,281500,12:30:00
2815,100,281500,12:30:00
2815,100,281500,12:30:00
2815,100,281500,12:30:00
2815,100,281500,12:30:00
2813,200,562600,12:30:00
2814,100,281400,12:30:00
2817,100,281700,12:30:00
2815,1800,5067000,12:30:00
2815,3500,9852500,12:30:00
2816,300,844800,12:30:00
2817,700,1971900,12:30:00
2818,200,563600,12:30:00
2818,500,1409000,12:30:00
2819,100,281900,12:30:00
2819,200,563800,12:30:00
2820,5100,14382000,12:30:00
2821,900,2538900,12:30:00
2822,200,564400,12:30:00
2823,300,846900,12:30:00
2824,45000,127080000,12:30:00
2815,5300,14919500,11:30:00
2814,900,2532600,11:29:59
2813,100,281300,11:29:59
2811,100,281100,11:29:59
2813,300,843900,11:29:59
2813,100,281300,11:29:58
2813,100,281300,11:29:57
2812,100,281200,11:29:57
2814,400,1125600,11:29:53
2813,200,562600,11:29:53
2813,100,281300,11:29:50
2810,200,562000,11:29:50
2811,400,1124400,11:29:50
2812,500,1406000,11:29:48
2812,200,562400,11:29:48
2813,400,1125200,11:29:48
2813,100,281300,11:29:46
2813,200,562600,11:29:44
2813,100,281300,11:29:44
2813,100,281300,11:29:40
2813,100,281300,11:29:40
2813,100,281300,11:29:37
2813,100,281300,11:29:37
2814,100,281400,11:29:36
2813,100,281300,11:29:35
2812,400,1124800,11:29:34
2813,1200,3375600,11:29:32
2812,300,843600,11:29:30
2812,600,1687200,11:29:29
2811,100,281100,11:29:29
2810,100,281000,11:29:26
2812,100,281200,11:29:26
2811,2500,7027500,11:29:26
2810,400,1124000,11:29:26
2810,100,281000,11:29:25
2809,300,842700,11:29:25
2810,100,281000,11:29:25
2810,100,281000,11:29:20
2809,100,280900,11:29:14
2810,100,281000,11:29:12
2810,100,281000,11:29:11
2811,900,2529900,11:28:58
2810,1600,4496000,11:28:58
2809,500,1404500,11:28:58
2808,100,280800,11:28:51
2808,100,280800,11:28:48
2808,100,280800,11:28:41
2807,100,280700,11:28:39
2807,100,280700,11:28:34
2806,200,561200,11:28:33
2807,1200,3368400,11:28:29
2806,100,280600,11:28:29
2805,100,280500,11:28:28
2806,1600,4489600,11:28:28
2806,400,1122400,11:28:28
2806,100,280600,11:28:28
2806,400,1122400,11:28:24
2805,100,280500,11:28:20
2805,100,280500,11:28:20
2806,400,1122400,11:28:12
2806,100,280600,11:28:05
2807,100,280700,11:28:00
2806,1000,2806000,11:27:57
2806,100,280600,11:27:57
2806,800,2244800,11:27:57
2806,100,280600,11:27:57
2807,100,280700,11:27:48
2807,100,280700,11:27:47
2807,200,561400,11:27:45
2806,100,280600,11:27:45
2807,300,842100,11:27:39
2807,100,280700,11:27:39
2807,100,280700,11:27:33
2808,100,280800,11:27:33
2808,1200,3369600,11:27:33
2807,100,280700,11:27:33
2807,100,280700,11:27:33
2807,300,842100,11:27:33
2806,100,280600,11:27:26
2807,100,280700,11:27:22
2808,200,561600,11:27:22
2807,100,280700,11:27:18
2808,100,280800,11:27:15
2807,100,280700,11:27:14
2807,100,280700,11:27:14
2806,200,561200,11:27:14
2806,100,280600,11:27:11
2808,100,280800,11:27:11
2807,200,561400,11:27:10
2806,100,280600,11:27:10
2808,100,280800,11:27:04
2807,100,280700,11:27:00
2809,100,280900,11:26:59
2810,200,562000,11:26:58
2810,200,562000,11:26:58
2810,300,843000,11:26:58
2810,300,843000,11:26:55
2810,2500,7025000,11:26:55
2809,100,280900,11:26:50
2810,1200,3372000,11:26:48
2809,800,2247200,11:26:48
2808,100,280800,11:26:48
2809,100,280900,11:26:48
2809,1100,3089900,11:26:48
2809,100,280900,11:26:34
2810,100,281000,11:26:29
2808,100,280800,11:26:29
2810,1600,4496000,11:26:29
2809,700,1966300,11:26:29
2807,100,280700,11:26:20
2807,300,842100,11:26:12
2808,400,1123200,11:26:05
2807,300,842100,11:26:04
2806,100,280600,11:26:04
2806,500,1403000,11:25:59
2805,100,280500,11:25:58
2806,300,841800,11:25:57
2805,100,280500,11:25:55
2806,200,561200,11:25:46
2805,100,280500,11:25:39
2803,300,840900,11:25:39
2804,300,841200,11:25:39
2805,300,841500,11:25:39
2806,100,280600,11:25:37
2806,100,280600,11:25:28
2806,100,280600,11:25:21
2804,200,560800,11:25:19
2805,100,280500,11:25:16
2805,100,280500,11:25:16
2805,100,280500,11:25:10
2805,400,1122000,11:25:09
2805,100,280500,11:25:04
2805,200,561000,11:25:04
2805,200,561000,11:25:04
2805,100,280500,11:25:02
2805,100,280500,11:24:59
2807,100,280700,11:24:58
2806,400,1122400,11:24:58
2805,200,561000,11:24:50
2805,400,1122000,11:24:50
2805,300,841500,11:24:48
2805,100,280500,11:24:48
2805,100,280500,11:24:41
2806,100,280600,11:24:41
2805,200,561000,11:24:37
2806,100,280600,11:24:37
2807,100,280700,11:24:33
2806,200,561200,11:24:31
2806,100,280600,11:24:30
2805,100,280500,11:24:28
2805,100,280500,11:24:19
2805,100,280500,11:24:15
2801,100,280100,11:24:14
2802,400,1120800,11:24:14
2803,100,280300,11:24:14
2805,200,561000,11:24:11
2805,100,280500,11:24:11
2804,100,280400,11:24:10
2804,200,560800,11:24:10
2805,100,280500,11:24:08
2804,400,1121600,11:24:03
2805,100,280500,11:23:58
2804,400,1121600,11:23:57
2805,100,280500,11:23:57
2806,200,561200,11:23:56
2806,200,561200,11:23:56
2807,100,280700,11:23:56
2802,700,1961400,11:23:56
2803,1500,4204500,11:23:56
2804,1800,5047200,11:23:56
2805,1400,3927000,11:23:56
2806,800,2244800,11:23:56
2807,300,842100,11:23:56
2808,100,280800,11:23:56
2808,1000,2808000,11:23:56
2808,200,561600,11:23:56
2808,100,280800,11:23:52
2810,100,281000,11:23:50
2810,100,281000,11:23:49
2810,100,281000,11:23:47
2810,100,281000,11:23:43
2810,300,843000,11:23:39
2809,100,280900,11:23:29
2809,100,280900,11:23:29
2809,100,280900,11:23:29
2810,300,843000,11:23:29
2810,100,281000,11:23:29
2810,700,1967000,11:23:28
2809,100,280900,11:23:25
2808,200,561600,11:23:23
2810,300,843000,11:23:20
2810,100,281000,11:23:12
2810,100,281000,11:23:06
2811,100,281100,11:23:04
2810,100,281000,11:23:04
2808,200,561600,11:23:01
2810,100,281000,11:23:00
2810,100,281000,11:23:00
2809,200,561800,11:23:00
2809,200,561800,11:22:58
2810,300,843000,11:22:58
2810,100,281000,11:22:58
2809,500,1404500,11:22:56
2807,300,842100,11:22:53
2806,100,280600,11:22:44
2806,100,280600,11:22:44
2806,100,280600,11:22:40
2806,100,280600,11:22:40
2806,100,280600,11:22:40
2807,200,561400,11:22:34
2808,800,2246400,11:22:34
2808,1800,5054400,11:22:31
2806,100,280600,11:22:31
2807,300,842100,11:22:30
2807,100,280700,11:22:30
2808,100,280800,11:22:29
2808,100,280800,11:22:27
2808,300,842400,11:22:20
2808,200,561600,11:22:17
2808,100,280800,11:22:17
2808,500,1404000,11:22:15
2808,500,1404000,11:22:08
2809,100,280900,11:22:08
2809,100,280900,11:22:02
2809,100,280900,11:22:02
2808,100,280800,11:21:58
2808,100,280800,11:21:54
2808,100,280800,11:21:54
2807,100,280700,11:21:49
2807,100,280700,11:21:49
2807,100,280700,11:21:47
2807,200,561400,11:21:44
2808,200,561600,11:21:44
2808,100,280800,11:21:44
2810,200,562000,11:21:42
2809,300,842700,11:21:42
2809,100,280900,11:21:41
2810,100,281000,11:21:39
2809,200,561800,11:21:39
2809,100,280900,11:21:38
2809,100,280900,11:21:37
2808,600,1684800,11:21:33
2809,200,561800,11:21:33
2810,100,281000,11:21:31
2809,100,280900,11:21:30
2809,300,842700,11:21:30
2810,200,562000,11:21:30
2810,200,562000,11:21:30
2811,100,281100,11:21:30
2810,1900,5339000,11:21:30
2810,800,2248000,11:21:30
2810,200,562000,11:21:30
2810,700,1967000,11:21:30
2810,100,281000,11:21:29
2810,100,281000,11:21:29
2809,2700,7584300,11:21:29
2809,100,280900,11:21:29
2808,2500,7020000,11:21:29
2808,100,280800,11:21:29
2808,100,280800,11:21:29
2807,100,280700,11:21:27
2807,100,280700,11:21:22
2807,100,280700,11:21:22
2806,1500,4209000,11:21:18
2806,100,280600,11:21:18
2805,100,280500,11:21:10
2805,200,561000,11:21:02
2804,700,1962800,11:21:00
2804,100,280400,11:20:57
2801,400,1120400,11:20:48
2802,100,280200,11:20:48
2802,100,280200,11:20:48
2802,100,280200,11:20:46
2802,100,280200,11:20:46
2803,100,280300,11:20:44
2803,200,560600,11:20:36
2804,200,560800,11:20:34
2804,100,280400,11:20:31
2804,100,280400,11:20:31
2804,300,841200,11:20:24
2803,100,280300,11:20:21
2803,400,1121200,11:20:21
2805,100,280500,11:20:21
2804,200,560800,11:20:21
2805,300,841500,11:20:21
2806,900,2525400,11:20:21
2807,100,280700,11:20:20
2807,100,280700,11:20:08
2807,200,561400,11:20:06
2806,100,280600,11:20:04
2806,100,280600,11:19:59
2808,100,280800,11:19:56
2806,300,841800,11:19:50
2805,800,2244000,11:19:50
2806,800,2244800,11:19:50
2807,300,842100,11:19:50
2807,400,1122800,11:19:39
2807,100,280700,11:19:39
2807,100,280700,11:19:39
2807,100,280700,11:19:39
2807,100,280700,11:19:39
2807,100,280700,11:19:39
2807,100,280700,11:19:39
2807,100,280700,11:19:39
2807,1200,3368400,11:19:39
2807,500,1403500,11:19:39
2807,300,842100,11:19:39
2807,100,280700,11:19:39
2806,100,280600,11:19:32
2806,200,561200,11:19:32
2805,100,280500,11:19:30
2805,100,280500,11:19:18
2805,100,280500,11:19:18
2805,100,280500,11:19:17
2806,100,280600,11:19:15
2806,100,280600,11:19:15
2805,200,561000,11:19:12
2807,300,842100,11:19:12
2806,200,561200,11:19:11
2806,100,280600,11:19:10
2805,100,280500,11:19:09
2805,100,280500,11:19:06
2803,100,280300,11:18:59
2803,200,560600,11:18:59
2803,100,280300,11:18:58
2804,500,1402000,11:18:56
2805,400,1122000,11:18:56
2806,100,280600,11:18:56
2806,100,280600,11:18:56
2806,100,280600,11:18:56
2806,100,280600,11:18:56
2805,2000,5610000,11:18:56
2804,300,841200,11:18:55
2804,3000,8412000,11:18:55
2803,2200,6166600,11:18:55
2802,100,280200,11:18:55
2802,800,2241600,11:18:55
2801,200,560200,11:18:55
2801,400,1120400,11:18:55
2801,1100,3081100,11:18:55
2800,4700,13160000,11:18:55
2799,100,279900,11:18:42
2799,200,559800,11:18:41
2799,200,559800,11:18:41
2799,100,279900,11:18:31
2799,100,279900,11:18:30
2800,100,280000,11:18:25
2799,200,559800,11:18:20
2800,100,280000,11:18:11
2801,200,560200,11:18:06
2800,100,280000,11:18:06
2800,100,280000,11:18:05
2799,100,279900,11:18:02
2800,200,560000,11:18:02
2800,100,280000,11:18:01
2802,100,280200,11:17:57
2801,100,280100,11:17:57
2801,300,840300,11:17:56
2800,100,280000,11:17:41
2802,100,280200,11:17:40
2802,200,560400,11:17:34
2803,100,280300,11:17:29
2803,100,280300,11:17:26
2803,200,560600,11:17:24
2802,100,280200,11:17:18
2801,100,280100,11:17:16
2801,100,280100,11:17:15
2801,100,280100,11:17:15
2801,100,280100,11:17:15
2801,400,1120400,11:17:15
2802,100,280200,11:17:15
2802,900,2521800,11:17:15
2801,500,1400500,11:17:15
2800,1200,3360000,11:17:14
2799,500,1399500,11:17:14
2798,300,839400,11:17:14
2797,400,1118800,11:17:14
2797,200,559400,11:17:14
2796,200,559200,11:17:13
2795,500,1397500,11:17:13
2796,100,279600,11:17:13
2796,100,279600,11:17:06
2796,200,559200,11:17:00
2796,300,838800,11:16:59
2797,500,1398500,11:16:58
2798,200,559600,11:16:56
2799,200,559800,11:16:50
2800,100,280000,11:16:49
2800,100,280000,11:16:41
2801,300,840300,11:16:36
2799,100,279900,11:16:36
2800,100,280000,11:16:36
2801,300,840300,11:16:36
2800,300,840000,11:16:36
2797,100,279700,11:16:36
2798,100,279800,11:16:36
2798,500,1399000,11:16:36
2798,100,279800,11:16:33
2799,100,279900,11:16:33
2799,100,279900,11:16:33
2799,100,279900,11:16:33
2799,100,279900,11:16:33
2799,100,279900,11:16:33
2799,200,559800,11:16:33
2799,200,559800,11:16:33
2799,100,279900,11:16:32
2800,500,1400000,11:16:23
2800,200,560000,11:16:21
2800,300,840000,11:16:21
2800,100,280000,11:16:21
2800,300,840000,11:16:21
2800,300,840000,11:16:21
2801,200,560200,11:16:19
2803,200,560600,11:16:16
2803,200,560600,11:16:14
2803,100,280300,11:16:12
2803,100,280300,11:16:12
2803,300,840900,11:16:12
2803,300,840900,11:16:12
2802,900,2521800,11:16:09
2802,100,280200,11:16:09
2802,200,560400,11:16:02
2802,100,280200,11:16:02
2801,100,280100,11:16:01
2800,1100,3080000,11:16:01
2800,100,280000,11:16:01
2801,400,1120400,11:16:01
2802,300,840600,11:16:01
2800,100,280000,11:16:01
2801,100,280100,11:16:01
2802,100,280200,11:16:01
2802,300,840600,11:15:57
2802,100,280200,11:15:56
2803,900,2522700,11:15:53
2802,100,280200,11:15:51
2803,200,560600,11:15:50
2802,400,1120800,11:15:50
2802,100,280200,11:15:49
2802,100,280200,11:15:41
2802,100,280200,11:15:34
2802,100,280200,11:15:34
2802,100,280200,11:15:21
2802,100,280200,11:15:20
2800,100,280000,11:15:09
2801,200,560200,11:15:05
2801,200,560200,11:15:05
2801,100,280100,11:15:04
2801,400,1120400,11:15:03
2802,200,560400,11:15:03
2802,200,560400,11:15:03
2802,200,560400,11:15:03
2803,100,280300,11:15:01
2803,200,560600,11:14:58
2803,500,1401500,11:14:57
2803,300,840900,11:14:57
2803,400,1121200,11:14:57
2802,900,2521800,11:14:57
2801,100,280100,11:14:57
2801,700,1960700,11:14:57
2801,100,280100,11:14:54
2801,100,280100,11:14:54
2801,200,560200,11:14:47
2801,100,280100,11:14:47
2801,100,280100,11:14:47
2800,300,840000,11:14:44
2800,200,560000,11:14:42
2800,200,560000,11:14:42
2800,100,280000,11:14:34
2800,100,280000,11:14:32
2800,600,1680000,11:14:31
2800,200,560000,11:14:31
2800,200,560000,11:14:31
2800,200,560000,11:14:31
2800,200,560000,11:14:30
2800,100,280000,11:14:29
2800,200,560000,11:14:26
2801,200,560200,11:14:20
2800,200,560000,11:14:20
2798,100,279800,11:14:19
2800,100,280000,11:14:14
2800,300,840000,11:14:14
2800,300,840000,11:14:14
2800,500,1400000,11:14:14
2799,300,839700,11:14:13
2798,200,559600,11:14:03
2797,200,559400,11:13:58
2797,200,559400,11:13:56
2798,100,279800,11:13:48
2799,600,1679400,11:13:48
2798,400,1119200,11:13:48
2797,100,279700,11:13:48
2797,100,279700,11:13:44
2797,200,559400,11:13:44
2797,200,559400,11:13:44
2797,200,559400,11:13:44
2796,100,279600,11:13:41
2796,100,279600,11:13:41
2796,100,279600,11:13:41
2796,200,559200,11:13:41
2796,100,279600,11:13:41
2796,200,559200,11:13:41
2796,200,559200,11:13:41
2796,300,838800,11:13:41
2796,100,279600,11:13:37
2797,100,279700,11:13:36
2797,100,279700,11:13:36
2797,100,279700,11:13:36
2796,100,279600,11:13:36
2795,100,279500,11:13:25
2796,400,1118400,11:13:24
2796,100,279600,11:13:18
2796,600,1677600,11:13:18
2796,100,279600,11:13:18
2796,100,279600,11:13:18
2796,100,279600,11:13:12
2796,200,559200,11:13:12
2796,100,279600,11:13:11
2796,100,279600,11:13:11
2795,100,279500,11:13:08
2795,100,279500,11:13:08
2795,300,838500,11:13:08
2793,100,279300,11:13:06
2793,300,837900,11:12:56
2792,1100,3071200,11:12:56
2791,100,279100,11:12:51
2791,100,279100,11:12:51
2790,100,279000,11:12:51
2790,700,1953000,11:12:51
2789,300,836700,11:12:44
2790,300,837000,11:12:30
2790,300,837000,11:12:19
2788,100,278800,11:12:08
2790,500,1395000,11:12:08
2789,300,836700,11:12:08
2788,100,278800,11:12:05
2789,100,278900,11:12:05
2788,100,278800,11:12:05
2789,1900,5299100,11:12:05
2789,100,278900,11:12:05
2789,100,278900,11:12:05
2789,100,278900,11:12:00
2789,100,278900,11:12:00
2789,100,278900,11:12:00
2790,200,558000,11:11:59
2790,200,558000,11:11:59
2790,400,1116000,11:11:47
2790,200,558000,11:11:44
2790,1100,3069000,11:11:44
2791,400,1116400,11:11:44
2791,100,279100,11:11:43
2790,200,558000,11:11:41
2792,100,279200,11:11:40
2790,100,279000,11:11:39
2790,100,279000,11:11:31
2790,100,279000,11:11:31
2790,100,279000,11:11:31
2790,3300,9207000,11:11:30
2791,1600,4465600,11:11:30
2792,500,1396000,11:11:30
2793,200,558600,11:11:24
2793,100,279300,11:11:19
2794,100,279400,11:11:18
2794,100,279400,11:11:18
2794,100,279400,11:11:18
2794,100,279400,11:11:18
2794,400,1117600,11:11:18
2795,200,559000,11:11:07
2796,100,279600,11:10:59
2796,200,559200,11:10:59
2796,200,559200,11:10:59
2794,100,279400,11:10:43
2796,500,1398000,11:10:36
2795,100,279500,11:10:28
2795,200,559000,11:10:22
2795,200,559000,11:10:22
2795,100,279500,11:10:16
2793,200,558600,11:09:58
2792,100,279200,11:09:57
2794,800,2235200,11:09:53
2796,100,279600,11:09:52
2795,100,279500,11:09:43
2796,500,1398000,11:09:30
2795,100,279500,11:09:23
2795,100,279500,11:09:23
2795,100,279500,11:09:21
2797,100,279700,11:09:12
2797,100,279700,11:09:08
2797,100,279700,11:09:04
2797,100,279700,11:09:03
2796,100,279600,11:09:01
2795,500,1397500,11:08:59
2793,100,279300,11:08:58
2793,900,2513700,11:08:58
2793,100,279300,11:08:58
2793,1500,4189500,11:08:58
2793,800,2234400,11:08:58
2794,100,279400,11:08:58
2794,100,279400,11:08:58
2794,100,279400,11:08:58
2795,700,1956500,11:08:58
2796,500,1398000,11:08:58
2797,100,279700,11:08:58
2799,200,559800,11:08:57
2797,100,279700,11:08:57
2798,100,279800,11:08:57
2799,100,279900,11:08:56
2798,100,279800,11:08:56
2800,100,280000,11:08:56
2800,100,280000,11:08:56
2799,1500,4198500,11:08:56
2799,300,839700,11:08:56
2799,100,279900,11:08:56
2800,4000,11200000,11:08:56
2800,100,280000,11:08:56
2800,100,280000,11:08:56
2801,200,560200,11:08:56
2801,100,280100,11:08:55
2803,100,280300,11:08:48
2802,100,280200,11:08:48
2802,100,280200,11:08:46
2803,100,280300,11:08:46
2803,800,2242400,11:08:46
2803,300,840900,11:08:46
2802,300,840600,11:08:46
2801,100,280100,11:08:44
2801,100,280100,11:08:41
2801,100,280100,11:08:41
2801,100,280100,11:08:38
2800,100,280000,11:08:29
2801,100,280100,11:08:28
2801,100,280100,11:08:26
2801,100,280100,11:08:19
2802,100,280200,11:08:18
2801,100,280100,11:08:13
2801,100,280100,11:08:12
2802,300,840600,11:08:10
2802,500,1401000,11:08:10
2801,100,280100,11:08:09
2801,100,280100,11:08:08
2801,200,560200,11:08:03
2802,100,280200,11:08:02
2801,600,1680600,11:07:59
2802,500,1401000,11:07:47
2802,100,280200,11:07:40
2801,100,280100,11:07:38
2803,100,280300,11:07:38
2801,100,280100,11:07:24
2802,100,280200,11:07:22
2802,100,280200,11:07:22
2803,200,560600,11:07:13
2801,100,280100,11:07:04
2801,600,1680600,11:07:03
2801,100,280100,11:07:02
2803,200,560600,11:07:02
2802,100,280200,11:07:00
2804,100,280400,11:07:00
2803,300,840900,11:07:00
2803,100,280300,11:07:00
2804,100,280400,11:06:51
2803,100,280300,11:06:50
2803,100,280300,11:06:47
2802,200,560400,11:06:46
2801,100,280100,11:06:44
2801,100,280100,11:06:43
2801,300,840300,11:06:40
2801,100,280100,11:06:38
2801,100,280100,11:06:36
2801,500,1400500,11:06:35
2802,700,1961400,11:06:30
2802,100,280200,11:06:28
2804,100,280400,11:06:23
2803,100,280300,11:06:21
2803,100,280300,11:06:21
2803,400,1121200,11:06:18
2802,100,280200,11:06:18
2802,300,840600,11:06:15
2801,100,280100,11:06:15
2800,100,280000,11:06:13
2802,100,280200,11:06:11
2801,1700,4761700,11:06:11
2802,700,1961400,11:06:11
2802,300,840600,11:06:11
2802,200,560400,11:06:11
2802,300,840600,11:06:11
2802,300,840600,11:06:11
2803,200,560600,11:06:11
2803,100,280300,11:06:09
2803,100,280300,11:06:08
2804,100,280400,11:06:08
2804,100,280400,11:06:08
2804,100,280400,11:06:08
2804,100,280400,11:06:08
2804,100,280400,11:06:07
2804,100,280400,11:06:05
2805,200,561000,11:06:05
2804,200,560800,11:06:04
2803,200,560600,11:06:03
2804,400,1121600,11:06:01
2803,100,280300,11:06:01
2802,100,280200,11:06:00
2802,100,280200,11:05:59
2802,100,280200,11:05:59
2803,300,840900,11:05:58
2802,200,560400,11:05:58
2802,100,280200,11:05:53
2802,100,280200,11:05:50
2802,300,840600,11:05:49
2801,100,280100,11:05:47
2801,300,840300,11:05:47
2802,400,1120800,11:05:47
2804,100,280400,11:05:46
2803,100,280300,11:05:45
2802,100,280200,11:05:43
2803,300,840900,11:05:41
2802,100,280200,11:05:40
2803,100,280300,11:05:40
2802,100,280200,11:05:40
2803,500,1401500,11:05:40
2805,200,561000,11:05:40
2804,800,2243200,11:05:40
2803,900,2522700,11:05:40
2802,400,1120800,11:05:37
2802,300,840600,11:05:37
2802,300,840600,11:05:37
2802,300,840600,11:05:37
2802,300,840600,11:05:37
2801,200,560200,11:05:37
2801,100,280100,11:05:37
2800,2300,6440000,11:05:37
2800,200,560000,11:05:37
2800,600,1680000,11:05:37
2800,1100,3080000,11:05:37
2799,100,279900,11:05:37
2799,5000,13995000,11:05:37
2798,100,279800,11:05:32
2797,600,1678200,11:05:29
2797,300,839100,11:05:29
2796,300,838800,11:05:24
2795,300,838500,11:04:53
2795,100,279500,11:04:53
2794,300,838200,11:04:50
2793,100,279300,11:04:47
2793,100,279300,11:04:47
2793,100,279300,11:04:47
2794,100,279400,11:04:41
2794,100,279400,11:04:26
2794,100,279400,11:04:24
2794,100,279400,11:04:13
2794,100,279400,11:04:09
2794,300,838200,11:04:09
2793,400,1117200,11:04:09
2792,100,279200,11:04:00
2792,100,279200,11:03:59
2792,100,279200,11:03:54
2791,100,279100,11:03:50
2791,100,279100,11:03:47
2791,300,837300,11:03:47
2790,100,279000,11:03:41
2790,200,558000,11:03:36
2790,100,279000,11:03:33
2790,100,279000,11:03:33
2791,100,279100,11:03:33
2790,100,279000,11:03:32
2790,100,279000,11:03:32
2791,200,558200,11:03:32
2792,500,1396000,11:03:31
2794,100,279400,11:03:31
2794,100,279400,11:03:22
2794,500,1397000,11:03:22
2793,100,279300,11:03:17
2793,300,837900,11:03:17
2794,100,279400,11:03:16
2794,100,279400,11:03:16
2795,100,279500,11:03:08
2794,200,558800,11:03:05
2794,100,279400,11:03:02
2794,600,1676400,11:03:02
2794,600,1676400,11:03:02
2795,100,279500,11:02:54
2795,400,1118000,11:02:54
2795,100,279500,11:02:54
2795,100,279500,11:02:54
2795,100,279500,11:02:54
2796,100,279600,11:02:43
2796,100,279600,11:02:12
2795,400,1118000,11:02:12
2794,200,558800,11:02:06
2794,200,558800,11:02:02
2795,100,279500,11:01:58
2795,100,279500,11:01:58
2795,100,279500,11:01:58
2795,200,559000,11:01:58
2796,100,279600,11:01:55
2796,400,1118400,11:01:52
2797,400,1118800,11:01:49
2798,200,559600,11:01:49
2798,800,2238400,11:01:49
2796,100,279600,11:01:40
2797,100,279700,11:01:40
2798,200,559600,11:01:19
2797,400,1118800,11:01:16
2797,200,559400,11:01:16
2797,200,559400,11:01:16
2797,200,559400,11:01:16
2796,100,279600,11:01:12
2795,100,279500,11:01:11
2796,100,279600,11:01:10
2797,200,559400,11:01:10
2796,100,279600,11:01:10
2796,100,279600,11:01:10
2796,100,279600,11:01:02
2796,600,1677600,11:00:59
2794,200,558800,11:00:50
2796,900,2516400,11:00:46
2795,600,1677000,11:00:46
2793,100,279300,11:00:36
2794,300,838200,11:00:33
2793,100,279300,11:00:28
2794,200,558800,11:00:26
2793,300,837900,11:00:26
2792,900,2512800,11:00:26
2791,100,279100,11:00:26
2791,100,279100,11:00:26
2791,100,279100,11:00:22
2791,100,279100,11:00:22
2791,100,279100,11:00:22
2791,100,279100,11:00:22
2791,100,279100,11:00:22
2792,200,558400,11:00:19
2792,200,558400,11:00:19
2793,100,279300,11:00:04
2793,100,279300,10:59:56
2793,300,837900,10:59:56
2794,100,279400,10:59:55
2795,100,279500,10:59:54
2795,800,2236000,10:59:54
2796,1000,2796000,10:59:44
2796,100,279600,10:59:44
2796,100,279600,10:59:44
2794,100,279400,10:59:25
2795,100,279500,10:59:22
2795,100,279500,10:59:18
2795,100,279500,10:59:17
2795,100,279500,10:59:17
2795,100,279500,10:59:17
2795,100,279500,10:59:10
2795,100,279500,10:59:10
2794,100,279400,10:59:05
2795,400,1118000,10:59:04
2794,100,279400,10:59:04
2794,100,279400,10:59:02
2795,100,279500,10:58:41
2795,200,559000,10:58:41
2794,400,1117600,10:58:41
2794,100,279400,10:58:41
2794,100,279400,10:58:41
2794,100,279400,10:58:41
2794,100,279400,10:58:41
2794,100,279400,10:58:41
2791,100,279100,10:58:41
2792,500,1396000,10:58:41
2793,500,1396500,10:58:41
2794,100,279400,10:58:41
2795,400,1118000,10:58:40
2795,100,279500,10:58:35
2795,100,279500,10:58:27
2795,100,279500,10:58:16
2796,100,279600,10:58:16
2798,100,279800,10:58:16
2797,700,1957900,10:58:16
2796,500,1398000,10:58:16
2795,200,559000,10:58:12
2793,300,837900,10:58:01
2794,200,558800,10:58:01
2795,300,838500,10:58:01
2796,200,559200,10:57:59
2795,1000,2795000,10:57:58
2795,100,279500,10:57:58
2794,1000,2794000,10:57:57
2793,100,279300,10:57:57
2793,100,279300,10:57:57
2793,100,279300,10:57:57
2793,100,279300,10:57:57
2793,300,837900,10:57:49
2793,300,837900,10:57:49
2792,600,1675200,10:57:48
2791,100,279100,10:57:43
2791,100,279100,10:57:43
2790,100,279000,10:57:41
2790,100,279000,10:57:29
2791,200,558200,10:57:21
2791,100,279100,10:57:21
2791,200,558200,10:57:14
2791,100,279100,10:57:09
2791,400,1116400,10:57:09
2790,100,279000,10:57:09
2790,100,279000,10:57:09
2789,100,278900,10:57:09
2789,300,836700,10:57:05
2790,100,279000,10:57:05
2789,300,836700,10:57:01
2789,100,278900,10:56:59
2790,100,279000,10:56:49
2790,100,279000,10:56:49
2790,500,1395000,10:56:49
2791,100,279100,10:56:39
2791,100,279100,10:56:39
2790,2100,5859000,10:56:39
2790,100,279000,10:56:39
2790,600,1674000,10:56:39
2790,700,1953000,10:56:39
2790,200,558000,10:56:39
2790,100,279000,10:56:33
2790,200,558000,10:56:28
2790,300,837000,10:56:28
2791,200,558200,10:56:27
2791,100,279100,10:56:23
2790,200,558000,10:56:23
2792,100,279200,10:56:23
2790,500,1395000,10:56:23
2791,400,1116400,10:56:23
2792,200,558400,10:56:17
2793,200,558600,10:56:15
2792,100,279200,10:56:06
2792,100,279200,10:56:05
2792,100,279200,10:55:53
2792,200,558400,10:55:53
2790,600,1674000,10:55:53
2789,100,278900,10:55:52
2789,100,278900,10:55:52
2790,100,279000,10:55:50
2790,500,1395000,10:55:47
2790,100,279000,10:55:47
2789,300,836700,10:55:44
2789,200,557800,10:55:44
2789,200,557800,10:55:44
2787,100,278700,10:55:36
2788,300,836400,10:55:33
2788,200,557600,10:55:33
2789,100,278900,10:55:23
2789,100,278900,10:55:22
2789,100,278900,10:55:21
2789,100,278900,10:55:17
2790,100,279000,10:55:14
2790,100,279000,10:55:10
2790,200,558000,10:55:10
2790,200,558000,10:55:10
2789,200,557800,10:55:08
2789,200,557800,10:55:07
2789,200,557800,10:55:07
2788,200,557600,10:55:02
2788,100,278800,10:55:02
2788,300,836400,10:55:02
2788,300,836400,10:55:02
2788,300,836400,10:55:02
2788,300,836400,10:55:02
2787,200,557400,10:55:00
2787,200,557400,10:54:59
2787,100,278700,10:54:51
2787,500,1393500,10:54:51
2788,100,278800,10:54:48
2787,100,278700,10:54:47
2788,100,278800,10:54:43
2787,100,278700,10:54:40
2787,200,557400,10:54:39
2787,200,557400,10:54:39
2787,200,557400,10:54:39
2788,100,278800,10:54:39
2787,300,836100,10:54:39
2786,200,557200,10:54:38
2785,400,1114000,10:54:32
2784,200,556800,10:54:26
2783,200,556600,10:54:19
2782,400,1112800,10:54:19
2781,900,2502900,10:54:16
2780,200,556000,10:54:14
2780,500,1390000,10:54:14
2780,100,278000,10:54:13
2780,100,278000,10:54:13
2780,100,278000,10:54:13
2780,100,278000,10:54:13
2780,200,556000,10:54:12
2780,600,1668000,10:54:12
2780,100,278000,10:54:12
2780,200,556000,10:54:12
2781,900,2502900,10:54:11
2781,700,1946700,10:54:11
2782,300,834600,10:54:05
2783,400,1113200,10:54:02
2783,100,278300,10:54:02
2784,100,278400,10:53:50
2784,100,278400,10:53:50
2784,600,1670400,10:53:50
2784,300,835200,10:53:50
2784,300,835200,10:53:50
2784,100,278400,10:53:50
2784,300,835200,10:53:50
2785,200,557000,10:53:47
2786,100,278600,10:53:46
2785,100,278500,10:53:46
2785,200,557000,10:53:46
2785,100,278500,10:53:46
2785,200,557000,10:53:46
2785,200,557000,10:53:46
2784,600,1670400,10:53:28
2784,100,278400,10:53:28
2783,100,278300,10:53:28
2783,100,278300,10:53:25
2783,100,278300,10:53:25
2783,100,278300,10:53:25
2783,100,278300,10:53:23
2784,100,278400,10:53:14
2783,1000,2783000,10:53:14
2782,100,278200,10:53:14
2781,300,834300,10:53:14
2781,200,556200,10:53:11
2781,600,1668600,10:52:59
2781,900,2502900,10:52:59
2781,100,278100,10:52:52
2782,100,278200,10:52:51
2782,200,556400,10:52:51
2783,100,278300,10:52:47
2783,100,278300,10:52:47
2783,100,278300,10:52:45
2783,100,278300,10:52:40
2783,400,1113200,10:52:33
2784,400,1113600,10:52:33
2785,100,278500,10:52:20
2785,100,278500,10:52:15
2786,100,278600,10:52:15
2785,600,1671000,10:52:15
2786,100,278600,10:52:15
2786,200,557200,10:52:15
2788,600,1672800,10:52:15
2787,600,1672200,10:52:15
2786,300,835800,10:52:15
2786,100,278600,10:52:12
2785,300,835500,10:52:10
2785,100,278500,10:52:06
2783,100,278300,10:52:02
2785,400,1114000,10:51:58
2784,200,556800,10:51:56
2784,200,556800,10:51:56
2783,100,278300,10:51:56
2783,100,278300,10:51:56
2782,3700,10293400,10:51:56
2782,200,556400,10:51:56
2782,300,834600,10:51:53
2783,100,278300,10:51:53
2783,100,278300,10:51:44
2785,300,835500,10:51:44
2783,100,278300,10:51:43
2783,100,278300,10:51:43
2782,600,1669200,10:51:43
2783,200,556600,10:51:43
2784,100,278400,10:51:43
2784,200,556800,10:51:43
2784,300,835200,10:51:43
2783,300,834900,10:51:42
2783,1100,3061300,10:51:42
2782,100,278200,10:51:39
2782,100,278200,10:51:39
2782,200,556400,10:51:37
2782,100,278200,10:51:35
2784,100,278400,10:51:26
2783,100,278300,10:51:24
2783,1300,3617900,10:51:24
2784,200,556800,10:51:24
2784,200,556800,10:51:24
2785,2200,6127000,10:51:24
2785,200,557000,10:51:24
2786,200,557200,10:51:24
2786,100,278600,10:51:14
2786,100,278600,10:51:13
2785,100,278500,10:51:13
2787,200,557400,10:51:10
2788,500,1394000,10:51:09
2788,100,278800,10:51:09
2789,100,278900,10:51:08
2788,100,278800,10:51:07
2789,100,278900,10:51:05
2789,200,557800,10:51:03
2789,200,557800,10:51:01
2790,200,558000,10:51:00
2791,300,837300,10:51:00
2792,300,837600,10:51:00
2792,100,279200,10:50:59
2792,100,279200,10:50:58
2793,200,558600,10:50:58
2794,800,2235200,10:50:57
2795,600,1677000,10:50:56
2795,100,279500,10:50:56
2797,100,279700,10:50:51
2796,300,838800,10:50:51
2797,300,839100,10:50:51
2797,200,559400,10:50:48
2796,100,279600,10:50:40
2795,300,838500,10:50:39
2796,200,559200,10:50:39
2797,100,279700,10:50:35
2796,300,838800,10:50:35
2796,200,559200,10:50:33
2796,100,279600,10:50:33
2796,100,279600,10:50:33
2796,100,279600,10:50:33
2797,100,279700,10:50:15
2797,200,559400,10:50:15
2798,300,839400,10:50:14
2799,100,279900,10:50:13
2798,400,1119200,10:50:13
2797,100,279700,10:50:11
2797,100,279700,10:50:11
2797,100,279700,10:50:11
2798,100,279800,10:50:07
2797,100,279700,10:50:04
2797,100,279700,10:49:58
2796,100,279600,10:49:50
2797,300,839100,10:49:49
2798,100,279800,10:49:48
2799,100,279900,10:49:38
2798,400,1119200,10:49:36
2797,300,839100,10:49:36
2796,200,559200,10:49:35
2795,400,1118000,10:49:27
2794,100,279400,10:49:24
2794,100,279400,10:49:24
2794,200,558800,10:49:24
2794,400,1117600,10:49:09
2794,100,279400,10:49:09
2794,300,838200,10:49:08
2795,200,559000,10:49:07
2795,200,559000,10:49:02
2794,100,279400,10:48:58
2795,300,838500,10:48:54
2795,200,559000,10:48:45
2794,100,279400,10:48:43
2794,200,558800,10:48:42
2794,200,558800,10:48:35
2795,600,1677000,10:48:35
2796,100,279600,10:48:34
2795,1600,4472000,10:48:33
2795,200,559000,10:48:33
2795,100,279500,10:48:33
2795,200,559000,10:48:33
2794,100,279400,10:48:30
2794,100,279400,10:48:30
2794,100,279400,10:48:24
2794,200,558800,10:48:24
2795,200,559000,10:48:24
2795,100,279500,10:48:24
2794,200,558800,10:48:21
2794,100,279400,10:48:21
2793,300,837900,10:48:19
2794,100,279400,10:48:17
2794,200,558800,10:48:17
2794,200,558800,10:48:17
2794,300,838200,10:48:14
2794,100,279400,10:48:14
2794,800,2235200,10:48:13
2794,200,558800,10:48:12
2794,100,279400,10:48:07
2793,300,837900,10:48:05
2793,300,837900,10:48:05
2793,100,279300,10:48:04
2793,200,558600,10:48:04
2793,300,837900,10:48:04
2793,100,279300,10:48:02
2793,100,279300,10:47:58
2793,100,279300,10:47:55
2792,700,1954400,10:47:53
2791,500,1395500,10:47:52
2791,500,1395500,10:47:52
2790,100,279000,10:47:51
2790,100,279000,10:47:47
2790,600,1674000,10:47:47
2791,200,558200,10:47:43
2791,300,837300,10:47:43
2791,300,837300,10:47:43
2791,300,837300,10:47:43
2790,100,279000,10:47:43
2790,100,279000,10:47:40
2790,100,279000,10:47:40
2790,100,279000,10:47:40
2789,300,836700,10:47:35
2790,100,279000,10:47:35
2791,100,279100,10:47:31
2791,200,558200,10:47:31
2790,2100,5859000,10:47:31
2789,300,836700,10:47:28
2789,200,557800,10:47:28
2789,200,557800,10:47:27
2789,700,1952300,10:47:27
2788,100,278800,10:47:23
2788,100,278800,10:47:18
2787,100,278700,10:47:16
2788,100,278800,10:47:16
2788,1200,3345600,10:47:16
2787,600,1672200,10:47:06
2786,100,278600,10:47:05
2785,100,278500,10:47:02
2786,100,278600,10:47:01
2786,100,278600,10:46:59
2786,100,278600,10:46:59
2786,100,278600,10:46:58
2787,200,557400,10:46:48
2786,300,835800,10:46:48
2785,100,278500,10:46:48
2785,500,1392500,10:46:48
2784,100,278400,10:46:48
2783,100,278300,10:46:46
2783,100,278300,10:46:46
2783,200,556600,10:46:46
2785,1300,3620500,10:46:43
2786,100,278600,10:46:42
2785,100,278500,10:46:42
2785,200,557000,10:46:41
2786,400,1114400,10:46:41
2786,1500,4179000,10:46:41
2788,100,278800,10:46:32
2787,100,278700,10:46:23
2786,100,278600,10:46:22
2787,100,278700,10:46:11
2787,100,278700,10:46:10
2787,200,557400,10:46:09
2788,100,278800,10:45:53
2787,100,278700,10:45:46
2789,100,278900,10:45:41
2789,100,278900,10:45:40
2788,100,278800,10:45:37
2789,300,836700,10:45:36
2788,100,278800,10:45:30
2788,300,836400,10:45:30
2787,200,557400,10:45:29
2787,200,557400,10:45:28
2787,100,278700,10:45:25
2787,100,278700,10:45:21
2788,100,278800,10:45:19
2786,100,278600,10:45:18
2786,200,557200,10:45:18
2787,100,278700,10:45:16
2787,1700,4737900,10:45:16
2787,200,557400,10:45:16
2787,200,557400,10:45:16
2787,3400,9475800,10:45:16
2789,100,278900,10:45:09
2787,100,278700,10:45:08
2788,200,557600,10:45:00
2789,100,278900,10:45:00
2789,200,557800,10:45:00
2788,200,557600,10:44:59
2788,200,557600,10:44:59
2788,200,557600,10:44:59
2789,100,278900,10:44:58
2789,100,278900,10:44:55
2789,200,557800,10:44:55
2788,300,836400,10:44:55
2789,100,278900,10:44:54
2789,200,557800,10:44:54
2788,200,557600,10:44:49
2788,100,278800,10:44:47
2790,100,279000,10:44:41
2788,300,836400,10:44:39
2789,100,278900,10:44:39
2790,100,279000,10:44:33
2790,200,558000,10:44:24
2790,200,558000,10:44:24
2790,200,558000,10:44:24
2789,500,1394500,10:44:24
2788,300,836400,10:44:15
2788,300,836400,10:44:15
2788,600,1672800,10:44:15
2789,200,557800,10:44:15
2789,100,278900,10:44:15
2789,300,836700,10:44:15
2789,100,278900,10:44:15
2790,2700,7533000,10:44:15
2791,300,837300,10:44:01
2791,100,279100,10:43:54
2791,400,1116400,10:43:54
2792,200,558400,10:43:43
2793,100,279300,10:43:41
2793,100,279300,10:43:40
2793,100,279300,10:43:39
2793,100,279300,10:43:38
2793,100,279300,10:43:36
2792,300,837600,10:43:33
2795,100,279500,10:43:33
2794,500,1397000,10:43:33
2793,1200,3351600,10:43:33
2791,100,279100,10:43:25
2791,900,2511900,10:43:25
2793,200,558600,10:43:19
2793,100,279300,10:43:15
2792,1000,2792000,10:43:15
2791,100,279100,10:43:14
2790,200,558000,10:43:08
2790,100,279000,10:43:06
2791,200,558200,10:43:06
2789,900,2510100,10:43:05
2790,600,1674000,10:43:05
2791,100,279100,10:43:04
2791,100,279100,10:43:04
2791,100,279100,10:43:03
2790,2300,6417000,10:43:03
2790,200,558000,10:43:03
2790,200,558000,10:43:03
2790,200,558000,10:43:03
2790,200,558000,10:43:03
2790,100,279000,10:43:03
2788,100,278800,10:43:02
2788,100,278800,10:43:00
2790,600,1674000,10:42:57
2790,200,558000,10:42:56
2790,800,2232000,10:42:56
2788,100,278800,10:42:52
2789,100,278900,10:42:50
2789,200,557800,10:42:50
2790,100,279000,10:42:48
2790,200,558000,10:42:48
2791,100,279100,10:42:47
2790,400,1116000,10:42:45
2791,400,1116400,10:42:41
2791,400,1116400,10:42:41
2790,400,1116000,10:42:41
2790,100,279000,10:42:39
2787,200,557400,10:42:38
2788,100,278800,10:42:38
2788,100,278800,10:42:38
2788,200,557600,10:42:37
2787,200,557400,10:42:36
2787,200,557400,10:42:36
2788,200,557600,10:42:35
2790,100,279000,10:42:34
2792,100,279200,10:42:29
2790,100,279000,10:42:28
2789,100,278900,10:42:27
2789,200,557800,10:42:27
2788,100,278800,10:42:27
2788,300,836400,10:42:25
2788,100,278800,10:42:20
2788,100,278800,10:42:20
2787,100,278700,10:42:16
2787,100,278700,10:42:12
2787,100,278700,10:42:12
2787,100,278700,10:42:12
2787,100,278700,10:42:12
2789,200,557800,10:42:12
2790,200,558000,10:42:09
2791,900,2511900,10:42:09
2791,700,1953700,10:42:09
2792,100,279200,10:42:09
2793,200,558600,10:42:03
2791,100,279100,10:42:02
2789,1400,3904600,10:42:02
2790,1100,3069000,10:42:02
2791,100,279100,10:42:02
2791,1000,2791000,10:42:02
2793,100,279300,10:42:01
2792,400,1116800,10:42:01
2792,100,279200,10:41:59
2792,100,279200,10:41:58
2792,100,279200,10:41:58
2792,100,279200,10:41:55
2791,100,279100,10:41:55
2791,100,279100,10:41:55
2791,1700,4744700,10:41:55
2790,6200,17298000,10:41:55
2789,100,278900,10:41:48
2790,200,558000,10:41:48
2789,1400,3904600,10:41:48
2788,100,278800,10:41:46
2788,2200,6133600,10:41:46
2788,800,2230400,10:41:46
2788,100,278800,10:41:46
2788,100,278800,10:41:44
2788,100,278800,10:41:44
2788,300,836400,10:41:34
2788,200,557600,10:41:34
2788,100,278800,10:41:34
2788,300,836400,10:41:34
2787,1400,3901800,10:41:33
2785,100,278500,10:41:27
2786,100,278600,10:41:21
2786,100,278600,10:41:21
2786,100,278600,10:41:21
2786,200,557200,10:41:21
2786,100,278600,10:41:21
2786,100,278600,10:41:20
2786,100,278600,10:41:19
2786,400,1114400,10:41:17
2786,100,278600,10:41:13
2785,100,278500,10:41:12
2785,200,557000,10:41:10
2785,600,1671000,10:41:10
2785,1500,4177500,10:41:10
2786,2100,5850600,10:41:10
2787,4000,11148000,10:41:10
2789,100,278900,10:40:54
2789,200,557800,10:40:53
2788,100,278800,10:40:51
2788,300,836400,10:40:51
2789,200,557800,10:40:50
2789,100,278900,10:40:48
2789,100,278900,10:40:45
2790,400,1116000,10:40:43
2790,200,558000,10:40:43
2789,200,557800,10:40:43
2789,100,278900,10:40:42
2789,100,278900,10:40:42
2789,200,557800,10:40:41
2789,100,278900,10:40:41
2787,200,557400,10:40:40
2788,200,557600,10:40:40
2789,200,557800,10:40:39
2789,200,557800,10:40:38
2789,100,278900,10:40:37
2790,400,1116000,10:40:32
2789,200,557800,10:40:32
2787,100,278700,10:40:30
2788,200,557600,10:40:30
2789,200,557800,10:40:29
2787,200,557400,10:40:28
2789,300,836700,10:40:28
2788,200,557600,10:40:27
2789,200,557800,10:40:27
2789,100,278900,10:40:26
2789,300,836700,10:40:26
2790,1000,2790000,10:40:26
2789,400,1115600,10:40:23
2789,200,557800,10:40:22
2787,300,836100,10:40:16
2786,100,278600,10:40:16
2786,100,278600,10:40:12
2787,100,278700,10:40:12
2788,100,278800,10:40:11
2788,100,278800,10:40:10
2788,200,557600,10:40:10
2788,100,278800,10:40:10
2788,500,1394000,10:40:10
2788,600,1672800,10:40:10
2788,600,1672800,10:40:10
2788,800,2230400,10:40:08
2788,100,278800,10:40:08
2787,100,278700,10:40:07
2787,700,1950900,10:40:07
2786,400,1114400,10:40:07
2786,200,557200,10:40:07
2785,700,1949500,10:40:07
2784,300,835200,10:40:07
2783,800,2226400,10:40:07
2783,500,1391500,10:40:07
2782,500,1391000,10:40:06
2780,100,278000,10:40:01
2781,200,556200,10:40:00
2781,100,278100,10:39:57
2781,100,278100,10:39:52
2782,200,556400,10:39:50
2781,100,278100,10:39:47
2782,500,1391000,10:39:45
2782,100,278200,10:39:44
2782,200,556400,10:39:43
2782,100,278200,10:39:37
2782,300,834600,10:39:37
2781,300,834300,10:39:36
2783,100,278300,10:39:31
2783,100,278300,10:39:30
2783,100,278300,10:39:28
2783,300,834900,10:39:26
2783,100,278300,10:39:26
2782,400,1112800,10:39:24
2781,500,1390500,10:39:23
2781,100,278100,10:39:23
2780,300,834000,10:39:20
2779,200,555800,10:39:12
2780,100,278000,10:39:12
2780,300,834000,10:39:12
2781,100,278100,10:39:11
2781,500,1390500,10:39:09
2780,100,278000,10:39:09
2780,200,556000,10:39:09
2781,800,2224800,10:39:06
2780,300,834000,10:39:05
2780,200,556000,10:39:05
2779,100,277900,10:39:03
2780,1000,2780000,10:39:03
2779,100,277900,10:39:01
2780,200,556000,10:39:01
2780,200,556000,10:38:59
2781,100,278100,10:38:58
2780,400,1112000,10:38:57
2781,200,556200,10:38:57
2780,600,1668000,10:38:56
2779,900,2501100,10:38:55
2778,1000,2778000,10:38:53
2778,300,833400,10:38:45
2778,100,277800,10:38:39
2777,100,277700,10:38:39
2777,400,1110800,10:38:35
2777,300,833100,10:38:30
2778,100,277800,10:38:29
2778,400,1111200,10:38:26
2777,100,277700,10:38:24
2777,100,277700,10:38:24
2776,100,277600,10:38:23
2774,200,554800,10:38:20
2774,200,554800,10:38:15
2771,100,277100,10:38:13
2774,200,554800,10:38:12
2771,100,277100,10:38:12
2771,100,277100,10:38:12
2773,100,277300,10:38:12
2771,200,554200,10:38:12
2772,1200,3326400,10:38:12
2773,600,1663800,10:38:12
2773,200,554600,10:38:10
2774,200,554800,10:38:09
2774,200,554800,10:38:04
2774,100,277400,10:38:02
2776,500,1388000,10:37:56
2774,100,277400,10:37:55
2775,100,277500,10:37:55
2776,200,555200,10:37:53
2777,500,1388500,10:37:53
2778,1100,3055800,10:37:53
2777,300,833100,10:37:49
2777,100,277700,10:37:45
2778,100,277800,10:37:44
2777,700,1943900,10:37:42
2778,200,555600,10:37:42
2778,500,1389000,10:37:41
2777,100,277700,10:37:39
2777,100,277700,10:37:31
2777,100,277700,10:37:31
2777,100,277700,10:37:31
2777,100,277700,10:37:31
2777,100,277700,10:37:31
2777,200,555400,10:37:29
2775,100,277500,10:37:25
2775,200,555000,10:37:23
2776,300,832800,10:37:20
2777,300,833100,10:37:17
2776,100,277600,10:37:17
2775,1000,2775000,10:37:16
2774,100,277400,10:37:13
2775,100,277500,10:37:12
2773,100,277300,10:37:11
2774,400,1109600,10:37:09
2775,100,277500,10:37:07
2777,100,277700,10:37:03
2776,500,1388000,10:37:03
2775,300,832500,10:37:02
2775,800,2220000,10:37:02
2775,100,277500,10:37:02
2774,900,2496600,10:37:02
2772,200,554400,10:37:02
2774,100,277400,10:37:02
2773,400,1109200,10:37:02
2774,200,554800,10:37:00
2774,100,277400,10:37:00
2774,100,277400,10:37:00
2774,100,277400,10:36:59
2772,400,1108800,10:36:58
2773,100,277300,10:36:58
2774,400,1109600,10:36:58
2774,100,277400,10:36:55
2775,300,832500,10:36:52
2776,100,277600,10:36:47
2776,100,277600,10:36:47
2775,200,555000,10:36:46
2775,100,277500,10:36:44
2777,100,277700,10:36:43
2776,500,1388000,10:36:42
2777,100,277700,10:36:42
2776,700,1943200,10:36:42
2775,100,277500,10:36:41
2774,300,832200,10:36:41
2774,300,832200,10:36:41
2774,100,277400,10:36:41
2772,100,277200,10:36:40
2773,400,1109200,10:36:40
2773,100,277300,10:36:38
2773,600,1663800,10:36:38
2772,400,1108800,10:36:38
2772,500,1386000,10:36:38
2772,100,277200,10:36:36
2772,200,554400,10:36:35
2772,200,554400,10:36:34
2771,300,831300,10:36:33
2772,100,277200,10:36:32
2771,100,277100,10:36:32
2771,100,277100,10:36:30
2771,1000,2771000,10:36:30
2772,200,554400,10:36:28
2771,1000,2771000,10:36:27
2771,300,831300,10:36:26
2771,200,554200,10:36:26
2772,1600,4435200,10:36:26
2772,100,277200,10:36:26
2772,500,1386000,10:36:25
2772,100,277200,10:36:25
2772,600,1663200,10:36:25
2772,1000,2772000,10:36:25
2772,200,554400,10:36:25
2772,200,554400,10:36:25
2772,100,277200,10:36:25
2772,100,277200,10:36:25
2772,200,554400,10:36:25
2773,100,277300,10:36:25
2773,200,554600,10:36:25
2773,100,277300,10:36:25
2773,100,277300,10:36:24
2774,700,1941800,10:36:24
2774,100,277400,10:36:24
2774,100,277400,10:36:24
2774,100,277400,10:36:24
2775,7100,19702500,10:36:24
2775,500,1387500,10:36:24
2775,100,277500,10:36:24
2775,200,555000,10:36:24
2775,100,277500,10:36:24
2775,100,277500,10:36:24
2776,3400,9438400,10:36:24
2776,100,277600,10:36:24
2777,3600,9997200,10:36:24
2777,100,277700,10:36:24
2777,200,555400,10:36:24
2777,300,833100,10:36:23
2777,500,1388500,10:36:23
2777,600,1666200,10:36:22
2778,300,833400,10:36:22
2778,100,277800,10:36:21
2778,100,277800,10:36:21
2779,100,277900,10:36:18
2780,100,278000,10:36:15
2781,100,278100,10:36:12
2781,700,1946700,10:36:12
2780,400,1112000,10:36:12
2778,200,555600,10:36:12
2778,200,555600,10:36:11
2778,100,277800,10:36:11
2779,100,277900,10:36:11
2780,100,278000,10:36:11
2779,400,1111600,10:36:11
2778,200,555600,10:36:11
2778,600,1666800,10:36:11
2778,100,277800,10:36:11
2778,100,277800,10:36:11
2778,100,277800,10:36:11
2779,1200,3334800,10:36:11
2780,10100,28078000,10:36:11
2780,200,556000,10:36:11
2780,200,556000,10:36:09
2781,200,556200,10:36:08
2781,100,278100,10:36:06
2781,200,556200,10:36:06
2780,100,278000,10:36:05
2781,100,278100,10:36:02
2783,600,1669800,10:36:02
2782,600,1669200,10:36:02
2781,100,278100,10:36:02
2781,100,278100,10:36:02
2781,500,1390500,10:36:01
2781,200,556200,10:36:01
2780,400,1112000,10:35:58
2781,500,1390500,10:35:45
2782,600,1669200,10:35:40
2781,500,1390500,10:35:40
2782,100,278200,10:35:37
2782,100,278200,10:35:33
2782,100,278200,10:35:33
2782,100,278200,10:35:33
2782,100,278200,10:35:33
2782,100,278200,10:35:33
2782,100,278200,10:35:32
2783,100,278300,10:35:31
2783,1600,4452800,10:35:31
2782,100,278200,10:35:29
2782,600,1669200,10:35:29
2781,500,1390500,10:35:28
2782,100,278200,10:35:25
2782,500,1391000,10:35:25
2782,100,278200,10:35:24
2782,100,278200,10:35:19
2782,100,278200,10:35:18
2780,100,278000,10:35:09
2780,100,278000,10:35:08
2781,300,834300,10:35:08
2782,100,278200,10:35:08
2782,700,1947400,10:35:08
2780,800,2224000,10:35:08
2781,100,278100,10:35:08
2781,200,556200,10:35:08
2781,100,278100,10:35:07
2782,200,556400,10:35:04
2781,1300,3615300,10:35:03
2782,300,834600,10:35:02
2782,100,278200,10:35:01
2783,100,278300,10:34:58
2784,500,1392000,10:34:57
2783,100,278300,10:34:57
2784,100,278400,10:34:53
2784,100,278400,10:34:53
2785,200,557000,10:34:50
2785,100,278500,10:34:49
2783,300,834900,10:34:46
2781,500,1390500,10:34:44
2782,900,2503800,10:34:44
2783,1300,3617900,10:34:44
2783,300,834900,10:34:44
2784,100,278400,10:34:43
2785,1300,3620500,10:34:43
2786,100,278600,10:34:42
2786,100,278600,10:34:39
2786,300,835800,10:34:39
2787,700,1950900,10:34:37
2788,200,557600,10:34:35
2789,100,278900,10:34:31
2789,800,2231200,10:34:24
2789,100,278900,10:34:24
2789,200,557800,10:34:24
2789,200,557800,10:34:24
2788,300,836400,10:34:23
2788,100,278800,10:34:19
2788,100,278800,10:34:15
2788,100,278800,10:34:14
2788,100,278800,10:34:09
2788,100,278800,10:34:09
2787,200,557400,10:34:07
2789,100,278900,10:34:05
2788,100,278800,10:34:05
2788,300,836400,10:34:02
2786,100,278600,10:34:02
2786,100,278600,10:34:01
2788,1800,5018400,10:34:01
2787,1200,3344400,10:34:01
2787,600,1672200,10:33:52
2787,100,278700,10:33:49
2786,600,1671600,10:33:48
2785,600,1671000,10:33:48
2783,100,278300,10:33:44
2784,100,278400,10:33:41
2785,600,1671000,10:33:38
2785,300,835500,10:33:38
2786,300,835800,10:33:37
2786,200,557200,10:33:32
2787,100,278700,10:33:24
2787,200,557400,10:33:24
2786,1000,2786000,10:33:16
2784,100,278400,10:33:16
2785,900,2506500,10:33:16
2786,500,1393000,10:33:10
2785,200,557000,10:33:10
2785,600,1671000,10:33:10
2786,100,278600,10:33:09
2786,100,278600,10:33:04
2786,100,278600,10:33:04
2786,100,278600,10:33:04
2786,300,835800,10:33:02
2787,100,278700,10:32:53
2786,100,278600,10:32:49
2786,1600,4457600,10:32:49
2787,700,1950900,10:32:49
2789,100,278900,10:32:48
2789,100,278900,10:32:48
2789,100,278900,10:32:47
2788,300,836400,10:32:47
2788,300,836400,10:32:46
2787,400,1114800,10:32:40
2785,100,278500,10:32:37
2786,200,557200,10:32:36
2785,100,278500,10:32:33
2785,200,557000,10:32:31
2786,100,278600,10:32:30
2786,100,278600,10:32:25
2786,100,278600,10:32:25
2786,100,278600,10:32:25
2785,100,278500,10:32:25
2784,400,1113600,10:32:24
2785,400,1114000,10:32:23
2785,100,278500,10:32:20
2784,100,278400,10:32:19
2785,300,835500,10:32:19
2785,100,278500,10:32:19
2785,200,557000,10:32:17
2785,200,557000,10:32:17
2785,200,557000,10:32:17
2784,100,278400,10:32:17
2783,100,278300,10:32:11
2784,700,1948800,10:32:11
2784,100,278400,10:32:11
2784,100,278400,10:32:11
2784,300,835200,10:32:08
2784,300,835200,10:32:08
2783,300,834900,10:32:07
2782,100,278200,10:32:07
2782,100,278200,10:32:07
2782,100,278200,10:32:07
2783,300,834900,10:32:05
2784,100,278400,10:32:04
2785,100,278500,10:32:04
2785,300,835500,10:32:02
2784,400,1113600,10:32:01
2784,100,278400,10:32:01
2784,100,278400,10:32:01
2785,500,1392500,10:31:59
2784,100,278400,10:31:58
2783,200,556600,10:31:58
2783,100,278300,10:31:54
2783,100,278300,10:31:51
2784,100,278400,10:31:50
2784,100,278400,10:31:49
2782,200,556400,10:31:49
2782,400,1112800,10:31:49
2783,200,556600,10:31:49
2783,200,556600,10:31:48
2782,300,834600,10:31:48
2782,200,556400,10:31:48
2782,100,278200,10:31:47
2783,500,1391500,10:31:47
2785,100,278500,10:31:45
2784,1300,3619200,10:31:44
2784,100,278400,10:31:43
2785,200,557000,10:31:43
2786,200,557200,10:31:41
2785,100,278500,10:31:39
2785,100,278500,10:31:39
2786,100,278600,10:31:39
2785,100,278500,10:31:37
2785,500,1392500,10:31:32
2785,1200,3342000,10:31:32
2786,300,835800,10:31:32
2786,200,557200,10:31:32
2785,300,835500,10:31:32
2786,900,2507400,10:31:32
2785,100,278500,10:31:30
2786,100,278600,10:31:30
2787,100,278700,10:31:26
2786,300,835800,10:31:26
2784,100,278400,10:31:25
2784,200,556800,10:31:25
2785,100,278500,10:31:25
2785,200,557000,10:31:24
2785,100,278500,10:31:24
2785,100,278500,10:31:23
2785,100,278500,10:31:23
2787,100,278700,10:31:21
2786,1500,4179000,10:31:20
2787,100,278700,10:31:20
2787,200,557400,10:31:20
2786,100,278600,10:31:20
2785,500,1392500,10:31:19
2785,100,278500,10:31:18
2785,200,557000,10:31:16
2785,100,278500,10:31:16
2785,100,278500,10:31:15
2786,100,278600,10:31:14
2786,100,278600,10:31:11
2785,100,278500,10:31:11
2786,100,278600,10:31:11
2786,100,278600,10:31:11
2786,100,278600,10:31:11
2786,100,278600,10:31:10
2787,100,278700,10:31:10
2787,100,278700,10:31:10
2787,100,278700,10:31:10
2787,100,278700,10:31:10
2788,200,557600,10:31:10
2788,100,278800,10:31:10
2788,300,836400,10:31:10
2788,200,557600,10:31:10
2789,100,278900,10:31:10
2789,100,278900,10:31:10
2790,8100,22599000,10:31:10
2790,100,279000,10:31:10
2790,100,279000,10:31:10
2791,1100,3070100,10:31:10
2792,600,1675200,10:31:10
2793,300,837900,10:31:10
2794,900,2514600,10:31:10
2795,1700,4751500,10:31:10
2796,400,1118400,10:31:10
2797,100,279700,10:31:09
2797,300,839100,10:31:06
2797,100,279700,10:31:03
2796,300,838800,10:31:01
2799,300,839700,10:30:50
2799,300,839700,10:30:48
2797,100,279700,10:30:48
2798,100,279800,10:30:47
2798,300,839400,10:30:47
2798,300,839400,10:30:47
2799,300,839700,10:30:41
2799,200,559800,10:30:35
2798,800,2238400,10:30:33
2796,100,279600,10:30:33
2795,100,279500,10:30:28
2796,200,559200,10:30:28
2796,900,2516400,10:30:25
2797,400,1118800,10:30:25
2798,300,839400,10:30:25
2799,100,279900,10:30:16
2798,400,1119200,10:30:12
2799,100,279900,10:30:12
2799,300,839700,10:30:06
2797,100,279700,10:30:02
2798,400,1119200,10:29:59
2799,100,279900,10:29:58
2798,200,559600,10:29:57
2798,200,559600,10:29:57
2798,900,2518200,10:29:57
2798,100,279800,10:29:57
2799,100,279900,10:29:56
2799,100,279900,10:29:53
2799,100,279900,10:29:47
2799,400,1119600,10:29:45
2800,200,560000,10:29:43
2799,600,1679400,10:29:43
2798,100,279800,10:29:40
2798,100,279800,10:29:40
2798,100,279800,10:29:38
2798,100,279800,10:29:38
2798,200,559600,10:29:31
2798,100,279800,10:29:31
2797,200,559400,10:29:30
2797,900,2517300,10:29:24
2795,100,279500,10:29:24
2795,100,279500,10:29:23
2796,100,279600,10:29:19
2796,300,838800,10:29:16
2796,200,559200,10:29:16
2797,200,559400,10:29:16
2798,800,2238400,10:29:16
2800,800,2240000,10:29:12
2800,100,280000,10:29:12
2800,100,280000,10:29:12
2801,200,560200,10:29:10
2800,700,1960000,10:29:02
2801,800,2240800,10:29:02
2802,100,280200,10:29:00
2801,200,560200,10:28:57
2801,100,280100,10:28:56
2800,400,1120000,10:28:55
2800,100,280000,10:28:53
2800,100,280000,10:28:53
2800,100,280000,10:28:52
2799,100,279900,10:28:52
2800,100,280000,10:28:49
2799,900,2519100,10:28:49
2799,100,279900,10:28:48
2799,100,279900,10:28:48
2800,800,2240000,10:28:48
2801,100,280100,10:28:46
2801,100,280100,10:28:44
2801,100,280100,10:28:41
2800,100,280000,10:28:40
2799,100,279900,10:28:38
2799,100,279900,10:28:38
2800,100,280000,10:28:38
2799,100,279900,10:28:38
2800,100,280000,10:28:37
2800,200,560000,10:28:37
2800,100,280000,10:28:37
2800,100,280000,10:28:37
2800,100,280000,10:28:37
2800,1000,2800000,10:28:37
2801,200,560200,10:28:37
2802,100,280200,10:28:35
2804,100,280400,10:28:34
2804,200,560800,10:28:34
2803,100,280300,10:28:34
2802,300,840600,10:28:34
2803,700,1962100,10:28:34
2804,600,1682400,10:28:33
2806,200,561200,10:28:31
2805,700,1963500,10:28:30
2804,100,280400,10:28:30
2803,100,280300,10:28:23
2801,100,280100,10:28:23
2802,400,1120800,10:28:23
2803,300,840900,10:28:22
2804,100,280400,10:28:22
2805,100,280500,10:28:21
2805,200,561000,10:28:20
2803,100,280300,10:28:16
2802,500,1401000,10:28:08
2802,200,560400,10:28:06
2803,600,1681800,10:28:06
2802,100,280200,10:28:04
2801,100,280100,10:28:02
2801,200,560200,10:28:01
2802,200,560400,10:28:00
2803,100,280300,10:27:59
2804,1100,3084400,10:27:55
2807,100,280700,10:27:54
2805,200,561000,10:27:54
2806,100,280600,10:27:53
2806,100,280600,10:27:53
2805,500,1402500,10:27:53
2806,100,280600,10:27:53
2806,400,1122400,10:27:51
2806,400,1122400,10:27:51
2805,100,280500,10:27:42
2805,100,280500,10:27:41
2806,300,841800,10:27:38
2806,100,280600,10:27:37
2805,200,561000,10:27:34
2803,100,280300,10:27:34
2804,100,280400,10:27:33
2804,100,280400,10:27:33
2803,100,280300,10:27:30
2804,100,280400,10:27:28
2804,300,841200,10:27:28
2806,300,841800,10:27:28
2805,200,561000,10:27:28
2805,300,841500,10:27:27
2805,300,841500,10:27:27
2804,200,560800,10:27:27
2803,200,560600,10:27:27
2801,100,280100,10:27:25
2802,600,1681200,10:27:23
2802,100,280200,10:27:23
2804,100,280400,10:27:23
2803,100,280300,10:27:22
2803,100,280300,10:27:22
2803,200,560600,10:27:21
2802,100,280200,10:27:21
2802,400,1120800,10:27:21
2800,100,280000,10:27:21
2801,300,840300,10:27:21
2800,1000,2800000,10:27:21
2800,1900,5320000,10:27:21
2799,100,279900,10:27:20
2799,300,839700,10:27:20
2799,300,839700,10:27:20
2799,100,279900,10:27:18
2798,100,279800,10:27:17
2798,100,279800,10:27:12
2797,100,279700,10:27:12
2799,100,279900,10:27:08
2799,200,559800,10:27:06
2798,100,279800,10:27:06
2798,200,559600,10:27:06
2798,100,279800,10:27:05
2798,100,279800,10:27:03
2797,100,279700,10:27:00
2797,200,559400,10:27:00
2797,100,279700,10:27:00
2797,100,279700,10:26:52
2796,600,1677600,10:26:46
2797,100,279700,10:26:44
2797,200,559400,10:26:44
2798,100,279800,10:26:35
2798,100,279800,10:26:34
2798,200,559600,10:26:30
2798,100,279800,10:26:30
2797,100,279700,10:26:28
2797,200,559400,10:26:28
2796,200,559200,10:26:24
2795,100,279500,10:26:24
2796,1500,4194000,10:26:24
2796,100,279600,10:26:24
2796,100,279600,10:26:24
2796,100,279600,10:26:24
2796,100,279600,10:26:24
2796,100,279600,10:26:24
2797,1400,3915800,10:26:24
2797,100,279700,10:26:23
2798,100,279800,10:26:23
2797,100,279700,10:26:22
2798,100,279800,10:26:22
2798,100,279800,10:26:17
2798,200,559600,10:26:17
2799,100,279900,10:26:15
2799,200,559800,10:26:10
2799,300,839700,10:26:07
2799,200,559800,10:26:07
2800,100,280000,10:26:03
2799,100,279900,10:26:01
2799,200,559800,10:25:57
2798,100,279800,10:25:55
2798,100,279800,10:25:54
2798,100,279800,10:25:48
2798,200,559600,10:25:48
2798,200,559600,10:25:44
2798,200,559600,10:25:37
2798,200,559600,10:25:37
2799,100,279900,10:25:32
2799,200,559800,10:25:26
2799,100,279900,10:25:22
2800,100,280000,10:25:22
2800,100,280000,10:25:22
2800,100,280000,10:25:21
2799,100,279900,10:25:16
2798,500,1399000,10:25:11
2797,100,279700,10:25:10
2797,300,839100,10:25:10
2797,100,279700,10:25:10
2798,400,1119200,10:25:10
2798,400,1119200,10:25:03
2800,200,560000,10:24:58
2799,400,1119600,10:24:58
2799,200,559800,10:24:53
2798,300,839400,10:24:53
2798,100,279800,10:24:48
2798,100,279800,10:24:46
2798,200,559600,10:24:37
2800,200,560000,10:24:35
2799,200,559800,10:24:35
2799,600,1679400,10:24:34
2799,300,839700,10:24:29
2800,100,280000,10:24:28
2800,500,1400000,10:24:28
2800,100,280000,10:24:25
2800,100,280000,10:24:25
2800,100,280000,10:24:25
2800,400,1120000,10:24:25
2799,300,839700,10:24:24
2799,300,839700,10:24:24
2798,300,839400,10:24:24
2796,300,838800,10:24:23
2797,100,279700,10:24:23
2796,200,559200,10:24:20
2796,200,559200,10:24:15
2798,400,1119200,10:24:12
2797,500,1398500,10:24:11
2796,1800,5032800,10:24:11
2795,700,1956500,10:24:11
2794,200,558800,10:24:09
2795,200,559000,10:24:09
2796,100,279600,10:24:05
2797,100,279700,10:24:03
2795,200,559000,10:24:00
2796,100,279600,10:23:58
2795,100,279500,10:23:56
2797,100,279700,10:23:54
2797,100,279700,10:23:54
2797,100,279700,10:23:54
2793,800,2234400,10:23:53
2794,1800,5029200,10:23:53
2795,1500,4192500,10:23:53
2796,300,838800,10:23:53
2796,300,838800,10:23:52
2796,100,279600,10:23:52
2797,200,559400,10:23:52
2797,500,1398500,10:23:52
2798,2500,6995000,10:23:52
2799,200,559800,10:23:52
2799,100,279900,10:23:47
2800,100,280000,10:23:44
2799,700,1959300,10:23:44
2799,300,839700,10:23:42
2798,100,279800,10:23:41
2798,100,279800,10:23:41
2798,300,839400,10:23:35
2798,200,559600,10:23:31
2797,100,279700,10:23:31
2798,100,279800,10:23:29
2798,300,839400,10:23:29
2798,200,559600,10:23:29
2798,100,279800,10:23:29
2798,200,559600,10:23:29
2800,200,560000,10:23:23
2800,300,840000,10:23:23
2800,100,280000,10:23:22
2799,1000,2799000,10:23:22
2799,100,279900,10:23:19
2799,100,279900,10:23:17
2798,100,279800,10:23:15
2799,300,839700,10:23:15
2799,100,279900,10:23:14
2797,800,2237600,10:23:12
2798,100,279800,10:23:12
2799,100,279900,10:23:10
2799,100,279900,10:23:09
2798,100,279800,10:23:07
2800,100,280000,10:23:06
2799,200,559800,10:23:06
2799,200,559800,10:23:06
2799,100,279900,10:23:06
2797,200,559400,10:22:56
2799,400,1119600,10:22:56
2797,100,279700,10:22:55
2798,500,1399000,10:22:54
2800,100,280000,10:22:50
2799,200,559800,10:22:49
2798,200,559600,10:22:44
2798,100,279800,10:22:44
2797,100,279700,10:22:44
2797,100,279700,10:22:44
2796,1100,3075600,10:22:44
2795,500,1397500,10:22:44
2794,400,1117600,10:22:41
2794,100,279400,10:22:36
2794,100,279400,10:22:35
2794,400,1117600,10:22:35
2794,900,2514600,10:22:33
2793,100,279300,10:22:33
2793,100,279300,10:22:33
2795,100,279500,10:22:27
2792,100,279200,10:22:26
2793,100,279300,10:22:26
2794,200,558800,10:22:26
2794,200,558800,10:22:26
2796,500,1398000,10:22:25
2795,800,2236000,10:22:25
2793,100,279300,10:22:24
2794,200,558800,10:22:24
2794,500,1397000,10:22:24
2792,200,558400,10:22:24
2793,500,1396500,10:22:24
2794,100,279400,10:22:24
2793,100,279300,10:22:23
2793,100,279300,10:22:23
2794,600,1676400,10:22:22
2795,800,2236000,10:22:22
2794,100,279400,10:22:21
2794,300,838200,10:22:20
2795,200,559000,10:22:20
2795,300,838500,10:22:20
2795,100,279500,10:22:20
2796,100,279600,10:22:18
2796,100,279600,10:22:18
2796,100,279600,10:22:18
2797,300,839100,10:22:18
2797,100,279700,10:22:18
2798,100,279800,10:22:17
2798,100,279800,10:22:17
2798,100,279800,10:22:17
2799,300,839700,10:22:15
2799,100,279900,10:22:15
2799,100,279900,10:22:15
2800,800,2240000,10:22:15
2798,200,559600,10:22:14
2799,100,279900,10:22:14
2799,100,279900,10:22:14
2799,100,279900,10:22:14
2800,2000,5600000,10:22:14
2800,200,560000,10:22:14
2800,100,280000,10:22:14
2800,100,280000,10:22:14
2800,900,2520000,10:22:14
2800,4600,12880000,10:22:14
2800,200,560000,10:22:14
2800,300,840000,10:22:14
2800,300,840000,10:22:14
2800,300,840000,10:22:14
2801,200,560200,10:22:14
2801,500,1400500,10:22:14
2802,500,1401000,10:22:13
2804,100,280400,10:22:13
2803,900,2522700,10:22:11
2805,400,1122000,10:22:09
2805,100,280500,10:22:06
2805,100,280500,10:22:03
2804,100,280400,10:22:02
2805,200,561000,10:22:02
2806,100,280600,10:22:00
2806,100,280600,10:21:53
2805,200,561000,10:21:53
2805,300,841500,10:21:53
2806,300,841800,10:21:52
2806,500,1403000,10:21:51
2808,200,561600,10:21:51
2806,100,280600,10:21:51
2808,400,1123200,10:21:49
2808,200,561600,10:21:49
2807,400,1122800,10:21:48
2806,100,280600,10:21:48
2807,200,561400,10:21:48
2807,100,280700,10:21:48
2807,800,2245600,10:21:48
2806,200,561200,10:21:47
2806,100,280600,10:21:44
2806,200,561200,10:21:42
2804,100,280400,10:21:41
2805,500,1402500,10:21:41
2806,200,561200,10:21:40
2806,200,561200,10:21:38
2805,100,280500,10:21:34
2806,100,280600,10:21:29
2807,800,2245600,10:21:29
2806,100,280600,10:21:29
2806,100,280600,10:21:27
2806,100,280600,10:21:27
2803,100,280300,10:21:26
2806,200,561200,10:21:25
2804,100,280400,10:21:22
2805,200,561000,10:21:22
2805,200,561000,10:21:21
2805,200,561000,10:21:20
2804,100,280400,10:21:20
2805,100,280500,10:21:20
2804,100,280400,10:21:20
2803,100,280300,10:21:20
2804,500,1402000,10:21:20
2804,100,280400,10:21:19
2803,400,1121200,10:21:19
2803,100,280300,10:21:18
2802,600,1681200,10:21:17
2802,100,280200,10:21:15
2801,400,1120400,10:21:13
2801,500,1400500,10:21:13
2800,100,280000,10:21:08
2800,100,280000,10:21:08
2800,100,280000,10:21:08
2801,100,280100,10:21:06
2800,300,840000,10:21:04
2800,100,280000,10:21:04
2802,100,280200,10:21:03
2802,100,280200,10:21:03
2802,100,280200,10:21:02
2803,100,280300,10:21:02
2803,100,280300,10:21:02
2804,800,2243200,10:21:01
2803,100,280300,10:21:01
2802,100,280200,10:21:01
2802,200,560400,10:21:01
2803,100,280300,10:21:01
2802,2000,5604000,10:21:00
2803,500,1401500,10:21:00
2803,200,560600,10:21:00
2804,1100,3084400,10:21:00
2804,100,280400,10:21:00
2805,400,1122000,10:21:00
2804,100,280400,10:21:00
2802,100,280200,10:21:00
2804,200,560800,10:21:00
2800,1300,3640000,10:21:00
2801,1800,5041800,10:21:00
2802,2400,6724800,10:21:00
2803,1100,3083300,10:21:00
2804,800,2243200,10:21:00
2805,400,1122000,10:21:00
2806,100,280600,10:21:00
2806,400,1122400,10:20:57
2806,300,841800,10:20:57
2807,300,842100,10:20:56
2807,200,561400,10:20:51
2807,200,561400,10:20:47
2807,200,561400,10:20:47
2808,300,842400,10:20:46
2808,100,280800,10:20:45
2809,100,280900,10:20:45
2808,100,280800,10:20:45
2808,100,280800,10:20:45
2808,300,842400,10:20:43
2808,200,561600,10:20:43
2808,200,561600,10:20:43
2808,100,280800,10:20:43
2808,100,280800,10:20:43
2808,400,1123200,10:20:42
2808,100,280800,10:20:41
2808,200,561600,10:20:40
2807,100,280700,10:20:40
2807,100,280700,10:20:40
2806,300,841800,10:20:40
2806,100,280600,10:20:38
2806,400,1122400,10:20:36
2807,100,280700,10:20:36
2807,100,280700,10:20:36
2807,300,842100,10:20:36
2807,100,280700,10:20:36
2807,100,280700,10:20:36
2807,100,280700,10:20:36
2807,300,842100,10:20:36
2808,600,1684800,10:20:36
2807,400,1122800,10:20:36
2805,100,280500,10:20:35
2807,200,561400,10:20:33
2807,300,842100,10:20:31
2806,500,1403000,10:20:31
2806,100,280600,10:20:31
2806,300,841800,10:20:31
2807,300,842100,10:20:29
2806,100,280600,10:20:29
2806,100,280600,10:20:28
2805,100,280500,10:20:28
2805,500,1402500,10:20:28
2805,100,280500,10:20:28
2806,100,280600,10:20:28
2805,300,841500,10:20:28
2806,300,841800,10:20:27
2806,200,561200,10:20:27
2806,200,561200,10:20:27
2808,200,561600,10:20:27
2807,700,1964900,10:20:27
2806,100,280600,10:20:26
2807,100,280700,10:20:25
2806,100,280600,10:20:23
2806,100,280600,10:20:23
2807,100,280700,10:20:23
2807,100,280700,10:20:22
2806,100,280600,10:20:21
2807,100,280700,10:20:21
2807,100,280700,10:20:21
2806,200,561200,10:20:21
2806,300,841800,10:20:21
2807,100,280700,10:20:21
2807,100,280700,10:20:21
2806,500,1403000,10:20:20
2807,500,1403500,10:20:20
2808,1200,3369600,10:20:20
2808,100,280800,10:20:20
2808,100,280800,10:20:19
2808,300,842400,10:20:19
2809,200,561800,10:20:18
2809,100,280900,10:20:18
2809,300,842700,10:20:18
2809,200,561800,10:20:18
2810,1900,5339000,10:20:18
2811,200,562200,10:20:18
2812,100,281200,10:20:17
2812,100,281200,10:20:17
2813,400,1125200,10:20:15
2813,100,281300,10:20:15
2814,200,562800,10:20:14
2814,100,281400,10:20:14
2814,100,281400,10:20:14
2814,400,1125600,10:20:13
2814,100,281400,10:20:13
2814,200,562800,10:20:13
2814,100,281400,10:20:13
2814,200,562800,10:20:13
2814,100,281400,10:20:13
2814,100,281400,10:20:13
2814,100,281400,10:20:12
2813,300,843900,10:20:11
2813,500,1406500,10:20:11
2813,1300,3656900,10:20:11
2812,300,843600,10:20:11
2812,100,281200,10:20:11
2811,200,562200,10:20:11
2811,100,281100,10:20:11
2811,1000,2811000,10:20:11
2811,300,843300,10:20:11
2813,200,562600,10:20:11
2812,200,562400,10:20:09
2813,900,2531700,10:20:09
2812,300,843600,10:20:07
2811,400,1124400,10:20:07
2812,100,281200,10:20:05
2811,100,281100,10:20:05
2813,100,281300,10:20:04
2813,100,281300,10:20:04
2813,100,281300,10:20:04
2812,100,281200,10:20:04
2813,100,281300,10:20:02
2812,200,562400,10:20:02
2812,100,281200,10:20:01
2812,100,281200,10:20:01
2811,700,1967700,10:20:01
2812,100,281200,10:20:01
2812,100,281200,10:20:01
2812,300,843600,10:20:01
2812,100,281200,10:20:01
2813,200,562600,10:20:01
2813,200,562600,10:20:00
2812,300,843600,10:20:00
2812,300,843600,10:20:00
2812,300,843600,10:19:59
2811,100,281100,10:19:58
2811,100,281100,10:19:58
2810,100,281000,10:19:55
2810,800,2248000,10:19:54
2809,300,842700,10:19:53
2809,300,842700,10:19:53
2809,300,842700,10:19:53
2809,300,842700,10:19:53
2809,300,842700,10:19:53
2809,300,842700,10:19:52
2810,200,562000,10:19:52
2810,400,1124000,10:19:52
2810,100,281000,10:19:51
2810,100,281000,10:19:51
2810,100,281000,10:19:51
2810,100,281000,10:19:49
2810,100,281000,10:19:49
2810,900,2529000,10:19:48
2810,400,1124000,10:19:48
2811,100,281100,10:19:48
2812,100,281200,10:19:47
2812,100,281200,10:19:45
2811,100,281100,10:19:44
2811,100,281100,10:19:43
2811,400,1124400,10:19:43
2810,100,281000,10:19:42
2810,600,1686000,10:19:40
2810,200,562000,10:19:40
2810,400,1124000,10:19:40
2810,100,281000,10:19:40
2810,100,281000,10:19:39
2810,100,281000,10:19:39
2810,800,2248000,10:19:39
2810,100,281000,10:19:39
2810,300,843000,10:19:39
2810,200,562000,10:19:39
2810,1000,2810000,10:19:39
2810,200,562000,10:19:39
2810,300,843000,10:19:39
2810,100,281000,10:19:39
2810,100,281000,10:19:39
2810,100,281000,10:19:39
2810,100,281000,10:19:39
2810,100,281000,10:19:38
2810,300,843000,10:19:37
2810,100,281000,10:19:37
2809,100,280900,10:19:37
2810,100,281000,10:19:36
2809,100,280900,10:19:34
2809,100,280900,10:19:34
2809,200,561800,10:19:34
2809,100,280900,10:19:34
2809,100,280900,10:19:33
2807,700,1964900,10:19:30
2807,200,561400,10:19:29
2808,100,280800,10:19:27
2809,800,2247200,10:19:25
2808,200,561600,10:19:25
2808,100,280800,10:19:22
2808,400,1123200,10:19:22
2808,100,280800,10:19:21
2807,900,2526300,10:19:21
2809,100,280900,10:19:21
2808,200,561600,10:19:21
2807,400,1122800,10:19:20
2808,100,280800,10:19:18
2806,100,280600,10:19:15
2807,200,561400,10:19:15
2807,200,561400,10:19:15
2807,200,561400,10:19:15
2807,100,280700,10:19:15
2807,100,280700,10:19:15
2808,100,280800,10:19:14
2808,300,842400,10:19:14
2807,200,561400,10:19:13
2807,100,280700,10:19:13
2807,100,280700,10:19:13
2806,100,280600,10:19:12
2806,100,280600,10:19:12
2805,100,280500,10:19:12
2805,100,280500,10:19:10
2806,2000,5612000,10:19:09
2805,800,2244000,10:19:08
2808,100,280800,10:19:07
2805,200,561000,10:19:07
2807,200,561400,10:19:06
2807,200,561400,10:19:05
2807,100,280700,10:19:04
2807,100,280700,10:19:04
2807,100,280700,10:19:04
2806,300,841800,10:19:03
2805,1400,3927000,10:19:03
2804,100,280400,10:19:02
2804,100,280400,10:18:59
2804,300,841200,10:18:57
2804,300,841200,10:18:57
2803,1000,2803000,10:18:56
2802,100,280200,10:18:55
2802,200,560400,10:18:55
2802,100,280200,10:18:53
2803,600,1681800,10:18:53
2802,600,1681200,10:18:53
2801,300,840300,10:18:53
2800,100,280000,10:18:50
2800,100,280000,10:18:50
2801,300,840300,10:18:50
2800,100,280000,10:18:50
2800,100,280000,10:18:50
2799,200,559800,10:18:50
2798,300,839400,10:18:50
2798,500,1399000,10:18:50
2797,200,559400,10:18:50
2797,100,279700,10:18:50
2797,100,279700,10:18:50
2797,100,279700,10:18:50
2796,100,279600,10:18:50
2798,100,279800,10:18:50
2796,200,559200,10:18:50
2797,2000,5594000,10:18:50
2798,100,279800,10:18:50
2799,100,279900,10:18:50
2798,500,1399000,10:18:50
2799,300,839700,10:18:50
2800,3300,9240000,10:18:50
2801,2200,6162200,10:18:50
2802,600,1681200,10:18:50
2802,200,560400,10:18:49
2803,100,280300,10:18:47
2803,100,280300,10:18:47
2802,1000,2802000,10:18:47
2801,100,280100,10:18:43
2802,200,560400,10:18:37
2802,200,560400,10:18:37
2801,100,280100,10:18:37
2800,100,280000,10:18:32
2801,100,280100,10:18:32
2801,300,840300,10:18:32
2801,300,840300,10:18:32
2801,100,280100,10:18:32
2802,100,280200,10:18:29
2802,200,560400,10:18:25
2803,400,1121200,10:18:24
2802,200,560400,10:18:23
2802,100,280200,10:18:21
2802,200,560400,10:18:20
2801,200,560200,10:18:18
2800,100,280000,10:18:08
2802,400,1120800,10:18:07
2803,200,560600,10:18:05
2803,300,840900,10:18:05
2802,100,280200,10:18:04
2802,100,280200,10:18:03
2803,100,280300,10:18:01
2802,100,280200,10:18:01
2801,100,280100,10:18:01
2801,300,840300,10:18:01
2802,100,280200,10:18:00
2802,200,560400,10:18:00
2803,200,560600,10:18:00
2803,500,1401500,10:18:00
2803,100,280300,10:18:00
2803,100,280300,10:18:00
2802,2400,6724800,10:18:00
2802,200,560400,10:17:59
2802,200,560400,10:17:59
2802,200,560400,10:17:59
2801,700,1960700,10:17:58
2801,200,560200,10:17:58
2801,200,560200,10:17:58
2801,200,560200,10:17:58
2801,300,840300,10:17:56
2800,100,280000,10:17:56
2799,200,559800,10:17:56
2799,100,279900,10:17:56
2799,100,279900,10:17:56
2799,100,279900,10:17:55
2800,100,280000,10:17:55
2799,100,279900,10:17:55
2799,100,279900,10:17:51
2799,100,279900,10:17:49
2799,100,279900,10:17:49
2800,400,1120000,10:17:48
2799,200,559800,10:17:48
2797,100,279700,10:17:43
2797,100,279700,10:17:43
2797,100,279700,10:17:43
2799,900,2519100,10:17:40
2799,100,279900,10:17:39
2798,100,279800,10:17:39
2798,100,279800,10:17:37
2800,100,280000,10:17:35
2798,100,279800,10:17:34
2799,100,279900,10:17:32
2798,100,279800,10:17:31
2798,500,1399000,10:17:31
2799,100,279900,10:17:31
2799,400,1119600,10:17:30
2800,100,280000,10:17:28
2800,100,280000,10:17:26
2798,100,279800,10:17:25
2799,100,279900,10:17:25
2799,200,559800,10:17:20
2799,100,279900,10:17:20
2799,200,559800,10:17:20
2799,200,559800,10:17:20
2799,200,559800,10:17:20
2800,200,560000,10:17:20
2800,300,840000,10:17:20
2802,100,280200,10:17:17
2802,100,280200,10:17:15
2800,300,840000,10:17:15
2801,100,280100,10:17:14
2801,100,280100,10:17:14
2802,400,1120800,10:17:12
2804,700,1962800,10:17:10
2804,600,1682400,10:17:10
2803,100,280300,10:17:08
2803,300,840900,10:17:05
2805,200,561000,10:17:03
2804,100,280400,10:17:03
2805,700,1963500,10:17:02
2804,100,280400,10:17:02
2804,100,280400,10:17:01
2805,100,280500,10:17:00
2805,400,1122000,10:17:00
2805,300,841500,10:17:00
2805,100,280500,10:17:00
2805,200,561000,10:17:00
2805,100,280500,10:17:00
2805,800,2244000,10:17:00
2805,200,561000,10:17:00
2805,200,561000,10:17:00
2805,200,561000,10:17:00
2805,200,561000,10:17:00
2805,700,1963500,10:17:00
2805,2700,7573500,10:17:00
2804,100,280400,10:17:00
2804,500,1402000,10:17:00
2803,1400,3924200,10:17:00
2802,300,840600,10:16:54
2802,100,280200,10:16:54
2800,200,560000,10:16:54
2802,500,1401000,10:16:53
2801,2000,5602000,10:16:53
2800,500,1400000,10:16:53
2800,100,280000,10:16:53
2799,800,2239200,10:16:53
2799,100,279900,10:16:53
2801,300,840300,10:16:53
2800,200,560000,10:16:51
2800,600,1680000,10:16:51
2799,100,279900,10:16:51
2798,100,279800,10:16:50
2799,300,839700,10:16:49
2799,300,839700,10:16:49
2800,200,560000,10:16:47
2801,100,280100,10:16:45
2801,1100,3081100,10:16:45
2801,1400,3921400,10:16:45
2801,5000,14005000,10:16:45
2800,100,280000,10:16:45
2799,100,279900,10:16:45
2801,200,560200,10:16:45
2801,100,280100,10:16:44
2800,100,280000,10:16:44
2800,200,560000,10:16:43
2801,200,560200,10:16:43
2802,500,1401000,10:16:43
2802,100,280200,10:16:42
2802,200,560400,10:16:40
2802,400,1120800,10:16:40
2801,500,1400500,10:16:40
2800,400,1120000,10:16:40
2800,100,280000,10:16:40
2800,800,2240000,10:16:40
2800,100,280000,10:16:40
2800,1300,3640000,10:16:40
2800,100,280000,10:16:40
2800,100,280000,10:16:40
2800,100,280000,10:16:40
2800,500,1400000,10:16:40
2800,500,1400000,10:16:40
2799,100,279900,10:16:39
2799,100,279900,10:16:38
2798,200,559600,10:16:32
2799,100,279900,10:16:32
2799,100,279900,10:16:29
2797,100,279700,10:16:28
2800,200,560000,10:16:28
2799,700,1959300,10:16:28
2798,200,559600,10:16:22
2797,100,279700,10:16:19
2796,100,279600,10:16:15
2797,100,279700,10:16:13
2797,100,279700,10:16:13
2796,100,279600,10:16:13
2796,100,279600,10:16:13
2796,100,279600,10:16:13
2795,200,559000,10:16:13
2794,100,279400,10:16:10
2795,100,279500,10:16:10
2795,300,838500,10:16:10
2794,500,1397000,10:16:10
2795,400,1118000,10:16:09
2796,100,279600,10:16:09
2796,300,838800,10:16:08
2798,2600,7274800,10:16:08
2798,200,559600,10:16:08
2798,100,279800,10:16:08
2798,1200,3357600,10:16:08
2797,800,2237600,10:16:08
2796,100,279600,10:16:08
2796,100,279600,10:16:08
2796,900,2516400,10:16:08
2797,100,279700,10:16:08
2797,100,279700,10:16:08
2798,200,559600,10:16:08
2798,200,559600,10:16:08
2798,100,279800,10:16:08
2798,1400,3917200,10:16:08
2797,1600,4475200,10:16:08
2796,300,838800,10:16:08
2796,100,279600,10:16:07
2797,500,1398500,10:16:07
2798,100,279800,10:16:07
2798,100,279800,10:16:04
2797,100,279700,10:16:01
2796,100,279600,10:15:55
2797,600,1678200,10:15:55
2798,200,559600,10:15:50
2797,400,1118800,10:15:50
2798,100,279800,10:15:50
2799,100,279900,10:15:50
2798,200,559600,10:15:50
2799,700,1959300,10:15:50
2800,100,280000,10:15:49
2800,200,560000,10:15:49
2800,200,560000,10:15:49
2800,200,560000,10:15:49
2799,400,1119600,10:15:49
2799,200,559800,10:15:49
2799,200,559800,10:15:49
2799,200,559800,10:15:49
2799,500,1399500,10:15:49
2798,1900,5316200,10:15:49
2798,100,279800,10:15:49
2798,100,279800,10:15:49
2797,700,1957900,10:15:49
2796,200,559200,10:15:48
2797,100,279700,10:15:47
2796,200,559200,10:15:47
2796,100,279600,10:15:47
2796,100,279600,10:15:46
2796,300,838800,10:15:46
2795,1000,2795000,10:15:46
2794,600,1676400,10:15:46
2794,100,279400,10:15:46
2793,2000,5586000,10:15:46
2792,300,837600,10:15:46
2791,100,279100,10:15:38
2791,100,279100,10:15:38
2792,100,279200,10:15:38
2792,100,279200,10:15:37
2792,100,279200,10:15:30
2791,200,558200,10:15:22
2793,800,2234400,10:15:17
2792,400,1116800,10:15:17
2790,100,279000,10:15:15
2791,500,1395500,10:15:07
2791,100,279100,10:15:06
2790,100,279000,10:14:55
2791,100,279100,10:14:54
2790,200,558000,10:14:51
2790,100,279000,10:14:48
2790,100,279000,10:14:47
2790,100,279000,10:14:44
2790,100,279000,10:14:44
2791,100,279100,10:14:43
2791,300,837300,10:14:43
2791,300,837300,10:14:43
2791,300,837300,10:14:43
2792,100,279200,10:14:43
2792,100,279200,10:14:41
2791,100,279100,10:14:41
2790,100,279000,10:14:41
2790,200,558000,10:14:41
2790,100,279000,10:14:40
2790,400,1116000,10:14:37
2790,100,279000,10:14:36
2791,100,279100,10:14:34
2790,100,279000,10:14:32
2791,600,1674600,10:14:30
2792,100,279200,10:14:30
2792,400,1116800,10:14:30
2790,100,279000,10:14:30
2791,100,279100,10:14:27
2792,200,558400,10:14:23
2790,200,558000,10:14:21
2790,600,1674000,10:14:21
2791,100,279100,10:14:20
2791,400,1116400,10:14:18
2788,100,278800,10:14:15
2787,700,1950900,10:14:14
2788,300,836400,10:14:14
2789,700,1952300,10:14:14
2790,200,558000,10:14:10
2789,500,1394500,10:14:10
2786,100,278600,10:14:10
2787,700,1950900,10:14:10
2788,200,557600,10:14:10
2788,100,278800,10:14:09
2789,100,278900,10:14:05
2789,100,278900,10:14:05
2790,200,558000,10:14:05
2790,1500,4185000,10:14:05
2789,400,1115600,10:14:04
2789,100,278900,10:14:03
2788,800,2230400,10:14:03
2788,400,1115200,10:14:03
2788,300,836400,10:14:03
2789,100,278900,10:14:01
2788,200,557600,10:14:01
2787,200,557400,10:13:59
2788,100,278800,10:13:59
2788,300,836400,10:13:59
2786,200,557200,10:13:58
2787,200,557400,10:13:56
2787,500,1393500,10:13:56
2785,200,557000,10:13:52
2784,100,278400,10:13:48
2785,100,278500,10:13:48
2785,100,278500,10:13:48
2785,100,278500,10:13:44
2785,300,835500,10:13:43
2786,300,835800,10:13:43
2787,100,278700,10:13:41
2786,200,557200,10:13:41
2786,100,278600,10:13:41
2786,500,1393000,10:13:41
2786,100,278600,10:13:41
2785,300,835500,10:13:40
2787,100,278700,10:13:39
2785,200,557000,10:13:39
2785,100,278500,10:13:38
2785,100,278500,10:13:37
2788,2000,5576000,10:13:37
2787,1300,3623100,10:13:37
2786,1700,4736200,10:13:37
2785,800,2228000,10:13:37
2784,200,556800,10:13:37
2784,1100,3062400,10:13:36
2785,300,835500,10:13:35
2785,100,278500,10:13:35
2785,100,278500,10:13:35
2785,100,278500,10:13:35
2785,100,278500,10:13:35
2785,100,278500,10:13:35
2785,100,278500,10:13:35
2784,200,556800,10:13:34
2783,300,834900,10:13:33
2783,100,278300,10:13:33
2783,100,278300,10:13:33
2783,100,278300,10:13:33
2783,100,278300,10:13:33
2782,100,278200,10:13:33
2782,100,278200,10:13:32
2782,400,1112800,10:13:32
2781,100,278100,10:13:32
2780,200,556000,10:13:30
2779,200,555800,10:13:29
2778,100,277800,10:13:26
2778,100,277800,10:13:26
2778,100,277800,10:13:26
2778,300,833400,10:13:25
2778,200,555600,10:13:23
2778,300,833400,10:13:22
2778,200,555600,10:13:22
2781,600,1668600,10:13:08
2780,100,278000,10:13:08
2780,100,278000,10:13:00
2778,100,277800,10:12:59
2778,100,277800,10:12:53
2778,100,277800,10:12:53
2779,100,277900,10:12:52
2779,300,833700,10:12:52
2779,300,833700,10:12:52
2780,300,834000,10:12:51
2781,100,278100,10:12:49
2781,100,278100,10:12:38
2781,100,278100,10:12:34
2782,100,278200,10:12:29
2780,100,278000,10:12:27
2780,100,278000,10:12:27
2778,100,277800,10:12:25
2777,100,277700,10:12:23
2777,300,833100,10:12:20
2777,300,833100,10:12:20
2779,100,277900,10:12:13
2778,100,277800,10:12:12
2778,100,277800,10:12:08
2778,100,277800,10:12:04
2778,800,2222400,10:12:00
2779,100,277900,10:11:59
2780,100,278000,10:11:59
2780,300,834000,10:11:57
2780,700,1946000,10:11:57
2779,200,555800,10:11:51
2780,500,1390000,10:11:48
2780,100,278000,10:11:48
2779,100,277900,10:11:47
2779,100,277900,10:11:42
2779,200,555800,10:11:40
2779,100,277900,10:11:40
2778,200,555600,10:11:39
2778,100,277800,10:11:39
2778,1700,4722600,10:11:39
2778,1100,3055800,10:11:33
2778,500,1389000,10:11:33
2779,200,555800,10:11:26
2779,100,277900,10:11:26
2778,600,1666800,10:11:25
2779,200,555800,10:11:25
2779,300,833700,10:11:21
2780,100,278000,10:11:21
2780,100,278000,10:11:21
2781,1200,3337200,10:11:20
2782,200,556400,10:11:19
2782,100,278200,10:11:15
2782,100,278200,10:11:14
2781,100,278100,10:11:08
2782,200,556400,10:11:00
2781,200,556200,10:11:00
2781,500,1390500,10:11:00
2782,100,278200,10:11:00
2781,700,1946700,10:10:58
2781,100,278100,10:10:58
2780,200,556000,10:10:57
2779,100,277900,10:10:51
2779,100,277900,10:10:47
2781,300,834300,10:10:46
2780,100,278000,10:10:46
2780,300,834000,10:10:46
2780,700,1946000,10:10:46
2781,100,278100,10:10:45
2781,100,278100,10:10:39
2782,200,556400,10:10:38
2783,100,278300,10:10:38
2782,200,556400,10:10:36
2782,100,278200,10:10:36
2781,400,1112400,10:10:27
2780,100,278000,10:10:27
2780,400,1112000,10:10:27
2780,100,278000,10:10:26
2779,700,1945300,10:10:25
2780,200,556000,10:10:24
2780,600,1668000,10:10:20
2781,100,278100,10:10:20
2781,200,556200,10:10:20
2781,200,556200,10:10:20
2781,200,556200,10:10:20
2780,100,278000,10:10:18
2779,300,833700,10:10:17
2780,500,1390000,10:10:17
2779,200,555800,10:10:16
2780,100,278000,10:10:15
2780,100,278000,10:10:15
2779,400,1111600,10:10:14
2779,100,277900,10:10:14
2777,200,555400,10:10:10
2777,200,555400,10:10:10
2778,200,555600,10:10:10
2779,100,277900,10:10:09
2778,100,277800,10:10:08
2779,400,1111600,10:10:08
2778,400,1111200,10:10:08
2777,200,555400,10:10:07
2777,100,277700,10:10:07
2777,100,277700,10:10:07
2778,100,277800,10:10:06
2778,100,277800,10:10:06
2778,300,833400,10:10:04
2780,200,556000,10:10:03
2778,100,277800,10:10:03
2780,600,1668000,10:10:02
2779,300,833700,10:10:02
2778,100,277800,10:10:02
2778,900,2500200,10:10:02
2777,200,555400,10:10:01
2776,100,277600,10:10:01
2777,100,277700,10:10:01
2777,100,277700,10:10:01
2777,200,555400,10:10:01
2777,1400,3887800,10:10:01
2777,300,833100,10:10:01
2777,300,833100,10:10:01
2777,300,833100,10:10:01
2777,300,833100,10:10:01
2776,200,555200,10:10:00
2777,1500,4165500,10:10:00
2778,100,277800,10:09:59
2778,600,1666800,10:09:59
2777,100,277700,10:09:58
2778,300,833400,10:09:56
2778,300,833400,10:09:55
2778,1600,4444800,10:09:55
2779,1200,3334800,10:09:54
2779,100,277900,10:09:54
2779,100,277900,10:09:54
2779,100,277900,10:09:54
2780,2700,7506000,10:09:54
2780,300,834000,10:09:54
2780,100,278000,10:09:50
2781,400,1112400,10:09:40
2781,200,556200,10:09:40
2781,100,278100,10:09:39
2781,100,278100,10:09:38
2782,100,278200,10:09:37
2781,200,556200,10:09:35
2781,100,278100,10:09:34
2782,600,1669200,10:09:34
2782,100,278200,10:09:34
2782,100,278200,10:09:34
2783,2300,6400900,10:09:34
2783,100,278300,10:09:26
2784,200,556800,10:09:26
2782,200,556400,10:09:26
2782,200,556400,10:09:25
2782,200,556400,10:09:25
2783,500,1391500,10:09:24
2784,200,556800,10:09:20
2783,200,556600,10:09:20
2784,400,1113600,10:09:20
2784,100,278400,10:09:20
2784,100,278400,10:09:20
2784,600,1670400,10:09:20
2784,100,278400,10:09:20
2784,1300,3619200,10:09:20
2785,4000,11140000,10:09:20
2785,100,278500,10:09:20
2785,100,278500,10:09:20
2785,100,278500,10:09:20
2785,100,278500,10:09:20
2786,200,557200,10:09:11
2786,200,557200,10:09:11
2786,200,557200,10:09:11
2787,200,557400,10:09:07
2788,200,557600,10:09:03
2788,200,557600,10:09:03
2788,300,836400,10:09:03
2788,300,836400,10:09:03
2788,100,278800,10:09:02
2786,200,557200,10:08:59
2787,200,557400,10:08:58
2787,100,278700,10:08:56
2786,100,278600,10:08:55
2786,200,557200,10:08:54
2787,500,1393500,10:08:53
2787,200,557400,10:08:53
2787,100,278700,10:08:52
2788,500,1394000,10:08:51
2788,300,836400,10:08:49
2789,100,278900,10:08:46
2789,200,557800,10:08:45
2789,200,557800,10:08:41
2790,400,1116000,10:08:40
2790,100,279000,10:08:39
2791,200,558200,10:08:38
2791,300,837300,10:08:38
2792,100,279200,10:08:37
2792,100,279200,10:08:37
2792,100,279200,10:08:35
2792,100,279200,10:08:35
2792,100,279200,10:08:31
2792,100,279200,10:08:29
2792,100,279200,10:08:28
2792,100,279200,10:08:28
2792,100,279200,10:08:27
2793,200,558600,10:08:26
2794,100,279400,10:08:26
2792,100,279200,10:08:25
2791,100,279100,10:08:25
2791,100,279100,10:08:24
2792,1500,4188000,10:08:23
2793,500,1396500,10:08:23
2794,1100,3073400,10:08:23
2795,100,279500,10:08:21
2795,100,279500,10:08:20
2794,100,279400,10:08:18
2796,200,559200,10:08:16
2796,600,1677600,10:08:16
2797,100,279700,10:08:16
2796,300,838800,10:08:12
2795,100,279500,10:08:12
2795,100,279500,10:08:12
2794,100,279400,10:08:08
2794,100,279400,10:08:04
2795,800,2236000,10:07:56
2796,100,279600,10:07:54
2796,1600,4473600,10:07:53
2797,600,1678200,10:07:52
2797,600,1678200,10:07:52
2798,100,279800,10:07:51
2797,100,279700,10:07:47
2798,100,279800,10:07:43
2798,100,279800,10:07:41
2798,100,279800,10:07:34
2798,100,279800,10:07:32
2797,100,279700,10:07:29
2798,100,279800,10:07:29
2798,200,559600,10:07:25
2798,100,279800,10:07:17
2798,100,279800,10:07:17
2798,300,839400,10:07:16
2797,100,279700,10:07:14
2797,100,279700,10:07:10
2798,100,279800,10:07:10
2798,100,279800,10:07:10
2798,100,279800,10:07:10
2798,100,279800,10:07:10
2798,100,279800,10:07:10
2798,300,839400,10:07:09
2798,100,279800,10:07:08
2798,300,839400,10:07:04
2798,100,279800,10:07:02
2797,100,279700,10:06:59
2797,200,559400,10:06:59
2797,100,279700,10:06:59
2797,200,559400,10:06:59
2797,200,559400,10:06:59
2798,400,1119200,10:06:58
2798,100,279800,10:06:58
2798,200,559600,10:06:58
2799,100,279900,10:06:57
2799,100,279900,10:06:57
2799,100,279900,10:06:57
2799,100,279900,10:06:57
2798,300,839400,10:06:56
2798,100,279800,10:06:56
2798,300,839400,10:06:56
2798,300,839400,10:06:56
2798,300,839400,10:06:56
2798,900,2518200,10:06:56
2798,2400,6715200,10:06:52
2797,100,279700,10:06:52
2796,800,2236800,10:06:51
2797,100,279700,10:06:46
2798,100,279800,10:06:45
2797,200,559400,10:06:45
2797,100,279700,10:06:42
2797,400,1118800,10:06:40
2798,300,839400,10:06:39
2798,100,279800,10:06:39
2798,300,839400,10:06:33
2798,100,279800,10:06:28
2798,100,279800,10:06:27
2798,100,279800,10:06:24
2798,100,279800,10:06:23
2798,300,839400,10:06:23
2798,100,279800,10:06:21
2797,100,279700,10:06:20
2797,100,279700,10:06:16
2797,100,279700,10:06:16
2796,1000,2796000,10:06:16
2796,300,838800,10:06:11
2797,200,559400,10:06:11
2797,100,279700,10:06:11
2797,100,279700,10:06:11
2797,100,279700,10:06:11
2797,100,279700,10:06:11
2798,200,559600,10:06:10
2797,100,279700,10:06:09
2797,300,839100,10:06:09
2797,300,839100,10:06:09
2798,200,559600,10:06:08
2798,200,559600,10:06:08
2799,300,839700,10:06:07
2799,300,839700,10:06:07
2799,300,839700,10:06:07
2799,300,839700,10:06:07
2799,300,839700,10:06:07
2799,200,559800,10:06:07
2799,800,2239200,10:06:07
2799,100,279900,10:06:07
2798,1200,3357600,10:06:07
2797,3900,10908300,10:06:07
2796,200,559200,10:06:07
2796,500,1398000,10:06:05
2794,400,1117600,10:06:05
2795,100,279500,10:06:05
2794,100,279400,10:06:04
2794,200,558800,10:06:03
2794,100,279400,10:06:03
2794,100,279400,10:06:03
2795,500,1397500,10:06:01
2796,300,838800,10:05:55
2796,200,559200,10:05:55
2794,500,1397000,10:05:54
2795,100,279500,10:05:54
2796,900,2516400,10:05:52
2795,1100,3074500,10:05:52
2794,100,279400,10:05:52
2794,100,279400,10:05:51
2794,100,279400,10:05:51
2795,500,1397500,10:05:51
2795,300,838500,10:05:42
2796,200,559200,10:05:41
2796,300,838800,10:05:39
2796,100,279600,10:05:38
2796,100,279600,10:05:37
2796,100,279600,10:05:29
2798,200,559600,10:05:25
2797,200,559400,10:05:25
2796,100,279600,10:05:25
2795,400,1118000,10:05:24
2795,200,559000,10:05:23
2796,400,1118400,10:05:23
2797,100,279700,10:05:21
2797,100,279700,10:05:19
2797,100,279700,10:05:17
2796,100,279600,10:05:17
2797,900,2517300,10:05:17
2796,100,279600,10:05:16
2796,100,279600,10:05:16
2796,400,1118400,10:05:16
2796,200,559200,10:05:16
2796,100,279600,10:05:13
2797,600,1678200,10:05:12
2797,200,559400,10:05:12
2797,100,279700,10:05:08
2797,100,279700,10:05:07
2797,300,839100,10:05:03
2796,100,279600,10:05:03
2796,200,559200,10:05:00
2795,100,279500,10:04:59
2796,200,559200,10:04:57
2795,1200,3354000,10:04:55
2795,100,279500,10:04:55
2795,100,279500,10:04:55
2795,100,279500,10:04:55
2796,100,279600,10:04:54
2797,100,279700,10:04:51
2797,600,1678200,10:04:51
2796,200,559200,10:04:50
2797,200,559400,10:04:50
2797,100,279700,10:04:50
2798,200,559600,10:04:49
2798,200,559600,10:04:49
2798,100,279800,10:04:49
2798,300,839400,10:04:49
2797,4400,12306800,10:04:49
2797,300,839100,10:04:49
2796,100,279600,10:04:49
2795,200,559000,10:04:47
2795,300,838500,10:04:47
2796,100,279600,10:04:46
2796,200,559200,10:04:46
2796,100,279600,10:04:46
2796,100,279600,10:04:46
2795,100,279500,10:04:44
2795,700,1956500,10:04:44
2795,100,279500,10:04:42
2794,1200,3352800,10:04:41
2793,200,558600,10:04:41
2793,300,837900,10:04:41
2792,700,1954400,10:04:41
2792,100,279200,10:04:40
2791,300,837300,10:04:38
2790,1500,4185000,10:04:38
2790,2000,5580000,10:04:38
2789,2200,6135800,10:04:38
2788,400,1115200,10:04:38
2788,100,278800,10:04:38
2788,200,557600,10:04:38
2788,400,1115200,10:04:36
2788,300,836400,10:04:30
2789,300,836700,10:04:28
2788,400,1115200,10:04:27
2788,100,278800,10:04:27
2787,100,278700,10:04:26
2787,100,278700,10:04:24
2787,100,278700,10:04:23
2787,100,278700,10:04:23
2787,300,836100,10:04:23
2786,400,1114400,10:04:18
2785,100,278500,10:04:14
2785,400,1114000,10:04:14
2785,100,278500,10:04:14
2786,200,557200,10:04:12
2787,300,836100,10:04:12
2787,100,278700,10:04:12
2788,600,1672800,10:04:12
2787,1300,3623100,10:04:12
2787,100,278700,10:04:12
2786,100,278600,10:04:06
2786,100,278600,10:04:06
2787,100,278700,10:04:05
2787,100,278700,10:04:03
2787,100,278700,10:03:59
2786,100,278600,10:03:56
2785,100,278500,10:03:53
2785,100,278500,10:03:47
2787,100,278700,10:03:45
2787,100,278700,10:03:43
2788,100,278800,10:03:42
2788,900,2509200,10:03:39
2788,100,278800,10:03:39
2788,100,278800,10:03:39
2787,1700,4737900,10:03:39
2786,400,1114400,10:03:32
2785,300,835500,10:03:32
2785,600,1671000,10:03:32
2785,1600,4456000,10:03:32
2784,100,278400,10:03:29
2784,100,278400,10:03:29
2785,400,1114000,10:03:29
2785,600,1671000,10:03:28
2785,900,2506500,10:03:28
2784,100,278400,10:03:26
2784,100,278400,10:03:22
2784,800,2227200,10:03:15
2783,100,278300,10:03:14
2783,200,556600,10:03:14
2785,400,1114000,10:03:13
2784,1100,3062400,10:03:13
2783,500,1391500,10:03:13
2781,500,1390500,10:03:09
2782,100,278200,10:03:09
2783,400,1113200,10:03:08
2783,100,278300,10:03:04
2783,1000,2783000,10:03:04
2784,1100,3062400,10:03:03
2783,100,278300,10:03:02
2784,500,1392000,10:02:55
2784,100,278400,10:02:50
2783,100,278300,10:02:48
2782,400,1112800,10:02:42
2782,100,278200,10:02:35
2781,200,556200,10:02:33
2782,300,834600,10:02:33
2783,100,278300,10:02:29
2783,200,556600,10:02:29
2782,600,1669200,10:02:26
2782,200,556400,10:02:26
2782,100,278200,10:02:26
2782,200,556400,10:02:26
2781,100,278100,10:02:26
2781,100,278100,10:02:23
2781,200,556200,10:02:21
2781,200,556200,10:02:21
2781,100,278100,10:02:21
2780,100,278000,10:02:19
2780,2000,5560000,10:02:18
2779,100,277900,10:02:17
2779,100,277900,10:02:16
2779,100,277900,10:02:16
2778,100,277800,10:02:16
2779,100,277900,10:02:14
2779,300,833700,10:02:14
2779,100,277900,10:02:11
2781,100,278100,10:02:10
2780,200,556000,10:02:10
2780,100,278000,10:02:09
2779,100,277900,10:02:08
2779,100,277900,10:02:07
2779,200,555800,10:02:05
2779,100,277900,10:02:05
2780,200,556000,10:02:04
2781,100,278100,10:02:04
2781,300,834300,10:02:03
2778,400,1111200,10:01:59
2779,100,277900,10:01:59
2780,1000,2780000,10:01:59
2780,100,278000,10:01:59
2780,400,1112000,10:01:59
2780,500,1390000,10:01:59
2779,300,833700,10:01:59
2780,500,1390000,10:01:59
2779,200,555800,10:01:58
2778,300,833400,10:01:58
2778,100,277800,10:01:58
2776,100,277600,10:01:58
2776,100,277600,10:01:58
2777,100,277700,10:01:57
2777,1200,3332400,10:01:57
2778,700,1944600,10:01:57
2779,100,277900,10:01:57
2779,100,277900,10:01:57
2777,100,277700,10:01:57
2780,100,278000,10:01:57
2778,500,1389000,10:01:57
2778,1000,2778000,10:01:57
2778,100,277800,10:01:57
2778,700,1944600,10:01:57
2779,1700,4724300,10:01:57
2780,1700,4726000,10:01:57
2782,100,278200,10:01:57
2780,100,278000,10:01:55
2781,100,278100,10:01:55
2782,800,2225600,10:01:54
2782,100,278200,10:01:54
2783,100,278300,10:01:52
2783,300,834900,10:01:48
2784,200,556800,10:01:48
2784,200,556800,10:01:48
2784,200,556800,10:01:48
2784,100,278400,10:01:48
2784,200,556800,10:01:48
2785,100,278500,10:01:43
2785,300,835500,10:01:43
2785,300,835500,10:01:43
2785,100,278500,10:01:43
2785,200,557000,10:01:43
2785,100,278500,10:01:38
2785,100,278500,10:01:35
2786,100,278600,10:01:29
2786,100,278600,10:01:26
2787,100,278700,10:01:25
2787,100,278700,10:01:21
2787,100,278700,10:01:21
2787,100,278700,10:01:21
2788,200,557600,10:01:20
2788,100,278800,10:01:20
2788,100,278800,10:01:20
2789,100,278900,10:01:18
2790,200,558000,10:01:16
2789,100,278900,10:01:15
2790,200,558000,10:01:13
2789,300,836700,10:01:13
2789,100,278900,10:01:13
2789,200,557800,10:01:13
2789,200,557800,10:01:13
2788,100,278800,10:01:12
2788,200,557600,10:01:12
2788,100,278800,10:01:11
2787,100,278700,10:01:09
2788,1000,2788000,10:01:08
2788,800,2230400,10:01:04
2787,1100,3065700,10:01:04
2787,200,557400,10:01:04
2787,100,278700,10:01:04
2787,100,278700,10:01:04
2786,3500,9751000,10:01:04
2785,100,278500,10:01:03
2785,100,278500,10:01:01
2785,100,278500,10:01:01
2785,100,278500,10:01:01
2785,100,278500,10:00:58
2786,100,278600,10:00:57
2785,200,557000,10:00:56
2785,100,278500,10:00:56
2782,100,278200,10:00:43
2782,100,278200,10:00:43
2782,100,278200,10:00:42
2783,100,278300,10:00:36
2784,500,1392000,10:00:36
2783,200,556600,10:00:36
2783,400,1113200,10:00:36
2782,200,556400,10:00:36
2780,2300,6394000,10:00:35
2781,500,1390500,10:00:35
2782,100,278200,10:00:35
2781,100,278100,10:00:35
2781,200,556200,10:00:33
2781,300,834300,10:00:31
2781,100,278100,10:00:30
2782,600,1669200,10:00:30
2782,100,278200,10:00:24
2782,100,278200,10:00:19
2782,200,556400,10:00:12
2783,100,278300,10:00:11
2784,100,278400,10:00:08
2784,100,278400,10:00:08
2784,100,278400,10:00:08
2784,100,278400,09:59:56
2785,200,557000,09:59:56
2786,100,278600,09:59:54
2785,100,278500,09:59:54
2785,100,278500,09:59:54
2785,500,1392500,09:59:53
2785,800,2228000,09:59:53
2786,100,278600,09:59:51
2786,200,557200,09:59:49
2786,100,278600,09:59:46
2787,500,1393500,09:59:45
2786,900,2507400,09:59:45
2785,100,278500,09:59:44
2785,100,278500,09:59:42
2785,100,278500,09:59:42
2785,100,278500,09:59:42
2786,1000,2786000,09:59:42
2787,100,278700,09:59:36
2788,700,1951600,09:59:36
2789,200,557800,09:59:36
2789,600,1673400,09:59:36
2788,400,1115200,09:59:32
2787,100,278700,09:59:30
2787,200,557400,09:59:30
2789,100,278900,09:59:29
2788,100,278800,09:59:29
2788,200,557600,09:59:25
2788,100,278800,09:59:22
2788,300,836400,09:59:16
2788,500,1394000,09:59:15
2788,100,278800,09:59:11
2788,100,278800,09:59:11
2788,100,278800,09:59:11
2786,100,278600,09:59:08
2786,100,278600,09:59:08
2786,200,557200,09:59:08
2786,100,278600,09:59:07
2787,100,278700,09:59:05
2787,400,1114800,09:59:04
2785,200,557000,09:58:56
2785,300,835500,09:58:56
2786,200,557200,09:58:55
2787,100,278700,09:58:52
2787,1200,3344400,09:58:51
2786,200,557200,09:58:46
2786,100,278600,09:58:46
2786,100,278600,09:58:45
2785,300,835500,09:58:42
2786,300,835800,09:58:32
2785,100,278500,09:58:32
2786,300,835800,09:58:31
2785,100,278500,09:58:31
2785,200,557000,09:58:31
2785,300,835500,09:58:25
2785,200,557000,09:58:21
2785,200,557000,09:58:21
2783,100,278300,09:58:20
2784,1000,2784000,09:58:20
2785,100,278500,09:58:12
2785,100,278500,09:58:11
2786,100,278600,09:58:11
2786,100,278600,09:58:11
2786,100,278600,09:58:11
2786,100,278600,09:58:11
2784,500,1392000,09:58:11
2785,500,1392500,09:58:11
2787,400,1114800,09:58:07
2788,200,557600,09:58:05
2788,100,278800,09:58:04
2788,100,278800,09:58:02
2788,100,278800,09:57:58
2787,400,1114800,09:57:54
2788,400,1115200,09:57:50
2787,900,2508300,09:57:50
2786,300,835800,09:57:50
2786,100,278600,09:57:49
2785,100,278500,09:57:43
2786,200,557200,09:57:40
2787,200,557400,09:57:40
2785,300,835500,09:57:38
2784,200,556800,09:57:38
2783,100,278300,09:57:33
2783,100,278300,09:57:20
2784,600,1670400,09:57:20
2785,1000,2785000,09:57:20
2786,100,278600,09:57:15
2785,300,835500,09:57:09
2786,100,278600,09:57:09
2785,300,835500,09:57:05
2785,300,835500,09:57:05
2784,700,1948800,09:57:04
2783,300,834900,09:57:04
2782,100,278200,09:57:04
2781,100,278100,09:57:04
2781,100,278100,09:57:04
2780,100,278000,09:57:04
2781,200,556200,09:57:03
2781,300,834300,09:57:00
2781,400,1112400,09:57:00
2782,400,1112800,09:56:52
2784,100,278400,09:56:49
2784,100,278400,09:56:49
2784,100,278400,09:56:49
2784,100,278400,09:56:49
2783,200,556600,09:56:49
2782,100,278200,09:56:48
2781,100,278100,09:56:43
2782,100,278200,09:56:43
2783,400,1113200,09:56:43
2782,200,556400,09:56:40
2780,200,556000,09:56:39
2782,100,278200,09:56:38
2782,100,278200,09:56:38
2781,200,556200,09:56:37
2781,200,556200,09:56:37
2781,100,278100,09:56:34
2780,100,278000,09:56:34
2780,400,1112000,09:56:30
2781,300,834300,09:56:28
2780,600,1668000,09:56:28
2779,1200,3334800,09:56:28
2778,100,277800,09:56:28
2778,100,277800,09:56:28
2779,1600,4446400,09:56:28
2779,200,555800,09:56:28
2779,500,1389500,09:56:28
2780,100,278000,09:56:22
2779,100,277900,09:56:21
2779,100,277900,09:56:21
2779,100,277900,09:56:21
2780,900,2502000,09:56:20
2780,100,278000,09:56:20
2780,100,278000,09:56:20
2780,200,556000,09:56:20
2780,200,556000,09:56:20
2780,200,556000,09:56:20
2781,300,834300,09:56:19
2782,100,278200,09:56:18
2782,100,278200,09:56:17
2783,100,278300,09:56:17
2783,300,834900,09:56:17
2783,200,556600,09:56:17
2782,200,556400,09:56:17
2782,100,278200,09:56:17
2782,100,278200,09:56:15
2783,200,556600,09:56:14
2782,100,278200,09:56:13
2781,100,278100,09:56:13
2782,600,1669200,09:56:13
2782,400,1112800,09:56:13
2782,100,278200,09:56:12
2784,100,278400,09:56:05
2785,100,278500,09:56:05
2787,200,557400,09:56:03
2790,100,279000,09:56:02
2790,700,1953000,09:56:00
2789,800,2231200,09:56:00
2788,100,278800,09:56:00
2788,200,557600,09:56:00
2788,200,557600,09:56:00
2788,400,1115200,09:56:00
2790,100,279000,09:55:57
2790,100,279000,09:55:57
2788,600,1672800,09:55:51
2787,100,278700,09:55:47
2787,100,278700,09:55:47
2787,100,278700,09:55:46
2787,100,278700,09:55:46
2787,100,278700,09:55:40
2787,200,557400,09:55:40
2786,100,278600,09:55:40
2785,200,557000,09:55:40
2784,400,1113600,09:55:40
2783,1400,3896200,09:55:40
2782,200,556400,09:55:38
2782,200,556400,09:55:38
2783,100,278300,09:55:38
2784,100,278400,09:55:33
2784,100,278400,09:55:32
2783,100,278300,09:55:30
2782,200,556400,09:55:27
2783,200,556600,09:55:26
2783,100,278300,09:55:26
2784,100,278400,09:55:23
2784,300,835200,09:55:23
2785,100,278500,09:55:23
2784,100,278400,09:55:23
2785,300,835500,09:55:23
2784,600,1670400,09:55:23
2783,2200,6122600,09:55:23
2782,1200,3338400,09:55:23
2781,200,556200,09:55:21
2781,100,278100,09:55:18
2782,100,278200,09:55:16
2781,100,278100,09:55:15
2783,100,278300,09:55:14
2782,300,834600,09:55:12
2781,100,278100,09:55:11
2781,100,278100,09:55:09
2781,200,556200,09:55:09
2782,100,278200,09:55:02
2782,100,278200,09:54:58
2783,200,556600,09:54:58
2784,1200,3340800,09:54:58
2785,400,1114000,09:54:58
2786,100,278600,09:54:56
2785,1700,4734500,09:54:56
2785,100,278500,09:54:56
2785,100,278500,09:54:56
2785,100,278500,09:54:56
2785,100,278500,09:54:56
2784,200,556800,09:54:56
2785,100,278500,09:54:56
2785,100,278500,09:54:55
2785,100,278500,09:54:55
2784,100,278400,09:54:55
2786,100,278600,09:54:53
2785,100,278500,09:54:52
2784,200,556800,09:54:52
2784,300,835200,09:54:52
2783,200,556600,09:54:52
2783,200,556600,09:54:52
2783,1200,3339600,09:54:52
2782,200,556400,09:54:52
2781,600,1668600,09:54:47
2780,300,834000,09:54:47
2780,100,278000,09:54:46
2781,100,278100,09:54:45
2779,100,277900,09:54:43
2780,100,278000,09:54:40
2780,100,278000,09:54:33
2781,200,556200,09:54:32
2781,100,278100,09:54:30
2781,300,834300,09:54:30
2781,100,278100,09:54:30
2782,100,278200,09:54:28
2782,200,556400,09:54:25
2782,200,556400,09:54:25
2782,100,278200,09:54:25
2781,100,278100,09:54:25
2781,100,278100,09:54:25
2780,100,278000,09:54:24
2781,100,278100,09:54:23
2779,100,277900,09:54:15
2780,100,278000,09:54:15
2780,100,278000,09:54:11
2781,300,834300,09:54:09
2780,200,556000,09:54:09
2779,300,833700,09:54:09
2779,700,1945300,09:54:08
2780,800,2224000,09:54:08
2780,800,2224000,09:54:08
2778,200,555600,09:54:08
2777,200,555400,09:54:08
2776,600,1665600,09:54:07
2778,100,277800,09:54:07
2776,100,277600,09:54:07
2778,200,555600,09:54:06
2776,100,277600,09:54:05
2777,1500,4165500,09:54:05
2778,200,555600,09:54:01
2779,200,555800,09:54:01
2779,100,277900,09:54:01
2777,300,833100,09:54:00
2778,700,1944600,09:54:00
2780,100,278000,09:54:00
2779,200,555800,09:53:57
2779,100,277900,09:53:56
2780,200,556000,09:53:55
2779,200,555800,09:53:55
2777,100,277700,09:53:53
2778,100,277800,09:53:53
2778,100,277800,09:53:51
2778,100,277800,09:53:49
2778,800,2222400,09:53:49
2779,500,1389500,09:53:49
2780,2300,6394000,09:53:49
2781,100,278100,09:53:48
2780,100,278000,09:53:48
2780,100,278000,09:53:48
2780,100,278000,09:53:47
2782,100,278200,09:53:47
2783,100,278300,09:53:44
2783,100,278300,09:53:44
2784,100,278400,09:53:44
2782,100,278200,09:53:41
2783,1000,2783000,09:53:41
2782,500,1391000,09:53:41
2781,100,278100,09:53:40
2781,1600,4449600,09:53:40
2782,100,278200,09:53:40
2782,1600,4451200,09:53:40
2783,1900,5287700,09:53:40
2784,100,278400,09:53:40
2785,2000,5570000,09:53:40
2786,400,1114400,09:53:39
2787,700,1950900,09:53:38
2787,100,278700,09:53:38
2787,400,1114800,09:53:38
2787,100,278700,09:53:38
2788,1900,5297200,09:53:38
2788,200,557600,09:53:38
2788,200,557600,09:53:38
2788,200,557600,09:53:38
2788,100,278800,09:53:37
2790,100,279000,09:53:36
2790,100,279000,09:53:33
2789,500,1394500,09:53:30
2790,100,279000,09:53:28
2790,100,279000,09:53:18
2790,300,837000,09:53:13
2791,100,279100,09:53:09
2790,200,558000,09:53:07
2789,2000,5578000,09:53:04
2788,300,836400,09:53:04
2787,100,278700,09:53:01
2788,200,557600,09:52:59
2790,100,279000,09:52:56
2790,200,558000,09:52:53
2791,100,279100,09:52:49
2790,100,279000,09:52:45
2790,400,1116000,09:52:45
2789,100,278900,09:52:45
2789,100,278900,09:52:45
2789,100,278900,09:52:45
2788,1200,3345600,09:52:45
2787,200,557400,09:52:40
2787,200,557400,09:52:40
2787,200,557400,09:52:40
2788,100,278800,09:52:40
2791,100,279100,09:52:39
2788,900,2509200,09:52:38
2788,900,2509200,09:52:38
2790,100,279000,09:52:37
2791,300,837300,09:52:35
2790,700,1953000,09:52:35
2790,100,279000,09:52:34
2789,400,1115600,09:52:33
2789,900,2510100,09:52:33
2788,100,278800,09:52:30
2788,100,278800,09:52:25
2789,400,1115600,09:52:25
2788,100,278800,09:52:25
2788,100,278800,09:52:25
2787,200,557400,09:52:22
2787,200,557400,09:52:22
2787,200,557400,09:52:22
2787,500,1393500,09:52:22
2787,200,557400,09:52:22
2787,200,557400,09:52:22
2787,200,557400,09:52:22
2788,100,278800,09:52:21
2789,100,278900,09:52:21
2787,100,278700,09:52:20
2788,400,1115200,09:52:20
2789,100,278900,09:52:20
2788,800,2230400,09:52:16
2788,100,278800,09:52:15
2790,100,279000,09:52:14
2789,100,278900,09:52:13
2789,200,557800,09:52:13
2789,100,278900,09:52:11
2789,200,557800,09:52:10
2788,100,278800,09:52:09
2788,100,278800,09:52:08
2787,100,278700,09:52:08
2787,400,1114800,09:52:07
2786,100,278600,09:52:06
2785,100,278500,09:52:05
2785,400,1114000,09:52:05
2787,100,278700,09:52:04
2786,500,1393000,09:52:01
2786,100,278600,09:52:01
2785,2100,5848500,09:52:01
2785,100,278500,09:51:59
2785,100,278500,09:51:59
2784,100,278400,09:51:59
2783,600,1669800,09:51:51
2782,1300,3616600,09:51:43
2782,500,1391000,09:51:43
2782,200,556400,09:51:35
2782,500,1391000,09:51:35
2782,100,278200,09:51:35
2782,200,556400,09:51:35
2782,100,278200,09:51:35
2782,100,278200,09:51:35
2782,100,278200,09:51:35
2782,100,278200,09:51:35
2781,100,278100,09:51:35
2782,100,278200,09:51:31
2782,100,278200,09:51:28
2782,100,278200,09:51:28
2782,100,278200,09:51:25
2783,100,278300,09:51:25
2785,100,278500,09:51:21
2784,300,835200,09:51:21
2784,300,835200,09:51:21
2784,100,278400,09:51:21
2782,100,278200,09:51:20
2783,100,278300,09:51:20
2783,100,278300,09:51:20
2782,200,556400,09:51:19
2781,300,834300,09:51:19
2781,100,278100,09:51:19
2781,100,278100,09:51:18
2782,300,834600,09:51:17
2781,100,278100,09:51:16
2781,100,278100,09:51:16
2781,600,1668600,09:51:16
2779,200,555800,09:51:13
2780,500,1390000,09:51:13
2780,200,556000,09:51:12
2780,100,278000,09:51:12
2780,100,278000,09:51:12
2780,200,556000,09:51:10
2780,800,2224000,09:51:10
2781,100,278100,09:51:10
2782,200,556400,09:51:05
2783,500,1391500,09:51:02
2784,200,556800,09:51:00
2783,500,1391500,09:51:00
2784,500,1392000,09:51:00
2784,800,2227200,09:51:00
2785,200,557000,09:50:59
2785,300,835500,09:50:58
2785,100,278500,09:50:55
2785,100,278500,09:50:55
2785,100,278500,09:50:54
2785,100,278500,09:50:54
2784,200,556800,09:50:51
2782,100,278200,09:50:51
2784,200,556800,09:50:50
2783,300,834900,09:50:50
2782,100,278200,09:50:50
2781,100,278100,09:50:49
2782,100,278200,09:50:48
2782,1300,3616600,09:50:48
2781,400,1112400,09:50:48
2780,200,556000,09:50:48
2780,100,278000,09:50:48
2780,100,278000,09:50:47
2780,200,556000,09:50:47
2780,100,278000,09:50:47
2781,100,278100,09:50:47
2781,100,278100,09:50:47
2781,100,278100,09:50:47
2782,1000,2782000,09:50:47
2782,100,278200,09:50:43
2782,300,834600,09:50:43
2782,100,278200,09:50:38
2783,100,278300,09:50:38
2783,100,278300,09:50:38
2782,100,278200,09:50:38
2783,1500,4174500,09:50:38
2784,100,278400,09:50:37
2784,100,278400,09:50:37
2784,100,278400,09:50:37
2784,100,278400,09:50:36
2784,100,278400,09:50:36
2784,100,278400,09:50:36
2784,100,278400,09:50:36
2784,100,278400,09:50:36
2785,600,1671000,09:50:36
2785,200,557000,09:50:36
2785,100,278500,09:50:36
2786,500,1393000,09:50:35
2788,100,278800,09:50:35
2787,100,278700,09:50:34
2788,900,2509200,09:50:34
2789,300,836700,09:50:34
2790,200,558000,09:50:34
2790,1300,3627000,09:50:34
2789,100,278900,09:50:33
2787,1200,3344400,09:50:32
2788,1800,5018400,09:50:32
2789,1700,4741300,09:50:32
2790,100,279000,09:50:32
2791,100,279100,09:50:28
2791,600,1674600,09:50:28
2791,200,558200,09:50:28
2791,100,279100,09:50:28
2790,700,1953000,09:50:28
2790,100,279000,09:50:28
2790,100,279000,09:50:28
2790,900,2511000,09:50:28
2791,1300,3628300,09:50:28
2792,1000,2792000,09:50:28
2793,100,279300,09:50:28
2794,100,279400,09:50:28
2794,100,279400,09:50:28
2796,100,279600,09:50:28
2795,100,279500,09:50:28
2795,100,279500,09:50:28
2793,200,558600,09:50:28
2793,100,279300,09:50:22
2793,200,558600,09:50:22
2792,100,279200,09:50:19
2792,300,837600,09:50:19
2791,200,558200,09:50:19
2790,100,279000,09:50:18
2790,100,279000,09:50:18
2790,100,279000,09:50:15
2790,300,837000,09:50:10
2790,1100,3069000,09:50:10
2790,1000,2790000,09:50:10
2791,200,558200,09:50:10
2792,500,1396000,09:50:08
2793,700,1955100,09:50:08
2794,1200,3352800,09:50:08
2797,100,279700,09:50:01
2796,100,279600,09:50:00
2795,100,279500,09:49:58
2795,100,279500,09:49:57
2795,100,279500,09:49:57
2797,500,1398500,09:49:57
2796,500,1398000,09:49:57
2794,100,279400,09:49:55
2795,100,279500,09:49:52
2794,100,279400,09:49:50
2795,100,279500,09:49:50
2795,100,279500,09:49:50
2796,100,279600,09:49:49
2797,100,279700,09:49:48
2797,500,1398500,09:49:47
2797,200,559400,09:49:43
2797,200,559400,09:49:43
2797,200,559400,09:49:43
2797,200,559400,09:49:43
2797,100,279700,09:49:42
2798,100,279800,09:49:40
2796,100,279600,09:49:38
2797,100,279700,09:49:36
2797,100,279700,09:49:34
2797,200,559400,09:49:34
2797,200,559400,09:49:33
2797,300,839100,09:49:33
2796,100,279600,09:49:31
2796,300,838800,09:49:27
2796,200,559200,09:49:24
2795,100,279500,09:49:23
2795,500,1397500,09:49:20
2794,100,279400,09:49:19
2794,100,279400,09:49:19
2793,100,279300,09:49:18
2794,100,279400,09:49:16
2794,100,279400,09:49:14
2793,100,279300,09:49:13
2794,100,279400,09:49:13
2794,100,279400,09:49:11
2794,100,279400,09:49:11
2794,100,279400,09:49:08
2794,100,279400,09:49:07
2794,100,279400,09:49:06
2793,100,279300,09:49:05
2793,200,558600,09:49:05
2792,100,279200,09:49:03
2791,200,558200,09:49:02
2791,100,279100,09:49:02
2792,800,2233600,09:49:02
2793,300,837900,09:49:02
2795,200,559000,09:49:02
2795,200,559000,09:49:01
2795,100,279500,09:48:58
2794,100,279400,09:48:58
2795,100,279500,09:48:58
2795,200,559000,09:48:56
2794,100,279400,09:48:56
2794,200,558800,09:48:56
2793,200,558600,09:48:53
2792,200,558400,09:48:53
2792,100,279200,09:48:52
2791,100,279100,09:48:52
2791,200,558200,09:48:52
2791,100,279100,09:48:52
2791,100,279100,09:48:52
2791,100,279100,09:48:52
2791,100,279100,09:48:52
2791,100,279100,09:48:52
2791,100,279100,09:48:52
2791,100,279100,09:48:52
2790,100,279000,09:48:52
2788,400,1115200,09:48:52
2789,900,2510100,09:48:52
2790,700,1953000,09:48:52
2790,200,558000,09:48:49
2791,300,837300,09:48:49
2792,100,279200,09:48:49
2790,600,1674000,09:48:48
2791,200,558200,09:48:48
2792,100,279200,09:48:46
2792,100,279200,09:48:46
2793,200,558600,09:48:45
2793,200,558600,09:48:45
2790,1000,2790000,09:48:45
2791,400,1116400,09:48:45
2792,300,837600,09:48:45
2793,100,279300,09:48:45
2794,100,279400,09:48:45
2793,100,279300,09:48:45
2794,800,2235200,09:48:45
2793,100,279300,09:48:45
2793,100,279300,09:48:45
2794,100,279400,09:48:43
2795,200,559000,09:48:42
2796,100,279600,09:48:42
2796,100,279600,09:48:41
2796,300,838800,09:48:37
2795,100,279500,09:48:37
2796,200,559200,09:48:34
2798,100,279800,09:48:33
2797,100,279700,09:48:33
2797,100,279700,09:48:33
2797,200,559400,09:48:33
2797,200,559400,09:48:33
2798,400,1119200,09:48:32
2800,100,280000,09:48:32
2799,400,1119600,09:48:32
2799,200,559800,09:48:32
2799,100,279900,09:48:31
2799,200,559800,09:48:28
2799,200,559800,09:48:25
2799,100,279900,09:48:25
2799,500,1399500,09:48:24
2797,200,559400,09:48:20
2798,300,839400,09:48:20
2799,100,279900,09:48:19
2800,100,280000,09:48:18
2799,100,279900,09:48:17
2799,100,279900,09:48:17
2798,100,279800,09:48:17
2799,100,279900,09:48:17
2797,500,1398500,09:48:17
2796,100,279600,09:48:17
2796,800,2236800,09:48:15
2796,200,559200,09:48:14
2795,400,1118000,09:48:14
2796,200,559200,09:48:14
2796,600,1677600,09:48:14
2797,100,279700,09:48:14
2797,2000,5594000,09:48:14
2798,500,1399000,09:48:14
2799,100,279900,09:48:14
2799,400,1119600,09:48:13
2798,100,279800,09:48:13
2799,500,1399500,09:48:13
2797,100,279700,09:48:12
2797,300,839100,09:48:10
2799,200,559800,09:48:10
2800,900,2520000,09:48:09
2799,300,839700,09:48:09
2797,100,279700,09:48:08
2799,100,279900,09:48:08
2799,200,559800,09:48:07
2798,300,839400,09:48:07
2796,100,279600,09:48:06
2795,2100,5869500,09:48:06
2794,400,1117600,09:48:06
2795,1100,3074500,09:48:05
2794,700,1955800,09:48:05
2793,600,1675800,09:48:05
2792,100,279200,09:48:05
2790,1000,2790000,09:48:04
2791,900,2511900,09:48:04
2792,300,837600,09:48:04
2791,800,2232800,09:48:04
2790,100,279000,09:48:04
2790,100,279000,09:48:04
2789,300,836700,09:48:04
2789,100,278900,09:48:02
2790,100,279000,09:48:02
2790,200,558000,09:48:02
2793,100,279300,09:48:01
2792,300,837600,09:48:00
2792,200,558400,09:48:00
2793,100,279300,09:47:59
2794,200,558800,09:47:59
2794,100,279400,09:47:57
2794,200,558800,09:47:56
2793,100,279300,09:47:55
2793,200,558600,09:47:55
2794,100,279400,09:47:51
2794,100,279400,09:47:50
2795,100,279500,09:47:48
2794,100,279400,09:47:47
2794,100,279400,09:47:47
2796,100,279600,09:47:46
2795,600,1677000,09:47:46
2796,100,279600,09:47:46
2796,100,279600,09:47:46
2797,200,559400,09:47:46
2797,100,279700,09:47:46
2795,400,1118000,09:47:44
2795,100,279500,09:47:44
2795,100,279500,09:47:44
2794,100,279400,09:47:43
2794,100,279400,09:47:43
2794,300,838200,09:47:43
2793,100,279300,09:47:43
2792,100,279200,09:47:43
2793,500,1396500,09:47:42
2792,200,558400,09:47:42
2791,100,279100,09:47:41
2791,100,279100,09:47:41
2790,100,279000,09:47:41
2789,100,278900,09:47:38
2790,200,558000,09:47:37
2790,100,279000,09:47:37
2789,100,278900,09:47:36
2790,2100,5859000,09:47:36
2790,400,1116000,09:47:36
2790,200,558000,09:47:36
2790,400,1116000,09:47:35
2789,100,278900,09:47:35
2789,200,557800,09:47:34
2788,100,278800,09:47:34
2788,100,278800,09:47:34
2788,200,557600,09:47:34
2787,400,1114800,09:47:33
2786,100,278600,09:47:33
2786,100,278600,09:47:33
2786,100,278600,09:47:33
2785,100,278500,09:47:28
2784,200,556800,09:47:28
2783,200,556600,09:47:27
2783,100,278300,09:47:26
2784,100,278400,09:47:25
2784,100,278400,09:47:24
2782,100,278200,09:47:23
2782,100,278200,09:47:23
2782,100,278200,09:47:23
2782,100,278200,09:47:23
2783,1000,2783000,09:47:23
2784,4100,11414400,09:47:23
2784,100,278400,09:47:21
2785,200,557000,09:47:18
2785,100,278500,09:47:17
2785,100,278500,09:47:17
2784,100,278400,09:47:08
2784,100,278400,09:47:06
2783,100,278300,09:47:06
2783,900,2504700,09:47:06
2784,900,2505600,09:47:06
2784,200,556800,09:47:05
2783,100,278300,09:47:05
2782,200,556400,09:47:05
2780,100,278000,09:47:04
2781,100,278100,09:47:03
2781,100,278100,09:47:03
2781,100,278100,09:46:59
2780,300,834000,09:46:59
2780,300,834000,09:46:59
2780,100,278000,09:46:59
2778,100,277800,09:46:55
2780,100,278000,09:46:53
2779,200,555800,09:46:53
2780,200,556000,09:46:52
2779,800,2223200,09:46:52
2777,100,277700,09:46:52
2778,100,277800,09:46:51
2776,300,832800,09:46:51
2774,300,832200,09:46:48
2774,100,277400,09:46:44
2775,600,1665000,09:46:43
2774,100,277400,09:46:43
2774,500,1387000,09:46:43
2775,3200,8880000,09:46:43
2775,100,277500,09:46:43
2776,200,555200,09:46:43
2776,100,277600,09:46:42
2775,400,1110000,09:46:42
2776,500,1388000,09:46:42
2777,100,277700,09:46:40
2777,200,555400,09:46:39
2777,2100,5831700,09:46:39
2777,800,2221600,09:46:33
2776,100,277600,09:46:31
2777,300,833100,09:46:29
2777,400,1110800,09:46:29
2777,200,555400,09:46:29
2778,200,555600,09:46:29
2777,100,277700,09:46:27
2777,100,277700,09:46:27
2777,100,277700,09:46:26
2779,100,277900,09:46:25
2778,300,833400,09:46:24
2779,100,277900,09:46:23
2779,200,555800,09:46:23
2778,300,833400,09:46:22
2779,1000,2779000,09:46:22
2780,100,278000,09:46:22
2779,400,1111600,09:46:20
2779,100,277900,09:46:20
2779,200,555800,09:46:20
2779,200,555800,09:46:19
2778,500,1389000,09:46:18
2778,100,277800,09:46:18
2779,100,277900,09:46:17
2780,100,278000,09:46:16
2779,100,277900,09:46:16
2780,100,278000,09:46:15
2780,100,278000,09:46:15
2780,200,556000,09:46:15
2780,200,556000,09:46:15
2780,100,278000,09:46:14
2779,100,277900,09:46:14
2779,200,555800,09:46:14
2779,200,555800,09:46:14
2779,100,277900,09:46:14
2779,300,833700,09:46:13
2780,2000,5560000,09:46:13
2780,100,278000,09:46:13
2782,100,278200,09:46:13
2780,100,278000,09:46:13
2781,100,278100,09:46:13
2782,100,278200,09:46:12
2782,200,556400,09:46:12
2782,100,278200,09:46:12
2784,100,278400,09:46:12
2783,100,278300,09:46:11
2783,200,556600,09:46:11
2783,600,1669800,09:46:11
2784,100,278400,09:46:11
2784,100,278400,09:46:11
2785,3800,10583000,09:46:11
2787,100,278700,09:46:11
2785,200,557000,09:46:10
2786,100,278600,09:46:10
2787,100,278700,09:46:09
2788,300,836400,09:46:09
2788,100,278800,09:46:08
2788,300,836400,09:46:07
2788,700,1951600,09:46:07
2787,300,836100,09:46:07
2786,100,278600,09:46:06
2786,100,278600,09:46:06
2787,600,1672200,09:46:06
2785,200,557000,09:46:04
2785,800,2228000,09:46:04
2786,200,557200,09:46:04
2788,100,278800,09:46:03
2789,200,557800,09:46:03
2791,100,279100,09:46:03
2790,500,1395000,09:46:03
2788,100,278800,09:46:02
2789,100,278900,09:46:02
2789,100,278900,09:46:02
2788,300,836400,09:46:02
2788,500,1394000,09:46:02
2789,1000,2789000,09:46:02
2790,1100,3069000,09:46:02
2792,100,279200,09:46:01
2791,700,1953700,09:46:01
2792,200,558400,09:46:01
2793,300,837900,09:46:01
2794,100,279400,09:46:01
2794,100,279400,09:46:01
2794,100,279400,09:45:59
2795,100,279500,09:45:58
2796,100,279600,09:45:58
2798,100,279800,09:45:56
2797,200,559400,09:45:56
2797,100,279700,09:45:56
2797,100,279700,09:45:56
2797,100,279700,09:45:56
2799,1000,2799000,09:45:55
2800,100,280000,09:45:55
2801,100,280100,09:45:54
2799,100,279900,09:45:52
2800,200,560000,09:45:51
2801,100,280100,09:45:50
2801,200,560200,09:45:48
2801,300,840300,09:45:48
2802,400,1120800,09:45:47
2803,100,280300,09:45:47
2803,200,560600,09:45:47
2804,100,280400,09:45:46
2804,100,280400,09:45:45
2804,300,841200,09:45:45
2803,200,560600,09:45:45
2803,400,1121200,09:45:44
2803,400,1121200,09:45:44
2803,200,560600,09:45:43
2806,100,280600,09:45:42
2806,100,280600,09:45:42
2806,300,841800,09:45:42
2805,200,561000,09:45:42
2806,800,2244800,09:45:42
2807,600,1684200,09:45:42
2809,200,561800,09:45:41
2808,600,1684800,09:45:41
2809,200,561800,09:45:41
2809,200,561800,09:45:41
2809,1600,4494400,09:45:41
2809,100,280900,09:45:41
2809,100,280900,09:45:41
2809,100,280900,09:45:41
2809,100,280900,09:45:41
2808,100,280800,09:45:40
2807,100,280700,09:45:40
2808,1200,3369600,09:45:40
2807,100,280700,09:45:40
2806,200,561200,09:45:40
2806,400,1122400,09:45:39
2806,400,1122400,09:45:39
2807,100,280700,09:45:39
2807,100,280700,09:45:39
2807,100,280700,09:45:39
2807,100,280700,09:45:39
2807,100,280700,09:45:39
2808,700,1965600,09:45:39
2807,100,280700,09:45:39
2807,100,280700,09:45:39
2807,200,561400,09:45:39
2806,1400,3928400,09:45:39
2806,200,561200,09:45:39
2805,5000,14025000,09:45:39
2803,100,280300,09:45:39
2802,200,560400,09:45:39
2801,100,280100,09:45:39
2800,100,280000,09:45:39
2800,600,1680000,09:45:39
2798,800,2238400,09:45:39
2797,800,2237600,09:45:39
2796,400,1118400,09:45:38
2797,100,279700,09:45:36
2798,400,1119200,09:45:36
2797,100,279700,09:45:36
2799,100,279900,09:45:35
2798,200,559600,09:45:35
2799,500,1399500,09:45:35
2800,300,840000,09:45:35
2800,300,840000,09:45:35
2800,700,1960000,09:45:35
2801,1300,3641300,09:45:35
2802,200,560400,09:45:35
2802,200,560400,09:45:35
2802,200,560400,09:45:35
2803,100,280300,09:45:35
2803,100,280300,09:45:35
2804,400,1121600,09:45:35
2804,100,280400,09:45:35
2803,900,2522700,09:45:35
2802,200,560400,09:45:35
2801,300,840300,09:45:35
2801,100,280100,09:45:35
2801,400,1120400,09:45:35
2800,100,280000,09:45:35
2800,1800,5040000,09:45:35
2799,1100,3078900,09:45:35
2798,800,2238400,09:45:35
2797,100,279700,09:45:35
2797,500,1398500,09:45:35
2796,1100,3075600,09:45:35
2795,2400,6708000,09:45:35
2794,2500,6985000,09:45:35
2793,2000,5586000,09:45:35
2792,700,1954400,09:45:35
2790,100,279000,09:45:34
2791,300,837300,09:45:34
2790,100,279000,09:45:34
2790,100,279000,09:45:34
2788,400,1115200,09:45:33
2788,200,557600,09:45:33
2789,600,1673400,09:45:33
2789,2800,7809200,09:45:33
2790,300,837000,09:45:33
2789,300,836700,09:45:31
2791,100,279100,09:45:30
2791,100,279100,09:45:30
2793,500,1396500,09:45:30
2792,1000,2792000,09:45:30
2791,200,558200,09:45:30
2791,200,558200,09:45:30
2792,200,558400,09:45:29
2791,300,837300,09:45:29
2789,100,278900,09:45:29
2790,400,1116000,09:45:29
2791,200,558200,09:45:27
2791,500,1395500,09:45:27
2791,100,279100,09:45:27
2790,2500,6975000,09:45:27
2789,100,278900,09:45:24
2788,100,278800,09:45:24
2789,200,557800,09:45:24
2789,100,278900,09:45:24
2789,100,278900,09:45:22
2788,100,278800,09:45:20
2788,100,278800,09:45:19
2788,100,278800,09:45:19
2789,1200,3346800,09:45:19
2787,100,278700,09:45:18
2788,100,278800,09:45:18
2788,100,278800,09:45:16
2788,100,278800,09:45:16
2788,300,836400,09:45:16
2788,100,278800,09:45:16
2788,300,836400,09:45:16
2788,300,836400,09:45:16
2787,400,1114800,09:45:16
2786,200,557200,09:45:16
2786,400,1114400,09:45:16
2785,200,557000,09:45:16
2783,200,556600,09:45:16
2784,100,278400,09:45:15
2785,100,278500,09:45:13
2784,100,278400,09:45:12
2783,200,556600,09:45:12
2783,100,278300,09:45:11
2783,200,556600,09:45:11
2783,200,556600,09:45:11
2783,100,278300,09:45:11
2783,100,278300,09:45:11
2783,100,278300,09:45:11
2783,100,278300,09:45:11
2783,100,278300,09:45:09
2783,100,278300,09:45:08
2784,300,835200,09:45:08
2785,100,278500,09:45:08
2784,100,278400,09:45:07
2785,200,557000,09:45:05
2784,1000,2784000,09:45:05
2783,100,278300,09:45:05
2783,1400,3896200,09:45:05
2783,100,278300,09:45:05
2785,100,278500,09:45:05
2784,100,278400,09:45:04
2785,100,278500,09:45:04
2784,300,835200,09:45:02
2784,300,835200,09:45:02
2785,100,278500,09:45:01
2785,300,835500,09:44:58
2784,200,556800,09:44:57
2785,800,2228000,09:44:57
2786,100,278600,09:44:56
2785,100,278500,09:44:56
2786,100,278600,09:44:56
2786,600,1671600,09:44:54
2787,200,557400,09:44:54
2787,400,1114800,09:44:53
2785,200,557000,09:44:52
2786,500,1393000,09:44:47
2787,200,557400,09:44:47
2787,100,278700,09:44:47
2787,100,278700,09:44:46
2788,100,278800,09:44:46
2788,700,1951600,09:44:45
2788,100,278800,09:44:45
2788,200,557600,09:44:45
2788,200,557600,09:44:42
2787,100,278700,09:44:41
2787,100,278700,09:44:41
2788,200,557600,09:44:41
2787,100,278700,09:44:40
2787,100,278700,09:44:40
2787,100,278700,09:44:40
2787,100,278700,09:44:40
2786,100,278600,09:44:38
2786,100,278600,09:44:37
2788,400,1115200,09:44:37
2786,100,278600,09:44:37
2787,100,278700,09:44:36
2788,100,278800,09:44:36
2788,900,2509200,09:44:36
2787,500,1393500,09:44:36
2787,200,557400,09:44:32
2786,300,835800,09:44:32
2785,1500,4177500,09:44:32
2785,800,2228000,09:44:32
2784,200,556800,09:44:32
2784,100,278400,09:44:31
2784,300,835200,09:44:31
2783,300,834900,09:44:26
2781,300,834300,09:44:25
2782,100,278200,09:44:25
2782,100,278200,09:44:25
2784,300,835200,09:44:22
2784,100,278400,09:44:19
2786,1300,3621800,09:44:19
2785,400,1114000,09:44:19
2784,300,835200,09:44:19
2783,100,278300,09:44:19
2783,100,278300,09:44:19
2783,700,1948100,09:44:19
2781,600,1668600,09:44:19
2782,400,1112800,09:44:19
2785,100,278500,09:44:17
2787,200,557400,09:44:17
2786,100,278600,09:44:17
2787,600,1672200,09:44:17
2786,2000,5572000,09:44:17
2785,1400,3899000,09:44:17
2784,500,1392000,09:44:17
2783,100,278300,09:44:17
2784,100,278400,09:44:17
2785,600,1671000,09:44:17
2784,400,1113600,09:44:17
2783,200,556600,09:44:16
2782,100,278200,09:44:16
2783,100,278300,09:44:16
2783,300,834900,09:44:16
2783,200,556600,09:44:16
2784,100,278400,09:44:15
2784,100,278400,09:44:14
2784,100,278400,09:44:14
2784,300,835200,09:44:14
2784,100,278400,09:44:14
2784,200,556800,09:44:13
2785,800,2228000,09:44:13
2786,100,278600,09:44:11
2786,300,835800,09:44:11
2786,100,278600,09:44:10
2784,100,278400,09:44:10
2784,200,556800,09:44:09
2785,100,278500,09:44:08
2783,400,1113200,09:44:07
2784,200,556800,09:44:07
2784,200,556800,09:44:05
2783,900,2504700,09:44:04
2784,300,835200,09:44:04
2785,100,278500,09:44:04
2784,100,278400,09:44:04
2785,100,278500,09:44:01
2785,100,278500,09:44:00
2786,100,278600,09:43:59
2785,100,278500,09:43:59
2781,100,278100,09:43:57
2782,2100,5842200,09:43:57
2783,1500,4174500,09:43:57
2784,200,556800,09:43:57
2784,100,278400,09:43:57
2784,700,1948800,09:43:57
2785,100,278500,09:43:56
2784,300,835200,09:43:55
2784,100,278400,09:43:55
2784,100,278400,09:43:55
2784,200,556800,09:43:55
2784,200,556800,09:43:55
2784,200,556800,09:43:55
2783,100,278300,09:43:55
2783,100,278300,09:43:52
2783,100,278300,09:43:52
2784,600,1670400,09:43:50
2783,400,1113200,09:43:50
2783,100,278300,09:43:49
2783,100,278300,09:43:49
2784,500,1392000,09:43:49
2784,400,1113600,09:43:49
2783,100,278300,09:43:48
2784,100,278400,09:43:45
2784,100,278400,09:43:45
2785,600,1671000,09:43:45
2784,100,278400,09:43:44
2784,100,278400,09:43:42
2783,100,278300,09:43:41
2782,400,1112800,09:43:41
2783,300,834900,09:43:41
2784,700,1948800,09:43:41
2784,200,556800,09:43:40
2783,100,278300,09:43:39
2784,100,278400,09:43:37
2783,300,834900,09:43:37
2785,100,278500,09:43:36
2785,100,278500,09:43:36
2786,100,278600,09:43:36
2786,1100,3064600,09:43:36
2786,100,278600,09:43:36
2785,100,278500,09:43:36
2786,100,278600,09:43:36
2785,2600,7241000,09:43:36
2785,100,278500,09:43:36
2784,2500,6960000,09:43:36
2784,2700,7516800,09:43:36
2783,500,1391500,09:43:36
2782,200,556400,09:43:36
2782,300,834600,09:43:36
2781,500,1390500,09:43:36
2780,1000,2780000,09:43:36
2780,300,834000,09:43:36
2779,200,555800,09:43:36
2777,1400,3887800,09:43:36
2778,1000,2778000,09:43:36
2779,500,1389500,09:43:36
2779,100,277900,09:43:36
2779,800,2223200,09:43:36
2778,700,1944600,09:43:36
2777,500,1388500,09:43:36
2778,100,277800,09:43:34
2779,100,277900,09:43:33
2779,100,277900,09:43:33
2779,200,555800,09:43:33
2778,100,277800,09:43:33
2778,300,833400,09:43:33
2778,300,833400,09:43:33
2778,200,555600,09:43:33
2778,500,1389000,09:43:32
2777,300,833100,09:43:27
2778,300,833400,09:43:27
2778,100,277800,09:43:26
2778,100,277800,09:43:26
2778,200,555600,09:43:26
2778,100,277800,09:43:26
2779,200,555800,09:43:21
2778,100,277800,09:43:21
2775,100,277500,09:43:20
2776,300,832800,09:43:19
2776,300,832800,09:43:18
2777,200,555400,09:43:17
2777,500,1388500,09:43:17
2777,100,277700,09:43:17
2778,100,277800,09:43:16
2777,300,833100,09:43:16
2777,400,1110800,09:43:15
2778,300,833400,09:43:15
2779,100,277900,09:43:13
2779,200,555800,09:43:11
2780,200,556000,09:43:10
2780,200,556000,09:43:07
2778,100,277800,09:43:06
2779,200,555800,09:43:06
2778,100,277800,09:43:05
2777,900,2499300,09:43:04
2778,400,1111200,09:43:04
2780,100,278000,09:43:04
2778,200,555600,09:43:04
2779,100,277900,09:43:03
2779,100,277900,09:43:02
2778,100,277800,09:43:01
2778,200,555600,09:43:01
2779,100,277900,09:43:01
2780,200,556000,09:43:01
2779,200,555800,09:43:01
2779,100,277900,09:42:59
2780,800,2224000,09:42:58
2779,100,277900,09:42:52
2779,200,555800,09:42:49
2778,300,833400,09:42:49
2777,100,277700,09:42:47
2779,100,277900,09:42:47
2777,200,555400,09:42:44
2778,100,277800,09:42:44
2778,200,555600,09:42:44
2777,100,277700,09:42:43
2778,900,2500200,09:42:43
2780,100,278000,09:42:42
2780,1500,4170000,09:42:42
2780,100,278000,09:42:42
2779,600,1667400,09:42:41
2778,200,555600,09:42:39
2777,100,277700,09:42:39
2778,100,277800,09:42:39
2777,200,555400,09:42:39
2776,700,1943200,09:42:38
2775,700,1942500,09:42:38
2774,300,832200,09:42:36
2774,100,277400,09:42:35
2773,500,1386500,09:42:32
2772,100,277200,09:42:31
2772,200,554400,09:42:31
2771,100,277100,09:42:31
2772,100,277200,09:42:28
2771,100,277100,09:42:27
2771,100,277100,09:42:27
2773,100,277300,09:42:26
2773,300,831900,09:42:24
2773,400,1109200,09:42:24
2773,100,277300,09:42:24
2773,100,277300,09:42:24
2773,100,277300,09:42:24
2773,100,277300,09:42:22
2774,300,832200,09:42:20
2774,200,554800,09:42:20
2773,100,277300,09:42:19
2773,500,1386500,09:42:16
2771,300,831300,09:42:16
2773,300,831900,09:42:14
2772,900,2494800,09:42:14
2771,200,554200,09:42:11
2771,100,277100,09:42:11
2769,100,276900,09:42:11
2769,500,1384500,09:42:11
2770,300,831000,09:42:11
2769,100,276900,09:42:11
2768,100,276800,09:42:11
2769,300,830700,09:42:10
2769,100,276900,09:42:10
2770,100,277000,09:42:10
2770,300,831000,09:42:10
2770,100,277000,09:42:10
2771,400,1108400,09:42:10
2769,100,276900,09:42:07
2770,300,831000,09:42:07
2768,100,276800,09:42:06
2770,100,277000,09:42:06
2768,100,276800,09:42:05
2769,100,276900,09:42:05
2769,100,276900,09:42:05
2770,600,1662000,09:42:05
2770,100,277000,09:42:05
2770,600,1662000,09:42:05
2770,100,277000,09:42:04
2770,100,277000,09:42:04
2771,100,277100,09:42:03
2772,300,831600,09:42:02
2771,200,554200,09:42:02
2772,100,277200,09:42:01
2772,100,277200,09:42:01
2772,100,277200,09:42:01
2772,100,277200,09:42:01
2772,100,277200,09:41:59
2773,400,1109200,09:41:58
2772,100,277200,09:41:58
2772,100,277200,09:41:58
2772,100,277200,09:41:58
2771,100,277100,09:41:58
2772,100,277200,09:41:57
2772,100,277200,09:41:57
2772,1000,2772000,09:41:57
2772,100,277200,09:41:56
2773,100,277300,09:41:55
2773,100,277300,09:41:55
2774,200,554800,09:41:55
2774,600,1664400,09:41:54
2775,100,277500,09:41:54
2775,300,832500,09:41:54
2775,400,1110000,09:41:54
2776,100,277600,09:41:52
2777,200,555400,09:41:52
2777,100,277700,09:41:51
2777,100,277700,09:41:49
2776,300,832800,09:41:48
2775,100,277500,09:41:44
2776,200,555200,09:41:43
2778,800,2222400,09:41:43
2778,1100,3055800,09:41:42
2778,100,277800,09:41:42
2776,200,555200,09:41:42
2776,200,555200,09:41:41
2776,200,555200,09:41:41
2776,400,1110400,09:41:40
2775,100,277500,09:41:40
2776,100,277600,09:41:39
2776,100,277600,09:41:38
2774,200,554800,09:41:37
2774,100,277400,09:41:36
2775,200,555000,09:41:36
2775,100,277500,09:41:35
2775,1000,2775000,09:41:35
2776,100,277600,09:41:34
2776,500,1388000,09:41:32
2776,100,277600,09:41:31
2777,100,277700,09:41:30
2777,300,833100,09:41:30
2776,400,1110400,09:41:30
2775,100,277500,09:41:29
2776,300,832800,09:41:27
2776,300,832800,09:41:26
2776,100,277600,09:41:25
2778,100,277800,09:41:25
2777,700,1943900,09:41:25
2776,200,555200,09:41:25
2776,100,277600,09:41:25
2776,100,277600,09:41:25
2776,100,277600,09:41:25
2775,500,1387500,09:41:24
2775,100,277500,09:41:24
2774,300,832200,09:41:23
2773,700,1941100,09:41:23
2773,100,277300,09:41:23
2771,100,277100,09:41:21
2769,100,276900,09:41:21
2770,400,1108000,09:41:21
2771,200,554200,09:41:21
2772,800,2217600,09:41:20
2771,100,277100,09:41:20
2768,300,830400,09:41:19
2770,500,1385000,09:41:19
2770,100,277000,09:41:18
2770,800,2216000,09:41:17
2768,200,553600,09:41:17
2768,100,276800,09:41:17
2769,700,1938300,09:41:17
2769,100,276900,09:41:17
2768,100,276800,09:41:17
2768,100,276800,09:41:17
2768,100,276800,09:41:17
2765,600,1659000,09:41:17
2766,700,1936200,09:41:17
2767,900,2490300,09:41:17
2768,800,2214400,09:41:17
2770,100,277000,09:41:17
2770,600,1662000,09:41:16
2771,100,277100,09:41:14
2771,300,831300,09:41:14
2771,300,831300,09:41:11
2771,500,1385500,09:41:11
2770,200,554000,09:41:11
2769,700,1938300,09:41:11
2767,100,276700,09:41:11
2768,400,1107200,09:41:10
2770,100,277000,09:41:10
2770,700,1939000,09:41:09
2768,100,276800,09:41:06
2768,100,276800,09:41:06
2767,300,830100,09:41:05
2768,100,276800,09:41:04
2767,200,553400,09:41:04
2766,100,276600,09:41:03
2766,100,276600,09:41:02
2767,600,1660200,09:41:02
2768,600,1660800,09:41:02
2768,400,1107200,09:41:01
2766,100,276600,09:41:01
2766,100,276600,09:40:59
2766,100,276600,09:40:57
2766,100,276600,09:40:57
2766,100,276600,09:40:56
2766,200,553200,09:40:56
2766,100,276600,09:40:55
2766,100,276600,09:40:55
2766,100,276600,09:40:55
2767,100,276700,09:40:54
2767,100,276700,09:40:54
2767,400,1106800,09:40:54
2767,100,276700,09:40:54
2765,100,276500,09:40:52
2765,300,829500,09:40:52
2766,100,276600,09:40:52
2768,100,276800,09:40:51
2766,100,276600,09:40:51
2766,100,276600,09:40:51
2766,200,553200,09:40:51
2766,100,276600,09:40:51
2766,300,829800,09:40:50
2766,100,276600,09:40:50
2767,100,276700,09:40:50
2767,700,1936900,09:40:50
2767,500,1383500,09:40:50
2765,100,276500,09:40:50
2765,100,276500,09:40:49
2765,100,276500,09:40:49
2766,200,553200,09:40:49
2765,200,553000,09:40:47
2767,100,276700,09:40:47
2765,100,276500,09:40:47
2765,100,276500,09:40:46
2765,100,276500,09:40:46
2765,200,553000,09:40:46
2765,300,829500,09:40:44
2765,500,1382500,09:40:43
2764,100,276400,09:40:43
2764,100,276400,09:40:43
2765,200,553000,09:40:43
2765,400,1106000,09:40:42
2764,1500,4146000,09:40:42
2763,1000,2763000,09:40:42
2762,100,276200,09:40:42
2760,100,276000,09:40:42
2761,2000,5522000,09:40:42
2762,300,828600,09:40:42
2763,600,1657800,09:40:42
2764,700,1934800,09:40:42
2763,100,276300,09:40:42
2763,200,552600,09:40:42
2763,100,276300,09:40:42
2763,200,552600,09:40:42
2763,200,552600,09:40:41
2763,200,552600,09:40:41
2764,200,552800,09:40:41
2764,100,276400,09:40:41
2765,100,276500,09:40:40
2765,100,276500,09:40:40
2764,300,829200,09:40:40
2765,100,276500,09:40:40
2765,200,553000,09:40:40
2765,100,276500,09:40:39
2765,300,829500,09:40:38
2766,100,276600,09:40:38
2767,100,276700,09:40:38
2768,200,553600,09:40:37
2766,100,276600,09:40:37
2767,100,276700,09:40:37
2766,100,276600,09:40:37
2767,700,1936900,09:40:37
2766,100,276600,09:40:37
2766,100,276600,09:40:37
2766,100,276600,09:40:37
2767,100,276700,09:40:37
2767,100,276700,09:40:36
2768,100,276800,09:40:35
2768,100,276800,09:40:35
2768,100,276800,09:40:34
2770,1300,3601000,09:40:33
2769,300,830700,09:40:33
2770,100,277000,09:40:33
2769,100,276900,09:40:33
2769,100,276900,09:40:33
2769,100,276900,09:40:33
2769,200,553800,09:40:33
2769,100,276900,09:40:32
2769,400,1107600,09:40:32
2770,300,831000,09:40:32
2770,100,277000,09:40:32
2770,100,277000,09:40:31
2771,100,277100,09:40:31
2769,300,830700,09:40:30
2768,200,553600,09:40:30
2767,1000,2767000,09:40:29
2766,1500,4149000,09:40:29
2764,200,552800,09:40:29
2765,300,829500,09:40:29
2767,500,1383500,09:40:29
2765,100,276500,09:40:29
2765,100,276500,09:40:28
2764,500,1382000,09:40:27
2766,100,276600,09:40:27
2765,800,2212000,09:40:27
2764,100,276400,09:40:27
2764,1200,3316800,09:40:27
2762,100,276200,09:40:27
2763,200,552600,09:40:26
2763,200,552600,09:40:26
2762,300,828600,09:40:26
2761,400,1104400,09:40:26
2759,100,275900,09:40:25
2759,200,551800,09:40:25
2760,100,276000,09:40:25
2760,3200,8832000,09:40:25
2760,100,276000,09:40:25
2759,100,275900,09:40:24
2759,100,275900,09:40:24
2759,100,275900,09:40:24
2760,600,1656000,09:40:23
2759,100,275900,09:40:23
2758,600,1654800,09:40:23
2758,100,275800,09:40:23
2759,500,1379500,09:40:23
2758,500,1379000,09:40:23
2757,200,551400,09:40:23
2757,100,275700,09:40:22
2757,200,551400,09:40:22
2758,300,827400,09:40:22
2759,400,1103600,09:40:22
2759,100,275900,09:40:22
2759,600,1655400,09:40:22
2758,400,1103200,09:40:22
2757,100,275700,09:40:22
2757,100,275700,09:40:22
2758,200,551600,09:40:22
2756,100,275600,09:40:22
2757,100,275700,09:40:22
2757,100,275700,09:40:22
2757,100,275700,09:40:22
2757,100,275700,09:40:22
2758,100,275800,09:40:22
2756,100,275600,09:40:22
2757,200,551400,09:40:22
2757,700,1929900,09:40:22
2758,100,275800,09:40:22
2757,100,275700,09:40:22
2758,300,827400,09:40:21
2757,5000,13785000,09:40:21
2756,100,275600,09:40:21
2757,100,275700,09:40:21
2755,700,1928500,09:40:21
2756,200,551200,09:40:21
2756,200,551200,09:40:21
2756,200,551200,09:40:21
2757,300,827100,09:40:21
2757,200,551400,09:40:21
2758,200,551600,09:40:21
2757,100,275700,09:40:21
2757,200,551400,09:40:20
2758,100,275800,09:40:20
2758,100,275800,09:40:20
2758,300,827400,09:40:20
2757,100,275700,09:40:20
2758,100,275800,09:40:20
2756,100,275600,09:40:20
2756,900,2480400,09:40:20
2757,600,1654200,09:40:20
2758,100,275800,09:40:20
2757,200,551400,09:40:20
2758,200,551600,09:40:20
2758,100,275800,09:40:19
2756,200,551200,09:40:19
2757,600,1654200,09:40:19
2758,700,1930600,09:40:19
2755,200,551000,09:40:19
2756,100,275600,09:40:19
2756,100,275600,09:40:19
2756,100,275600,09:40:19
2756,200,551200,09:40:19
2756,100,275600,09:40:19
2755,100,275500,09:40:19
2756,900,2480400,09:40:19
2756,600,1653600,09:40:19
2757,300,827100,09:40:19
2757,200,551400,09:40:19
2757,600,1654200,09:40:19
2758,100,275800,09:40:19
2757,100,275700,09:40:18
2758,400,1103200,09:40:18
2759,100,275900,09:40:18
2757,100,275700,09:40:18
2758,200,551600,09:40:18
2758,300,827400,09:40:18
2758,100,275800,09:40:18
2758,100,275800,09:40:17
2758,100,275800,09:40:17
2759,100,275900,09:40:17
2758,200,551600,09:40:17
2759,200,551800,09:40:17
2759,400,1103600,09:40:17
2758,100,275800,09:40:17
2758,100,275800,09:40:17
2757,100,275700,09:40:16
2757,500,1378500,09:40:16
2758,100,275800,09:40:16
2758,100,275800,09:40:16
2757,100,275700,09:40:16
2756,300,826800,09:40:16
2757,200,551400,09:40:16
2757,100,275700,09:40:16
2757,100,275700,09:40:16
2759,200,551800,09:40:16
2757,200,551400,09:40:15
2758,100,275800,09:40:15
2756,200,551200,09:40:15
2757,300,827100,09:40:15
2757,100,275700,09:40:15
2758,100,275800,09:40:15
2758,100,275800,09:40:15
2758,100,275800,09:40:15
2756,100,275600,09:40:15
2757,900,2481300,09:40:15
2757,200,551400,09:40:15
2757,100,275700,09:40:15
2758,200,551600,09:40:15
2758,100,275800,09:40:15
2759,100,275900,09:40:15
2759,700,1931300,09:40:15
2756,100,275600,09:40:15
2757,600,1654200,09:40:15
2757,100,275700,09:40:15
2758,100,275800,09:40:15
2758,100,275800,09:40:15
2758,100,275800,09:40:15
2757,100,275700,09:40:15
2758,400,1103200,09:40:15
2759,100,275900,09:40:15
2758,1000,2758000,09:40:15
2759,100,275900,09:40:15
2759,100,275900,09:40:15
2758,200,551600,09:40:15
2759,100,275900,09:40:15
2759,100,275900,09:40:15
2759,200,551800,09:40:15
2760,3400,9384000,09:40:15
2760,400,1104000,09:40:15
2760,100,276000,09:40:15
2760,100,276000,09:40:15
2760,100,276000,09:40:15
2760,100,276000,09:40:15
2760,100,276000,09:40:15
2760,300,828000,09:40:15
2760,100,276000,09:40:15
2760,200,552000,09:40:15
2760,200,552000,09:40:15
2760,3000,8280000,09:40:15
2761,300,828300,09:40:15
2763,100,276300,09:40:14
2762,100,276200,09:40:14
2761,100,276100,09:40:14
2761,200,552200,09:40:14
2762,300,828600,09:40:14
2761,100,276100,09:40:13
2761,200,552200,09:40:12
2761,200,552200,09:40:12
2761,100,276100,09:40:12
2761,300,828300,09:40:11
2762,100,276200,09:40:11
2761,100,276100,09:40:11
2761,100,276100,09:40:11
2762,100,276200,09:40:11
2761,2300,6350300,09:40:11
2761,4000,11044000,09:40:11
2761,500,1380500,09:40:11
2762,100,276200,09:40:11
2761,100,276100,09:40:11
2761,300,828300,09:40:11
2761,300,828300,09:40:11
2761,300,828300,09:40:11
2762,200,552400,09:40:11
2762,100,276200,09:40:11
2762,200,552400,09:40:10
2762,400,1104800,09:40:10
2763,300,828900,09:40:10
2762,100,276200,09:40:10
2761,300,828300,09:40:10
2761,100,276100,09:40:10
2761,100,276100,09:40:10
2761,100,276100,09:40:10
2761,100,276100,09:40:10
2762,100,276200,09:40:10
2762,100,276200,09:40:10
2763,400,1105200,09:40:10
2761,100,276100,09:40:10
2761,600,1656600,09:40:10
2762,100,276200,09:40:10
2762,100,276200,09:40:10
2762,100,276200,09:40:10
2763,100,276300,09:40:10
2763,900,2486700,09:40:10
2761,1300,3589300,09:40:10
2762,100,276200,09:40:10
2761,200,552200,09:40:10
2761,200,552200,09:40:10
2761,700,1932700,09:40:10
2761,100,276100,09:40:10
2761,100,276100,09:40:10
2761,300,828300,09:40:10
2761,400,1104400,09:40:10
2762,100,276200,09:40:10
2761,100,276100,09:40:10
2761,100,276100,09:40:10
2761,200,552200,09:40:10
2762,600,1657200,09:40:10
2762,200,552400,09:40:10
2763,1100,3039300,09:40:10
2764,1900,5251600,09:40:10
2764,100,276400,09:40:10
2764,200,552800,09:40:10
2764,100,276400,09:40:10
2764,100,276400,09:40:10
2765,3200,8848000,09:40:10
2765,300,829500,09:40:10
2765,600,1659000,09:40:10
2765,100,276500,09:40:10
2765,3000,8295000,09:40:10
2765,100,276500,09:40:10
2765,200,553000,09:40:10
2766,3000,8298000,09:40:10
2766,100,276600,09:40:10
2766,100,276600,09:40:10
2767,800,2213600,09:40:10
2767,700,1936900,09:40:10
2768,1400,3875200,09:40:10
2768,100,276800,09:40:10
2768,100,276800,09:40:10
2768,100,276800,09:40:10
2768,100,276800,09:40:10
2768,800,2214400,09:40:10
2768,200,553600,09:40:10
2769,300,830700,09:40:10
2770,33500,92795000,09:40:10
2771,200,554200,09:40:10
2771,200,554200,09:40:10
2771,100,277100,09:40:10
2771,300,831300,09:40:10
2771,300,831300,09:40:10
2771,300,831300,09:40:10
2771,700,1939700,09:40:10
2771,100,277100,09:40:09
2771,100,277100,09:40:09
2772,200,554400,09:40:08
2772,300,831600,09:40:08
2773,100,277300,09:40:08
2773,100,277300,09:40:08
2771,100,277100,09:40:08
2771,4200,11638200,09:40:08
2772,600,1663200,09:40:08
2773,200,554600,09:40:08
2775,100,277500,09:40:07
2775,300,832500,09:40:07
2775,300,832500,09:40:07
2775,300,832500,09:40:07
2774,800,2219200,09:40:06
2773,100,277300,09:40:06
2772,100,277200,09:40:06
2772,100,277200,09:40:05
2773,100,277300,09:40:05
2772,200,554400,09:40:04
2772,100,277200,09:40:04
2771,300,831300,09:40:03
2772,200,554400,09:40:03
2772,100,277200,09:40:03
2772,100,277200,09:40:03
2773,300,831900,09:40:02
2772,100,277200,09:40:02
2771,100,277100,09:40:02
2771,700,1939700,09:40:02
2771,100,277100,09:40:02
2771,4300,11915300,09:40:02
2771,600,1662600,09:40:02
2771,100,277100,09:40:02
2772,2200,6098400,09:40:02
2772,1000,2772000,09:40:02
2773,700,1941100,09:40:01
2773,100,277300,09:40:01
2773,100,277300,09:40:01
2773,1700,4714100,09:40:01
2773,200,554600,09:40:01
2773,100,277300,09:40:01
2774,300,832200,09:40:00
2774,100,277400,09:40:00
2774,100,277400,09:40:00
2774,700,1941800,09:40:00
2774,200,554800,09:40:00
2774,100,277400,09:40:00
2774,100,277400,09:40:00
2774,100,277400,09:40:00
2774,100,277400,09:40:00
2774,200,554800,09:40:00
2774,100,277400,09:39:59
2774,100,277400,09:39:59
2774,400,1109600,09:39:59
2774,100,277400,09:39:59
2775,100,277500,09:39:59
2775,300,832500,09:39:59
2775,300,832500,09:39:59
2775,300,832500,09:39:59
2775,300,832500,09:39:59
2776,100,277600,09:39:56
2775,4100,11377500,09:39:56
2776,2800,7772800,09:39:56
2777,1100,3054700,09:39:56
2778,900,2500200,09:39:56
2779,100,277900,09:39:55
2778,100,277800,09:39:53
2776,1100,3053600,09:39:53
2777,1100,3054700,09:39:53
2778,700,1944600,09:39:53
2778,100,277800,09:39:52
2779,100,277900,09:39:49
2779,100,277900,09:39:49
2779,100,277900,09:39:47
2778,100,277800,09:39:45
2778,100,277800,09:39:45
2779,300,833700,09:39:44
2778,100,277800,09:39:44
2778,100,277800,09:39:44
2778,100,277800,09:39:44
2778,100,277800,09:39:44
2778,100,277800,09:39:44
2778,100,277800,09:39:44
2778,100,277800,09:39:44
2777,100,277700,09:39:42
2778,100,277800,09:39:41
2778,200,555600,09:39:41
2777,100,277700,09:39:41
2777,100,277700,09:39:41
2778,100,277800,09:39:41
2778,100,277800,09:39:39
2778,500,1389000,09:39:39
2779,100,277900,09:39:38
2778,100,277800,09:39:38
2779,100,277900,09:39:38
2779,100,277900,09:39:38
2780,1700,4726000,09:39:36
2780,400,1112000,09:39:36
2780,2100,5838000,09:39:36
2781,800,2224800,09:39:36
2783,200,556600,09:39:30
2781,200,556200,09:39:29
2782,100,278200,09:39:28
2782,100,278200,09:39:28
2782,100,278200,09:39:28
2780,200,556000,09:39:28
2781,100,278100,09:39:25
2781,300,834300,09:39:22
2782,100,278200,09:39:21
2783,100,278300,09:39:21
2783,200,556600,09:39:21
2783,700,1948100,09:39:21
2782,700,1947400,09:39:21
2781,5500,15295500,09:39:21
2780,200,556000,09:39:21
2780,100,278000,09:39:19
2779,200,555800,09:39:17
2780,100,278000,09:39:16
2780,300,834000,09:39:15
2779,100,277900,09:39:14
2779,100,277900,09:39:14
2778,100,277800,09:39:14
2779,1400,3890600,09:39:14
2778,200,555600,09:39:14
2778,100,277800,09:39:14
2777,300,833100,09:39:14
2776,100,277600,09:39:14
2775,100,277500,09:39:10
2775,100,277500,09:39:10
2775,100,277500,09:39:10
2776,300,832800,09:39:10
2777,200,555400,09:39:10
2776,400,1110400,09:39:10
2775,500,1387500,09:39:09
2775,100,277500,09:39:09
2775,500,1387500,09:39:09
2775,200,555000,09:39:09
2775,300,832500,09:39:09
2775,300,832500,09:39:09
2775,500,1387500,09:39:09
2775,2800,7770000,09:39:09
2775,3300,9157500,09:39:09
2776,700,1943200,09:39:09
2776,300,832800,09:39:09
2776,300,832800,09:39:09
2776,300,832800,09:39:09
2776,100,277600,09:39:09
2777,1300,3610100,09:39:09
2780,100,278000,09:39:05
2781,1000,2781000,09:39:05
2781,100,278100,09:39:05
2781,100,278100,09:39:04
2781,100,278100,09:39:03
2782,100,278200,09:39:03
2781,100,278100,09:39:03
2781,200,556200,09:39:03
2781,200,556200,09:39:03
2781,200,556200,09:39:03
2781,100,278100,09:39:03
2778,1000,2778000,09:39:03
2779,400,1111600,09:39:03
2780,300,834000,09:39:03
2781,700,1946700,09:39:03
2783,100,278300,09:39:03
2782,600,1669200,09:39:02
2784,300,835200,09:39:02
2784,200,556800,09:39:02
2783,100,278300,09:39:01
2783,100,278300,09:39:01
2783,300,834900,09:39:01
2782,1000,2782000,09:39:01
2781,500,1390500,09:39:01
2782,100,278200,09:39:01
2782,100,278200,09:38:59
2782,100,278200,09:38:59
2783,100,278300,09:38:58
2783,100,278300,09:38:58
2782,100,278200,09:38:58
2782,400,1112800,09:38:58
2780,100,278000,09:38:58
2779,1400,3890600,09:38:58
2780,2100,5838000,09:38:58
2781,1000,2781000,09:38:58
2782,300,834600,09:38:58
2784,100,278400,09:38:56
2782,100,278200,09:38:53
2783,100,278300,09:38:51
2780,100,278000,09:38:51
2781,300,834300,09:38:51
2783,500,1391500,09:38:51
2781,1700,4727700,09:38:51
2780,100,278000,09:38:51
2779,100,277900,09:38:51
2779,700,1945300,09:38:51
2779,100,277900,09:38:50
2779,300,833700,09:38:49
2780,600,1668000,09:38:49
2781,100,278100,09:38:49
2783,100,278300,09:38:49
2780,9400,26132000,09:38:49
2781,3500,9733500,09:38:49
2782,3600,10015200,09:38:49
2783,600,1669800,09:38:49
2783,600,1669800,09:38:47
2784,300,835200,09:38:47
2785,100,278500,09:38:47
2785,1100,3063500,09:38:47
2785,100,278500,09:38:43
2785,100,278500,09:38:43
2784,100,278400,09:38:42
2784,100,278400,09:38:42
2784,100,278400,09:38:39
2785,100,278500,09:38:38
2784,100,278400,09:38:38
2786,100,278600,09:38:29
2785,100,278500,09:38:29
2786,200,557200,09:38:29
2786,100,278600,09:38:29
2788,100,278800,09:38:27
2788,500,1394000,09:38:25
2788,700,1951600,09:38:24
2788,100,278800,09:38:20
2788,100,278800,09:38:16
2786,100,278600,09:38:16
2787,300,836100,09:38:16
2788,100,278800,09:38:16
2788,100,278800,09:38:16
2787,200,557400,09:38:15
2786,100,278600,09:38:10
2787,100,278700,09:38:10
2787,100,278700,09:38:10
2788,100,278800,09:38:09
2788,200,557600,09:38:09
2787,300,836100,09:38:09
2786,100,278600,09:38:09
2786,100,278600,09:38:09
2785,100,278500,09:38:08
2785,300,835500,09:38:08
2784,400,1113600,09:38:08
2783,200,556600,09:38:08
2783,100,278300,09:38:05
2781,100,278100,09:38:05
2781,100,278100,09:38:05
2781,100,278100,09:38:04
2782,300,834600,09:38:03
2782,100,278200,09:38:02
2782,100,278200,09:38:02
2782,100,278200,09:37:58
2782,500,1391000,09:37:56
2783,100,278300,09:37:55
2782,200,556400,09:37:54
2783,100,278300,09:37:54
2783,200,556600,09:37:53
2782,100,278200,09:37:53
2783,2000,5566000,09:37:53
2783,200,556600,09:37:53
2783,100,278300,09:37:53
2783,100,278300,09:37:53
2783,200,556600,09:37:53
2784,100,278400,09:37:51
2785,100,278500,09:37:49
2783,100,278300,09:37:48
2784,100,278400,09:37:47
2784,100,278400,09:37:47
2784,700,1948800,09:37:47
2785,1600,4456000,09:37:47
2786,1200,3343200,09:37:46
2787,300,836100,09:37:44
2789,100,278900,09:37:43
2788,100,278800,09:37:43
2788,100,278800,09:37:43
2788,100,278800,09:37:43
2788,200,557600,09:37:43
2788,200,557600,09:37:43
2789,100,278900,09:37:43
2789,300,836700,09:37:43
2791,300,837300,09:37:42
2790,200,558000,09:37:42
2792,1100,3071200,09:37:35
2791,900,2511900,09:37:35
2790,100,279000,09:37:33
2790,100,279000,09:37:32
2788,100,278800,09:37:32
2788,300,836400,09:37:28
2789,1100,3067900,09:37:28
2790,500,1395000,09:37:28
2791,100,279100,09:37:28
2791,100,279100,09:37:26
2791,100,279100,09:37:26
2791,100,279100,09:37:23
2789,100,278900,09:37:22
2790,100,279000,09:37:22
2789,300,836700,09:37:22
2789,100,278900,09:37:22
2790,2100,5859000,09:37:22
2791,100,279100,09:37:18
2791,200,558200,09:37:18
2791,200,558200,09:37:13
2792,700,1954400,09:37:13
2793,100,279300,09:37:12
2792,100,279200,09:37:10
2792,200,558400,09:37:07
2793,100,279300,09:37:07
2792,100,279200,09:37:07
2793,1500,4189500,09:37:07
2793,1000,2793000,09:37:07
2792,500,1396000,09:37:07
2790,100,279000,09:37:05
2790,100,279000,09:37:02
2790,100,279000,09:37:01
2790,100,279000,09:37:01
2791,100,279100,09:36:55
2790,100,279000,09:36:54
2790,1000,2790000,09:36:54
2789,100,278900,09:36:54
2790,100,279000,09:36:54
2789,200,557800,09:36:51
2789,400,1115600,09:36:50
2789,100,278900,09:36:50
2788,100,278800,09:36:50
2789,100,278900,09:36:50
2788,100,278800,09:36:48
2788,500,1394000,09:36:46
2787,100,278700,09:36:46
2787,400,1114800,09:36:45
2790,200,558000,09:36:41
2791,500,1395500,09:36:41
2792,200,558400,09:36:39
2791,100,279100,09:36:36
2793,100,279300,09:36:35
2792,400,1116800,09:36:35
2790,200,558000,09:36:35
2790,300,837000,09:36:35
2791,200,558200,09:36:34
2792,200,558400,09:36:34
2792,100,279200,09:36:31
2792,100,279200,09:36:30
2793,100,279300,09:36:30
2793,100,279300,09:36:30
2793,600,1675800,09:36:30
2792,1900,5304800,09:36:30
2791,600,1674600,09:36:28
2790,100,279000,09:36:28
2790,1200,3348000,09:36:28
2790,900,2511000,09:36:28
2789,100,278900,09:36:23
2789,100,278900,09:36:23
2789,100,278900,09:36:21
2788,900,2509200,09:36:21
2787,200,557400,09:36:19
2787,100,278700,09:36:18
2787,100,278700,09:36:17
2787,200,557400,09:36:17
2787,200,557400,09:36:17
2787,200,557400,09:36:17
2786,100,278600,09:36:12
2785,100,278500,09:36:10
2787,300,836100,09:36:09
2786,200,557200,09:36:09
2787,100,278700,09:36:05
2786,400,1114400,09:36:05
2787,100,278700,09:36:05
2787,300,836100,09:36:05
2787,100,278700,09:36:05
2787,100,278700,09:36:05
2786,400,1114400,09:36:03
2785,300,835500,09:36:02
2784,100,278400,09:36:00
2780,2200,6116000,09:35:59
2781,2200,6118200,09:35:59
2782,1700,4729400,09:35:59
2783,1300,3617900,09:35:59
2784,2000,5568000,09:35:59
2785,600,1671000,09:35:59
2785,100,278500,09:35:55
2786,300,835800,09:35:55
2786,100,278600,09:35:53
2786,100,278600,09:35:53
2786,200,557200,09:35:53
2787,200,557400,09:35:52
2788,100,278800,09:35:52
2787,100,278700,09:35:51
2787,300,836100,09:35:51
2786,100,278600,09:35:50
2785,1400,3899000,09:35:50
2786,300,835800,09:35:50
2786,400,1114400,09:35:49
2786,1600,4457600,09:35:49
2786,400,1114400,09:35:49
2786,900,2507400,09:35:46
2785,100,278500,09:35:45
2785,100,278500,09:35:45
2784,300,835200,09:35:44
2782,100,278200,09:35:43
2780,100,278000,09:35:42
2781,300,834300,09:35:42
2781,1500,4171500,09:35:42
2781,100,278100,09:35:42
2781,400,1112400,09:35:41
2781,300,834300,09:35:40
2781,100,278100,09:35:38
2782,100,278200,09:35:36
2782,100,278200,09:35:36
2783,100,278300,09:35:35
2784,200,556800,09:35:32
2784,200,556800,09:35:32
2784,200,556800,09:35:32
2785,200,557000,09:35:24
2786,100,278600,09:35:20
2785,100,278500,09:35:19
2784,100,278400,09:35:18
2783,200,556600,09:35:18
2784,200,556800,09:35:15
2783,100,278300,09:35:15
2782,100,278200,09:35:12
2782,100,278200,09:35:12
2782,200,556400,09:35:12
2780,200,556000,09:35:12
2781,100,278100,09:35:11
2781,200,556200,09:35:10
2782,200,556400,09:35:10
2784,100,278400,09:35:10
2784,100,278400,09:35:06
2783,100,278300,09:35:06
2784,700,1948800,09:35:06
2784,100,278400,09:35:06
2784,100,278400,09:35:06
2784,100,278400,09:35:06
2785,500,1392500,09:35:05
2787,100,278700,09:35:01
2787,100,278700,09:35:00
2787,300,836100,09:35:00
2788,100,278800,09:34:59
2787,300,836100,09:34:55
2785,100,278500,09:34:54
2786,100,278600,09:34:53
2786,100,278600,09:34:53
2787,300,836100,09:34:51
2787,200,557400,09:34:50
2788,1000,2788000,09:34:50
2788,400,1115200,09:34:50
2789,500,1394500,09:34:50
2790,200,558000,09:34:50
2790,100,279000,09:34:49
2789,100,278900,09:34:47
2790,100,279000,09:34:47
2790,100,279000,09:34:46
2791,200,558200,09:34:46
2790,100,279000,09:34:46
2790,100,279000,09:34:46
2790,100,279000,09:34:46
2790,200,558000,09:34:46
2790,700,1953000,09:34:46
2791,200,558200,09:34:46
2792,100,279200,09:34:45
2792,200,558400,09:34:44
2791,200,558200,09:34:44
2791,300,837300,09:34:42
2791,100,279100,09:34:42
2790,100,279000,09:34:40
2790,100,279000,09:34:40
2791,100,279100,09:34:40
2791,1000,2791000,09:34:39
2790,300,837000,09:34:39
2790,100,279000,09:34:38
2790,200,558000,09:34:38
2789,100,278900,09:34:32
2790,500,1395000,09:34:31
2790,100,279000,09:34:31
2790,100,279000,09:34:31
2790,100,279000,09:34:31
2790,800,2232000,09:34:31
2789,800,2231200,09:34:31
2788,200,557600,09:34:29
2788,200,557600,09:34:28
2788,100,278800,09:34:28
2788,200,557600,09:34:28
2788,200,557600,09:34:28
2788,200,557600,09:34:28
2788,100,278800,09:34:28
2788,200,557600,09:34:28
2788,100,278800,09:34:28
2788,200,557600,09:34:28
2788,100,278800,09:34:28
2788,400,1115200,09:34:28
2788,200,557600,09:34:27
2788,100,278800,09:34:27
2789,100,278900,09:34:26
2789,100,278900,09:34:26
2788,100,278800,09:34:26
2787,100,278700,09:34:25
2788,100,278800,09:34:23
2788,100,278800,09:34:22
2788,200,557600,09:34:22
2788,900,2509200,09:34:22
2787,100,278700,09:34:21
2787,100,278700,09:34:20
2787,100,278700,09:34:20
2786,200,557200,09:34:20
2787,100,278700,09:34:20
2787,100,278700,09:34:19
2788,100,278800,09:34:16
2787,200,557400,09:34:10
2787,300,836100,09:34:10
2787,100,278700,09:34:10
2787,100,278700,09:34:08
2786,100,278600,09:34:07
2786,100,278600,09:34:07
2784,300,835200,09:34:07
2785,500,1392500,09:34:07
2786,200,557200,09:34:06
2785,200,557000,09:34:06
2783,100,278300,09:34:05
2783,200,556600,09:34:05
2783,100,278300,09:34:05
2784,100,278400,09:34:05
2781,1000,2781000,09:34:05
2782,1800,5007600,09:34:05
2783,1200,3339600,09:34:05
2784,800,2227200,09:34:05
2785,200,557000,09:34:05
2785,100,278500,09:34:04
2784,100,278400,09:34:03
2784,100,278400,09:34:03
2787,400,1114800,09:33:59
2786,500,1393000,09:33:59
2785,100,278500,09:33:59
2785,100,278500,09:33:56
2786,100,278600,09:33:56
2785,100,278500,09:33:55
2785,200,557000,09:33:55
2785,200,557000,09:33:55
2784,100,278400,09:33:55
2783,500,1391500,09:33:55
2782,100,278200,09:33:51
2782,300,834600,09:33:51
2782,100,278200,09:33:51
2782,100,278200,09:33:48
2782,100,278200,09:33:48
2783,100,278300,09:33:48
2782,100,278200,09:33:48
2783,100,278300,09:33:48
2783,100,278300,09:33:46
2783,200,556600,09:33:45
2785,300,835500,09:33:41
2785,100,278500,09:33:41
2785,100,278500,09:33:41
2785,100,278500,09:33:41
2785,100,278500,09:33:41
2785,400,1114000,09:33:41
2785,200,557000,09:33:38
2785,800,2228000,09:33:38
2786,100,278600,09:33:36
2785,100,278500,09:33:34
2785,100,278500,09:33:34
2785,300,835500,09:33:34
2784,100,278400,09:33:33
2784,400,1113600,09:33:33
2784,100,278400,09:33:32
2784,100,278400,09:33:31
2784,100,278400,09:33:31
2785,100,278500,09:33:31
2785,100,278500,09:33:31
2785,400,1114000,09:33:25
2785,200,557000,09:33:21
2786,100,278600,09:33:21
2787,100,278700,09:33:19
2786,200,557200,09:33:19
2786,200,557200,09:33:17
2785,500,1392500,09:33:17
2787,100,278700,09:33:14
2786,200,557200,09:33:14
2784,800,2227200,09:33:14
2783,100,278300,09:33:11
2786,200,557200,09:33:10
2784,100,278400,09:33:09
2784,100,278400,09:33:09
2785,100,278500,09:33:07
2785,100,278500,09:33:06
2785,100,278500,09:33:06
2785,100,278500,09:33:06
2784,2000,5568000,09:33:06
2783,100,278300,09:33:06
2784,100,278400,09:33:05
2784,200,556800,09:33:04
2784,100,278400,09:33:04
2785,100,278500,09:33:04
2784,100,278400,09:33:02
2785,200,557000,09:33:02
2784,100,278400,09:33:01
2784,100,278400,09:33:01
2785,100,278500,09:32:59
2784,100,278400,09:32:57
2784,100,278400,09:32:57
2785,200,557000,09:32:57
2785,200,557000,09:32:56
2786,200,557200,09:32:53
2787,100,278700,09:32:52
2787,100,278700,09:32:52
2787,100,278700,09:32:50
2787,200,557400,09:32:50
2787,100,278700,09:32:48
2787,100,278700,09:32:46
2788,100,278800,09:32:45
2787,100,278700,09:32:45
2787,100,278700,09:32:43
2787,100,278700,09:32:42
2787,100,278700,09:32:42
2786,100,278600,09:32:42
2787,100,278700,09:32:41
2787,200,557400,09:32:41
2787,400,1114800,09:32:41
2786,100,278600,09:32:41
2786,100,278600,09:32:41
2787,100,278700,09:32:37
2787,100,278700,09:32:37
2787,200,557400,09:32:37
2786,200,557200,09:32:36
2785,800,2228000,09:32:36
2784,100,278400,09:32:35
2784,300,835200,09:32:35
2784,100,278400,09:32:35
2784,100,278400,09:32:34
2783,100,278300,09:32:33
2782,100,278200,09:32:33
2783,100,278300,09:32:33
2782,100,278200,09:32:31
2783,100,278300,09:32:29
2783,300,834900,09:32:28
2782,100,278200,09:32:28
2783,100,278300,09:32:26
2782,300,834600,09:32:26
2782,100,278200,09:32:23
2781,100,278100,09:32:23
2781,100,278100,09:32:22
2782,600,1669200,09:32:22
2783,100,278300,09:32:22
2783,200,556600,09:32:22
2785,100,278500,09:32:21
2786,100,278600,09:32:21
2785,100,278500,09:32:20
2784,100,278400,09:32:20
2786,800,2228800,09:32:17
2785,300,835500,09:32:17
2783,100,278300,09:32:16
2783,400,1113200,09:32:16
2783,200,556600,09:32:16
2785,200,557000,09:32:15
2786,100,278600,09:32:13
2785,100,278500,09:32:13
2785,100,278500,09:32:12
2785,100,278500,09:32:11
2784,100,278400,09:32:10
2785,100,278500,09:32:10
2785,100,278500,09:32:10
2783,100,278300,09:32:07
2784,100,278400,09:32:07
2784,100,278400,09:32:05
2784,400,1113600,09:32:04
2783,100,278300,09:32:04
2783,400,1113200,09:32:04
2784,100,278400,09:32:04
2785,100,278500,09:32:04
2784,700,1948800,09:32:04
2785,200,557000,09:32:03
2785,100,278500,09:32:02
2784,100,278400,09:32:02
2785,300,835500,09:31:59
2784,2000,5568000,09:31:59
2784,700,1948800,09:31:59
2783,100,278300,09:31:57
2783,100,278300,09:31:57
2783,100,278300,09:31:56
2783,100,278300,09:31:56
2783,100,278300,09:31:53
2783,100,278300,09:31:52
2782,100,278200,09:31:51
2781,100,278100,09:31:49
2781,100,278100,09:31:49
2781,100,278100,09:31:49
2782,500,1391000,09:31:48
2783,100,278300,09:31:48
2783,200,556600,09:31:48
2782,400,1112800,09:31:47
2780,300,834000,09:31:44
2779,200,555800,09:31:44
2780,100,278000,09:31:44
2780,100,278000,09:31:44
2781,300,834300,09:31:44
2782,100,278200,09:31:44
2782,300,834600,09:31:41
2782,100,278200,09:31:41
2782,200,556400,09:31:41
2782,100,278200,09:31:38
2782,300,834600,09:31:38
2781,100,278100,09:31:38
2779,400,1111600,09:31:36
2779,900,2501100,09:31:36
2778,300,833400,09:31:36
2779,100,277900,09:31:35
2778,400,1111200,09:31:35
2776,800,2220800,09:31:35
2778,100,277800,09:31:34
2777,300,833100,09:31:34
2775,100,277500,09:31:33
2777,100,277700,09:31:33
2777,400,1110800,09:31:33
2776,100,277600,09:31:32
2776,200,555200,09:31:32
2776,600,1665600,09:31:32
2777,700,1943900,09:31:32
2777,800,2221600,09:31:30
2778,100,277800,09:31:30
2778,100,277800,09:31:29
2778,100,277800,09:31:27
2778,400,1111200,09:31:27
2778,400,1111200,09:31:27
2779,100,277900,09:31:27
2779,100,277900,09:31:27
2779,100,277900,09:31:27
2779,100,277900,09:31:27
2779,300,833700,09:31:27
2780,1400,3892000,09:31:27
2782,1000,2782000,09:31:26
2781,200,556200,09:31:24
2781,200,556200,09:31:24
2781,100,278100,09:31:23
2780,100,278000,09:31:23
2780,200,556000,09:31:23
2780,100,278000,09:31:23
2780,100,278000,09:31:23
2780,100,278000,09:31:23
2780,100,278000,09:31:23
2780,300,834000,09:31:22
2779,100,277900,09:31:22
2780,2200,6116000,09:31:22
2780,300,834000,09:31:22
2780,100,278000,09:31:22
2780,1200,3336000,09:31:22
2781,200,556200,09:31:21
2781,100,278100,09:31:21
2780,100,278000,09:31:19
2780,200,556000,09:31:19
2781,100,278100,09:31:19
2781,100,278100,09:31:18
2782,100,278200,09:31:18
2782,400,1112800,09:31:18
2781,300,834300,09:31:17
2782,100,278200,09:31:17
2781,100,278100,09:31:16
2783,300,834900,09:31:14
2782,200,556400,09:31:14
2783,100,278300,09:31:12
2783,100,278300,09:31:12
2782,100,278200,09:31:11
2783,100,278300,09:31:11
2783,100,278300,09:31:11
2782,100,278200,09:31:09
2783,300,834900,09:31:09
2783,100,278300,09:31:08
2782,1500,4173000,09:31:07
2781,300,834300,09:31:07
2781,1300,3615300,09:31:07
2781,900,2502900,09:31:07
2782,300,834600,09:31:06
2782,300,834600,09:31:06
2782,100,278200,09:31:06
2782,200,556400,09:31:06
2782,200,556400,09:31:06
2782,200,556400,09:31:06
2783,200,556600,09:31:05
2783,200,556600,09:31:04
2784,900,2505600,09:31:04
2784,100,278400,09:31:04
2785,300,835500,09:31:04
2786,100,278600,09:31:03
2786,100,278600,09:31:03
2786,200,557200,09:31:02
2786,200,557200,09:31:00
2786,200,557200,09:31:00
2786,400,1114400,09:30:59
2787,100,278700,09:30:59
2786,100,278600,09:30:57
2786,100,278600,09:30:57
2787,100,278700,09:30:56
2787,200,557400,09:30:56
2787,100,278700,09:30:55
2786,100,278600,09:30:55
2786,300,835800,09:30:54
2786,100,278600,09:30:54
2785,100,278500,09:30:54
2787,100,278700,09:30:54
2789,100,278900,09:30:53
2788,200,557600,09:30:53
2789,100,278900,09:30:52
2790,100,279000,09:30:51
2790,200,558000,09:30:50
2791,300,837300,09:30:50
2791,100,279100,09:30:49
2790,200,558000,09:30:47
2789,100,278900,09:30:47
2788,500,1394000,09:30:47
2788,300,836400,09:30:47
2789,100,278900,09:30:47
2788,1300,3624400,09:30:45
2787,200,557400,09:30:45
2784,700,1948800,09:30:45
2785,1500,4177500,09:30:45
2786,1000,2786000,09:30:45
2787,400,1114800,09:30:45
2789,100,278900,09:30:45
2787,200,557400,09:30:45
2788,100,278800,09:30:44
2789,400,1115600,09:30:42
2790,100,279000,09:30:42
2790,300,837000,09:30:41
2790,300,837000,09:30:41
2789,500,1394500,09:30:40
2789,600,1673400,09:30:40
2789,100,278900,09:30:39
2788,200,557600,09:30:38
2787,400,1114800,09:30:38
2786,100,278600,09:30:38
2786,100,278600,09:30:38
2786,100,278600,09:30:37
2787,100,278700,09:30:37
2788,400,1115200,09:30:35
2787,100,278700,09:30:33
2788,100,278800,09:30:32
2788,100,278800,09:30:32
2788,200,557600,09:30:32
2788,200,557600,09:30:32
2788,200,557600,09:30:32
2788,100,278800,09:30:30
2788,200,557600,09:30:28
2789,300,836700,09:30:28
2788,100,278800,09:30:24
2787,100,278700,09:30:21
2787,300,836100,09:30:20
2788,500,1394000,09:30:19
2790,300,837000,09:30:17
2789,100,278900,09:30:17
2789,200,557800,09:30:17
2788,300,836400,09:30:17
2787,200,557400,09:30:16
2786,100,278600,09:30:13
2784,100,278400,09:30:11
2783,600,1669800,09:30:10
2784,100,278400,09:30:10
2786,300,835800,09:30:08
2786,300,835800,09:30:08
2787,100,278700,09:30:08
2788,100,278800,09:30:07
2788,300,836400,09:30:06
2791,300,837300,09:30:06
2792,300,837600,09:30:06
2792,100,279200,09:30:06
2791,500,1395500,09:30:06
2790,100,279000,09:30:05
2789,200,557800,09:30:05
2790,100,279000,09:30:04
2790,100,279000,09:30:04
2789,100,278900,09:30:03
2788,200,557600,09:30:03
2787,100,278700,09:30:03
2787,100,278700,09:30:03
2787,100,278700,09:30:03
2786,200,557200,09:30:02
2786,200,557200,09:30:02
2785,100,278500,09:29:59
2785,200,557000,09:29:59
2785,200,557000,09:29:59
2785,200,557000,09:29:59
2785,100,278500,09:29:59
2783,200,556600,09:29:56
2784,100,278400,09:29:56
2784,100,278400,09:29:56
2785,600,1671000,09:29:55
2784,100,278400,09:29:55
2784,100,278400,09:29:55
2784,100,278400,09:29:55
2782,100,278200,09:29:54
2781,200,556200,09:29:53
2780,100,278000,09:29:52
2780,200,556000,09:29:52
2779,1100,3056900,09:29:51
2780,300,834000,09:29:51
2779,100,277900,09:29:51
2780,3400,9452000,09:29:51
2780,300,834000,09:29:51
2781,700,1946700,09:29:50
2781,200,556200,09:29:50
2784,400,1113600,09:29:50
2784,500,1392000,09:29:50
2784,100,278400,09:29:50
2785,100,278500,09:29:49
2785,300,835500,09:29:49
2784,100,278400,09:29:48
2784,100,278400,09:29:48
2782,100,278200,09:29:46
2782,100,278200,09:29:46
2783,1000,2783000,09:29:46
2784,100,278400,09:29:44
2783,200,556600,09:29:44
2783,100,278300,09:29:44
2783,100,278300,09:29:44
2784,100,278400,09:29:41
2783,200,556600,09:29:41
2784,200,556800,09:29:40
2784,100,278400,09:29:40
2783,100,278300,09:29:39
2783,600,1669800,09:29:39
2781,100,278100,09:29:37
2782,200,556400,09:29:36
2781,500,1390500,09:29:36
2781,100,278100,09:29:36
2781,100,278100,09:29:34
2781,100,278100,09:29:34
2781,100,278100,09:29:34
2781,100,278100,09:29:32
2783,400,1113200,09:29:30
2782,400,1112800,09:29:30
2781,200,556200,09:29:30
2781,100,278100,09:29:29
2780,100,278000,09:29:26
2780,100,278000,09:29:25
2780,200,556000,09:29:25
2780,800,2224000,09:29:25
2783,200,556600,09:29:23
2781,200,556200,09:29:23
2782,100,278200,09:29:22
2782,200,556400,09:29:22
2781,500,1390500,09:29:22
2783,100,278300,09:29:22
2782,200,556400,09:29:22
2782,400,1112800,09:29:22
2781,100,278100,09:29:21
2780,100,278000,09:29:21
2781,100,278100,09:29:21
2781,300,834300,09:29:19
2777,400,1110800,09:29:19
2778,1200,3333600,09:29:19
2779,200,555800,09:29:19
2780,100,278000,09:29:19
2780,100,278000,09:29:19
2777,100,277700,09:29:18
2778,100,277800,09:29:18
2778,500,1389000,09:29:18
2777,600,1666200,09:29:18
2776,1300,3608800,09:29:18
2777,100,277700,09:29:17
2777,100,277700,09:29:17
2777,100,277700,09:29:17
2777,100,277700,09:29:16
2779,100,277900,09:29:16
2779,100,277900,09:29:16
2779,200,555800,09:29:16
2778,100,277800,09:29:15
2778,100,277800,09:29:12
2778,100,277800,09:29:12
2777,1800,4998600,09:29:12
2777,200,555400,09:29:12
2778,300,833400,09:29:12
2779,500,1389500,09:29:12
2781,100,278100,09:29:12
2780,700,1946000,09:29:11
2780,100,278000,09:29:11
2780,100,278000,09:29:11
2780,100,278000,09:29:11
2780,200,556000,09:29:11
2780,100,278000,09:29:11
2781,400,1112400,09:29:11
2782,700,1947400,09:29:10
2783,100,278300,09:29:10
2785,100,278500,09:29:10
2782,100,278200,09:29:09
2782,100,278200,09:29:08
2785,500,1392500,09:29:07
2784,500,1392000,09:29:07
2780,400,1112000,09:29:06
2781,200,556200,09:29:06
2782,700,1947400,09:29:05
2781,300,834300,09:29:05
2779,100,277900,09:29:05
2779,100,277900,09:29:05
2779,300,833700,09:29:04
2779,400,1111600,09:29:04
2779,100,277900,09:29:04
2779,100,277900,09:29:04
2780,200,556000,09:29:04
2779,800,2223200,09:29:04
2777,100,277700,09:29:04
2777,100,277700,09:29:04
2777,100,277700,09:29:04
2777,100,277700,09:29:04
2777,100,277700,09:29:04
2778,100,277800,09:29:04
2778,900,2500200,09:29:04
2778,200,555600,09:29:04
2779,500,1389500,09:29:03
2780,16600,46148000,09:29:03
2780,5900,16402000,09:29:03
2780,100,278000,09:29:03
2780,500,1390000,09:29:03
2780,400,1112000,09:29:03
2780,400,1112000,09:29:03
2780,100,278000,09:29:03
2781,5800,16129800,09:29:03
2781,900,2502900,09:29:03
2782,600,1669200,09:29:03
2783,3100,8627300,09:29:03
2784,800,2227200,09:29:02
2785,800,2228000,09:29:02
2785,100,278500,09:29:01
2786,100,278600,09:29:00
2785,200,557000,09:29:00
2786,500,1393000,09:29:00
2789,500,1394500,09:28:59
2788,300,836400,09:28:59
2785,100,278500,09:28:58
2787,100,278700,09:28:57
2787,500,1393500,09:28:57
2787,100,278700,09:28:57
2789,800,2231200,09:28:57
2787,200,557400,09:28:57
2787,100,278700,09:28:57
2785,100,278500,09:28:57
2784,100,278400,09:28:57
2785,900,2506500,09:28:57
2786,100,278600,09:28:56
2787,100,278700,09:28:55
2786,100,278600,09:28:55
2788,200,557600,09:28:53
2787,200,557400,09:28:52
2788,100,278800,09:28:52
2788,100,278800,09:28:52
2789,100,278900,09:28:51
2789,100,278900,09:28:51
2789,100,278900,09:28:50
2790,600,1674000,09:28:49
2791,700,1953700,09:28:49
2791,200,558200,09:28:49
2792,300,837600,09:28:48
2792,100,279200,09:28:48
2792,100,279200,09:28:46
2794,100,279400,09:28:46
2792,200,558400,09:28:45
2793,200,558600,09:28:45
2793,300,837900,09:28:45
2794,100,279400,09:28:45
2795,400,1118000,09:28:45
2795,100,279500,09:28:45
2794,100,279400,09:28:42
2795,800,2236000,09:28:42
2794,100,279400,09:28:41
2793,200,558600,09:28:41
2795,100,279500,09:28:41
2794,200,558800,09:28:40
2794,100,279400,09:28:40
2793,100,279300,09:28:37
2792,100,279200,09:28:37
2791,100,279100,09:28:37
2791,100,279100,09:28:36
2790,100,279000,09:28:36
2793,800,2234400,09:28:36
2792,500,1396000,09:28:36
2791,200,558200,09:28:36
2790,200,558000,09:28:36
2789,300,836700,09:28:36
2788,200,557600,09:28:36
2788,100,278800,09:28:36
2787,100,278700,09:28:35
2788,100,278800,09:28:35
2788,300,836400,09:28:35
2786,100,278600,09:28:35
2787,100,278700,09:28:35
2787,100,278700,09:28:35
2787,100,278700,09:28:35
2786,1700,4736200,09:28:35
2787,100,278700,09:28:35
2787,1000,2787000,09:28:35
2786,300,835800,09:28:35
2787,1000,2787000,09:28:35
2788,1800,5018400,09:28:35
2789,400,1115600,09:28:35
2790,1000,2790000,09:28:35
2790,700,1953000,09:28:35
2790,8700,24273000,09:28:35
2791,2100,5861100,09:28:35
2791,200,558200,09:28:34
2792,500,1396000,09:28:34
2792,100,279200,09:28:34
2792,100,279200,09:28:33
2793,200,558600,09:28:33
2794,400,1117600,09:28:33
2794,100,279400,09:28:33
2795,1200,3354000,09:28:33
2796,400,1118400,09:28:33
2797,300,839100,09:28:33
2797,200,559400,09:28:33
2797,100,279700,09:28:33
2797,200,559400,09:28:33
2797,100,279700,09:28:33
2798,2400,6715200,09:28:33
2798,200,559600,09:28:33
2799,900,2519100,09:28:33
2800,3700,10360000,09:28:33
2802,100,280200,09:28:27
2801,100,280100,09:28:27
2802,100,280200,09:28:24
2802,600,1681200,09:28:24
2803,100,280300,09:28:24
2802,300,840600,09:28:21
2802,100,280200,09:28:20
2801,100,280100,09:28:19
2801,100,280100,09:28:19
2802,100,280200,09:28:13
2802,100,280200,09:28:13
2802,100,280200,09:28:12
2801,500,1400500,09:28:12
2802,800,2241600,09:28:12
2803,200,560600,09:28:11
2804,100,280400,09:28:10
2803,100,280300,09:28:10
2803,100,280300,09:28:10
2803,100,280300,09:28:10
2804,100,280400,09:28:08
2803,100,280300,09:28:08
2804,300,841200,09:28:07
2803,200,560600,09:28:07
2803,100,280300,09:28:05
2803,200,560600,09:28:05
2804,300,841200,09:28:01
2803,300,840900,09:28:01
2803,200,560600,09:28:00
2803,300,840900,09:28:00
2803,100,280300,09:28:00
2803,100,280300,09:28:00
2804,100,280400,09:27:59
2804,100,280400,09:27:59
2803,300,840900,09:27:59
2804,100,280400,09:27:58
2803,200,560600,09:27:58
2802,900,2521800,09:27:55
2801,100,280100,09:27:52
2801,100,280100,09:27:50
2800,100,280000,09:27:49
2802,300,840600,09:27:48
2801,200,560200,09:27:48
2800,200,560000,09:27:46
2800,100,280000,09:27:46
2801,100,280100,09:27:45
2800,100,280000,09:27:43
2800,500,1400000,09:27:43
2801,100,280100,09:27:42
2802,100,280200,09:27:42
2802,100,280200,09:27:41
2801,200,560200,09:27:40
2801,900,2520900,09:27:40
2803,300,840900,09:27:36
2803,100,280300,09:27:33
2803,200,560600,09:27:33
2803,100,280300,09:27:33
2803,200,560600,09:27:33
2802,600,1681200,09:27:33
2803,400,1121200,09:27:33
2804,100,280400,09:27:30
2803,100,280300,09:27:29
2804,100,280400,09:27:26
2803,100,280300,09:27:26
2805,100,280500,09:27:24
2805,300,841500,09:27:24
2804,200,560800,09:27:24
2804,100,280400,09:27:22
2803,200,560600,09:27:22
2802,1000,2802000,09:27:22
2801,300,840300,09:27:21
2800,300,840000,09:27:21
2800,100,280000,09:27:21
2799,100,279900,09:27:20
2798,200,559600,09:27:20
2797,100,279700,09:27:20
2797,100,279700,09:27:20
2796,300,838800,09:27:20
2797,100,279700,09:27:20
2797,200,559400,09:27:20
2799,300,839700,09:27:14
2798,100,279800,09:27:14
2797,100,279700,09:27:13
2796,100,279600,09:27:13
2797,300,839100,09:27:13
2797,200,559400,09:27:12
2797,100,279700,09:27:12
2797,100,279700,09:27:11
2797,500,1398500,09:27:11
2796,200,559200,09:27:11
2797,100,279700,09:27:11
2798,100,279800,09:27:11
2798,300,839400,09:27:09
2801,200,560200,09:27:04
2800,100,280000,09:27:03
2801,400,1120400,09:27:03
2800,100,280000,09:26:58
2800,100,280000,09:26:57
2800,100,280000,09:26:55
2801,800,2240800,09:26:55
2801,100,280100,09:26:54
2801,200,560200,09:26:54
2802,100,280200,09:26:52
2799,100,279900,09:26:51
2802,100,280200,09:26:51
2801,100,280100,09:26:51
2800,100,280000,09:26:47
2800,200,560000,09:26:47
2799,500,1399500,09:26:47
2798,200,559600,09:26:47
2797,2300,6433100,09:26:47
2796,2200,6151200,09:26:47
2795,500,1397500,09:26:47
2794,800,2235200,09:26:45
2793,500,1396500,09:26:45
2792,100,279200,09:26:45
2793,200,558600,09:26:45
2794,100,279400,09:26:45
2795,1100,3074500,09:26:45
2795,100,279500,09:26:43
2796,100,279600,09:26:42
2795,100,279500,09:26:41
2797,100,279700,09:26:38
2796,200,559200,09:26:37
2796,100,279600,09:26:32
2796,100,279600,09:26:32
2796,200,559200,09:26:30
2796,400,1118400,09:26:30
2795,200,559000,09:26:27
2795,100,279500,09:26:27
2795,100,279500,09:26:27
2795,100,279500,09:26:27
2795,100,279500,09:26:27
2795,100,279500,09:26:27
2793,100,279300,09:26:26
2793,200,558600,09:26:25
2793,100,279300,09:26:24
2795,100,279500,09:26:23
2794,100,279400,09:26:22
2794,100,279400,09:26:21
2792,900,2512800,09:26:21
2793,1600,4468800,09:26:21
2794,500,1397000,09:26:21
2797,200,559400,09:26:21
2797,100,279700,09:26:19
2795,100,279500,09:26:19
2794,100,279400,09:26:19
2795,800,2236000,09:26:19
2795,100,279500,09:26:19
2796,2000,5592000,09:26:19
2797,1300,3636100,09:26:19
2798,200,559600,09:26:16
2799,300,839700,09:26:15
2800,100,280000,09:26:15
2801,300,840300,09:26:15
2801,100,280100,09:26:15
2802,300,840600,09:26:15
2802,300,840600,09:26:15
2802,1000,2802000,09:26:15
2801,100,280100,09:26:13
2801,100,280100,09:26:10
2802,300,840600,09:26:09
2802,100,280200,09:26:08
2802,200,560400,09:26:08
2802,100,280200,09:26:08
2802,200,560400,09:26:07
2803,200,560600,09:26:07
2802,300,840600,09:26:07
2802,100,280200,09:26:07
2800,100,280000,09:26:06
2801,100,280100,09:26:06
2799,100,279900,09:26:05
2801,100,280100,09:26:05
2803,300,840900,09:26:05
2801,700,1960700,09:26:05
2803,100,280300,09:26:05
2803,100,280300,09:26:05
2801,100,280100,09:26:05
2801,300,840300,09:26:05
2802,100,280200,09:26:05
2802,300,840600,09:26:05
2802,100,280200,09:26:05
2801,2200,6162200,09:26:05
2800,300,840000,09:26:05
2799,400,1119600,09:26:04
2800,200,560000,09:26:04
2801,100,280100,09:26:02
2800,500,1400000,09:26:02
2800,200,560000,09:26:01
2799,400,1119600,09:26:01
2798,100,279800,09:26:00
2799,100,279900,09:25:57
2798,200,559600,09:25:57
2798,100,279800,09:25:56
2799,300,839700,09:25:55
2798,100,279800,09:25:53
2800,700,1960000,09:25:52
2799,200,559800,09:25:52
2798,100,279800,09:25:51
2798,100,279800,09:25:51
2797,100,279700,09:25:51
2796,100,279600,09:25:50
2795,200,559000,09:25:49
2796,200,559200,09:25:49
2797,100,279700,09:25:49
2797,400,1118800,09:25:49
2799,1300,3638700,09:25:49
2797,300,839100,09:25:49
2798,200,559600,09:25:49
2798,100,279800,09:25:47
2797,100,279700,09:25:45
2797,100,279700,09:25:45
2797,100,279700,09:25:45
2797,700,1957900,09:25:45
2797,100,279700,09:25:45
2796,700,1957200,09:25:45
2796,100,279600,09:25:44
2796,100,279600,09:25:44
2796,100,279600,09:25:43
2796,100,279600,09:25:43
2797,400,1118800,09:25:43
2798,300,839400,09:25:43
2798,100,279800,09:25:42
2800,100,280000,09:25:42
2800,200,560000,09:25:41
2799,400,1119600,09:25:41
2799,100,279900,09:25:41
2798,200,559600,09:25:41
2799,200,559800,09:25:41
2800,100,280000,09:25:40
2800,100,280000,09:25:39
2800,300,840000,09:25:39
2800,500,1400000,09:25:38
2799,700,1959300,09:25:38
2797,400,1118800,09:25:38
2798,200,559600,09:25:37
2797,400,1118800,09:25:36
2798,300,839400,09:25:36
2799,200,559800,09:25:36
2802,1100,3082200,09:25:34
2801,1300,3641300,09:25:34
2800,800,2240000,09:25:34
2799,500,1399500,09:25:34
2798,1300,3637400,09:25:34
2797,100,279700,09:25:34
2797,300,839100,09:25:33
2798,100,279800,09:25:33
2798,100,279800,09:25:33
2799,100,279900,09:25:32
2799,100,279900,09:25:32
2799,100,279900,09:25:32
2799,100,279900,09:25:32
2799,100,279900,09:25:32
2800,1600,4480000,09:25:32
2800,100,280000,09:25:32
2801,1600,4481600,09:25:32
2802,100,280200,09:25:32
2803,200,560600,09:25:32
2805,200,561000,09:25:31
2807,300,842100,09:25:31
2805,500,1402500,09:25:30
2803,100,280300,09:25:30
2802,300,840600,09:25:29
2803,100,280300,09:25:29
2803,500,1401500,09:25:29
2802,500,1401000,09:25:29
2802,200,560400,09:25:29
2802,100,280200,09:25:29
2803,400,1121200,09:25:29
2804,100,280400,09:25:28
2805,100,280500,09:25:28
2803,100,280300,09:25:28
2804,100,280400,09:25:28
2804,100,280400,09:25:28
2805,100,280500,09:25:28
2804,100,280400,09:25:28
2805,100,280500,09:25:27
2804,100,280400,09:25:27
2804,1000,2804000,09:25:26
2805,100,280500,09:25:26
2805,100,280500,09:25:26
2805,100,280500,09:25:26
2805,100,280500,09:25:25
2808,400,1123200,09:25:25
2807,600,1684200,09:25:25
2806,500,1403000,09:25:25
2804,100,280400,09:25:23
2804,100,280400,09:25:22
2806,100,280600,09:25:22
2805,100,280500,09:25:21
2804,100,280400,09:25:21
2805,100,280500,09:25:20
2806,400,1122400,09:25:19
2807,200,561400,09:25:19
2809,200,561800,09:25:19
2808,600,1684800,09:25:19
2807,100,280700,09:25:18
2808,100,280800,09:25:17
2808,1000,2808000,09:25:17
2807,100,280700,09:25:17
2807,700,1964900,09:25:17
2808,100,280800,09:25:17
2808,400,1123200,09:25:17
2807,200,561400,09:25:17
2806,100,280600,09:25:16
2806,200,561200,09:25:16
2805,100,280500,09:25:15
2805,300,841500,09:25:15
2804,100,280400,09:25:14
2805,600,1683000,09:25:14
2805,100,280500,09:25:14
2806,1500,4209000,09:25:14
2807,600,1684200,09:25:14
2807,100,280700,09:25:14
2808,700,1965600,09:25:14
2810,100,281000,09:25:13
2812,400,1124800,09:25:13
2811,500,1405500,09:25:13
2808,500,1404000,09:25:13
2811,100,281100,09:25:13
2809,200,561800,09:25:13
2810,500,1405000,09:25:12
2812,500,1406000,09:25:12
2811,200,562200,09:25:10
2810,100,281000,09:25:10
2810,100,281000,09:25:09
2811,100,281100,09:25:09
2811,100,281100,09:25:09
2810,100,281000,09:25:07
2810,200,562000,09:25:07
2810,200,562000,09:25:06
2810,100,281000,09:25:05
2811,100,281100,09:25:05
2812,100,281200,09:25:05
2813,700,1969100,09:25:05
2814,100,281400,09:25:05
2814,100,281400,09:25:05
2814,100,281400,09:25:05
2814,100,281400,09:25:05
2815,100,281500,09:25:05
2814,900,2532600,09:25:05
2813,300,843900,09:25:05
2812,600,1687200,09:25:05
2811,300,843300,09:25:05
2810,500,1405000,09:25:05
2808,100,280800,09:25:04
2808,600,1684800,09:25:04
2809,100,280900,09:25:04
2809,400,1123600,09:25:01
2810,100,281000,09:25:01
2811,100,281100,09:25:01
2811,300,843300,09:25:01
2809,100,280900,09:25:00
2809,300,842700,09:25:00
2809,500,1404500,09:25:00
2811,100,281100,09:24:59
2809,200,561800,09:24:59
2810,100,281000,09:24:59
2811,100,281100,09:24:58
2810,100,281000,09:24:57
2810,200,562000,09:24:57
2813,200,562600,09:24:55
2810,100,281000,09:24:55
2811,300,843300,09:24:55
2812,400,1124800,09:24:55
2813,100,281300,09:24:55
2812,100,281200,09:24:55
2811,200,562200,09:24:54
2813,200,562600,09:24:54
2812,100,281200,09:24:54
2812,500,1406000,09:24:53
2813,100,281300,09:24:53
2812,100,281200,09:24:53
2813,500,1406500,09:24:53
2812,200,562400,09:24:53
2811,200,562200,09:24:53
2811,100,281100,09:24:52
2810,300,843000,09:24:52
2811,100,281100,09:24:52
2811,200,562200,09:24:52
2813,1000,2813000,09:24:52
2812,600,1687200,09:24:52
2811,700,1967700,09:24:52
2809,100,280900,09:24:52
2810,200,562000,09:24:52
2810,100,281000,09:24:52
2810,200,562000,09:24:52
2810,200,562000,09:24:52
2810,100,281000,09:24:52
2811,100,281100,09:24:51
2812,600,1687200,09:24:51
2812,200,562400,09:24:51
2813,100,281300,09:24:50
2814,100,281400,09:24:50
2814,100,281400,09:24:49
2814,200,562800,09:24:49
2812,100,281200,09:24:49
2814,100,281400,09:24:49
2814,100,281400,09:24:48
2814,100,281400,09:24:48
2813,100,281300,09:24:48
2814,500,1407000,09:24:48
2815,400,1126000,09:24:47
2815,100,281500,09:24:47
2814,500,1407000,09:24:47
2813,100,281300,09:24:47
2813,100,281300,09:24:47
2813,100,281300,09:24:47
2814,100,281400,09:24:46
2814,200,562800,09:24:45
2814,100,281400,09:24:45
2813,100,281300,09:24:44
2812,100,281200,09:24:44
2813,300,843900,09:24:44
2813,700,1969100,09:24:43
2812,100,281200,09:24:43
2810,800,2248000,09:24:43
2809,300,842700,09:24:43
2809,200,561800,09:24:43
2807,100,280700,09:24:43
2808,300,842400,09:24:43
2808,200,561600,09:24:43
2808,900,2527200,09:24:43
2809,100,280900,09:24:42
2809,100,280900,09:24:42
2810,100,281000,09:24:42
2809,400,1123600,09:24:41
2809,100,280900,09:24:40
2810,100,281000,09:24:40
2808,500,1404000,09:24:40
2809,100,280900,09:24:40
2811,100,281100,09:24:40
2810,100,281000,09:24:40
2810,100,281000,09:24:40
2810,400,1124000,09:24:40
2811,100,281100,09:24:40
2810,100,281000,09:24:40
2810,100,281000,09:24:40
2810,100,281000,09:24:40
2812,100,281200,09:24:40
2812,800,2249600,09:24:40
2811,1600,4497600,09:24:40
2809,100,280900,09:24:40
2810,5000,14050000,09:24:40
2810,1600,4496000,09:24:40
2809,600,1685400,09:24:40
2808,100,280800,09:24:40
2808,100,280800,09:24:40
2808,100,280800,09:24:40
2808,200,561600,09:24:40
2807,300,842100,09:24:40
2808,100,280800,09:24:40
2808,300,842400,09:24:40
2809,600,1685400,09:24:40
2807,100,280700,09:24:39
2806,100,280600,09:24:38
2806,200,561200,09:24:37
2806,300,841800,09:24:36
2807,100,280700,09:24:36
2807,200,561400,09:24:36
2808,300,842400,09:24:36
2807,400,1122800,09:24:35
2807,100,280700,09:24:34
2807,100,280700,09:24:34
2807,100,280700,09:24:34
2807,100,280700,09:24:34
2807,600,1684200,09:24:34
2805,100,280500,09:24:33
2806,200,561200,09:24:33
2804,200,560800,09:24:33
2805,100,280500,09:24:33
2806,100,280600,09:24:32
2805,100,280500,09:24:32
2804,100,280400,09:24:32
2803,200,560600,09:24:32
2803,100,280300,09:24:32
2802,100,280200,09:24:31
2801,200,560200,09:24:31
2800,300,840000,09:24:31
2799,300,839700,09:24:31
2798,100,279800,09:24:31
2798,100,279800,09:24:31
2797,100,279700,09:24:27
2798,100,279800,09:24:26
2799,100,279900,09:24:24
2800,1000,2800000,09:24:24
2799,200,559800,09:24:24
2802,200,560400,09:24:23
2801,600,1680600,09:24:23
2800,500,1400000,09:24:22
2800,100,280000,09:24:22
2797,100,279700,09:24:22
2797,100,279700,09:24:22
2796,1100,3075600,09:24:22
2797,300,839100,09:24:22
2798,100,279800,09:24:22
2799,300,839700,09:24:21
2799,700,1959300,09:24:21
2800,100,280000,09:24:20
2800,100,280000,09:24:20
2800,100,280000,09:24:20
2802,400,1120800,09:24:19
2800,100,280000,09:24:19
2801,300,840300,09:24:18
2802,100,280200,09:24:18
2803,100,280300,09:24:17
2804,100,280400,09:24:17
2803,100,280300,09:24:17
2802,200,560400,09:24:17
2803,100,280300,09:24:17
2803,200,560600,09:24:17
2804,100,280400,09:24:16
2804,100,280400,09:24:16
2803,200,560600,09:24:16
2804,100,280400,09:24:16
2804,500,1402000,09:24:16
2805,800,2244000,09:24:16
2806,800,2244800,09:24:16
2806,100,280600,09:24:16
2805,100,280500,09:24:16
2805,100,280500,09:24:16
2805,100,280500,09:24:16
2806,500,1403000,09:24:16
2808,500,1404000,09:24:16
2808,300,842400,09:24:16
2807,700,1964900,09:24:16
2806,300,841800,09:24:16
2805,1000,2805000,09:24:16
2804,100,280400,09:24:16
2803,400,1121200,09:24:16
2803,100,280300,09:24:16
2803,100,280300,09:24:16
2803,700,1962100,09:24:16
2802,2600,7285200,09:24:16
2801,300,840300,09:24:16
2800,3700,10360000,09:24:16
2799,1400,3918600,09:24:16
2798,200,559600,09:24:16
2798,200,559600,09:24:14
2797,400,1118800,09:24:14
2795,500,1397500,09:24:12
2796,200,559200,09:24:10
2797,100,279700,09:24:10
2798,100,279800,09:24:09
2797,400,1118800,09:24:07
2796,100,279600,09:24:07
2798,100,279800,09:24:05
2798,100,279800,09:24:05
2797,1300,3636100,09:24:05
2797,100,279700,09:24:05
2796,300,838800,09:24:04
2796,100,279600,09:24:04
2796,100,279600,09:24:04
2796,100,279600,09:24:01
2796,100,279600,09:24:01
2796,100,279600,09:23:58
2795,200,559000,09:23:57
2794,500,1397000,09:23:56
2795,100,279500,09:23:56
2796,100,279600,09:23:56
2797,300,839100,09:23:51
2797,100,279700,09:23:50
2799,100,279900,09:23:49
2799,100,279900,09:23:49
2798,200,559600,09:23:49
2797,400,1118800,09:23:48
2797,200,559400,09:23:47
2798,100,279800,09:23:46
2798,100,279800,09:23:45
2798,100,279800,09:23:45
2797,100,279700,09:23:45
2798,100,279800,09:23:45
2796,100,279600,09:23:45
2799,300,839700,09:23:45
2798,1300,3637400,09:23:45
2797,1100,3076700,09:23:45
2796,1400,3914400,09:23:45
2795,300,838500,09:23:45
2793,200,558600,09:23:45
2794,100,279400,09:23:43
2794,100,279400,09:23:42
2795,100,279500,09:23:41
2796,400,1118400,09:23:41
2796,600,1677600,09:23:41
2795,100,279500,09:23:40
2795,700,1956500,09:23:39
2795,100,279500,09:23:38
2792,200,558400,09:23:37
2793,200,558600,09:23:36
2793,100,279300,09:23:36
2793,200,558600,09:23:36
2793,200,558600,09:23:36
2796,900,2516400,09:23:36
2795,500,1397500,09:23:36
2795,100,279500,09:23:33
2794,100,279400,09:23:33
2794,200,558800,09:23:33
2794,300,838200,09:23:33
2795,600,1677000,09:23:33
2795,200,559000,09:23:33
2796,100,279600,09:23:33
2796,100,279600,09:23:31
2798,100,279800,09:23:31
2795,100,279500,09:23:30
2797,200,559400,09:23:27
2798,100,279800,09:23:27
2798,400,1119200,09:23:26
2796,100,279600,09:23:24
2796,100,279600,09:23:22
2796,100,279600,09:23:22
2795,100,279500,09:23:22
2794,100,279400,09:23:21
2795,100,279500,09:23:19
2794,1000,2794000,09:23:19
2795,100,279500,09:23:18
2797,100,279700,09:23:16
2795,100,279500,09:23:14
2794,100,279400,09:23:12
2793,100,279300,09:23:12
2794,100,279400,09:23:10
2794,200,558800,09:23:07
2794,100,279400,09:23:05
2794,100,279400,09:23:03
2792,900,2512800,09:23:02
2791,100,279100,09:23:02
2790,200,558000,09:23:00
2790,100,279000,09:22:59
2791,300,837300,09:22:59
2790,100,279000,09:22:59
2790,300,837000,09:22:59
2790,300,837000,09:22:59
2791,600,1674600,09:22:59
2792,100,279200,09:22:58
2792,100,279200,09:22:58
2794,200,558800,09:22:58
2793,300,837900,09:22:58
2792,200,558400,09:22:57
2792,100,279200,09:22:57
2793,100,279300,09:22:56
2791,100,279100,09:22:55
2792,100,279200,09:22:55
2793,200,558600,09:22:55
2793,500,1396500,09:22:55
2792,200,558400,09:22:53
2793,400,1117200,09:22:53
2791,100,279100,09:22:53
2791,1000,2791000,09:22:51
2792,100,279200,09:22:51
2791,100,279100,09:22:51
2792,100,279200,09:22:51
2793,100,279300,09:22:50
2794,100,279400,09:22:50
2794,100,279400,09:22:50
2794,100,279400,09:22:50
2792,100,279200,09:22:50
2794,100,279400,09:22:50
2793,1000,2793000,09:22:50
2793,100,279300,09:22:50
2794,1300,3632200,09:22:50
2795,100,279500,09:22:50
2796,2200,6151200,09:22:50
2796,5300,14818800,09:22:50
2797,200,559400,09:22:49
2800,100,280000,09:22:42
2800,100,280000,09:22:42
2802,100,280200,09:22:39
2802,100,280200,09:22:38
2802,100,280200,09:22:38
2802,100,280200,09:22:38
2801,200,560200,09:22:38
2800,1000,2800000,09:22:38
2799,100,279900,09:22:38
2800,1200,3360000,09:22:37
2799,600,1679400,09:22:37
2798,200,559600,09:22:37
2798,100,279800,09:22:37
2797,500,1398500,09:22:37
2797,200,559400,09:22:37
2796,100,279600,09:22:37
2796,100,279600,09:22:37
2796,1600,4473600,09:22:37
2795,400,1118000,09:22:37
2794,100,279400,09:22:37
2792,100,279200,09:22:36
2795,200,559000,09:22:36
2795,200,559000,09:22:36
2795,1300,3633500,09:22:36
2794,2500,6985000,09:22:36
2793,1000,2793000,09:22:36
2791,100,279100,09:22:36
2792,1000,2792000,09:22:36
2793,500,1396500,09:22:36
2793,500,1396500,09:22:34
2796,100,279600,09:22:31
2796,100,279600,09:22:29
2797,100,279700,09:22:29
2796,100,279600,09:22:27
2796,100,279600,09:22:27
2793,400,1117200,09:22:26
2794,300,838200,09:22:26
2796,500,1398000,09:22:26
2795,600,1677000,09:22:26
2794,200,558800,09:22:25
2793,100,279300,09:22:25
2793,100,279300,09:22:24
2793,300,837900,09:22:24
2792,100,279200,09:22:23
2792,100,279200,09:22:22
2793,100,279300,09:22:21
2793,100,279300,09:22:18
2794,100,279400,09:22:17
2793,200,558600,09:22:16
2795,500,1397500,09:22:15
2794,400,1117600,09:22:15
2793,1200,3351600,09:22:15
2795,100,279500,09:22:13
2795,200,559000,09:22:11
2794,100,279400,09:22:11
2795,100,279500,09:22:09
2795,300,838500,09:22:09
2795,200,559000,09:22:09
2795,600,1677000,09:22:09
2796,100,279600,09:22:07
2797,200,559400,09:22:06
2798,300,839400,09:22:05
2798,100,279800,09:22:05
2798,100,279800,09:22:05
2798,100,279800,09:22:05
2798,200,559600,09:22:05
2798,200,559600,09:22:05
2800,200,560000,09:22:03
2801,100,280100,09:22:03
2800,600,1680000,09:22:03
2797,600,1678200,09:22:02
2798,400,1119200,09:22:02
2799,400,1119600,09:22:02
2798,400,1119200,09:22:01
2798,200,559600,09:22:01
2800,100,280000,09:22:00
2800,100,280000,09:22:00
2800,200,560000,09:21:59
2798,200,559600,09:21:59
2799,100,279900,09:21:59
2800,100,280000,09:21:58
2800,100,280000,09:21:58
2800,100,280000,09:21:58
2800,100,280000,09:21:58
2800,200,560000,09:21:58
2799,100,279900,09:21:58
2797,200,559400,09:21:53
2797,100,279700,09:21:53
2796,100,279600,09:21:52
2797,200,559400,09:21:51
2798,100,279800,09:21:51
2798,100,279800,09:21:49
2798,100,279800,09:21:49
2800,300,840000,09:21:47
2799,500,1399500,09:21:47
2798,100,279800,09:21:47
2797,100,279700,09:21:47
2798,100,279800,09:21:47
2799,200,559800,09:21:47
2800,500,1400000,09:21:47
2800,200,560000,09:21:47
2800,400,1120000,09:21:47
2801,100,280100,09:21:47
2802,100,280200,09:21:46
2802,100,280200,09:21:46
2803,200,560600,09:21:46
2803,300,840900,09:21:46
2802,100,280200,09:21:46
2804,100,280400,09:21:45
2803,100,280300,09:21:45
2803,100,280300,09:21:45
2805,100,280500,09:21:45
2805,100,280500,09:21:45
2807,200,561400,09:21:44
2806,300,841800,09:21:44
2805,100,280500,09:21:44
2803,200,560600,09:21:44
2805,100,280500,09:21:44
2806,200,561200,09:21:44
2806,100,280600,09:21:44
2805,100,280500,09:21:44
2804,600,1682400,09:21:44
2801,200,560200,09:21:43
2802,100,280200,09:21:43
2802,200,560400,09:21:42
2800,100,280000,09:21:42
2800,100,280000,09:21:42
2801,500,1400500,09:21:42
2800,500,1400000,09:21:42
2799,100,279900,09:21:42
2799,100,279900,09:21:42
2799,100,279900,09:21:41
2799,500,1399500,09:21:39
2800,1400,3920000,09:21:39
2801,100,280100,09:21:39
2801,100,280100,09:21:39
2801,100,280100,09:21:39
2802,200,560400,09:21:39
2800,100,280000,09:21:36
2801,200,560200,09:21:36
2803,200,560600,09:21:36
2801,700,1960700,09:21:35
2802,200,560400,09:21:35
2804,100,280400,09:21:35
2803,100,280300,09:21:35
2803,100,280300,09:21:35
2802,2900,8125800,09:21:34
2802,800,2241600,09:21:34
2802,1000,2802000,09:21:34
2803,300,840900,09:21:34
2805,400,1122000,09:21:33
2807,300,842100,09:21:33
2806,100,280600,09:21:33
2806,100,280600,09:21:33
2806,100,280600,09:21:33
2805,2800,7854000,09:21:33
2805,400,1122000,09:21:33
2804,100,280400,09:21:33
2803,100,280300,09:21:32
2803,200,560600,09:21:32
2804,400,1121600,09:21:31
2804,100,280400,09:21:31
2803,300,840900,09:21:31
2802,100,280200,09:21:31
2802,100,280200,09:21:31
2801,100,280100,09:21:31
2801,100,280100,09:21:31
2801,300,840300,09:21:31
2801,100,280100,09:21:31
2801,100,280100,09:21:31
2800,1300,3640000,09:21:31
2800,800,2240000,09:21:31
2800,700,1960000,09:21:31
2800,200,560000,09:21:31
2799,100,279900,09:21:30
2797,100,279700,09:21:29
2796,1100,3075600,09:21:29
2795,500,1397500,09:21:29
2794,100,279400,09:21:29
2795,300,838500,09:21:29
2793,2800,7820400,09:21:29
2793,1800,5027400,09:21:29
2794,400,1117600,09:21:29
2796,100,279600,09:21:28
2794,600,1676400,09:21:28
2795,200,559000,09:21:28
2795,800,2236000,09:21:28
2797,1400,3915800,09:21:28
2796,100,279600,09:21:28
2796,100,279600,09:21:27
2795,100,279500,09:21:26
2797,200,559400,09:21:26
2796,400,1118400,09:21:25
2797,100,279700,09:21:24
2797,100,279700,09:21:24
2797,600,1678200,09:21:23
2795,100,279500,09:21:23
2797,200,559400,09:21:23
2797,500,1398500,09:21:23
2796,500,1398000,09:21:23
2795,300,838500,09:21:23
2795,500,1397500,09:21:23
2794,100,279400,09:21:22
2793,1900,5306700,09:21:22
2793,100,279300,09:21:22
2791,300,837300,09:21:20
2791,200,558200,09:21:20
2792,300,837600,09:21:19
2791,100,279100,09:21:19
2791,100,279100,09:21:19
2789,200,557800,09:21:19
2791,300,837300,09:21:17
2788,200,557600,09:21:14
2789,400,1115600,09:21:14
2789,500,1394500,09:21:11
2787,100,278700,09:21:11
2788,100,278800,09:21:11
2788,100,278800,09:21:11
2789,200,557800,09:21:11
2790,100,279000,09:21:10
2790,100,279000,09:21:10
2790,1000,2790000,09:21:10
2787,200,557400,09:21:08
2787,100,278700,09:21:07
2788,100,278800,09:21:07
2788,100,278800,09:21:07
2788,200,557600,09:21:07
2788,100,278800,09:21:06
2787,100,278700,09:21:05
2787,100,278700,09:21:04
2788,100,278800,09:21:02
2787,100,278700,09:21:01
2791,200,558200,09:20:58
2790,100,279000,09:20:58
2789,100,278900,09:20:58
2789,100,278900,09:20:57
2789,100,278900,09:20:57
2789,100,278900,09:20:57
2789,400,1115600,09:20:57
2788,100,278800,09:20:57
2788,200,557600,09:20:56
2786,100,278600,09:20:54
2787,100,278700,09:20:53
2787,100,278700,09:20:53
2787,100,278700,09:20:52
2786,100,278600,09:20:52
2787,100,278700,09:20:52
2788,300,836400,09:20:52
2789,200,557800,09:20:51
2789,100,278900,09:20:51
2789,100,278900,09:20:49
2790,300,837000,09:20:49
2790,200,558000,09:20:49
2790,200,558000,09:20:49
2790,200,558000,09:20:49
2791,100,279100,09:20:48
2792,100,279200,09:20:47
2793,100,279300,09:20:47
2793,200,558600,09:20:44
2792,100,279200,09:20:44
2792,100,279200,09:20:44
2792,100,279200,09:20:44
2792,200,558400,09:20:44
2790,100,279000,09:20:44
2791,500,1395500,09:20:44
2792,100,279200,09:20:44
2793,100,279300,09:20:44
2791,400,1116400,09:20:39
2793,300,837900,09:20:39
2792,300,837600,09:20:38
2792,500,1396000,09:20:38
2791,100,279100,09:20:36
2791,600,1674600,09:20:36
2791,100,279100,09:20:36
2791,100,279100,09:20:35
2790,100,279000,09:20:34
2788,100,278800,09:20:34
2789,100,278900,09:20:34
2789,200,557800,09:20:34
2790,200,558000,09:20:31
2791,100,279100,09:20:31
2792,400,1116800,09:20:31
2793,300,837900,09:20:31
2792,100,279200,09:20:31
2792,400,1116800,09:20:31
2792,200,558400,09:20:30
2791,100,279100,09:20:30
2791,100,279100,09:20:29
2791,100,279100,09:20:29
2790,100,279000,09:20:27
2788,100,278800,09:20:27
2789,200,557800,09:20:26
2790,200,558000,09:20:26
2790,100,279000,09:20:26
2791,100,279100,09:20:25
2792,100,279200,09:20:24
2788,100,278800,09:20:24
2789,500,1394500,09:20:24
2790,100,279000,09:20:24
2793,100,279300,09:20:23
2792,300,837600,09:20:23
2793,100,279300,09:20:22
2794,500,1397000,09:20:22
2794,100,279400,09:20:22
2794,200,558800,09:20:22
2792,100,279200,09:20:21
2792,100,279200,09:20:21
2791,500,1395500,09:20:20
2791,100,279100,09:20:20
2791,100,279100,09:20:18
2791,200,558200,09:20:17
2791,100,279100,09:20:16
2791,100,279100,09:20:16
2792,100,279200,09:20:14
2792,100,279200,09:20:14
2792,500,1396000,09:20:14
2791,600,1674600,09:20:14
2790,200,558000,09:20:14
2789,100,278900,09:20:14
2788,600,1672800,09:20:14
2788,100,278800,09:20:14
2787,100,278700,09:20:13
2787,100,278700,09:20:13
2786,1300,3621800,09:20:13
2785,100,278500,09:20:13
2784,100,278400,09:20:12
2784,200,556800,09:20:12
2783,300,834900,09:20:12
2783,100,278300,09:20:12
2782,300,834600,09:20:11
2781,200,556200,09:20:09
2782,100,278200,09:20:09
2783,600,1669800,09:20:08
2782,100,278200,09:20:08
2782,200,556400,09:20:08
2782,200,556400,09:20:08
2781,200,556200,09:20:07
2781,100,278100,09:20:07
2782,100,278200,09:20:07
2781,100,278100,09:20:06
2781,100,278100,09:20:06
2783,400,1113200,09:20:06
2784,800,2227200,09:20:06
2785,1000,2785000,09:20:06
2784,200,556800,09:20:06
2782,100,278200,09:20:06
2783,800,2226400,09:20:06
2784,200,556800,09:20:05
2783,300,834900,09:20:05
2783,100,278300,09:20:05
2782,900,2503800,09:20:05
2781,100,278100,09:20:03
2781,400,1112400,09:20:03
2781,100,278100,09:20:03
2782,200,556400,09:20:03
2783,300,834900,09:20:03
2781,1000,2781000,09:20:03
2779,100,277900,09:20:03
2780,100,278000,09:20:03
2778,400,1111200,09:20:03
2779,400,1111600,09:20:03
2780,100,278000,09:20:03
2781,100,278100,09:20:02
2782,100,278200,09:20:02
2781,100,278100,09:20:01
2781,300,834300,09:20:00
2780,800,2224000,09:20:00
2779,1700,4724300,09:20:00
2780,100,278000,09:20:00
2780,100,278000,09:20:00
2780,200,556000,09:20:00
2779,100,277900,09:20:00
2778,100,277800,09:19:59
2779,100,277900,09:19:57
2780,100,278000,09:19:57
2780,100,278000,09:19:56
2781,100,278100,09:19:56
2781,400,1112400,09:19:56
2782,100,278200,09:19:55
2783,600,1669800,09:19:55
2782,100,278200,09:19:55
2781,100,278100,09:19:55
2782,100,278200,09:19:55
2782,100,278200,09:19:55
2781,100,278100,09:19:54
2782,100,278200,09:19:54
2781,100,278100,09:19:54
2780,100,278000,09:19:54
2781,100,278100,09:19:53
2781,100,278100,09:19:53
2782,100,278200,09:19:53
2780,100,278000,09:19:52
2781,100,278100,09:19:52
2781,100,278100,09:19:52
2780,100,278000,09:19:52
2778,600,1666800,09:19:52
2780,400,1112000,09:19:52
2779,100,277900,09:19:52
2779,100,277900,09:19:51
2778,300,833400,09:19:51
2776,100,277600,09:19:49
2777,300,833100,09:19:49
2777,400,1110800,09:19:49
2776,100,277600,09:19:48
2777,800,2221600,09:19:48
2776,1200,3331200,09:19:48
2772,800,2217600,09:19:48
2773,700,1941100,09:19:48
2774,500,1387000,09:19:48
2775,100,277500,09:19:47
2774,200,554800,09:19:47
2775,100,277500,09:19:46
2776,100,277600,09:19:44
2775,200,555000,09:19:43
2776,200,555200,09:19:43
2776,300,832800,09:19:43
2776,100,277600,09:19:43
2776,100,277600,09:19:41
2776,100,277600,09:19:41
2775,200,555000,09:19:41
2776,100,277600,09:19:41
2776,100,277600,09:19:40
2777,200,555400,09:19:40
2777,100,277700,09:19:40
2776,300,832800,09:19:40
2777,200,555400,09:19:40
2776,100,277600,09:19:39
2776,100,277600,09:19:39
2778,100,277800,09:19:39
2777,200,555400,09:19:39
2775,100,277500,09:19:38
2777,100,277700,09:19:38
2777,100,277700,09:19:36
2776,100,277600,09:19:36
2776,300,832800,09:19:36
2776,200,555200,09:19:36
2775,100,277500,09:19:34
2774,100,277400,09:19:34
2773,100,277300,09:19:33
2772,300,831600,09:19:33
2772,1500,4158000,09:19:33
2773,300,831900,09:19:33
2773,100,277300,09:19:33
2773,200,554600,09:19:33
2774,200,554800,09:19:33
2774,100,277400,09:19:32
2774,300,832200,09:19:32
2772,100,277200,09:19:32
2773,100,277300,09:19:32
2773,100,277300,09:19:32
2771,100,277100,09:19:31
2771,100,277100,09:19:31
2771,100,277100,09:19:31
2771,1300,3602300,09:19:31
2772,600,1663200,09:19:31
2772,100,277200,09:19:30
2773,200,554600,09:19:30
2772,100,277200,09:19:30
2772,100,277200,09:19:30
2772,100,277200,09:19:30
2771,100,277100,09:19:30
2772,800,2217600,09:19:30
2772,300,831600,09:19:30
2773,5600,15528800,09:19:30
2773,300,831900,09:19:30
2773,100,277300,09:19:30
2773,300,831900,09:19:30
2773,300,831900,09:19:30
2773,300,831900,09:19:30
2773,300,831900,09:19:30
2773,500,1386500,09:19:30
2773,100,277300,09:19:30
2773,200,554600,09:19:30
2775,100,277500,09:19:29
2773,100,277300,09:19:28
2775,100,277500,09:19:27
2774,200,554800,09:19:27
2773,100,277300,09:19:26
2774,200,554800,09:19:26
2776,200,555200,09:19:26
2773,300,831900,09:19:26
2774,200,554800,09:19:26
2775,100,277500,09:19:26
2776,100,277600,09:19:25
2775,100,277500,09:19:25
2774,200,554800,09:19:24
2775,100,277500,09:19:24
2774,100,277400,09:19:24
2775,600,1665000,09:19:24
2773,400,1109200,09:19:24
2773,700,1941100,09:19:24
2773,100,277300,09:19:24
2773,100,277300,09:19:24
2774,300,832200,09:19:24
2774,300,832200,09:19:24
2775,400,1110000,09:19:24
2775,700,1942500,09:19:24
2776,500,1388000,09:19:23
2776,1000,2776000,09:19:23
2776,100,277600,09:19:22
2777,100,277700,09:19:21
2778,100,277800,09:19:20
2779,100,277900,09:19:20
2778,400,1111200,09:19:19
2779,100,277900,09:19:19
2780,100,278000,09:19:19
2777,100,277700,09:19:19
2778,100,277800,09:19:19
2779,100,277900,09:19:19
2779,100,277900,09:19:19
2778,600,1666800,09:19:19
2777,100,277700,09:19:17
2778,100,277800,09:19:17
2777,100,277700,09:19:16
2778,100,277800,09:19:16
2778,100,277800,09:19:15
2780,200,556000,09:19:14
2781,100,278100,09:19:14
2781,100,278100,09:19:14
2780,100,278000,09:19:14
2780,100,278000,09:19:14
2778,100,277800,09:19:13
2779,100,277900,09:19:13
2780,100,278000,09:19:13
2780,200,556000,09:19:13
2779,300,833700,09:19:12
2777,100,277700,09:19:12
2777,800,2221600,09:19:11
2777,300,833100,09:19:10
2778,100,277800,09:19:08
2779,100,277900,09:19:08
2777,100,277700,09:19:06
2779,100,277900,09:19:04
2779,100,277900,09:19:04
2778,400,1111200,09:19:03
2778,400,1111200,09:19:03
2778,100,277800,09:19:01
2779,800,2223200,09:19:01
2780,300,834000,09:19:01
2782,100,278200,09:18:59
2781,400,1112400,09:18:59
2782,100,278200,09:18:59
2783,100,278300,09:18:58
2783,100,278300,09:18:58
2784,300,835200,09:18:58
2783,1700,4731100,09:18:58
2782,300,834600,09:18:57
2780,100,278000,09:18:55
2782,200,556400,09:18:55
2782,100,278200,09:18:54
2781,100,278100,09:18:52
2782,300,834600,09:18:50
2781,200,556200,09:18:50
2781,400,1112400,09:18:48
2779,200,555800,09:18:48
2781,200,556200,09:18:47
2780,100,278000,09:18:47
2777,100,277700,09:18:47
2778,100,277800,09:18:46
2779,100,277900,09:18:46
2779,100,277900,09:18:45
2779,100,277900,09:18:45
2778,2200,6111600,09:18:45
2778,700,1944600,09:18:45
2780,100,278000,09:18:45
2780,100,278000,09:18:45
2779,300,833700,09:18:44
2779,400,1111600,09:18:43
2777,200,555400,09:18:43
2778,200,555600,09:18:43
2780,100,278000,09:18:43
2779,100,277900,09:18:43
2779,1000,2779000,09:18:43
2779,100,277900,09:18:42
2780,1100,3058000,09:18:42
2780,100,278000,09:18:42
2781,100,278100,09:18:42
2782,100,278200,09:18:42
2783,100,278300,09:18:42
2783,100,278300,09:18:41
2785,100,278500,09:18:39
2784,700,1948800,09:18:39
2785,1000,2785000,09:18:39
2785,200,557000,09:18:39
2785,100,278500,09:18:38
2786,900,2507400,09:18:38
2787,100,278700,09:18:38
2786,100,278600,09:18:37
2786,100,278600,09:18:37
2785,100,278500,09:18:37
2785,200,557000,09:18:37
2786,300,835800,09:18:35
2786,100,278600,09:18:35
2786,100,278600,09:18:35
2785,200,557000,09:18:32
2787,100,278700,09:18:30
2786,100,278600,09:18:29
2786,300,835800,09:18:26
2785,200,557000,09:18:26
2783,400,1113200,09:18:26
2784,100,278400,09:18:25
2784,200,556800,09:18:25
2782,100,278200,09:18:25
2783,100,278300,09:18:24
2785,1200,3342000,09:18:21
2784,800,2227200,09:18:21
2784,400,1113600,09:18:20
2785,200,557000,09:18:20
2787,100,278700,09:18:20
2786,400,1114400,09:18:20
2785,200,557000,09:18:20
2784,100,278400,09:18:20
2782,2000,5564000,09:18:19
2783,100,278300,09:18:19
2784,200,556800,09:18:18
2785,100,278500,09:18:18
2784,1300,3619200,09:18:18
2782,100,278200,09:18:18
2783,100,278300,09:18:18
2783,200,556600,09:18:18
2782,100,278200,09:18:17
2784,100,278400,09:18:16
2783,100,278300,09:18:15
2783,400,1113200,09:18:15
2783,100,278300,09:18:15
2782,900,2503800,09:18:14
2783,100,278300,09:18:14
2784,400,1113600,09:18:14
2783,100,278300,09:18:14
2782,200,556400,09:18:14
2782,200,556400,09:18:14
2781,100,278100,09:18:13
2780,100,278000,09:18:13
2778,100,277800,09:18:13
2779,100,277900,09:18:13
2781,100,278100,09:18:12
2782,400,1112800,09:18:11
2783,100,278300,09:18:10
2783,100,278300,09:18:10
2782,100,278200,09:18:10
2781,200,556200,09:18:10
2780,100,278000,09:18:10
2778,500,1389000,09:18:10
2779,400,1111600,09:18:09
2780,300,834000,09:18:08
2779,200,555800,09:18:08
2778,100,277800,09:18:08
2776,100,277600,09:18:08
2776,600,1665600,09:18:08
2778,200,555600,09:18:08
2776,100,277600,09:18:07
2775,3400,9435000,09:18:06
2776,2200,6107200,09:18:06
2777,1500,4165500,09:18:06
2778,1800,5000400,09:18:06
2779,600,1667400,09:18:06
2781,100,278100,09:18:04
2781,300,834300,09:18:04
2784,500,1392000,09:18:03
2783,500,1391500,09:18:03
2782,300,834600,09:18:03
2783,100,278300,09:18:03
2785,100,278500,09:18:03
2784,400,1113600,09:18:02
2782,200,556400,09:18:02
2782,100,278200,09:18:02
2781,700,1946700,09:18:02
2780,100,278000,09:18:02
2779,100,277900,09:18:01
2778,400,1111200,09:18:01
2779,200,555800,09:18:00
2779,100,277900,09:18:00
2776,100,277600,09:18:00
2779,100,277900,09:17:58
2778,100,277800,09:17:58
2776,300,832800,09:17:58
2778,100,277800,09:17:58
2779,100,277900,09:17:58
2779,600,1667400,09:17:58
2778,100,277800,09:17:58
2779,100,277900,09:17:57
2777,500,1388500,09:17:56
2776,500,1388000,09:17:56
2776,100,277600,09:17:56
2776,300,832800,09:17:55
2777,300,833100,09:17:55
2777,100,277700,09:17:55
2777,100,277700,09:17:55
2778,100,277800,09:17:54
2778,100,277800,09:17:54
2778,100,277800,09:17:54
2779,300,833700,09:17:54
2778,200,555600,09:17:54
2776,100,277600,09:17:53
2779,100,277900,09:17:53
2777,100,277700,09:17:52
2776,100,277600,09:17:52
2776,100,277600,09:17:52
2777,2700,7497900,09:17:52
2777,100,277700,09:17:52
2778,1400,3889200,09:17:52
2778,100,277800,09:17:52
2779,500,1389500,09:17:52
2779,1500,4168500,09:17:52
2779,100,277900,09:17:52
2780,13500,37530000,09:17:52
2781,100,278100,09:17:52
2781,200,556200,09:17:52
2782,200,556400,09:17:52
2782,100,278200,09:17:52
2784,100,278400,09:17:51
2783,600,1669800,09:17:51
2783,600,1669800,09:17:51
2785,100,278500,09:17:50
2786,300,835800,09:17:50
2784,900,2505600,09:17:50
2785,200,557000,09:17:50
2786,100,278600,09:17:50
2786,100,278600,09:17:50
2786,200,557200,09:17:50
2786,100,278600,09:17:49
2785,500,1392500,09:17:48
2787,100,278700,09:17:45
2788,100,278800,09:17:44
2788,100,278800,09:17:44
2787,100,278700,09:17:43
2787,100,278700,09:17:43
2787,100,278700,09:17:43
2787,100,278700,09:17:43
2787,400,1114800,09:17:43
2785,200,557000,09:17:42
2784,600,1670400,09:17:42
2782,100,278200,09:17:42
2783,1300,3617900,09:17:42
2782,100,278200,09:17:42
2782,100,278200,09:17:42
2782,200,556400,09:17:42
2780,100,278000,09:17:42
2781,900,2502900,09:17:42
2781,500,1390500,09:17:42
2782,700,1947400,09:17:42
2783,100,278300,09:17:41
2783,300,834900,09:17:41
2785,100,278500,09:17:40
2785,100,278500,09:17:40
2785,300,835500,09:17:40
2783,100,278300,09:17:40
2783,100,278300,09:17:40
2784,300,835200,09:17:40
2784,100,278400,09:17:39
2785,1100,3063500,09:17:39
2785,200,557000,09:17:39
2786,100,278600,09:17:38
2787,100,278700,09:17:37
2787,100,278700,09:17:37
2787,100,278700,09:17:36
2789,300,836700,09:17:36
2789,100,278900,09:17:36
2787,300,836100,09:17:35
2787,300,836100,09:17:35
2788,1300,3624400,09:17:35
2789,200,557800,09:17:35
2789,200,557800,09:17:35
2790,100,279000,09:17:34
2790,200,558000,09:17:34
2789,100,278900,09:17:34
2789,100,278900,09:17:34
2789,100,278900,09:17:34
2788,300,836400,09:17:34
2788,100,278800,09:17:34
2789,800,2231200,09:17:34
2790,100,279000,09:17:34
2790,100,279000,09:17:34
2791,200,558200,09:17:33
2793,100,279300,09:17:33
2792,200,558400,09:17:32
2794,300,838200,09:17:31
2793,700,1955100,09:17:31
2792,1200,3350400,09:17:31
2794,100,279400,09:17:31
2794,100,279400,09:17:30
2793,200,558600,09:17:29
2791,100,279100,09:17:29
2792,100,279200,09:17:28
2793,100,279300,09:17:28
2792,200,558400,09:17:28
2793,1500,4189500,09:17:28
2793,100,279300,09:17:27
2792,100,279200,09:17:27
2792,100,279200,09:17:27
2792,100,279200,09:17:27
2791,600,1674600,09:17:27
2790,200,558000,09:17:27
2791,500,1395500,09:17:26
2792,200,558400,09:17:26
2793,100,279300,09:17:25
2794,300,838200,09:17:25
2794,100,279400,09:17:24
2794,100,279400,09:17:24
2793,200,558600,09:17:24
2794,100,279400,09:17:24
2794,200,558800,09:17:24
2795,100,279500,09:17:24
2794,200,558800,09:17:23
2794,100,279400,09:17:23
2795,200,559000,09:17:23
2794,200,558800,09:17:23
2791,200,558200,09:17:22
2793,100,279300,09:17:22
2793,100,279300,09:17:22
2794,100,279400,09:17:22
2792,200,558400,09:17:22
2793,100,279300,09:17:22
2792,100,279200,09:17:22
2791,100,279100,09:17:22
2792,800,2233600,09:17:22
2793,200,558600,09:17:22
2794,100,279400,09:17:22
2793,100,279300,09:17:21
2793,100,279300,09:17:21
2791,100,279100,09:17:21
2792,200,558400,09:17:20
2793,200,558600,09:17:20
2793,100,279300,09:17:20
2793,100,279300,09:17:20
2793,200,558600,09:17:20
2791,100,279100,09:17:20
2790,100,279000,09:17:20
2790,100,279000,09:17:19
2790,200,558000,09:17:19
2790,500,1395000,09:17:19
2791,100,279100,09:17:17
2790,100,279000,09:17:17
2790,100,279000,09:17:17
2790,100,279000,09:17:16
2788,300,836400,09:17:15
2789,200,557800,09:17:15
2789,500,1394500,09:17:15
2790,300,837000,09:17:15
2792,400,1116800,09:17:15
2791,400,1116400,09:17:15
2790,200,558000,09:17:15
2787,200,557400,09:17:14
2790,300,837000,09:17:13
2789,300,836700,09:17:13
2787,300,836100,09:17:13
2787,100,278700,09:17:13
2787,100,278700,09:17:12
2785,200,557000,09:17:11
2785,100,278500,09:17:11
2786,100,278600,09:17:10
2788,100,278800,09:17:10
2786,100,278600,09:17:10
2786,100,278600,09:17:10
2785,100,278500,09:17:10
2785,300,835500,09:17:10
2784,400,1113600,09:17:10
2783,1100,3061300,09:17:10
2783,5600,15584800,09:17:10
2782,200,556400,09:17:10
2781,100,278100,09:17:10
2781,100,278100,09:17:09
2781,100,278100,09:17:09
2782,200,556400,09:17:09
2781,100,278100,09:17:06
2781,100,278100,09:17:06
2780,100,278000,09:17:06
2780,100,278000,09:17:06
2780,600,1668000,09:17:06
2780,1400,3892000,09:17:06
2781,2300,6396300,09:17:06
2782,100,278200,09:17:06
2782,200,556400,09:17:06
2783,100,278300,09:17:06
2783,500,1391500,09:17:06
2783,100,278300,09:17:05
2785,200,557000,09:17:05
2782,100,278200,09:17:05
2785,100,278500,09:17:05
2783,200,556600,09:17:04
2785,100,278500,09:17:04
2782,200,556400,09:17:04
2785,300,835500,09:17:03
2786,100,278600,09:17:03
2786,100,278600,09:17:03
2785,200,557000,09:17:03
2785,100,278500,09:17:03
2782,100,278200,09:17:03
2782,100,278200,09:17:03
2782,100,278200,09:17:03
2784,200,556800,09:17:03
2784,600,1670400,09:17:02
2785,400,1114000,09:17:02
2782,1200,3338400,09:17:02
2783,200,556600,09:17:02
2784,1100,3062400,09:17:02
2784,200,556800,09:17:02
2784,100,278400,09:17:02
2785,1000,2785000,09:17:02
2785,100,278500,09:17:02
2786,400,1114400,09:17:02
2786,100,278600,09:17:02
2787,100,278700,09:17:02
2787,100,278700,09:17:02
2788,100,278800,09:17:02
2788,200,557600,09:17:02
2788,200,557600,09:17:02
2788,200,557600,09:17:02
2788,100,278800,09:17:01
2788,100,278800,09:17:01
2789,400,1115600,09:17:01
2789,200,557800,09:17:01
2789,100,278900,09:17:01
2789,100,278900,09:17:01
2790,2000,5580000,09:17:01
2790,1000,2790000,09:17:01
2790,400,1116000,09:17:01
2791,1000,2791000,09:17:00
2792,100,279200,09:17:00
2793,300,837900,09:17:00
2793,100,279300,09:17:00
2795,400,1118000,09:16:59
2793,100,279300,09:16:59
2793,100,279300,09:16:59
2794,400,1117600,09:16:59
2794,100,279400,09:16:59
2795,2200,6149000,09:16:59
2796,100,279600,09:16:59
2797,200,559400,09:16:59
2797,100,279700,09:16:59
2798,500,1399000,09:16:59
2798,100,279800,09:16:59
2799,900,2519100,09:16:59
2800,6800,19040000,09:16:59
2800,100,280000,09:16:59
2801,400,1120400,09:16:59
2802,400,1120800,09:16:58
2803,300,840900,09:16:56
2804,100,280400,09:16:55
2806,500,1403000,09:16:55
2804,400,1121600,09:16:55
2803,300,840900,09:16:55
2804,100,280400,09:16:54
2804,100,280400,09:16:54
2805,2200,6171000,09:16:54
2807,100,280700,09:16:54
2807,200,561400,09:16:53
2805,100,280500,09:16:53
2806,500,1403000,09:16:53
2805,500,1402500,09:16:53
2807,100,280700,09:16:52
2807,600,1684200,09:16:52
2806,400,1122400,09:16:52
2808,100,280800,09:16:51
2807,100,280700,09:16:50
2808,100,280800,09:16:50
2808,100,280800,09:16:50
2808,100,280800,09:16:50
2807,100,280700,09:16:50
2807,500,1403500,09:16:50
2807,300,842100,09:16:49
2808,300,842400,09:16:49
2809,300,842700,09:16:49
2810,200,562000,09:16:48
2809,300,842700,09:16:48
2810,500,1405000,09:16:48
2811,400,1124400,09:16:48
2811,100,281100,09:16:47
2812,200,562400,09:16:47
2813,200,562600,09:16:46
2813,200,562600,09:16:46
2814,300,844200,09:16:46
2813,100,281300,09:16:46
2814,100,281400,09:16:46
2813,100,281300,09:16:44
2814,100,281400,09:16:44
2812,100,281200,09:16:44
2811,100,281100,09:16:43
2812,300,843600,09:16:43
2813,300,843900,09:16:43
2814,100,281400,09:16:43
2813,200,562600,09:16:42
2812,100,281200,09:16:41
2811,100,281100,09:16:41
2810,700,1967000,09:16:41
2809,300,842700,09:16:41
2810,100,281000,09:16:41
2810,500,1405000,09:16:41
2812,100,281200,09:16:41
2810,200,562000,09:16:41
2811,300,843300,09:16:41
2811,100,281100,09:16:40
2811,100,281100,09:16:40
2813,100,281300,09:16:40
2812,300,843600,09:16:40
2814,100,281400,09:16:40
2813,200,562600,09:16:40
2812,100,281200,09:16:40
2811,900,2529900,09:16:40
2811,200,562200,09:16:39
2810,100,281000,09:16:39
2809,400,1123600,09:16:38
2809,200,561800,09:16:38
2810,100,281000,09:16:38
2810,100,281000,09:16:38
2810,100,281000,09:16:38
2809,200,561800,09:16:38
2809,100,280900,09:16:38
2811,900,2529900,09:16:38
2813,100,281300,09:16:38
2812,100,281200,09:16:38
2812,100,281200,09:16:38
2812,100,281200,09:16:38
2811,1100,3092100,09:16:38
2810,700,1967000,09:16:38
2810,500,1405000,09:16:38
2810,800,2248000,09:16:38
2809,100,280900,09:16:38
2809,200,561800,09:16:37
2809,200,561800,09:16:37
2807,100,280700,09:16:36
2809,100,280900,09:16:36
2808,400,1123200,09:16:36
2808,100,280800,09:16:34
2807,100,280700,09:16:33
2808,600,1684800,09:16:33
2808,700,1965600,09:16:33
2808,700,1965600,09:16:33
2808,700,1965600,09:16:33
2808,100,280800,09:16:33
2809,300,842700,09:16:33
2810,400,1124000,09:16:32
2809,100,280900,09:16:32
2809,100,280900,09:16:31
2809,200,561800,09:16:31
2809,200,561800,09:16:31
2809,200,561800,09:16:31
2808,200,561600,09:16:31
2808,100,280800,09:16:31
2807,100,280700,09:16:29
2806,300,841800,09:16:29
2805,200,561000,09:16:27
2804,300,841200,09:16:26
2806,100,280600,09:16:25
2805,100,280500,09:16:25
2805,400,1122000,09:16:25
2806,200,561200,09:16:24
2806,100,280600,09:16:24
2806,600,1683600,09:16:24
2808,100,280800,09:16:23
2808,200,561600,09:16:23
2807,500,1403500,09:16:23
2807,800,2245600,09:16:23
2807,800,2245600,09:16:23
2806,300,841800,09:16:22
2805,200,561000,09:16:22
2804,100,280400,09:16:22
2805,200,561000,09:16:19
2805,400,1122000,09:16:19
2805,100,280500,09:16:19
2804,800,2243200,09:16:19
2803,100,280300,09:16:18
2803,100,280300,09:16:15
2805,100,280500,09:16:15
2802,100,280200,09:16:15
2804,800,2243200,09:16:15
2803,600,1681800,09:16:15
2802,1700,4763400,09:16:15
2800,200,560000,09:16:14
2801,100,280100,09:16:14
2800,100,280000,09:16:13
2800,100,280000,09:16:13
2800,100,280000,09:16:13
2800,400,1120000,09:16:13
2800,400,1120000,09:16:13
2800,400,1120000,09:16:13
2800,200,560000,09:16:13
2803,300,840900,09:16:12
2802,200,560400,09:16:12
2802,100,280200,09:16:12
2801,1000,2801000,09:16:11
2801,200,560200,09:16:11
2802,100,280200,09:16:10
2802,100,280200,09:16:06
2802,500,1401000,09:16:06
2803,100,280300,09:16:06
2803,100,280300,09:16:06
2803,100,280300,09:16:06
2803,100,280300,09:16:06
2803,100,280300,09:16:05
2804,100,280400,09:16:05
2804,100,280400,09:16:05
2805,300,841500,09:16:02
2805,100,280500,09:16:02
2804,100,280400,09:16:00
2804,100,280400,09:16:00
2805,100,280500,09:16:00
2804,800,2243200,09:16:00
2804,600,1682400,09:16:00
2803,200,560600,09:16:00
2802,100,280200,09:15:58
2802,300,840600,09:15:58
2801,900,2520900,09:15:58
2800,100,280000,09:15:58
2801,1100,3081100,09:15:58
2802,500,1401000,09:15:58
2802,100,280200,09:15:57
2802,100,280200,09:15:57
2802,400,1120800,09:15:57
2801,100,280100,09:15:56
2801,100,280100,09:15:56
2801,200,560200,09:15:52
2801,100,280100,09:15:52
2799,200,559800,09:15:52
2801,200,560200,09:15:50
2803,100,280300,09:15:46
2802,500,1401000,09:15:46
2802,400,1120800,09:15:46
2802,200,560400,09:15:46
2801,100,280100,09:15:46
2802,100,280200,09:15:45
2801,200,560200,09:15:45
2801,100,280100,09:15:45
2800,100,280000,09:15:45
2800,100,280000,09:15:45
2800,100,280000,09:15:44
2798,100,279800,09:15:44
2798,100,279800,09:15:44
2799,100,279900,09:15:44
2797,100,279700,09:15:44
2799,700,1959300,09:15:44
2797,100,279700,09:15:44
2798,100,279800,09:15:44
2797,1600,4475200,09:15:44
2796,300,838800,09:15:44
2797,100,279700,09:15:43
2797,100,279700,09:15:42
2796,100,279600,09:15:41
2797,200,559400,09:15:40
2797,100,279700,09:15:40
2797,100,279700,09:15:38
2796,100,279600,09:15:38
2796,100,279600,09:15:38
2797,200,559400,09:15:38
2796,100,279600,09:15:38
2795,100,279500,09:15:38
2796,500,1398000,09:15:38
2797,1200,3356400,09:15:38
2796,500,1398000,09:15:38
2792,400,1116800,09:15:38
2793,600,1675800,09:15:38
2794,700,1955800,09:15:38
2795,400,1118000,09:15:38
2795,100,279500,09:15:37
2796,800,2236800,09:15:37
2796,100,279600,09:15:37
2797,1200,3356400,09:15:37
2798,100,279800,09:15:37
2798,300,839400,09:15:37
2799,100,279900,09:15:37
2799,200,559800,09:15:37
2800,8400,23520000,09:15:37
2801,500,1400500,09:15:37
2801,100,280100,09:15:37
2804,100,280400,09:15:37
2803,400,1121200,09:15:37
2802,200,560400,09:15:37
2804,100,280400,09:15:37
2805,100,280500,09:15:35
2805,100,280500,09:15:35
2805,200,561000,09:15:35
2805,100,280500,09:15:35
2804,300,841200,09:15:35
2804,100,280400,09:15:34
2803,200,560600,09:15:33
2803,300,840900,09:15:33
2803,100,280300,09:15:33
2804,2200,6168800,09:15:33
2804,100,280400,09:15:33
2805,200,561000,09:15:33
2806,100,280600,09:15:33
2808,100,280800,09:15:33
2806,300,841800,09:15:31
2807,300,842100,09:15:31
2810,100,281000,09:15:29
2809,500,1404500,09:15:29
2808,500,1404000,09:15:29
2807,100,280700,09:15:29
2808,200,561600,09:15:29
2810,100,281000,09:15:28
2810,500,1405000,09:15:28
2809,600,1685400,09:15:28
2808,400,1123200,09:15:28
2807,200,561400,09:15:28
2809,100,280900,09:15:27
2810,300,843000,09:15:27
2810,800,2248000,09:15:27
2810,2300,6463000,09:15:27
2808,100,280800,09:15:27
2809,400,1123600,09:15:27
2809,100,280900,09:15:27
2806,100,280600,09:15:26
2805,200,561000,09:15:23
2806,300,841800,09:15:23
2806,100,280600,09:15:23
2806,100,280600,09:15:22
2805,200,561000,09:15:21
2808,300,842400,09:15:20
2807,300,842100,09:15:20
2806,200,561200,09:15:20
2805,100,280500,09:15:19
2806,200,561200,09:15:17
2805,500,1402500,09:15:15
2804,100,280400,09:15:14
2806,1100,3086600,09:15:13
2807,800,2245600,09:15:13
2808,100,280800,09:15:12
2808,100,280800,09:15:12
2808,100,280800,09:15:12
2807,2000,5614000,09:15:12
2807,100,280700,09:15:12
2806,600,1683600,09:15:12
2806,100,280600,09:15:12
2804,300,841200,09:15:11
2802,200,560400,09:15:10
2803,100,280300,09:15:10
2804,300,841200,09:15:10
2804,200,560800,09:15:09
2803,500,1401500,09:15:09
2803,200,560600,09:15:09
2804,100,280400,09:15:09
2805,100,280500,09:15:06
2804,100,280400,09:15:06
2801,200,560200,09:15:06
2802,200,560400,09:15:06
2803,200,560600,09:15:06
2804,200,560800,09:15:06
2804,200,560800,09:15:05
2804,200,560800,09:15:04
2806,100,280600,09:15:04
2806,200,561200,09:15:03
2807,100,280700,09:15:03
2807,200,561400,09:15:03
2807,100,280700,09:15:02
2807,100,280700,09:15:01
2805,200,561000,09:15:01
2807,100,280700,09:15:00
2806,100,280600,09:15:00
2806,100,280600,09:15:00
2804,100,280400,09:15:00
2805,100,280500,09:15:00
2806,200,561200,09:15:00
2807,100,280700,09:15:00
2808,100,280800,09:15:00
2809,2400,6741600,09:15:00
2809,200,561800,09:14:59
2808,100,280800,09:14:59
2810,200,562000,09:14:57
2809,400,1123600,09:14:57
2808,400,1123200,09:14:57
2808,200,561600,09:14:56
2808,200,561600,09:14:54
2808,100,280800,09:14:53
2807,100,280700,09:14:52
2810,300,843000,09:14:51
2809,300,842700,09:14:51
2808,200,561600,09:14:51
2807,200,561400,09:14:51
2805,100,280500,09:14:51
2805,400,1122000,09:14:51
2804,300,841200,09:14:51
2803,400,1121200,09:14:51
2804,100,280400,09:14:50
2803,100,280300,09:14:50
2804,100,280400,09:14:50
2803,100,280300,09:14:50
2802,5700,15971400,09:14:50
2802,500,1401000,09:14:50
2801,100,280100,09:14:50
2799,100,279900,09:14:49
2799,100,279900,09:14:49
2799,100,279900,09:14:49
2799,300,839700,09:14:49
2799,100,279900,09:14:49
2798,200,559600,09:14:48
2797,100,279700,09:14:48
2797,100,279700,09:14:48
2797,700,1957900,09:14:48
2796,700,1957200,09:14:48
2795,200,559000,09:14:48
2795,100,279500,09:14:48
2794,200,558800,09:14:48
2795,400,1118000,09:14:48
2796,100,279600,09:14:47
2800,100,280000,09:14:46
2799,500,1399500,09:14:46
2798,200,559600,09:14:46
2797,200,559400,09:14:46
2796,100,279600,09:14:45
2797,100,279700,09:14:45
2797,100,279700,09:14:42
2800,100,280000,09:14:42
2797,100,279700,09:14:42
2797,300,839100,09:14:42
2798,100,279800,09:14:41
2799,100,279900,09:14:41
2800,100,280000,09:14:41
2799,100,279900,09:14:41
2799,400,1119600,09:14:41
2798,400,1119200,09:14:41
2798,1000,2798000,09:14:41
2794,400,1117600,09:14:41
2795,1400,3913000,09:14:41
2796,500,1398000,09:14:41
2797,200,559400,09:14:41
2798,300,839400,09:14:41
2799,400,1119600,09:14:40
2800,100,280000,09:14:40
2800,100,280000,09:14:40
2800,600,1680000,09:14:40
2800,300,840000,09:14:40
2801,900,2520900,09:14:40
2801,100,280100,09:14:39
2803,100,280300,09:14:38
2802,200,560400,09:14:38
2801,100,280100,09:14:38
2801,100,280100,09:14:38
2801,100,280100,09:14:38
2801,1200,3361200,09:14:38
2802,400,1120800,09:14:38
2802,100,280200,09:14:38
2803,500,1401500,09:14:38
2804,200,560800,09:14:38
2804,100,280400,09:14:38
2804,1200,3364800,09:14:38
2805,400,1122000,09:14:38
2805,100,280500,09:14:38
2806,200,561200,09:14:38
2805,100,280500,09:14:38
2804,100,280400,09:14:38
2804,100,280400,09:14:38
2807,100,280700,09:14:38
2805,1800,5049000,09:14:38
2805,100,280500,09:14:38
2805,600,1683000,09:14:38
2806,1600,4489600,09:14:38
2808,100,280800,09:14:38
2810,100,281000,09:14:38
2808,100,280800,09:14:38
2807,100,280700,09:14:38
2808,200,561600,09:14:37
2808,200,561600,09:14:37
2808,100,280800,09:14:37
2808,100,280800,09:14:37
2809,300,842700,09:14:37
2810,100,281000,09:14:36
2810,100,281000,09:14:36
2810,100,281000,09:14:35
2809,100,280900,09:14:35
2810,200,562000,09:14:35
2811,500,1405500,09:14:35
2811,200,562200,09:14:35
2812,100,281200,09:14:34
2811,100,281100,09:14:33
2812,200,562400,09:14:33
2812,100,281200,09:14:33
2814,100,281400,09:14:33
2815,1100,3096500,09:14:33
2814,1300,3658200,09:14:33
2813,700,1969100,09:14:33
2812,400,1124800,09:14:33
2811,300,843300,09:14:32
2810,400,1124000,09:14:32
2809,300,842700,09:14:32
2810,400,1124000,09:14:32
2810,100,281000,09:14:31
2811,100,281100,09:14:31
2811,100,281100,09:14:31
2811,100,281100,09:14:30
2812,100,281200,09:14:30
2810,100,281000,09:14:29
2811,100,281100,09:14:28
2812,200,562400,09:14:28
2811,100,281100,09:14:28
2812,100,281200,09:14:27
2811,100,281100,09:14:26
2811,100,281100,09:14:26
2811,1000,2811000,09:14:26
2811,100,281100,09:14:25
2810,100,281000,09:14:25
2810,100,281000,09:14:25
2810,100,281000,09:14:25
2810,400,1124000,09:14:25
2809,500,1404500,09:14:23
2808,400,1123200,09:14:22
2810,100,281000,09:14:22
2809,100,280900,09:14:22
2809,200,561800,09:14:22
2810,600,1686000,09:14:22
2811,100,281100,09:14:22
2813,100,281300,09:14:21
2811,100,281100,09:14:21
2812,700,1968400,09:14:20
2811,600,1686600,09:14:20
2812,200,562400,09:14:20
2814,100,281400,09:14:20
2813,1000,2813000,09:14:20
2808,100,280800,09:14:19
2808,100,280800,09:14:19
2807,500,1403500,09:14:19
2807,100,280700,09:14:18
2808,200,561600,09:14:18
2807,300,842100,09:14:18
2807,100,280700,09:14:18
2807,100,280700,09:14:18
2808,100,280800,09:14:18
2809,1100,3089900,09:14:18
2810,1100,3091000,09:14:18
2811,400,1124400,09:14:18
2812,100,281200,09:14:18
2811,100,281100,09:14:18
2810,500,1405000,09:14:18
2809,700,1966300,09:14:18
2808,1000,2808000,09:14:18
2806,400,1122400,09:14:17
2807,100,280700,09:14:17
2808,400,1123200,09:14:17
2809,300,842700,09:14:17
2808,100,280800,09:14:16
2807,100,280700,09:14:16
2807,100,280700,09:14:16
2807,100,280700,09:14:16
2809,100,280900,09:14:16
2807,100,280700,09:14:16
2808,300,842400,09:14:16
2808,100,280800,09:14:16
2808,100,280800,09:14:16
2807,800,2245600,09:14:16
2805,100,280500,09:14:14
2804,400,1121600,09:14:14
2803,200,560600,09:14:14
2802,100,280200,09:14:14
2802,200,560400,09:14:14
2800,100,280000,09:14:14
2801,100,280100,09:14:14
2803,400,1121200,09:14:14
2801,100,280100,09:14:13
2801,100,280100,09:14:11
2802,100,280200,09:14:11
2802,100,280200,09:14:10
2804,100,280400,09:14:10
2803,100,280300,09:14:10
2804,100,280400,09:14:10
2803,100,280300,09:14:10
2804,100,280400,09:14:09
2805,100,280500,09:14:09
2805,100,280500,09:14:09
2805,200,561000,09:14:09
2804,400,1121600,09:14:09
2803,100,280300,09:14:09
2802,100,280200,09:14:09
2803,200,560600,09:14:09
2804,100,280400,09:14:08
2804,400,1121600,09:14:08
2805,300,841500,09:14:08
2806,200,561200,09:14:08
2807,200,561400,09:14:08
2807,100,280700,09:14:07
2806,800,2244800,09:14:07
2805,100,280500,09:14:07
2805,100,280500,09:14:06
2803,200,560600,09:14:06
2803,100,280300,09:14:06
2805,200,561000,09:14:06
2805,400,1122000,09:14:06
2807,200,561400,09:14:04
2805,100,280500,09:14:04
2805,100,280500,09:14:04
2806,100,280600,09:14:03
2807,100,280700,09:14:03
2806,200,561200,09:14:03
2807,100,280700,09:14:03
2806,400,1122400,09:14:03
2808,100,280800,09:14:03
2806,400,1122400,09:14:03
2807,100,280700,09:14:03
2806,100,280600,09:14:03
2807,300,842100,09:14:03
2807,600,1684200,09:14:03
2807,100,280700,09:14:03
2806,2300,6453800,09:14:03
2805,300,841500,09:14:03
2804,400,1121600,09:14:03
2803,200,560600,09:14:03
2802,1100,3082200,09:14:03
2801,900,2520900,09:14:03
2798,600,1678800,09:14:03
2799,100,279900,09:14:03
2801,200,560200,09:14:02
2802,1100,3082200,09:14:02
2803,200,560600,09:14:02
2803,100,280300,09:14:01
2803,100,280300,09:14:01
2803,100,280300,09:14:01
2803,100,280300,09:14:01
2804,1900,5327600,09:14:01
2803,300,840900,09:14:01
2800,100,280000,09:14:01
2802,200,560400,09:14:01
2801,600,1680600,09:14:01
2800,200,560000,09:14:01
2798,100,279800,09:14:01
2798,200,559600,09:14:01
2797,100,279700,09:14:01
2798,200,559600,09:14:01
2798,500,1399000,09:14:00
2798,100,279800,09:14:00
2800,100,280000,09:14:00
2801,100,280100,09:13:59
2801,200,560200,09:13:57
2802,400,1120800,09:13:57
2801,100,280100,09:13:56
2800,200,560000,09:13:56
2799,200,559800,09:13:56
2799,200,559800,09:13:56
2798,400,1119200,09:13:56
2799,300,839700,09:13:54
2798,200,559600,09:13:54
2798,300,839400,09:13:51
2797,400,1118800,09:13:51
2795,400,1118000,09:13:51
2797,1000,2797000,09:13:50
2796,100,279600,09:13:50
2797,100,279700,09:13:49
2799,100,279900,09:13:48
2799,200,559800,09:13:48
2800,400,1120000,09:13:48
2800,100,280000,09:13:47
2799,200,559800,09:13:47
2799,400,1119600,09:13:47
2799,100,279900,09:13:46
2800,100,280000,09:13:45
2800,200,560000,09:13:44
2799,100,279900,09:13:44
2797,100,279700,09:13:43
2798,500,1399000,09:13:43
2797,400,1118800,09:13:43
2796,100,279600,09:13:43
2796,100,279600,09:13:43
2795,100,279500,09:13:42
2795,200,559000,09:13:41
2797,100,279700,09:13:41
2795,100,279500,09:13:40
2795,100,279500,09:13:40
2797,100,279700,09:13:40
2796,200,559200,09:13:40
2795,100,279500,09:13:39
2796,100,279600,09:13:38
2797,100,279700,09:13:38
2797,300,839100,09:13:38
2798,100,279800,09:13:38
2797,100,279700,09:13:37
2796,400,1118400,09:13:37
2796,100,279600,09:13:37
2796,100,279600,09:13:37
2796,1600,4473600,09:13:37
2797,100,279700,09:13:37
2796,800,2236800,09:13:37
2796,100,279600,09:13:37
2796,100,279600,09:13:37
2795,100,279500,09:13:37
2795,100,279500,09:13:37
2794,200,558800,09:13:37
2793,100,279300,09:13:37
2792,200,558400,09:13:37
2789,300,836700,09:13:37
2792,100,279200,09:13:37
2791,100,279100,09:13:37
2790,2300,6417000,09:13:37
2789,300,836700,09:13:37
2788,100,278800,09:13:37
2787,700,1950900,09:13:37
2786,300,835800,09:13:37
2784,100,278400,09:13:37
2785,100,278500,09:13:37
2783,300,834900,09:13:37
2786,200,557200,09:13:37
2785,400,1114000,09:13:37
2784,100,278400,09:13:37
2785,100,278500,09:13:37
2784,900,2505600,09:13:37
2783,600,1669800,09:13:37
2782,600,1669200,09:13:37
2780,200,556000,09:13:36
2780,200,556000,09:13:36
2781,400,1112400,09:13:36
2779,100,277900,09:13:36
2779,300,833700,09:13:36
2779,100,277900,09:13:36
2780,400,1112000,09:13:36
2779,200,555800,09:13:36
2777,100,277700,09:13:35
2778,500,1389000,09:13:35
2778,100,277800,09:13:35
2780,100,278000,09:13:34
2779,100,277900,09:13:34
2776,1200,3331200,09:13:34
2774,100,277400,09:13:34
2775,600,1665000,09:13:34
2775,900,2497500,09:13:34
2776,100,277600,09:13:34
2777,5100,14162700,09:13:34
2777,100,277700,09:13:34
2777,100,277700,09:13:34
2777,100,277700,09:13:34
2777,100,277700,09:13:34
2777,100,277700,09:13:34
2778,1100,3055800,09:13:34
2780,100,278000,09:13:34
2779,500,1389500,09:13:34
2780,100,278000,09:13:34
2780,100,278000,09:13:34
2781,100,278100,09:13:34
2783,100,278300,09:13:34
2782,400,1112800,09:13:34
2782,100,278200,09:13:33
2782,200,556400,09:13:33
2781,100,278100,09:13:32
2781,200,556200,09:13:32
2780,300,834000,09:13:32
2778,100,277800,09:13:32
2779,400,1111600,09:13:31
2780,4500,12510000,09:13:31
2780,300,834000,09:13:31
2780,200,556000,09:13:31
2780,100,278000,09:13:31
2783,100,278300,09:13:30
2783,100,278300,09:13:30
2784,100,278400,09:13:30
2785,200,557000,09:13:29
2786,100,278600,09:13:29
2787,200,557400,09:13:29
2785,100,278500,09:13:29
2786,300,835800,09:13:29
2788,100,278800,09:13:27
2786,300,835800,09:13:27
2785,100,278500,09:13:27
2782,100,278200,09:13:27
2784,400,1113600,09:13:27
2783,1400,3896200,09:13:27
2782,500,1391000,09:13:27
2780,100,278000,09:13:27
2780,100,278000,09:13:26
2780,100,278000,09:13:26
2780,1100,3058000,09:13:26
2781,400,1112400,09:13:26
2782,400,1112800,09:13:26
2782,300,834600,09:13:26
2785,100,278500,09:13:26
2783,100,278300,09:13:26
2783,400,1113200,09:13:26
2783,100,278300,09:13:26
2783,200,556600,09:13:26
2783,200,556600,09:13:26
2784,100,278400,09:13:26
2785,2400,6684000,09:13:26
2785,100,278500,09:13:26
2786,1100,3064600,09:13:26
2787,200,557400,09:13:26
2788,1900,5297200,09:13:26
2789,700,1952300,09:13:26
2790,2300,6417000,09:13:26
2791,100,279100,09:13:26
2792,100,279200,09:13:25
2791,1000,2791000,09:13:25
2792,100,279200,09:13:25
2792,100,279200,09:13:25
2792,100,279200,09:13:25
2793,100,279300,09:13:24
2794,200,558800,09:13:24
2794,100,279400,09:13:24
2794,100,279400,09:13:24
2794,100,279400,09:13:24
2794,400,1117600,09:13:24
2794,100,279400,09:13:24
2795,1000,2795000,09:13:24
2796,100,279600,09:13:23
2797,500,1398500,09:13:22
2797,100,279700,09:13:22
2796,100,279600,09:13:21
2797,800,2237600,09:13:21
2798,200,559600,09:13:21
2799,100,279900,09:13:21
2801,100,280100,09:13:17
2800,500,1400000,09:13:17
2799,100,279900,09:13:17
2799,200,559800,09:13:17
2800,100,280000,09:13:17
2802,100,280200,09:13:15
2802,200,560400,09:13:14
2802,100,280200,09:13:13
2802,100,280200,09:13:12
2802,200,560400,09:13:12
2802,300,840600,09:13:12
2803,100,280300,09:13:12
2802,200,560400,09:13:12
2803,200,560600,09:13:12
2801,300,840300,09:13:12
2801,100,280100,09:13:12
2800,100,280000,09:13:12
2797,300,839100,09:13:12
2798,1800,5036400,09:13:12
2799,300,839700,09:13:12
2800,2400,6720000,09:13:12
2801,900,2520900,09:13:11
2803,200,560600,09:13:11
2803,100,280300,09:13:10
2804,100,280400,09:13:10
2803,100,280300,09:13:09
2806,100,280600,09:13:08
2805,400,1122000,09:13:08
2807,400,1122800,09:13:08
2806,100,280600,09:13:08
2809,200,561800,09:13:08
2808,800,2246400,09:13:08
2807,100,280700,09:13:08
2806,200,561200,09:13:07
2807,300,842100,09:13:07
2808,100,280800,09:13:06
2808,100,280800,09:13:05
2805,100,280500,09:13:04
2806,100,280600,09:13:04
2807,500,1403500,09:13:04
2808,200,561600,09:13:04
2805,100,280500,09:13:03
2810,3500,9835000,09:13:03
2809,1600,4494400,09:13:03
2808,2000,5616000,09:13:03
2807,500,1403500,09:13:03
2806,1200,3367200,09:13:03
2805,200,561000,09:13:03
2804,700,1962800,09:13:03
2803,200,560600,09:13:03
2803,100,280300,09:13:01
2804,100,280400,09:13:01
2804,100,280400,09:13:01
2803,700,1962100,09:13:01
2803,300,840900,09:13:00
2805,200,561000,09:13:00
2806,200,561200,09:13:00
2806,200,561200,09:13:00
2806,100,280600,09:13:00
2805,1400,3927000,09:13:00
2804,200,560800,09:13:00
2802,500,1401000,09:13:00
2803,100,280300,09:13:00
2803,300,840900,09:13:00
2803,200,560600,09:12:59
2804,100,280400,09:12:58
2804,100,280400,09:12:57
2804,100,280400,09:12:57
2802,100,280200,09:12:55
2804,200,560800,09:12:54
2804,100,280400,09:12:54
2803,200,560600,09:12:52
2803,100,280300,09:12:52
2804,700,1962800,09:12:52
2804,100,280400,09:12:52
2806,100,280600,09:12:50
2804,100,280400,09:12:50
2804,200,560800,09:12:49
2803,100,280300,09:12:49
2803,200,560600,09:12:49
2803,100,280300,09:12:49
2804,200,560800,09:12:49
2804,100,280400,09:12:47
2803,200,560600,09:12:47
2803,600,1681800,09:12:47
2803,400,1121200,09:12:47
2804,200,560800,09:12:46
2805,100,280500,09:12:46
2807,100,280700,09:12:46
2804,200,560800,09:12:46
2803,200,560600,09:12:45
2802,100,280200,09:12:43
2803,100,280300,09:12:43
2803,500,1401500,09:12:43
2804,200,560800,09:12:43
2805,100,280500,09:12:42
2804,100,280400,09:12:42
2804,100,280400,09:12:42
2803,100,280300,09:12:40
2803,400,1121200,09:12:40
2804,100,280400,09:12:40
2804,100,280400,09:12:40
2805,100,280500,09:12:40
2804,100,280400,09:12:39
2804,100,280400,09:12:39
2805,200,561000,09:12:39
2806,500,1403000,09:12:39
2807,200,561400,09:12:39
2807,600,1684200,09:12:39
2808,200,561600,09:12:39
2808,200,561600,09:12:39
2807,100,280700,09:12:39
2807,300,842100,09:12:39
2806,300,841800,09:12:39
2805,100,280500,09:12:39
2805,200,561000,09:12:39
2803,100,280300,09:12:39
2803,600,1681800,09:12:39
2803,600,1681800,09:12:39
2803,600,1681800,09:12:39
2803,100,280300,09:12:39
2801,200,560200,09:12:38
2801,200,560200,09:12:38
2802,100,280200,09:12:38
2802,200,560400,09:12:38
2800,1600,4480000,09:12:38
2800,100,280000,09:12:38
2799,700,1959300,09:12:38
2798,100,279800,09:12:38
2797,600,1678200,09:12:38
2797,100,279700,09:12:37
2795,300,838500,09:12:37
2793,500,1396500,09:12:37
2794,100,279400,09:12:37
2795,100,279500,09:12:37
2793,100,279300,09:12:37
2794,300,838200,09:12:37
2793,900,2513700,09:12:37
2793,100,279300,09:12:37
2792,900,2512800,09:12:37
2791,500,1395500,09:12:37
2790,600,1674000,09:12:37
2788,100,278800,09:12:37
2789,200,557800,09:12:36
2790,100,279000,09:12:36
2790,1000,2790000,09:12:36
2790,500,1395000,09:12:36
2789,300,836700,09:12:36
2789,100,278900,09:12:33
2790,300,837000,09:12:32
2790,100,279000,09:12:31
2791,100,279100,09:12:31
2791,200,558200,09:12:31
2791,200,558200,09:12:31
2791,100,279100,09:12:31
2793,100,279300,09:12:30
2793,400,1117200,09:12:30
2794,100,279400,09:12:30
2794,100,279400,09:12:28
2792,100,279200,09:12:25
2793,100,279300,09:12:25
2793,100,279300,09:12:25
2792,100,279200,09:12:24
2792,100,279200,09:12:24
2792,100,279200,09:12:24
2792,100,279200,09:12:24
2792,400,1116800,09:12:24
2789,200,557800,09:12:22
2790,1200,3348000,09:12:22
2791,100,279100,09:12:22
2791,100,279100,09:12:20
2792,100,279200,09:12:20
2792,100,279200,09:12:18
2791,100,279100,09:12:18
2790,900,2511000,09:12:18
2791,300,837300,09:12:18
2792,600,1675200,09:12:18
2792,100,279200,09:12:18
2793,100,279300,09:12:18
2794,300,838200,09:12:18
2794,200,558800,09:12:18
2795,100,279500,09:12:18
2797,200,559400,09:12:17
2795,100,279500,09:12:17
2797,300,839100,09:12:15
2797,100,279700,09:12:15
2797,200,559400,09:12:15
2795,100,279500,09:12:14
2796,100,279600,09:12:14
2797,100,279700,09:12:14
2797,200,559400,09:12:14
2796,100,279600,09:12:14
2796,100,279600,09:12:14
2796,100,279600,09:12:14
2797,100,279700,09:12:14
2796,500,1398000,09:12:14
2795,100,279500,09:12:13
2794,400,1117600,09:12:12
2792,100,279200,09:12:11
2795,300,838500,09:12:10
2795,300,838500,09:12:10
2795,300,838500,09:12:09
2795,200,559000,09:12:09
2796,1400,3914400,09:12:09
2795,900,2515500,09:12:09
2794,1500,4191000,09:12:09
2793,600,1675800,09:12:09
2792,100,279200,09:12:09
2791,100,279100,09:12:08
2793,100,279300,09:12:08
2792,200,558400,09:12:08
2791,100,279100,09:12:08
2792,100,279200,09:12:07
2791,200,558200,09:12:07
2791,100,279100,09:12:07
2791,400,1116400,09:12:07
2792,200,558400,09:12:07
2792,100,279200,09:12:07
2793,1800,5027400,09:12:07
2794,100,279400,09:12:07
2796,100,279600,09:12:07
2794,100,279400,09:12:04
2794,100,279400,09:12:03
2795,300,838500,09:12:03
2795,200,559000,09:12:03
2795,200,559000,09:12:03
2796,200,559200,09:12:03
2797,100,279700,09:12:03
2797,500,1398500,09:12:03
2797,100,279700,09:12:03
2797,100,279700,09:12:03
2798,100,279800,09:12:02
2798,200,559600,09:12:02
2799,100,279900,09:12:01
2800,100,280000,09:12:01
2799,100,279900,09:12:01
2800,200,560000,09:12:01
2800,100,280000,09:12:01
2801,100,280100,09:12:00
2799,100,279900,09:12:00
2800,1000,2800000,09:12:00
2798,100,279800,09:11:59
2799,100,279900,09:11:59
2799,100,279900,09:11:59
2799,100,279900,09:11:59
2799,100,279900,09:11:59
2799,200,559800,09:11:59
2797,100,279700,09:11:58
2799,100,279900,09:11:58
2798,100,279800,09:11:58
2798,100,279800,09:11:57
2798,100,279800,09:11:57
2798,100,279800,09:11:57
2798,200,559600,09:11:57
2798,100,279800,09:11:57
2799,200,559800,09:11:57
2798,100,279800,09:11:56
2798,100,279800,09:11:56
2799,200,559800,09:11:56
2800,100,280000,09:11:56
2800,100,280000,09:11:56
2799,100,279900,09:11:55
2798,300,839400,09:11:54
2798,100,279800,09:11:54
2796,100,279600,09:11:53
2797,100,279700,09:11:52
2797,100,279700,09:11:52
2797,300,839100,09:11:52
2795,100,279500,09:11:52
2795,200,559000,09:11:51
2795,100,279500,09:11:50
2796,100,279600,09:11:50
2797,100,279700,09:11:48
2797,100,279700,09:11:48
2798,300,839400,09:11:47
2797,100,279700,09:11:47
2796,100,279600,09:11:47
2797,1700,4754900,09:11:47
2797,100,279700,09:11:47
2798,100,279800,09:11:47
2798,100,279800,09:11:47
2798,300,839400,09:11:45
2799,100,279900,09:11:45
2798,100,279800,09:11:45
2798,100,279800,09:11:42
2798,100,279800,09:11:42
2797,200,559400,09:11:42
2798,100,279800,09:11:42
2797,100,279700,09:11:42
2797,400,1118800,09:11:42
2798,100,279800,09:11:42
2798,100,279800,09:11:42
2798,100,279800,09:11:41
2798,100,279800,09:11:41
2798,100,279800,09:11:41
2799,100,279900,09:11:41
2797,400,1118800,09:11:39
2797,200,559400,09:11:39
2799,500,1399500,09:11:39
2798,400,1119200,09:11:39
2797,100,279700,09:11:39
2797,800,2237600,09:11:39
2794,200,558800,09:11:38
2796,100,279600,09:11:38
2795,700,1956500,09:11:38
2797,1700,4754900,09:11:37
2796,300,838800,09:11:37
2795,200,559000,09:11:36
2794,100,279400,09:11:36
2794,200,558800,09:11:35
2793,100,279300,09:11:35
2792,200,558400,09:11:35
2792,100,279200,09:11:33
2792,100,279200,09:11:33
2792,100,279200,09:11:33
2792,100,279200,09:11:33
2792,100,279200,09:11:33
2792,100,279200,09:11:33
2789,100,278900,09:11:33
2790,1100,3069000,09:11:33
2791,100,279100,09:11:32
2791,400,1116400,09:11:32
2791,200,558200,09:11:32
2792,100,279200,09:11:32
2791,400,1116400,09:11:31
2788,2100,5854800,09:11:31
2789,300,836700,09:11:31
2791,200,558200,09:11:31
2792,400,1116800,09:11:31
2794,200,558800,09:11:31
2793,100,279300,09:11:31
2792,100,279200,09:11:31
2794,900,2514600,09:11:31
2793,400,1117200,09:11:31
2792,100,279200,09:11:30
2792,100,279200,09:11:30
2791,100,279100,09:11:29
2791,100,279100,09:11:29
2791,100,279100,09:11:29
2792,100,279200,09:11:29
2791,100,279100,09:11:29
2791,100,279100,09:11:29
2792,100,279200,09:11:29
2792,100,279200,09:11:29
2791,100,279100,09:11:29
2791,100,279100,09:11:29
2788,300,836400,09:11:27
2790,200,558000,09:11:27
2790,100,279000,09:11:27
2790,100,279000,09:11:27
2789,100,278900,09:11:27
2790,100,279000,09:11:27
2789,100,278900,09:11:27
2790,300,837000,09:11:27
2789,100,278900,09:11:26
2789,100,278900,09:11:26
2788,300,836400,09:11:26
2787,200,557400,09:11:26
2786,100,278600,09:11:26
2788,200,557600,09:11:25
2787,200,557400,09:11:25
2788,200,557600,09:11:25
2788,100,278800,09:11:25
2788,100,278800,09:11:24
2787,200,557400,09:11:24
2788,300,836400,09:11:24
2791,100,279100,09:11:22
2788,100,278800,09:11:22
2790,100,279000,09:11:22
2790,100,279000,09:11:22
2791,100,279100,09:11:22
2790,100,279000,09:11:22
2788,1100,3066800,09:11:22
2789,400,1115600,09:11:22
2790,100,279000,09:11:22
2791,100,279100,09:11:22
2789,100,278900,09:11:22
2789,100,278900,09:11:22
2790,2500,6975000,09:11:22
2790,100,279000,09:11:22
2790,2400,6696000,09:11:22
2789,100,278900,09:11:22
2789,100,278900,09:11:22
2789,100,278900,09:11:22
2789,200,557800,09:11:22
2788,300,836400,09:11:22
2784,600,1670400,09:11:22
2785,1300,3620500,09:11:22
2786,2200,6129200,09:11:22
2787,900,2508300,09:11:22
2788,100,278800,09:11:22
2786,100,278600,09:11:21
2788,100,278800,09:11:21
2789,400,1115600,09:11:21
2787,200,557400,09:11:21
2786,300,835800,09:11:21
2784,100,278400,09:11:20
2786,2900,8079400,09:11:18
2787,1600,4459200,09:11:18
2788,500,1394000,09:11:18
2789,100,278900,09:11:17
2789,100,278900,09:11:17
2789,100,278900,09:11:17
2789,100,278900,09:11:17
2788,200,557600,09:11:17
2787,300,836100,09:11:17
2788,300,836400,09:11:17
2789,100,278900,09:11:15
2789,100,278900,09:11:15
2789,100,278900,09:11:14
2789,100,278900,09:11:14
2789,100,278900,09:11:14
2789,100,278900,09:11:14
2789,100,278900,09:11:14
2789,200,557800,09:11:14
2788,400,1115200,09:11:13
2788,200,557600,09:11:12
2787,100,278700,09:11:12
2787,300,836100,09:11:12
2789,100,278900,09:11:12
2788,100,278800,09:11:12
2788,100,278800,09:11:12
2788,100,278800,09:11:12
2789,200,557800,09:11:12
2790,200,558000,09:11:11
2790,100,279000,09:11:11
2791,600,1674600,09:11:11
2795,100,279500,09:11:11
2793,100,279300,09:11:10
2794,200,558800,09:11:10
2795,100,279500,09:11:10
2795,200,559000,09:11:10
2794,100,279400,09:11:10
2795,300,838500,09:11:09
2795,100,279500,09:11:09
2794,1000,2794000,09:11:08
2795,500,1397500,09:11:08
2794,100,279400,09:11:08
2793,400,1117200,09:11:08
2791,100,279100,09:11:08
2791,500,1395500,09:11:08
2788,100,278800,09:11:08
2787,1100,3065700,09:11:08
2788,2000,5576000,09:11:08
2789,1100,3067900,09:11:08
2790,400,1116000,09:11:08
2791,400,1116400,09:11:08
2794,200,558800,09:11:08
2794,100,279400,09:11:07
2795,100,279500,09:11:07
2797,100,279700,09:11:07
2795,100,279500,09:11:07
2795,100,279500,09:11:07
2793,400,1117200,09:11:07
2794,100,279400,09:11:07
2794,100,279400,09:11:07
2793,100,279300,09:11:07
2793,100,279300,09:11:07
2800,100,280000,09:11:07
2800,100,280000,09:11:07
2800,100,280000,09:11:07
2801,700,1960700,09:11:07
2787,100,278700,09:11:07
2800,600,1680000,09:11:07
2800,2200,6160000,09:11:07
2800,100,280000,09:11:07
2800,1600,4480000,09:11:07
2800,100,280000,09:11:07
2800,100,280000,09:11:07
2800,100,280000,09:11:07
2800,4000,11200000,09:11:07
2800,1700,4760000,09:11:07
2799,1200,3358800,09:11:07
2798,1900,5316200,09:11:07
2797,1100,3076700,09:11:07
2796,1500,4194000,09:11:07
2795,1300,3633500,09:11:07
2794,1500,4191000,09:11:07
2793,800,2234400,09:11:07
2792,1300,3629600,09:11:07
2791,1400,3907400,09:11:07
2790,1900,5301000,09:11:07
2789,1300,3625700,09:11:07
2788,1300,3624400,09:11:07
2787,600,1672200,09:11:07
2786,800,2228800,09:11:07
2785,500,1392500,09:11:07
2785,300,835500,09:11:07
2784,100,278400,09:11:07
2783,100,278300,09:11:07
2783,300,834900,09:11:07
2783,100,278300,09:11:07
2783,200,556600,09:11:07
2784,500,1392000,09:11:07
2786,300,835800,09:11:06
2785,200,557000,09:11:06
2782,100,278200,09:11:05
2782,200,556400,09:11:05
2781,100,278100,09:11:05
2780,100,278000,09:11:05
2777,100,277700,09:11:04
2778,200,555600,09:11:04
2780,100,278000,09:11:04
2777,100,277700,09:11:04
2778,700,1944600,09:11:04
2778,900,2500200,09:11:04
2778,2500,6945000,09:11:04
2779,900,2501100,09:11:04
2780,100,278000,09:11:03
2779,200,555800,09:11:03
2777,200,555400,09:11:02
2778,500,1389000,09:11:02
2779,200,555800,09:11:02
2779,100,277900,09:11:02
2781,100,278100,09:11:02
2781,100,278100,09:11:02
2782,100,278200,09:11:01
2778,1000,2778000,09:11:01
2779,1500,4168500,09:11:01
2780,1500,4170000,09:11:01
2781,900,2502900,09:11:01
2782,100,278200,09:11:01
2783,300,834900,09:11:01
2781,300,834300,09:11:00
2780,900,2502000,09:11:00
2781,500,1390500,09:11:00
2782,100,278200,09:11:00
2784,100,278400,09:11:00
2783,400,1113200,09:10:59
2783,600,1669800,09:10:59
2784,100,278400,09:10:59
2784,100,278400,09:10:59
2785,200,557000,09:10:59
2786,100,278600,09:10:59
2785,300,835500,09:10:59
2784,200,556800,09:10:59
2783,100,278300,09:10:59
2782,300,834600,09:10:59
2780,100,278000,09:10:58
2779,600,1667400,09:10:58
2778,400,1111200,09:10:58
2777,100,277700,09:10:57
2778,400,1111200,09:10:57
2776,300,832800,09:10:57
2777,100,277700,09:10:57
2777,400,1110800,09:10:57
2777,200,555400,09:10:57
2779,100,277900,09:10:57
2778,400,1111200,09:10:57
2778,100,277800,09:10:57
2777,500,1388500,09:10:57
2777,100,277700,09:10:57
2776,1000,2776000,09:10:57
2773,700,1941100,09:10:56
2774,200,554800,09:10:56
2775,100,277500,09:10:56
2775,500,1387500,09:10:56
2777,300,833100,09:10:56
2778,500,1389000,09:10:56
2776,100,277600,09:10:56
2773,300,831900,09:10:56
2774,1800,4993200,09:10:56
2775,1300,3607500,09:10:56
2776,900,2498400,09:10:56
2777,700,1943900,09:10:56
2779,100,277900,09:10:56
2779,100,277900,09:10:56
2778,300,833400,09:10:56
2778,100,277800,09:10:56
2778,100,277800,09:10:56
2778,100,277800,09:10:56
2779,100,277900,09:10:56
2780,100,278000,09:10:56
2780,100,278000,09:10:56
2781,100,278100,09:10:56
2781,100,278100,09:10:56
2779,100,277900,09:10:56
2781,200,556200,09:10:56
2780,100,278000,09:10:56
2778,200,555600,09:10:56
2778,100,277800,09:10:56
2779,100,277900,09:10:56
2781,200,556200,09:10:56
2778,100,277800,09:10:56
2778,100,277800,09:10:56
2782,100,278200,09:10:56
2778,100,277800,09:10:56
2777,100,277700,09:10:56
2792,900,2512800,09:10:56
2791,800,2232800,09:10:56
2790,1300,3627000,09:10:56
2789,800,2231200,09:10:56
2788,1200,3345600,09:10:56
2787,700,1950900,09:10:56
2786,1400,3900400,09:10:56
2785,1100,3063500,09:10:56
2784,2000,5568000,09:10:56
2783,900,2504700,09:10:56
2782,2200,6120400,09:10:56
2781,1800,5005800,09:10:56
2780,1500,4170000,09:10:56
2779,1400,3890600,09:10:56
2778,1100,3055800,09:10:56
2777,400,1110800,09:10:56
2775,100,277500,09:10:56
2775,100,277500,09:10:56
2776,100,277600,09:10:56
2776,200,555200,09:10:55
2775,100,277500,09:10:55
2776,300,832800,09:10:55
2777,100,277700,09:10:54
2775,100,277500,09:10:54
2775,800,2220000,09:10:54
2776,100,277600,09:10:54
2777,100,277700,09:10:54
2778,100,277800,09:10:54
2777,400,1110800,09:10:54
2777,100,277700,09:10:54
2777,600,1666200,09:10:53
2773,100,277300,09:10:53
2773,1400,3882200,09:10:53
2774,1500,4161000,09:10:53
2775,1300,3607500,09:10:53
2776,700,1943200,09:10:53
2777,200,555400,09:10:53
2776,100,277600,09:10:53
2776,100,277600,09:10:53
2776,100,277600,09:10:53
2776,300,832800,09:10:53
2775,3000,8325000,09:10:53
2773,100,277300,09:10:53
2773,300,831900,09:10:53
2773,400,1109200,09:10:53
2774,600,1664400,09:10:53
2775,200,555000,09:10:53
2776,100,277600,09:10:52
2775,200,555000,09:10:52
2773,100,277300,09:10:52
2773,100,277300,09:10:52
2774,100,277400,09:10:52
2774,100,277400,09:10:52
2774,100,277400,09:10:52
2775,100,277500,09:10:52
2776,100,277600,09:10:52
2776,100,277600,09:10:52
2774,200,554800,09:10:52
2775,100,277500,09:10:52
2776,300,832800,09:10:51
2777,500,1388500,09:10:51
2778,100,277800,09:10:51
2779,300,833700,09:10:51
2776,300,832800,09:10:51
2777,200,555400,09:10:51
2779,100,277900,09:10:51
2775,500,1387500,09:10:51
2776,1700,4719200,09:10:51
2777,100,277700,09:10:51
2778,100,277800,09:10:51
2778,300,833400,09:10:51
2778,100,277800,09:10:51
2777,100,277700,09:10:51
2778,300,833400,09:10:51
2778,100,277800,09:10:51
2778,100,277800,09:10:51
2775,100,277500,09:10:51
2778,100,277800,09:10:51
2776,300,832800,09:10:51
2778,100,277800,09:10:51
2776,100,277600,09:10:51
2777,200,555400,09:10:51
2777,100,277700,09:10:51
2778,300,833400,09:10:51
2779,100,277900,09:10:51
2780,8800,24464000,09:10:51
2780,100,278000,09:10:51
2780,100,278000,09:10:51
2781,800,2224800,09:10:51
2781,200,556200,09:10:51
2782,100,278200,09:10:51
2782,200,556400,09:10:50
2782,100,278200,09:10:50
2784,200,556800,09:10:50
2782,100,278200,09:10:49
2784,100,278400,09:10:49
2782,100,278200,09:10:49
2782,100,278200,09:10:49
2783,300,834900,09:10:48
2783,100,278300,09:10:48
2784,200,556800,09:10:48
2784,400,1113600,09:10:48
2785,900,2506500,09:10:48
2786,100,278600,09:10:48
2786,500,1393000,09:10:48
2786,100,278600,09:10:48
2787,1200,3344400,09:10:48
2787,2000,5574000,09:10:48
2787,100,278700,09:10:47
2787,100,278700,09:10:47
2788,400,1115200,09:10:47
2788,200,557600,09:10:47
2789,200,557800,09:10:47
2789,2300,6414700,09:10:47
2789,300,836700,09:10:47
2787,100,278700,09:10:47
2787,100,278700,09:10:47
2788,700,1951600,09:10:47
2788,100,278800,09:10:47
2789,400,1115600,09:10:47
2790,3500,9765000,09:10:47
2791,800,2232800,09:10:47
2791,100,279100,09:10:47
2792,1300,3629600,09:10:47
2793,100,279300,09:10:47
2794,400,1117600,09:10:47
2794,100,279400,09:10:46
2792,100,279200,09:10:46
2794,100,279400,09:10:45
2794,100,279400,09:10:45
2792,100,279200,09:10:44
2793,100,279300,09:10:44
2794,200,558800,09:10:43
2792,100,279200,09:10:43
2794,100,279400,09:10:43
2795,1100,3074500,09:10:43
2794,700,1955800,09:10:43
2792,100,279200,09:10:42
2793,200,558600,09:10:42
2794,100,279400,09:10:42
2794,100,279400,09:10:42
2795,500,1397500,09:10:42
2795,1000,2795000,09:10:42
2795,100,279500,09:10:42
2795,100,279500,09:10:42
2795,100,279500,09:10:42
2796,200,559200,09:10:42
2797,100,279700,09:10:41
2797,400,1118800,09:10:41
2797,100,279700,09:10:41
2798,200,559600,09:10:41
2798,300,839400,09:10:41
2798,100,279800,09:10:41
2799,600,1679400,09:10:41
2799,100,279900,09:10:41
2799,100,279900,09:10:41
2800,2000,5600000,09:10:41
2800,6200,17360000,09:10:41
2800,100,280000,09:10:41
2801,1400,3921400,09:10:41
2802,100,280200,09:10:41
2802,100,280200,09:10:40
2802,200,560400,09:10:40
2802,100,280200,09:10:40
2802,100,280200,09:10:40
2803,100,280300,09:10:39
2806,100,280600,09:10:39
2805,200,561000,09:10:38
2805,100,280500,09:10:38
2804,200,560800,09:10:37
2805,1200,3366000,09:10:37
2806,100,280600,09:10:36
2806,200,561200,09:10:36
2807,100,280700,09:10:36
2807,100,280700,09:10:36
2807,100,280700,09:10:36
2807,100,280700,09:10:36
2807,100,280700,09:10:36
2806,100,280600,09:10:34
2806,100,280600,09:10:34
2808,200,561600,09:10:34
2807,200,561400,09:10:34
2806,100,280600,09:10:34
2807,200,561400,09:10:34
2807,200,561400,09:10:34
2806,100,280600,09:10:33
2807,200,561400,09:10:33
2807,100,280700,09:10:33
2806,100,280600,09:10:32
2807,400,1122800,09:10:32
2808,100,280800,09:10:32
2810,200,562000,09:10:32
2809,100,280900,09:10:32
2812,100,281200,09:10:32
2811,100,281100,09:10:31
2812,100,281200,09:10:31
2812,100,281200,09:10:31
2812,100,281200,09:10:31
2812,100,281200,09:10:31
2812,100,281200,09:10:31
2812,100,281200,09:10:31
2812,200,562400,09:10:31
2810,100,281000,09:10:31
2810,100,281000,09:10:31
2810,100,281000,09:10:31
2810,100,281000,09:10:31
2809,1000,2809000,09:10:30
2808,300,842400,09:10:30
2808,100,280800,09:10:29
2805,100,280500,09:10:27
2806,1700,4770200,09:10:27
2806,100,280600,09:10:27
2807,1500,4210500,09:10:27
2808,700,1965600,09:10:27
2809,200,561800,09:10:27
2810,300,843000,09:10:25
2811,200,562200,09:10:25
2808,200,561600,09:10:24
2809,200,561800,09:10:23
2808,200,561600,09:10:19
2810,100,281000,09:10:19
2810,100,281000,09:10:18
2809,100,280900,09:10:18
2807,300,842100,09:10:18
2806,100,280600,09:10:18
2804,100,280400,09:10:17
2807,100,280700,09:10:16
2806,200,561200,09:10:16
2804,200,560800,09:10:14
2803,200,560600,09:10:14
2801,100,280100,09:10:14
2802,200,560400,09:10:14
2803,100,280300,09:10:13
2804,100,280400,09:10:13
2805,100,280500,09:10:13
2807,200,561400,09:10:13
2806,300,841800,09:10:13
2805,100,280500,09:10:13
2804,200,560800,09:10:13
2806,100,280600,09:10:12
2806,100,280600,09:10:12
2805,600,1683000,09:10:12
2802,100,280200,09:10:12
2803,100,280300,09:10:11
2803,100,280300,09:10:11
2804,300,841200,09:10:11
2802,100,280200,09:10:10
2803,100,280300,09:10:10
2801,100,280100,09:10:09
2804,100,280400,09:10:08
2802,100,280200,09:10:07
2803,200,560600,09:10:07
2803,100,280300,09:10:07
2801,700,1960700,09:10:07
2802,200,560400,09:10:07
2806,100,280600,09:10:06
2807,100,280700,09:10:06
2805,100,280500,09:10:05
2805,200,561000,09:10:05
2805,100,280500,09:10:04
2807,300,842100,09:10:04
2808,600,1684800,09:10:04
2807,100,280700,09:10:03
2807,100,280700,09:10:03
2806,100,280600,09:10:03
2806,100,280600,09:10:03
2806,100,280600,09:10:03
2806,100,280600,09:10:03
2806,100,280600,09:10:03
2806,100,280600,09:10:03
2806,100,280600,09:10:03
2806,600,1683600,09:10:03
2804,100,280400,09:10:02
2804,100,280400,09:10:02
2804,100,280400,09:10:02
2806,200,561200,09:10:02
2806,300,841800,09:10:02
2805,500,1402500,09:10:02
2804,200,560800,09:10:02
2803,200,560600,09:10:02
2804,300,841200,09:10:01
2803,100,280300,09:10:01
2803,100,280300,09:10:01
2804,100,280400,09:10:01
2804,100,280400,09:10:01
2802,100,280200,09:10:01
2803,100,280300,09:10:00
2803,1400,3924200,09:10:00
2804,1700,4766800,09:10:00
2805,1500,4207500,09:10:00
2806,400,1122400,09:10:00
2807,300,842100,09:10:00
2808,400,1123200,09:10:00
2810,100,281000,09:10:00
2809,100,280900,09:10:00
2809,100,280900,09:10:00
2810,100,281000,09:10:00
2810,100,281000,09:10:00
2810,300,843000,09:10:00
2811,100,281100,09:10:00
2811,100,281100,09:10:00
2811,100,281100,09:10:00
2811,400,1124400,09:10:00
2810,2100,5901000,09:10:00
2809,200,561800,09:10:00
2806,200,561200,09:10:00
2807,500,1403500,09:10:00
2808,800,2246400,09:09:59
2809,600,1685400,09:09:59
2811,100,281100,09:09:59
2810,300,843000,09:09:59
2809,400,1123600,09:09:59
2806,100,280600,09:09:59
2806,100,280600,09:09:59
2807,100,280700,09:09:59
2808,100,280800,09:09:58
2809,200,561800,09:09:58
2811,300,843300,09:09:58
2811,100,281100,09:09:58
2812,100,281200,09:09:58
2811,100,281100,09:09:58
2810,100,281000,09:09:58
2809,100,280900,09:09:58
2810,200,562000,09:09:58
2810,400,1124000,09:09:58
2808,100,280800,09:09:58
2808,100,280800,09:09:58
2808,100,280800,09:09:58
2809,100,280900,09:09:57
2809,200,561800,09:09:57
2810,3600,10116000,09:09:57
2811,400,1124400,09:09:57
2811,100,281100,09:09:57
2812,700,1968400,09:09:57
2813,400,1125200,09:09:57
2814,200,562800,09:09:57
2814,100,281400,09:09:57
2812,100,281200,09:09:56
2812,200,562400,09:09:56
2810,200,562000,09:09:56
2812,100,281200,09:09:56
2811,800,2248800,09:09:56
2812,100,281200,09:09:56
2813,200,562600,09:09:56
2812,100,281200,09:09:55
2813,300,843900,09:09:55
2815,400,1126000,09:09:55
2816,100,281600,09:09:54
2816,100,281600,09:09:54
2818,100,281800,09:09:54
2818,100,281800,09:09:54
2816,100,281600,09:09:54
2818,200,563600,09:09:54
2814,100,281400,09:09:53
2816,100,281600,09:09:53
2816,100,281600,09:09:53
2815,300,844500,09:09:53
2814,200,562800,09:09:53
2812,600,1687200,09:09:52
2815,200,563000,09:09:52
2813,500,1406500,09:09:51
2814,600,1688400,09:09:51
2815,100,281500,09:09:51
2815,100,281500,09:09:51
2815,100,281500,09:09:51
2817,1000,2817000,09:09:51
2816,500,1408000,09:09:51
2816,100,281600,09:09:51
2814,100,281400,09:09:51
2815,400,1126000,09:09:51
2814,100,281400,09:09:50
2813,100,281300,09:09:50
2814,100,281400,09:09:50
2814,100,281400,09:09:50
2815,1700,4785500,09:09:50
2816,300,844800,09:09:50
2816,100,281600,09:09:50
2817,100,281700,09:09:50
2819,100,281900,09:09:49
2818,400,1127200,09:09:49
2816,100,281600,09:09:49
2817,900,2535300,09:09:49
2818,100,281800,09:09:49
2818,200,563600,09:09:49
2819,100,281900,09:09:47
2818,100,281800,09:09:46
2820,100,282000,09:09:46
2818,100,281800,09:09:45
2818,400,1127200,09:09:45
2820,100,282000,09:09:45
2818,300,845400,09:09:44
2817,1200,3380400,09:09:44
2818,800,2254400,09:09:44
2819,200,563800,09:09:44
2820,300,846000,09:09:44
2817,200,563400,09:09:44
2818,100,281800,09:09:44
2819,600,1691400,09:09:44
2818,100,281800,09:09:43
2817,300,845100,09:09:43
2817,100,281700,09:09:43
2817,100,281700,09:09:43
2815,300,844500,09:09:42
2815,100,281500,09:09:42
2815,200,563000,09:09:42
2817,100,281700,09:09:42
2818,400,1127200,09:09:42
2818,100,281800,09:09:42
2818,700,1972600,09:09:42
2817,100,281700,09:09:42
2815,200,563000,09:09:41
2814,100,281400,09:09:41
2815,800,2252000,09:09:41
2815,300,844500,09:09:41
2816,200,563200,09:09:41
2817,100,281700,09:09:40
2817,100,281700,09:09:40
2819,100,281900,09:09:40
2819,100,281900,09:09:40
2820,600,1692000,09:09:39
2821,400,1128400,09:09:39
2822,100,282200,09:09:39
2822,100,282200,09:09:38
2822,300,846600,09:09:38
2821,100,282100,09:09:38
2820,100,282000,09:09:38
2819,200,563800,09:09:38
2818,300,845400,09:09:37
2820,100,282000,09:09:37
2820,400,1128000,09:09:36
2819,300,845700,09:09:36
2818,100,281800,09:09:36
2818,100,281800,09:09:36
2818,300,845400,09:09:36
2820,1000,2820000,09:09:36
2819,500,1409500,09:09:36
2818,400,1127200,09:09:36
2817,300,845100,09:09:35
2818,100,281800,09:09:35
2819,100,281900,09:09:35
2819,100,281900,09:09:35
2818,400,1127200,09:09:35
2817,100,281700,09:09:35
2817,100,281700,09:09:35
2819,100,281900,09:09:35
2818,100,281800,09:09:34
2818,100,281800,09:09:34
2818,200,563600,09:09:34
2818,200,563600,09:09:34
2817,100,281700,09:09:34
2816,300,844800,09:09:30
2815,100,281500,09:09:30
2814,100,281400,09:09:30
2814,100,281400,09:09:30
2814,100,281400,09:09:30
2814,100,281400,09:09:30
2815,300,844500,09:09:30
2814,200,562800,09:09:30
2813,200,562600,09:09:30
2811,800,2248800,09:09:29
2812,1700,4780400,09:09:29
2813,500,1406500,09:09:29
2816,100,281600,09:09:29
2814,100,281400,09:09:29
2815,300,844500,09:09:28
2813,300,843900,09:09:28
2816,100,281600,09:09:28
2815,300,844500,09:09:28
2815,100,281500,09:09:28
2813,100,281300,09:09:28
2814,300,844200,09:09:28
2813,100,281300,09:09:27
2814,100,281400,09:09:27
2815,300,844500,09:09:27
2818,100,281800,09:09:27
2817,100,281700,09:09:27
2817,100,281700,09:09:27
2817,100,281700,09:09:26
2817,100,281700,09:09:26
2816,200,563200,09:09:25
2818,100,281800,09:09:25
2817,100,281700,09:09:24
2817,100,281700,09:09:24
2815,100,281500,09:09:24
2815,100,281500,09:09:24
2815,100,281500,09:09:23
2815,200,563000,09:09:23
2817,100,281700,09:09:23
2816,300,844800,09:09:23
2815,400,1126000,09:09:23
2814,200,562800,09:09:23
2814,200,562800,09:09:23
2813,200,562600,09:09:23
2811,100,281100,09:09:23
2811,200,562200,09:09:23
2811,100,281100,09:09:22
2812,200,562400,09:09:22
2813,100,281300,09:09:21
2812,500,1406000,09:09:21
2813,700,1969100,09:09:21
2816,300,844800,09:09:20
2815,100,281500,09:09:20
2816,100,281600,09:09:20
2816,100,281600,09:09:20
2817,100,281700,09:09:20
2814,1500,4221000,09:09:20
2814,1400,3939600,09:09:20
2815,1300,3659500,09:09:20
2816,800,2252800,09:09:20
2818,100,281800,09:09:19
2818,100,281800,09:09:19
2818,100,281800,09:09:19
2817,200,563400,09:09:18
2816,100,281600,09:09:18
2816,100,281600,09:09:18
2816,100,281600,09:09:17
2817,100,281700,09:09:16
2817,200,563400,09:09:16
2819,100,281900,09:09:16
2819,100,281900,09:09:16
2819,400,1127600,09:09:16
2819,200,563800,09:09:16
2818,100,281800,09:09:16
2817,500,1408500,09:09:15
2816,300,844800,09:09:15
2817,100,281700,09:09:15
2815,1200,3378000,09:09:14
2816,1800,5068800,09:09:14
2817,1300,3662100,09:09:14
2818,400,1127200,09:09:14
2819,300,845700,09:09:14
2820,200,564000,09:09:13
2819,200,563800,09:09:13
2820,100,282000,09:09:13
2820,200,564000,09:09:13
2821,200,564200,09:09:13
2821,200,564200,09:09:13
2821,100,282100,09:09:13
2821,100,282100,09:09:13
2828,2400,6787200,09:09:13
2827,500,1413500,09:09:13
2826,900,2543400,09:09:13
2825,1200,3390000,09:09:13
2824,1000,2824000,09:09:13
2823,1000,2823000,09:09:13
2822,1200,3386400,09:09:13
2821,1200,3385200,09:09:13
2820,400,1128000,09:09:13
2818,200,563600,09:09:13
2820,300,846000,09:09:13
2820,800,2256000,09:09:13
2819,200,563800,09:09:13
2819,300,845700,09:09:12
2819,100,281900,09:09:10
2817,800,2253600,09:09:10
2817,100,281700,09:09:10
2816,500,1408000,09:09:10
2817,400,1126800,09:09:10
2819,600,1691400,09:09:10
2818,200,563600,09:09:10
2818,100,281800,09:09:10
2819,100,281900,09:09:10
2818,100,281800,09:09:09
2819,100,281900,09:09:08
2820,100,282000,09:09:08
2819,300,845700,09:09:08
2818,100,281800,09:09:08
2817,200,563400,09:09:08
2817,200,563400,09:09:07
2819,100,281900,09:09:07
2818,100,281800,09:09:07
2819,400,1127600,09:09:06
2820,300,846000,09:09:06
2822,100,282200,09:09:06
2822,500,1411000,09:09:06
2822,100,282200,09:09:06
2823,100,282300,09:09:06
2823,100,282300,09:09:06
2822,100,282200,09:09:06
2822,100,282200,09:09:06
2825,100,282500,09:09:06
2824,300,847200,09:09:06
2823,100,282300,09:09:06
2823,100,282300,09:09:06
2823,400,1129200,09:09:05
2822,300,846600,09:09:05
2820,100,282000,09:09:05
2822,200,564400,09:09:05
2822,300,846600,09:09:05
2822,200,564400,09:09:05
2819,100,281900,09:09:05
2821,100,282100,09:09:05
2821,200,564200,09:09:05
2820,100,282000,09:09:05
2820,100,282000,09:09:04
2820,100,282000,09:09:04
2822,100,282200,09:09:04
2821,400,1128400,09:09:04
2822,100,282200,09:09:04
2822,300,846600,09:09:04
2821,300,846300,09:09:04
2820,1200,3384000,09:09:04
2819,600,1691400,09:09:04
2817,200,563400,09:09:03
2818,300,845400,09:09:03
2818,100,281800,09:09:03
2820,100,282000,09:09:03
2820,100,282000,09:09:02
2819,100,281900,09:09:02
2819,100,281900,09:09:02
2819,100,281900,09:09:02
2820,100,282000,09:09:02
2821,100,282100,09:09:02
2822,200,564400,09:09:02
2820,300,846000,09:09:02
2820,100,282000,09:09:01
2820,100,282000,09:09:01
2820,100,282000,09:09:00
2821,100,282100,09:09:00
2820,200,564000,09:08:59
2820,400,1128000,09:08:59
2820,100,282000,09:08:59
2820,100,282000,09:08:59
2820,100,282000,09:08:57
2820,100,282000,09:08:57
2820,100,282000,09:08:57
2819,500,1409500,09:08:57
2819,100,281900,09:08:57
2817,200,563400,09:08:57
2819,400,1127600,09:08:57
2817,100,281700,09:08:57
2818,900,2536200,09:08:57
2820,200,564000,09:08:56
2820,200,564000,09:08:56
2819,300,845700,09:08:56
2821,200,564200,09:08:55
2822,100,282200,09:08:55
2823,100,282300,09:08:55
2822,1100,3104200,09:08:55
2820,100,282000,09:08:55
2821,400,1128400,09:08:55
2822,200,564400,09:08:55
2824,100,282400,09:08:55
2823,100,282300,09:08:54
2825,300,847500,09:08:54
2824,500,1412000,09:08:54
2823,200,564600,09:08:54
2823,200,564600,09:08:54
2823,100,282300,09:08:54
2823,100,282300,09:08:54
2821,400,1128400,09:08:54
2823,400,1129200,09:08:53
2822,600,1693200,09:08:53
2821,200,564200,09:08:53
2822,100,282200,09:08:53
2822,100,282200,09:08:53
2821,200,564200,09:08:53
2821,100,282100,09:08:53
2820,500,1410000,09:08:53
2819,300,845700,09:08:53
2818,100,281800,09:08:53
2816,200,563200,09:08:52
2815,1000,2815000,09:08:52
2814,700,1969800,09:08:52
2813,100,281300,09:08:52
2815,100,281500,09:08:51
2813,100,281300,09:08:51
2815,200,563000,09:08:50
2814,600,1688400,09:08:50
2815,100,281500,09:08:50
2816,100,281600,09:08:50
2816,200,563200,09:08:50
2818,100,281800,09:08:50
2817,100,281700,09:08:50
2817,100,281700,09:08:50
2818,100,281800,09:08:49
2819,100,281900,09:08:49
2819,200,563800,09:08:49
2818,100,281800,09:08:49
2817,100,281700,09:08:49
2815,200,563000,09:08:49
2815,100,281500,09:08:49
2816,100,281600,09:08:49
2815,200,563000,09:08:49
2816,200,563200,09:08:49
2823,300,846900,09:08:49
2822,1600,4515200,09:08:49
2821,1300,3667300,09:08:49
2820,2100,5922000,09:08:49
2819,1000,2819000,09:08:49
2818,2200,6199600,09:08:49
2817,1200,3380400,09:08:49
2816,2100,5913600,09:08:49
2815,800,2252000,09:08:49
2814,1200,3376800,09:08:49
2813,100,281300,09:08:49
2812,600,1687200,09:08:49
2810,200,562000,09:08:49
2811,100,281100,09:08:49
2810,100,281000,09:08:49
2809,200,561800,09:08:48
2810,100,281000,09:08:48
2811,100,281100,09:08:48
2812,100,281200,09:08:48
2812,300,843600,09:08:48
2812,100,281200,09:08:48
2812,100,281200,09:08:48
2812,200,562400,09:08:47
2811,600,1686600,09:08:47
2810,200,562000,09:08:47
2810,200,562000,09:08:47
2809,300,842700,09:08:47
2811,100,281100,09:08:47
2810,600,1686000,09:08:47
2810,200,562000,09:08:47
2810,500,1405000,09:08:47
2810,200,562000,09:08:47
2810,100,281000,09:08:47
2810,200,562000,09:08:47
2809,500,1404500,09:08:47
2808,100,280800,09:08:47
2808,100,280800,09:08:47
2807,200,561400,09:08:46
2806,100,280600,09:08:46
2806,400,1122400,09:08:45
2805,200,561000,09:08:45
2804,100,280400,09:08:45
2805,200,561000,09:08:45
2805,200,561000,09:08:45
2806,100,280600,09:08:45
2805,1000,2805000,09:08:45
2805,100,280500,09:08:45
2802,500,1401000,09:08:45
2803,100,280300,09:08:44
2803,100,280300,09:08:44
2803,100,280300,09:08:44
2802,200,560400,09:08:43
2800,100,280000,09:08:42
2802,100,280200,09:08:41
2804,100,280400,09:08:39
2803,100,280300,09:08:39
2803,100,280300,09:08:38
2801,100,280100,09:08:38
2802,100,280200,09:08:36
2803,100,280300,09:08:36
2803,500,1401500,09:08:36
2800,100,280000,09:08:32
2802,100,280200,09:08:31
2802,400,1120800,09:08:31
2799,100,279900,09:08:31
2800,500,1400000,09:08:31
2803,300,840900,09:08:30
2804,100,280400,09:08:30
2804,200,560800,09:08:30
2803,100,280300,09:08:30
2802,200,560400,09:08:30
2802,100,280200,09:08:30
2801,100,280100,09:08:30
2801,100,280100,09:08:30
2800,600,1680000,09:08:30
2799,200,559800,09:08:30
2798,300,839400,09:08:30
2797,200,559400,09:08:29
2796,100,279600,09:08:29
2797,100,279700,09:08:29
2797,100,279700,09:08:29
2797,100,279700,09:08:29
2797,100,279700,09:08:29
2797,100,279700,09:08:29
2797,100,279700,09:08:29
2797,100,279700,09:08:29
2797,100,279700,09:08:29
2797,100,279700,09:08:29
2797,100,279700,09:08:29
2797,100,279700,09:08:29
2797,200,559400,09:08:29
2796,100,279600,09:08:28
2796,100,279600,09:08:28
2798,100,279800,09:08:28
2796,100,279600,09:08:26
2794,200,558800,09:08:26
2790,100,279000,09:08:26
2791,600,1674600,09:08:26
2792,400,1116800,09:08:26
2793,400,1117200,09:08:26
2794,100,279400,09:08:26
2796,600,1677600,09:08:26
2795,100,279500,09:08:25
2794,100,279400,09:08:25
2795,200,559000,09:08:24
2796,500,1398000,09:08:23
2794,100,279400,09:08:23
2795,700,1956500,09:08:23
2795,400,1118000,09:08:23
2795,100,279500,09:08:23
2796,1700,4753200,09:08:23
2797,300,839100,09:08:23
2798,200,559600,09:08:23
2799,100,279900,09:08:23
2800,100,280000,09:08:23
2799,100,279900,09:08:22
2800,1400,3920000,09:08:22
2801,600,1680600,09:08:22
2803,200,560600,09:08:19
2803,200,560600,09:08:19
2801,100,280100,09:08:18
2802,200,560400,09:08:18
2800,100,280000,09:08:18
2799,200,559800,09:08:18
2799,400,1119600,09:08:17
2800,500,1400000,09:08:17
2802,100,280200,09:08:17
2802,200,560400,09:08:17
2802,400,1120800,09:08:16
2802,100,280200,09:08:16
2802,200,560400,09:08:15
2803,600,1681800,09:08:15
2802,1400,3922800,09:08:15
2801,500,1400500,09:08:15
2800,400,1120000,09:08:15
2801,200,560200,09:08:15
2803,100,280300,09:08:15
2802,100,280200,09:08:14
2802,100,280200,09:08:13
2802,100,280200,09:08:12
2802,100,280200,09:08:12
2806,300,841800,09:08:12
2805,1000,2805000,09:08:12
2804,1400,3925600,09:08:12
2803,1000,2803000,09:08:12
2802,300,840600,09:08:12
2802,100,280200,09:08:10
2800,300,840000,09:08:09
2800,100,280000,09:08:07
2801,100,280100,09:08:07
2801,100,280100,09:08:06
2801,100,280100,09:08:06
2799,100,279900,09:08:06
2800,100,280000,09:08:05
2800,100,280000,09:08:05
2800,100,280000,09:08:05
2797,100,279700,09:08:05
2798,200,559600,09:08:05
2801,100,280100,09:08:05
2799,100,279900,09:08:05
2800,200,560000,09:08:05
2800,100,280000,09:08:04
2800,100,280000,09:08:03
2799,300,839700,09:08:03
2799,400,1119600,09:08:02
2799,100,279900,09:08:02
2800,600,1680000,09:08:02
2801,100,280100,09:08:02
2803,100,280300,09:08:02
2803,100,280300,09:08:02
2804,100,280400,09:08:02
2804,700,1962800,09:08:02
2804,100,280400,09:08:02
2804,100,280400,09:08:02
2804,200,560800,09:08:02
2805,600,1683000,09:08:02
2806,1200,3367200,09:08:02
2806,100,280600,09:08:02
2804,100,280400,09:08:01
2804,100,280400,09:08:01
2804,100,280400,09:08:01
2807,100,280700,09:08:01
2807,200,561400,09:08:01
2807,300,842100,09:08:00
2805,600,1683000,09:07:59
2804,200,560800,09:07:58
2804,100,280400,09:07:57
2803,200,560600,09:07:56
2805,100,280500,09:07:56
2804,200,560800,09:07:56
2804,200,560800,09:07:56
2804,100,280400,09:07:56
2803,1000,2803000,09:07:56
2803,100,280300,09:07:56
2802,100,280200,09:07:56
2801,100,280100,09:07:56
2798,100,279800,09:07:55
2802,200,560400,09:07:55
2801,300,840300,09:07:55
2799,100,279900,09:07:54
2799,200,559800,09:07:54
2800,100,280000,09:07:54
2800,100,280000,09:07:54
2801,200,560200,09:07:52
2799,100,279900,09:07:52
2801,300,840300,09:07:52
2800,100,280000,09:07:52
2800,200,560000,09:07:52
2800,100,280000,09:07:52
2800,100,280000,09:07:52
2800,100,280000,09:07:52
2800,100,280000,09:07:52
2800,100,280000,09:07:52
2800,100,280000,09:07:52
2802,100,280200,09:07:52
2801,200,560200,09:07:52
2801,100,280100,09:07:52
2800,1000,2800000,09:07:52
2800,100,280000,09:07:52
2799,600,1679400,09:07:52
2798,200,559600,09:07:52
2798,200,559600,09:07:52
2793,300,837900,09:07:50
2792,500,1396000,09:07:49
2792,400,1116800,09:07:48
2794,100,279400,09:07:47
2790,100,279000,09:07:45
2790,200,558000,09:07:45
2791,100,279100,09:07:45
2790,100,279000,09:07:45
2791,700,1953700,09:07:45
2791,200,558200,09:07:45
2791,100,279100,09:07:44
2791,100,279100,09:07:44
2793,300,837900,09:07:44
2791,100,279100,09:07:44
2792,700,1954400,09:07:44
2792,200,558400,09:07:43
2793,300,837900,09:07:43
2793,100,279300,09:07:42
2793,100,279300,09:07:42
2795,400,1118000,09:07:42
2797,100,279700,09:07:41
2796,100,279600,09:07:41
2792,100,279200,09:07:41
2794,400,1117600,09:07:41
2792,100,279200,09:07:41
2792,300,837600,09:07:41
2793,2100,5865300,09:07:41
2793,100,279300,09:07:41
2793,400,1117200,09:07:41
2794,2400,6705600,09:07:41
2794,300,838200,09:07:41
2795,200,559000,09:07:41
2796,100,279600,09:07:40
2795,800,2236000,09:07:39
2796,900,2516400,09:07:39
2797,200,559400,09:07:39
2799,100,279900,09:07:39
2799,200,559800,09:07:39
2798,200,559600,09:07:39
2800,100,280000,09:07:38
2801,100,280100,09:07:38
2801,100,280100,09:07:38
2800,100,280000,09:07:38
2799,100,279900,09:07:37
2797,200,559400,09:07:37
2796,200,559200,09:07:37
2797,300,839100,09:07:37
2800,100,280000,09:07:37
2797,400,1118800,09:07:36
2799,200,559800,09:07:36
2800,400,1120000,09:07:36
2800,100,280000,09:07:36
2800,100,280000,09:07:36
2802,200,560400,09:07:36
2801,600,1680600,09:07:36
2800,2100,5880000,09:07:36
2799,200,559800,09:07:36
2798,600,1678800,09:07:36
2796,100,279600,09:07:36
2796,100,279600,09:07:36
2796,100,279600,09:07:36
2797,900,2517300,09:07:36
2796,300,838800,09:07:36
2796,100,279600,09:07:35
2795,200,559000,09:07:35
2795,100,279500,09:07:35
2796,100,279600,09:07:35
2794,200,558800,09:07:33
2795,400,1118000,09:07:33
2796,100,279600,09:07:33
2795,100,279500,09:07:32
2796,100,279600,09:07:31
2796,200,559200,09:07:31
2796,100,279600,09:07:30
2794,100,279400,09:07:30
2795,600,1677000,09:07:29
2795,100,279500,09:07:29
2792,200,558400,09:07:28
2793,600,1675800,09:07:28
2794,200,558800,09:07:28
2795,400,1118000,09:07:28
2797,100,279700,09:07:27
2796,100,279600,09:07:27
2795,100,279500,09:07:27
2793,900,2513700,09:07:27
2792,500,1396000,09:07:27
2791,300,837300,09:07:27
2791,300,837300,09:07:27
2791,300,837300,09:07:27
2791,100,279100,09:07:27
2792,100,279200,09:07:26
2792,100,279200,09:07:25
2792,100,279200,09:07:25
2792,100,279200,09:07:25
2791,100,279100,09:07:24
2792,800,2233600,09:07:24
2794,400,1117600,09:07:23
2794,100,279400,09:07:23
2795,100,279500,09:07:22
2794,400,1117600,09:07:22
2796,100,279600,09:07:22
2793,500,1396500,09:07:21
2794,100,279400,09:07:21
2797,100,279700,09:07:21
2796,400,1118400,09:07:21
2794,100,279400,09:07:20
2794,400,1117600,09:07:20
2792,200,558400,09:07:20
2792,100,279200,09:07:20
2794,100,279400,09:07:19
2794,200,558800,09:07:19
2793,100,279300,09:07:18
2794,300,838200,09:07:18
2797,200,559400,09:07:18
2796,300,838800,09:07:18
2794,100,279400,09:07:17
2793,100,279300,09:07:17
2793,100,279300,09:07:17
2798,100,279800,09:07:16
2797,300,839100,09:07:16
2798,1500,4197000,09:07:16
2799,100,279900,09:07:16
2800,100,280000,09:07:16
2799,1300,3638700,09:07:16
2800,700,1960000,09:07:16
2801,600,1680600,09:07:16
2802,200,560400,09:07:16
2804,100,280400,09:07:16
2804,200,560800,09:07:16
2803,100,280300,09:07:15
2802,100,280200,09:07:15
2801,400,1120400,09:07:15
2803,100,280300,09:07:15
2803,600,1681800,09:07:15
2805,100,280500,09:07:15
2806,100,280600,09:07:15
2805,200,561000,09:07:15
2802,100,280200,09:07:15
2805,300,841500,09:07:15
2805,500,1402500,09:07:15
2804,300,841200,09:07:15
2802,200,560400,09:07:15
2801,100,280100,09:07:15
2800,2300,6440000,09:07:15
2799,100,279900,09:07:15
2799,500,1399500,09:07:15
2798,100,279800,09:07:15
2798,2300,6435400,09:07:15
2797,100,279700,09:07:15
2797,100,279700,09:07:15
2797,200,559400,09:07:15
2795,700,1956500,09:07:14
2792,100,279200,09:07:13
2793,500,1396500,09:07:13
2794,300,838200,09:07:13
2795,400,1118000,09:07:13
2797,100,279700,09:07:13
2794,100,279400,09:07:12
2796,100,279600,09:07:12
2797,1000,2797000,09:07:12
2796,1800,5032800,09:07:12
2795,1900,5310500,09:07:12
2794,200,558800,09:07:12
2793,100,279300,09:07:12
2792,100,279200,09:07:11
2792,400,1116800,09:07:11
2792,100,279200,09:07:10
2792,100,279200,09:07:10
2792,100,279200,09:07:10
2792,100,279200,09:07:10
2791,100,279100,09:07:10
2791,100,279100,09:07:09
2792,500,1396000,09:07:08
2792,100,279200,09:07:08
2791,100,279100,09:07:08
2792,200,558400,09:07:08
2791,300,837300,09:07:08
2791,100,279100,09:07:07
2790,100,279000,09:07:07
2788,300,836400,09:07:07
2789,300,836700,09:07:07
2790,300,837000,09:07:07
2789,100,278900,09:07:07
2789,400,1115600,09:07:07
2787,800,2229600,09:07:06
2788,1600,4460800,09:07:06
2789,300,836700,09:07:06
2790,800,2232000,09:07:06
2791,300,837300,09:07:06
2793,500,1396500,09:07:06
2794,100,279400,09:07:06
2796,300,838800,09:07:06
2795,400,1118000,09:07:06
2794,100,279400,09:07:06
2794,100,279400,09:07:06
2794,300,838200,09:07:05
2793,100,279300,09:07:05
2794,800,2235200,09:07:05
2795,200,559000,09:07:05
2796,100,279600,09:07:05
2795,600,1677000,09:07:05
2795,100,279500,09:07:05
2795,100,279500,09:07:05
2793,100,279300,09:07:04
2792,100,279200,09:07:03
2792,100,279200,09:07:03
2792,100,279200,09:07:03
2792,200,558400,09:07:03
2790,100,279000,09:07:03
2791,600,1674600,09:07:03
2792,500,1396000,09:07:03
2793,500,1396500,09:07:03
2794,300,838200,09:07:03
2794,100,279400,09:07:03
2792,100,279200,09:07:02
2792,100,279200,09:07:02
2791,100,279100,09:07:02
2790,200,558000,09:07:02
2792,600,1675200,09:07:02
2791,400,1116400,09:07:02
2788,100,278800,09:07:01
2789,500,1394500,09:07:01
2786,100,278600,09:07:01
2786,1000,2786000,09:07:01
2789,100,278900,09:07:00
2788,200,557600,09:07:00
2789,100,278900,09:07:00
2790,300,837000,09:07:00
2790,100,279000,09:07:00
2791,200,558200,09:07:00
2791,100,279100,09:06:59
2790,200,558000,09:06:59
2789,100,278900,09:06:59
2790,100,279000,09:06:59
2790,100,279000,09:06:59
2791,100,279100,09:06:59
2791,100,279100,09:06:59
2790,100,279000,09:06:58
2790,200,558000,09:06:57
2791,100,279100,09:06:57
2791,100,279100,09:06:57
2791,400,1116400,09:06:57
2789,100,278900,09:06:56
2791,100,279100,09:06:56
2791,300,837300,09:06:56
2791,100,279100,09:06:55
2791,100,279100,09:06:54
2789,300,836700,09:06:54
2789,100,278900,09:06:54
2790,1100,3069000,09:06:54
2791,100,279100,09:06:53
2793,100,279300,09:06:53
2791,200,558200,09:06:53
2793,100,279300,09:06:53
2792,100,279200,09:06:52
2793,200,558600,09:06:52
2793,100,279300,09:06:52
2794,100,279400,09:06:52
2793,100,279300,09:06:52
2793,100,279300,09:06:51
2793,100,279300,09:06:51
2792,100,279200,09:06:51
2792,600,1675200,09:06:50
2796,500,1398000,09:06:50
2795,300,838500,09:06:50
2794,400,1117600,09:06:50
2792,100,279200,09:06:50
2792,400,1116800,09:06:50
2790,200,558000,09:06:50
2790,100,279000,09:06:50
2791,100,279100,09:06:50
2790,200,558000,09:06:49
2789,100,278900,09:06:49
2788,400,1115200,09:06:49
2787,500,1393500,09:06:48
2788,500,1394000,09:06:48
2790,100,279000,09:06:48
2789,200,557800,09:06:48
2790,200,558000,09:06:48
2789,100,278900,09:06:48
2789,100,278900,09:06:47
2788,100,278800,09:06:47
2788,100,278800,09:06:47
2789,200,557800,09:06:47
2791,200,558200,09:06:47
2790,800,2232000,09:06:47
2790,200,558000,09:06:47
2789,100,278900,09:06:47
2788,100,278800,09:06:46
2787,100,278700,09:06:46
2786,1300,3621800,09:06:46
2785,400,1114000,09:06:46
2784,100,278400,09:06:46
2785,200,557000,09:06:46
2784,200,556800,09:06:46
2783,200,556600,09:06:46
2784,100,278400,09:06:46
2784,200,556800,09:06:46
2785,100,278500,09:06:45
2785,100,278500,09:06:45
2784,100,278400,09:06:45
2784,200,556800,09:06:45
2784,200,556800,09:06:45
2784,100,278400,09:06:45
2783,100,278300,09:06:45
2783,100,278300,09:06:45
2783,100,278300,09:06:43
2783,100,278300,09:06:43
2782,100,278200,09:06:42
2784,100,278400,09:06:42
2784,400,1113600,09:06:41
2783,600,1669800,09:06:41
2783,200,556600,09:06:40
2782,200,556400,09:06:40
2784,200,556800,09:06:39
2783,100,278300,09:06:39
2783,100,278300,09:06:38
2782,600,1669200,09:06:38
2780,100,278000,09:06:36
2781,100,278100,09:06:36
2781,100,278100,09:06:35
2780,100,278000,09:06:35
2780,100,278000,09:06:35
2780,100,278000,09:06:35
2781,300,834300,09:06:35
2781,200,556200,09:06:35
2781,200,556200,09:06:35
2781,200,556200,09:06:35
2781,100,278100,09:06:34
2782,100,278200,09:06:34
2785,200,557000,09:06:34
2783,100,278300,09:06:34
2784,100,278400,09:06:33
2783,100,278300,09:06:33
2784,100,278400,09:06:33
2785,100,278500,09:06:33
2785,100,278500,09:06:33
2786,100,278600,09:06:33
2785,1200,3342000,09:06:33
2785,100,278500,09:06:33
2785,200,557000,09:06:33
2785,100,278500,09:06:33
2785,400,1114000,09:06:33
2785,300,835500,09:06:33
2784,200,556800,09:06:33
2783,200,556600,09:06:33
2783,300,834900,09:06:33
2781,100,278100,09:06:31
2781,400,1112400,09:06:30
2782,100,278200,09:06:30
2782,200,556400,09:06:30
2781,200,556200,09:06:30
2779,400,1111600,09:06:30
2780,500,1390000,09:06:30
2781,100,278100,09:06:30
2782,100,278200,09:06:30
2781,300,834300,09:06:30
2780,100,278000,09:06:29
2781,100,278100,09:06:29
2780,1000,2780000,09:06:29
2780,1200,3336000,09:06:29
2778,200,555600,09:06:29
2779,100,277900,09:06:28
2779,300,833700,09:06:28
2778,300,833400,09:06:27
2777,200,555400,09:06:27
2776,100,277600,09:06:27
2778,100,277800,09:06:27
2777,600,1666200,09:06:27
2776,700,1943200,09:06:27
2774,100,277400,09:06:27
2775,100,277500,09:06:27
2774,400,1109600,09:06:27
2773,400,1109200,09:06:27
2771,100,277100,09:06:27
2772,100,277200,09:06:26
2773,200,554600,09:06:26
2775,800,2220000,09:06:25
2774,200,554800,09:06:25
2771,100,277100,09:06:24
2771,100,277100,09:06:23
2769,100,276900,09:06:23
2769,100,276900,09:06:23
2771,100,277100,09:06:23
2769,100,276900,09:06:22
2770,400,1108000,09:06:22
2768,200,553600,09:06:22
2770,100,277000,09:06:22
2769,100,276900,09:06:22
2771,200,554200,09:06:21
2770,100,277000,09:06:21
2772,1000,2772000,09:06:21
2771,600,1662600,09:06:21
2770,700,1939000,09:06:21
2767,100,276700,09:06:21
2767,100,276700,09:06:21
2768,100,276800,09:06:21
2766,100,276600,09:06:21
2767,100,276700,09:06:20
2768,100,276800,09:06:20
2769,100,276900,09:06:20
2771,100,277100,09:06:20
2770,300,831000,09:06:20
2768,300,830400,09:06:20
2770,100,277000,09:06:20
2769,300,830700,09:06:20
2769,100,276900,09:06:20
2769,200,553800,09:06:20
2769,100,276900,09:06:19
2771,100,277100,09:06:19
2769,100,276900,09:06:19
2770,200,554000,09:06:19
2771,200,554200,09:06:19
2770,100,277000,09:06:19
2772,100,277200,09:06:18
2770,200,554000,09:06:18
2770,100,277000,09:06:18
2771,100,277100,09:06:18
2769,100,276900,09:06:18
2771,100,277100,09:06:18
2770,500,1385000,09:06:18
2772,100,277200,09:06:18
2772,200,554400,09:06:18
2771,100,277100,09:06:18
2770,200,554000,09:06:18
2767,400,1106800,09:06:17
2767,100,276700,09:06:17
2766,200,553200,09:06:17
2766,100,276600,09:06:17
2767,200,553400,09:06:17
2768,1100,3044800,09:06:16
2767,500,1383500,09:06:16
2764,300,829200,09:06:16
2765,100,276500,09:06:16
2764,100,276400,09:06:16
2765,200,553000,09:06:16
2764,100,276400,09:06:16
2764,100,276400,09:06:16
2765,200,553000,09:06:16
2766,200,553200,09:06:16
2764,500,1382000,09:06:16
2765,1300,3594500,09:06:16
2766,200,553200,09:06:16
2766,400,1106400,09:06:16
2767,100,276700,09:06:16
2767,100,276700,09:06:16
2769,100,276900,09:06:16
2768,500,1384000,09:06:16
2769,200,553800,09:06:16
2768,500,1384000,09:06:16
2768,100,276800,09:06:16
2767,100,276700,09:06:16
2767,100,276700,09:06:16
2768,2900,8027200,09:06:16
2768,100,276800,09:06:16
2768,100,276800,09:06:16
2769,400,1107600,09:06:16
2770,3500,9695000,09:06:16
2770,100,277000,09:06:16
2771,1900,5264900,09:06:16
2772,700,1940400,09:06:16
2774,500,1387000,09:06:15
2775,100,277500,09:06:15
2775,100,277500,09:06:15
2775,100,277500,09:06:15
2775,200,555000,09:06:14
2776,100,277600,09:06:14
2777,100,277700,09:06:14
2775,500,1387500,09:06:14
2776,100,277600,09:06:14
2776,200,555200,09:06:14
2775,100,277500,09:06:14
2774,100,277400,09:06:14
2774,100,277400,09:06:14
2775,100,277500,09:06:14
2777,100,277700,09:06:14
2775,100,277500,09:06:14
2775,200,555000,09:06:14
2774,100,277400,09:06:14
2775,200,555000,09:06:14
2772,900,2494800,09:06:14
2773,400,1109200,09:06:14
2774,700,1941800,09:06:14
2774,100,277400,09:06:14
2775,2900,8047500,09:06:14
2775,100,277500,09:06:14
2775,2000,5550000,09:06:14
2775,100,277500,09:06:14
2776,300,832800,09:06:14
2777,100,277700,09:06:14
2776,700,1943200,09:06:13
2777,400,1110800,09:06:13
2778,200,555600,09:06:13
2778,100,277800,09:06:12
2779,100,277900,09:06:12
2776,100,277600,09:06:12
2778,100,277800,09:06:11
2777,100,277700,09:06:11
2777,200,555400,09:06:11
2778,100,277800,09:06:11
2780,100,278000,09:06:10
2779,100,277900,09:06:10
2778,100,277800,09:06:09
2779,400,1111600,09:06:09
2780,100,278000,09:06:09
2780,100,278000,09:06:09
2782,100,278200,09:06:09
2781,100,278100,09:06:09
2780,200,556000,09:06:09
2780,100,278000,09:06:09
2780,100,278000,09:06:09
2780,200,556000,09:06:09
2781,900,2502900,09:06:09
2780,2600,7228000,09:06:09
2779,100,277900,09:06:09
2778,200,555600,09:06:09
2780,100,278000,09:06:09
2779,100,277900,09:06:09
2779,200,555800,09:06:09
2778,100,277800,09:06:09
2778,100,277800,09:06:09
2780,100,278000,09:06:08
2779,100,277900,09:06:08
2778,200,555600,09:06:08
2778,200,555600,09:06:08
2779,100,277900,09:06:08
2781,100,278100,09:06:07
2780,100,278000,09:06:07
2780,200,556000,09:06:07
2780,100,278000,09:06:07
2780,200,556000,09:06:07
2780,100,278000,09:06:07
2780,100,278000,09:06:07
2780,100,278000,09:06:07
2781,100,278100,09:06:06
2780,100,278000,09:06:06
2780,200,556000,09:06:06
2779,100,277900,09:06:06
2779,100,277900,09:06:06
2779,100,277900,09:06:05
2781,100,278100,09:06:05
2779,100,277900,09:06:04
2778,600,1666800,09:06:04
2777,600,1666200,09:06:04
2776,100,277600,09:06:04
2776,200,555200,09:06:04
2776,100,277600,09:06:04
2777,200,555400,09:06:04
2777,200,555400,09:06:04
2777,200,555400,09:06:04
2777,100,277700,09:06:04
2778,700,1944600,09:06:04
2779,400,1111600,09:06:04
2780,100,278000,09:06:04
2782,100,278200,09:06:04
2780,1000,2780000,09:06:04
2782,100,278200,09:06:04
2782,100,278200,09:06:04
2780,100,278000,09:06:04
2781,100,278100,09:06:04
2781,100,278100,09:06:04
2782,100,278200,09:06:04
2781,400,1112400,09:06:04
2781,100,278100,09:06:04
2781,100,278100,09:06:04
2782,1300,3616600,09:06:04
2785,100,278500,09:06:03
2784,100,278400,09:06:03
2784,100,278400,09:06:02
2782,100,278200,09:06:01
2783,600,1669800,09:06:01
2783,300,834900,09:06:01
2785,100,278500,09:06:01
2784,100,278400,09:06:00
2783,400,1113200,09:06:00
2783,300,834900,09:06:00
2783,300,834900,09:06:00
2783,100,278300,09:06:00
2786,100,278600,09:06:00
2784,300,835200,09:05:59
2784,400,1113600,09:05:59
2787,300,836100,09:05:59
2786,1100,3064600,09:05:59
2785,100,278500,09:05:59
2785,100,278500,09:05:59
2782,500,1391000,09:05:59
2783,400,1113200,09:05:59
2784,100,278400,09:05:59
2785,200,557000,09:05:59
2784,200,556800,09:05:59
2783,100,278300,09:05:59
2783,200,556600,09:05:58
2783,100,278300,09:05:58
2783,100,278300,09:05:58
2783,200,556600,09:05:58
2783,100,278300,09:05:58
2783,100,278300,09:05:57
2782,100,278200,09:05:57
2782,200,556400,09:05:57
2783,100,278300,09:05:57
2783,100,278300,09:05:56
2783,100,278300,09:05:56
2785,200,557000,09:05:56
2785,300,835500,09:05:55
2784,600,1670400,09:05:55
2783,100,278300,09:05:55
2782,100,278200,09:05:55
2783,100,278300,09:05:55
2784,200,556800,09:05:55
2783,100,278300,09:05:55
2782,200,556400,09:05:55
2782,100,278200,09:05:54
2784,100,278400,09:05:53
2784,1100,3062400,09:05:53
2782,400,1112800,09:05:53
2784,400,1113600,09:05:53
2786,600,1671600,09:05:53
2784,100,278400,09:05:53
2785,200,557000,09:05:53
2784,100,278400,09:05:53
2784,100,278400,09:05:53
2784,100,278400,09:05:53
2782,100,278200,09:05:53
2783,300,834900,09:05:53
2784,200,556800,09:05:53
2786,100,278600,09:05:53
2785,200,557000,09:05:52
2784,100,278400,09:05:52
2784,600,1670400,09:05:52
2783,400,1113200,09:05:52
2783,500,1391500,09:05:52
2782,400,1112800,09:05:51
2781,200,556200,09:05:51
2780,200,556000,09:05:51
2780,100,278000,09:05:51
2779,100,277900,09:05:50
2780,200,556000,09:05:50
2780,700,1946000,09:05:50
2781,100,278100,09:05:50
2780,200,556000,09:05:49
2782,100,278200,09:05:49
2780,300,834000,09:05:49
2781,100,278100,09:05:49
2782,100,278200,09:05:49
2783,100,278300,09:05:49
2784,400,1113600,09:05:49
2784,200,556800,09:05:49
2784,200,556800,09:05:48
2785,100,278500,09:05:48
2783,300,834900,09:05:47
2782,200,556400,09:05:47
2780,200,556000,09:05:47
2783,400,1113200,09:05:47
2784,200,556800,09:05:47
2785,200,557000,09:05:47
2783,1600,4452800,09:05:47
2783,1400,3896200,09:05:47
2782,500,1391000,09:05:46
2782,100,278200,09:05:46
2785,200,557000,09:05:46
2784,400,1113600,09:05:46
2782,200,556400,09:05:45
2783,300,834900,09:05:45
2779,300,833700,09:05:45
2779,300,833700,09:05:45
2780,1800,5004000,09:05:45
2781,600,1668600,09:05:45
2782,300,834600,09:05:45
2783,200,556600,09:05:45
2783,200,556600,09:05:45
2784,300,835200,09:05:45
2785,500,1392500,09:05:45
2784,300,835200,09:05:44
2785,300,835500,09:05:44
2786,200,557200,09:05:44
2788,100,278800,09:05:44
2787,100,278700,09:05:44
2788,200,557600,09:05:44
2785,100,278500,09:05:43
2786,200,557200,09:05:43
2787,100,278700,09:05:43
2786,1200,3343200,09:05:43
2785,600,1671000,09:05:43
2783,600,1669800,09:05:43
2781,200,556200,09:05:43
2782,200,556400,09:05:43
2782,100,278200,09:05:43
2781,400,1112400,09:05:43
2781,100,278100,09:05:43
2782,100,278200,09:05:43
2783,500,1391500,09:05:43
2784,100,278400,09:05:42
2783,300,834900,09:05:42
2784,100,278400,09:05:42
2784,300,835200,09:05:41
2783,400,1113200,09:05:41
2782,300,834600,09:05:41
2784,100,278400,09:05:41
2783,100,278300,09:05:41
2783,100,278300,09:05:41
2783,200,556600,09:05:41
2784,100,278400,09:05:41
2784,100,278400,09:05:41
2782,100,278200,09:05:41
2781,300,834300,09:05:41
2782,300,834600,09:05:40
2782,300,834600,09:05:40
2783,100,278300,09:05:40
2783,100,278300,09:05:40
2783,100,278300,09:05:40
2784,100,278400,09:05:40
2786,100,278600,09:05:40
2783,100,278300,09:05:40
2784,600,1670400,09:05:39
2783,300,834900,09:05:39
2783,200,556600,09:05:39
2783,200,556600,09:05:39
2783,100,278300,09:05:39
2785,300,835500,09:05:39
2786,100,278600,09:05:39
2788,400,1115200,09:05:39
2787,200,557400,09:05:39
2786,300,835800,09:05:39
2787,100,278700,09:05:39
2786,400,1114400,09:05:39
2785,700,1949500,09:05:39
2782,100,278200,09:05:38
2782,200,556400,09:05:38
2783,300,834900,09:05:38
2783,100,278300,09:05:38
2783,100,278300,09:05:38
2784,200,556800,09:05:37
2783,100,278300,09:05:37
2781,100,278100,09:05:37
2782,100,278200,09:05:37
2782,100,278200,09:05:37
2782,200,556400,09:05:36
2783,100,278300,09:05:36
2782,200,556400,09:05:36
2784,100,278400,09:05:36
2781,200,556200,09:05:36
2782,100,278200,09:05:36
2783,100,278300,09:05:36
2783,100,278300,09:05:36
2784,200,556800,09:05:35
2782,400,1112800,09:05:35
2784,200,556800,09:05:35
2783,200,556600,09:05:35
2783,100,278300,09:05:35
2783,200,556600,09:05:35
2783,100,278300,09:05:35
2784,200,556800,09:05:35
2784,100,278400,09:05:35
2783,800,2226400,09:05:35
2783,200,556600,09:05:35
2782,100,278200,09:05:34
2782,200,556400,09:05:34
2781,200,556200,09:05:34
2780,800,2224000,09:05:34
2779,100,277900,09:05:34
2778,100,277800,09:05:34
2778,100,277800,09:05:34
2778,100,277800,09:05:33
2779,100,277900,09:05:33
2778,100,277800,09:05:33
2778,100,277800,09:05:33
2779,200,555800,09:05:33
2778,100,277800,09:05:33
2778,100,277800,09:05:33
2777,100,277700,09:05:32
2777,100,277700,09:05:32
2777,100,277700,09:05:32
2777,100,277700,09:05:32
2778,100,277800,09:05:31
2779,100,277900,09:05:31
2779,100,277900,09:05:31
2779,200,555800,09:05:31
2779,100,277900,09:05:31
2779,100,277900,09:05:31
2779,300,833700,09:05:31
2779,400,1111600,09:05:31
2778,200,555600,09:05:31
2775,400,1110000,09:05:31
2776,500,1388000,09:05:31
2777,600,1666200,09:05:31
2777,100,277700,09:05:31
2779,200,555800,09:05:31
2778,100,277800,09:05:31
2778,200,555600,09:05:30
2776,100,277600,09:05:30
2777,200,555400,09:05:30
2776,200,555200,09:05:30
2777,100,277700,09:05:30
2775,500,1387500,09:05:30
2776,300,832800,09:05:30
2779,100,277900,09:05:30
2778,100,277800,09:05:30
2777,100,277700,09:05:30
2778,200,555600,09:05:30
2777,100,277700,09:05:29
2778,200,555600,09:05:29
2778,200,555600,09:05:29
2774,700,1941800,09:05:29
2775,700,1942500,09:05:29
2776,500,1388000,09:05:29
2777,400,1110800,09:05:29
2779,100,277900,09:05:29
2777,100,277700,09:05:29
2778,300,833400,09:05:29
2780,500,1390000,09:05:29
2779,200,555800,09:05:29
2778,200,555600,09:05:29
2778,100,277800,09:05:28
2779,100,277900,09:05:28
2777,100,277700,09:05:28
2778,100,277800,09:05:28
2780,600,1668000,09:05:28
2779,100,277900,09:05:28
2779,300,833700,09:05:28
2776,200,555200,09:05:28
2777,300,833100,09:05:28
2777,100,277700,09:05:28
2778,100,277800,09:05:28
2780,300,834000,09:05:28
2779,100,277900,09:05:28
2777,100,277700,09:05:27
2779,100,277900,09:05:27
2777,100,277700,09:05:27
2780,500,1390000,09:05:27
2779,200,555800,09:05:27
2779,200,555800,09:05:27
2777,200,555400,09:05:27
2777,400,1110800,09:05:27
2779,200,555800,09:05:27
2781,100,278100,09:05:27
2779,100,277900,09:05:27
2782,100,278200,09:05:26
2780,100,278000,09:05:26
2781,100,278100,09:05:26
2783,100,278300,09:05:26
2781,100,278100,09:05:26
2782,100,278200,09:05:25
2781,300,834300,09:05:25
2781,100,278100,09:05:25
2781,100,278100,09:05:25
2783,100,278300,09:05:25
2782,100,278200,09:05:25
2783,100,278300,09:05:25
2784,100,278400,09:05:25
2784,300,835200,09:05:25
2783,100,278300,09:05:25
2783,100,278300,09:05:25
2782,100,278200,09:05:25
2784,400,1113600,09:05:25
2783,200,556600,09:05:25
2783,100,278300,09:05:25
2783,100,278300,09:05:25
2784,100,278400,09:05:25
2783,100,278300,09:05:24
2784,100,278400,09:05:24
2784,100,278400,09:05:24
2783,100,278300,09:05:24
2783,100,278300,09:05:24
2783,100,278300,09:05:24
2783,100,278300,09:05:24
2783,100,278300,09:05:24
2783,200,556600,09:05:24
2783,100,278300,09:05:24
2783,100,278300,09:05:24
2783,100,278300,09:05:24
2785,200,557000,09:05:24
2784,100,278400,09:05:24
2783,200,556600,09:05:24
2783,100,278300,09:05:24
2783,200,556600,09:05:24
2783,100,278300,09:05:24
2784,100,278400,09:05:24
2784,100,278400,09:05:24
2784,100,278400,09:05:24
2783,100,278300,09:05:24
2783,100,278300,09:05:24
2780,100,278000,09:05:24
2781,200,556200,09:05:24
2778,100,277800,09:05:24
2780,200,556000,09:05:24
2785,300,835500,09:05:24
2782,300,834600,09:05:24
2780,100,278000,09:05:24
2780,100,278000,09:05:24
2781,100,278100,09:05:24
2775,200,555000,09:05:24
2776,1000,2776000,09:05:24
2777,800,2221600,09:05:24
2778,1500,4167000,09:05:24
2779,900,2501100,09:05:24
2780,300,834000,09:05:24
2779,200,555800,09:05:24
2779,100,277900,09:05:24
2779,300,833700,09:05:24
2780,8400,23352000,09:05:24
2780,500,1390000,09:05:24
2780,4900,13622000,09:05:24
2780,100,278000,09:05:24
2780,13100,36418000,09:05:24
2781,1100,3059100,09:05:24
2782,2100,5842200,09:05:24
2783,1100,3061300,09:05:24
2784,1500,4176000,09:05:24
2785,2500,6962500,09:05:24
2786,3300,9193800,09:05:24
2787,1800,5016600,09:05:24
2788,2700,7527600,09:05:24
2789,1000,2789000,09:05:24
2790,4500,12555000,09:05:24
2791,900,2511900,09:05:24
2792,200,558400,09:05:24
2793,300,837900,09:05:24
2794,100,279400,09:05:24
2793,200,558600,09:05:24
2794,200,558800,09:05:23
2793,100,279300,09:05:23
2791,100,279100,09:05:23
2791,100,279100,09:05:23
2791,100,279100,09:05:23
2793,100,279300,09:05:23
2792,100,279200,09:05:23
2793,300,837900,09:05:23
2792,200,558400,09:05:23
2790,100,279000,09:05:22
2790,100,279000,09:05:22
2790,100,279000,09:05:22
2791,100,279100,09:05:22
2790,800,2232000,09:05:22
2791,200,558200,09:05:22
2791,200,558200,09:05:22
2791,200,558200,09:05:22
2792,200,558400,09:05:22
2793,100,279300,09:05:22
2793,100,279300,09:05:22
2792,100,279200,09:05:22
2792,200,558400,09:05:22
2793,1100,3072300,09:05:22
2794,200,558800,09:05:22
2795,100,279500,09:05:22
2795,100,279500,09:05:22
2795,400,1118000,09:05:22
2792,100,279200,09:05:22
2792,100,279200,09:05:22
2796,100,279600,09:05:21
2795,400,1118000,09:05:21
2791,100,279100,09:05:21
2792,500,1396000,09:05:21
2792,100,279200,09:05:21
2793,200,558600,09:05:21
2793,100,279300,09:05:21
2793,100,279300,09:05:21
2794,100,279400,09:05:21
2791,100,279100,09:05:21
2792,400,1116800,09:05:21
2794,100,279400,09:05:21
2795,100,279500,09:05:21
2795,200,559000,09:05:21
2795,100,279500,09:05:21
2796,300,838800,09:05:21
2793,100,279300,09:05:20
2793,400,1117200,09:05:20
2794,500,1397000,09:05:20
2795,100,279500,09:05:20
2797,100,279700,09:05:20
2796,100,279600,09:05:20
2796,100,279600,09:05:20
2796,200,559200,09:05:19
2797,200,559400,09:05:19
2796,100,279600,09:05:19
2797,100,279700,09:05:19
2797,100,279700,09:05:19
2797,400,1118800,09:05:19
2796,100,279600,09:05:19
2794,100,279400,09:05:19
2795,100,279500,09:05:18
2797,500,1398500,09:05:18
2795,300,838500,09:05:18
2796,100,279600,09:05:18
2797,300,839100,09:05:18
2797,100,279700,09:05:18
2799,100,279900,09:05:17
2798,200,559600,09:05:17
2798,100,279800,09:05:17
2798,100,279800,09:05:17
2799,100,279900,09:05:17
2799,100,279900,09:05:17
2800,100,280000,09:05:17
2800,100,280000,09:05:17
2800,300,840000,09:05:17
2800,100,280000,09:05:17
2801,100,280100,09:05:17
2802,400,1120800,09:05:16
2799,100,279900,09:05:16
2800,400,1120000,09:05:16
2800,100,280000,09:05:16
2801,100,280100,09:05:16
2803,300,840900,09:05:15
2801,100,280100,09:05:15
2799,300,839700,09:05:15
2800,500,1400000,09:05:15
2800,100,280000,09:05:15
2800,100,280000,09:05:15
2799,200,559800,09:05:15
2800,500,1400000,09:05:15
2801,300,840300,09:05:15
2803,100,280300,09:05:14
2802,800,2241600,09:05:14
2800,100,280000,09:05:14
2800,100,280000,09:05:14
2802,200,560400,09:05:14
2800,900,2520000,09:05:14
2799,100,279900,09:05:14
2799,100,279900,09:05:13
2799,100,279900,09:05:13
2798,200,559600,09:05:13
2798,100,279800,09:05:13
2798,100,279800,09:05:13
2800,100,280000,09:05:13
2798,100,279800,09:05:13
2799,200,559800,09:05:13
2798,500,1399000,09:05:13
2797,200,559400,09:05:13
2796,500,1398000,09:05:13
2796,100,279600,09:05:13
2797,100,279700,09:05:12
2797,100,279700,09:05:12
2800,100,280000,09:05:12
2799,1300,3638700,09:05:12
2799,100,279900,09:05:12
2797,100,279700,09:05:12
2796,200,559200,09:05:12
2798,100,279800,09:05:12
2797,100,279700,09:05:12
2798,200,559600,09:05:12
2796,100,279600,09:05:12
2798,100,279800,09:05:12
2796,100,279600,09:05:12
2796,200,559200,09:05:12
2796,100,279600,09:05:12
2796,200,559200,09:05:12
2796,200,559200,09:05:12
2797,100,279700,09:05:12
2795,200,559000,09:05:12
2796,300,838800,09:05:12
2796,200,559200,09:05:12
2797,100,279700,09:05:12
2797,100,279700,09:05:12
2796,100,279600,09:05:12
2798,300,839400,09:05:12
2798,100,279800,09:05:12
2796,200,559200,09:05:12
2796,100,279600,09:05:12
2796,100,279600,09:05:12
2796,200,559200,09:05:12
2797,200,559400,09:05:12
2797,100,279700,09:05:12
2798,100,279800,09:05:12
2798,100,279800,09:05:12
2798,100,279800,09:05:12
2798,200,559600,09:05:12
2799,100,279900,09:05:12
2797,100,279700,09:05:12
2800,300,840000,09:05:12
2796,200,559200,09:05:12
2797,100,279700,09:05:12
2798,100,279800,09:05:12
2797,100,279700,09:05:12
2800,500,1400000,09:05:12
2796,100,279600,09:05:12
2797,400,1118800,09:05:12
2797,100,279700,09:05:12
2798,100,279800,09:05:12
2798,100,279800,09:05:12
2797,200,559400,09:05:12
2799,100,279900,09:05:12
2798,200,559600,09:05:11
2798,100,279800,09:05:11
2798,100,279800,09:05:11
2798,100,279800,09:05:11
2798,100,279800,09:05:11
2797,100,279700,09:05:11
2797,100,279700,09:05:11
2797,100,279700,09:05:11
2797,100,279700,09:05:11
2797,100,279700,09:05:11
2798,100,279800,09:05:11
2798,600,1678800,09:05:11
2799,700,1959300,09:05:11
2800,13900,38920000,09:05:11
2800,200,560000,09:05:11
2800,600,1680000,09:05:11
2800,5800,16240000,09:05:11
2800,100,280000,09:05:11
2800,600,1680000,09:05:11
2800,600,1680000,09:05:11
2801,6300,17646300,09:05:11
2802,100,280200,09:05:11
2802,100,280200,09:05:11
2802,100,280200,09:05:11
2802,100,280200,09:05:11
2802,200,560400,09:05:11
2802,100,280200,09:05:11
2802,100,280200,09:05:11
2802,100,280200,09:05:11
2803,100,280300,09:05:11
2803,100,280300,09:05:10
2804,500,1402000,09:05:10
2804,400,1121600,09:05:10
2804,200,560800,09:05:10
2805,200,561000,09:05:10
2803,100,280300,09:05:10
2805,100,280500,09:05:10
2804,100,280400,09:05:10
2801,300,840300,09:05:10
2802,400,1120800,09:05:10
2802,200,560400,09:05:10
2803,400,1121200,09:05:10
2803,900,2522700,09:05:10
2804,100,280400,09:05:10
2803,100,280300,09:05:10
2804,800,2243200,09:05:10
2804,300,841200,09:05:10
2804,100,280400,09:05:10
2805,2200,6171000,09:05:10
2806,100,280600,09:05:10
2806,100,280600,09:05:10
2807,500,1403500,09:05:09
2808,300,842400,09:05:09
2808,400,1123200,09:05:09
2809,1300,3651700,09:05:09
2810,1800,5058000,09:05:09
2811,1300,3654300,09:05:09
2812,600,1687200,09:05:09
2813,100,281300,09:05:09
2814,100,281400,09:05:09
2814,100,281400,09:05:09
2813,100,281300,09:05:09
2812,100,281200,09:05:09
2814,100,281400,09:05:09
2812,100,281200,09:05:09
2810,300,843000,09:05:09
2810,100,281000,09:05:09
2811,100,281100,09:05:09
2812,100,281200,09:05:09
2812,100,281200,09:05:09
2812,100,281200,09:05:09
2813,100,281300,09:05:09
2813,200,562600,09:05:09
2814,100,281400,09:05:09
2813,200,562600,09:05:09
2815,100,281500,09:05:09
2814,300,844200,09:05:09
2813,300,843900,09:05:08
2812,100,281200,09:05:08
2811,100,281100,09:05:08
2810,100,281000,09:05:08
2812,300,843600,09:05:08
2810,200,562000,09:05:08
2809,700,1966300,09:05:08
2811,100,281100,09:05:08
2810,3500,9835000,09:05:08
2810,100,281000,09:05:08
2810,500,1405000,09:05:08
2810,500,1405000,09:05:08
2811,100,281100,09:05:08
2811,100,281100,09:05:08
2811,800,2248800,09:05:08
2812,100,281200,09:05:08
2812,100,281200,09:05:08
2813,300,843900,09:05:08
2812,300,843600,09:05:08
2812,200,562400,09:05:08
2812,100,281200,09:05:08
2812,200,562400,09:05:08
2812,200,562400,09:05:08
2810,900,2529000,09:05:08
2810,500,1405000,09:05:08
2811,500,1405500,09:05:08
2810,100,281000,09:05:08
2811,1900,5340900,09:05:08
2812,100,281200,09:05:08
2813,200,562600,09:05:08
2813,400,1125200,09:05:08
2814,100,281400,09:05:08
2815,100,281500,09:05:08
2814,100,281400,09:05:08
2816,100,281600,09:05:08
2815,100,281500,09:05:08
2814,100,281400,09:05:08
2814,3100,8723400,09:05:08
2814,500,1407000,09:05:08
2815,200,563000,09:05:08
2817,100,281700,09:05:08
2815,3000,8445000,09:05:08
2816,100,281600,09:05:08
2817,100,281700,09:05:07
2815,100,281500,09:05:07
2815,200,563000,09:05:07
2817,100,281700,09:05:07
2817,200,563400,09:05:07
2816,100,281600,09:05:07
2817,100,281700,09:05:07
2815,100,281500,09:05:07
2816,900,2534400,09:05:07
2816,100,281600,09:05:07
2817,100,281700,09:05:07
2817,100,281700,09:05:07
2817,400,1126800,09:05:07
2818,600,1690800,09:05:07
2818,100,281800,09:05:07
2818,1100,3099800,09:05:07
2819,400,1127600,09:05:07
2821,200,564200,09:05:07
2820,11700,32994000,09:05:07
2821,300,846300,09:05:07
2822,100,282200,09:05:07
2822,200,564400,09:05:07
2823,100,282300,09:05:06
2824,300,847200,09:05:05
2825,100,282500,09:05:05
2826,100,282600,09:05:05
2825,100,282500,09:05:05
2822,1700,4797400,09:05:05
2823,700,1976100,09:05:05
2824,500,1412000,09:05:05
2825,500,1412500,09:05:05
2825,200,565000,09:05:04
2826,200,565200,09:05:04
2825,300,847500,09:05:02
2825,100,282500,09:05:02
2824,800,2259200,09:05:02
2825,100,282500,09:05:02
2827,100,282700,09:05:02
2826,100,282600,09:05:01
2825,100,282500,09:05:01
2825,100,282500,09:05:01
2825,100,282500,09:05:01
2825,100,282500,09:05:01
2825,100,282500,09:05:01
2827,100,282700,09:05:00
2824,900,2541600,09:04:59
2825,400,1130000,09:04:59
2826,500,1413000,09:04:59
2826,100,282600,09:04:59
2827,200,565400,09:04:59
2827,100,282700,09:04:58
2826,400,1130400,09:04:57
2825,200,565000,09:04:57
2826,100,282600,09:04:56
2825,100,282500,09:04:56
2827,500,1413500,09:04:55
2826,100,282600,09:04:55
2824,100,282400,09:04:55
2824,100,282400,09:04:53
2823,200,564600,09:04:53
2824,100,282400,09:04:52
2823,100,282300,09:04:52
2824,200,564800,09:04:52
2826,100,282600,09:04:52
2824,200,564800,09:04:52
2823,100,282300,09:04:51
2820,100,282000,09:04:51
2821,300,846300,09:04:51
2822,300,846600,09:04:50
2822,300,846600,09:04:50
2821,100,282100,09:04:50
2820,300,846000,09:04:50
2821,100,282100,09:04:50
2821,200,564200,09:04:50
2822,100,282200,09:04:50
2823,100,282300,09:04:50
2823,400,1129200,09:04:50
2822,100,282200,09:04:50
2820,100,282000,09:04:49
2822,100,282200,09:04:49
2822,600,1693200,09:04:49
2822,400,1128800,09:04:49
2822,200,564400,09:04:49
2822,100,282200,09:04:48
2823,100,282300,09:04:48
2823,200,564600,09:04:48
2822,400,1128800,09:04:48
2822,300,846600,09:04:48
2820,500,1410000,09:04:48
2820,100,282000,09:04:48
2821,1300,3667300,09:04:48
2822,100,282200,09:04:48
2822,1000,2822000,09:04:48
2823,600,1693800,09:04:48
2824,3200,9036800,09:04:48
2825,1000,2825000,09:04:48
2826,200,565200,09:04:48
2827,100,282700,09:04:48
2826,100,282600,09:04:48
2827,400,1130800,09:04:48
2825,300,847500,09:04:47
2826,300,847800,09:04:47
2827,200,565400,09:04:47
2828,100,282800,09:04:47
2828,100,282800,09:04:47
2828,600,1696800,09:04:46
2829,600,1697400,09:04:46
2831,100,283100,09:04:46
2830,100,283000,09:04:45
2830,100,283000,09:04:45
2831,100,283100,09:04:44
2831,400,1132400,09:04:44
2830,100,283000,09:04:44
2829,300,848700,09:04:44
2828,100,282800,09:04:43
2828,300,848400,09:04:43
2829,400,1131600,09:04:43
2829,200,565800,09:04:43
2830,100,283000,09:04:42
2829,100,282900,09:04:42
2829,100,282900,09:04:42
2828,100,282800,09:04:41
2829,200,565800,09:04:41
2826,100,282600,09:04:41
2827,1200,3392400,09:04:41
2831,100,283100,09:04:40
2831,500,1415500,09:04:40
2833,200,566600,09:04:39
2832,300,849600,09:04:39
2831,800,2264800,09:04:39
2830,400,1132000,09:04:39
2828,500,1414000,09:04:39
2829,700,1980300,09:04:39
2829,100,282900,09:04:39
2830,100,283000,09:04:39
2830,800,2264000,09:04:39
2831,1200,3397200,09:04:39
2832,300,849600,09:04:39
2832,100,283200,09:04:39
2833,100,283300,09:04:39
2833,600,1699800,09:04:39
2834,100,283400,09:04:39
2835,1400,3969000,09:04:39
2836,100,283600,09:04:39
2837,100,283700,09:04:38
2837,400,1134800,09:04:38
2839,100,283900,09:04:38
2840,1400,3976000,09:04:38
2841,2500,7102500,09:04:38
2842,200,568400,09:04:38
2843,100,284300,09:04:38
2844,200,568800,09:04:37
2844,100,284400,09:04:37
2843,800,2274400,09:04:37
2845,100,284500,09:04:37
2845,100,284500,09:04:36
2844,100,284400,09:04:35
2846,100,284600,09:04:35
2847,100,284700,09:04:35
2846,500,1423000,09:04:35
2846,100,284600,09:04:34
2844,300,853200,09:04:34
2846,100,284600,09:04:33
2846,100,284600,09:04:32
2847,100,284700,09:04:32
2848,100,284800,09:04:32
2847,2200,6263400,09:04:32
2847,100,284700,09:04:32
2847,600,1708200,09:04:32
2847,100,284700,09:04:32
2847,200,569400,09:04:32
2847,200,569400,09:04:32
2847,200,569400,09:04:32
2847,200,569400,09:04:32
2847,100,284700,09:04:32
2847,1500,4270500,09:04:32
2846,200,569200,09:04:32
2843,100,284300,09:04:31
2846,200,569200,09:04:30
2845,100,284500,09:04:30
2842,400,1136800,09:04:29
2843,1100,3127300,09:04:29
2844,500,1422000,09:04:29
2847,400,1138800,09:04:29
2847,700,1992900,09:04:29
2847,300,854100,09:04:28
2848,100,284800,09:04:28
2850,100,285000,09:04:28
2850,100,285000,09:04:28
2848,200,569600,09:04:28
2851,100,285100,09:04:28
2850,500,1425000,09:04:28
2849,100,284900,09:04:27
2848,200,569600,09:04:27
2850,400,1140000,09:04:27
2851,300,855300,09:04:27
2852,200,570400,09:04:27
2852,100,285200,09:04:27
2851,100,285100,09:04:26
2849,100,284900,09:04:26
2849,200,569800,09:04:26
2852,100,285200,09:04:25
2851,400,1140400,09:04:25
2850,100,285000,09:04:25
2846,100,284600,09:04:25
2845,300,853500,09:04:25
2846,1700,4838200,09:04:25
2847,900,2562300,09:04:25
2848,100,284800,09:04:25
2849,300,854700,09:04:25
2851,100,285100,09:04:25
2850,200,570000,09:04:25
2848,100,284800,09:04:25
2847,300,854100,09:04:24
2848,100,284800,09:04:24
2848,100,284800,09:04:24
2844,100,284400,09:04:22
2845,500,1422500,09:04:22
2846,100,284600,09:04:21
2846,300,853800,09:04:21
2847,300,854100,09:04:20
2846,100,284600,09:04:20
2846,200,569200,09:04:20
2847,500,1423500,09:04:20
2849,100,284900,09:04:20
2848,100,284800,09:04:20
2848,100,284800,09:04:20
2847,200,569400,09:04:20
2845,300,853500,09:04:20
2844,400,1137600,09:04:20
2843,100,284300,09:04:19
2843,100,284300,09:04:19
2843,200,568600,09:04:18
2840,100,284000,09:04:17
2840,100,284000,09:04:16
2836,100,283600,09:04:15
2835,200,567000,09:04:13
2837,200,567400,09:04:13
2837,100,283700,09:04:13
2835,200,567000,09:04:13
2833,500,1416500,09:04:13
2834,100,283400,09:04:13
2834,200,566800,09:04:12
2835,300,850500,09:04:12
2837,200,567400,09:04:12
2837,100,283700,09:04:12
2837,100,283700,09:04:12
2837,300,851100,09:04:12
2837,200,567400,09:04:12
2837,100,283700,09:04:12
2837,100,283700,09:04:12
2838,100,283800,09:04:12
2838,100,283800,09:04:12
2837,3900,11064300,09:04:12
2837,700,1985900,09:04:12
2837,1000,2837000,09:04:12
2836,500,1418000,09:04:12
2835,400,1134000,09:04:12
2834,400,1133600,09:04:12
2831,500,1415500,09:04:11
2832,300,849600,09:04:11
2835,100,283500,09:04:11
2832,100,283200,09:04:10
2833,100,283300,09:04:10
2836,100,283600,09:04:10
2835,400,1134000,09:04:10
2836,100,283600,09:04:09
2835,700,1984500,09:04:09
2834,200,566800,09:04:09
2831,300,849300,09:04:09
2832,400,1132800,09:04:09
2831,100,283100,09:04:09
2830,400,1132000,09:04:09
2830,400,1132000,09:04:09
2830,200,566000,09:04:09
2831,100,283100,09:04:09
2831,100,283100,09:04:09
2832,1300,3681600,09:04:09
2832,200,566400,09:04:09
2832,100,283200,09:04:09
2833,100,283300,09:04:08
2834,100,283400,09:04:08
2833,200,566600,09:04:07
2835,100,283500,09:04:06
2836,300,850800,09:04:06
2835,200,567000,09:04:06
2834,300,850200,09:04:06
2832,100,283200,09:04:06
2832,100,283200,09:04:06
2833,100,283300,09:04:06
2833,100,283300,09:04:06
2835,600,1701000,09:04:06
2836,200,567200,09:04:06
2839,200,567800,09:04:06
2837,100,283700,09:04:05
2837,200,567400,09:04:05
2838,200,567600,09:04:05
2842,800,2273600,09:04:04
2842,100,284200,09:04:04
2842,100,284200,09:04:04
2841,100,284100,09:04:04
2840,100,284000,09:04:04
2839,100,283900,09:04:04
2840,100,284000,09:04:04
2839,100,283900,09:04:03
2839,200,567800,09:04:03
2839,300,851700,09:04:03
2841,100,284100,09:04:03
2840,100,284000,09:04:03
2840,200,568000,09:04:03
2840,100,284000,09:04:03
2840,200,568000,09:04:03
2840,600,1704000,09:04:03
2841,400,1136400,09:04:03
2841,100,284100,09:04:03
2841,200,568200,09:04:03
2843,100,284300,09:04:02
2842,100,284200,09:04:02
2844,200,568800,09:04:01
2845,300,853500,09:04:01
2844,300,853200,09:04:01
2843,100,284300,09:04:01
2845,400,1138000,09:04:00
2844,500,1422000,09:04:00
2846,300,853800,09:03:59
2846,100,284600,09:03:59
2848,200,569600,09:03:59
2847,300,854100,09:03:59
2844,200,568800,09:03:59
2843,200,568600,09:03:58
2843,100,284300,09:03:58
2845,100,284500,09:03:58
2844,100,284400,09:03:58
2846,100,284600,09:03:58
2844,300,853200,09:03:57
2844,800,2275200,09:03:57
2844,300,853200,09:03:57
2845,400,1138000,09:03:57
2846,200,569200,09:03:57
2847,300,854100,09:03:57
2847,200,569400,09:03:57
2848,200,569600,09:03:57
2851,300,855300,09:03:56
2851,200,570200,09:03:56
2852,700,1996400,09:03:56
2850,100,285000,09:03:56
2850,100,285000,09:03:56
2851,900,2565900,09:03:56
2850,100,285000,09:03:56
2849,100,284900,09:03:56
2850,100,285000,09:03:56
2849,200,569800,09:03:56
2849,100,284900,09:03:56
2850,900,2565000,09:03:56
2851,100,285100,09:03:56
2852,300,855600,09:03:56
2853,100,285300,09:03:55
2854,200,570800,09:03:55
2854,100,285400,09:03:55
2853,200,570600,09:03:55
2854,100,285400,09:03:55
2856,100,285600,09:03:55
2854,100,285400,09:03:54
2855,100,285500,09:03:54
2855,100,285500,09:03:54
2856,100,285600,09:03:54
2856,100,285600,09:03:54
2855,200,571000,09:03:54
2855,100,285500,09:03:54
2856,100,285600,09:03:54
2857,2100,5999700,09:03:54
2858,200,571600,09:03:53
2859,100,285900,09:03:53
2860,800,2288000,09:03:53
2860,100,286000,09:03:53
2860,100,286000,09:03:53
2860,200,572000,09:03:53
2860,100,286000,09:03:53
2860,100,286000,09:03:53
2860,100,286000,09:03:53
2859,200,571800,09:03:53
2858,400,1143200,09:03:53
2857,1600,4571200,09:03:53
2856,400,1142400,09:03:53
2855,300,856500,09:03:53
2854,100,285400,09:03:53
2853,400,1141200,09:03:52
2852,100,285200,09:03:52
2852,100,285200,09:03:52
2852,200,570400,09:03:52
2852,200,570400,09:03:52
2850,100,285000,09:03:52
2851,400,1140400,09:03:52
2852,300,855600,09:03:51
2853,200,570600,09:03:51
2853,200,570600,09:03:51
2854,300,856200,09:03:51
2856,300,856800,09:03:51
2856,700,1999200,09:03:51
2857,100,285700,09:03:51
2856,100,285600,09:03:51
2856,100,285600,09:03:51
2857,100,285700,09:03:51
2856,100,285600,09:03:51
2856,100,285600,09:03:51
2856,100,285600,09:03:51
2856,200,571200,09:03:51
2856,100,285600,09:03:51
2860,500,1430000,09:03:51
2859,400,1143600,09:03:51
2858,200,571600,09:03:51
2857,300,857100,09:03:51
2856,500,1428000,09:03:50
2855,200,571000,09:03:50
2854,100,285400,09:03:50
2854,100,285400,09:03:50
2857,100,285700,09:03:50
2855,200,571000,09:03:50
2856,400,1142400,09:03:50
2858,500,1429000,09:03:50
2856,100,285600,09:03:49
2858,100,285800,09:03:49
2857,200,571400,09:03:49
2857,100,285700,09:03:49
2857,100,285700,09:03:49
2857,100,285700,09:03:49
2857,100,285700,09:03:49
2858,200,571600,09:03:49
2857,100,285700,09:03:49
2857,100,285700,09:03:49
2856,100,285600,09:03:49
2856,100,285600,09:03:49
2854,300,856200,09:03:48
2855,200,571000,09:03:48
2855,300,856500,09:03:48
2855,300,856500,09:03:48
2853,100,285300,09:03:48
2853,100,285300,09:03:48
2854,1100,3139400,09:03:48
2855,200,571000,09:03:48
2856,200,571200,09:03:48
2861,1900,5435900,09:03:48
2860,2200,6292000,09:03:48
2859,1400,4002600,09:03:48
2858,1100,3143800,09:03:48
2857,600,1714200,09:03:48
2856,800,2284800,09:03:48
2855,800,2284000,09:03:48
2854,700,1997800,09:03:48
2853,100,285300,09:03:48
2854,100,285400,09:03:48
2854,100,285400,09:03:48
2856,100,285600,09:03:48
2853,100,285300,09:03:48
2855,100,285500,09:03:48
2853,100,285300,09:03:48
2853,100,285300,09:03:48
2855,100,285500,09:03:47
2853,100,285300,09:03:47
2855,200,571000,09:03:47
2855,200,571000,09:03:47
2854,400,1141600,09:03:47
2851,100,285100,09:03:47
2852,100,285200,09:03:46
2852,200,570400,09:03:46
2854,100,285400,09:03:46
2854,100,285400,09:03:46
2854,100,285400,09:03:46
2853,1300,3708900,09:03:46
2854,400,1141600,09:03:46
2854,100,285400,09:03:46
2855,200,571000,09:03:46
2855,100,285500,09:03:46
2854,2700,7705800,09:03:46
2853,200,570600,09:03:46
2851,100,285100,09:03:46
2850,1500,4275000,09:03:46
2849,100,284900,09:03:46
2847,200,569400,09:03:46
2849,100,284900,09:03:46
2848,600,1708800,09:03:46
2846,600,1707600,09:03:46
2844,300,853200,09:03:46
2843,100,284300,09:03:45
2844,100,284400,09:03:45
2844,100,284400,09:03:45
2842,100,284200,09:03:45
2841,100,284100,09:03:44
2841,100,284100,09:03:44
2841,100,284100,09:03:44
2843,100,284300,09:03:43
2840,500,1420000,09:03:43
2841,500,1420500,09:03:43
2842,100,284200,09:03:43
2842,300,852600,09:03:43
2842,200,568400,09:03:43
2845,100,284500,09:03:43
2843,200,568600,09:03:43
2842,100,284200,09:03:42
2842,200,568400,09:03:42
2841,100,284100,09:03:42
2841,800,2272800,09:03:42
2841,100,284100,09:03:41
2841,300,852300,09:03:41
2840,500,1420000,09:03:41
2839,100,283900,09:03:41
2839,100,283900,09:03:41
2841,200,568200,09:03:41
2840,100,284000,09:03:40
2840,100,284000,09:03:40
2842,100,284200,09:03:40
2841,200,568200,09:03:40
2840,200,568000,09:03:39
2841,300,852300,09:03:39
2842,100,284200,09:03:39
2843,400,1137200,09:03:39
2844,200,568800,09:03:39
2846,100,284600,09:03:39
2843,100,284300,09:03:39
2845,300,853500,09:03:39
2844,700,1990800,09:03:39
2843,100,284300,09:03:38
2842,300,852600,09:03:38
2842,200,568400,09:03:38
2842,100,284200,09:03:38
2843,300,852900,09:03:38
2842,100,284200,09:03:38
2843,200,568600,09:03:38
2840,100,284000,09:03:38
2841,100,284100,09:03:38
2842,100,284200,09:03:38
2842,800,2273600,09:03:37
2843,200,568600,09:03:37
2844,100,284400,09:03:37
2842,300,852600,09:03:37
2840,700,1988000,09:03:37
2840,100,284000,09:03:37
2840,100,284000,09:03:37
2841,100,284100,09:03:37
2842,100,284200,09:03:37
2842,100,284200,09:03:37
2843,100,284300,09:03:37
2846,300,853800,09:03:37
2840,300,852000,09:03:37
2841,100,284100,09:03:37
2845,300,853500,09:03:37
2845,300,853500,09:03:37
2843,100,284300,09:03:37
2844,1600,4550400,09:03:37
2843,100,284300,09:03:37
2842,100,284200,09:03:37
2841,100,284100,09:03:37
2842,100,284200,09:03:37
2841,200,568200,09:03:37
2840,1100,3124000,09:03:37
2840,400,1136000,09:03:37
2839,14900,42301100,09:03:37
2839,400,1135600,09:03:37
2838,200,567600,09:03:37
2837,200,567400,09:03:37
2836,300,850800,09:03:37
2834,1700,4817800,09:03:37
2833,400,1133200,09:03:37
2832,100,283200,09:03:37
2832,100,283200,09:03:37
2832,800,2265600,09:03:37
2831,2400,6794400,09:03:37
2830,600,1698000,09:03:37
2828,1200,3393600,09:03:37
2829,600,1697400,09:03:37
2828,400,1131200,09:03:37
2827,400,1130800,09:03:37
2828,200,565600,09:03:37
2829,400,1131600,09:03:37
2828,1100,3110800,09:03:37
2827,200,565400,09:03:37
2826,100,282600,09:03:37
2827,200,565400,09:03:36
2826,100,282600,09:03:36
2827,100,282700,09:03:36
2826,200,565200,09:03:36
2825,100,282500,09:03:36
2824,100,282400,09:03:36
2824,100,282400,09:03:36
2823,100,282300,09:03:35
2824,100,282400,09:03:35
2824,100,282400,09:03:35
2823,100,282300,09:03:35
2823,200,564600,09:03:35
2823,100,282300,09:03:35
2824,400,1129600,09:03:34
2823,100,282300,09:03:34
2824,200,564800,09:03:34
2824,100,282400,09:03:33
2826,300,847800,09:03:33
2825,200,565000,09:03:33
2825,100,282500,09:03:33
2824,400,1129600,09:03:33
2823,300,846900,09:03:33
2824,100,282400,09:03:33
2824,100,282400,09:03:33
2827,100,282700,09:03:33
2824,200,564800,09:03:33
2825,700,1977500,09:03:33
2828,300,848400,09:03:32
2827,200,565400,09:03:32
2824,100,282400,09:03:32
2825,200,565000,09:03:32
2826,100,282600,09:03:32
2822,200,564400,09:03:32
2823,1000,2823000,09:03:32
2824,700,1976800,09:03:32
2825,1800,5085000,09:03:32
2826,1300,3673800,09:03:32
2828,100,282800,09:03:31
2827,100,282700,09:03:31
2828,100,282800,09:03:31
2829,100,282900,09:03:30
2829,200,565800,09:03:30
2830,200,566000,09:03:30
2830,100,283000,09:03:30
2834,100,283400,09:03:30
2833,400,1133200,09:03:30
2832,500,1416000,09:03:30
2831,300,849300,09:03:30
2830,100,283000,09:03:29
2828,200,565600,09:03:29
2826,200,565200,09:03:29
2827,400,1130800,09:03:29
2828,200,565600,09:03:29
2828,100,282800,09:03:29
2828,100,282800,09:03:29
2828,100,282800,09:03:29
2829,300,848700,09:03:28
2831,200,566200,09:03:28
2831,100,283100,09:03:27
2830,200,566000,09:03:27
2832,300,849600,09:03:26
2831,700,1981700,09:03:26
2830,300,849000,09:03:26
2831,200,566200,09:03:26
2831,200,566200,09:03:26
2833,100,283300,09:03:26
2836,100,283600,09:03:25
2833,200,566600,09:03:25
2834,500,1417000,09:03:25
2835,400,1134000,09:03:25
2836,400,1134400,09:03:25
2837,600,1702200,09:03:25
2834,600,1700400,09:03:25
2835,200,567000,09:03:25
2837,100,283700,09:03:25
2836,100,283600,09:03:25
2835,300,850500,09:03:24
2833,100,283300,09:03:24
2833,100,283300,09:03:23
2831,100,283100,09:03:22
2831,200,566200,09:03:22
2834,100,283400,09:03:22
2834,100,283400,09:03:22
2832,100,283200,09:03:22
2832,100,283200,09:03:22
2833,300,849900,09:03:22
2833,100,283300,09:03:22
2833,100,283300,09:03:22
2834,100,283400,09:03:22
2834,100,283400,09:03:22
2834,100,283400,09:03:22
2835,100,283500,09:03:22
2836,300,850800,09:03:22
2837,100,283700,09:03:22
2837,100,283700,09:03:21
2837,100,283700,09:03:21
2838,100,283800,09:03:21
2839,200,567800,09:03:21
2838,300,851400,09:03:20
2839,100,283900,09:03:20
2839,100,283900,09:03:19
2837,400,1134800,09:03:19
2836,100,283600,09:03:19
2836,100,283600,09:03:19
2836,100,283600,09:03:19
2837,100,283700,09:03:19
2838,100,283800,09:03:19
2840,100,284000,09:03:19
2837,200,567400,09:03:18
2840,200,568000,09:03:18
2839,100,283900,09:03:18
2839,100,283900,09:03:18
2840,700,1988000,09:03:17
2839,400,1135600,09:03:17
2837,500,1418500,09:03:17
2836,300,850800,09:03:17
2835,100,283500,09:03:17
2836,500,1418000,09:03:17
2835,400,1134000,09:03:17
2835,600,1701000,09:03:17
2835,200,567000,09:03:17
2835,300,850500,09:03:17
2836,100,283600,09:03:17
2837,400,1134800,09:03:17
2838,500,1419000,09:03:17
2839,500,1419500,09:03:17
2841,100,284100,09:03:17
2840,100,284000,09:03:17
2840,100,284000,09:03:17
2840,100,284000,09:03:17
2839,200,567800,09:03:17
2840,600,1704000,09:03:17
2842,500,1421000,09:03:17
2841,200,568200,09:03:17
2839,100,283900,09:03:17
2840,300,852000,09:03:17
2838,100,283800,09:03:17
2840,100,284000,09:03:17
2839,100,283900,09:03:16
2838,300,851400,09:03:16
2839,100,283900,09:03:16
2838,200,567600,09:03:16
2837,100,283700,09:03:16
2837,100,283700,09:03:16
2836,100,283600,09:03:16
2836,500,1418000,09:03:16
2834,100,283400,09:03:16
2835,800,2268000,09:03:16
2833,100,283300,09:03:16
2834,1600,4534400,09:03:16
2832,100,283200,09:03:16
2833,200,566600,09:03:16
2832,100,283200,09:03:16
2832,100,283200,09:03:16
2831,100,283100,09:03:15
2832,500,1416000,09:03:15
2832,100,283200,09:03:15
2833,100,283300,09:03:15
2831,200,566200,09:03:15
2832,200,566400,09:03:15
2831,300,849300,09:03:14
2832,300,849600,09:03:14
2832,800,2265600,09:03:14
2831,200,566200,09:03:14
2831,400,1132400,09:03:14
2830,400,1132000,09:03:14
2827,100,282700,09:03:14
2829,200,565800,09:03:13
2826,700,1978200,09:03:13
2827,300,848100,09:03:13
2827,200,565400,09:03:13
2826,600,1695600,09:03:11
2827,200,565400,09:03:11
2828,100,282800,09:03:11
2828,300,848400,09:03:11
2828,100,282800,09:03:11
2828,200,565600,09:03:11
2829,100,282900,09:03:11
2828,100,282800,09:03:10
2828,100,282800,09:03:10
2827,400,1130800,09:03:10
2828,400,1131200,09:03:10
2829,100,282900,09:03:10
2829,100,282900,09:03:10
2830,100,283000,09:03:10
2829,500,1414500,09:03:10
2827,100,282700,09:03:09
2828,100,282800,09:03:08
2828,100,282800,09:03:08
2827,100,282700,09:03:08
2826,2300,6499800,09:03:08
2825,300,847500,09:03:08
2823,100,282300,09:03:07
2823,100,282300,09:03:07
2826,300,847800,09:03:07
2825,300,847500,09:03:07
2826,400,1130400,09:03:07
2825,300,847500,09:03:07
2822,100,282200,09:03:07
2824,300,847200,09:03:06
2825,100,282500,09:03:06
2824,400,1129600,09:03:06
2824,100,282400,09:03:06
2822,200,564400,09:03:06
2825,300,847500,09:03:06
2822,300,846600,09:03:06
2821,400,1128400,09:03:06
2822,800,2257600,09:03:06
2823,200,564600,09:03:06
2824,200,564800,09:03:06
2825,100,282500,09:03:06
2824,500,1412000,09:03:06
2825,100,282500,09:03:06
2825,100,282500,09:03:06
2822,100,282200,09:03:06
2824,100,282400,09:03:06
2824,100,282400,09:03:06
2823,100,282300,09:03:06
2820,4900,13818000,09:03:06
2821,1100,3103100,09:03:06
2822,2100,5926200,09:03:06
2823,900,2540700,09:03:06
2824,200,564800,09:03:06
2825,700,1977500,09:03:06
2827,200,565400,09:03:05
2826,1000,2826000,09:03:05
2827,300,848100,09:03:05
2829,200,565800,09:03:05
2828,100,282800,09:03:05
2829,100,282900,09:03:05
2828,100,282800,09:03:05
2828,100,282800,09:03:05
2828,100,282800,09:03:05
2829,100,282900,09:03:04
2828,400,1131200,09:03:04
2829,500,1414500,09:03:04
2830,200,566000,09:03:04
2828,100,282800,09:03:03
2828,100,282800,09:03:03
2830,200,566000,09:03:03
2828,100,282800,09:03:03
2829,300,848700,09:03:03
2827,200,565400,09:03:03
2829,300,848700,09:03:02
2828,500,1414000,09:03:02
2826,100,282600,09:03:02
2826,400,1130400,09:03:02
2827,200,565400,09:03:02
2828,100,282800,09:03:01
2827,100,282700,09:03:01
2826,400,1130400,09:03:01
2823,200,564600,09:03:01
2824,300,847200,09:03:01
2826,100,282600,09:03:01
2824,100,282400,09:03:00
2825,200,565000,09:03:00
2822,200,564400,09:03:00
2824,100,282400,09:03:00
2823,300,846900,09:03:00
2822,100,282200,09:03:00
2820,100,282000,09:03:00
2822,100,282200,09:03:00
2822,100,282200,09:03:00
2822,400,1128800,09:03:00
2823,100,282300,09:03:00
2823,100,282300,09:03:00
2824,100,282400,09:03:00
2822,100,282200,09:03:00
2823,100,282300,09:03:00
2823,100,282300,09:03:00
2824,100,282400,09:03:00
2824,100,282400,09:03:00
2824,100,282400,09:03:00
2823,100,282300,09:03:00
2820,200,564000,09:03:00
2821,700,1974700,09:03:00
2824,300,847200,09:03:00
2821,1800,5077800,09:03:00
2822,100,282200,09:03:00
2823,400,1129200,09:03:00
2823,100,282300,09:03:00
2824,900,2541600,09:03:00
2825,400,1130000,09:03:00
2825,200,565000,09:03:00
2827,100,282700,09:03:00
2827,200,565400,09:02:59
2830,600,1698000,09:02:59
2829,400,1131600,09:02:59
2829,600,1697400,09:02:59
2828,400,1131200,09:02:59
2827,300,848100,09:02:59
2827,100,282700,09:02:58
2827,100,282700,09:02:57
2827,100,282700,09:02:57
2826,100,282600,09:02:56
2826,100,282600,09:02:56
2826,400,1130400,09:02:56
2827,100,282700,09:02:56
2827,100,282700,09:02:56
2827,100,282700,09:02:56
2827,100,282700,09:02:55
2826,100,282600,09:02:55
2827,100,282700,09:02:55
2827,100,282700,09:02:55
2828,400,1131200,09:02:55
2827,100,282700,09:02:55
2827,100,282700,09:02:55
2826,100,282600,09:02:55
2827,100,282700,09:02:55
2828,200,565600,09:02:55
2827,100,282700,09:02:55
2826,1600,4521600,09:02:55
2826,100,282600,09:02:55
2826,200,565200,09:02:55
2827,100,282700,09:02:54
2825,100,282500,09:02:54
2825,300,847500,09:02:54
2827,200,565400,09:02:54
2828,300,848400,09:02:54
2827,100,282700,09:02:54
2825,100,282500,09:02:54
2826,100,282600,09:02:54
2826,100,282600,09:02:54
2826,100,282600,09:02:54
2826,100,282600,09:02:54
2827,200,565400,09:02:54
2825,100,282500,09:02:54
2826,100,282600,09:02:54
2826,100,282600,09:02:54
2826,100,282600,09:02:54
2826,100,282600,09:02:54
2826,100,282600,09:02:54
2826,100,282600,09:02:54
2826,100,282600,09:02:54
2826,200,565200,09:02:54
2824,400,1129600,09:02:54
2825,200,565000,09:02:54
2826,300,847800,09:02:53
2825,100,282500,09:02:53
2824,500,1412000,09:02:53
2824,200,564800,09:02:53
2824,100,282400,09:02:53
2823,300,846900,09:02:53
2824,500,1412000,09:02:53
2825,200,565000,09:02:53
2826,300,847800,09:02:52
2825,300,847500,09:02:52
2825,100,282500,09:02:52
2823,100,282300,09:02:52
2823,200,564600,09:02:52
2824,400,1129600,09:02:52
2826,100,282600,09:02:52
2825,200,565000,09:02:52
2822,1200,3386400,09:02:51
2823,700,1976100,09:02:51
2824,100,282400,09:02:51
2824,100,282400,09:02:51
2826,100,282600,09:02:51
2825,100,282500,09:02:51
2825,100,282500,09:02:51
2823,100,282300,09:02:51
2823,100,282300,09:02:51
2823,300,846900,09:02:51
2824,300,847200,09:02:51
2825,200,565000,09:02:51
2827,100,282700,09:02:51
2827,100,282700,09:02:51
2826,100,282600,09:02:50
2826,200,565200,09:02:50
2824,100,282400,09:02:50
2825,300,847500,09:02:50
2823,300,846900,09:02:50
2824,300,847200,09:02:50
2824,100,282400,09:02:50
2824,200,564800,09:02:50
2825,100,282500,09:02:49
2827,100,282700,09:02:49
2826,100,282600,09:02:49
2824,300,847200,09:02:48
2825,100,282500,09:02:48
2825,100,282500,09:02:47
2825,100,282500,09:02:47
2825,100,282500,09:02:47
2825,200,565000,09:02:47
2828,100,282800,09:02:47
2827,300,848100,09:02:47
2826,300,847800,09:02:47
2824,100,282400,09:02:46
2824,100,282400,09:02:46
2825,100,282500,09:02:46
2825,700,1977500,09:02:46
2828,100,282800,09:02:46
2826,300,847800,09:02:45
2828,200,565600,09:02:45
2826,100,282600,09:02:45
2827,100,282700,09:02:45
2825,200,565000,09:02:45
2825,100,282500,09:02:44
2826,300,847800,09:02:44
2828,100,282800,09:02:44
2829,100,282900,09:02:44
2828,200,565600,09:02:44
2825,100,282500,09:02:44
2826,400,1130400,09:02:44
2825,100,282500,09:02:44
2826,900,2543400,09:02:44
2828,200,565600,09:02:44
2827,100,282700,09:02:44
2827,100,282700,09:02:44
2828,100,282800,09:02:43
2828,400,1131200,09:02:43
2829,100,282900,09:02:43
2830,3500,9905000,09:02:43
2831,200,566200,09:02:43
2831,300,849300,09:02:43
2834,400,1133600,09:02:43
2832,200,566400,09:02:43
2831,100,283100,09:02:43
2831,100,283100,09:02:43
2832,400,1132800,09:02:43
2832,200,566400,09:02:43
2833,100,283300,09:02:43
2832,100,283200,09:02:42
2832,200,566400,09:02:42
2832,300,849600,09:02:42
2833,100,283300,09:02:42
2833,100,283300,09:02:42
2832,100,283200,09:02:41
2832,100,283200,09:02:41
2832,300,849600,09:02:41
2833,200,566600,09:02:41
2835,100,283500,09:02:41
2832,100,283200,09:02:41
2833,100,283300,09:02:41
2835,100,283500,09:02:41
2833,100,283300,09:02:41
2834,100,283400,09:02:40
2835,100,283500,09:02:40
2834,300,850200,09:02:40
2835,100,283500,09:02:40
2835,100,283500,09:02:40
2835,100,283500,09:02:40
2835,100,283500,09:02:40
2835,100,283500,09:02:40
2835,300,850500,09:02:40
2832,100,283200,09:02:40
2832,300,849600,09:02:40
2832,100,283200,09:02:40
2833,100,283300,09:02:40
2832,600,1699200,09:02:40
2832,200,566400,09:02:40
2830,600,1698000,09:02:40
2831,1200,3397200,09:02:40
2832,200,566400,09:02:40
2832,100,283200,09:02:40
2832,100,283200,09:02:39
2833,100,283300,09:02:39
2834,100,283400,09:02:39
2835,200,567000,09:02:39
2834,100,283400,09:02:39
2833,300,849900,09:02:39
2836,100,283600,09:02:39
2835,400,1134000,09:02:39
2833,300,849900,09:02:38
2834,100,283400,09:02:38
2837,400,1134800,09:02:38
2836,200,567200,09:02:38
2833,200,566600,09:02:38
2834,100,283400,09:02:38
2834,200,566800,09:02:37
2835,100,283500,09:02:37
2836,100,283600,09:02:37
2835,100,283500,09:02:37
2835,300,850500,09:02:37
2832,1000,2832000,09:02:37
2833,900,2549700,09:02:37
2834,200,566800,09:02:37
2834,100,283400,09:02:37
2834,100,283400,09:02:37
2837,100,283700,09:02:37
2834,200,566800,09:02:37
2835,100,283500,09:02:37
2833,100,283300,09:02:37
2836,200,567200,09:02:36
2835,100,283500,09:02:36
2833,100,283300,09:02:36
2833,100,283300,09:02:36
2831,200,566200,09:02:36
2831,1900,5378900,09:02:36
2832,600,1699200,09:02:36
2833,1000,2833000,09:02:36
2834,100,283400,09:02:36
2833,300,849900,09:02:36
2834,400,1133600,09:02:36
2835,100,283500,09:02:36
2835,100,283500,09:02:36
2836,100,283600,09:02:36
2833,100,283300,09:02:36
2834,400,1133600,09:02:36
2834,100,283400,09:02:36
2835,100,283500,09:02:35
2835,100,283500,09:02:35
2836,100,283600,09:02:35
2836,100,283600,09:02:35
2834,100,283400,09:02:35
2835,100,283500,09:02:35
2835,200,567000,09:02:35
2836,300,850800,09:02:35
2835,100,283500,09:02:35
2835,200,567000,09:02:35
2836,100,283600,09:02:35
2836,100,283600,09:02:35
2836,100,283600,09:02:34
2837,100,283700,09:02:34
2839,100,283900,09:02:34
2840,100,284000,09:02:34
2839,400,1135600,09:02:34
2839,100,283900,09:02:34
2841,100,284100,09:02:34
2839,100,283900,09:02:34
2839,100,283900,09:02:34
2840,100,284000,09:02:34
2840,200,568000,09:02:34
2840,800,2272000,09:02:34
2839,100,283900,09:02:34
2839,300,851700,09:02:34
2837,200,567400,09:02:34
2837,100,283700,09:02:34
2839,1200,3406800,09:02:33
2838,100,283800,09:02:33
2837,200,567400,09:02:33
2837,100,283700,09:02:33
2838,200,567600,09:02:33
2837,100,283700,09:02:33
2836,100,283600,09:02:32
2838,100,283800,09:02:32
2837,100,283700,09:02:32
2834,200,566800,09:02:32
2835,300,850500,09:02:32
2836,200,567200,09:02:32
2837,100,283700,09:02:32
2836,100,283600,09:02:32
2836,100,283600,09:02:32
2837,100,283700,09:02:32
2837,100,283700,09:02:32
2838,100,283800,09:02:32
2835,500,1417500,09:02:32
2836,100,283600,09:02:32
2838,100,283800,09:02:32
2837,100,283700,09:02:32
2835,100,283500,09:02:32
2835,500,1417500,09:02:32
2835,300,850500,09:02:32
2835,1500,4252500,09:02:32
2835,100,283500,09:02:32
2838,300,851400,09:02:32
2836,800,2268800,09:02:32
2836,100,283600,09:02:32
2837,800,2269600,09:02:32
2837,100,283700,09:02:32
2838,1100,3121800,09:02:32
2838,100,283800,09:02:32
2838,100,283800,09:02:32
2838,100,283800,09:02:32
2840,1900,5396000,09:02:32
2840,100,284000,09:02:32
2840,300,852000,09:02:32
2840,100,284000,09:02:32
2841,300,852300,09:02:32
2842,100,284200,09:02:32
2842,100,284200,09:02:31
2840,200,568000,09:02:31
2840,200,568000,09:02:31
2840,100,284000,09:02:31
2840,100,284000,09:02:31
2840,200,568000,09:02:31
2841,100,284100,09:02:31
2841,100,284100,09:02:31
2841,100,284100,09:02:31
2842,100,284200,09:02:31
2842,100,284200,09:02:31
2840,100,284000,09:02:31
2840,200,568000,09:02:31
2841,100,284100,09:02:31
2840,1500,4260000,09:02:31
2841,400,1136400,09:02:31
2842,100,284200,09:02:31
2842,100,284200,09:02:31
2842,200,568400,09:02:31
2843,100,284300,09:02:31
2843,100,284300,09:02:31
2843,100,284300,09:02:31
2843,100,284300,09:02:31
2846,300,853800,09:02:30
2845,200,569000,09:02:30
2843,300,852900,09:02:30
2843,100,284300,09:02:30
2844,100,284400,09:02:30
2846,100,284600,09:02:30
2846,600,1707600,09:02:30
2845,300,853500,09:02:30
2842,100,284200,09:02:30
2843,200,568600,09:02:30
2845,300,853500,09:02:30
2842,700,1989400,09:02:29
2843,300,852900,09:02:29
2845,200,569000,09:02:29
2843,100,284300,09:02:29
2844,100,284400,09:02:29
2845,100,284500,09:02:29
2844,300,853200,09:02:29
2845,300,853500,09:02:29
2846,300,853800,09:02:28
2844,100,284400,09:02:28
2845,600,1707000,09:02:28
2847,100,284700,09:02:28
2846,200,569200,09:02:28
2847,300,854100,09:02:28
2847,700,1992900,09:02:28
2846,300,853800,09:02:28
2845,300,853500,09:02:28
2841,400,1136400,09:02:28
2842,400,1136800,09:02:28
2843,200,568600,09:02:28
2843,100,284300,09:02:27
2846,100,284600,09:02:27
2846,100,284600,09:02:27
2845,100,284500,09:02:27
2842,500,1421000,09:02:27
2843,300,852900,09:02:27
2844,300,853200,09:02:27
2844,200,568800,09:02:26
2846,200,569200,09:02:26
2845,200,569000,09:02:26
2844,200,568800,09:02:26
2843,100,284300,09:02:26
2844,200,568800,09:02:26
2846,100,284600,09:02:26
2845,100,284500,09:02:26
2847,100,284700,09:02:26
2846,100,284600,09:02:26
2846,100,284600,09:02:26
2845,100,284500,09:02:26
2846,400,1138400,09:02:25
2847,1500,4270500,09:02:25
2848,100,284800,09:02:25
2849,100,284900,09:02:25
2848,200,569600,09:02:25
2847,200,569400,09:02:25
2848,100,284800,09:02:25
2849,100,284900,09:02:25
2849,200,569800,09:02:25
2849,200,569800,09:02:25
2849,300,854700,09:02:25
2850,100,285000,09:02:25
2849,100,284900,09:02:25
2848,100,284800,09:02:25
2849,100,284900,09:02:25
2847,100,284700,09:02:25
2847,100,284700,09:02:25
2848,100,284800,09:02:25
2846,400,1138400,09:02:24
2847,400,1138800,09:02:24
2848,100,284800,09:02:24
2847,100,284700,09:02:24
2846,300,853800,09:02:24
2845,300,853500,09:02:24
2841,100,284100,09:02:24
2842,500,1421000,09:02:24
2843,400,1137200,09:02:24
2843,300,852900,09:02:24
2844,400,1137600,09:02:24
2845,200,569000,09:02:24
2845,100,284500,09:02:24
2846,200,569200,09:02:24
2847,100,284700,09:02:24
2848,200,569600,09:02:24
2848,200,569600,09:02:24
2845,100,284500,09:02:24
2845,300,853500,09:02:24
2845,100,284500,09:02:24
2846,100,284600,09:02:24
2846,200,569200,09:02:23
2846,400,1138400,09:02:23
2847,100,284700,09:02:23
2846,300,853800,09:02:23
2845,200,569000,09:02:23
2843,100,284300,09:02:23
2843,100,284300,09:02:23
2843,100,284300,09:02:23
2843,100,284300,09:02:23
2844,100,284400,09:02:23
2845,100,284500,09:02:23
2842,200,568400,09:02:23
2843,100,284300,09:02:23
2843,100,284300,09:02:23
2844,900,2559600,09:02:23
2843,100,284300,09:02:23
2841,100,284100,09:02:23
2841,100,284100,09:02:23
2842,500,1421000,09:02:23
2842,100,284200,09:02:23
2843,1300,3695900,09:02:23
2843,300,852900,09:02:23
2844,100,284400,09:02:23
2845,100,284500,09:02:23
2845,400,1138000,09:02:23
2846,300,853800,09:02:23
2846,100,284600,09:02:23
2847,200,569400,09:02:23
2846,100,284600,09:02:23
2847,1400,3985800,09:02:23
2848,400,1139200,09:02:23
2850,600,1710000,09:02:23
2849,200,569800,09:02:23
2846,100,284600,09:02:23
2846,100,284600,09:02:23
2847,100,284700,09:02:23
2848,300,854400,09:02:23
2848,100,284800,09:02:23
2850,1700,4845000,09:02:23
2850,200,570000,09:02:23
2850,7400,21090000,09:02:23
2850,4600,13110000,09:02:23
2850,1400,3990000,09:02:23
2850,100,285000,09:02:23
2850,1200,3420000,09:02:23
2851,5200,14825200,09:02:23
2852,300,855600,09:02:23
2853,700,1997100,09:02:23
2854,500,1427000,09:02:23
2855,100,285500,09:02:23
2854,100,285400,09:02:22
2856,400,1142400,09:02:22
2854,300,856200,09:02:22
2855,100,285500,09:02:22
2854,100,285400,09:02:22
2854,300,856200,09:02:22
2855,600,1713000,09:02:22
2856,600,1713600,09:02:22
2858,100,285800,09:02:21
2857,100,285700,09:02:21
2858,400,1143200,09:02:21
2859,100,285900,09:02:21
2859,300,857700,09:02:21
2861,100,286100,09:02:20
2861,300,858300,09:02:20
2860,200,572000,09:02:20
2859,100,285900,09:02:20
2861,3500,10013500,09:02:20
2860,200,572000,09:02:20
2860,100,286000,09:02:20
2861,200,572200,09:02:20
2861,800,2288800,09:02:20
2862,1300,3720600,09:02:20
2863,500,1431500,09:02:20
2865,200,573000,09:02:20
2863,300,858900,09:02:20
2862,100,286200,09:02:20
2861,100,286100,09:02:20
2862,300,858600,09:02:20
2863,100,286300,09:02:20
2862,100,286200,09:02:20
2862,100,286200,09:02:19
2861,300,858300,09:02:19
2862,200,572400,09:02:19
2862,100,286200,09:02:18
2863,300,858900,09:02:18
2860,100,286000,09:02:18
2861,100,286100,09:02:18
2861,100,286100,09:02:18
2862,100,286200,09:02:17
2862,100,286200,09:02:17
2860,900,2574000,09:02:17
2861,600,1716600,09:02:17
2862,200,572400,09:02:17
2862,100,286200,09:02:17
2865,100,286500,09:02:16
2862,800,2289600,09:02:16
2861,200,572200,09:02:16
2859,200,571800,09:02:16
2863,100,286300,09:02:14
2862,100,286200,09:02:14
2860,100,286000,09:02:14
2859,100,285900,09:02:14
2860,100,286000,09:02:14
2858,100,285800,09:02:14
2859,200,571800,09:02:14
2859,200,571800,09:02:14
2859,300,857700,09:02:14
2859,100,285900,09:02:14
2860,600,1716000,09:02:14
2861,100,286100,09:02:14
2862,200,572400,09:02:14
2864,200,572800,09:02:13
2865,100,286500,09:02:13
2866,400,1146400,09:02:13
2869,200,573800,09:02:13
2869,100,286900,09:02:13
2868,1100,3154800,09:02:13
2867,1100,3153700,09:02:13
2866,200,573200,09:02:13
2865,400,1146000,09:02:13
2864,300,859200,09:02:13
2862,100,286200,09:02:13
2862,100,286200,09:02:13
2860,1700,4862000,09:02:13
2861,700,2002700,09:02:13
2862,1200,3434400,09:02:13
2863,200,572600,09:02:13
2865,100,286500,09:02:12
2865,400,1146000,09:02:12
2866,200,573200,09:02:11
2867,200,573400,09:02:11
2867,100,286700,09:02:11
2869,200,573800,09:02:11
2867,200,573400,09:02:11
2868,200,573600,09:02:11
2869,600,1721400,09:02:10
2872,100,287200,09:02:10
2873,100,287300,09:02:10
2872,500,1436000,09:02:10
2871,200,574200,09:02:10
2868,200,573600,09:02:10
2866,100,286600,09:02:10
2866,100,286600,09:02:09
2866,1000,2866000,09:02:09
2863,100,286300,09:02:09
2865,100,286500,09:02:09
2863,100,286300,09:02:09
2865,100,286500,09:02:09
2865,100,286500,09:02:09
2867,200,573400,09:02:08
2869,100,286900,09:02:08
2868,400,1147200,09:02:08
2869,100,286900,09:02:08
2869,300,860700,09:02:08
2871,100,287100,09:02:08
2870,300,861000,09:02:08
2869,200,573800,09:02:08
2868,100,286800,09:02:08
2867,400,1146800,09:02:07
2866,100,286600,09:02:07
2865,600,1719000,09:02:07
2864,700,2004800,09:02:07
2862,200,572400,09:02:06
2864,100,286400,09:02:06
2865,100,286500,09:02:06
2866,300,859800,09:02:06
2866,200,573200,09:02:05
2867,400,1146800,09:02:05
2868,300,860400,09:02:05
2870,100,287000,09:02:04
2866,100,286600,09:02:04
2869,100,286900,09:02:04
2866,100,286600,09:02:04
2868,100,286800,09:02:04
2870,300,861000,09:02:04
2869,100,286900,09:02:04
2868,100,286800,09:02:04
2867,100,286700,09:02:04
2865,100,286500,09:02:04
2866,100,286600,09:02:04
2867,200,573400,09:02:04
2869,100,286900,09:02:03
2866,100,286600,09:02:03
2866,100,286600,09:02:03
2865,100,286500,09:02:02
2863,100,286300,09:02:02
2864,100,286400,09:02:02
2865,200,573000,09:02:02
2865,200,573000,09:02:02
2865,100,286500,09:02:01
2866,100,286600,09:02:01
2865,100,286500,09:02:01
2866,100,286600,09:02:01
2866,500,1433000,09:02:01
2869,100,286900,09:02:01
2867,100,286700,09:02:01
2867,100,286700,09:02:01
2866,500,1433000,09:02:01
2865,400,1146000,09:02:01
2864,400,1145600,09:02:01
2860,2700,7722000,09:02:01
2861,500,1430500,09:02:01
2863,600,1717800,09:02:01
2863,100,286300,09:02:01
2864,100,286400,09:02:01
2864,100,286400,09:02:00
2865,100,286500,09:02:00
2866,100,286600,09:02:00
2869,100,286900,09:02:00
2864,200,572800,09:01:59
2865,600,1719000,09:01:59
2866,300,859800,09:01:59
2865,200,573000,09:01:59
2866,100,286600,09:01:59
2867,100,286700,09:01:59
2866,200,573200,09:01:59
2865,100,286500,09:01:59
2865,200,573000,09:01:59
2865,200,573000,09:01:59
2865,200,573000,09:01:59
2866,200,573200,09:01:58
2867,600,1720200,09:01:58
2868,200,573600,09:01:58
2869,100,286900,09:01:58
2871,100,287100,09:01:58
2873,100,287300,09:01:57
2873,100,287300,09:01:56
2872,100,287200,09:01:56
2869,200,573800,09:01:56
2869,100,286900,09:01:56
2870,1000,2870000,09:01:56
2871,600,1722600,09:01:56
2871,100,287100,09:01:56
2872,400,1148800,09:01:56
2873,400,1149200,09:01:56
2873,100,287300,09:01:56
2874,5100,14657400,09:01:56
2874,100,287400,09:01:56
2875,200,575000,09:01:55
2876,300,862800,09:01:55
2877,100,287700,09:01:55
2879,100,287900,09:01:55
2878,300,863400,09:01:53
2879,100,287900,09:01:53
2880,400,1152000,09:01:53
2881,400,1152400,09:01:53
2880,100,288000,09:01:53
2880,100,288000,09:01:53
2877,100,287700,09:01:53
2880,100,288000,09:01:53
2877,100,287700,09:01:53
2879,100,287900,09:01:52
2880,1000,2880000,09:01:52
2881,500,1440500,09:01:52
2884,100,288400,09:01:52
2882,1000,2882000,09:01:52
2881,200,576200,09:01:52
2880,200,576000,09:01:52
2879,300,863700,09:01:52
2877,200,575400,09:01:52
2877,300,863100,09:01:52
2876,300,862800,09:01:52
2875,600,1725000,09:01:52
2874,700,2011800,09:01:52
2872,100,287200,09:01:52
2873,100,287300,09:01:52
2873,200,574600,09:01:52
2876,400,1150400,09:01:52
2872,100,287200,09:01:52
2874,100,287400,09:01:52
2873,100,287300,09:01:52
2870,100,287000,09:01:52
2874,400,1149600,09:01:52
2873,100,287300,09:01:52
2871,200,574200,09:01:52
2874,100,287400,09:01:51
2875,100,287500,09:01:51
2880,200,576000,09:01:50
2879,300,863700,09:01:50
2878,600,1726800,09:01:50
2877,500,1438500,09:01:50
2876,100,287600,09:01:50
2875,200,575000,09:01:50
2874,100,287400,09:01:50
2875,300,862500,09:01:50
2874,400,1149600,09:01:50
2873,100,287300,09:01:50
2873,100,287300,09:01:50
2872,100,287200,09:01:50
2872,200,574400,09:01:50
2873,200,574600,09:01:49
2874,400,1149600,09:01:49
2875,700,2012500,09:01:49
2876,300,862800,09:01:49
2880,100,288000,09:01:49
2879,100,287900,09:01:49
2875,300,862500,09:01:48
2875,100,287500,09:01:48
2878,100,287800,09:01:48
2880,200,576000,09:01:48
2879,400,1151600,09:01:48
2881,400,1152400,09:01:48
2879,100,287900,09:01:47
2878,100,287800,09:01:47
2875,200,575000,09:01:47
2877,100,287700,09:01:47
2877,100,287700,09:01:47
2878,100,287800,09:01:47
2879,100,287900,09:01:47
2879,100,287900,09:01:47
2879,100,287900,09:01:47
2878,200,575600,09:01:47
2876,200,575200,09:01:47
2875,200,575000,09:01:47
2874,400,1149600,09:01:47
2873,200,574600,09:01:47
2872,100,287200,09:01:47
2872,1000,2872000,09:01:47
2871,400,1148400,09:01:47
2870,100,287000,09:01:47
2870,300,861000,09:01:47
2869,200,573800,09:01:47
2868,500,1434000,09:01:47
2867,400,1146800,09:01:47
2866,300,859800,09:01:47
2864,100,286400,09:01:47
2862,200,572400,09:01:47
2861,100,286100,09:01:47
2859,100,285900,09:01:47
2860,400,1144000,09:01:47
2861,100,286100,09:01:47
2862,300,858600,09:01:47
2863,200,572600,09:01:47
2864,300,859200,09:01:47
2865,100,286500,09:01:47
2866,100,286600,09:01:47
2869,100,286900,09:01:46
2867,400,1146800,09:01:46
2869,300,860700,09:01:45
2866,200,573200,09:01:45
2867,100,286700,09:01:45
2864,100,286400,09:01:45
2865,400,1146000,09:01:45
2868,100,286800,09:01:44
2867,400,1146800,09:01:44
2864,100,286400,09:01:43
2863,400,1145200,09:01:43
2866,200,573200,09:01:43
2864,200,572800,09:01:43
2868,400,1147200,09:01:43
2867,500,1433500,09:01:43
2866,200,573200,09:01:43
2865,200,573000,09:01:43
2862,100,286200,09:01:43
2863,100,286300,09:01:42
2863,100,286300,09:01:42
2866,100,286600,09:01:42
2865,200,573000,09:01:42
2862,100,286200,09:01:42
2863,100,286300,09:01:42
2862,300,858600,09:01:42
2864,200,572800,09:01:42
2864,200,572800,09:01:42
2862,100,286200,09:01:42
2863,800,2290400,09:01:42
2863,100,286300,09:01:41
2865,500,1432500,09:01:41
2866,300,859800,09:01:41
2869,100,286900,09:01:41
2868,200,573600,09:01:41
2867,100,286700,09:01:41
2864,100,286400,09:01:41
2867,100,286700,09:01:41
2864,100,286400,09:01:41
2865,200,573000,09:01:41
2866,200,573200,09:01:41
2871,200,574200,09:01:41
2868,200,573600,09:01:40
2872,100,287200,09:01:40
2872,100,287200,09:01:40
2873,100,287300,09:01:40
2875,100,287500,09:01:40
2874,100,287400,09:01:40
2874,100,287400,09:01:40
2877,700,2013900,09:01:39
2878,200,575600,09:01:39
2878,300,863400,09:01:39
2880,300,864000,09:01:39
2879,100,287900,09:01:39
2877,200,575400,09:01:39
2872,300,861600,09:01:39
2873,500,1436500,09:01:39
2874,400,1149600,09:01:39
2874,900,2586600,09:01:39
2875,100,287500,09:01:39
2876,400,1150400,09:01:39
2876,100,287600,09:01:39
2876,200,575200,09:01:39
2875,100,287500,09:01:39
2872,100,287200,09:01:38
2872,100,287200,09:01:38
2871,200,574200,09:01:38
2871,1000,2871000,09:01:38
2872,200,574400,09:01:38
2871,100,287100,09:01:38
2869,100,286900,09:01:38
2870,400,1148000,09:01:38
2870,200,574000,09:01:38
2871,300,861300,09:01:38
2873,100,287300,09:01:38
2872,400,1148800,09:01:38
2873,100,287300,09:01:38
2873,200,574600,09:01:38
2874,300,862200,09:01:38
2874,100,287400,09:01:38
2878,100,287800,09:01:38
2877,300,863100,09:01:38
2876,300,862800,09:01:38
2872,200,574400,09:01:38
2873,100,287300,09:01:38
2874,800,2299200,09:01:38
2875,200,575000,09:01:38
2878,100,287800,09:01:38
2878,100,287800,09:01:38
2879,800,2303200,09:01:37
2878,300,863400,09:01:37
2877,200,575400,09:01:37
2876,200,575200,09:01:37
2875,100,287500,09:01:37
2870,200,574000,09:01:37
2871,200,574200,09:01:37
2872,100,287200,09:01:37
2872,200,574400,09:01:37
2873,100,287300,09:01:37
2877,100,287700,09:01:37
2874,1000,2874000,09:01:37
2875,400,1150000,09:01:37
2876,100,287600,09:01:37
2878,300,863400,09:01:37
2872,700,2010400,09:01:37
2873,1000,2873000,09:01:37
2874,600,1724400,09:01:37
2876,100,287600,09:01:37
2873,1100,3160300,09:01:37
2874,200,574800,09:01:37
2875,700,2012500,09:01:37
2875,100,287500,09:01:37
2876,200,575200,09:01:36
2878,100,287800,09:01:36
2878,100,287800,09:01:36
2881,100,288100,09:01:36
2881,100,288100,09:01:36
2879,200,575800,09:01:36
2879,100,287900,09:01:36
2877,100,287700,09:01:36
2878,100,287800,09:01:36
2879,100,287900,09:01:36
2883,100,288300,09:01:36
2881,100,288100,09:01:35
2882,100,288200,09:01:35
2880,200,576000,09:01:35
2881,200,576200,09:01:35
2883,100,288300,09:01:35
2883,100,288300,09:01:35
2883,300,864900,09:01:35
2883,600,1729800,09:01:35
2882,300,864600,09:01:35
2880,100,288000,09:01:35
2881,100,288100,09:01:35
2878,100,287800,09:01:35
2880,4100,11808000,09:01:35
2881,100,288100,09:01:35
2881,100,288100,09:01:35
2880,200,576000,09:01:35
2880,100,288000,09:01:35
2881,100,288100,09:01:35
2881,800,2304800,09:01:35
2881,100,288100,09:01:35
2882,100,288200,09:01:35
2882,100,288200,09:01:35
2882,100,288200,09:01:35
2883,300,864900,09:01:35
2884,100,288400,09:01:35
2884,100,288400,09:01:35
2885,700,2019500,09:01:35
2885,500,1442500,09:01:35
2885,100,288500,09:01:35
2885,100,288500,09:01:35
2886,300,865800,09:01:35
2887,1100,3175700,09:01:35
2888,1400,4043200,09:01:35
2892,200,578400,09:01:34
2889,100,288900,09:01:34
2890,500,1445000,09:01:34
2891,200,578200,09:01:34
2891,100,289100,09:01:34
2892,100,289200,09:01:34
2893,100,289300,09:01:34
2894,200,578800,09:01:34
2897,100,289700,09:01:34
2895,100,289500,09:01:34
2896,400,1158400,09:01:34
2896,400,1158400,09:01:34
2899,200,579800,09:01:34
2900,600,1740000,09:01:34
2899,100,289900,09:01:34
2897,100,289700,09:01:33
2896,100,289600,09:01:33
2897,1300,3766100,09:01:33
2899,100,289900,09:01:33
2902,200,580400,09:01:32
2900,100,290000,09:01:32
2898,200,579600,09:01:32
2899,200,579800,09:01:32
2901,100,290100,09:01:32
2900,100,290000,09:01:32
2897,100,289700,09:01:32
2898,200,579600,09:01:32
2900,100,290000,09:01:32
2900,300,870000,09:01:32
2901,100,290100,09:01:32
2903,100,290300,09:01:32
2903,100,290300,09:01:31
2902,200,580400,09:01:31
2899,100,289900,09:01:31
2902,100,290200,09:01:31
2899,300,869700,09:01:31
2904,100,290400,09:01:31
2903,500,1451500,09:01:31
2902,300,870600,09:01:31
2901,600,1740600,09:01:31
2901,100,290100,09:01:31
2902,300,870600,09:01:31
2901,200,580200,09:01:31
2900,200,580000,09:01:31
2899,300,869700,09:01:31
2896,100,289600,09:01:30
2896,100,289600,09:01:30
2896,100,289600,09:01:30
2895,100,289500,09:01:30
2897,100,289700,09:01:30
2897,100,289700,09:01:30
2894,200,578800,09:01:30
2895,100,289500,09:01:30
2896,100,289600,09:01:30
2897,200,579400,09:01:30
2898,100,289800,09:01:30
2898,100,289800,09:01:30
2900,100,290000,09:01:30
2897,300,869100,09:01:30
2898,100,289800,09:01:30
2897,100,289700,09:01:30
2897,100,289700,09:01:30
2898,100,289800,09:01:30
2899,100,289900,09:01:30
2900,100,290000,09:01:29
2900,100,290000,09:01:29
2901,100,290100,09:01:29
2900,200,580000,09:01:29
2900,100,290000,09:01:29
2896,100,289600,09:01:29
2896,900,2606400,09:01:29
2897,300,869100,09:01:29
2913,300,873900,09:01:29
2912,900,2620800,09:01:29
2911,300,873300,09:01:29
2910,800,2328000,09:01:29
2909,700,2036300,09:01:29
2908,300,872400,09:01:29
2907,1000,2907000,09:01:29
2906,1100,3196600,09:01:29
2905,400,1162000,09:01:29
2904,900,2613600,09:01:29
2903,1200,3483600,09:01:29
2902,500,1451000,09:01:29
2901,300,870300,09:01:29
2900,200,580000,09:01:29
2899,400,1159600,09:01:29
2898,200,579600,09:01:29
2897,100,289700,09:01:29
2896,100,289600,09:01:29
2897,400,1158800,09:01:29
2895,200,579000,09:01:29
2897,100,289700,09:01:29
2895,400,1158000,09:01:29
2896,200,579200,09:01:29
2895,300,868500,09:01:29
2893,200,578600,09:01:29
2892,200,578400,09:01:29
2891,100,289100,09:01:29
2890,200,578000,09:01:29
2890,100,289000,09:01:29
2890,100,289000,09:01:29
2891,100,289100,09:01:29
2890,100,289000,09:01:29
2890,200,578000,09:01:29
2890,1000,2890000,09:01:29
2890,100,289000,09:01:29
2890,100,289000,09:01:29
2891,300,867300,09:01:29
2891,100,289100,09:01:29
2891,100,289100,09:01:29
2892,600,1735200,09:01:29
2892,200,578400,09:01:29
2892,1500,4338000,09:01:29
2893,100,289300,09:01:29
2893,300,867900,09:01:29
2893,200,578600,09:01:29
2895,100,289500,09:01:28
2893,100,289300,09:01:28
2896,100,289600,09:01:28
2895,100,289500,09:01:28
2892,300,867600,09:01:28
2893,100,289300,09:01:28
2893,200,578600,09:01:28
2894,200,578800,09:01:28
2895,300,868500,09:01:28
2895,100,289500,09:01:28
2898,100,289800,09:01:28
2896,100,289600,09:01:28
2899,100,289900,09:01:28
2898,100,289800,09:01:28
2898,100,289800,09:01:28
2896,100,289600,09:01:27
2895,100,289500,09:01:27
2897,100,289700,09:01:27
2899,100,289900,09:01:27
2899,200,579800,09:01:27
2896,400,1158400,09:01:27
2897,100,289700,09:01:27
2897,100,289700,09:01:27
2897,300,869100,09:01:27
2898,400,1159200,09:01:27
2899,500,1449500,09:01:27
2899,100,289900,09:01:27
2899,200,579800,09:01:27
2900,12600,36540000,09:01:27
2900,200,580000,09:01:27
2900,100,290000,09:01:27
2903,100,290300,09:01:27
2903,100,290300,09:01:27
2901,100,290100,09:01:27
2902,100,290200,09:01:27
2902,100,290200,09:01:27
2902,300,870600,09:01:27
2902,100,290200,09:01:27
2903,600,1741800,09:01:27
2903,100,290300,09:01:27
2904,1100,3194400,09:01:27
2904,100,290400,09:01:27
2905,200,581000,09:01:27
2905,1000,2905000,09:01:27
2906,1500,4359000,09:01:27
2907,100,290700,09:01:27
2908,500,1454000,09:01:27
2909,100,290900,09:01:27
2909,100,290900,09:01:27
2910,2400,6984000,09:01:27
2911,100,291100,09:01:27
2914,100,291400,09:01:27
2914,100,291400,09:01:27
2912,300,873600,09:01:26
2916,200,583200,09:01:26
2915,300,874500,09:01:26
2914,400,1165600,09:01:26
2912,100,291200,09:01:26
2913,100,291300,09:01:26
2913,100,291300,09:01:26
2912,100,291200,09:01:26
2913,100,291300,09:01:26
2912,200,582400,09:01:26
2914,100,291400,09:01:26
2912,200,582400,09:01:26
2912,100,291200,09:01:26
2912,100,291200,09:01:26
2913,200,582600,09:01:26
2913,200,582600,09:01:26
2914,100,291400,09:01:26
2915,200,583000,09:01:26
2917,400,1166800,09:01:26
2918,100,291800,09:01:26
2918,200,583600,09:01:26
2917,200,583400,09:01:26
2918,200,583600,09:01:26
2921,200,584200,09:01:26
2920,100,292000,09:01:26
2920,200,584000,09:01:26
2919,600,1751400,09:01:26
2917,100,291700,09:01:25
2915,100,291500,09:01:25
2916,200,583200,09:01:25
2916,300,874800,09:01:25
2916,500,1458000,09:01:25
2917,800,2333600,09:01:25
2918,300,875400,09:01:25
2921,100,292100,09:01:25
2919,200,583800,09:01:25
2921,100,292100,09:01:25
2924,100,292400,09:01:25
2923,700,2046100,09:01:25
2922,400,1168800,09:01:25
2920,200,584000,09:01:25
2920,100,292000,09:01:24
2922,200,584400,09:01:24
2926,700,2048200,09:01:24
2925,800,2340000,09:01:24
2923,100,292300,09:01:24
2922,200,584400,09:01:24
2922,600,1753200,09:01:24
2923,200,584600,09:01:24
2927,200,585400,09:01:24
2927,600,1756200,09:01:24
2926,700,2048200,09:01:24
2925,400,1170000,09:01:24
2924,300,877200,09:01:24
2923,300,876900,09:01:24
2920,100,292000,09:01:24
2922,100,292200,09:01:24
2922,100,292200,09:01:24
2920,200,584000,09:01:23
2920,100,292000,09:01:23
2923,100,292300,09:01:23
2920,200,584000,09:01:23
2921,400,1168400,09:01:23
2923,200,584600,09:01:23
2923,100,292300,09:01:23
2922,100,292200,09:01:23
2922,100,292200,09:01:23
2922,300,876600,09:01:22
2920,1900,5548000,09:01:22
2921,1000,2921000,09:01:22
2920,200,584000,09:01:22
2921,200,584200,09:01:22
2924,200,584800,09:01:22
2921,100,292100,09:01:22
2924,100,292400,09:01:22
2921,100,292100,09:01:22
2923,100,292300,09:01:22
2922,300,876600,09:01:22
2923,100,292300,09:01:22
2925,100,292500,09:01:22
2925,100,292500,09:01:22
2925,100,292500,09:01:22
2924,200,584800,09:01:22
2922,100,292200,09:01:21
2925,300,877500,09:01:21
2924,700,2046800,09:01:21
2923,500,1461500,09:01:21
2924,200,584800,09:01:21
2924,200,584800,09:01:21
2926,100,292600,09:01:21
2924,100,292400,09:01:21
2925,1400,4095000,09:01:21
2924,100,292400,09:01:21
2923,100,292300,09:01:21
2922,300,876600,09:01:21
2922,300,876600,09:01:21
2920,100,292000,09:01:21
2922,100,292200,09:01:21
2922,100,292200,09:01:21
2921,300,876300,09:01:21
2924,300,877200,09:01:21
2924,100,292400,09:01:21
2923,100,292300,09:01:21
2923,100,292300,09:01:20
2920,200,584000,09:01:20
2918,200,583600,09:01:20
2916,100,291600,09:01:20
2916,200,583200,09:01:20
2919,300,875700,09:01:20
2918,200,583600,09:01:20
2915,100,291500,09:01:20
2922,700,2045400,09:01:20
2921,900,2628900,09:01:20
2920,700,2044000,09:01:20
2919,1000,2919000,09:01:20
2918,300,875400,09:01:20
2917,800,2333600,09:01:20
2916,300,874800,09:01:20
2916,400,1166400,09:01:20
2915,100,291500,09:01:20
2914,100,291400,09:01:20
2913,400,1165200,09:01:20
2914,100,291400,09:01:20
2917,200,583400,09:01:20
2916,100,291600,09:01:20
2917,100,291700,09:01:20
2915,100,291500,09:01:20
2917,300,875100,09:01:20
2915,100,291500,09:01:20
2916,200,583200,09:01:20
2918,100,291800,09:01:19
2920,800,2336000,09:01:19
2921,100,292100,09:01:19
2921,600,1752600,09:01:19
2921,100,292100,09:01:19
2922,100,292200,09:01:19
2924,200,584800,09:01:19
2923,100,292300,09:01:19
2922,100,292200,09:01:19
2922,100,292200,09:01:19
2921,100,292100,09:01:19
2919,100,291900,09:01:19
2922,100,292200,09:01:19
2920,200,584000,09:01:19
2920,200,584000,09:01:19
2920,100,292000,09:01:19
2923,100,292300,09:01:19
2919,100,291900,09:01:19
2922,900,2629800,09:01:19
2922,100,292200,09:01:19
2921,100,292100,09:01:19
2921,100,292100,09:01:19
2918,300,875400,09:01:19
2919,200,583800,09:01:19
2921,100,292100,09:01:19
2921,100,292100,09:01:19
2921,1200,3505200,09:01:19
2921,100,292100,09:01:19
2917,100,291700,09:01:19
2920,300,876000,09:01:19
2920,4900,14308000,09:01:19
2920,100,292000,09:01:19
2919,4600,13427400,09:01:19
2918,200,583600,09:01:19
2918,100,291800,09:01:19
2916,100,291600,09:01:19
2913,200,582600,09:01:19
2916,400,1166400,09:01:19
2916,100,291600,09:01:19
2915,1200,3498000,09:01:19
2915,600,1749000,09:01:19
2914,200,582800,09:01:19
2911,300,873300,09:01:19
2912,100,291200,09:01:19
2914,100,291400,09:01:19
2912,100,291200,09:01:18
2912,100,291200,09:01:18
2910,100,291000,09:01:18
2909,100,290900,09:01:18
2910,100,291000,09:01:18
2914,200,582800,09:01:18
2913,300,873900,09:01:18
2912,300,873600,09:01:18
2911,200,582200,09:01:18
2911,100,291100,09:01:18
2913,100,291300,09:01:18
2911,200,582200,09:01:18
2913,100,291300,09:01:18
2913,200,582600,09:01:18
2911,200,582200,09:01:18
2908,100,290800,09:01:18
2910,200,582000,09:01:18
2909,300,872700,09:01:18
2907,100,290700,09:01:18
2907,200,581400,09:01:18
2909,100,290900,09:01:17
2909,200,581800,09:01:17
2906,100,290600,09:01:17
2907,100,290700,09:01:17
2907,100,290700,09:01:17
2907,100,290700,09:01:17
2906,200,581200,09:01:17
2908,100,290800,09:01:17
2906,100,290600,09:01:16
2905,300,871500,09:01:16
2904,300,871200,09:01:16
2903,400,1161200,09:01:16
2900,100,290000,09:01:15
2901,200,580200,09:01:15
2902,100,290200,09:01:15
2902,100,290200,09:01:15
2902,200,580400,09:01:15
2901,200,580200,09:01:15
2902,100,290200,09:01:15
2903,100,290300,09:01:15
2904,100,290400,09:01:15
2904,100,290400,09:01:15
2903,200,580600,09:01:15
2903,100,290300,09:01:15
2900,900,2610000,09:01:14
2901,1500,4351500,09:01:14
2901,600,1740600,09:01:14
2901,1200,3481200,09:01:14
2902,500,1451000,09:01:14
2903,800,2322400,09:01:14
2904,300,871200,09:01:14
2905,100,290500,09:01:14
2905,100,290500,09:01:14
2904,400,1161600,09:01:14
2908,100,290800,09:01:14
2907,200,581400,09:01:14
2906,300,871800,09:01:14
2905,100,290500,09:01:14
2902,100,290200,09:01:14
2905,100,290500,09:01:14
2902,100,290200,09:01:14
2904,600,1742400,09:01:14
2904,300,871200,09:01:14
2902,100,290200,09:01:13
2901,100,290100,09:01:13
2902,100,290200,09:01:12
2904,100,290400,09:01:12
2903,100,290300,09:01:12
2900,200,580000,09:01:12
2901,600,1740600,09:01:12
2903,100,290300,09:01:12
2901,200,580200,09:01:12
2903,100,290300,09:01:12
2902,300,870600,09:01:12
2904,200,580800,09:01:12
2904,100,290400,09:01:11
2905,100,290500,09:01:11
2906,100,290600,09:01:11
2903,100,290300,09:01:10
2906,100,290600,09:01:10
2904,1500,4356000,09:01:10
2909,100,290900,09:01:10
2908,200,581600,09:01:10
2907,700,2034900,09:01:10
2906,200,581200,09:01:10
2906,100,290600,09:01:10
2905,100,290500,09:01:10
2905,300,871500,09:01:10
2904,100,290400,09:01:10
2903,400,1161200,09:01:10
2905,500,1452500,09:01:09
2906,200,581200,09:01:09
2905,100,290500,09:01:09
2911,200,582200,09:01:09
2910,500,1455000,09:01:09
2909,800,2327200,09:01:09
2908,200,581600,09:01:09
2907,200,581400,09:01:09
2907,200,581400,09:01:09
2902,300,870600,09:01:09
2903,200,580600,09:01:09
2904,200,580800,09:01:09
2907,100,290700,09:01:09
2905,400,1162000,09:01:09
2905,100,290500,09:01:09
2907,100,290700,09:01:09
2906,100,290600,09:01:09
2903,100,290300,09:01:09
2906,200,581200,09:01:08
2905,600,1743000,09:01:08
2905,300,871500,09:01:08
2906,100,290600,09:01:08
2905,600,1743000,09:01:08
2904,500,1452000,09:01:08
2904,100,290400,09:01:08
2900,1100,3190000,09:01:08
2901,200,580200,09:01:08
2900,100,290000,09:01:08
2902,100,290200,09:01:08
2902,100,290200,09:01:08
2903,800,2322400,09:01:08
2903,200,580600,09:01:08
2903,100,290300,09:01:08
2904,800,2323200,09:01:08
2905,1200,3486000,09:01:08
2906,500,1453000,09:01:08
2907,600,1744200,09:01:08
2910,200,582000,09:01:08
2910,100,291000,09:01:08
2908,100,290800,09:01:08
2909,100,290900,09:01:08
2911,200,582200,09:01:08
2909,100,290900,09:01:07
2910,500,1455000,09:01:07
2911,100,291100,09:01:07
2911,500,1455500,09:01:07
2914,100,291400,09:01:07
2913,100,291300,09:01:07
2915,100,291500,09:01:07
2912,100,291200,09:01:07
2913,100,291300,09:01:07
2916,200,583200,09:01:07
2914,200,582800,09:01:06
2914,100,291400,09:01:06
2914,200,582800,09:01:06
2918,300,875400,09:01:06
2916,200,583200,09:01:06
2915,300,874500,09:01:06
2915,100,291500,09:01:06
2914,100,291400,09:01:06
2914,100,291400,09:01:06
2912,500,1456000,09:01:06
2912,100,291200,09:01:06
2911,200,582200,09:01:06
2912,100,291200,09:01:06
2914,200,582800,09:01:06
2914,100,291400,09:01:06
2911,100,291100,09:01:06
2912,100,291200,09:01:06
2912,200,582400,09:01:06
2912,100,291200,09:01:06
2914,200,582800,09:01:06
2911,100,291100,09:01:06
2914,200,582800,09:01:06
2914,100,291400,09:01:05
2911,200,582200,09:01:05
2913,100,291300,09:01:05
2910,100,291000,09:01:05
2913,100,291300,09:01:05
2911,100,291100,09:01:05
2910,300,873000,09:01:05
2911,100,291100,09:01:05
2914,200,582800,09:01:05
2912,100,291200,09:01:05
2911,400,1164400,09:01:05
2912,100,291200,09:01:05
2914,100,291400,09:01:05
2911,100,291100,09:01:05
2911,100,291100,09:01:05
2912,100,291200,09:01:05
2919,2400,7005600,09:01:05
2918,500,1459000,09:01:05
2917,300,875100,09:01:05
2916,900,2624400,09:01:05
2915,300,874500,09:01:05
2914,500,1457000,09:01:05
2913,400,1165200,09:01:05
2912,100,291200,09:01:05
2911,300,873300,09:01:05
2910,200,582000,09:01:05
2910,100,291000,09:01:05
2909,200,581800,09:01:05
2910,100,291000,09:01:05
2913,100,291300,09:01:05
2909,100,290900,09:01:05
2910,300,873000,09:01:05
2910,100,291000,09:01:04
2909,700,2036300,09:01:04
2919,2500,7297500,09:01:04
2918,1200,3501600,09:01:04
2917,1000,2917000,09:01:04
2916,1900,5540400,09:01:04
2915,1200,3498000,09:01:04
2914,700,2039800,09:01:04
2913,1000,2913000,09:01:04
2912,500,1456000,09:01:04
2909,100,290900,09:01:04
2909,300,872700,09:01:04
2910,1200,3492000,09:01:04
2911,200,582200,09:01:04
2912,100,291200,09:01:04
2915,100,291500,09:01:04
2913,100,291300,09:01:04
2913,400,1165200,09:01:04
2915,200,583000,09:01:04
2914,200,582800,09:01:04
2913,100,291300,09:01:04
2911,200,582200,09:01:04
2912,100,291200,09:01:04
2915,900,2623500,09:01:04
2914,100,291400,09:01:04
2914,100,291400,09:01:04
2913,300,873900,09:01:04
2913,100,291300,09:01:04
2910,400,1164000,09:01:04
2911,200,582200,09:01:04
2913,300,873900,09:01:04
2909,200,581800,09:01:03
2911,200,582200,09:01:03
2912,200,582400,09:01:03
2909,100,290900,09:01:03
2909,200,581800,09:01:03
2910,100,291000,09:01:03
2910,300,873000,09:01:03
2911,200,582200,09:01:03
2911,100,291100,09:01:03
2911,500,1455500,09:01:03
2910,100,291000,09:01:03
2912,100,291200,09:01:03
2912,200,582400,09:01:03
2911,300,873300,09:01:03
2909,600,1745400,09:01:03
2910,300,873000,09:01:03
2911,100,291100,09:01:03
2913,100,291300,09:01:03
2913,100,291300,09:01:03
2913,300,873900,09:01:02
2910,200,582000,09:01:02
2911,400,1164400,09:01:02
2912,100,291200,09:01:02
2912,100,291200,09:01:02
2914,100,291400,09:01:02
2914,100,291400,09:01:02
2914,100,291400,09:01:02
2911,100,291100,09:01:02
2914,100,291400,09:01:02
2914,100,291400,09:01:02
2913,100,291300,09:01:02
2913,100,291300,09:01:02
2910,500,1455000,09:01:02
2911,500,1455500,09:01:02
2914,500,1457000,09:01:02
2912,100,291200,09:01:02
2912,100,291200,09:01:02
2913,900,2621700,09:01:02
2912,100,291200,09:01:02
2912,900,2620800,09:01:02
2912,100,291200,09:01:02
2912,500,1456000,09:01:02
2912,200,582400,09:01:01
2909,100,290900,09:01:01
2909,200,581800,09:01:01
2907,100,290700,09:01:01
2909,100,290900,09:01:01
2906,200,581200,09:01:01
2909,100,290900,09:01:01
2907,400,1162800,09:01:01
2908,300,872400,09:01:01
2909,200,581800,09:01:01
2910,500,1455000,09:01:01
2914,100,291400,09:01:01
2913,200,582600,09:01:01
2912,100,291200,09:01:01
2912,200,582400,09:01:01
2914,100,291400,09:01:01
2913,500,1456500,09:01:01
2912,500,1456000,09:01:01
2911,200,582200,09:01:00
2913,200,582600,09:01:00
2912,400,1164800,09:01:00
2911,500,1455500,09:01:00
2910,300,873000,09:01:00
2909,100,290900,09:01:00
2909,100,290900,09:01:00
2908,200,581600,09:01:00
2907,200,581400,09:01:00
2907,100,290700,09:01:00
2904,100,290400,09:01:00
2905,900,2614500,09:01:00
2906,300,871800,09:01:00
2907,200,581400,09:01:00
2911,100,291100,09:00:59
2911,100,291100,09:00:59
2909,100,290900,09:00:59
2910,200,582000,09:00:59
2913,100,291300,09:00:59
2912,500,1456000,09:00:59
2911,400,1164400,09:00:59
2910,100,291000,09:00:59
2910,100,291000,09:00:59
2909,200,581800,09:00:59
2908,200,581600,09:00:59
2907,100,290700,09:00:59
2908,100,290800,09:00:59
2908,100,290800,09:00:58
2907,100,290700,09:00:58
2905,400,1162000,09:00:58
2906,500,1453000,09:00:58
2907,100,290700,09:00:58
2908,200,581600,09:00:58
2910,100,291000,09:00:58
2910,100,291000,09:00:58
2910,1700,4947000,09:00:58
2909,400,1163600,09:00:58
2909,100,290900,09:00:58
2905,100,290500,09:00:57
2907,100,290700,09:00:57
2908,300,872400,09:00:56
2908,100,290800,09:00:56
2908,100,290800,09:00:56
2907,200,581400,09:00:56
2905,100,290500,09:00:56
2906,100,290600,09:00:56
2906,100,290600,09:00:55
2905,100,290500,09:00:55
2905,100,290500,09:00:55
2902,100,290200,09:00:55
2905,100,290500,09:00:55
2902,200,580400,09:00:55
2903,200,580600,09:00:55
2904,200,580800,09:00:55
2907,100,290700,09:00:55
2907,300,872100,09:00:55
2905,100,290500,09:00:55
2906,100,290600,09:00:55
2908,100,290800,09:00:55
2908,200,581600,09:00:54
2908,100,290800,09:00:54
2904,400,1161600,09:00:54
2909,100,290900,09:00:54
2909,100,290900,09:00:54
2908,200,581600,09:00:54
2908,200,581600,09:00:53
2907,200,581400,09:00:53
2907,100,290700,09:00:53
2907,100,290700,09:00:53
2905,300,871500,09:00:53
2904,100,290400,09:00:53
2908,100,290800,09:00:53
2906,100,290600,09:00:53
2906,100,290600,09:00:53
2906,200,581200,09:00:53
2906,100,290600,09:00:53
2903,300,870900,09:00:53
2906,200,581200,09:00:53
2906,100,290600,09:00:53
2905,200,581000,09:00:53
2904,100,290400,09:00:53
2904,100,290400,09:00:52
2902,200,580400,09:00:52
2902,100,290200,09:00:52
2902,200,580400,09:00:52
2903,100,290300,09:00:52
2904,100,290400,09:00:52
2905,4700,13653500,09:00:52
2901,300,870300,09:00:52
2905,600,1743000,09:00:52
2904,1200,3484800,09:00:52
2903,1300,3773900,09:00:52
2902,200,580400,09:00:52
2901,100,290100,09:00:52
2901,900,2610900,09:00:52
2900,100,290000,09:00:52
2900,1000,2900000,09:00:52
2900,100,290000,09:00:51
2899,200,579800,09:00:51
2898,100,289800,09:00:51
2897,500,1448500,09:00:50
2898,100,289800,09:00:50
2900,100,290000,09:00:49
2898,300,869400,09:00:49
2898,100,289800,09:00:49
2898,100,289800,09:00:49
2901,100,290100,09:00:48
2897,100,289700,09:00:48
2901,100,290100,09:00:48
2901,100,290100,09:00:46
2900,200,580000,09:00:46
2898,600,1738800,09:00:46
2898,100,289800,09:00:46
2898,900,2608200,09:00:46
2901,1900,5511900,09:00:46
2900,1200,3480000,09:00:46
2900,100,290000,09:00:46
2900,300,870000,09:00:46
2900,400,1160000,09:00:46
2900,300,870000,09:00:46
2899,700,2029300,09:00:46
2898,500,1449000,09:00:46
2897,300,869100,09:00:46
2895,400,1158000,09:00:46
2894,800,2315200,09:00:46
2891,100,289100,09:00:46
2892,500,1446000,09:00:45
2892,900,2602800,09:00:45
2891,600,1734600,09:00:45
2888,500,1444000,09:00:45
2888,300,866400,09:00:45
2888,100,288800,09:00:45
2888,200,577600,09:00:45
2889,100,288900,09:00:44
2892,100,289200,09:00:44
2890,200,578000,09:00:43
2889,300,866700,09:00:43
2890,200,578000,09:00:43
2890,100,289000,09:00:43
2891,300,867300,09:00:43
2891,200,578200,09:00:43
2891,100,289100,09:00:43
2888,100,288800,09:00:43
2889,100,288900,09:00:43
2891,300,867300,09:00:42
2888,100,288800,09:00:42
2888,200,577600,09:00:42
2892,100,289200,09:00:42
2890,300,867000,09:00:42
2887,100,288700,09:00:41
2888,100,288800,09:00:41
2891,100,289100,09:00:41
2890,200,578000,09:00:41
2888,100,288800,09:00:40
2889,100,288900,09:00:40
2890,200,578000,09:00:40
2894,200,578800,09:00:39
2891,1000,2891000,09:00:39
2892,200,578400,09:00:38
2895,100,289500,09:00:38
2894,200,578800,09:00:38
2893,300,867900,09:00:38
2893,600,1735800,09:00:38
2894,300,868200,09:00:38
2894,100,289400,09:00:38
2894,100,289400,09:00:38
2896,100,289600,09:00:38
2895,400,1158000,09:00:37
2893,800,2314400,09:00:37
2891,200,578200,09:00:37
2890,800,2312000,09:00:37
2885,100,288500,09:00:37
2886,100,288600,09:00:37
2887,100,288700,09:00:37
2889,100,288900,09:00:37
2889,100,288900,09:00:37
2885,1600,4616000,09:00:36
2882,100,288200,09:00:36
2885,100,288500,09:00:36
2881,400,1152400,09:00:36
2882,200,576400,09:00:36
2886,200,577200,09:00:36
2883,200,576600,09:00:35
2882,100,288200,09:00:35
2883,100,288300,09:00:35
2887,200,577400,09:00:35
2886,200,577200,09:00:35
2883,700,2018100,09:00:35
2884,200,576800,09:00:35
2885,100,288500,09:00:35
2885,300,865500,09:00:35
2890,100,289000,09:00:34
2886,700,2020200,09:00:34
2887,100,288700,09:00:34
2888,300,866400,09:00:34
2889,200,577800,09:00:34
2892,200,578400,09:00:34
2889,300,866700,09:00:34
2885,200,577000,09:00:33
2886,100,288600,09:00:33
2889,100,288900,09:00:33
2886,300,865800,09:00:33
2887,100,288700,09:00:33
2891,100,289100,09:00:33
2887,100,288700,09:00:33
2888,100,288800,09:00:33
2888,200,577600,09:00:33
2889,100,288900,09:00:33
2888,100,288800,09:00:33
2892,300,867600,09:00:33
2890,500,1445000,09:00:32
2889,100,288900,09:00:31
2893,100,289300,09:00:30
2889,100,288900,09:00:30
2892,100,289200,09:00:30
2893,400,1157200,09:00:30
2894,400,1157600,09:00:30
2897,100,289700,09:00:29
2897,1600,4635200,09:00:29
2897,1300,3766100,09:00:29
2897,2600,7532200,09:00:29
2897,1600,4635200,09:00:29
2896,500,1448000,09:00:29
2895,600,1737000,09:00:29
2894,700,2025800,09:00:29
2893,400,1157200,09:00:29
2892,400,1156800,09:00:29
2891,200,578200,09:00:29
2890,100,289000,09:00:29
2889,100,288900,09:00:29
2889,100,288900,09:00:29
2886,100,288600,09:00:29
2886,100,288600,09:00:28
2887,500,1443500,09:00:28
2888,100,288800,09:00:28
2890,500,1445000,09:00:28
2890,600,1734000,09:00:28
2885,400,1154000,09:00:28
2882,100,288200,09:00:28
2883,100,288300,09:00:28
2886,100,288600,09:00:27
2884,200,576800,09:00:27
2885,400,1154000,09:00:27
2886,400,1154400,09:00:27
2886,100,288600,09:00:26
2889,100,288900,09:00:26
2887,100,288700,09:00:26
2887,100,288700,09:00:26
2887,200,577400,09:00:26
2888,400,1155200,09:00:26
2890,200,578000,09:00:26
2889,100,288900,09:00:26
2890,100,289000,09:00:26
2891,100,289100,09:00:26
2895,100,289500,09:00:25
2892,400,1156800,09:00:25
2892,200,578400,09:00:25
2892,200,578400,09:00:25
2895,100,289500,09:00:25
2893,100,289300,09:00:25
2890,100,289000,09:00:25
2892,100,289200,09:00:24
2892,300,867600,09:00:24
2892,100,289200,09:00:24
2890,100,289000,09:00:24
2886,200,577200,09:00:23
2887,100,288700,09:00:23
2887,300,866100,09:00:23
2888,100,288800,09:00:23
2892,100,289200,09:00:23
2887,100,288700,09:00:23
2890,200,578000,09:00:23
2887,100,288700,09:00:22
2886,100,288600,09:00:22
2885,100,288500,09:00:22
2890,100,289000,09:00:22
2890,300,867000,09:00:21
2889,100,288900,09:00:21
2885,100,288500,09:00:20
2886,100,288600,09:00:20
2887,200,577400,09:00:20
2887,100,288700,09:00:20
2890,100,289000,09:00:20
2891,100,289100,09:00:20
2892,500,1446000,09:00:20
2896,100,289600,09:00:20
2894,100,289400,09:00:20
2894,100,289400,09:00:20
2897,100,289700,09:00:20
2893,200,578600,09:00:19
2892,200,578400,09:00:19
2891,200,578200,09:00:19
2886,200,577200,09:00:19
2885,200,577000,09:00:19
2885,100,288500,09:00:19
2881,200,576200,09:00:19
2882,200,576400,09:00:19
2882,300,864600,09:00:19
2883,200,576600,09:00:19
2884,400,1153600,09:00:19
2886,100,288600,09:00:19
2885,200,577000,09:00:19
2891,200,578200,09:00:19
2888,200,577600,09:00:18
2889,100,288900,09:00:18
2892,1000,2892000,09:00:18
2897,100,289700,09:00:18
2892,100,289200,09:00:18
2896,100,289600,09:00:17
2895,300,868500,09:00:17
2893,600,1735800,09:00:17
2890,1100,3179000,09:00:17
2884,100,288400,09:00:17
2888,100,288800,09:00:17
2883,100,288300,09:00:16
2881,300,864300,09:00:16
2886,400,1154400,09:00:16
2881,400,1152400,09:00:16
2882,100,288200,09:00:16
2883,100,288300,09:00:16
2883,200,576600,09:00:16
2883,100,288300,09:00:16
2883,100,288300,09:00:16
2883,400,1153200,09:00:15
2881,200,576200,09:00:15
2882,300,864600,09:00:15
2881,100,288100,09:00:15
2882,100,288200,09:00:15
2877,100,287700,09:00:15
2878,200,575600,09:00:15
2880,700,2016000,09:00:15
2880,200,576000,09:00:15
2880,400,1152000,09:00:15
2882,600,1729200,09:00:15
2881,100,288100,09:00:15
2880,200,576000,09:00:15
2876,200,575200,09:00:15
2877,200,575400,09:00:15
2878,800,2302400,09:00:14
2877,500,1438500,09:00:14
2877,100,287700,09:00:14
2878,300,863400,09:00:14
2879,400,1151600,09:00:14
2880,200,576000,09:00:14
2881,500,1440500,09:00:14
2882,800,2305600,09:00:14
2883,100,288300,09:00:14
2884,300,865200,09:00:14
2884,200,576800,09:00:14
2877,100,287700,09:00:14
2880,200,576000,09:00:14
2878,100,287800,09:00:14
2879,900,2591100,09:00:14
2872,200,574400,09:00:14
2878,500,1439000,09:00:14
2873,200,574600,09:00:14
2874,200,574800,09:00:14
2877,100,287700,09:00:13
2876,200,575200,09:00:13
2877,100,287700,09:00:13
2877,200,575400,09:00:13
2877,100,287700,09:00:13
2878,200,575600,09:00:13
2877,100,287700,09:00:12
2881,400,1152400,09:00:12
2881,100,288100,09:00:12
2881,300,864300,09:00:12
2880,500,1440000,09:00:12
2879,400,1151600,09:00:12
2878,500,1439000,09:00:12
2877,300,863100,09:00:12
2872,300,861600,09:00:12
2872,300,861600,09:00:12
2873,300,861900,09:00:12
2874,300,862200,09:00:12
2875,100,287500,09:00:11
2875,100,287500,09:00:11
2876,100,287600,09:00:11
2877,200,575400,09:00:11
2882,400,1152800,09:00:11
2878,200,575600,09:00:11
2879,200,575800,09:00:11
2880,1000,2880000,09:00:11
2880,100,288000,09:00:11
2880,100,288000,09:00:11
2880,100,288000,09:00:11
2881,800,2304800,09:00:11
2882,100,288200,09:00:10
2882,200,576400,09:00:10
2883,400,1153200,09:00:10
2884,300,865200,09:00:10
2885,300,865500,09:00:10
2886,400,1154400,09:00:10
2891,100,289100,09:00:09
2887,200,577400,09:00:09
2888,200,577600,09:00:09
2889,200,577800,09:00:09
2894,100,289400,09:00:09
2889,300,866700,09:00:09
2889,100,288900,09:00:09
2893,100,289300,09:00:08
2892,200,578400,09:00:08
2893,100,289300,09:00:08
2897,100,289700,09:00:08
2896,400,1158400,09:00:08
2896,100,289600,09:00:08
2895,100,289500,09:00:08
2894,100,289400,09:00:08
2893,100,289300,09:00:07
2892,100,289200,09:00:07
2891,100,289100,09:00:07
2890,200,578000,09:00:07
2887,100,288700,09:00:07
2886,100,288600,09:00:07
2886,100,288600,09:00:07
2886,200,577200,09:00:07
2882,100,288200,09:00:06
2886,100,288600,09:00:06
2888,200,577600,09:00:05
2882,200,576400,09:00:05
2889,200,577800,09:00:05
2888,300,866400,09:00:05
2889,100,288900,09:00:05
2888,400,1155200,09:00:05
2883,200,576600,09:00:05
2884,200,576800,09:00:05
2885,200,577000,09:00:05
2892,100,289200,09:00:05
2893,100,289300,09:00:04
2884,100,288400,09:00:04
2885,200,577000,09:00:04
2886,200,577200,09:00:04
2887,100,288700,09:00:04
2888,100,288800,09:00:04
2889,100,288900,09:00:04
2894,500,1447000,09:00:04
2896,100,289600,09:00:04
2889,100,288900,09:00:04
2897,200,579400,09:00:04
2896,100,289600,09:00:04
2895,100,289500,09:00:04
2894,200,578800,09:00:04
2893,100,289300,09:00:04
2892,100,289200,09:00:04
2891,200,578200,09:00:04
2891,100,289100,09:00:04
2892,100,289200,09:00:04
2884,100,288400,09:00:04
2886,200,577200,09:00:04
2896,100,289600,09:00:04
2888,400,1155200,09:00:04
2896,200,579200,09:00:04
2894,100,289400,09:00:04
2893,200,578600,09:00:04
2892,200,578400,09:00:04
2890,600,1734000,09:00:04
2892,100,289200,09:00:04
2874,100,287400,09:00:03
2875,900,2587500,09:00:03
2877,200,575400,09:00:03
2879,100,287900,09:00:03
2880,100,288000,09:00:03
2881,300,864300,09:00:03
2882,200,576400,09:00:03
2883,100,288300,09:00:03
2884,400,1153600,09:00:03
2886,200,577200,09:00:03
2887,300,866100,09:00:03
2888,100,288800,09:00:03
2889,200,577800,09:00:03
2898,100,289800,09:00:03
2899,100,289900,09:00:03
2888,300,866400,09:00:03
2889,200,577800,09:00:03
2890,200,578000,09:00:03
2891,200,578200,09:00:03
2900,500,1450000,09:00:03
2900,400,1160000,09:00:03
2899,100,289900,09:00:03
2899,100,289900,09:00:03
2893,300,867900,09:00:03
2894,200,578800,09:00:03
2895,300,868500,09:00:03
2896,100,289600,09:00:03
2901,300,870300,09:00:03
2900,5300,15370000,09:00:03
2900,600,1740000,09:00:03
2900,2800,8120000,09:00:03
2900,4500,13050000,09:00:03
2900,400,1160000,09:00:03
2899,2600,7537400,09:00:03
2898,500,1449000,09:00:03
2898,400,1159200,09:00:03
2897,100,289700,09:00:03
2896,1300,3764800,09:00:03
2896,100,289600,09:00:03
2892,800,2313600,09:00:03
2895,400,1158000,09:00:03
2893,300,867900,09:00:03
2892,200,578400,09:00:03
2884,200,576800,09:00:03
2893,100,289300,09:00:03
2892,100,289200,09:00:03
2891,700,2023700,09:00:03
2890,100,289000,09:00:03
2889,200,577800,09:00:03
2888,100,288800,09:00:03
2888,100,288800,09:00:03
2891,3700,10696700,09:00:02
2890,600,1734000,09:00:02
2889,200,577800,09:00:02
2888,500,1444000,09:00:02
2874,100,287400,09:00:02
2875,200,575000,09:00:02
2876,100,287600,09:00:02
2875,100,287500,09:00:02
2875,100,287500,09:00:02
2876,100,287600,09:00:02
2876,300,862800,09:00:02
2877,100,287700,09:00:02
2877,100,287700,09:00:02
2881,100,288100,09:00:02
2879,200,575800,09:00:02
2880,300,864000,09:00:02
2881,100,288100,09:00:02
2882,100,288200,09:00:02
2883,100,288300,09:00:02
2884,300,865200,09:00:02
2884,100,288400,09:00:02
2890,100,289000,09:00:02
2889,300,866700,09:00:02
2888,300,866400,09:00:02
2881,100,288100,09:00:02
2888,200,577600,09:00:02
2874,100,287400,09:00:02
2886,100,288600,09:00:02
2871,100,287100,09:00:02
2885,100,288500,09:00:02
2884,100,288400,09:00:02
2869,300,860700,09:00:02
2870,100,287000,09:00:02
2867,100,286700,09:00:02
2886,100,288600,09:00:02
2885,100,288500,09:00:02
2885,100,288500,09:00:02
2884,200,576800,09:00:02
2883,100,288300,09:00:02
2883,100,288300,09:00:02
2884,100,288400,09:00:02
2856,100,285600,09:00:02
2890,100,289000,09:00:02
2889,100,288900,09:00:02
2888,200,577600,09:00:02
2887,1200,3464400,09:00:02
2888,700,2021600,09:00:02
2887,300,866100,09:00:02
2888,200,577600,09:00:02
2850,500,1425000,09:00:02
2851,1400,3991400,09:00:02
2852,300,855600,09:00:02
2855,1900,5424500,09:00:02
2856,700,1999200,09:00:02
2860,4000,11440000,09:00:02
2861,3000,8583000,09:00:02
2863,400,1145200,09:00:02
2864,300,859200,09:00:02
2865,300,859500,09:00:02
2867,400,1146800,09:00:02
2868,200,573600,09:00:02
2870,1000,2870000,09:00:02
2871,200,574200,09:00:02
2872,300,861600,09:00:02
2871,100,287100,09:00:02
2887,100,288700,09:00:02
2886,400,1154400,09:00:02
2887,100,288700,09:00:02
2886,100,288600,09:00:02
2886,2000,5772000,09:00:01
2885,100,288500,09:00:01
2885,900,2596500,09:00:01
2884,700,2018800,09:00:01
2884,300,865200,09:00:01
2881,800,2304800,09:00:01
2880,800,2304000,09:00:01
2879,100,287900,09:00:01
2880,100,288000,09:00:01
2879,100,287900,09:00:01
2870,100,287000,09:00:01
2878,100,287800,09:00:01
2865,100,286500,09:00:01
2865,100,286500,09:00:01
2865,100,286500,09:00:01
2873,100,287300,09:00:01
2873,100,287300,09:00:01
2868,200,573600,09:00:01
2868,100,286800,09:00:01
2881,200,576200,09:00:01
2880,700,2016000,09:00:01
2879,200,575800,09:00:01
2878,400,1151200,09:00:01
2862,400,1144800,09:00:01
2872,100,287200,09:00:01
2872,100,287200,09:00:01
2862,100,286200,09:00:01
2882,200,576400,09:00:00
2862,500,1431000,09:00:00
2882,100,288200,09:00:00
2862,200,572400,09:00:00
2861,200,572200,09:00:00
2884,1000,2884000,09:00:00
2861,100,286100,09:00:00
2862,100,286200,09:00:00
2862,100,286200,09:00:00
2862,200,572400,09:00:00
2863,800,2290400,09:00:00
2863,400,1145200,09:00:00
2864,600,1718400,09:00:00
2885,400,1154000,09:00:00
2884,200,576800,09:00:00
2883,200,576600,09:00:00
2881,300,864300,09:00:00
2880,200,576000,09:00:00
2879,200,575800,09:00:00
2865,300,859500,09:00:00
2865,400,1146000,09:00:00
2865,200,573000,09:00:00
2865,200,573000,09:00:00
2879,100,287900,09:00:00
2879,100,287900,09:00:00
2867,900,2580300,09:00:00
2866,600,1719600,09:00:00
2867,100,286700,09:00:00
2868,100,286800,09:00:00
2869,200,573800,09:00:00
2870,7500,21525000,09:00:00
2871,700,2009700,09:00:00
2872,100,287200,09:00:00
2873,100,287300,09:00:00
2874,100,287400,09:00:00
2875,500,1437500,09:00:00
2876,500,1438000,09:00:00
2879,1100,3166900,09:00:00
2880,2600,7488000,09:00:00
2880,800,2304000,09:00:00
2881,400,1152400,09:00:00
2882,100,288200,09:00:00
2883,224800,648098400,09:00:00